symbol,pair,date,entry_tag,side,close,initial_stop,risk_pct,trend_up_4h,trend_down_4h,compression_width_pct,volume_ratio,body_pct_of_range,close_position,forward_ret_6h,forward_ret_24h,forward_ret_72h,mfe_24h,mae_24h,first_event_24h,bars_to_first_event_24h,hit_tp1_before_stop_24h,hit_tp2_before_stop_24h,hit_stop_before_tp1_24h,max_r_24h,min_r_24h,first_event_72h,bars_to_first_event_72h,hit_tp1_before_stop_72h,hit_tp2_before_stop_72h,hit_stop_before_tp1_72h,max_r_72h,min_r_72h,year,month
BTC,BTC/USDT:USDT,2022-11-04 05:00:00+00:00,long_pullback_restart,long,20431.9,20131.006247133315,0.014726665306050173,True,False,0.00975435471003672,1.7324274263995931,0.6953361599031128,0.7250151423379878,0.00563334785311187,0.04650570920961816,0.02054140828801998,0.05098889481643898,-0.004008437786011121,tp1,7.0,True,True,False,3.4623517107767183,-0.2721891007032237,tp1,7.0,True,True,False,3.4623517107767183,-0.2721891007032237,2022,2022-11
ADA,ADA/USDT:USDT,2022-11-17 09:00:00+00:00,short_compression_breakdown,short,0.3231,0.3351006628579494,0.03714225582776053,False,True,0.029712163416898786,1.6516823196931438,0.6428571428571421,0.33928571428571697,0.004976671850699832,-0.014338010982306248,-0.005233990147783141,0.015399120050282988,-0.026514010244049313,none,,False,False,False,0.40831077899619334,-0.7332928275849959,none,,False,False,False,0.40831077899619334,-0.7832900658294313,2022,2022-11
ADA,ADA/USDT:USDT,2022-11-17 09:00:00+00:00,short_pullback_restart,short,0.3231,0.3351006628579494,0.03714225582776053,False,True,0.029712163416898786,1.6516823196931438,0.6428571428571421,0.33928571428571697,0.004976671850699832,-0.014338010982306248,-0.005233990147783141,0.015399120050282988,-0.026514010244049313,none,,False,False,False,0.40831077899619334,-0.7332928275849959,none,,False,False,False,0.40831077899619334,-0.7832900658294313,2022,2022-11
TRX,TRX/USDT:USDT,2022-11-17 09:00:00+00:00,short_compression_breakdown,short,0.04918,0.05056450045661646,0.02815169696251437,False,True,0.020536803578690605,2.1979985866328455,0.6122448979591789,0.306122448979593,-0.0028386050283860653,-0.030171563794123335,-0.041885836742645566,0.010271158586688589,-0.036630754162585655,stop,15.0,False,False,True,0.3611410871051187,-1.3506676657731405,stop,15.0,False,False,True,0.3611410871051187,-2.527987609735826,2022,2022-11
TRX,TRX/USDT:USDT,2022-11-17 09:00:00+00:00,short_pullback_restart,short,0.04918,0.05056450045661646,0.02815169696251437,False,True,0.020536803578690605,2.1979985866328455,0.6122448979591789,0.306122448979593,-0.0028386050283860653,-0.030171563794123335,-0.041885836742645566,0.010271158586688589,-0.036630754162585655,stop,15.0,False,False,True,0.3611410871051187,-1.3506676657731405,stop,15.0,False,False,True,0.3611410871051187,-2.527987609735826,2022,2022-11
SOL,SOL/USDT:USDT,2022-11-18 14:00:00+00:00,short_pullback_restart,short,13.428,13.850873454879265,0.0314919165087328,False,True,0.026958593982722674,1.231422388523613,0.536697247706418,0.3807339449541293,0.018198362147406666,0.06309872535824557,0.12462311557788963,0.06876790830945567,-0.0042269187986651025,tp1,4.0,True,True,False,2.0431644266880835,-0.1347920975940021,tp1,4.0,True,True,False,4.519082429862184,-0.37126946179401493,2022,2022-11
DOGE,DOGE/USDT:USDT,2022-11-18 17:00:00+00:00,short_pullback_restart,short,0.08388,0.0860961693313778,0.026420712105124037,False,True,0.01943252265140685,1.365182927062538,0.6559139784946229,0.27956989247311426,-0.009564293304994753,-0.00011920371915619121,0.12409541677834346,0.010967819693865177,-0.011664899257688321,none,,False,False,False,0.4106184428760425,-0.4467167675244908,tp1,42.0,True,True,False,4.6431470079060455,-0.866359791562647,2022,2022-11
NEAR,NEAR/USDT:USDT,2022-11-18 17:00:00+00:00,short_pullback_restart,short,1.769,1.852849036179064,0.04739911598590392,False,True,0.023742227247032243,5.042922291402372,0.6666666666666677,0.28985507246376535,-0.007851934941110472,0.017251293847038385,0.184069611780455,0.04058823529411759,-0.01173184357541912,none,,False,False,False,0.8229074911803019,-0.25045010601139794,tp1,42.0,True,True,False,3.446670506537788,-0.25045010601139794,2022,2022-11
ADA,ADA/USDT:USDT,2022-11-24 10:00:00+00:00,short_pullback_restart,short,0.3126,0.32182331113709495,0.02950515398942725,False,True,0.020793346129238662,1.6054175687440597,0.6428571428571421,0.23214285714285166,-0.006673021925643452,0.0022443090734209914,-0.015743073047858935,0.01790947574080115,-0.014812480302552888,none,,False,False,False,0.596315132195825,-0.5095783856946177,stop,39.0,False,False,True,0.596315132195825,-1.1601039844536936,2022,2022-11
BTC,BTC/USDT:USDT,2022-11-25 04:00:00+00:00,short_pullback_restart,short,16381.9,16687.12396893147,0.01863178074163998,False,True,0.01278850438593814,2.022089747752206,0.6433246073298455,0.27028795811517653,-0.005282684332287069,-0.0144387825699831,0.011147253615450659,0.003073776765431635,-0.018995035660604453,stop,21.0,False,False,True,0.1644693900539301,-1.039236863049952,stop,21.0,False,False,True,1.1201610450087622,-1.039236863049952,2022,2022-11
LINK,LINK/USDT:USDT,2022-12-04 23:00:00+00:00,long_compression_breakout,long,7.439,7.238636112536448,0.026934250230347068,True,False,0.022718107272482805,1.76136383553932,0.5,0.6447368421052637,0.01061970694985881,-0.022718107272482913,-0.07554778868127443,0.020701707218712118,-0.03817717435139134,stop,20.0,False,False,True,0.7686015776072125,-1.4174210911717422,stop,20.0,False,False,True,0.7686015776072125,-3.5385618085942445,2022,2022-12
LINK,LINK/USDT:USDT,2022-12-04 23:00:00+00:00,long_pullback_restart,long,7.439,7.238636112536448,0.026934250230347068,True,False,0.022718107272482805,1.76136383553932,0.5,0.6447368421052637,0.01061970694985881,-0.022718107272482913,-0.07554778868127443,0.020701707218712118,-0.03817717435139134,stop,20.0,False,False,True,0.7686015776072125,-1.4174210911717422,stop,20.0,False,False,True,0.7686015776072125,-3.5385618085942445,2022,2022-12
TRX,TRX/USDT:USDT,2022-12-05 19:00:00+00:00,short_pullback_restart,short,0.05301,0.053744229493446656,0.013850773315349075,False,True,0.010941331824184193,1.328035597157953,0.754716981132077,0.24528301886792306,-0.004693954187007132,0.00018867924528298552,-0.018515089798185502,0.009714285714285786,-0.00897363993269773,none,,False,False,False,0.6946057119088714,-0.6537465523848174,stop,71.0,False,False,True,0.9397606690531768,-1.825042458740945,2022,2022-12
TRX,TRX/USDT:USDT,2022-12-06 05:00:00+00:00,short_pullback_restart,short,0.05261,0.05359654318776572,0.018752008891194185,False,True,0.012735221440790668,2.729693493614399,0.8666666666666712,0.11666666666665684,-0.0011391684070629626,-0.012945590994371536,-0.033614988978692195,0.00209523809523815,-0.02084496556858373,stop,18.0,False,False,True,0.1115004404917351,-1.135277212279498,stop,18.0,False,False,True,0.2939557067509393,-2.331372846645395,2022,2022-12
SOL,SOL/USDT:USDT,2022-12-08 00:00:00+00:00,short_compression_breakdown,short,13.363,13.749520247754747,0.028924661210412886,False,True,0.020654044750430412,1.3215630225576442,0.6492146596858643,0.1308900523560223,0.0020997375328082324,-0.020953916037804943,-0.01641395554247027,0.007919746568109787,-0.029133972682359732,stop,18.0,False,False,True,0.27165459147336685,-1.0374618207697106,stop,18.0,False,False,True,0.27165459147336685,-1.6971944000621721,2022,2022-12
SOL,SOL/USDT:USDT,2022-12-08 00:00:00+00:00,short_pullback_restart,short,13.363,13.749520247754747,0.028924661210412886,False,True,0.020654044750430412,1.3215630225576442,0.6492146596858643,0.1308900523560223,0.0020997375328082324,-0.020953916037804943,-0.01641395554247027,0.007919746568109787,-0.029133972682359732,stop,18.0,False,False,True,0.27165459147336685,-1.0374618207697106,stop,18.0,False,False,True,0.27165459147336685,-1.6971944000621721,2022,2022-12
NEAR,NEAR/USDT:USDT,2022-12-11 14:00:00+00:00,short_pullback_restart,short,1.69,1.7137485745384355,0.014052410969488519,False,True,0.011834319526627229,1.7319816001413266,0.7272727272727346,0.2727272727272654,0.01318944844124692,0.058897243107769226,-0.02199074074074081,0.08333333333333326,-0.007633587786259666,tp1,6.0,True,True,False,5.474012757675327,-0.5474012757675383,tp1,6.0,True,True,False,5.684551709893614,-3.200192073717889,2022,2022-12
ZEC,ZEC/USDT:USDT,2022-12-11 14:00:00+00:00,long_pullback_restart,long,45.92,45.1997891750442,0.01568403364450783,True,False,0.009799651567944158,2.1818078031948724,0.8333333333333465,0.8333333333333465,-0.012848432055749148,-0.004573170731707377,0.025261324041811806,0.0030487804878049918,-0.05182926829268297,stop,6.0,False,False,True,0.1943875253591094,-3.30458793110485,stop,6.0,False,False,True,2.7491950015073887,-3.30458793110485,2022,2022-12
NEAR,NEAR/USDT:USDT,2022-12-11 20:00:00+00:00,short_pullback_restart,short,1.668,1.7129336190064424,0.026938620507459498,False,True,0.017386091127098404,5.523853605055708,0.75,0.21874999999999653,0.051039697542533125,0.03666873834679918,-0.0017953321364453378,0.0692307692307692,-0.0023923444976076125,tp1,2.0,True,True,False,2.403545549814609,-0.08902020554868942,tp1,2.0,True,True,False,2.514820806750474,-2.1809950359428907,2022,2022-12
ETH,ETH/USDT:USDT,2022-12-14 12:00:00+00:00,long_compression_breakout,long,1332.84,1314.4073658587367,0.013829592555192807,True,False,0.010503886437982054,1.9616012520591546,0.7426751592356682,0.8535031847133625,-1.5005552054248028e-05,-0.03484289186999179,-0.11551273971369391,0.016175985114492475,-0.03964466852735504,ambiguous,6.0,True,False,False,1.1696646195421463,-2.866654846781374,ambiguous,6.0,True,False,False,1.1696646195421463,-9.664381044769764,2022,2022-12
ETH,ETH/USDT:USDT,2022-12-14 12:00:00+00:00,long_pullback_restart,long,1332.84,1314.4073658587367,0.013829592555192807,True,False,0.010503886437982054,1.9616012520591546,0.7426751592356682,0.8535031847133625,-1.5005552054248028e-05,-0.03484289186999179,-0.11551273971369391,0.016175985114492475,-0.03964466852735504,ambiguous,6.0,True,False,False,1.1696646195421463,-2.866654846781374,ambiguous,6.0,True,False,False,1.1696646195421463,-9.664381044769764,2022,2022-12
BNB,BNB/USDT:USDT,2022-12-14 13:00:00+00:00,short_pullback_restart,short,269.87,279.37672855746877,0.03522706694878557,False,True,0.02927335383703277,1.6304720836792652,0.6203389830508445,0.2813559322033855,0.007993127404474665,0.023514241286456405,0.13529090067729577,0.03311385039430359,-0.015396402641468021,none,,False,False,False,0.9098818744755562,-0.443896128356859,tp1,29.0,True,True,False,5.358310137084966,-0.443896128356859,2022,2022-12
ETH,ETH/USDT:USDT,2022-12-14 14:00:00+00:00,long_pullback_restart,long,1341.34,1314.3853409700332,0.02009532186467764,True,False,0.01394128259799905,3.417743886983925,0.7825560266505059,0.8794669897032096,-0.024423337856173677,-0.05341673252121004,-0.12292930949647363,0.009736532124591912,-0.05959711929861167,stop,4.0,False,False,True,0.4845173513595844,-2.9657210618441487,stop,4.0,False,False,True,0.4845173513595844,-6.924220402584347,2022,2022-12
BNB,BNB/USDT:USDT,2022-12-14 19:00:00+00:00,short_pullback_restart,short,267.73,277.72518552640526,0.03733308006725147,False,True,0.029992903298098728,3.0675030980347584,0.5090403337969359,0.37969401947149084,0.018410742135493985,0.02390240171332425,0.1370508791302132,0.035946447918278945,-0.004499144790659604,none,,False,False,False,0.9294474800350369,-0.12105828319078289,tp1,27.0,True,True,False,4.882350594801906,-0.12105828319078289,2022,2022-12
BNB,BNB/USDT:USDT,2022-12-15 01:00:00+00:00,short_compression_breakdown,short,262.89,274.7122426563234,0.04497030186132374,False,True,0.03457719958918169,1.551389777591348,0.5649913344887351,0.28942807625649297,-0.006987988214852359,0.009135925684234714,0.0976159659304412,0.02491228070175433,-0.016902883213043784,none,,False,False,False,0.5405065845592459,-0.38233016622970545,tp1,32.0,True,True,False,3.7184146255437387,-0.38233016622970545,2022,2022-12
BNB,BNB/USDT:USDT,2022-12-15 01:00:00+00:00,short_pullback_restart,short,262.89,274.7122426563234,0.04497030186132374,False,True,0.03457719958918169,1.551389777591348,0.5649913344887351,0.28942807625649297,-0.006987988214852359,0.009135925684234714,0.0976159659304412,0.02491228070175433,-0.016902883213043784,none,,False,False,False,0.5405065845592459,-0.38233016622970545,tp1,32.0,True,True,False,3.7184146255437387,-0.38233016622970545,2022,2022-12
BTC,BTC/USDT:USDT,2022-12-16 07:00:00+00:00,long_pullback_restart,long,17496.6,17241.738794578763,0.014566327481981377,True,False,0.01198518569322044,1.5507220260409256,0.7221238938052968,0.7221238938052968,-0.031874764239909315,-0.043356995073328464,-0.04470582856097738,0.0007944400626407333,-0.055753689288204566,stop,1.0,False,False,True,0.054539489354715615,-3.827573515505001,stop,1.0,False,False,True,0.054539489354715615,-3.827573515505001,2022,2022-12
ADA,ADA/USDT:USDT,2022-12-16 08:00:00+00:00,short_pullback_restart,short,0.2921,0.3022750641856637,0.03483418071093345,False,True,0.014036288942143075,4.546451137407959,0.7391304347826039,0.25217391304347925,0.022043386983904956,0.10143288084464563,0.10811836115326257,0.14864333464412116,-0.0003422313483915085,tp1,8.0,True,True,False,3.714964280349109,-0.009827947831610317,tp1,8.0,True,True,False,3.714964280349109,-0.009827947831610317,2022,2022-12
NEAR,NEAR/USDT:USDT,2022-12-16 08:00:00+00:00,short_pullback_restart,short,1.566,1.614729946625678,0.031117462723932225,False,True,0.020434227330779074,2.702383940013607,0.8837209302325604,0.09302325581395372,0.031620553359683834,0.1233859397417505,0.17567567567567566,0.16865671641791047,0.0,tp1,1.0,True,True,False,4.637805202949084,0.0,tp1,1.0,True,True,False,5.191879275867783,0.0,2022,2022-12
ETH,ETH/USDT:USDT,2022-12-16 22:00:00+00:00,short_compression_breakdown,short,1178.1,1221.061083487279,0.036466414979440614,False,True,0.03232323232323226,1.5325754282039628,0.5967976710334818,0.2962154294031975,-0.0011700071217826125,-0.006242091944327344,0.013785625774473287,0.02026500389711594,-0.008883953359244967,none,,False,False,False,0.5446790001683438,-0.24580385648623243,none,,False,False,False,0.7006340985071451,-0.4166561582484385,2022,2022-12
ETH,ETH/USDT:USDT,2022-12-16 22:00:00+00:00,short_pullback_restart,short,1178.1,1221.061083487279,0.036466414979440614,False,True,0.03232323232323226,1.5325754282039628,0.5967976710334818,0.2962154294031975,-0.0011700071217826125,-0.006242091944327344,0.013785625774473287,0.02026500389711594,-0.008883953359244967,none,,False,False,False,0.5446790001683438,-0.24580385648623243,none,,False,False,False,0.7006340985071451,-0.4166561582484385,2022,2022-12
TRX,TRX/USDT:USDT,2022-12-16 22:00:00+00:00,short_compression_breakdown,short,0.05325,0.05525861117191096,0.037720397594571985,False,True,0.01821596244131453,2.4798549934612777,0.931818181818187,0.022727272727269262,0.01178035341060224,-0.027219583485568077,-0.0035553892215569594,0.02878670788253479,-0.028993435448577687,none,,False,False,False,0.7418060901167038,-0.7915917337486988,none,,False,False,False,0.7418060901167038,-0.9807771795502738,2022,2022-12
XRP,XRP/USDT:USDT,2022-12-16 22:00:00+00:00,short_compression_breakdown,short,0.3518,0.36620626777168863,0.04095016421742078,False,True,0.026151222285389387,2.2729044619406618,0.6228571428571434,0.3314285714285727,-0.010407876230660973,-0.0005681818181817455,0.04052055604850624,0.025655976676384862,-0.014841781013721578,none,,False,False,False,0.6108452334402558,-0.36789542468560765,tp1,53.0,True,False,False,1.4299331600987852,-0.36789542468560765,2022,2022-12
XRP,XRP/USDT:USDT,2022-12-16 22:00:00+00:00,short_pullback_restart,short,0.3518,0.36620626777168863,0.04095016421742078,False,True,0.026151222285389387,2.2729044619406618,0.6228571428571434,0.3314285714285727,-0.010407876230660973,-0.0005681818181817455,0.04052055604850624,0.025655976676384862,-0.014841781013721578,none,,False,False,False,0.6108452334402558,-0.36789542468560765,tp1,53.0,True,False,False,1.4299331600987852,-0.36789542468560765,2022,2022-12
ZEC,ZEC/USDT:USDT,2022-12-22 12:00:00+00:00,short_compression_breakdown,short,40.52,41.814330903370035,0.031943013409921804,False,True,0.02492596248766054,2.734801828824723,0.6612903225806348,0.30645161290323136,0.0445991234854346,0.02323232323232327,0.018602312719959935,0.04919730709476977,-0.0017245627001725161,tp1,3.0,True,False,False,1.467939917878034,-0.05408199697445394,tp1,3.0,True,False,False,1.467939917878034,-0.05408199697445394,2022,2022-12
ZEC,ZEC/USDT:USDT,2022-12-22 12:00:00+00:00,short_pullback_restart,short,40.52,41.814330903370035,0.031943013409921804,False,True,0.02492596248766054,2.734801828824723,0.6612903225806348,0.30645161290323136,0.0445991234854346,0.02323232323232327,0.018602312719959935,0.04919730709476977,-0.0017245627001725161,tp1,3.0,True,False,False,1.467939917878034,-0.05408199697445394,tp1,3.0,True,False,False,1.467939917878034,-0.05408199697445394,2022,2022-12
BNB,BNB/USDT:USDT,2022-12-22 13:00:00+00:00,short_pullback_restart,short,242.83,248.5768508760147,0.023666148647262242,False,True,0.016101799612897896,3.3127324332360923,0.6793893129770985,0.13358778625955042,-0.0003704923431581131,-0.013006543917408409,-0.004713501106648033,0.011791666666666645,-0.023759749135643604,stop,14.0,False,False,True,0.4924436114762304,-1.0283893087719107,stop,14.0,False,False,True,0.4924436114762304,-1.0283893087719107,2022,2022-12
NEAR,NEAR/USDT:USDT,2022-12-25 09:00:00+00:00,short_pullback_restart,short,1.317,1.3413424536924443,0.0184832602068674,False,True,0.015186028853454835,1.4475846524006108,0.444444444444439,0.2222222222222195,0.003810975609755962,-0.02154531946508187,0.0007598784194529085,0.01698841698841691,-0.030191458026509688,stop,15.0,False,False,True,0.903770847341843,-1.684300215500712,stop,15.0,False,False,True,0.903770847341843,-2.6702320489645315,2022,2022-12
BNB,BNB/USDT:USDT,2022-12-25 13:00:00+00:00,short_pullback_restart,short,243.98,245.85729260418208,0.007694452841143078,False,True,0.00610705795557005,1.7127919396051599,0.5272727272727413,0.3272727272727155,0.006186077202243512,0.005564027531632432,0.0039089824301525855,0.012365145228215635,-0.005300065231572115,tp1,1.0,True,False,False,1.5873923933655174,-0.6924866145554355,tp1,1.0,True,False,False,1.5873923933655174,-3.20674570740284,2022,2022-12
ADA,ADA/USDT:USDT,2022-12-28 21:00:00+00:00,short_compression_breakdown,short,0.2482,0.25529935894645067,0.028603380122686012,False,True,0.020950846091861444,3.1001354937701193,0.6199999999999999,0.3800000000000001,0.009764035801464566,0.029875518672199286,0.0016142050040355294,0.03892842193386348,-0.002411575562700885,tp1,23.0,True,False,False,1.3099774317862245,-0.08451467301846459,tp1,23.0,True,False,False,1.3099774317862245,-0.5352595957836181,2022,2022-12
ADA,ADA/USDT:USDT,2022-12-28 21:00:00+00:00,short_pullback_restart,short,0.2482,0.25529935894645067,0.028603380122686012,False,True,0.020950846091861444,3.1001354937701193,0.6199999999999999,0.3800000000000001,0.009764035801464566,0.029875518672199286,0.0016142050040355294,0.03892842193386348,-0.002411575562700885,tp1,23.0,True,False,False,1.3099774317862245,-0.08451467301846459,tp1,23.0,True,False,False,1.3099774317862245,-0.5352595957836181,2022,2022-12
XRP,XRP/USDT:USDT,2022-12-29 00:00:00+00:00,short_compression_breakdown,short,0.3515,0.3624208572903816,0.031069295278468318,False,True,0.01934566145092469,2.2152828827845115,0.6086956521739169,0.10144927536231546,0.01589595375722541,0.023885814156714202,0.038711583924349924,0.04894061474186806,-0.0011366865586814878,tp1,20.0,True,False,False,1.5017136076344513,-0.036627161161816996,tp1,20.0,True,False,False,1.6573790425721722,-0.036627161161816996,2022,2022-12
LINK,LINK/USDT:USDT,2022-12-29 19:00:00+00:00,short_pullback_restart,short,5.607,5.740065309113362,0.02373199734499051,False,True,0.01640806135188167,1.5178097778125126,0.6164383561643793,0.12328767123288072,0.011181244364292242,0.02298850574712641,0.000892538379150265,0.03679733727810652,-0.005851063829787173,tp1,12.0,True,False,False,1.4955062391991785,-0.24799852207825196,tp1,12.0,True,False,False,1.7059292276292173,-0.24799852207825196,2022,2022-12
NEAR,NEAR/USDT:USDT,2022-12-29 19:00:00+00:00,short_pullback_restart,short,1.301,1.3332236468057126,0.02476836802898744,False,True,0.01844734819369717,2.0258975240912767,0.5454545454545454,0.2727272727272727,0.01087801087801088,0.020392156862745203,0.018794048551292075,0.054294975688816915,-0.0015349194167306734,tp1,1.0,True,True,False,2.0792184200616948,-0.06206622149437905,tp1,1.0,True,True,False,2.0792184200616948,-0.06206622149437905,2022,2022-12
LINK,LINK/USDT:USDT,2022-12-31 01:00:00+00:00,short_compression_breakdown,short,5.391,5.523287233192019,0.024538533331852956,False,True,0.019662400296790925,1.345294851082084,0.8249999999999972,0.1375000000000014,-0.012275558812751997,-0.02917341977309562,-0.04887085391672552,0.0009283327144449238,-0.04194064332681713,stop,9.0,False,False,True,0.03779654226150628,-1.7839967947431326,stop,9.0,False,False,True,0.03779654226150628,-2.796944127351525,2022,2022-12
LINK,LINK/USDT:USDT,2022-12-31 01:00:00+00:00,short_pullback_restart,short,5.391,5.523287233192019,0.024538533331852956,False,True,0.019662400296790925,1.345294851082084,0.8249999999999972,0.1375000000000014,-0.012275558812751997,-0.02917341977309562,-0.04887085391672552,0.0009283327144449238,-0.04194064332681713,stop,9.0,False,False,True,0.03779654226150628,-1.7839967947431326,stop,9.0,False,False,True,0.03779654226150628,-2.796944127351525,2022,2022-12
XRP,XRP/USDT:USDT,2022-12-31 23:00:00+00:00,short_pullback_restart,short,0.3388,0.345578837915916,0.020008376375194783,False,True,0.015053128689492308,2.441841939047975,0.8260869565217559,0.13043478260868305,0.0068350668647845225,0.0008862629246675358,-0.013395457192778126,0.010739856801909253,-0.00264939652634677,none,,False,False,False,0.53106447515843,-0.13276611878960956,tp1,26.0,True,True,False,6.195752210181695,-2.4487973021194334,2022,2022-12
LINK,LINK/USDT:USDT,2023-01-01 00:00:00+00:00,short_pullback_restart,short,5.523,5.6350619010212215,0.020290041828937504,False,True,0.016657613615788457,1.2790766937075864,0.7391304347826115,0.1739130434782547,-0.0036081544290096357,-0.014278065322148814,-0.017609391675560304,0.003999272859479985,-0.024549629106322857,stop,20.0,False,False,True,0.1963200677439256,-1.240385882563932,stop,20.0,False,False,True,0.1963200677439256,-2.123826187411625,2023,2023-01
BNB,BNB/USDT:USDT,2023-01-01 04:00:00+00:00,short_pullback_restart,short,243.67,247.51864827020302,0.015794510075934784,False,True,0.009562112693396742,1.9967411534984785,0.860465116279081,0.09883720930231837,-0.002497134435893278,0.001397279414786512,-0.04645065351804023,0.013602329450915107,-0.00870591106952534,none,,False,False,False,0.8496489599522377,-0.5560393805192083,stop,29.0,False,False,True,0.8496489599522377,-3.907865552807865,2023,2023-01
DOGE,DOGE/USDT:USDT,2023-01-03 14:00:00+00:00,short_pullback_restart,short,0.07082,0.0723946342089945,0.022234315292212762,False,True,0.015955944648404295,3.502920710439694,0.4295302013422815,0.27516778523489416,0.010847844704538812,-0.0187058334488015,0.0008479366873939131,0.024446694633299515,-0.03026153635492268,tp1,2.0,True,False,False,1.073265136973721,-1.4035005637348708,tp1,2.0,True,False,False,1.073265136973721,-2.8451052151729535,2023,2023-01
LINK,LINK/USDT:USDT,2023-01-03 14:00:00+00:00,short_pullback_restart,short,5.619,5.728680002113853,0.019519487829480885,False,True,0.016195052500444954,4.323427210161065,0.5193798449612435,0.30232558139534754,0.005187835420393583,-0.029366039039557812,0.0008906305664411196,0.010066510875426982,-0.03784246575342465,stop,12.0,False,False,True,0.5105762118956687,-2.0149525505168344,stop,12.0,False,False,True,1.084974450278293,-2.2064186299777093,2023,2023-01
BNB,BNB/USDT:USDT,2023-01-10 20:00:00+00:00,long_pullback_restart,long,277.8,272.9091335974479,0.017605710592340142,True,False,0.012598992080633548,1.8058625021914254,0.5902777777777748,0.7048611111111225,-0.010763138948884143,0.004643628509719111,0.04197264218862484,0.007703383729301683,-0.014002879769618337,none,,False,False,False,0.43755028738534296,-0.7953601018359762,tp1,27.0,True,True,False,2.858389260582765,-0.7953601018359762,2023,2023-01
ZEC,ZEC/USDT:USDT,2023-01-10 21:00:00+00:00,long_pullback_restart,long,43.96,42.18432587406897,0.040392950999341065,True,False,0.028889899909008098,2.244998441099433,0.6764705882352956,0.7647058823529461,-0.008871701546860788,-0.010236578707916388,0.028889899909008143,0.010464058234758822,-0.032757051865332065,none,,False,False,False,0.2590565426856184,-0.8109596118854114,tp1,47.0,True,False,False,1.1713861060567061,-0.8109596118854114,2023,2023-01
BTC,BTC/USDT:USDT,2023-01-13 15:00:00+00:00,long_compression_breakout,long,19252.5,18739.789404530013,0.026630858094792226,True,False,0.01982080249318263,4.692838316970183,0.8270321361058564,0.8528670447384987,0.028894948707959944,0.08021815348656025,0.09079859758472919,0.11902350344111157,-0.010362290611608871,tp1,6.0,True,True,False,4.469382962330721,-0.38910840104079375,tp1,6.0,True,True,False,4.469382962330721,-0.38910840104079375,2023,2023-01
BTC,BTC/USDT:USDT,2023-01-13 15:00:00+00:00,long_pullback_restart,long,19252.5,18739.789404530013,0.026630858094792226,True,False,0.01982080249318263,4.692838316970183,0.8270321361058564,0.8528670447384987,0.028894948707959944,0.08021815348656025,0.09079859758472919,0.11902350344111157,-0.010362290611608871,tp1,6.0,True,True,False,4.469382962330721,-0.38910840104079375,tp1,6.0,True,True,False,4.469382962330721,-0.38910840104079375,2023,2023-01
BNB,BNB/USDT:USDT,2023-01-13 21:00:00+00:00,long_pullback_restart,long,293.33,284.19406352994923,0.031145591893262714,True,False,0.017966113251286886,3.243910280664152,0.627228525121555,0.782820097244728,0.04994374936078838,0.0375345174376982,0.02195479494085162,0.07489857839293634,-0.004704598915896807,tp1,3.0,True,True,False,2.4047890516775867,-0.1510518384758787,tp1,3.0,True,True,False,2.4047890516775867,-0.1510518384758787,2023,2023-01
ETH,ETH/USDT:USDT,2023-01-13 21:00:00+00:00,long_pullback_restart,long,1455.2,1398.7911168753342,0.03876366349963294,True,False,0.021227322704782916,3.8020993258982507,0.6615916955017295,0.8092272202998857,0.07115173172072575,0.057895821880153964,0.08575453545904343,0.13037383177570105,-0.009373282023089624,tp1,3.0,True,True,False,3.3633000600403897,-0.24180588666957226,tp1,3.0,True,True,False,3.3633000600403897,-0.24180588666957226,2023,2023-01
DOGE,DOGE/USDT:USDT,2023-01-15 15:00:00+00:00,long_pullback_restart,long,0.08591,0.08249924414385397,0.03970149989693901,True,False,0.03096263531602835,1.3250673704352918,0.6037735849056589,0.7452830188679198,-0.00337562565475491,-0.026655802584099608,-0.012571295541846106,0.029333022930974284,-0.052263997206378754,stop,24.0,False,False,True,0.7388391624276086,-1.3164237457539547,stop,24.0,False,False,True,1.1375777580234618,-1.3164237457539547,2023,2023-01
ETH,ETH/USDT:USDT,2023-01-15 15:00:00+00:00,long_pullback_restart,long,1557.66,1514.175156354224,0.027916774935336324,True,False,0.017750985452537837,2.8236946345045175,0.6854805725971354,0.7815950920245436,-0.0031136448262137906,-0.0046223180925234475,-0.004859853883389276,0.018514951915052036,-0.024177291578393323,none,,False,False,False,0.6632195859993938,-0.8660488768632905,tp1,28.0,True,False,False,1.3094217485022703,-0.8660488768632905,2023,2023-01
ADA,ADA/USDT:USDT,2023-01-16 01:00:00+00:00,long_pullback_restart,long,0.3582,0.34266817897741886,0.04336075104014841,True,False,0.028754885538805067,1.8846534147794027,0.7866666666666682,0.9066666666666696,-0.0008375209380234727,-0.03210496929089901,-0.08235622557230604,0.016471245114461075,-0.058626465661641536,stop,14.0,False,False,True,0.37986530951020886,-1.352062966053296,stop,14.0,False,False,True,0.37986530951020886,-2.3435758078257134,2023,2023-01
BNB,BNB/USDT:USDT,2023-01-16 01:00:00+00:00,long_pullback_restart,long,305.71,297.1138455151468,0.028118656520405527,True,False,0.020280658140067347,2.241101752651571,0.7155425219941409,0.8914956011730182,-0.008210395472833754,-0.026266723365280686,-0.05779987569919187,0.008112263256027097,-0.04157534918713812,stop,7.0,False,False,True,0.2885010971324322,-1.478568122803702,stop,7.0,False,False,True,0.2885010971324322,-2.86290806468915,2023,2023-01
BTC,BTC/USDT:USDT,2023-01-16 01:00:00+00:00,long_pullback_restart,long,21193.1,20636.26194320517,0.026274497680604997,True,False,0.019053371144381864,4.231922993535293,0.5095111967252518,0.6356850469540047,-0.0036379765112228846,-0.007040027178657038,-0.02232802185617,0.014386757954239826,-0.027674101476423907,stop,7.0,False,False,True,0.5475559658314512,-1.0532685272553117,stop,7.0,False,False,True,0.8600346081885257,-1.4494339784275543,2023,2023-01
XRP,XRP/USDT:USDT,2023-01-16 02:00:00+00:00,long_pullback_restart,long,0.3945,0.38026760535457604,0.036077045996005,True,False,0.024841571609632525,1.8273510927400884,0.7833333333333389,0.9833333333333352,-0.027376425855513364,-0.03193916349809889,-0.04410646387832706,0.02965779467680596,-0.048922686945500726,stop,6.0,False,False,True,0.8220682668999623,-1.356061329159771,stop,6.0,False,False,True,0.8220682668999623,-2.178129596059733,2023,2023-01
ETH,ETH/USDT:USDT,2023-01-19 19:00:00+00:00,long_pullback_restart,long,1551.74,1509.9967263270614,0.026900945824003108,True,False,0.023012875868380037,1.7896851304178931,0.6837748344370957,0.802428256070643,0.002919303491564218,0.0314807893074871,0.05432611133308418,0.033697655535076754,-0.006534599868534774,tp1,21.0,True,False,False,1.2526569049110932,-0.24291338718299135,tp1,21.0,True,True,False,3.1310433633941486,-0.24291338718299135,2023,2023-01
ADA,ADA/USDT:USDT,2023-01-20 15:00:00+00:00,long_pullback_restart,long,0.3412,0.33276477135204163,0.02472224105497764,True,False,0.02051582649472452,1.9000023065017246,0.6666666666666554,0.696969696969699,0.0568581477139507,0.08645955451348164,0.10433763188745604,0.1145955451348184,-0.003516998827666984,tp1,4.0,True,True,False,4.635321890114222,-0.14226051836667428,tp1,4.0,True,True,False,5.488885000314281,-0.14226051836667428,2023,2023-01
ADA,ADA/USDT:USDT,2023-01-20 16:00:00+00:00,long_compression_breakout,long,0.3442,0.33276300196975295,0.03322776882698158,True,False,0.025566531086577658,2.4914770124866985,0.5272727272727347,0.7636363636363673,0.04212667054038355,0.09296920395119113,0.09645554909936083,0.10604299825682739,-0.0031958163858221145,tp1,4.0,True,True,False,3.191396894838104,-0.09617908450196944,tp1,4.0,True,True,False,3.7859585081230143,-0.09617908450196944,2023,2023-01
ADA,ADA/USDT:USDT,2023-01-20 16:00:00+00:00,long_pullback_restart,long,0.3442,0.33276300196975295,0.03322776882698158,True,False,0.025566531086577658,2.4914770124866985,0.5272727272727347,0.7636363636363673,0.04212667054038355,0.09296920395119113,0.09645554909936083,0.10604299825682739,-0.0031958163858221145,tp1,4.0,True,True,False,3.191396894838104,-0.09617908450196944,tp1,4.0,True,True,False,3.7859585081230143,-0.09617908450196944,2023,2023-01
ETH,ETH/USDT:USDT,2023-01-20 16:00:00+00:00,long_pullback_restart,long,1585.6,1539.3618468482073,0.02916129739643834,True,False,0.0178985872855702,4.540299103705534,0.676568657168837,0.7453773870869934,0.042539101917255406,0.04591952573158431,0.021903380423814234,0.061074672048436085,-0.0014127144298687888,tp1,4.0,True,True,False,2.09437430777327,-0.04844484148504892,tp1,4.0,True,True,False,2.09437430777327,-0.04844484148504892,2023,2023-01
XRP,XRP/USDT:USDT,2023-01-20 16:00:00+00:00,long_pullback_restart,long,0.397,0.38510620814689484,0.029959173433514317,True,False,0.02090680100755675,2.3673655825853293,0.7962962962962987,0.8148148148148152,0.03148614609571787,0.03400503778337516,0.06624685138539044,0.04911838790931977,-0.010075566750629705,tp1,5.0,True,False,False,1.6395107835108933,-0.3363099043099278,tp1,5.0,True,True,False,3.009973643573851,-0.3363099043099278,2023,2023-01
BNB,BNB/USDT:USDT,2023-01-22 14:00:00+00:00,long_pullback_restart,long,305.77,298.65256614069995,0.023277083622657672,True,False,0.017660332929980163,1.8865629571207916,0.7034220532319274,0.8326996197718637,-0.01893580141936735,-0.010661608398469413,-0.024299309938842995,0.02037479150995858,-0.023776040814991628,stop,6.0,False,False,True,0.8753154750935344,-1.0214355544028828,stop,6.0,False,False,True,2.572556396302178,-1.8222859890791463,2023,2023-01
DOGE,DOGE/USDT:USDT,2023-01-22 14:00:00+00:00,long_pullback_restart,long,0.08766,0.084144100200125,0.04010837097735572,True,False,0.024868811316449937,2.6268378450564573,0.8271604938271672,0.9320987654320992,-0.007072781200091249,-0.006844626967830281,-0.05076431667807435,0.066278804471823,-0.030344512890714048,tp1,2.0,True,False,False,1.6524930546105305,-0.7565630852433748,tp1,2.0,True,False,False,1.6524930546105305,-1.7463523847347118,2023,2023-01
ETH,ETH/USDT:USDT,2023-01-22 14:00:00+00:00,long_pullback_restart,long,1642.97,1600.773937429491,0.025682795529138668,True,False,0.02161938440750591,1.3969014663291348,0.6625727213962497,0.7472527472527424,-0.016853624837945946,-0.02679294205006788,-0.06507726860502627,0.014017297942141349,-0.03515584581580922,stop,24.0,False,False,True,0.5457855211375991,-1.3688480981722866,stop,24.0,False,False,True,0.5457855211375991,-3.0967344353908035,2023,2023-01
LINK,LINK/USDT:USDT,2023-01-22 14:00:00+00:00,long_pullback_restart,long,7.082,6.756316097247331,0.045987560399981475,True,False,0.02965264049703473,2.318494278779027,0.7796610169491537,0.8644067796610165,-0.027817000847218276,-0.0235809093476419,-0.06114092064388588,0.028381813047161808,-0.036995199096300446,none,,False,False,False,0.6171628327379881,-0.8044610058574737,stop,56.0,False,False,True,0.6171628327379881,-1.7685860281446766,2023,2023-01
BTC,BTC/USDT:USDT,2023-01-23 10:00:00+00:00,long_pullback_restart,long,22909.0,22505.929238300243,0.017594428464784886,True,False,0.012610764328429938,1.5099662260759,0.63960703205791,0.7362978283350589,0.00018769915753624744,-0.0005194465057402065,0.0010170675280456454,0.012401239687459098,-0.017853245449386712,stop,4.0,False,False,True,0.7048390183449266,-1.0147101672054786,stop,4.0,False,False,True,2.3033176509378186,-1.4848509414975035,2023,2023-01
BNB,BNB/USDT:USDT,2023-01-24 01:00:00+00:00,long_pullback_restart,long,313.41,300.0971534460149,0.04247741474102657,True,False,0.021569190517213843,3.3560962424950183,0.7558528428093656,0.8807134894091427,0.015666379502887517,-0.0531252991289366,-0.041766376312179054,0.03404486136370877,-0.06576050540825118,stop,21.0,False,False,True,0.8014814830721492,-1.5481287128507093,stop,21.0,False,False,True,0.8014814830721492,-1.5481287128507093,2023,2023-01
BTC,BTC/USDT:USDT,2023-01-29 00:00:00+00:00,long_pullback_restart,long,23105.1,22853.089666706648,0.010907130170107485,True,False,0.007781831716807081,2.246267884216521,0.4939024390243782,0.7960088691795864,0.003942852443832745,0.028028443936620073,-0.0012508060990862324,0.03711734638672848,-0.0022722256125271567,tp1,1.0,True,True,False,3.4030350612715567,-0.20832479094771023,tp1,1.0,True,True,False,3.4030350612715567,-2.4637878609415775,2023,2023-01
NEAR,NEAR/USDT:USDT,2023-01-29 07:00:00+00:00,long_pullback_restart,long,2.546,2.425906790360275,0.047169367494000365,True,False,0.037313432835820975,1.2259082591305714,0.9038461538461474,0.9807692307692244,0.007462686567164312,-0.01374705420267075,-0.11743912018853098,0.024744697564807572,-0.02513747054202653,none,,False,False,False,0.5245925243317069,-0.5329193897972849,stop,26.0,False,False,True,0.5245925243317069,-2.8810954510915856,2023,2023-01
SOL,SOL/USDT:USDT,2023-01-29 16:00:00+00:00,long_compression_breakout,long,25.062,23.95749619789099,0.044070856360586205,True,False,0.031920836325911764,2.7619894501292865,0.49518569463548734,0.8253094910591487,0.049158087941904016,-0.02896815896576499,-0.08870002394062737,0.07210118905115315,-0.052669379937754335,tp1,1.0,True,False,False,1.6360287728748377,-1.1951067959019301,tp1,1.0,True,False,False,1.6360287728748377,-2.2109475724185708,2023,2023-01
SOL,SOL/USDT:USDT,2023-01-29 16:00:00+00:00,long_pullback_restart,long,25.062,23.95749619789099,0.044070856360586205,True,False,0.031920836325911764,2.7619894501292865,0.49518569463548734,0.8253094910591487,0.049158087941904016,-0.02896815896576499,-0.08870002394062737,0.07210118905115315,-0.052669379937754335,tp1,1.0,True,False,False,1.6360287728748377,-1.1951067959019301,tp1,1.0,True,False,False,1.6360287728748377,-2.2109475724185708,2023,2023-01
XRP,XRP/USDT:USDT,2023-01-30 00:00:00+00:00,long_pullback_restart,long,0.419,0.40950083087790523,0.02267104802409249,True,False,0.01766109785202868,3.2226615665227527,0.5937499999999983,0.6770833333333341,-0.015274463007159844,-0.06372315035799525,-0.005250596658711193,0.0014319809069212042,-0.08544152744630074,stop,2.0,False,False,True,0.06316341906203242,-3.768750670701334,stop,2.0,False,False,True,0.06316341906203242,-3.768750670701334,2023,2023-01
BTC,BTC/USDT:USDT,2023-01-31 13:00:00+00:00,long_pullback_restart,long,23112.4,22707.798779896017,0.01750580727678583,True,False,0.010872951316176566,2.8034127556140307,0.9339152119700693,0.9833748960931007,0.0018258597116698194,-0.0012980045343624624,0.010232602412557856,0.009414859555909372,-0.01334348661324658,none,,False,False,False,0.5378135042303483,-0.7622320069147119,tp1,31.0,True,True,False,2.889264643590448,-0.9031114634456405,2023,2023-01
BNB,BNB/USDT:USDT,2023-02-01 19:00:00+00:00,long_pullback_restart,long,314.51,305.1389171799818,0.029795818320620063,True,False,0.016597246510444724,5.395707514515885,0.6875725900116152,0.8989547038327522,0.018187021080410926,0.04419573304505442,0.05058662681631754,0.06511716638580656,-0.0036882770023209943,tp1,8.0,True,True,False,2.1854464839699506,-0.12378505475610696,tp1,8.0,True,True,False,2.2740168248730277,-0.12378505475610696,2023,2023-02
TRX,TRX/USDT:USDT,2023-02-02 15:00:00+00:00,long_compression_breakout,long,0.06431,0.06307136551737344,0.01926037136723007,True,False,0.016171668480796132,2.327444044887446,0.6666666666666766,0.9462365591397909,-0.011351267299020473,-0.005597885243352474,-0.002798942621676237,0.021769553724148683,-0.02037008241331062,tp1,1.0,True,False,False,1.130276945811529,-1.0576162850093649,tp1,1.0,True,False,False,1.2190844201252913,-1.0576162850093649,2023,2023-02
TRX,TRX/USDT:USDT,2023-02-02 15:00:00+00:00,long_pullback_restart,long,0.06431,0.06307136551737344,0.01926037136723007,True,False,0.016171668480796132,2.327444044887446,0.6666666666666766,0.9462365591397909,-0.011351267299020473,-0.005597885243352474,-0.002798942621676237,0.021769553724148683,-0.02037008241331062,tp1,1.0,True,False,False,1.130276945811529,-1.0576162850093649,tp1,1.0,True,False,False,1.2190844201252913,-1.0576162850093649,2023,2023-02
ADA,ADA/USDT:USDT,2023-02-02 18:00:00+00:00,long_compression_breakout,long,0.4129,0.3967778964256172,0.03904602464127576,True,False,0.025187696778881136,1.4510521819359887,0.8536585365853682,0.8780487804878045,-0.026156454347299518,-0.01816420440784694,-0.06539113586824885,0.0,-0.05110196173407611,stop,3.0,False,False,True,0.0,-1.308762215963361,stop,3.0,False,False,True,0.0,-1.730543404046338,2023,2023-02
ADA,ADA/USDT:USDT,2023-02-02 18:00:00+00:00,long_pullback_restart,long,0.4129,0.3967778964256172,0.03904602464127576,True,False,0.025187696778881136,1.4510521819359887,0.8536585365853682,0.8780487804878045,-0.026156454347299518,-0.01816420440784694,-0.06539113586824885,0.0,-0.05110196173407611,stop,3.0,False,False,True,0.0,-1.308762215963361,stop,3.0,False,False,True,0.0,-1.730543404046338,2023,2023-02
XRP,XRP/USDT:USDT,2023-02-02 18:00:00+00:00,long_compression_breakout,long,0.4181,0.409626938010573,0.020265634990258415,True,False,0.016024874431954036,1.8455074360629526,0.7241379310344926,0.7413793103448356,-0.01793829227457544,-0.022243482420473693,-0.05285816790241571,0.0009567089213105007,-0.03109303994259749,stop,3.0,False,False,True,0.04720843545097258,-1.5342741521567793,stop,3.0,False,False,True,0.30685483043135453,-2.9269229979606277,2023,2023-02
XRP,XRP/USDT:USDT,2023-02-02 18:00:00+00:00,long_pullback_restart,long,0.4181,0.409626938010573,0.020265634990258415,True,False,0.016024874431954036,1.8455074360629526,0.7241379310344926,0.7413793103448356,-0.01793829227457544,-0.022243482420473693,-0.05285816790241571,0.0009567089213105007,-0.03109303994259749,stop,3.0,False,False,True,0.04720843545097258,-1.5342741521567793,stop,3.0,False,False,True,0.30685483043135453,-2.9269229979606277,2023,2023-02
BNB,BNB/USDT:USDT,2023-02-03 11:00:00+00:00,long_pullback_restart,long,329.45,317.8826638586371,0.035111052182009064,True,False,0.028319927151312745,1.4150270152183555,0.863207547169802,0.931603773584901,0.00804370921232378,0.00018212171801490484,-0.005220822583092977,0.01933525572924566,-0.007133100622249144,none,,False,False,False,0.5506885874286938,-0.20315827008750556,none,,False,False,False,0.7547113607931715,-0.7650854001167845,2023,2023-02
DOGE,DOGE/USDT:USDT,2023-02-04 00:00:00+00:00,long_compression_breakout,long,0.09455,0.09039440412315118,0.043951304884704535,True,False,0.029931253305129555,3.627053767721468,0.5422535211267587,0.7042253521126745,-0.010470650449497576,0.00243257535695407,-0.050978318350079266,0.05605499735589636,-0.02062400846113166,tp1,17.0,True,False,False,1.275388694441334,-0.4692467838038855,tp1,17.0,True,False,False,1.275388694441334,-1.4799321643045644,2023,2023-02
DOGE,DOGE/USDT:USDT,2023-02-04 00:00:00+00:00,long_pullback_restart,long,0.09455,0.09039440412315118,0.043951304884704535,True,False,0.029931253305129555,3.627053767721468,0.5422535211267587,0.7042253521126745,-0.010470650449497576,0.00243257535695407,-0.050978318350079266,0.05605499735589636,-0.02062400846113166,tp1,17.0,True,False,False,1.275388694441334,-0.4692467838038855,tp1,17.0,True,False,False,1.275388694441334,-1.4799321643045644,2023,2023-02
ADA,ADA/USDT:USDT,2023-02-04 13:00:00+00:00,long_pullback_restart,long,0.4042,0.39679688304387695,0.01831547985186308,True,False,0.01385452746165277,2.1024420579657925,0.5853658536585409,0.6097560975609773,0.0009896091044037103,-0.027956457199406204,-0.03785254824344375,0.004205838693715824,-0.041810984661058925,stop,11.0,False,False,True,0.22963300594541106,-2.282822235575,stop,11.0,False,False,True,0.22963300594541106,-3.376955969785501,2023,2023-02
ETH,ETH/USDT:USDT,2023-02-04 13:00:00+00:00,long_pullback_restart,long,1684.84,1642.8890670569679,0.024899060411096637,True,False,0.0134908952778899,6.390577472933778,0.6131084950684041,0.6134266624244331,-0.0051518245055909295,-0.021521331402388322,-0.027403195555660953,0.0040419268298474975,-0.030952494005365372,stop,23.0,False,False,True,0.16233250424365822,-1.2431189568732068,stop,23.0,False,False,True,0.16233250424365822,-1.974687907715755,2023,2023-02
SOL,SOL/USDT:USDT,2023-02-04 13:00:00+00:00,long_pullback_restart,long,24.832,24.235923512216054,0.024004368870165375,True,False,0.017155283505154575,2.464452091354789,0.6245847176079773,0.6312292358803989,-0.007127899484536071,-0.04852609536082486,-0.06318460051546393,0.0012886597938144284,-0.06761436855670111,stop,10.0,False,False,True,0.053684385570998604,-2.816752605428334,stop,10.0,False,False,True,0.053684385570998604,-3.960901072910238,2023,2023-02
XRP,XRP/USDT:USDT,2023-02-04 13:00:00+00:00,long_pullback_restart,long,0.4129,0.40719591171270175,0.013814696748118763,True,False,0.011625090821021969,1.9389755771907262,0.5999999999999889,0.6499999999999834,0.00896100750787121,-0.023007992249939435,-0.03899249212884481,0.018890772584160942,-0.03487527246306599,tp1,5.0,True,False,False,1.3674402651461288,-2.524505104885146,tp1,5.0,True,False,False,1.3674402651461288,-4.032195653636,2023,2023-02
XRP,XRP/USDT:USDT,2023-02-04 17:00:00+00:00,long_pullback_restart,long,0.4151,0.40719113688115566,0.019052910428437403,True,False,0.014454348349795242,2.4683388674547557,0.5531914893617141,0.7446808510638333,-0.010840761262346454,-0.04456757407853529,-0.03734039990363769,0.013490725126475533,-0.050108407612623584,stop,19.0,False,False,True,0.708066370077506,-2.62996080314503,stop,19.0,False,False,True,0.708066370077506,-3.1862986653487804,2023,2023-02
TRX,TRX/USDT:USDT,2023-02-07 17:00:00+00:00,long_pullback_restart,long,0.0654,0.06368543278957114,0.026216624012673623,True,False,0.019113149847094817,2.808847380451454,0.8255813953488402,0.8488372093023195,0.005504587155963359,0.02354740061162075,-0.030581039755351758,0.09449541284403673,-0.01559633027522922,tp1,20.0,True,True,False,3.6044081342569454,-0.5949023134210447,tp1,20.0,True,True,False,3.6044081342569454,-2.1404818531914205,2023,2023-02
ZEC,ZEC/USDT:USDT,2023-02-14 08:00:00+00:00,short_pullback_restart,short,42.37,43.803676504004365,0.03383706641501929,False,True,0.025253717252773197,1.2053452442809685,0.7671232876712393,0.2191780821917771,-0.03087831655992679,-0.02440709187197798,-0.04872025145936243,0.014850299401197642,-0.04031710079275197,stop,6.0,False,False,True,0.4324546006496517,-1.2415632083167478,stop,6.0,False,False,True,0.4324546006496517,-3.3480356179328044,2023,2023-02
TRX,TRX/USDT:USDT,2023-02-14 14:00:00+00:00,long_compression_breakout,long,0.06671,0.06488831627903978,0.027307505935545293,True,False,0.023984410133413344,2.2119274876180786,0.36428571428572215,0.8714285714285716,-0.0016489281966721725,0.04017388697346713,0.030580122920101926,0.05891170739019613,-0.012591815320042055,tp1,18.0,True,True,False,2.1573448534350677,-0.4611118770700962,tp1,18.0,True,True,False,2.6568827202610055,-0.4611118770700962,2023,2023-02
TRX,TRX/USDT:USDT,2023-02-14 14:00:00+00:00,long_pullback_restart,long,0.06671,0.06488831627903978,0.027307505935545293,True,False,0.023984410133413344,2.2119274876180786,0.36428571428572215,0.8714285714285716,-0.0016489281966721725,0.04017388697346713,0.030580122920101926,0.05891170739019613,-0.012591815320042055,tp1,18.0,True,True,False,2.1573448534350677,-0.4611118770700962,tp1,18.0,True,True,False,2.6568827202610055,-0.4611118770700962,2023,2023-02
TRX,TRX/USDT:USDT,2023-02-15 07:00:00+00:00,long_compression_breakout,long,0.06794,0.06621761434649955,0.025351569818964602,True,False,0.018840153076243794,1.329288748970932,0.8275862068965459,0.8448275862069081,0.027082720047100217,0.039005004415660904,0.02943773918163095,0.05313511922284375,-0.00014718869590812922,tp1,6.0,True,True,False,2.0959301377500985,-0.005805900658585276,tp1,6.0,True,True,False,2.223659952239023,-0.8650791981295446,2023,2023-02
TRX,TRX/USDT:USDT,2023-02-15 07:00:00+00:00,long_pullback_restart,long,0.06794,0.06621761434649955,0.025351569818964602,True,False,0.018840153076243794,1.329288748970932,0.8275862068965459,0.8448275862069081,0.027082720047100217,0.039005004415660904,0.02943773918163095,0.05313511922284375,-0.00014718869590812922,tp1,6.0,True,True,False,2.0959301377500985,-0.005805900658585276,tp1,6.0,True,True,False,2.223659952239023,-0.8650791981295446,2023,2023-02
BTC,BTC/USDT:USDT,2023-02-15 11:00:00+00:00,long_pullback_restart,long,22433.0,22015.81459132481,0.018596951307234353,True,False,0.009347835777649032,2.9425069614851633,0.7324973876698027,0.7666318355973517,0.016065617616903838,0.0957072170463158,0.09328221816074533,0.11149199839522117,-4.457718539629951e-06,tp1,1.0,True,True,False,5.9951761207144765,-0.00023970157613159167,tp1,1.0,True,True,False,6.848274030179229,-0.00023970157613159167,2023,2023-02
ETH,ETH/USDT:USDT,2023-02-15 11:00:00+00:00,long_compression_breakout,long,1571.62,1539.596436202689,0.020376149321916875,True,False,0.01280843969916399,2.4423004045400694,0.6369573568958873,0.7164809834805949,0.005522963566256589,0.07135312607373301,0.07650704368740535,0.091230704623255,-0.004205851287206741,tp1,8.0,True,True,False,4.4773280359270835,-0.2064105057712202,tp1,8.0,True,True,False,5.3985246955717265,-0.2064105057712202,2023,2023-02
ETH,ETH/USDT:USDT,2023-02-15 11:00:00+00:00,long_pullback_restart,long,1571.62,1539.596436202689,0.020376149321916875,True,False,0.01280843969916399,2.4423004045400694,0.6369573568958873,0.7164809834805949,0.005522963566256589,0.07135312607373301,0.07650704368740535,0.091230704623255,-0.004205851287206741,tp1,8.0,True,True,False,4.4773280359270835,-0.2064105057712202,tp1,8.0,True,True,False,5.3985246955717265,-0.2064105057712202,2023,2023-02
TRX,TRX/USDT:USDT,2023-02-19 11:00:00+00:00,long_pullback_restart,long,0.07094,0.06959481137718454,0.01896234314653881,True,False,0.01113617141246122,1.8249632504763373,0.8750000000000244,0.9062500000000129,-0.011277135607555833,0.018748237947561197,-0.027206089653228127,0.03073019453058934,-0.020157879898505815,stop,14.0,False,False,True,1.6205905722256917,-1.063047944166394,stop,14.0,False,False,True,1.6205905722256917,-2.1781332002849894,2023,2023-02
ZEC,ZEC/USDT:USDT,2023-02-19 11:00:00+00:00,long_compression_breakout,long,47.57,45.74109813179002,0.03844653916775241,True,False,0.023334034055076718,2.579042001731593,0.8095238095238075,0.8095238095238075,-0.013664073996216053,0.05780954383014514,-0.012192558335085146,0.07967206222409073,-0.03699810805129278,tp1,1.0,True,True,False,2.072281769666199,-0.96232609884235,tp1,1.0,True,True,False,2.072281769666199,-0.96232609884235,2023,2023-02
ZEC,ZEC/USDT:USDT,2023-02-19 11:00:00+00:00,long_pullback_restart,long,47.57,45.74109813179002,0.03844653916775241,True,False,0.023334034055076718,2.579042001731593,0.8095238095238075,0.8095238095238075,-0.013664073996216053,0.05780954383014514,-0.012192558335085146,0.07967206222409073,-0.03699810805129278,tp1,1.0,True,True,False,2.072281769666199,-0.96232609884235,tp1,1.0,True,True,False,2.072281769666199,-0.96232609884235,2023,2023-02
TRX,TRX/USDT:USDT,2023-02-19 12:00:00+00:00,long_pullback_restart,long,0.07111,0.06959175342167136,0.021350676112060887,True,False,0.01856279004359426,1.379812012304935,0.6800000000000134,0.8800000000000466,-0.006750105470398116,0.01068766699479684,-0.030234847419491118,0.02826606665729159,-0.02250035156799335,stop,13.0,False,False,True,1.3238956232081163,-1.0538472622552209,stop,13.0,False,False,True,1.3238956232081163,-2.041829070619489,2023,2023-02
DOGE,DOGE/USDT:USDT,2023-02-24 15:00:00+00:00,short_pullback_restart,short,0.08175,0.08501950035823504,0.03999388817412885,False,True,0.021773700305810443,7.192179160324485,0.6885245901639354,0.24180327868852777,0.019835329341317376,0.007021433850702197,0.0047935103244838295,0.033894017958770783,-0.004869141813755307,none,,False,False,False,0.8196971115937542,-0.12234285247667892,tp1,29.0,True,False,False,1.0796756731066997,-0.2722128467606128,2023,2023-02
TRX,TRX/USDT:USDT,2023-02-28 00:00:00+00:00,long_pullback_restart,long,0.0697,0.0683046127865085,0.020019902632589674,True,False,0.015351506456241054,1.331084293472311,0.9393939393939623,0.9696969696969812,-0.0011477761836441447,-0.013055954088952548,-0.0050215208034434244,0.0017216642754662725,-0.017790530846484964,none,,False,False,False,0.08599763480685362,-0.8886422263375271,none,,False,False,False,0.4371546436015233,-0.8886422263375271,2023,2023-02
DOGE,DOGE/USDT:USDT,2023-03-01 19:00:00+00:00,short_pullback_restart,short,0.08114,0.08295925684784054,0.022421208378611522,False,True,0.017870347547448765,1.330641741118676,0.8023255813953447,0.16279069767442012,-0.0004927322000493062,0.0038352096993690132,0.08504947847017919,0.01973105441749401,-0.013855128828390906,none,,False,False,False,0.8629897432369676,-0.6266294950892635,tp1,30.0,True,True,False,5.106480709981799,-0.6266294950892635,2023,2023-03
BNB,BNB/USDT:USDT,2023-03-02 02:00:00+00:00,short_pullback_restart,short,298.33,304.7797683720219,0.02161957688473146,False,True,0.013810210169946048,3.004108534440339,0.7258064516129059,0.1962365591397761,0.00046949931251871746,0.0291144917037498,0.029008002207505434,0.04677192982456124,-0.007815617932686036,tp1,23.0,True,True,False,2.0667408860484655,-0.3643541697084731,tp1,23.0,True,True,False,2.0667408860484655,-0.3643541697084731,2023,2023-03
XRP,XRP/USDT:USDT,2023-03-02 14:00:00+00:00,short_pullback_restart,short,0.3747,0.3802362115786207,0.014775050917055565,False,True,0.009340805978115835,2.150312904117977,0.6363636363636456,0.18181818181817724,-0.011084718923198844,0.020980926430517632,0.00915701589011575,0.07579672695951767,-0.016793492521647857,stop,5.0,False,False,True,4.768603877414891,-1.1560251824036138,stop,5.0,False,False,True,4.768603877414891,-1.1560251824036138,2023,2023-03
SOL,SOL/USDT:USDT,2023-03-04 15:00:00+00:00,short_pullback_restart,short,20.948,21.39420113401975,0.02130041693812051,False,True,0.016994462478518314,1.4369223951460142,0.6666666666666611,0.1549295774647939,0.024702832265323105,-0.014768130937823365,0.02635962763351296,0.03831474597273843,-0.035854006535646854,tp1,5.0,True,False,False,1.7324025894694104,-1.7458494400991864,tp1,5.0,True,True,False,2.4249153969028514,-1.7458494400991864,2023,2023-03
DOGE,DOGE/USDT:USDT,2023-03-04 18:00:00+00:00,short_pullback_restart,short,0.07535,0.07665221728343778,0.01728224662823864,False,True,0.013802256138022552,1.8176088252632074,0.5400000000000122,0.3799999999999911,0.006949084591741261,0.0030617678381255065,0.024891186071817062,0.03931034482758622,-0.008943837958700462,tp1,2.0,True,True,False,2.1885748532504214,-0.5221862807755382,tp1,2.0,True,True,False,2.4266303636039686,-0.5221862807755382,2023,2023-03
ADA,ADA/USDT:USDT,2023-03-04 19:00:00+00:00,short_pullback_restart,short,0.3355,0.3425841776173686,0.02111528350929529,False,True,0.015201192250372558,1.6480088817654146,0.6499999999999972,0.125,-0.017857142857142794,-0.002971768202080227,0.015128593040847127,0.016666666666666607,-0.02158063575386404,stop,7.0,False,False,True,0.7763780493751918,-1.0445813755229791,stop,7.0,False,False,True,2.1315106446482526,-1.0445813755229791,2023,2023-03
SOL,SOL/USDT:USDT,2023-03-04 19:00:00+00:00,short_pullback_restart,short,20.674,21.274183683588557,0.029030844712612833,False,True,0.021476250362774455,2.133196751567471,0.6620498614958523,0.3019390581717426,-0.03518760500280016,-0.019864409993836873,0.03364831758412068,0.02473358116480795,-0.04846504349426983,stop,5.0,False,False,True,0.8314121387246457,-1.7544628899339776,stop,5.0,False,False,True,1.3462545252294895,-1.7544628899339776,2023,2023-03
XRP,XRP/USDT:USDT,2023-03-05 19:00:00+00:00,short_pullback_restart,short,0.3678,0.37325797999051974,0.01483953232876488,False,True,0.011147362697117979,1.5976988260755793,0.6562500000000011,0.28125000000000544,0.01462068965517238,-0.009693053311793154,-0.07027300303336703,0.025083612040133874,-0.016314522599625514,tp1,6.0,True,False,False,1.6489617066446967,-1.1176296011702922,tp1,6.0,True,False,False,1.6489617066446967,-6.2477326885093385,2023,2023-03
ADA,ADA/USDT:USDT,2023-03-06 01:00:00+00:00,short_pullback_restart,short,0.3329,0.34160858881192413,0.026159774142157276,False,True,0.021027335536197077,3.2785913747639737,0.7014925373134401,0.17910447761193757,0.00030048076923083755,-0.002696225284601561,0.05515055467511876,0.017109685304002475,-0.011872959335114341,none,,False,False,False,0.6430433358309724,-0.45931666845069546,tp1,38.0,True,True,False,2.308066258964737,-0.45931666845069546,2023,2023-03
LINK,LINK/USDT:USDT,2023-03-08 13:00:00+00:00,short_pullback_restart,short,6.677,6.936358271589757,0.038843533261907676,False,True,0.027407518346562805,1.8924937470076642,0.7372881355932237,0.16949152542372473,0.010747805025734136,0.004211159572867995,0.11543601737387243,0.030401234567901003,-0.011985794613791123,none,,False,False,False,0.7595670606241771,-0.3123092990383701,tp1,29.0,True,True,False,3.045979583213718,-0.3123092990383701,2023,2023-03
DOGE,DOGE/USDT:USDT,2023-03-08 14:00:00+00:00,short_pullback_restart,short,0.07229,0.07403404528782986,0.024125678348732478,False,True,0.021303084797344028,3.2281800516750203,0.6153846153846236,0.2948717948717862,-0.007959379717304982,0.004865165415623984,0.1218187461204221,0.036267201834862206,-0.020991332611051017,tp1,8.0,True,False,False,1.450650403206037,-0.8887383893159604,tp1,8.0,True,True,False,5.647789119201384,-0.8887383893159604,2023,2023-03
BNB,BNB/USDT:USDT,2023-03-10 09:00:00+00:00,short_compression_breakdown,short,267.7,278.06378387857524,0.03871417212766249,False,True,0.02685842360851699,1.5253464088058415,0.9116279069767576,0.05348837209301483,-0.02423911062511408,-0.027888735565400613,-0.090322142177518,0.012060035537408753,-0.04963078670832155,stop,15.0,False,False,True,0.3078026363126496,-1.3489281679156269,stop,15.0,False,False,True,0.3078026363126496,-4.13459027147243,2023,2023-03
BNB,BNB/USDT:USDT,2023-03-10 09:00:00+00:00,short_pullback_restart,short,267.7,278.06378387857524,0.03871417212766249,False,True,0.02685842360851699,1.5253464088058415,0.9116279069767576,0.05348837209301483,-0.02423911062511408,-0.027888735565400613,-0.090322142177518,0.012060035537408753,-0.04963078670832155,stop,15.0,False,False,True,0.3078026363126496,-1.3489281679156269,stop,15.0,False,False,True,0.3078026363126496,-4.13459027147243,2023,2023-03
BTC,BTC/USDT:USDT,2023-03-16 10:00:00+00:00,long_pullback_restart,long,24931.5,24062.161308307914,0.03486908897146527,True,False,0.02942061247819024,1.8214124689110018,0.5579842137219218,0.7399311880186189,-0.006273188536590313,0.07072979965104387,0.0847682650462267,0.07475282273429196,-0.016665663919138485,tp1,16.0,True,True,False,2.143813473172905,-0.47794950802347036,tp1,16.0,True,True,False,3.257533602338547,-0.47794950802347036,2023,2023-03
BTC,BTC/USDT:USDT,2023-03-17 01:00:00+00:00,long_compression_breakout,long,25654.4,24461.209048034074,0.04651018741291659,True,False,0.02541084570288143,2.571622049070374,0.8928188638799572,0.8982970108372065,0.015299519770487713,0.06499469876512398,0.07846607209679424,0.08220812024448043,-0.006798054134963261,tp1,10.0,True,False,False,1.767529326739501,-0.1461626906511956,tp1,10.0,True,True,False,2.298542404701637,-0.1461626906511956,2023,2023-03
BTC,BTC/USDT:USDT,2023-03-17 01:00:00+00:00,long_pullback_restart,long,25654.4,24461.209048034074,0.04651018741291659,True,False,0.02541084570288143,2.571622049070374,0.8928188638799572,0.8982970108372065,0.015299519770487713,0.06499469876512398,0.07846607209679424,0.08220812024448043,-0.006798054134963261,tp1,10.0,True,False,False,1.767529326739501,-0.1461626906511956,tp1,10.0,True,True,False,2.298542404701637,-0.1461626906511956,2023,2023-03
BNB,BNB/USDT:USDT,2023-03-19 12:00:00+00:00,long_pullback_restart,long,339.21,329.29885569610303,0.029218314035249396,True,False,0.021078388019221066,1.4671566265108267,0.8425655976676328,0.8454810495626739,-0.0017982960408005066,-0.003478671029745639,-0.039444591845759214,0.006544618377996025,-0.025854190619380324,none,,False,False,False,0.22399028123595668,-0.8848625074050954,stop,43.0,False,False,True,0.22399028123595668,-1.7243215794245257,2023,2023-03
TRX,TRX/USDT:USDT,2023-03-22 12:00:00+00:00,long_pullback_restart,long,0.06758,0.06621707206968776,0.02016762252607641,True,False,0.01598105948505492,1.279265872007131,0.8333333333333398,1.0,-0.02042024267534781,-0.0751701686889612,-0.05519384433264274,0.01124593074874225,-0.1673572062740456,stop,6.0,False,False,True,0.5576230284061187,-8.298311120096354,stop,6.0,False,False,True,0.5576230284061187,-8.298311120096354,2023,2023-03
TRX,TRX/USDT:USDT,2023-03-22 13:00:00+00:00,long_compression_breakout,long,0.06784,0.06635342406471006,0.02191297074425019,True,False,0.016656839622641598,1.9154916172745686,0.43333333333332485,0.9666666666666567,-0.16863207547169812,-0.08416863207547165,-0.056014150943396235,0.007370283018867996,-0.17054834905660377,stop,4.0,False,False,True,0.33634339701757887,-7.782986206986766,stop,4.0,False,False,True,0.33634339701757887,-7.782986206986766,2023,2023-03
TRX,TRX/USDT:USDT,2023-03-22 13:00:00+00:00,long_pullback_restart,long,0.06784,0.06635342406471006,0.02191297074425019,True,False,0.016656839622641598,1.9154916172745686,0.43333333333332485,0.9666666666666567,-0.16863207547169812,-0.08416863207547165,-0.056014150943396235,0.007370283018867996,-0.17054834905660377,stop,4.0,False,False,True,0.33634339701757887,-7.782986206986766,stop,4.0,False,False,True,0.33634339701757887,-7.782986206986766,2023,2023-03
BTC,BTC/USDT:USDT,2023-03-23 14:00:00+00:00,long_pullback_restart,long,28043.6,27079.971961876072,0.03436178087420755,True,False,0.021555720378268126,1.4277169691594158,0.7873142857142832,0.8687999999999967,0.008333452195866453,-0.002389136915374679,-0.009324765721947292,0.02615213453336951,-0.026070119385528168,none,,False,False,False,0.7610820472055246,-0.7586952341313837,stop,31.0,False,False,True,0.7610820472055246,-1.124500281363381,2023,2023-03
ETH,ETH/USDT:USDT,2023-03-23 14:00:00+00:00,long_pullback_restart,long,1803.89,1725.7645355642956,0.043309439287154174,True,False,0.016724966599959017,2.3451363124969324,0.8823438466295626,0.9321273964131127,0.006391742290272617,-0.02304464241167703,-0.02287833515347404,0.03110500085925416,-0.04650505296886176,stop,21.0,False,False,True,0.7182037304389677,-1.0737856165839454,stop,21.0,False,False,True,0.7182037304389677,-1.1759290093642516,2023,2023-03
BTC,BTC/USDT:USDT,2023-03-26 11:00:00+00:00,long_pullback_restart,long,27852.1,27360.830139518122,0.017638521349624486,True,False,0.013338312012379677,1.6578331922470675,0.5078881815665662,0.6141710489897544,-0.0009406831082754419,0.000998129404964132,0.017786809612201582,0.012020637582085492,-0.009388879115039828,none,,False,False,False,0.6814991655942515,-0.5322940018007623,stop,27.0,False,False,True,1.6239547022434024,-2.7929659650891976,2023,2023-03
LINK,LINK/USDT:USDT,2023-03-26 13:00:00+00:00,long_pullback_restart,long,7.274,7.087921889326527,0.025581263496490685,True,False,0.020208963431399538,1.3630168244055514,0.6206896551724187,0.942528735632185,-0.006048941435248811,-0.023645861974154525,0.007148748968930363,0.0016497113005222719,-0.02460819356612598,none,,False,False,False,0.06448904686622149,-0.9619616157545069,stop,25.0,False,False,True,0.3815601939584895,-2.918129370696629,2023,2023-03
XRP,XRP/USDT:USDT,2023-03-27 07:00:00+00:00,long_pullback_restart,long,0.46,0.4401349214889064,0.04318495328498607,True,False,0.037391304347826074,1.4001242735540156,0.8253968253968278,1.0,0.04695652173913034,0.050434782608695716,0.16826086956521724,0.07369565217391294,-0.014347826086956506,tp1,5.0,True,False,False,1.7065122587393065,-0.3322413247103073,tp1,5.0,True,True,False,6.322653088426459,-0.3322413247103073,2023,2023-03
SOL,SOL/USDT:USDT,2023-03-27 14:00:00+00:00,short_compression_breakdown,short,19.875,20.785073697188423,0.04578987155665022,False,True,0.02077987421383649,4.492928660094108,0.8517441860465109,0.05377906976744055,0.008524889633125143,-0.02016367580358902,-0.036643885415151956,0.029952842410737368,-0.025209671881897044,none,,False,False,False,0.6351133999209839,-0.5647894248432278,stop,29.0,False,False,True,0.6351133999209839,-1.9624784295136322,2023,2023-03
SOL,SOL/USDT:USDT,2023-03-27 14:00:00+00:00,short_pullback_restart,short,19.875,20.785073697188423,0.04578987155665022,False,True,0.02077987421383649,4.492928660094108,0.8517441860465109,0.05377906976744055,0.008524889633125143,-0.02016367580358902,-0.036643885415151956,0.029952842410737368,-0.025209671881897044,none,,False,False,False,0.6351133999209839,-0.5647894248432278,stop,29.0,False,False,True,0.6351133999209839,-1.9624784295136322,2023,2023-03
BTC,BTC/USDT:USDT,2023-03-30 02:00:00+00:00,long_compression_breakout,long,28952.0,28075.811448990084,0.030263489603824138,True,False,0.016233766233766232,3.7974369055169754,0.7192307692307676,0.7286713286713296,-0.01363981762917943,-0.02836073500967118,-0.01935617573915449,0.0012261674495717134,-0.04482937275490473,stop,1.0,False,False,True,0.04051639337113208,-1.481302167785701,stop,1.0,False,False,True,0.04051639337113208,-1.6571775542220784,2023,2023-03
BTC,BTC/USDT:USDT,2023-03-30 02:00:00+00:00,long_pullback_restart,long,28952.0,28075.811448990084,0.030263489603824138,True,False,0.016233766233766232,3.7974369055169754,0.7192307692307676,0.7286713286713296,-0.01363981762917943,-0.02836073500967118,-0.01935617573915449,0.0012261674495717134,-0.04482937275490473,stop,1.0,False,False,True,0.04051639337113208,-1.481302167785701,stop,1.0,False,False,True,0.04051639337113208,-1.6571775542220784,2023,2023-03
ADA,ADA/USDT:USDT,2023-03-31 07:00:00+00:00,long_pullback_restart,long,0.3841,0.3733020097551157,0.0281124453134192,True,False,0.015620932048945602,3.3094293903444,0.5473684210526293,0.9473684210526315,0.03775058578495183,0.017964071856287456,0.02681593335068988,0.0650872168706067,-0.009372559229367305,tp1,4.0,True,True,False,2.3152456552592358,-0.33339537435732897,tp1,4.0,True,True,False,2.3152456552592358,-1.2872765843241363,2023,2023-03
XRP,XRP/USDT:USDT,2023-03-31 20:00:00+00:00,long_pullback_restart,long,0.544,0.52361038592592,0.0374809082244118,True,False,0.02077205882352937,1.5445594491379657,0.5375000000000028,0.7250000000000028,-0.020036764705882337,-0.06562500000000016,-0.09852941176470598,0.0071691176470587425,-0.08676470588235297,stop,10.0,False,False,True,0.19127385078650552,-2.3149040402879564,stop,10.0,False,False,True,0.19127385078650552,-2.8200631846728297,2023,2023-03
XRP,XRP/USDT:USDT,2023-04-02 13:00:00+00:00,long_pullback_restart,long,0.5215,0.5007463249355651,0.039796117093834744,True,False,0.034515819750719115,4.964884809308194,0.558659217877098,0.7094972067039103,-0.004410354745925105,-0.01572387344199422,-0.02070949185043125,0.01399808245445855,-0.036241610738254826,none,,False,False,False,0.3517449308296224,-0.9106820811890078,stop,31.0,False,False,True,0.3517449308296224,-1.9273694839979079,2023,2023-04
ADA,ADA/USDT:USDT,2023-04-04 11:00:00+00:00,long_pullback_restart,long,0.3977,0.3830163542862729,0.03692141240565024,True,False,0.027910485290419913,1.5353331469709013,0.8000000000000018,0.8000000000000018,-0.015589640432486784,0.0017601206939903413,-0.04777470455116928,0.006789036962534523,-0.028161931103847127,none,,False,False,False,0.18387804041579864,-0.7627533528359102,stop,44.0,False,False,True,0.18387804041579864,-1.5255067056718203,2023,2023-04
ETH,ETH/USDT:USDT,2023-04-04 11:00:00+00:00,long_pullback_restart,long,1864.18,1797.7800662378622,0.03561884247344024,True,False,0.02045403340879093,4.512724703309647,0.6799749163879605,0.7113294314381278,0.00296108744863699,0.026676608482013586,-0.008411204926562887,0.03477132036605912,-0.008674055080517995,none,,False,False,False,0.9762057930991672,-0.24352433931523637,tp1,25.0,True,False,False,1.2171698888965552,-0.3641569897738036,2023,2023-04
BTC,BTC/USDT:USDT,2023-04-05 00:00:00+00:00,long_pullback_restart,long,28655.7,27897.749324513345,0.02645025860427964,True,False,0.015958430608918966,2.9044976165629404,0.7594053398058277,0.8645327669902925,-0.004735532546753407,-0.023496197964104848,-0.027394200804726432,0.0050356473581172345,-0.030733850507926874,stop,15.0,False,False,True,0.19038178164739916,-1.1619489611702387,stop,15.0,False,False,True,0.19038178164739916,-1.281745674777888,2023,2023-04
ETH,ETH/USDT:USDT,2023-04-05 00:00:00+00:00,long_compression_breakout,long,1912.97,1844.836184162946,0.0356167717408292,True,False,0.024563898022446774,2.887116697184364,0.7929849936720335,0.8909781233050085,-0.0004286528278018009,-0.008975572016288846,-0.030648677187828377,0.016743597651818876,-0.016084935989586824,none,,False,False,False,0.470104302929423,-0.4516112832075663,stop,55.0,False,False,True,0.470104302929423,-1.0709806738919774,2023,2023-04
ETH,ETH/USDT:USDT,2023-04-05 00:00:00+00:00,long_pullback_restart,long,1912.97,1844.836184162946,0.0356167717408292,True,False,0.024563898022446774,2.887116697184364,0.7929849936720335,0.8909781233050085,-0.0004286528278018009,-0.008975572016288846,-0.030648677187828377,0.016743597651818876,-0.016084935989586824,none,,False,False,False,0.470104302929423,-0.4516112832075663,stop,55.0,False,False,True,0.470104302929423,-1.0709806738919774,2023,2023-04
LINK,LINK/USDT:USDT,2023-04-05 00:00:00+00:00,long_pullback_restart,long,7.512,7.296295567548579,0.028714647557430795,True,False,0.022497337593184303,2.1200318088318717,0.7539267015706773,0.9633507853403112,0.011315228966986224,-0.033413205537806134,-0.0383386581469648,0.012247071352502692,-0.039936102236421744,stop,14.0,False,False,True,0.4265095480628119,-1.3907920045526385,stop,14.0,False,False,True,0.4265095480628119,-1.9100210195856244,2023,2023-04
SOL,SOL/USDT:USDT,2023-04-07 07:00:00+00:00,short_pullback_restart,short,20.271,20.811177164044995,0.02664778077277857,False,True,0.023580484435893542,1.4675523829745643,0.6775956284152945,0.2896174863388026,-0.007685529665165447,-0.016018639871850815,0.001581105785859016,0.003763307749443001,-0.021953102383479584,none,,False,False,False,0.1406945814423026,-0.8423162441611449,none,,False,False,False,0.8330600216978374,-0.8423162441611449,2023,2023-04
ETH,ETH/USDT:USDT,2023-04-08 05:00:00+00:00,long_pullback_restart,long,1877.7,1848.1178334243132,0.015754469071569938,True,False,0.011689833306705035,1.3137724389126806,0.976284584980241,0.976284584980241,-0.0059114874580604715,-0.015609522287905353,0.01883154923576713,0.0005911487458059028,-0.01688235607392019,stop,13.0,False,False,True,0.03752260664072495,-1.071591559019,stop,13.0,False,False,True,2.0383902526449704,-1.9400201757760387,2023,2023-04
ADA,ADA/USDT:USDT,2023-04-10 16:00:00+00:00,long_pullback_restart,long,0.3911,0.38436362978025684,0.01722416318011547,True,False,0.01176169777550511,1.99732422571894,0.5999999999999951,0.9333333333333284,0.010227563283047747,0.02275632830478136,0.05625159805676305,0.0570186653029916,-0.008949117872666834,tp1,8.0,True,True,False,3.3103881278143628,-0.5195676433789367,tp1,8.0,True,True,False,4.720643159842905,-0.5195676433789367,2023,2023-04
ZEC,ZEC/USDT:USDT,2023-04-12 21:00:00+00:00,long_pullback_restart,long,39.83,38.332569463458455,0.03759554447756825,True,False,0.03263871453678125,1.3216935549880628,0.839999999999994,0.9066666666666663,0.0047702736630681475,0.03540045192066299,0.07381370826010558,0.05749435099171474,-0.008285212151644461,tp1,11.0,True,False,False,1.5292862968381624,-0.22037750129108782,tp1,11.0,True,True,False,2.0969253153152105,-0.22037750129108782,2023,2023-04
ETH,ETH/USDT:USDT,2023-04-13 08:00:00+00:00,long_compression_breakout,long,1962.99,1895.0537471303549,0.03460855779685335,True,False,0.016296567990667303,4.530132386166763,0.6839784419402269,0.7221950024497797,0.019190113041839263,0.07410124351117409,0.06857396115110115,0.08897141605408065,-5.094269456273892e-06,tp1,16.0,True,True,False,2.570792362291678,-0.00014719681433090993,tp1,16.0,True,True,False,2.570792362291678,-0.00014719681433090993,2023,2023-04
ETH,ETH/USDT:USDT,2023-04-13 08:00:00+00:00,long_pullback_restart,long,1962.99,1895.0537471303549,0.03460855779685335,True,False,0.016296567990667303,4.530132386166763,0.6839784419402269,0.7221950024497797,0.019190113041839263,0.07410124351117409,0.06857396115110115,0.08897141605408065,-5.094269456273892e-06,tp1,16.0,True,True,False,2.570792362291678,-0.00014719681433090993,tp1,16.0,True,True,False,2.570792362291678,-0.00014719681433090993,2023,2023-04
BTC,BTC/USDT:USDT,2023-04-13 14:00:00+00:00,long_pullback_restart,long,30428.3,29943.11886821841,0.015945062056755988,True,False,0.012882744024477213,3.3654618576971944,0.661985957873616,0.6800401203610801,-0.0064183671121949,0.0051399519526231785,-0.004085012964904378,0.020727414939382127,-0.007995845972334936,tp1,11.0,True,False,False,1.2999268905698502,-0.5014622046545795,tp1,11.0,True,False,False,1.2999268905698502,-1.0373445441950278,2023,2023-04
BNB,BNB/USDT:USDT,2023-04-14 00:00:00+00:00,long_pullback_restart,long,329.16,321.8001883841473,0.022359374212701177,True,False,0.009022967553773324,3.1074252169980543,0.8391472868217186,0.9554263565891545,0.015493984688297324,-0.002946895126989979,0.04423380726698256,0.02120549276947359,-0.01813707619394833,none,,False,False,False,0.9483938399952165,-0.8111620665861748,tp1,38.0,True,True,False,3.0489910844545522,-0.8111620665861748,2023,2023-04
XRP,XRP/USDT:USDT,2023-04-14 00:00:00+00:00,long_pullback_restart,long,0.5182,0.5066275823484501,0.02233195224150893,True,False,0.01640293323041309,2.9275024976261252,0.7820512820512784,0.9230769230769176,0.0318409880355075,0.001929756850636899,-0.014087225009648763,0.05596294866846785,-0.012543419529139288,tp1,5.0,True,True,False,2.505958640035427,-0.561680384835522,tp1,5.0,True,True,False,2.505958640035427,-0.9332535624959541,2023,2023-04
BNB,BNB/USDT:USDT,2023-04-15 09:00:00+00:00,long_pullback_restart,long,334.37,326.7501953487521,0.02278854158940076,True,False,0.013517959147052611,1.5086057201849796,0.8938992042440373,0.8965517241379342,-0.00011962795705366958,-0.003917815593504237,0.029936896252654277,0.007357119358794018,-0.013069354308101855,none,,False,False,False,0.3228429221734829,-0.5735055162187536,tp1,28.0,True,True,False,2.261212824816733,-0.5735055162187536,2023,2023-04
ZEC,ZEC/USDT:USDT,2023-04-15 22:00:00+00:00,long_pullback_restart,long,43.21,41.84547690294251,0.03157887287797947,True,False,0.023605646841009097,1.2645247887962479,0.6818181818181897,0.9242424242424282,-0.01596852580421193,-0.00809997685720898,-0.018282804906271655,0.002777134922471669,-0.03147419578801203,none,,False,False,False,0.087942813323402,-0.9966852176652434,stop,26.0,False,False,True,0.087942813323402,-1.5023563942748193,2023,2023-04
SOL,SOL/USDT:USDT,2023-04-16 18:00:00+00:00,long_pullback_restart,long,24.661,23.922744757079997,0.029936143827095602,True,False,0.020274928024005514,1.3109868360790597,0.9807692307692301,1.0,0.008150521065650063,0.00620412797534553,-0.06277117716232117,0.05701309760350348,-0.01451684846518797,tp1,2.0,True,False,False,1.9044903689933552,-0.4849271352059906,tp1,2.0,True,False,False,1.9044903689933552,-4.258689701362104,2023,2023-04
ZEC,ZEC/USDT:USDT,2023-04-25 07:00:00+00:00,short_pullback_restart,short,36.13,37.15088068456918,0.028255762097126436,False,True,0.020204815942430024,1.3942306765115757,0.6999999999999751,0.025000000000012436,-0.0109499041883383,-0.012841530054644723,-0.05245213742460009,0.014033118158854885,-0.037559936068193855,stop,14.0,False,False,True,0.48977320029421945,-1.3811604248296956,stop,14.0,False,False,True,1.596660632959158,-2.879866417730008,2023,2023-04
BNB,BNB/USDT:USDT,2023-04-25 15:00:00+00:00,long_pullback_restart,long,331.89,327.6910307684002,0.012651689510379312,True,False,0.010093705745879556,2.459000990231626,0.6763754045307417,0.8737864077669937,0.014944710596884514,0.030281117237638933,-0.03196842327277116,0.039711952755431046,-0.003284220675524918,tp1,6.0,True,True,False,3.1388655817748115,-0.2595875177643751,tp1,6.0,True,True,False,3.1388655817748115,-3.429413078722093,2023,2023-04
TRX,TRX/USDT:USDT,2023-04-26 12:00:00+00:00,long_pullback_restart,long,0.06702,0.06567852695755384,0.020016010779560632,True,False,0.008206505520740209,5.432852849847714,0.8315789473684266,0.8842105263157897,-0.007012831990450552,-0.024022679797075508,-0.001641301104147952,0.0008952551477172666,-0.04968666069829897,stop,7.0,False,False,True,0.044726951717639817,-2.4823458203288236,stop,7.0,False,False,True,0.3354521378822779,-2.4823458203288236,2023,2023-04
BTC,BTC/USDT:USDT,2023-04-27 18:00:00+00:00,long_pullback_restart,long,29758.8,28538.531417187136,0.04100530205562265,True,False,0.03317674099762085,2.0943645185321165,0.6979334603546845,0.7959841711856942,-0.007365888409478938,-0.017877064935414078,-0.006364503945051503,0.003178891621974156,-0.02986679570412787,none,,False,False,False,0.0775239167281829,-0.7283642408880266,none,,False,False,False,0.15668681689670494,-0.7283642408880266,2023,2023-04
ETH,ETH/USDT:USDT,2023-04-29 13:00:00+00:00,long_pullback_restart,long,1911.7,1883.3211285162504,0.014844835216691773,True,False,0.00977663859392167,2.8227226181529557,0.7610153256704989,0.774904214559386,-0.004938013286603593,-0.0038342836219072973,-0.04388763927394468,0.00291363707694714,-0.016006695611236132,stop,4.0,False,False,True,0.19627278002190593,-1.07826697821731,stop,4.0,False,False,True,0.9972207674362643,-3.7499729353557414,2023,2023-04
TRX,TRX/USDT:USDT,2023-04-29 21:00:00+00:00,long_pullback_restart,long,0.0681,0.06678064335207212,0.01937381274490267,True,False,0.009104258443465428,3.029859248716528,0.8333333333333168,0.8571428571428477,-0.007782672540381674,-0.007195301027900003,0.013509544787077887,0.0011747430249633428,-0.014537444933920618,none,,False,False,False,0.06063561367250878,-0.7503657191971896,stop,28.0,False,False,True,1.3491424042131441,-1.0535437875596916,2023,2023-04
NEAR,NEAR/USDT:USDT,2023-05-01 14:00:00+00:00,short_compression_breakdown,short,1.874,1.9188362662807021,0.023925435582018158,False,True,0.016542155816435505,1.8063230859497592,0.517241379310343,0.1034482758620732,0.037652270210409844,0.022925764192139653,0.021810250817884347,0.0411111111111111,-0.0010660980810233145,tp1,2.0,True,False,False,1.6504496502165344,-0.04460674730314463,tp1,2.0,True,True,False,2.14112387055118,-1.226685550836611,2023,2023-05
NEAR,NEAR/USDT:USDT,2023-05-01 14:00:00+00:00,short_pullback_restart,short,1.874,1.9188362662807021,0.023925435582018158,False,True,0.016542155816435505,1.8063230859497592,0.517241379310343,0.1034482758620732,0.037652270210409844,0.022925764192139653,0.021810250817884347,0.0411111111111111,-0.0010660980810233145,tp1,2.0,True,False,False,1.6504496502165344,-0.04460674730314463,tp1,2.0,True,True,False,2.14112387055118,-1.226685550836611,2023,2023-05
LINK,LINK/USDT:USDT,2023-05-01 19:00:00+00:00,short_compression_breakdown,short,6.813,7.027085197404316,0.03142304379925376,False,True,0.02480551886100097,2.213556834492292,0.6489361702127633,0.30851063829787045,-0.006271878646441076,-0.025740025740025874,-0.02420509882555144,0.0027965852222548993,-0.028241335044929428,none,,False,False,False,0.08874971380724288,-0.9248654386228424,stop,47.0,False,False,True,0.08874971380724288,-1.620850036374374,2023,2023-05
LINK,LINK/USDT:USDT,2023-05-01 19:00:00+00:00,short_pullback_restart,short,6.813,7.027085197404316,0.03142304379925376,False,True,0.02480551886100097,2.213556834492292,0.6489361702127633,0.30851063829787045,-0.006271878646441076,-0.025740025740025874,-0.02420509882555144,0.0027965852222548993,-0.028241335044929428,none,,False,False,False,0.08874971380724288,-0.9248654386228424,stop,47.0,False,False,True,0.08874971380724288,-1.620850036374374,2023,2023-05
DOGE,DOGE/USDT:USDT,2023-05-03 11:00:00+00:00,short_pullback_restart,short,0.07767,0.07889985058390699,0.01583430647491931,False,True,0.011201235998454948,1.5552343982019863,0.507042253521124,0.0985915492957752,-0.0025683832027737497,-0.015838824125696926,-0.004486029223276122,0.008308451252758697,-0.0375464684014869,stop,10.0,False,False,True,0.5203884182148802,-2.46371391748606,stop,10.0,False,False,True,0.7968447653915404,-3.097937302185446,2023,2023-05
DOGE,DOGE/USDT:USDT,2023-05-03 12:00:00+00:00,short_pullback_restart,short,0.07723,0.07882428982791363,0.020643400594505236,False,True,0.014761103198239055,3.150983188213379,0.5432098765432185,0.24691358024690194,-0.01253036696074683,-0.018304309139443364,-0.006432522835456034,0.0016861219195849486,-0.04299876084262699,stop,9.0,False,False,True,0.08154100824322212,-2.17651768156923,stop,9.0,False,False,True,0.3387088034718678,-2.6657637310285978,2023,2023-05
BTC,BTC/USDT:USDT,2023-05-05 01:00:00+00:00,long_pullback_restart,long,29314.9,28624.375789037753,0.023555400528818063,True,False,0.014272605398619864,2.3257909014421254,0.8210239194292994,0.9473352916491846,-0.008729349238783102,0.0075149497354587425,-0.03776236657808829,0.01791239267403255,-0.023762659944260522,stop,11.0,False,False,True,0.7604367691442264,-1.0087988066765783,stop,11.0,False,False,True,0.7604367691442264,-1.8317967421263297,2023,2023-05
ETH,ETH/USDT:USDT,2023-05-07 14:00:00+00:00,long_pullback_restart,long,1926.95,1883.7794624661267,0.02240355875029106,True,False,0.017478398505410137,2.687340299638267,0.5721058870011873,0.7609640458316883,-0.0051065154778277,-0.030862243441708404,-0.029538908638003125,0.00044111160123505577,-0.04875580580710448,stop,9.0,False,False,True,0.019689354095555667,-2.1762527262090043,stop,9.0,False,False,True,0.019689354095555667,-2.709023484088803,2023,2023-05
DOGE,DOGE/USDT:USDT,2023-05-07 23:00:00+00:00,short_pullback_restart,short,0.07648,0.07754261111034513,0.013893973723131888,False,True,0.011114016736401718,4.0909733207498284,0.39705882352941085,0.27941176470588625,0.020413609072715166,0.05722974841028483,0.046524356869184436,0.10392609699769073,-0.008298755186721851,tp1,2.0,True,True,False,6.775762016700083,-0.602289957039995,tp1,2.0,True,True,False,6.775762016700083,-0.602289957039995,2023,2023-05
DOGE,DOGE/USDT:USDT,2023-05-11 08:00:00+00:00,short_pullback_restart,short,0.07157,0.07398673041516508,0.03376736642678621,False,True,0.023054352382283063,1.8352557196253634,0.6880733944954174,0.3119266055045826,0.009734762979684008,0.01879003558718839,-0.00583414363105994,0.03995931415286247,-0.018513439385628105,tp1,9.0,True,False,False,1.137901018145681,-0.5586059543624291,tp1,9.0,True,False,False,1.137901018145681,-0.5586059543624291,2023,2023-05
XRP,XRP/USDT:USDT,2023-05-11 08:00:00+00:00,short_pullback_restart,short,0.4217,0.434653125778555,0.03071644718651887,False,True,0.024899217453165777,1.301130979024311,0.8095238095237925,0.16666666666667326,0.006203769983297747,-0.018845974872033544,-0.008930669800234936,0.02553501945525305,-0.05065285907248984,stop,20.0,False,False,True,0.8106151503124941,-1.7370324649553401,stop,20.0,False,False,True,0.8106151503124941,-1.7370324649553401,2023,2023-05
BNB,BNB/USDT:USDT,2023-05-11 14:00:00+00:00,short_pullback_restart,short,308.79,314.4204995457864,0.018234073466713276,False,True,0.015965542925612714,2.0185333722413383,0.43798449612403195,0.3875968992248086,0.007602949814005333,0.012758281403739025,-0.010256738998044801,0.025880398671096483,-0.003453172400438853,tp1,15.0,True,False,False,1.3835362096476322,-0.1900364241749619,tp1,15.0,True,False,False,1.3835362096476322,-0.8080988130804425,2023,2023-05
BTC,BTC/USDT:USDT,2023-05-12 02:00:00+00:00,short_compression_breakdown,short,26631.9,27375.2694433497,0.02791274536738649,False,True,0.02408389938382171,1.415885596311086,0.6445550027639513,0.32310668877833526,0.013498394045027728,-0.005065844774446604,-0.01886966228388476,0.0342083802570774,-0.012686243470588332,tp1,17.0,True,False,False,1.185009698583485,-0.46033638194490234,tp1,17.0,True,False,False,1.185009698583485,-0.8704958292125896,2023,2023-05
BTC,BTC/USDT:USDT,2023-05-12 02:00:00+00:00,short_pullback_restart,short,26631.9,27375.2694433497,0.02791274536738649,False,True,0.02408389938382171,1.415885596311086,0.6445550027639513,0.32310668877833526,0.013498394045027728,-0.005065844774446604,-0.01886966228388476,0.0342083802570774,-0.012686243470588332,tp1,17.0,True,False,False,1.185009698583485,-0.46033638194490234,tp1,17.0,True,False,False,1.185009698583485,-0.8704958292125896,2023,2023-05
BTC,BTC/USDT:USDT,2023-05-12 05:00:00+00:00,short_compression_breakdown,short,26261.3,27182.1539384254,0.03506505536380149,False,True,0.024233377631724305,1.847724545796672,0.7403901873671986,0.23430558238361812,-0.0027228192761934444,-0.017578709522954483,-0.03883626621380265,0.019816706147333996,-0.02642534876047764,none,,False,False,False,0.5541595455111794,-0.7740641270632351,stop,58.0,False,False,True,0.5541595455111794,-1.2063802451663157,2023,2023-05
BTC,BTC/USDT:USDT,2023-05-12 05:00:00+00:00,short_pullback_restart,short,26261.3,27182.1539384254,0.03506505536380149,False,True,0.024233377631724305,1.847724545796672,0.7403901873671986,0.23430558238361812,-0.0027228192761934444,-0.017578709522954483,-0.03883626621380265,0.019816706147333996,-0.02642534876047764,none,,False,False,False,0.5541595455111794,-0.7740641270632351,stop,58.0,False,False,True,0.5541595455111794,-1.2063802451663157,2023,2023-05
ZEC,ZEC/USDT:USDT,2023-05-15 23:00:00+00:00,short_pullback_restart,short,32.85,33.60581586679139,0.023008093357424268,False,True,0.015829528158295376,1.6409758759257114,0.8888888888888911,0.08333333333333662,0.0006091989034420209,-0.008152173913043348,-0.022612317762570555,0.00797790733353776,-0.013217182337038058,none,,False,False,False,0.343999129184411,-0.5821523724659278,stop,41.0,False,False,True,0.343999129184411,-1.7199956459220644,2023,2023-05
SOL,SOL/USDT:USDT,2023-05-18 12:00:00+00:00,short_pullback_restart,short,20.555,21.114586908810317,0.027223882695709908,False,True,0.01697883726587206,1.6409942654184093,0.9241379310344878,0.04827586206896341,0.012811037201281072,0.004397752259956089,0.022738580953328702,0.025033660798882806,-0.00657290609443717,none,,False,False,False,0.8970903216218047,-0.2430364217939542,tp1,72.0,True,False,False,1.0579232478089808,-0.2430364217939542,2023,2023-05
NEAR,NEAR/USDT:USDT,2023-05-21 08:00:00+00:00,short_pullback_restart,short,1.648,1.6685990851317192,0.012499444861480136,False,True,0.010315533980582601,1.2001873507585639,0.5,0.25,0.009185548071034777,0.029356652092442204,0.0312891113892364,0.04968152866242037,-0.00121212121212122,tp1,3.0,True,True,False,3.7865759329229842,-0.0970916905877691,tp1,3.0,True,True,False,3.7865759329229842,-1.5049212041104265,2023,2023-05
ADA,ADA/USDT:USDT,2023-05-21 10:00:00+00:00,short_pullback_restart,short,0.3608,0.3677667037019538,0.01930904573712248,False,True,0.00914634146341455,3.595895623001683,0.8409090909090837,0.11363636363636336,0.00529395374756203,-0.021691973969631295,-0.01258894362342633,0.013767912334925692,-0.035809727418492754,stop,23.0,False,False,True,0.7033455432625655,-1.9234347509629235,stop,23.0,False,False,True,0.7033455432625655,-2.0956826391088623,2023,2023-05
LINK,LINK/USDT:USDT,2023-05-21 10:00:00+00:00,short_pullback_restart,short,6.465,6.546489639567927,0.012604739298983293,False,True,0.009126063418406832,2.124796728194862,0.5813953488372156,0.3255813953488415,0.010156249999999867,-0.012373968835930449,0.02003786683496367,0.0216498103666245,-0.02134423251589468,tp1,5.0,True,False,False,1.6811953117770393,-1.7302813062814841,tp1,5.0,True,False,False,1.8652677911686935,-2.0493402705603367,2023,2023-05
LINK,LINK/USDT:USDT,2023-05-23 18:00:00+00:00,short_pullback_restart,short,6.483,6.593488388578484,0.017042787070566744,False,True,0.013265463519975366,1.4629652809852818,0.6041666666666644,0.31249999999999306,-0.0012324757356340088,0.031011450381679184,0.020623425692695152,0.047503635482307294,-0.006893382352941124,tp1,9.0,True,True,False,2.660913094873856,-0.40728261656232484,tp1,9.0,True,True,False,3.013891362561202,-0.40728261656232484,2023,2023-05
DOGE,DOGE/USDT:USDT,2023-05-24 03:00:00+00:00,short_pullback_restart,short,0.07131,0.07307187901061361,0.02470732030028909,False,True,0.011218622914037428,5.837350444275852,0.8666666666666674,0.10370370370370431,0.002530577815267776,0.01624625908507915,-0.0009806668534603213,0.04437609841827772,-0.0016799664006719173,tp1,10.0,True,False,False,1.7197548649749437,-0.06810910356336122,tp1,10.0,True,False,False,1.7197548649749437,-0.06810910356336122,2023,2023-05
LINK,LINK/USDT:USDT,2023-05-24 03:00:00+00:00,short_pullback_restart,short,6.39,6.564472737731608,0.02730402781402316,False,True,0.014084507042253499,5.900156117001697,0.7323943661971866,0.2676056338028135,0.005349276274386305,0.018813775510204023,0.005665722379603277,0.03902439024390225,0.0,tp1,10.0,True,False,False,1.3755730730218274,0.0,tp1,10.0,True,False,False,1.3755730730218274,0.0,2023,2023-05
NEAR,NEAR/USDT:USDT,2023-05-24 03:00:00+00:00,short_pullback_restart,short,1.593,1.652316367299655,0.03723563546745453,False,True,0.016949152542372826,6.277766299602351,0.7547169811320771,0.2075471698113191,-0.0031289111389237734,0.011428571428571344,0.0006281407035175768,0.043905635648754826,-0.011786600496277999,tp1,22.0,True,False,False,1.1295364677598787,-0.32031631175280384,tp1,22.0,True,False,False,1.1295364677598787,-0.32031631175280384,2023,2023-05
SOL,SOL/USDT:USDT,2023-05-24 03:00:00+00:00,short_pullback_restart,short,19.545,20.172948069362885,0.03212832281211989,False,True,0.020056280378613428,3.783786801061485,0.7452229299363037,0.2462845010615779,0.002513336068937333,0.009712248798884326,0.0038520801232666546,0.054776038855909315,-0.0021952215642229156,tp1,10.0,True,False,False,1.6163756997132268,-0.06847700008637195,tp1,10.0,True,False,False,1.6163756997132268,-0.11147418618711383,2023,2023-05
ZEC,ZEC/USDT:USDT,2023-05-24 03:00:00+00:00,short_pullback_restart,short,31.56,32.450724518015726,0.028223210330029367,False,True,0.010773130544993771,6.614936686959605,0.6931818181818196,0.30681818181818044,0.0034976152623211743,0.020038784744667026,-0.030116779348494216,0.052000000000000046,-0.007234979553318643,tp1,10.0,True,False,False,1.7513832486336196,-0.2582167610164959,tp1,10.0,True,False,False,1.7513832486336196,-1.6615687230626666,2023,2023-05
TRX,TRX/USDT:USDT,2023-05-27 20:00:00+00:00,long_pullback_restart,long,0.07704,0.0758742491493917,0.01513176078151998,True,False,0.011552440290758073,2.1363448432049896,0.45283018867925073,0.6226415094339534,0.0064901349948078835,-0.004153686396677014,-0.009345794392523366,0.014148494288681368,-0.005841121495327006,none,,False,False,False,0.9350196908981331,-0.38601730358178854,stop,52.0,False,False,True,0.9350196908981331,-1.278146182970826,2023,2023-05
XRP,XRP/USDT:USDT,2023-05-28 17:00:00+00:00,long_pullback_restart,long,0.4766,0.4699997219026042,0.01384867414476674,True,False,0.008182962652119208,3.018516092768261,0.584615384615388,0.6769230769230786,0.011330255979857151,0.016575744859420816,0.06693243810323102,0.022450692404532013,-0.00314729332773811,tp1,5.0,True,False,False,1.6211438127465756,-0.22726315131961386,tp1,5.0,True,True,False,7.969361172941117,-0.22726315131961386,2023,2023-05
NEAR,NEAR/USDT:USDT,2023-06-01 02:00:00+00:00,short_compression_breakdown,short,1.538,1.579786094756713,0.027169112325561132,False,True,0.02275682704811438,1.8496635006335942,0.7777777777777705,0.18518518518518853,-0.014102564102564163,-0.01913265306122447,-0.05759803921568618,0.005228758169934622,-0.02287166454891998,none,,False,False,False,0.1914512482340741,-0.8615306170533334,stop,27.0,False,False,True,0.1914512482340741,-2.4410034149844395,2023,2023-06
NEAR,NEAR/USDT:USDT,2023-06-01 02:00:00+00:00,short_pullback_restart,short,1.538,1.579786094756713,0.027169112325561132,False,True,0.02275682704811438,1.8496635006335942,0.7777777777777705,0.18518518518518853,-0.014102564102564163,-0.01913265306122447,-0.05759803921568618,0.005228758169934622,-0.02287166454891998,none,,False,False,False,0.1914512482340741,-0.8615306170533334,stop,27.0,False,False,True,0.1914512482340741,-2.4410034149844395,2023,2023-06
XRP,XRP/USDT:USDT,2023-06-04 14:00:00+00:00,long_pullback_restart,long,0.53,0.5186642660697676,0.0213881772268537,True,False,0.01433962264150953,3.116555384572266,0.5454545454545481,0.7792207792207871,0.027924528301886742,0.010754716981131951,-0.014339622641509564,0.03169811320754712,-0.005094339622641608,tp1,6.0,True,False,False,1.4820390195639859,-0.23818484242993052,tp1,6.0,True,False,False,1.4820390195639859,-4.269683842077221,2023,2023-06
BTC,BTC/USDT:USDT,2023-06-05 15:00:00+00:00,short_pullback_restart,short,25991.9,26941.39621837639,0.03653046596733556,False,True,0.011299674129247985,8.569874054790622,0.9642339294345111,0.02525374577090562,0.013677206994992419,-0.002276286696966001,-0.02673566515264414,0.02647147099709346,-0.00562760625884684,none,,False,False,False,0.7059533119007008,-0.15492426104817486,stop,28.0,False,False,True,0.7059533119007008,-1.4770990898712941,2023,2023-06
LINK,LINK/USDT:USDT,2023-06-07 09:00:00+00:00,short_pullback_restart,short,6.095,6.27631240610063,0.029747728646534962,False,True,0.017391304347826066,2.0630432928446147,0.7962962962963016,0.20370370370369836,0.018890003343363437,0.018209154694286633,0.20406953773212155,0.04689110271384389,-0.0074906367041198685,tp1,10.0,True,False,False,1.505688473674997,-0.25370575014304153,tp1,10.0,True,True,False,7.7545714065459626,-0.25370575014304153,2023,2023-06
SOL,SOL/USDT:USDT,2023-06-07 14:00:00+00:00,short_pullback_restart,short,19.39,20.297785219514918,0.0468171851219658,False,True,0.0361526560082517,3.3271948143562335,0.6370967741935479,0.362903225806452,0.029685093728426537,0.02392142366795169,0.3131518352973046,0.06468262683944648,-0.0070667759115116136,tp1,13.0,True,False,False,1.2976637806787332,-0.15201833763468814,tp1,13.0,True,True,False,7.479742844489468,-0.15201833763468814,2023,2023-06
BNB,BNB/USDT:USDT,2023-06-09 02:00:00+00:00,short_pullback_restart,short,258.47,267.8457854520684,0.0362741728327016,False,True,0.026772933028978277,1.8071274988179533,0.6802884615384629,0.25000000000000683,-0.004582916121081415,0.02117656354944497,0.1540384872974061,0.02967891004700829,-0.02379423650715695,none,,False,False,False,0.7946000938360293,-0.6719437035123406,tp1,26.0,True,True,False,3.805547831955636,-0.6719437035123406,2023,2023-06
ADA,ADA/USDT:USDT,2023-06-09 06:00:00+00:00,short_pullback_restart,short,0.316,0.3263425162039007,0.0327294816579136,False,True,0.027531645569620206,2.081594131467274,0.7187499999999994,0.28125000000000056,-0.015269554378311012,0.3249475890985325,0.1403825333814508,0.4582371942778034,-0.0240889437924644,tp1,11.0,True,True,False,9.601145218660507,-0.7541685066017291,tp1,11.0,True,True,False,9.601145218660507,-0.7541685066017291,2023,2023-06
ZEC,ZEC/USDT:USDT,2023-06-10 01:00:00+00:00,short_pullback_restart,short,28.27,29.254012451980763,0.034807656596418955,False,True,0.021223912274495983,4.3998482199427675,0.5609756097560984,0.3292682926829262,0.18731625367492666,0.1923239139603543,0.12093576526566219,0.32288254562470753,-0.0024700070571630484,tp1,3.0,True,True,False,7.012106387587547,-0.0711373111784247,tp1,3.0,True,True,False,7.012106387587547,-0.0711373111784247,2023,2023-06
BNB,BNB/USDT:USDT,2023-06-11 13:00:00+00:00,short_pullback_restart,short,233.91,238.64255867978184,0.020232391431669643,False,True,0.017015091274421742,1.6183534666852557,0.5803278688524602,0.32786885245901515,-0.012954679719807571,0.015190312920446258,-0.0482177734375,0.06322727272727269,-0.023217939616653416,tp1,13.0,True,True,False,2.9392134236867395,-1.1748401607259729,tp1,13.0,True,True,False,2.9392134236867395,-4.027419687668532,2023,2023-06
LINK,LINK/USDT:USDT,2023-06-11 13:00:00+00:00,short_pullback_restart,short,5.106,5.2291456084344325,0.02411782382186304,False,True,0.016059537798668203,1.413331790453119,0.6034482758620732,0.3448275862068902,-0.01675332177931832,-0.003901677721420249,-0.04703247480403128,0.022426912294753798,-0.027243284435130466,stop,7.0,False,False,True,0.9094924408906802,-1.161226955780062,stop,7.0,False,False,True,0.9094924408906802,-2.5254656171160823,2023,2023-06
ZEC,ZEC/USDT:USDT,2023-06-13 15:00:00+00:00,short_pullback_restart,short,24.92,25.841382745945467,0.03697362543922411,False,True,0.028491171749598747,2.2917166570647045,0.7045454545454496,0.1818181818181855,-0.020440251572326984,-0.020825147347740547,0.01548492257538725,0.0,-0.025420414548298687,none,,False,False,False,0.0,-0.7054614413611681,tp1,29.0,True,False,False,1.1287383061778744,-0.7814342119692943,2023,2023-06
TRX,TRX/USDT:USDT,2023-06-14 20:00:00+00:00,short_pullback_restart,short,0.0701,0.0729148876048406,0.040155315332961634,False,True,0.015834522111269615,8.591159266020282,0.8912133891213406,0.0794979079497889,-0.021905957862424996,-0.0108649640186258,-0.01889433170048993,0.010960484568791395,-0.028008874098724434,none,,False,False,False,0.26999301808465315,-0.7176130217513207,none,,False,False,False,0.5115657184761859,-0.7176130217513207,2023,2023-06
ADA,ADA/USDT:USDT,2023-06-16 11:00:00+00:00,short_pullback_restart,short,0.257,0.2650492702536455,0.03132011771846494,False,True,0.022568093385214115,2.287912799201665,0.4375000000000007,0.3333333333333333,-0.02725208175624516,-0.03997011580127008,-0.013056835637480835,0.019032513877874857,-0.063752276867031,stop,7.0,False,False,True,0.5963273500260624,-2.1741101303033425,stop,7.0,False,False,True,0.5963273500260624,-2.1741101303033425,2023,2023-06
LINK,LINK/USDT:USDT,2023-06-16 11:00:00+00:00,short_pullback_restart,short,5.187,5.325159684675431,0.026635759528712343,False,True,0.019664545980335343,1.7355458867986993,0.5800000000000004,0.24000000000000996,-0.02481669486745619,-0.03119163242435563,0.017258285938419382,0.013481828839390309,-0.03873239436619713,stop,7.0,False,False,True,0.499422101042695,-1.5127423060568572,stop,7.0,False,False,True,0.9119881845127504,-1.5127423060568572,2023,2023-06
LINK,LINK/USDT:USDT,2023-06-19 10:00:00+00:00,short_compression_breakdown,short,5.07,5.2089783933715275,0.02741191190759905,False,True,0.02248520710059169,1.4064215258387105,0.5555555555555409,0.16666666666667215,0.007751937984496138,0.0029673590504453173,-0.11657083115525346,0.02012072434607659,-0.023309574263147725,none,,False,False,False,0.7195363075803678,-0.8706389321722372,stop,32.0,False,False,True,0.7195363075803678,-5.39652230685273,2023,2023-06
LINK,LINK/USDT:USDT,2023-06-19 10:00:00+00:00,short_pullback_restart,short,5.07,5.2089783933715275,0.02741191190759905,False,True,0.02248520710059169,1.4064215258387105,0.5555555555555409,0.16666666666667215,0.007751937984496138,0.0029673590504453173,-0.11657083115525346,0.02012072434607659,-0.023309574263147725,none,,False,False,False,0.7195363075803678,-0.8706389321722372,stop,32.0,False,False,True,0.7195363075803678,-5.39652230685273,2023,2023-06
BTC,BTC/USDT:USDT,2023-06-21 14:00:00+00:00,long_compression_breakout,long,29520.7,28613.593694608135,0.030727804740126964,True,False,0.025094255895016016,2.6984345859364254,0.41515376065209797,0.8719896257873312,0.015480662721412353,0.007272862770869359,0.03927752390695338,0.04408093304020566,-0.0020561843045727723,tp1,2.0,True,False,False,1.434561740189694,-0.06691608209445594,tp1,2.0,True,True,False,2.1819934314588965,-0.06691608209445594,2023,2023-06
BTC,BTC/USDT:USDT,2023-06-21 14:00:00+00:00,long_pullback_restart,long,29520.7,28613.593694608135,0.030727804740126964,True,False,0.025094255895016016,2.6984345859364254,0.41515376065209797,0.8719896257873312,0.015480662721412353,0.007272862770869359,0.03927752390695338,0.04408093304020566,-0.0020561843045727723,tp1,2.0,True,False,False,1.434561740189694,-0.06691608209445594,tp1,2.0,True,True,False,2.1819934314588965,-0.06691608209445594,2023,2023-06
XRP,XRP/USDT:USDT,2023-06-22 01:00:00+00:00,long_pullback_restart,long,0.5066,0.4891126888977287,0.0345189717770852,True,False,0.026056060007895752,1.515347102348002,0.758620689655181,0.7758620689655238,0.010856691669956398,-0.022502960915910086,-0.04046585076983833,0.04066324516383735,-0.060007895775760045,tp1,1.0,True,False,False,1.1779969990540338,-1.7384033384098423,tp1,1.0,True,False,False,1.1779969990540338,-1.7898692267180292,2023,2023-06
BTC,BTC/USDT:USDT,2023-06-23 14:00:00+00:00,long_pullback_restart,long,30274.9,29751.222224381447,0.017297423793920203,True,False,0.014596249698595253,2.730527684081891,0.5962242885319845,0.7886728655959434,0.02039973707592746,0.013387327456077402,0.0036036452638983363,0.04046586446197997,-0.00119901304380865,tp1,1.0,True,True,False,2.339415680860128,-0.0693174346708265,tp1,1.0,True,True,False,2.339415680860128,-0.6777068199634836,2023,2023-06
BTC,BTC/USDT:USDT,2023-06-23 15:00:00+00:00,long_pullback_restart,long,31232.9,29856.964922639916,0.04405402884010404,True,False,0.014407883994121583,13.014559993751886,0.759394323767243,0.7882511495164117,-0.018675819408380367,-0.02695875182900087,-0.02665138363712627,0.006646837149288043,-0.031085810155317084,none,,False,False,False,0.15087921182902522,-0.7056292233371958,none,,False,False,False,0.15087921182902522,-0.9541874624774992,2023,2023-06
BTC,BTC/USDT:USDT,2023-06-27 10:00:00+00:00,long_pullback_restart,long,30650.1,30055.274723554165,0.019406960383353853,True,False,0.013112518393088489,3.278914083431403,0.8444108761329305,0.8522658610271859,0.0014812349715009887,-0.010613342207692611,0.004916786568396114,0.011367010221826401,-0.017079879021601907,none,,False,False,False,0.5857182164176702,-0.8800903739800491,stop,26.0,False,False,True,1.0925897498560366,-1.4214258093603276,2023,2023-06
BTC,BTC/USDT:USDT,2023-06-29 07:00:00+00:00,long_pullback_restart,long,30333.9,29772.946399306664,0.01849263038031172,True,False,0.01483159105818907,1.2489550527125195,0.5201295696436937,0.6015733456733035,0.007222941988995757,0.01401732055555005,0.005630664042539868,0.03184885557082984,-0.00368894207470849,tp1,21.0,True,False,False,1.722245830681719,-0.19948173941961198,tp1,21.0,True,False,False,1.722245830681719,-1.4865757149420247,2023,2023-06
BTC,BTC/USDT:USDT,2023-06-29 10:00:00+00:00,long_pullback_restart,long,30688.8,30004.673767957996,0.02229237480911612,True,False,0.014135450066473857,3.2779475844033232,0.7502787068004418,0.8450390189520576,-0.006422538515679976,0.003649539897291554,-0.005985897135111218,0.019916060582362283,-0.01521076092906859,none,,False,False,False,0.8934023742601866,-0.6823302164670386,stop,27.0,False,False,True,0.8934023742601866,-1.7376910054327683,2023,2023-06
TRX,TRX/USDT:USDT,2023-06-30 03:00:00+00:00,long_pullback_restart,long,0.07499,0.0736823308086227,0.017437914273600485,True,False,0.013335111348179584,1.4371914855365115,0.659574468085119,0.7872340425531846,0.00933457794372572,0.018802507000933444,0.020002667022269716,0.02453660488065057,-0.015068675823443178,tp1,8.0,True,False,False,1.4070836968040958,-0.8641329224938269,tp1,8.0,True,True,False,2.049447993171191,-0.8641329224938269,2023,2023-06
TRX,TRX/USDT:USDT,2023-07-01 07:00:00+00:00,long_pullback_restart,long,0.07707,0.07545567637484439,0.0209461998852421,True,False,0.015051252108472744,1.2670777483412303,0.8767123287671321,0.8904109589041133,0.0010380173867912124,-0.020241339042429085,0.0029842999870246523,0.007785130400934204,-0.024393408589593824,stop,21.0,False,False,True,0.3716726873412187,-1.1645744203358077,stop,21.0,False,False,True,0.4831744935435835,-1.1645744203358077,2023,2023-07
SOL,SOL/USDT:USDT,2023-07-04 14:00:00+00:00,long_pullback_restart,long,19.522,19.01311411502865,0.026067302785132106,True,False,0.02007990984530271,2.1762807687500123,0.5227272727272598,0.84090909090908,-0.004661407642659432,-0.03611310316565919,0.08539084110234607,0.021923983198442798,-0.07022846019875006,stop,20.0,False,False,True,0.8410529995818177,-2.694120706604366,stop,20.0,False,False,True,3.493907087047829,-2.694120706604366,2023,2023-07
SOL,SOL/USDT:USDT,2023-07-04 15:00:00+00:00,long_compression_breakout,long,19.851,19.013234535383745,0.04220268322080772,True,False,0.02518764797743187,5.115411543985168,0.7511415525114189,0.773972602739725,-0.021510251372726774,-0.06427887763840612,0.06861115309052446,0.0006045035514583574,-0.0856380031232683,stop,19.0,False,False,True,0.014323817950047824,-2.029207542923364,stop,19.0,False,False,True,2.254807675636609,-2.029207542923364,2023,2023-07
SOL,SOL/USDT:USDT,2023-07-04 15:00:00+00:00,long_pullback_restart,long,19.851,19.013234535383745,0.04220268322080772,True,False,0.02518764797743187,5.115411543985168,0.7511415525114189,0.773972602739725,-0.021510251372726774,-0.06427887763840612,0.06861115309052446,0.0006045035514583574,-0.0856380031232683,stop,19.0,False,False,True,0.014323817950047824,-2.029207542923364,stop,19.0,False,False,True,2.254807675636609,-2.029207542923364,2023,2023-07
NEAR,NEAR/USDT:USDT,2023-07-05 10:00:00+00:00,short_compression_breakdown,short,1.355,1.4188480620271304,0.04712034097943207,False,True,0.026568265682656852,5.380516507329576,0.4909090909090899,0.38181818181818056,0.005192878338278861,-0.02024584237165583,-0.009502923976608235,0.018031555221637907,-0.027279253409906667,none,,False,False,False,0.37589238009764325,-0.5951629351546018,tp1,28.0,True,False,False,1.1120149577888596,-0.6734738476749424,2023,2023-07
NEAR,NEAR/USDT:USDT,2023-07-05 10:00:00+00:00,short_pullback_restart,short,1.355,1.4188480620271304,0.04712034097943207,False,True,0.026568265682656852,5.380516507329576,0.4909090909090899,0.38181818181818056,0.005192878338278861,-0.02024584237165583,-0.009502923976608235,0.018031555221637907,-0.027279253409906667,none,,False,False,False,0.37589238009764325,-0.5951629351546018,tp1,28.0,True,False,False,1.1120149577888596,-0.6734738476749424,2023,2023-07
NEAR,NEAR/USDT:USDT,2023-07-10 00:00:00+00:00,short_compression_breakdown,short,1.296,1.34754096756695,0.039769265097955274,False,True,0.022376543209876476,4.489438480623858,0.75,0.22500000000000278,0.0015455950540959051,-0.027756939234808597,-0.018181818181818188,0.009345794392523477,-0.04775900073475381,stop,19.0,False,False,True,0.23282449993614113,-1.261132707987429,stop,19.0,False,False,True,0.23282449993614113,-1.45515312460088,2023,2023-07
NEAR,NEAR/USDT:USDT,2023-07-10 00:00:00+00:00,short_pullback_restart,short,1.296,1.34754096756695,0.039769265097955274,False,True,0.022376543209876476,4.489438480623858,0.75,0.22500000000000278,0.0015455950540959051,-0.027756939234808597,-0.018181818181818188,0.009345794392523477,-0.04775900073475381,stop,19.0,False,False,True,0.23282449993614113,-1.261132707987429,stop,19.0,False,False,True,0.23282449993614113,-1.45515312460088,2023,2023-07
TRX,TRX/USDT:USDT,2023-07-12 08:00:00+00:00,long_pullback_restart,long,0.0778,0.07690272439892794,0.011533105412237227,True,False,0.009640102827763505,1.8899590347400115,0.4545454545454507,0.606060606060587,-0.0003856041131103938,0.0030848329048844825,0.04562982005141403,0.004241645244215997,-0.007326478149100257,none,,False,False,False,0.3677799770836631,-0.6352563240535802,tp1,31.0,True,True,False,5.55013419962602,-0.6352563240535802,2023,2023-07
TRX,TRX/USDT:USDT,2023-07-13 09:00:00+00:00,long_pullback_restart,long,0.07816,0.07732868182685826,0.010636107639991487,True,False,0.008572159672466608,1.5823993203799664,0.5652173913043242,0.695652173913033,0.016376663254861867,0.046699078812691974,0.025716479017400262,0.05910951893551708,-0.004605936540429845,tp1,6.0,True,True,False,5.557438955700937,-0.43304719135331765,tp1,6.0,True,True,False,5.557438955700937,-0.43304719135331765,2023,2023-07
TRX,TRX/USDT:USDT,2023-07-13 15:00:00+00:00,long_pullback_restart,long,0.07944,0.07753476152129639,0.023983364535543908,True,False,0.009315206445115694,11.554190324071106,0.7719298245614094,0.7894736842105254,0.020392749244712904,0.03235146022155089,0.006168177240684747,0.04204431017119847,-0.001888217522658553,tp1,3.0,True,False,False,1.7530613817293172,-0.07873030157466833,tp1,3.0,True,False,False,1.7530613817293172,-0.49337655653459495,2023,2023-07
NEAR,NEAR/USDT:USDT,2023-07-16 14:00:00+00:00,long_pullback_restart,long,1.507,1.448738714449596,0.038660441639285927,True,False,0.0258792302587924,2.27472619196076,0.7741935483870924,0.8387096774193507,-0.03185136031851343,-0.01725282017252805,-0.027869940278699268,0.001990710019907249,-0.057067020570670146,stop,9.0,False,False,True,0.05149216965706512,-1.476108863502475,stop,9.0,False,False,True,0.2231327351806092,-1.476108863502475,2023,2023-07
ZEC,ZEC/USDT:USDT,2023-07-16 14:00:00+00:00,long_pullback_restart,long,31.46,30.378680234160914,0.034371257655406454,True,False,0.027336300063572773,2.014237094062313,0.6249999999999967,0.8250000000000002,-0.01621106166560715,0.02129688493324866,-0.015893197711379536,0.03432930705657977,-0.041640178003814476,stop,20.0,False,False,True,0.99877948606806,-1.2114825247677434,stop,20.0,False,False,True,1.3686978142414148,-1.2114825247677434,2023,2023-07
XRP,XRP/USDT:USDT,2023-07-18 23:00:00+00:00,long_pullback_restart,long,0.7776,0.7391626396000381,0.04943076183122662,True,False,0.03986625514403296,1.2537815102848318,0.4591836734693867,0.6326530612244861,0.028163580246913567,0.05362654320987659,-0.008616255144032858,0.10069444444444442,-0.012602880658436066,tp1,4.0,True,True,False,2.037080569145373,-0.25496027557630246,tp1,4.0,True,True,False,2.037080569145373,-0.4917091028971566,2023,2023-07
NEAR,NEAR/USDT:USDT,2023-07-19 01:00:00+00:00,long_pullback_restart,long,1.505,1.4365860141543496,0.04545779790408657,True,False,0.038538205980066485,1.2304522500161634,0.38888888888888273,0.6111111111111049,-0.008637873754152814,-0.015282392026577996,-0.02392026578073081,0.00996677740863805,-0.03322259136212613,none,,False,False,False,0.21925341455534877,-0.7308447151844872,tp1,29.0,True,False,False,1.4909232189763606,-0.7308447151844872,2023,2023-07
SOL,SOL/USDT:USDT,2023-07-19 18:00:00+00:00,long_pullback_restart,long,26.848,25.578478894506222,0.04728550005563828,True,False,0.04022646007151365,1.4523118385449045,0.5361445783132494,0.9307228915662654,-0.01579261025029799,-0.05475268176400472,-0.05613081048867696,0.02003873659118005,-0.062388259833134674,stop,21.0,False,False,True,0.42378184787305817,-1.319395158340841,stop,21.0,False,False,True,0.42378184787305817,-1.4556670164858936,2023,2023-07
SOL,SOL/USDT:USDT,2023-07-20 08:00:00+00:00,long_compression_breakout,long,27.2,26.047300717112076,0.04237865010617364,True,False,0.031691176470588306,1.3731704124094293,0.6479400749063685,0.7659176029962542,-0.04117647058823537,-0.07209558823529405,-0.08757352941176466,0.006838235294117645,-0.0808823529411764,stop,6.0,False,False,True,0.1613603849340511,-1.9085636927683465,stop,6.0,False,False,True,0.1613603849340511,-2.8194690915896037,2023,2023-07
SOL,SOL/USDT:USDT,2023-07-20 08:00:00+00:00,long_pullback_restart,long,27.2,26.047300717112076,0.04237865010617364,True,False,0.031691176470588306,1.3731704124094293,0.6479400749063685,0.7659176029962542,-0.04117647058823537,-0.07209558823529405,-0.08757352941176466,0.006838235294117645,-0.0808823529411764,stop,6.0,False,False,True,0.1613603849340511,-1.9085636927683465,stop,6.0,False,False,True,0.1613603849340511,-2.8194690915896037,2023,2023-07
ZEC,ZEC/USDT:USDT,2023-07-22 04:00:00+00:00,long_pullback_restart,long,31.98,31.158256785960283,0.02569553514820879,True,False,0.022826766729205767,1.4691098227496273,0.6500000000000089,0.6500000000000089,-0.008442776735459678,0.0034396497811133298,-0.06910569105691056,0.0062539086929329635,-0.03470919324577859,stop,19.0,False,False,True,0.2433850338925132,-1.3507869381034523,stop,19.0,False,False,True,0.6206318364259128,-3.918499045669475,2023,2023-07
NEAR,NEAR/USDT:USDT,2023-07-27 18:00:00+00:00,short_pullback_restart,short,1.353,1.390388010530954,0.027633415026573602,False,True,0.023651145602364972,1.6416175154929826,0.6315789473684248,0.2631578947368378,-0.022398843930635737,-0.025216138328530202,-0.03563791874554534,0.0007396449704140107,-0.03701067615658371,stop,15.0,False,False,True,0.026746542161476473,-1.390820192396931,stop,15.0,False,False,True,0.026746542161476473,-1.7385252404961609,2023,2023-07
ZEC,ZEC/USDT:USDT,2023-07-30 06:00:00+00:00,short_pullback_restart,short,30.05,30.518363030443357,0.015586124141209861,False,True,0.010981697171380974,1.6340650317316836,0.7499999999999956,0.19999999999999646,-0.0006651147322913609,-0.004307488402915838,0.007375125712370201,0.05033205173016442,-0.010862409479920898,tp1,13.0,True,True,False,3.074538139009147,-0.7045816568562585,tp1,13.0,True,True,False,3.074538139009147,-1.451865232309873,2023,2023-07
NEAR,NEAR/USDT:USDT,2023-07-31 19:00:00+00:00,short_compression_breakdown,short,1.361,1.4063171173646272,0.03329692679252548,False,True,0.024246877296105744,1.7151927243561986,0.6190476190476211,0.38095238095237893,-0.0007342143906021725,-0.02924393723252494,-0.00511695906432752,0.03340926347760065,-0.03338068181818177,stop,24.0,False,False,True,0.9709355439793433,-1.0371356947052053,stop,24.0,False,False,True,0.9709355439793433,-1.3902031652431484,2023,2023-07
NEAR,NEAR/USDT:USDT,2023-07-31 19:00:00+00:00,short_pullback_restart,short,1.361,1.4063171173646272,0.03329692679252548,False,True,0.024246877296105744,1.7151927243561986,0.6190476190476211,0.38095238095237893,-0.0007342143906021725,-0.02924393723252494,-0.00511695906432752,0.03340926347760065,-0.03338068181818177,stop,24.0,False,False,True,0.9709355439793433,-1.0371356947052053,stop,24.0,False,False,True,0.9709355439793433,-1.3902031652431484,2023,2023-07
ETH,ETH/USDT:USDT,2023-08-02 14:00:00+00:00,short_pullback_restart,short,1840.96,1871.4441177012632,0.01655881589022202,False,True,0.01163523379106557,2.3455636807355837,0.9187817258883214,0.08121827411167865,-0.00045064855385246183,-0.0032108030256269293,0.003073033585423879,0.0115164835164836,-0.004477515087279116,none,,False,False,False,0.687571154441893,-0.27161684917838,tp1,54.0,True,False,False,1.0559597071318958,-0.5885031732198271,2023,2023-08
ZEC,ZEC/USDT:USDT,2023-08-04 08:00:00+00:00,short_pullback_restart,short,29.37,30.020248846905897,0.022139899452022334,False,True,0.019067075246850484,2.159596371980915,0.7333333333333278,0.03333333333333847,-0.0023777173913043237,0.010667584308327704,-0.003054989816700604,0.02263231197771587,-0.009777478084962876,none,,False,False,False,0.9996173051177591,-0.4459831053602282,tp1,28.0,True,False,False,1.1226471272860958,-0.6459065663837779,2023,2023-08
ADA,ADA/USDT:USDT,2023-08-06 13:00:00+00:00,short_pullback_restart,short,0.292,0.29599103140891897,0.013667915783969137,False,True,0.008904109589041066,2.0179928987832376,0.8125000000000195,0.1874999999999805,0.0006854009595613775,-0.0034129692832765013,-0.025367156208277675,0.0058560110230794216,-0.013846673421141431,stop,13.0,False,False,True,0.4259550541749412,-1.0273033659513393,stop,13.0,False,False,True,2.7561797623084647,-2.63089886402173,2023,2023-08
NEAR,NEAR/USDT:USDT,2023-08-06 13:00:00+00:00,short_pullback_restart,short,1.345,1.3736776033671512,0.02132163819119048,False,True,0.016356877323420088,1.5500137979898678,0.75,0.25,0.00298284862043241,0.004480955937266717,-0.008112094395280378,0.009759759759759623,-0.013206162876008842,none,,False,False,False,0.4533154264519458,-0.6276675135488534,tp1,27.0,True,False,False,1.5691687838721295,-1.0809829400007993,2023,2023-08
TRX,TRX/USDT:USDT,2023-08-06 18:00:00+00:00,short_pullback_restart,short,0.07659,0.0775211449949526,0.012157527026408163,False,True,0.008747878313095755,6.093802899087846,0.7027027027027017,0.14864864864864916,-0.005712060236271577,0.0017002354172117595,0.0032748231595494115,0.014437086092715434,-0.009056799068443477,tp1,22.0,True,False,False,1.1706017923185987,-0.7517626189201875,tp1,22.0,True,False,False,1.1706017923185987,-0.8484178127813627,2023,2023-08
NEAR,NEAR/USDT:USDT,2023-08-07 14:00:00+00:00,short_pullback_restart,short,1.333,1.3648966427028226,0.023928464143152788,False,True,0.018754688672167976,2.9683751310146285,0.4615384615384655,0.2307692307692242,0.0015026296018032514,-0.010393466963622866,0.0015026296018032514,0.02538461538461534,-0.022727272727272818,tp1,2.0,True,False,False,1.0345916436239735,-0.9718891197679818,tp1,2.0,True,False,False,1.0345916436239735,-1.3481042629039663,2023,2023-08
SOL,SOL/USDT:USDT,2023-08-08 15:00:00+00:00,long_compression_breakout,long,23.719,23.0052710863263,0.030091020433985483,True,False,0.023314642269910233,3.97411853995976,0.6823734729493961,0.6841186736474723,0.023567604030523936,0.0350773641384543,0.03465576120409786,0.053585732956701326,-0.0008853661621485154,tp1,4.0,True,False,False,1.7807881615134697,-0.029422935792119877,tp1,4.0,True,False,False,1.7807881615134697,-0.029422935792119877,2023,2023-08
DOGE,DOGE/USDT:USDT,2023-08-09 07:00:00+00:00,long_compression_breakout,long,0.0756,0.07440114484824935,0.015857872377654132,True,False,0.013095238095238158,1.4389443569083729,0.6575342465753271,0.6712328767123269,0.0015873015873015817,-0.002777777777777768,0.009788359788359902,0.011507936507936467,-0.019179894179894297,stop,14.0,False,False,True,0.7256923396705272,-1.2094872327842234,stop,14.0,False,False,True,1.1093917376572462,-1.2094872327842234,2023,2023-08
DOGE,DOGE/USDT:USDT,2023-08-09 07:00:00+00:00,long_pullback_restart,long,0.0756,0.07440114484824935,0.015857872377654132,True,False,0.013095238095238158,1.4389443569083729,0.6575342465753271,0.6712328767123269,0.0015873015873015817,-0.002777777777777768,0.009788359788359902,0.011507936507936467,-0.019179894179894297,stop,14.0,False,False,True,0.7256923396705272,-1.2094872327842234,stop,14.0,False,False,True,1.1093917376572462,-1.2094872327842234,2023,2023-08
SOL,SOL/USDT:USDT,2023-08-09 10:00:00+00:00,long_compression_breakout,long,24.838,23.99757005445475,0.033836458070104256,True,False,0.02782027538449146,1.2009736719374167,0.536170212765964,0.6765957446808557,-0.01614461711893067,-0.01550044286979635,-0.012279571624124297,0.005636524679925925,-0.030034624365891105,none,,False,False,False,0.1665814036518798,-0.8876409080307299,none,,False,False,False,0.1665814036518798,-0.8876409080307299,2023,2023-08
SOL,SOL/USDT:USDT,2023-08-09 10:00:00+00:00,long_pullback_restart,long,24.838,23.99757005445475,0.033836458070104256,True,False,0.02782027538449146,1.2009736719374167,0.536170212765964,0.6765957446808557,-0.01614461711893067,-0.01550044286979635,-0.012279571624124297,0.005636524679925925,-0.030034624365891105,none,,False,False,False,0.1665814036518798,-0.8876409080307299,none,,False,False,False,0.1665814036518798,-0.8876409080307299,2023,2023-08
SOL,SOL/USDT:USDT,2023-08-10 12:00:00+00:00,long_pullback_restart,long,24.665,24.082597492157024,0.023612507919844917,True,False,0.016825461179809556,3.735950316596017,0.6247086247086285,0.7296037296037294,-0.00450030407459967,-0.008473545509831704,0.0024731400770321432,0.010825055747009982,-0.012771133184674599,none,,False,False,False,0.45844582810757223,-0.5408630556325262,tp1,58.0,True,False,False,1.090311239132246,-0.5580333113668949,2023,2023-08
ADA,ADA/USDT:USDT,2023-08-11 15:00:00+00:00,short_pullback_restart,short,0.2941,0.29767127734339127,0.012143071551823528,False,True,0.009520571234274142,2.774380842256146,0.645161290322583,0.1935483870967713,0.0044398907103824214,0.0013619339462034308,0.009265614275909329,0.00650239561943855,-0.0027127839945745302,none,,False,False,False,0.5320225278823374,-0.2240094854241535,tp1,30.0,True,True,False,2.184092482885427,-0.2240094854241535,2023,2023-08
SOL,SOL/USDT:USDT,2023-08-12 16:00:00+00:00,long_pullback_restart,long,24.736,24.388014446637776,0.014067980003324099,True,False,0.011723803363518723,2.4188111633188645,0.5479452054794617,0.6438356164383608,0.009742884864165635,-0.010147153945666232,0.00036384217335050373,0.022800776196636452,-0.01487710219922389,tp1,6.0,True,False,False,1.6207569381850788,-1.0575151653406247,tp1,6.0,True,True,False,2.1954934410875873,-1.9885883000426858,2023,2023-08
SOL,SOL/USDT:USDT,2023-08-14 15:00:00+00:00,long_pullback_restart,long,24.803,24.274765986108665,0.021297182352591842,True,False,0.0160867636979398,2.2691884949683137,0.579288025889979,0.750809061488677,0.006370197153570123,-0.0037092287223320364,-0.07870015723904378,0.028101439342015144,-0.011571180905535772,tp1,10.0,True,False,False,1.3194909484631956,-0.5433198023083803,tp1,10.0,True,False,False,1.3194909484631956,-4.738430192257364,2023,2023-08
NEAR,NEAR/USDT:USDT,2023-08-14 18:00:00+00:00,short_pullback_restart,short,1.331,1.3553892801576528,0.01832402716577975,False,True,0.013523666416228411,2.356070051349457,0.63636363636364,0.18181818181818,-0.005974607916355512,0.00909780136467031,0.10456431535269695,0.0144817073170731,-0.00819672131147553,none,,False,False,False,0.7790307822610378,-0.45101782130902907,tp1,25.0,True,True,False,6.478255978802343,-0.45101782130902907,2023,2023-08
ADA,ADA/USDT:USDT,2023-08-15 18:00:00+00:00,short_pullback_restart,short,0.287,0.29084125685025924,0.013384170209962604,False,True,0.010452961672473877,2.742571218300281,0.615384615384622,0.38461538461537803,0.019538188277087087,0.04136429608127701,0.08342770856927118,0.05943152454780365,-0.00034831069313845386,tp1,1.0,True,True,False,4.191336488970616,-0.026033145894239006,tp1,1.0,True,True,False,14.344263387719305,-0.026033145894239006,2023,2023-08
BTC,BTC/USDT:USDT,2023-08-17 13:00:00+00:00,short_compression_breakdown,short,28393.3,28717.7005167186,0.011425248798787058,False,True,0.00941419278491767,1.4736012090729154,0.5796407185628699,0.12395209580838759,0.01806779636707856,0.08256093701745071,0.08674584432136978,0.1550913307025752,-0.003743859649122827,tp1,2.0,True,True,False,11.75183084960052,-0.3289143959427076,tp1,2.0,True,True,False,11.75183084960052,-0.3289143959427076,2023,2023-08
BTC,BTC/USDT:USDT,2023-08-17 13:00:00+00:00,short_pullback_restart,short,28393.3,28717.7005167186,0.011425248798787058,False,True,0.00941419278491767,1.4736012090729154,0.5796407185628699,0.12395209580838759,0.01806779636707856,0.08256093701745071,0.08674584432136978,0.1550913307025752,-0.003743859649122827,tp1,2.0,True,True,False,11.75183084960052,-0.3289143959427076,tp1,2.0,True,True,False,11.75183084960052,-0.3289143959427076,2023,2023-08
ADA,ADA/USDT:USDT,2023-08-17 14:00:00+00:00,short_pullback_restart,short,0.2734,0.2787743068415588,0.01965730373649897,False,True,0.013533284564740239,1.6556371766450106,0.5161290322580807,0.2580645161290224,0.01146873843877172,0.0363912054586808,0.02435369052079417,0.17895644674428635,-0.0032810791104630477,tp1,1.0,True,True,False,7.721926049902075,-0.1674634565039027,tp1,1.0,True,True,False,7.721926049902075,-0.1674634565039027,2023,2023-08
BNB,BNB/USDT:USDT,2023-08-17 14:00:00+00:00,short_pullback_restart,short,229.37,232.08046331720732,0.011816991399081456,False,True,0.008021973231024123,1.5605134355267576,0.4693877551020325,0.2500000000000036,0.020283795204839583,0.05822376009227215,0.06362160908880132,0.12199774984102141,-0.0022619513680455228,tp1,1.0,True,True,False,9.201378908789868,-0.19184911918887587,tp1,1.0,True,True,False,9.201378908789868,-0.19184911918887587,2023,2023-08
DOGE,DOGE/USDT:USDT,2023-08-17 14:00:00+00:00,short_pullback_restart,short,0.06648,0.06851337358665208,0.030586245286583623,False,True,0.024217809867629368,1.4673955420735365,0.43396226415094885,0.3490566037735833,0.015426913089964911,0.05944223107569724,0.044790193305044745,0.20872727272727265,-0.007020164301717702,tp1,2.0,True,True,False,5.645789871256101,-0.2311429651124005,tp1,2.0,True,True,False,5.645789871256101,-0.2311429651124005,2023,2023-08
ETH,ETH/USDT:USDT,2023-08-17 14:00:00+00:00,short_pullback_restart,short,1778.46,1804.4038922190325,0.014587841289111073,False,True,0.010992656568042117,2.0462204825750323,0.49564528899445265,0.1536025336500426,0.03524631674534762,0.06941588194970594,0.06681143076517038,0.1914702611445338,-0.000561968237555166,tp1,1.0,True,True,False,11.016080300793751,-0.03854471763748689,tp1,1.0,True,True,False,11.016080300793751,-0.03854471763748689,2023,2023-08
LINK,LINK/USDT:USDT,2023-08-17 14:00:00+00:00,short_pullback_restart,short,6.715,6.879470751554658,0.02449303820620375,False,True,0.01608339538346979,1.4062580926076864,0.6419753086419782,0.17283950617284155,0.026758409785932802,0.08727331606217614,0.09382635608405265,0.20969194739686547,-0.005627128683548088,tp1,1.0,True,True,False,7.077246191175641,-0.23104411964319263,tp1,1.0,True,True,False,7.077246191175641,-0.23104411964319263,2023,2023-08
NEAR,NEAR/USDT:USDT,2023-08-17 14:00:00+00:00,short_pullback_restart,short,1.199,1.230427119686804,0.026211108996500327,False,True,0.018348623853211024,1.6497772770067807,0.5882352941176509,0.23529411764706035,0.002508361204013543,0.04899387576552927,0.04079861111111116,0.19900000000000007,-0.01154163231657046,tp1,7.0,True,True,False,6.332110673303582,-0.44547512274497586,tp1,7.0,True,True,False,6.332110673303582,-0.44547512274497586,2023,2023-08
ZEC,ZEC/USDT:USDT,2023-08-17 14:00:00+00:00,short_pullback_restart,short,26.69,27.16128350884733,0.01765768111080286,False,True,0.013113525665043008,1.7266412657356611,0.6571428571428557,0.31428571428572155,0.011367942402425113,0.0902777777777779,0.0744766505636072,0.23679332715477308,-0.006329113924050556,tp1,1.0,True,True,False,10.84273033974414,-0.3607170563124232,tp1,1.0,True,True,False,10.84273033974414,-0.3607170563124232,2023,2023-08
ADA,ADA/USDT:USDT,2023-08-17 15:00:00+00:00,short_pullback_restart,short,0.2686,0.2787847134957332,0.03791777176371254,False,True,0.021221146686522648,3.8811911339521137,0.7014925373134319,0.14925373134328407,0.07569082899479374,0.022848438690022954,-0.0007440476190475609,0.15825786977145317,-0.020065669463699365,tp1,6.0,True,True,False,3.6034396073463637,-0.5400250092753409,tp1,6.0,True,True,False,3.6034396073463637,-0.5400250092753409,2023,2023-08
BNB,BNB/USDT:USDT,2023-08-17 15:00:00+00:00,short_pullback_restart,short,224.95,232.09128736597822,0.031746109650936785,False,True,0.01315847966214718,5.764626324104269,0.7378964941569333,0.17529215358931324,0.04754586942348871,0.03792737507497801,0.04104961125509066,0.10037665704642174,-0.007544339539398259,tp1,6.0,True,True,False,2.8734314904843643,-0.23945262420703167,tp1,6.0,True,True,False,2.8734314904843643,-0.23945262420703167,2023,2023-08
LINK,LINK/USDT:USDT,2023-08-17 15:00:00+00:00,short_pullback_restart,short,6.605,6.879737126443611,0.04159532572953978,False,True,0.025132475397426246,4.149913138846959,0.5288461538461506,0.2884615384615406,0.08993399339934016,0.07206622301574428,0.07067596044739832,0.18987569807241944,-0.011079502919598694,tp1,6.0,True,True,False,3.8363944969641137,-0.2693483802422616,tp1,6.0,True,True,False,3.8363944969641137,-0.2693483802422616,2023,2023-08
NEAR,NEAR/USDT:USDT,2023-08-17 15:00:00+00:00,short_pullback_restart,short,1.187,1.2304966111377467,0.03664415428622292,False,True,0.02780117944397634,3.741704367587989,0.44827586206896,0.3103448275862095,0.07615593834995482,0.04581497797356837,0.02948829141370335,0.18700000000000006,-0.021434460016488077,tp1,6.0,True,True,False,4.299185502240665,-0.5977477168890768,tp1,6.0,True,True,False,4.299185502240665,-0.5977477168890768,2023,2023-08
XRP,XRP/USDT:USDT,2023-08-17 15:00:00+00:00,short_pullback_restart,short,0.576,0.5947218930655298,0.032503286572100436,False,True,0.022569444444444465,3.6711971342373593,0.4571428571428619,0.24999999999999603,0.1905746176105827,0.146725064702369,0.069042316258352,0.4110730034296912,-0.006211180124223725,tp1,6.0,True,True,False,8.962768851027567,-0.19228824710190512,tp1,6.0,True,True,False,8.962768851027567,-0.19228824710190512,2023,2023-08
ZEC,ZEC/USDT:USDT,2023-08-17 15:00:00+00:00,short_pullback_restart,short,26.3,27.16262040107252,0.032799254793631896,False,True,0.020152091254752893,2.515902964350669,0.5633802816901382,0.21126760563380556,0.11867290514674611,0.07698607698607685,0.05326391670004016,0.21872103799814657,-0.016822429906542036,tp1,6.0,True,True,False,5.4716999437197416,-0.5216663081936184,tp1,6.0,True,True,False,5.4716999437197416,-0.5216663081936184,2023,2023-08
LINK,LINK/USDT:USDT,2023-08-21 10:00:00+00:00,short_pullback_restart,short,6.136,6.261949125831938,0.02052625909907726,False,True,0.01434159061277692,3.2979902827365177,0.7076923076923172,0.23076923076922762,0.006726825266611947,-0.012552301255230214,-0.02572245157192754,0.022666666666666613,-0.01635139467778135,tp1,5.0,True,False,False,1.0798010633394437,-0.8098507975045846,tp1,5.0,True,True,False,2.373974396606572,-2.3977935377096418,2023,2023-08
NEAR,NEAR/USDT:USDT,2023-08-21 10:00:00+00:00,short_pullback_restart,short,1.137,1.1746349899848862,0.033100255043875315,False,True,0.018469656992084547,4.133999263051703,0.7391304347826003,0.21739130434782986,0.010666666666666602,0.010666666666666602,-0.04453781512605037,0.028028933092224095,-0.014731369150779772,none,,False,False,False,0.8237015610326759,-0.451707307663079,tp1,32.0,True,False,False,1.195695814402273,-2.444533665000208,2023,2023-08
XRP,XRP/USDT:USDT,2023-08-22 13:00:00+00:00,short_pullback_restart,short,0.5132,0.5237238023995844,0.020506240061544022,False,True,0.016562743569758502,2.3594998550759243,0.7761194029850674,0.1791044776119361,0.003716017993350418,-0.013835511145272816,-0.006196746707978318,0.022107149970125528,-0.023220403502093645,tp1,8.0,True,False,False,1.0547518452492382,-1.1592768028865492,tp1,8.0,True,False,False,1.0547518452492382,-2.2140286481357876,2023,2023-08
NEAR,NEAR/USDT:USDT,2023-08-22 17:00:00+00:00,short_pullback_restart,short,1.101,1.1370561442236333,0.032748541529185604,False,True,0.023614895549500477,2.13387504710433,0.8846153846153965,0.03846153846153452,-0.058169375534645074,-0.10122448979591847,-0.06536502546689305,0.008241758241758212,-0.10268948655256727,stop,3.0,False,False,True,0.2496107166694979,-3.494550033373014,stop,3.0,False,False,True,0.2496107166694979,-3.550019081521792,2023,2023-08
DOGE,DOGE/USDT:USDT,2023-08-24 14:00:00+00:00,short_pullback_restart,short,0.06264,0.06408505855975927,0.023069261809694538,False,True,0.0161238825031928,4.082495148401634,0.674698795180731,0.26506024096385383,0.005618879434901247,0.012281835811247532,-0.012298959318826963,0.016883116883116944,-0.009957325746799528,none,,False,False,False,0.7196940172260246,-0.4359684912042306,none,,False,False,False,0.7196940172260246,-0.7750550954741781,2023,2023-08
ETH,ETH/USDT:USDT,2023-08-24 14:00:00+00:00,short_pullback_restart,short,1645.08,1680.215380488769,0.02135785523425547,False,True,0.011160551462542932,4.149568115821453,0.894929191411606,0.08999543170397525,-0.002480035411752679,0.0037463238434596313,-0.007109834264814152,0.008224752705833227,-0.01887602655168097,none,,False,False,False,0.38195117893456554,-0.900801401883694,none,,False,False,False,0.38195117893456554,-0.900801401883694,2023,2023-08
LINK,LINK/USDT:USDT,2023-08-24 14:00:00+00:00,short_pullback_restart,short,6.167,6.352967426538301,0.030155249965672343,False,True,0.020593481433436138,3.9514804933115184,0.8020833333333321,0.17708333333332754,0.024588802126598974,0.04031713900134948,0.023228803716608626,0.0440155747418316,-0.002749029754204435,tp1,6.0,True,False,False,1.398094305222054,-0.09141385841836702,tp1,6.0,True,False,False,1.398094305222054,-0.09141385841836702,2023,2023-08
SOL,SOL/USDT:USDT,2023-08-24 14:00:00+00:00,short_pullback_restart,short,21.232,22.04146334758391,0.038124686679724525,False,True,0.025762999246420358,3.3306964039319698,0.7112403100775235,0.26744186046511353,0.020965570301981096,0.04658155469019576,0.019641742304182808,0.047510977354580985,-0.00468779298706179,tp1,14.0,True,False,False,1.1896770902281946,-0.12353863865298134,tp1,14.0,True,False,False,1.4268712764419111,-0.12353863865298134,2023,2023-08
ZEC,ZEC/USDT:USDT,2023-08-24 14:00:00+00:00,short_pullback_restart,short,24.62,25.449194940740384,0.033679729518293365,False,True,0.023558082859463925,3.90723213807114,0.720930232558137,0.25581395348837094,0.02072968490878946,-0.0032388663967610754,-0.009255533199195143,0.025406080799666775,-0.014411529223378627,none,,False,False,False,0.7356533066341848,-0.43415604981689565,none,,False,False,False,0.7356533066341848,-0.9044917704518673,2023,2023-08
SOL,SOL/USDT:USDT,2023-08-25 14:00:00+00:00,short_compression_breakdown,short,20.287,21.00982065763239,0.03562974602614433,False,True,0.02765317691132252,5.106002676458583,0.553225806451612,0.02903225806451718,-4.92902208202306e-05,-0.003830100662902014,-0.013566079937761377,0.010459730039348303,-0.016769253138176676,none,,False,False,False,0.29052849802031877,-0.47868028721443623,none,,False,False,False,0.3901382687701474,-0.8702020250227773,2023,2023-08
SOL,SOL/USDT:USDT,2023-08-25 14:00:00+00:00,short_pullback_restart,short,20.287,21.00982065763239,0.03562974602614433,False,True,0.02765317691132252,5.106002676458583,0.553225806451612,0.02903225806451718,-4.92902208202306e-05,-0.003830100662902014,-0.013566079937761377,0.010459730039348303,-0.016769253138176676,none,,False,False,False,0.29052849802031877,-0.47868028721443623,none,,False,False,False,0.3901382687701474,-0.8702020250227773,2023,2023-08
ADA,ADA/USDT:USDT,2023-08-26 08:00:00+00:00,short_pullback_restart,short,0.2585,0.2615513871092415,0.011804205451611085,False,True,0.00928433268858806,1.810743804726765,0.6153846153846138,0.38461538461538625,-0.006533435818600997,-0.017483846446218143,-0.01448722836446803,0.0019379844961240345,-0.019347496206373216,stop,13.0,False,False,True,0.16385990439747705,-1.6713710248542624,stop,13.0,False,False,True,0.39326377055395584,-3.211654126190539,2023,2023-08
LINK,LINK/USDT:USDT,2023-08-26 16:00:00+00:00,short_pullback_restart,short,5.97,6.0459952623076,0.012729524674639925,False,True,0.010385259631490685,1.289518052431289,0.6444444444444436,0.33333333333332676,-0.004336224149433021,-0.01142573273720815,-0.04357577699455306,0.0031927407158460763,-0.01142573273720815,none,,False,False,False,0.2500155854860432,-0.9079513367650974,tp1,33.0,True,False,False,1.7895852434790354,-4.592391543927818,2023,2023-08
NEAR,NEAR/USDT:USDT,2023-08-28 00:00:00+00:00,short_pullback_restart,short,1.164,1.1968844998395447,0.028251288521945687,False,True,0.023195876288659913,1.6906724011697114,0.7222222222222284,0.27777777777777163,0.0025839793281652312,-0.025941422594142338,-0.026755852842809347,0.016593886462882068,-0.030000000000000027,stop,15.0,False,False,True,0.5777798078945307,-1.094740688642275,stop,15.0,False,False,True,0.5777798078945307,-2.828080112325874,2023,2023-08
XRP,XRP/USDT:USDT,2023-08-29 06:00:00+00:00,short_pullback_restart,short,0.5166,0.5251354742544527,0.016522404673737476,False,True,0.01277584204413461,1.8286129417722095,0.8205128205128409,0.1282051282051136,0.0003872966692486379,-0.025283018867924723,0.0225653206650831,0.0076067875950847075,-0.06106870229007644,stop,8.0,False,False,True,0.4569166145589807,-3.93651237158517,stop,8.0,False,False,True,2.694636444835077,-3.93651237158517,2023,2023-08
ETH,ETH/USDT:USDT,2023-09-01 14:00:00+00:00,short_compression_breakdown,short,1629.8,1653.9691203905134,0.014829500791823168,False,True,0.011823536630261372,3.756063150156093,0.6094205919133019,0.3668195081283848,0.0009396476014420507,-0.004373961489590461,0.00046039102544437327,0.017848890221206393,-0.007393692826778153,tp1,3.0,True,False,False,1.1825006263454187,-0.5022938279857782,tp1,3.0,True,False,False,1.1825006263454187,-0.7629570171381961,2023,2023-09
ETH,ETH/USDT:USDT,2023-09-01 14:00:00+00:00,short_pullback_restart,short,1629.8,1653.9691203905134,0.014829500791823168,False,True,0.011823536630261372,3.756063150156093,0.6094205919133019,0.3668195081283848,0.0009396476014420507,-0.004373961489590461,0.00046039102544437327,0.017848890221206393,-0.007393692826778153,tp1,3.0,True,False,False,1.1825006263454187,-0.5022938279857782,tp1,3.0,True,False,False,1.1825006263454187,-0.7629570171381961,2023,2023-09
NEAR,NEAR/USDT:USDT,2023-09-01 14:00:00+00:00,short_compression_breakdown,short,1.133,1.1639178962451528,0.027288522722994566,False,True,0.02206531332744917,5.1998390245055255,0.5,0.2916666666666713,0.0008833922261484162,0.006216696269982336,0.007111111111111068,0.01888489208633093,-0.009615384615384581,none,,False,False,False,0.679218270010599,-0.3557809985769787,none,,False,False,False,0.9379680871574951,-0.48515590715042684,2023,2023-09
NEAR,NEAR/USDT:USDT,2023-09-01 14:00:00+00:00,short_pullback_restart,short,1.133,1.1639178962451528,0.027288522722994566,False,True,0.02206531332744917,5.1998390245055255,0.5,0.2916666666666713,0.0008833922261484162,0.006216696269982336,0.007111111111111068,0.01888489208633093,-0.009615384615384581,none,,False,False,False,0.679218270010599,-0.3557809985769787,none,,False,False,False,0.9379680871574951,-0.48515590715042684,2023,2023-09
SOL,SOL/USDT:USDT,2023-09-01 14:00:00+00:00,short_compression_breakdown,short,19.374,19.960358416038613,0.03026522225862568,False,True,0.020646226902033764,3.248933054782973,0.649237472766889,0.30936819172113195,0.003106554830692776,-0.004572779119354831,-0.005135051864023854,0.019201430901151895,-0.014346764346764296,none,,False,False,False,0.622486162074566,-0.4809345142603517,stop,61.0,False,False,True,0.622486162074566,-1.1272968578939473,2023,2023-09
SOL,SOL/USDT:USDT,2023-09-01 14:00:00+00:00,short_pullback_restart,short,19.374,19.960358416038613,0.03026522225862568,False,True,0.020646226902033764,3.248933054782973,0.649237472766889,0.30936819172113195,0.003106554830692776,-0.004572779119354831,-0.005135051864023854,0.019201430901151895,-0.014346764346764296,none,,False,False,False,0.622486162074566,-0.4809345142603517,stop,61.0,False,False,True,0.622486162074566,-1.1272968578939473,2023,2023-09
XRP,XRP/USDT:USDT,2023-09-01 14:00:00+00:00,short_compression_breakdown,short,0.5012,0.5112474524100528,0.020046792518062215,False,True,0.016759776536312776,2.4238347310195927,0.6049382716049446,0.3580246913580222,0.011707710940654037,0.0009986019572596483,-0.0005982053838483603,0.030639522928233465,-0.005752826820075385,tp1,3.0,True,False,False,1.4829629832426043,-0.288630379288831,tp1,3.0,True,False,False,1.4829629832426043,-1.1445687454557103,2023,2023-09
XRP,XRP/USDT:USDT,2023-09-01 14:00:00+00:00,short_pullback_restart,short,0.5012,0.5112474524100528,0.020046792518062215,False,True,0.016759776536312776,2.4238347310195927,0.6049382716049446,0.3580246913580222,0.011707710940654037,0.0009986019572596483,-0.0005982053838483603,0.030639522928233465,-0.005752826820075385,tp1,3.0,True,False,False,1.4829629832426043,-0.288630379288831,tp1,3.0,True,False,False,1.4829629832426043,-1.1445687454557103,2023,2023-09
XRP,XRP/USDT:USDT,2023-09-01 16:00:00+00:00,short_compression_breakdown,short,0.4954,0.5113247931494842,0.032145323273080735,False,True,0.02462656439241004,2.2747588725819226,0.8571428571428492,0.05714285714285873,-0.004221105527638214,-0.004821213338690233,-0.016282764098490943,0.01871272876825003,-0.014129353233830688,none,,False,False,False,0.5714359938354833,-0.44584566551998883,stop,59.0,False,False,True,0.5714359938354833,-1.0863563399289984,2023,2023-09
XRP,XRP/USDT:USDT,2023-09-01 16:00:00+00:00,short_pullback_restart,short,0.4954,0.5113247931494842,0.032145323273080735,False,True,0.02462656439241004,2.2747588725819226,0.8571428571428492,0.05714285714285873,-0.004221105527638214,-0.004821213338690233,-0.016282764098490943,0.01871272876825003,-0.014129353233830688,none,,False,False,False,0.5714359938354833,-0.44584566551998883,stop,59.0,False,False,True,0.5714359938354833,-1.0863563399289984,2023,2023-09
ZEC,ZEC/USDT:USDT,2023-09-01 16:00:00+00:00,short_pullback_restart,short,23.86,24.91426006670675,0.04418525007153184,False,True,0.025565800502933757,7.387711173665855,0.9705882352941183,0.02941176470588174,-0.013642000826788014,-0.02333196889070821,-0.024130879345603318,0.012733446519524572,-0.03283340089177145,none,,False,False,False,0.2845597680059411,-0.7683113736160414,stop,38.0,False,False,True,0.2845597680059411,-1.2900042816269295,2023,2023-09
LINK,LINK/USDT:USDT,2023-09-01 17:00:00+00:00,short_pullback_restart,short,5.845,6.040253892905394,0.03340528535592715,False,True,0.020872540633019656,3.242531245206923,0.6636363636363654,0.3090909090909065,-0.015496041771938751,-0.01183431952662728,-0.03180387609739943,0.002572898799313883,-0.025183455637091456,none,,False,False,False,0.07682305216453526,-0.7733520584563417,stop,37.0,False,False,True,0.07682305216453526,-1.6337702426991512,2023,2023-09
NEAR,NEAR/USDT:USDT,2023-09-01 17:00:00+00:00,short_pullback_restart,short,1.119,1.160230181505321,0.03684555987964352,False,True,0.028596961572832914,3.3618184850406507,0.5263157894736873,0.36842105263157526,-0.006216696269982114,0.0026881720430107503,-0.013227513227513144,0.004488330341112956,-0.018421052631578894,none,,False,False,False,0.12127038536938292,-0.5093356185514168,none,,False,False,False,0.3638111561081541,-0.7033682351424339,2023,2023-09
BTC,BTC/USDT:USDT,2023-09-04 21:00:00+00:00,short_pullback_restart,short,25664.1,25992.112469057334,0.012780984685117956,False,True,0.010376362311555804,2.8386608122338055,0.712813620071692,0.24238351254479557,-0.0006892040277550748,-0.002204441541476143,-0.01856249641484542,0.005205395751080921,-0.009108108108108137,none,,False,False,False,0.40516752421618235,-0.7191799771452188,ambiguous,44.0,True,False,False,1.030753498401,-2.398994167085927,2023,2023-09
DOGE,DOGE/USDT:USDT,2023-09-04 21:00:00+00:00,short_pullback_restart,short,0.06227,0.06352645518409251,0.020177536278986923,False,True,0.015416733579572869,2.104781522654893,0.6981132075471685,0.2735849056603764,-0.014871064704951809,-0.02428705734879355,-0.017668401956144497,0.0014474107430042515,-0.0320223845795119,stop,5.0,False,False,True,0.07163009165742987,-1.639533209047842,stop,5.0,False,False,True,0.07163009165742987,-1.8623823830931818,2023,2023-09
LINK,LINK/USDT:USDT,2023-09-05 02:00:00+00:00,short_pullback_restart,short,5.925,6.073024247923956,0.024982995430203613,False,True,0.02109704641350211,1.503231800465375,0.70454545454546,0.06818181818182002,-0.011346570999499539,-0.049719326383319995,-0.06412888959090202,0.004067107269954295,-0.05169654289372605,stop,8.0,False,False,True,0.16213559829960694,-2.182074927115544,stop,8.0,False,False,True,0.16213559829960694,-3.6683179115286046,2023,2023-09
BTC,BTC/USDT:USDT,2023-09-06 14:00:00+00:00,short_pullback_restart,short,25606.0,25872.806758267365,0.01041969687836307,False,True,0.007244395844723893,7.539359644952319,0.6236012207527948,0.3763987792472052,-0.0025514675807802867,-0.005978260869565211,-0.008794884102627631,0.011055831951354289,-0.01711960693996617,ambiguous,3.0,True,False,False,1.04944867895518,-1.6716218243357508,ambiguous,3.0,True,False,False,1.04944867895518,-3.1670861918468822,2023,2023-09
XRP,XRP/USDT:USDT,2023-09-06 14:00:00+00:00,short_pullback_restart,short,0.4987,0.5056020240826399,0.013840032249127535,False,True,0.011028674553839993,5.231050090815719,0.6250000000000087,0.37499999999999134,-0.004193290734824329,-0.0006012024048096531,-0.00835156094651035,0.016303240269003316,-0.012083993660855885,tp1,3.0,True,False,False,1.1590802790911292,-0.8837987128069985,tp1,3.0,True,False,False,1.1590802790911292,-1.2604998035116084,2023,2023-09
XRP,XRP/USDT:USDT,2023-09-08 09:00:00+00:00,short_pullback_restart,short,0.5002,0.5078714861361177,0.015336837537220468,False,True,0.01159536185525773,1.6213909190895202,0.9183673469387847,0.061224489795911434,-0.001995211492418214,-0.006356773937226778,0.044258872651357084,0.013165890216730647,-0.011853022520742829,none,,False,False,False,0.847293455879126,-0.7821170361961229,tp1,54.0,True,True,False,3.219715132340703,-0.7821170361961229,2023,2023-09
ADA,ADA/USDT:USDT,2023-09-08 10:00:00+00:00,short_pullback_restart,short,0.2536,0.2599987159295007,0.025231529690460167,False,True,0.016167192429022054,3.8709454517272244,0.6176470588235241,0.35294117647058054,0.0,-0.004709576138147709,0.04405104981473862,0.004754358161648042,-0.008212749315604229,none,,False,False,False,0.1875376268021976,-0.32819084690385014,tp1,42.0,True,True,False,2.50050169069601,-0.32819084690385014,2023,2023-09
NEAR,NEAR/USDT:USDT,2023-09-11 08:00:00+00:00,short_pullback_restart,short,1.124,1.158221312793846,0.030446007823706395,False,True,0.023131672597864788,1.5557413540930023,0.6363636363636327,0.2727272727272755,0.010791366906474753,0.025547445255474477,0.031192660550458662,0.038817005545286554,-0.007943512797881636,tp1,11.0,True,False,False,1.227305341937463,-0.26299400184373883,tp1,11.0,True,False,False,1.7532933456249473,-0.26299400184373883,2023,2023-09
DOGE,DOGE/USDT:USDT,2023-09-15 14:00:00+00:00,short_pullback_restart,short,0.06147,0.06247223103537143,0.01630439296195598,False,True,0.013827883520416522,1.7721069057453032,0.5208333333333325,0.31249999999999367,-0.00854838709677419,-0.0077481840193704965,-0.016165172855313714,0.0006511476477291112,-0.02366581956797975,stop,8.0,False,False,True,0.03991095724268215,-1.4866831572899757,stop,8.0,False,False,True,0.6186198372615941,-1.4866831572899757,2023,2023-09
DOGE,DOGE/USDT:USDT,2023-09-17 16:00:00+00:00,short_pullback_restart,short,0.06167,0.06257497075519802,0.014674408224388197,False,True,0.010864277606615921,1.5186182489727376,0.636363636363622,0.2500000000000118,0.003416856492027387,-0.010430038510911399,-0.00915809768637521,0.013475760065735365,-0.01799363057324832,stop,18.0,False,False,True,0.9061066286286499,-1.2486591345736167,stop,18.0,False,False,True,0.9061066286286499,-1.7017124488879491,2023,2023-09
ADA,ADA/USDT:USDT,2023-09-21 09:00:00+00:00,short_pullback_restart,short,0.2482,0.2533497502951215,0.020748389585501688,False,True,0.01813053988718777,1.6866180697512907,0.39130434782608065,0.39130434782609275,0.0004030632809350898,0.013474887709268968,0.010175010175010213,0.02139917695473259,-0.0028123744475693213,tp1,15.0,True,False,False,1.0097576973637137,-0.1359289207989624,tp1,15.0,True,False,False,1.1068497836486861,-0.1359289207989624,2023,2023-09
ETH,ETH/USDT:USDT,2023-09-21 10:00:00+00:00,short_pullback_restart,short,1590.92,1627.2939907619989,0.02286349455786514,False,True,0.013030196364367797,4.286406751878154,0.6428079834824457,0.17584308327598544,0.003564061642496341,-0.001230475616493365,-0.0005151595109753604,0.016237623762376252,-0.0070898968969218545,none,,False,False,False,0.6988510050032025,-0.3123110706859279,none,,False,False,False,0.6988510050032025,-0.3123110706859279,2023,2023-09
ADA,ADA/USDT:USDT,2023-09-22 16:00:00+00:00,short_pullback_restart,short,0.2431,0.246673526195006,0.01469981980668851,False,True,0.011929247223364926,1.5438889515081984,0.7499999999999784,0.18750000000001193,-0.007349938750510376,-0.009775967413441888,-0.006944444444444309,0.0024742268041237914,-0.014991896272285143,stop,19.0,False,False,True,0.16790138570651045,-1.0353918785234462,stop,19.0,False,False,True,0.8395069285325288,-1.0353918785234462,2023,2023-09
NEAR,NEAR/USDT:USDT,2023-09-22 16:00:00+00:00,short_pullback_restart,short,1.105,1.128782708808356,0.02152281340122713,False,True,0.018099547511312233,1.6042308685357336,0.3750000000000139,0.25,-0.009856630824372825,-0.00629496402877705,-0.0018066847335139746,0.0036330608537693543,-0.01777777777777778,none,,False,False,False,0.16818941997871228,-0.8409470998935614,tp1,56.0,True,False,False,1.0091365198722737,-0.8409470998935614,2023,2023-09
ADA,ADA/USDT:USDT,2023-09-26 15:00:00+00:00,short_pullback_restart,short,0.2446,0.2480203635535972,0.013983497766137276,False,True,0.011447260834014705,1.4388083490600143,0.6428571428571259,0.21428571428572846,0.0008183306055646877,0.002870028700286964,-0.04040800313848569,0.008659793814433048,-0.015297906602254385,stop,20.0,False,False,True,0.613969821363422,-1.1109930100861818,stop,20.0,False,False,True,0.7016797958439086,-3.2745057139382263,2023,2023-09
LINK,LINK/USDT:USDT,2023-09-27 09:00:00+00:00,long_pullback_restart,long,7.545,7.25194897780318,0.03884042706385946,True,False,0.021736249171636805,2.8421591604409913,0.7790055248618784,0.7845303867403332,0.005301524188204176,0.035785288270377746,0.06706428098078199,0.04387011265738905,-0.008614976805831565,tp1,3.0,True,False,False,1.12949614547904,-0.22180437902156178,tp1,3.0,True,True,False,2.078136412678956,-0.22180437902156178,2023,2023-09
LINK,LINK/USDT:USDT,2023-09-28 08:00:00+00:00,long_pullback_restart,long,7.843,7.544647289909518,0.03804063624767078,True,False,0.033278082366441315,1.2071208814102963,0.7279411764705891,0.867647058823531,0.00165752900675753,-0.015937778911130907,0.029963024352926082,0.028688002040035743,-0.02116537039398192,none,,False,False,False,0.7541409626604817,-0.5563884435628463,tp1,46.0,True,False,False,1.4211367474135306,-0.5899058196810893,2023,2023-09
XRP,XRP/USDT:USDT,2023-10-12 08:00:00+00:00,short_pullback_restart,short,0.4763,0.4894175944917226,0.02754061409137648,False,True,0.01595633004408985,3.5729932833618014,0.79166666666666,0.1805555555555578,-0.0045977011494252595,-0.010388531061707895,-0.02177038406243581,0.010180275715800713,-0.017938144329896932,none,,False,False,False,0.36592074888645876,-0.6632313573567017,stop,36.0,False,False,True,0.36592074888645876,-1.0901388977242341,2023,2023-10
ADA,ADA/USDT:USDT,2023-10-12 09:00:00+00:00,short_pullback_restart,short,0.2437,0.24837537355380948,0.01918495508333804,False,True,0.012720558063192415,3.3087977229521255,0.6052631578947363,0.28947368421052383,-0.0032719836400817437,-0.006522625356706002,-0.014955537590945922,0.008274720728175478,-0.013360323886639658,none,,False,False,False,0.4277733055940327,-0.7058259542301528,stop,36.0,False,False,True,0.4277733055940327,-1.2619312515023928,2023,2023-10
BNB,BNB/USDT:USDT,2023-10-12 09:00:00+00:00,short_pullback_restart,short,203.63,206.99398653051338,0.016520092965247687,False,True,0.009379757403133118,3.9974285003015986,0.5123674911660815,0.37455830388692496,-0.009870660313138213,-0.007989477273834589,-0.019028808170344025,0.0014261827481065747,-0.018508700053019744,stop,2.0,False,False,True,0.08620724172630215,-1.141502786996585,stop,2.0,False,False,True,0.08620724172630215,-1.4357964742691445,2023,2023-10
ETH,ETH/USDT:USDT,2023-10-12 09:00:00+00:00,short_pullback_restart,short,1540.98,1570.3489955546663,0.01905864810358752,False,True,0.00876714817843205,3.9195531834300485,0.6333069620253168,0.3073575949367085,1.2978922230288958e-05,-0.0013350269597677267,-0.010130078689577604,0.017484318256850484,-0.008990584966815929,none,,False,False,False,0.9016311079046331,-0.47601219367472725,stop,36.0,False,False,True,0.9016311079046331,-1.1764106789314581,2023,2023-10
NEAR,NEAR/USDT:USDT,2023-10-12 09:00:00+00:00,short_pullback_restart,short,1.002,1.0334910595423958,0.03142820313612359,False,True,0.02095808383233546,3.772848613004834,0.565217391304343,0.391304347826087,-0.005952380952380931,0.0030030030030030463,-0.02243902439024381,0.006024096385542244,-0.013779527559055094,none,,False,False,False,0.19053026754855024,-0.4445706242799506,none,,False,False,False,0.19053026754855024,-0.762121070194201,2023,2023-10
SOL,SOL/USDT:USDT,2023-10-17 08:00:00+00:00,long_pullback_restart,long,24.413,23.5676691192297,0.03462625981117854,True,False,0.028755171425060344,1.6057963813765193,0.6404494382022461,0.7134831460674176,-0.026993814770818747,-0.015893171670831152,0.10260926555523686,0.004137140048334764,-0.04231352148445511,stop,5.0,False,False,True,0.11947984191464006,-1.2220066999784598,stop,5.0,False,False,True,3.1549776077856206,-1.5910929443088335,2023,2023-10
BTC,BTC/USDT:USDT,2023-10-19 10:00:00+00:00,long_pullback_restart,long,28460.9,28050.82396428974,0.01440840014582331,True,False,0.011545664402741955,2.376138992436545,0.5442225392296899,0.7339514978602063,0.004943624411033909,0.04834703048744071,0.04988598392882859,0.06261572894743317,-0.0024208651167040296,tp1,6.0,True,True,False,4.345779428230556,-0.16801762112400645,tp1,6.0,True,True,False,4.666695523149548,-0.16801762112400645,2023,2023-10
BTC,BTC/USDT:USDT,2023-10-21 09:00:00+00:00,long_pullback_restart,long,29829.7,29413.270101168728,0.01396024428107802,True,False,0.011431559821251974,1.3531161122687383,0.6908099688473499,0.839563862928348,0.0029098515908640987,0.0011498607092930158,0.15136592054227838,0.01826702916891554,-0.007479123155781031,tp1,9.0,True,False,False,1.3085035477262348,-0.5357444329193009,tp1,9.0,True,True,False,14.773675034540972,-0.5357444329193009,2023,2023-10
BTC,BTC/USDT:USDT,2023-10-21 17:00:00+00:00,long_pullback_restart,long,30132.4,29494.327711999736,0.021175621191815618,True,False,0.014917497444611115,3.2101587789724775,0.8044660750071588,0.8637274549098235,-0.007865287862898418,-0.007599792913939862,0.12124822450252881,0.008037859579721474,-0.017449655520303864,none,,False,False,False,0.3795808163978695,-0.8240445634269334,tp1,34.0,True,True,False,9.167456587610918,-0.8240445634269334,2023,2023-10
BTC,BTC/USDT:USDT,2023-10-23 16:00:00+00:00,long_compression_breakout,long,31197.5,30283.578273785428,0.029294710352258103,True,False,0.021059379757993428,3.1652250387524044,0.6463745637844117,0.8334625823962758,0.06927798701819055,0.08790768491064993,0.08270213959451866,0.15335844218286732,-0.026963699014344145,tp1,6.0,True,True,False,5.235021624682015,-0.9204289337602445,tp1,6.0,True,True,False,5.235021624682015,-0.9204289337602445,2023,2023-10
BTC,BTC/USDT:USDT,2023-10-23 16:00:00+00:00,long_pullback_restart,long,31197.5,30283.578273785428,0.029294710352258103,True,False,0.021059379757993428,3.1652250387524044,0.6463745637844117,0.8334625823962758,0.06927798701819055,0.08790768491064993,0.08270213959451866,0.15335844218286732,-0.026963699014344145,tp1,6.0,True,True,False,5.235021624682015,-0.9204289337602445,tp1,6.0,True,True,False,5.235021624682015,-0.9204289337602445,2023,2023-10
ETH,ETH/USDT:USDT,2023-10-23 19:00:00+00:00,long_compression_breakout,long,1707.85,1658.3302166033925,0.028995393855787928,True,False,0.02358520947389992,1.7968285199446028,0.38252530633989573,0.7789025039957328,0.044254471996955314,0.04025529174107789,0.04957109816435867,0.08608484351670231,-0.003132593611851142,tp1,3.0,True,True,False,2.9689144401643786,-0.10803762926730484,tp1,3.0,True,True,False,3.327760920927007,-0.10803762926730484,2023,2023-10
ETH,ETH/USDT:USDT,2023-10-23 19:00:00+00:00,long_pullback_restart,long,1707.85,1658.3302166033925,0.028995393855787928,True,False,0.02358520947389992,1.7968285199446028,0.38252530633989573,0.7789025039957328,0.044254471996955314,0.04025529174107789,0.04957109816435867,0.08608484351670231,-0.003132593611851142,tp1,3.0,True,True,False,2.9689144401643786,-0.10803762926730484,tp1,3.0,True,True,False,3.327760920927007,-0.10803762926730484,2023,2023-10
XRP,XRP/USDT:USDT,2023-10-23 22:00:00+00:00,long_compression_breakout,long,0.5504,0.5234563154744662,0.04895291519900754,True,False,0.027434593023255818,3.399713993497609,0.7515527950310558,0.7763975155279474,-0.009265988372093026,0.020712209302325535,0.006540697674418672,0.06613372093023262,-0.03960755813953498,tp1,14.0,True,False,False,1.350965936581716,-0.8090949839967437,tp1,14.0,True,False,False,1.350965936581716,-0.8090949839967437,2023,2023-10
XRP,XRP/USDT:USDT,2023-10-23 22:00:00+00:00,long_pullback_restart,long,0.5504,0.5234563154744662,0.04895291519900754,True,False,0.027434593023255818,3.399713993497609,0.7515527950310558,0.7763975155279474,-0.009265988372093026,0.020712209302325535,0.006540697674418672,0.06613372093023262,-0.03960755813953498,tp1,14.0,True,False,False,1.350965936581716,-0.8090949839967437,tp1,14.0,True,False,False,1.350965936581716,-0.8090949839967437,2023,2023-10
BTC,BTC/USDT:USDT,2023-10-25 14:00:00+00:00,long_pullback_restart,long,34765.4,33580.693418622956,0.0340771738963753,True,False,0.030239836158939718,1.8213390582471507,0.5754178556869216,0.8793314309009432,-0.0031439304595949347,-0.0163208247280342,-0.019016033182416958,0.011186409476088288,-0.02690606177406274,none,,False,False,False,0.3282669363986843,-0.789562592716196,stop,51.0,False,False,True,0.3282669363986843,-1.1947262066821716,2023,2023-10
TRX,TRX/USDT:USDT,2023-10-25 14:00:00+00:00,long_pullback_restart,long,0.09362,0.09207593540789744,0.016492892459971792,True,False,0.013779107028412728,1.453665295198606,0.5882352941176434,0.8676470588235196,-0.0019226660969877685,-0.011963255714590892,0.007583849604785309,0.0057679982909635275,-0.016876735740226412,stop,24.0,False,False,True,0.34972630210027583,-1.0232732542934007,stop,24.0,False,False,True,0.7512639082154143,-1.1333722753249715,2023,2023-10
ADA,ADA/USDT:USDT,2023-10-25 15:00:00+00:00,long_pullback_restart,long,0.2883,0.2752598356181457,0.04523123268072942,True,False,0.033992369060006855,1.7559000989771907,0.6808510638297858,0.8936170212765953,-0.02878945542837308,-0.009018383628165094,0.01664932362122795,0.031911203607353444,-0.03642039542143605,none,,False,False,False,0.7055125787219378,-0.8052045735413441,none,,False,False,False,0.7208498086941565,-0.8052045735413441,2023,2023-10
BNB,BNB/USDT:USDT,2023-10-26 07:00:00+00:00,long_pullback_restart,long,226.7,221.2769048413453,0.023921901890845566,True,False,0.02024702249669168,3.0332257881774143,0.5577777777777757,0.6377777777777724,-0.008778120864578631,-0.014997794441993673,-0.0036612262902513404,0.00789589766210863,-0.03573003970004407,stop,7.0,False,False,True,0.3300698120967634,-1.4936119988736039,stop,7.0,False,False,True,1.1616982213461393,-1.4936119988736039,2023,2023-10
ETH,ETH/USDT:USDT,2023-10-26 07:00:00+00:00,long_pullback_restart,long,1850.56,1771.6701834651303,0.04263023978410299,True,False,0.02292819470862865,4.297787939472428,0.7108503270488655,0.8376298576375519,-0.023538820681307304,-0.039858205083866505,-0.036253890714162185,0.011931523430745328,-0.05042257478817225,stop,7.0,False,False,True,0.2798840328173498,-1.1827889086135286,stop,7.0,False,False,True,0.2798840328173498,-1.4584898920273563,2023,2023-10
NEAR,NEAR/USDT:USDT,2023-10-26 07:00:00+00:00,long_pullback_restart,long,1.179,1.1226536047584592,0.04779168383506432,True,False,0.03562340966921122,2.4389372984434132,0.6562500000000034,0.75,0.008481764206955011,-0.006785411365564098,0.024597116200169467,0.0330788804071247,-0.04156064461407982,none,,False,False,False,0.6921472053858656,-0.8696208477925023,tp1,30.0,True,False,False,1.5262733246970372,-0.8696208477925023,2023,2023-10
TRX,TRX/USDT:USDT,2023-10-27 09:00:00+00:00,long_pullback_restart,long,0.09379,0.09219162586406543,0.017042052840756678,True,False,0.010981981021430743,1.5967394614573254,0.7692307692307706,0.8589743589743608,0.00031986352489599135,0.0019191811493761701,0.011621708071223091,0.01055549632156949,-0.013327646870668564,none,,False,False,False,0.6193793916848837,-0.7820446864708096,none,,False,False,False,0.8884027638308418,-0.7820446864708096,2023,2023-10
ADA,ADA/USDT:USDT,2023-10-27 12:00:00+00:00,long_pullback_restart,long,0.2895,0.27970698172369846,0.03382735155889991,True,False,0.02521588946459423,1.6773666245930432,0.7321428571428567,0.9107142857142856,-0.004145077720207224,0.002763385146804964,0.031088082901554515,0.028324697754749772,-0.022797927461139844,none,,False,False,False,0.8373312260473887,-0.673949523403992,tp1,69.0,True,False,False,1.2662081954862912,-0.673949523403992,2023,2023-10
ADA,ADA/USDT:USDT,2023-10-27 15:00:00+00:00,long_pullback_restart,long,0.2917,0.28077778383635765,0.037443319038883656,True,False,0.03291052451148458,1.849086485437888,0.5714285714285727,0.8730158730158777,-0.006513541309564719,0.004799451491258155,0.03428179636612971,0.020569077819677872,-0.030167980802194183,none,,False,False,False,0.549339063620868,-0.8056972933106086,none,,False,False,False,0.9888103145175595,-0.8056972933106086,2023,2023-10
XRP,XRP/USDT:USDT,2023-10-27 15:00:00+00:00,long_pullback_restart,long,0.5551,0.5442938238107392,0.019467080146389534,True,False,0.01657359034408212,1.7034166127995638,0.7826086956521823,0.9130434782608794,-0.016213294901819553,-0.013330931363718435,0.04143397586020514,0.0001801477211313962,-0.056025941271842905,stop,2.0,False,False,True,0.009253967198810706,-2.877983798830448,stop,2.0,False,False,True,2.7391742908482666,-2.877983798830448,2023,2023-10
ADA,ADA/USDT:USDT,2023-10-28 02:00:00+00:00,long_compression_breakout,long,0.2955,0.2822507967161728,0.044836559336132564,True,False,0.032487309644670045,1.6878896637503944,0.8125000000000022,0.9062500000000011,-0.004060913705583702,-0.01658206429780018,0.023011844331641385,0.007445008460237101,-0.025719120135363815,none,,False,False,False,0.16604772021918454,-0.5736193971208098,none,,False,False,False,0.7245718700473389,-0.5736193971208098,2023,2023-10
ADA,ADA/USDT:USDT,2023-10-28 02:00:00+00:00,long_pullback_restart,long,0.2955,0.2822507967161728,0.044836559336132564,True,False,0.032487309644670045,1.6878896637503944,0.8125000000000022,0.9062500000000011,-0.004060913705583702,-0.01658206429780018,0.023011844331641385,0.007445008460237101,-0.025719120135363815,none,,False,False,False,0.16604772021918454,-0.5736193971208098,none,,False,False,False,0.7245718700473389,-0.5736193971208098,2023,2023-10
ADA,ADA/USDT:USDT,2023-10-29 08:00:00+00:00,long_pullback_restart,long,0.2949,0.2875045897151066,0.02507768831771237,True,False,0.017633095964733937,1.423749365875509,0.8787878787878762,0.909090909090903,0.007121057985757906,0.0050864699898269805,-0.024075957951848026,0.013563919972872096,-0.010172939979654183,none,,False,False,False,0.5408760090255997,-0.4056570067691998,tp1,31.0,True,False,False,1.3792338230152763,-1.4874090248203993,2023,2023-10
BNB,BNB/USDT:USDT,2023-10-29 12:00:00+00:00,long_pullback_restart,long,226.92,223.4082460352766,0.015475735786723942,True,False,0.012162876784770049,1.5525394019548402,0.864197530864181,0.9753086419752961,0.0002203419707387244,0.004671249779657938,-0.005332275691873667,0.009166225982725207,-0.010179799048122606,none,,False,False,False,0.5922966189813481,-0.6577909566571589,stop,51.0,False,False,True,0.7318280340298405,-1.0108908641268093,2023,2023-10
NEAR,NEAR/USDT:USDT,2023-10-29 13:00:00+00:00,long_pullback_restart,long,1.238,1.1933870632600636,0.03603629785132179,True,False,0.026655896607431454,2.4037667326238386,0.5555555555555556,0.8888888888888888,0.01050080775444262,0.03634894991922444,0.1542810985460421,0.046042003231017814,-0.0040387722132471104,tp1,19.0,True,False,False,1.277656307009598,-0.11207511464996248,tp1,19.0,True,True,False,4.326099425488645,-0.11207511464996248,2023,2023-10
ZEC,ZEC/USDT:USDT,2023-10-29 14:00:00+00:00,long_pullback_restart,long,28.09,27.541957064136934,0.019510250475723242,True,False,0.014951940192239293,1.4022831203095003,0.724137931034479,0.9655172413793053,-0.0021359914560341586,0.010323958704165248,-0.018511925952296227,0.022783908864364655,-0.01210395158419364,tp1,19.0,True,False,False,1.1677917150635642,-0.6203893486275176,tp1,19.0,True,False,False,1.569220117116662,-1.368505916090113,2023,2023-10
ZEC,ZEC/USDT:USDT,2023-10-29 22:00:00+00:00,long_pullback_restart,long,28.35,27.657424894326812,0.024429456990235944,True,False,0.021516754850088162,1.435574435434926,0.7812499999999993,0.8750000000000028,-0.0017636684303351524,0.0,0.005996472663139185,0.013403880070546714,-0.01834215167548514,none,,False,False,False,0.5486769548706717,-0.7508210961388203,stop,34.0,False,False,True,0.9818429718738357,-1.4583255905773176,2023,2023-10
SOL,SOL/USDT:USDT,2023-10-31 00:00:00+00:00,long_compression_breakout,long,35.853,34.137244219524334,0.047855291899580724,True,False,0.032661144116252656,2.628186579942981,0.6014784946236582,0.6861559139784954,-0.00022313335006840518,0.07695311410481698,0.09159624020305124,0.08135999776866654,-0.008451175633838348,tp1,20.0,True,False,False,1.7001254101509171,-0.17659855991626158,tp1,20.0,True,True,False,6.380278664697316,-0.17659855991626158,2023,2023-10
SOL,SOL/USDT:USDT,2023-10-31 00:00:00+00:00,long_pullback_restart,long,35.853,34.137244219524334,0.047855291899580724,True,False,0.032661144116252656,2.628186579942981,0.6014784946236582,0.6861559139784954,-0.00022313335006840518,0.07695311410481698,0.09159624020305124,0.08135999776866654,-0.008451175633838348,tp1,20.0,True,False,False,1.7001254101509171,-0.17659855991626158,tp1,20.0,True,True,False,6.380278664697316,-0.17659855991626158,2023,2023-10
TRX,TRX/USDT:USDT,2023-11-01 08:00:00+00:00,long_pullback_restart,long,0.09808,0.09646550338184921,0.016461017721765777,True,False,0.012030995106035752,1.9828118962909227,0.6666666666666726,0.7307692307692294,0.00642332789559541,0.022532626427406166,-0.004690048939641089,0.03374796084828713,-0.001529363784665505,tp1,4.0,True,True,False,2.050174625816932,-0.09290821567146074,tp1,4.0,True,True,False,2.050174625816932,-0.7928167737298143,2023,2023-11
XRP,XRP/USDT:USDT,2023-11-03 13:00:00+00:00,long_pullback_restart,long,0.6102,0.5899548939510644,0.03317782046695443,True,False,0.02769583743035057,1.4937749844174861,0.4843749999999932,0.6249999999999934,0.000983284169124854,0.0037692559816455695,0.1812520485086857,0.0137659783677484,-0.01016060308095701,none,,False,False,False,0.4149150900813243,-0.30624685220287867,tp1,35.0,True,True,False,5.6655667657532724,-0.30624685220287867,2023,2023-11
BNB,BNB/USDT:USDT,2023-11-04 08:00:00+00:00,long_pullback_restart,long,234.39,228.9207027778534,0.023334174760640786,True,False,0.013097828405648798,3.191554042866815,0.845360824742262,0.9656357388316072,0.0043943854259993476,0.032467255428985986,0.07107811766713601,0.046717010111352986,-0.00405307393660137,tp1,17.0,True,True,False,2.002085378659007,-0.17369690499781104,tp1,17.0,True,True,False,3.9511474915818354,-0.17369690499781104,2023,2023-11
BTC,BTC/USDT:USDT,2023-11-04 22:00:00+00:00,long_pullback_restart,long,35171.9,34606.34135702577,0.016079843368547973,True,False,0.007434912529604599,4.56345508791625,0.9127779135108784,0.9127779135108784,-0.0003639268848143473,-0.005325273869196789,0.0034544622269481184,0.005063701420736422,-0.023197495728123907,stop,23.0,False,False,True,0.3149098722342627,-1.442644383806499,stop,23.0,False,False,True,1.3257687939430136,-1.442644383806499,2023,2023-11
ETH,ETH/USDT:USDT,2023-11-04 22:00:00+00:00,long_pullback_restart,long,1858.22,1826.2289851646622,0.017215945816608295,True,False,0.010703791800755494,2.1182215587552107,0.9861982434127964,0.9861982434127964,0.013615180118608183,0.015035894565767371,0.011720894189062747,0.03053459762568478,-0.006463174435750285,tp1,5.0,True,False,False,1.7736230092120728,-0.3754179122424564,tp1,5.0,True,False,False,1.8311391589644535,-0.3754179122424564,2023,2023-11
TRX,TRX/USDT:USDT,2023-11-05 03:00:00+00:00,long_pullback_restart,long,0.09804,0.09701731629301376,0.010431290360936799,True,False,0.00795593635250921,1.2784730261602573,0.7346938775510123,0.7959183673469348,0.004691962464300259,0.000611995104039309,-0.01336189310485525,0.00958792329661362,-0.00866993064055488,none,,False,False,False,0.919150264718787,-0.8311465159691226,stop,26.0,False,False,True,0.9973758191629363,-2.278319273185937,2023,2023-11
DOGE,DOGE/USDT:USDT,2023-11-05 10:00:00+00:00,long_pullback_restart,long,0.07048,0.06851882365739596,0.027825998050568068,True,False,0.021140749148694737,2.114746319524405,0.703389830508472,0.8389830508474613,0.003688989784335961,0.024829738933030754,0.06001702610669679,0.039727582292848895,-0.018019296254256578,tp1,14.0,True,False,False,1.4277145502796422,-0.6475705281625564,tp1,14.0,True,True,False,3.1103781273949354,-0.6475705281625564,2023,2023-11
ZEC,ZEC/USDT:USDT,2023-11-05 11:00:00+00:00,long_compression_breakout,long,28.7,27.919869715638,0.02718223987324037,True,False,0.02229965156794427,2.2184215468912956,0.5882352941176452,0.8235294117646991,0.0013937282229965486,0.022648083623693527,0.04878048780487809,0.027874564459930307,-0.024390243902439046,tp1,23.0,True,False,False,1.0254697401655826,-0.897286022644883,tp1,23.0,True,True,False,2.166304826099793,-0.897286022644883,2023,2023-11
ZEC,ZEC/USDT:USDT,2023-11-05 11:00:00+00:00,long_pullback_restart,long,28.7,27.919869715638,0.02718223987324037,True,False,0.02229965156794427,2.2184215468912956,0.5882352941176452,0.8235294117646991,0.0013937282229965486,0.022648083623693527,0.04878048780487809,0.027874564459930307,-0.024390243902439046,tp1,23.0,True,False,False,1.0254697401655826,-0.897286022644883,tp1,23.0,True,True,False,2.166304826099793,-0.897286022644883,2023,2023-11
ZEC,ZEC/USDT:USDT,2023-11-06 10:00:00+00:00,long_pullback_restart,long,29.39,28.085881475308746,0.044372865760165185,True,False,0.037767948281728456,1.9795056531030695,0.4571428571428557,0.6857142857142886,-0.007485539299081245,-0.009186798230690685,0.03810820006805038,0.029942157196325203,-0.014971078598162713,none,,False,False,False,0.6747852923938303,-0.33739264619691656,tp1,66.0,True,False,False,1.058186026708507,-0.84348161549229,2023,2023-11
BNB,BNB/USDT:USDT,2023-11-06 12:00:00+00:00,long_pullback_restart,long,247.24,241.22529893892917,0.024327378502955986,True,False,0.019292994661058008,1.6483964605781602,0.8363636363636422,0.9636363636363707,0.018241384889176482,0.004934476621905937,0.006430998220352757,0.035431160006471396,-0.002993043196893752,tp1,1.0,True,False,False,1.4564314852981886,-0.12303188346126415,tp1,1.0,True,False,False,1.4564314852981886,-0.8362842889326367,2023,2023-11
ETH,ETH/USDT:USDT,2023-11-06 12:00:00+00:00,long_pullback_restart,long,1906.61,1866.4424806090328,0.021067506931657275,True,False,0.016925328200313637,1.3442600824046569,0.4643086816720142,0.9427652733118905,-0.006713486239975586,-0.015063384750945263,0.0033462532977379666,0.00534456443635567,-0.020864256455174313,none,,False,False,False,0.2536875603598164,-0.9903524191475402,stop,27.0,False,False,True,0.5997383051097136,-1.406858099699033,2023,2023-11
DOGE,DOGE/USDT:USDT,2023-11-08 09:00:00+00:00,long_pullback_restart,long,0.07476,0.07262421238579933,0.028568587669885806,True,False,0.02166934189406095,1.2754434391466116,0.614457831325299,0.7108433734939701,-0.00922953451043329,0.020733012306046072,0.07116104868913875,0.03504547886570375,-0.019529159978598054,tp1,8.0,True,False,False,1.2267137343525467,-0.6835885695246936,tp1,8.0,True,True,False,2.71562582413922,-4.9724045262686944,2023,2023-11
ZEC,ZEC/USDT:USDT,2023-11-08 10:00:00+00:00,long_pullback_restart,long,30.29,28.8936680098722,0.046098778148821344,True,False,0.03763618355893036,1.3969529629561337,0.7924528301886741,0.8113207547169788,-0.007263123142951411,0.007263123142951633,0.000660283922086391,0.015846814130076048,-0.02707164080554636,none,,False,False,False,0.3437577906927913,-0.5872528924335181,stop,30.0,False,False,True,0.5514447892363519,-3.7025578705869346,2023,2023-11
ETH,ETH/USDT:USDT,2023-11-08 16:00:00+00:00,long_pullback_restart,long,1900.28,1871.093149955665,0.015359236556894227,True,False,0.010724735302165934,2.0051058612558776,0.6917585983127855,0.8559377027903948,-0.004636158881848984,0.062269770770623234,0.09803292146420528,0.08668196265813455,-0.009730145031258575,tp1,10.0,True,True,False,5.6436374514478125,-0.6335044710859039,tp1,10.0,True,True,False,8.199583018944208,-0.6335044710859039,2023,2023-11
ADA,ADA/USDT:USDT,2023-11-09 00:00:00+00:00,long_pullback_restart,long,0.3616,0.35023883533754435,0.031419150062100734,True,False,0.026272123893805333,2.551391298179975,0.43181818181817966,0.624999999999996,0.023230088495575174,0.0165929203539823,0.03954646017699126,0.07079646017699126,-0.06415929203539827,tp1,9.0,True,True,False,2.253290112465175,-2.042044164421564,tp1,9.0,True,True,False,3.0190566741232607,-2.042044164421564,2023,2023-11
ZEC,ZEC/USDT:USDT,2023-11-09 00:00:00+00:00,long_compression_breakout,long,30.38,29.405314600100205,0.03208312705397611,True,False,0.028637261356155398,1.4097893972480502,0.5263157894736852,0.9122807017543848,0.010204081632653184,-0.024028966425279852,-0.02304147465437789,0.022383146807109844,-0.173140223831468,stop,16.0,False,False,True,0.6976610094599851,-5.396613102587533,stop,16.0,False,False,True,0.6976610094599851,-5.396613102587533,2023,2023-11
ZEC,ZEC/USDT:USDT,2023-11-09 00:00:00+00:00,long_pullback_restart,long,30.38,29.405314600100205,0.03208312705397611,True,False,0.028637261356155398,1.4097893972480502,0.5263157894736852,0.9122807017543848,0.010204081632653184,-0.024028966425279852,-0.02304147465437789,0.022383146807109844,-0.173140223831468,stop,16.0,False,False,True,0.6976610094599851,-5.396613102587533,stop,16.0,False,False,True,0.6976610094599851,-5.396613102587533,2023,2023-11
SOL,SOL/USDT:USDT,2023-11-09 02:00:00+00:00,long_pullback_restart,long,43.995,42.153537167708336,0.04185618439121858,True,False,0.031139902261620743,1.8154047460227831,0.8959183673469353,0.9836734693877497,0.022911694510739933,0.06089328332765098,0.26393908398681676,0.11376292760540974,-0.07007614501647907,tp1,7.0,True,True,False,2.7179478793885763,-1.6742124499810134,tp1,7.0,True,True,False,10.883195494670618,-1.6742124499810134,2023,2023-11
TRX,TRX/USDT:USDT,2023-11-09 14:00:00+00:00,long_pullback_restart,long,0.10077,0.09874934080863149,0.02005219005029783,True,False,0.014786146670636154,2.448118338906998,0.8522727272727224,0.8522727272727224,-0.028480698620621192,0.037014984618437996,0.07611392279448248,0.12206013694551965,-0.0346333234097449,stop,2.0,False,False,True,6.087122485840724,-1.7271591443564287,stop,2.0,False,False,True,6.087122485840724,-1.7271591443564287,2023,2023-11
BTC,BTC/USDT:USDT,2023-11-10 16:00:00+00:00,long_pullback_restart,long,37395.7,36284.11610964935,0.02972491196449444,True,False,0.024762205280286238,1.921846156967992,0.7944954128440329,0.7947575360419321,-0.0005267985356603999,-0.00642854659760328,-0.013482833587818877,0.004660963693686737,-0.01269129873220709,none,,False,False,False,0.15680327999807614,-0.42695832866945194,none,,False,False,False,0.15680327999807614,-0.7639549361696132,2023,2023-11
BNB,BNB/USDT:USDT,2023-11-11 14:00:00+00:00,long_pullback_restart,long,252.79,245.66515758514183,0.028184826990221786,True,False,0.01819692234661179,2.1096056260976215,0.793478260869567,0.8224637681159381,-0.0011076387515328578,-0.013924601447842022,-0.023972467265319097,0.01024565845167924,-0.03872779777681079,stop,10.0,False,False,True,0.3635168119085428,-1.3740654782180024,stop,10.0,False,False,True,0.3635168119085428,-2.108116801106679,2023,2023-11
ETH,ETH/USDT:USDT,2023-11-11 14:00:00+00:00,long_pullback_restart,long,2083.0,2027.8237629512173,0.02648883199653514,True,False,0.017954872779644786,2.250143629800392,0.6560773480662975,0.7099447513812127,-0.011430628900624074,-0.011536245799327993,-0.015064810369659232,0.00430628900624086,-0.03432549207873259,stop,10.0,False,False,True,0.16256998446757429,-1.295847702277795,stop,10.0,False,False,True,0.6705785312486492,-1.295847702277795,2023,2023-11
TRX,TRX/USDT:USDT,2023-11-12 21:00:00+00:00,long_pullback_restart,long,0.10892,0.1074045665139959,0.013913271079729237,True,False,0.011476312890194648,1.4560017653595354,0.7183098591549365,0.7183098591549365,0.0022034520749172337,-0.009272860815277228,-0.05325009181050311,0.01652589056188014,-0.010374586852735956,tp1,10.0,True,False,False,1.1877789534308312,-0.7456612318760273,tp1,10.0,True,False,False,1.1877789534308312,-4.586146514635717,2023,2023-11
DOGE,DOGE/USDT:USDT,2023-11-13 01:00:00+00:00,long_pullback_restart,long,0.07916,0.07662407471223183,0.03203543819818298,True,False,0.02791814047498724,1.4942732964820906,0.6474820143884867,0.6618705035971142,-0.024254674077817007,-0.06316321374431522,-0.031202627589691723,0.0021475492673068697,-0.08463870641738247,stop,2.0,False,False,True,0.06703667526010527,-2.6420336720158586,stop,2.0,False,False,True,0.06703667526010527,-4.262743879774842,2023,2023-11
ZEC,ZEC/USDT:USDT,2023-11-16 04:00:00+00:00,long_compression_breakout,long,30.85,29.727369698856705,0.03638996113916681,True,False,0.029821717990275467,1.3895122689536794,0.7179487179487198,0.9230769230769293,-0.021069692058346856,-0.022690437601296742,-0.06061588330632095,0.006158833063208968,-0.0638573743922205,stop,9.0,False,False,True,0.16924538720048812,-1.7548074357103474,stop,9.0,False,False,True,0.16924538720048812,-2.8415409745766516,2023,2023-11
ZEC,ZEC/USDT:USDT,2023-11-16 04:00:00+00:00,long_pullback_restart,long,30.85,29.727369698856705,0.03638996113916681,True,False,0.029821717990275467,1.3895122689536794,0.7179487179487198,0.9230769230769293,-0.021069692058346856,-0.022690437601296742,-0.06061588330632095,0.006158833063208968,-0.0638573743922205,stop,9.0,False,False,True,0.16924538720048812,-1.7548074357103474,stop,9.0,False,False,True,0.16924538720048812,-2.8415409745766516,2023,2023-11
BTC,BTC/USDT:USDT,2023-11-18 15:00:00+00:00,long_pullback_restart,long,36671.9,36159.900445892396,0.013961631497348267,True,False,0.010659387705572971,1.7945398868933948,0.8437843784378383,0.8839383938393938,-0.0033240710189545997,-0.0026396232537720943,0.008289725920936686,0.0062200213242291635,-0.007959773014215243,none,,False,False,False,0.44550820048577466,-0.5701176840061337,tp1,32.0,True,True,False,2.1734393928126754,-0.8978523444248745,2023,2023-11
ADA,ADA/USDT:USDT,2023-11-19 18:00:00+00:00,long_pullback_restart,long,0.3809,0.37025973401584894,0.02793453920753761,True,False,0.022315568390653732,1.3812507465349246,0.6363636363636364,0.7818181818181859,0.005513258072985083,0.016014702021527993,-0.012076660540824347,0.04909425045943805,-0.0047256497768444206,tp1,15.0,True,False,False,1.7574748627387773,-0.1691687033652322,tp1,15.0,True,False,False,1.7574748627387773,-2.405954892305494,2023,2023-11
ADA,ADA/USDT:USDT,2023-11-19 19:00:00+00:00,long_compression_breakout,long,0.3837,0.37024118158614544,0.035076409731182034,True,False,0.028668230388324237,1.2477485959120151,0.6170212765957381,0.8297872340425476,-0.0057336460776648,0.004951785248892504,-0.014594735470419562,0.041438623924941353,-0.011988532707844612,tp1,15.0,True,False,False,1.1813815679118251,-0.3417833466914703,tp1,15.0,True,False,False,1.1813815679118251,-2.110140662182123,2023,2023-11
ADA,ADA/USDT:USDT,2023-11-19 19:00:00+00:00,long_pullback_restart,long,0.3837,0.37024118158614544,0.035076409731182034,True,False,0.028668230388324237,1.2477485959120151,0.6170212765957381,0.8297872340425476,-0.0057336460776648,0.004951785248892504,-0.014594735470419562,0.041438623924941353,-0.011988532707844612,tp1,15.0,True,False,False,1.1813815679118251,-0.3417833466914703,tp1,15.0,True,False,False,1.1813815679118251,-2.110140662182123,2023,2023-11
ADA,ADA/USDT:USDT,2023-11-20 07:00:00+00:00,long_compression_breakout,long,0.3874,0.37833421356121927,0.023401617033507367,True,False,0.017294785751161546,1.3065970570416114,0.6428571428571457,0.8809523809523819,0.003355704697986406,-0.011615900877645857,-0.01548786783686118,0.03149199793495083,-0.024006195147134868,tp1,3.0,True,False,False,1.3457188830096412,-1.0258348862286653,tp1,3.0,True,False,False,1.3457188830096412,-3.540784929886028,2023,2023-11
ADA,ADA/USDT:USDT,2023-11-20 07:00:00+00:00,long_pullback_restart,long,0.3874,0.37833421356121927,0.023401617033507367,True,False,0.017294785751161546,1.3065970570416114,0.6428571428571457,0.8809523809523819,0.003355704697986406,-0.011615900877645857,-0.01548786783686118,0.03149199793495083,-0.024006195147134868,tp1,3.0,True,False,False,1.3457188830096412,-1.0258348862286653,tp1,3.0,True,False,False,1.3457188830096412,-3.540784929886028,2023,2023-11
ADA,ADA/USDT:USDT,2023-11-20 08:00:00+00:00,long_compression_breakout,long,0.3899,0.37832891259256074,0.02967706439456087,True,False,0.022569889715311695,1.2141429533120471,0.7575757575757525,1.0,0.008207232623749672,-0.015901513208515072,-0.009489612721210627,0.024878173890741095,-0.030264170300076998,stop,13.0,False,False,True,0.8382963206866506,-1.0197831530002597,stop,13.0,False,False,True,0.8382963206866506,-2.9902116181193987,2023,2023-11
ADA,ADA/USDT:USDT,2023-11-20 08:00:00+00:00,long_pullback_restart,long,0.3899,0.37832891259256074,0.02967706439456087,True,False,0.022569889715311695,1.2141429533120471,0.7575757575757525,1.0,0.008207232623749672,-0.015901513208515072,-0.009489612721210627,0.024878173890741095,-0.030264170300076998,stop,13.0,False,False,True,0.8382963206866506,-1.0197831530002597,stop,13.0,False,False,True,0.8382963206866506,-2.9902116181193987,2023,2023-11
TRX,TRX/USDT:USDT,2023-11-20 08:00:00+00:00,long_pullback_restart,long,0.10424,0.10272961964184989,0.014489450864832238,True,False,0.009881043745203407,3.808322245363317,0.7613636363636478,0.829545454545456,-0.00028779739063700127,-0.02676515732924023,-0.026957022256331453,0.008250191864927148,-0.03463161933998471,stop,9.0,False,False,True,0.5693929978361958,-2.390126421149615,stop,9.0,False,False,True,0.5693929978361958,-5.760138466482449,2023,2023-11
ADA,ADA/USDT:USDT,2023-11-20 09:00:00+00:00,long_compression_breakout,long,0.3941,0.37833684740737783,0.03999784976559801,True,False,0.027404212128901373,2.090046495109164,0.6515151515151559,0.8484848484848482,-0.004821111393047528,-0.03146409540725714,-0.017508246637909175,0.013955848769347856,-0.04059883278355747,stop,12.0,False,False,True,0.3489149754582873,-1.0150253831513814,stop,12.0,False,False,True,0.3489149754582873,-2.4614365541420975,2023,2023-11
ADA,ADA/USDT:USDT,2023-11-20 09:00:00+00:00,long_pullback_restart,long,0.3941,0.37833684740737783,0.03999784976559801,True,False,0.027404212128901373,2.090046495109164,0.6515151515151559,0.8484848484848482,-0.004821111393047528,-0.03146409540725714,-0.017508246637909175,0.013955848769347856,-0.04059883278355747,stop,12.0,False,False,True,0.3489149754582873,-1.0150253831513814,stop,12.0,False,False,True,0.3489149754582873,-2.4614365541420975,2023,2023-11
DOGE,DOGE/USDT:USDT,2023-11-20 11:00:00+00:00,long_compression_breakout,long,0.08172,0.07941841815229018,0.028164241895616934,True,False,0.02141458639255998,2.0114933455708455,0.4090909090909128,0.980519480519479,-0.009422418012726475,-0.058737151248164476,-0.07268722466960353,0.007097405775819743,-0.06901615271659334,stop,3.0,False,False,True,0.252000597144579,-2.4504885653369555,stop,3.0,False,False,True,0.252000597144579,-4.87490810338309,2023,2023-11
DOGE,DOGE/USDT:USDT,2023-11-20 11:00:00+00:00,long_pullback_restart,long,0.08172,0.07941841815229018,0.028164241895616934,True,False,0.02141458639255998,2.0114933455708455,0.4090909090909128,0.980519480519479,-0.009422418012726475,-0.058737151248164476,-0.07268722466960353,0.007097405775819743,-0.06901615271659334,stop,3.0,False,False,True,0.252000597144579,-2.4504885653369555,stop,3.0,False,False,True,0.252000597144579,-4.87490810338309,2023,2023-11
ADA,ADA/USDT:USDT,2023-11-23 23:00:00+00:00,long_pullback_restart,long,0.3874,0.37540827616073913,0.030954372326434932,True,False,0.026071244192049554,1.812071765310079,0.7500000000000074,0.9821428571428591,0.012648425400103136,-0.003355704697986628,-0.00025813113061445847,0.027361899845121274,-0.01032524522457412,none,,False,False,False,0.883942971176138,-0.3335633853494864,none,,False,False,False,0.883942971176138,-0.7922130402050301,2023,2023-11
ETH,ETH/USDT:USDT,2023-11-24 07:00:00+00:00,long_pullback_restart,long,2080.5,2053.5499532071776,0.012953639410152549,True,False,0.010771449170872317,1.4755976040709329,0.5002476473501675,0.7771173848439827,0.011708723864455761,0.0038308099014658925,-0.017015140591204125,0.02619562605143,-0.010925258351357825,tp1,2.0,True,True,False,2.0222599396196603,-0.8434122647257782,tp1,2.0,True,True,False,2.0222599396196603,-1.9591802717783113,2023,2023-11
BTC,BTC/USDT:USDT,2023-11-24 09:00:00+00:00,long_pullback_restart,long,37634.0,37175.90747292428,0.012172305018752234,True,False,0.010044109050326832,2.3141353948514594,0.6363036303630459,0.6402640264026402,0.015499282563639305,0.0027634585746931783,-0.007296593505872306,0.021018228197906108,-0.0022054525163416328,tp1,2.0,True,False,False,1.7267253955209132,-0.18118610344909708,tp1,2.0,True,False,False,1.7267253955209132,-1.3730850490299045,2023,2023-11
ETH,ETH/USDT:USDT,2023-11-24 09:00:00+00:00,long_pullback_restart,long,2110.49,2057.088204551087,0.02530303173619051,True,False,0.012703211102634908,4.447186511421748,0.7604497677829328,0.813004155463209,0.0033025505925166065,-0.012859572895393856,-0.030969111438575725,0.011613416789466147,-0.024979980952290592,none,,False,False,False,0.4589733321503754,-0.9872327242336795,stop,55.0,False,False,True,0.4589733321503754,-1.550322405904901,2023,2023-11
ZEC,ZEC/USDT:USDT,2023-11-24 15:00:00+00:00,long_compression_breakout,long,29.41,28.839690196580225,0.01939169681808144,True,False,0.013260795647738884,1.8335413075805296,0.9032258064516203,0.935483870967743,0.006800408024481452,0.023801428085685084,-0.029581774906494385,0.03128187691261464,-0.0010200612036722623,tp1,2.0,True,False,False,1.6131583123477091,-0.05260298844612305,tp1,2.0,True,False,False,1.6131583123477091,-1.6832956302758753,2023,2023-11
ZEC,ZEC/USDT:USDT,2023-11-24 15:00:00+00:00,long_pullback_restart,long,29.41,28.839690196580225,0.01939169681808144,True,False,0.013260795647738884,1.8335413075805296,0.9032258064516203,0.935483870967743,0.006800408024481452,0.023801428085685084,-0.029581774906494385,0.03128187691261464,-0.0010200612036722623,tp1,2.0,True,False,False,1.6131583123477091,-0.05260298844612305,tp1,2.0,True,False,False,1.6131583123477091,-1.6832956302758753,2023,2023-11
DOGE,DOGE/USDT:USDT,2023-11-25 01:00:00+00:00,long_compression_breakout,long,0.07894,0.07682222174531199,0.02682769514426156,True,False,0.022168735748669895,1.3316660184664184,0.6511627906976643,0.7325581395348744,-0.0008867494299468204,-0.008360780339498275,-0.007727387889536308,0.00266024828984035,-0.017734988598935852,none,,False,False,False,0.09916052331500551,-0.6610701554333636,stop,39.0,False,False,True,1.251311365641725,-1.747113982216746,2023,2023-11
DOGE,DOGE/USDT:USDT,2023-11-25 01:00:00+00:00,long_pullback_restart,long,0.07894,0.07682222174531199,0.02682769514426156,True,False,0.022168735748669895,1.3316660184664184,0.6511627906976643,0.7325581395348744,-0.0008867494299468204,-0.008360780339498275,-0.007727387889536308,0.00266024828984035,-0.017734988598935852,none,,False,False,False,0.09916052331500551,-0.6610701554333636,stop,39.0,False,False,True,1.251311365641725,-1.747113982216746,2023,2023-11
ADA,ADA/USDT:USDT,2023-11-25 12:00:00+00:00,long_pullback_restart,long,0.3942,0.38388149236495994,0.02617581845520054,True,False,0.02308472856418061,1.7561632471797881,0.9062499999999932,0.9531249999999966,0.0010147133434805777,-0.004312531709791956,-0.04515474378488071,0.004819888381532245,-0.01547437848807709,none,,False,False,False,0.18413515473380154,-0.591170759934832,stop,28.0,False,False,True,0.18413515473380154,-2.4034483354727607,2023,2023-11
XRP,XRP/USDT:USDT,2023-11-26 10:00:00+00:00,long_pullback_restart,long,0.6338,0.6181564817858449,0.024682105102800733,True,False,0.008362259387819456,8.518426333122582,0.7948717948718025,0.8333333333333369,-0.033133480593247056,-0.04780687914168502,-0.03723572104764916,0.00631113916061854,-0.05254023351214898,stop,4.0,False,False,True,0.25569695673576714,-2.1286771648252594,stop,4.0,False,False,True,0.25569695673576714,-2.5953241108680394,2023,2023-11
NEAR,NEAR/USDT:USDT,2023-11-29 06:00:00+00:00,long_compression_breakout,long,1.867,1.7930325658931414,0.03961833642574107,True,False,0.02303160149973227,1.581295150874852,0.8787878787878783,1.0,-0.014461703267273696,-0.019282271023031594,0.043920728441349866,0.012854847348687803,-0.043920728441349755,stop,9.0,False,False,True,0.32446711569483305,-1.108595978624013,stop,9.0,False,False,True,1.3789852417030404,-1.108595978624013,2023,2023-11
NEAR,NEAR/USDT:USDT,2023-11-29 06:00:00+00:00,long_pullback_restart,long,1.867,1.7930325658931414,0.03961833642574107,True,False,0.02303160149973227,1.581295150874852,0.8787878787878783,1.0,-0.014461703267273696,-0.019282271023031594,0.043920728441349866,0.012854847348687803,-0.043920728441349755,stop,9.0,False,False,True,0.32446711569483305,-1.108595978624013,stop,9.0,False,False,True,1.3789852417030404,-1.108595978624013,2023,2023-11
SOL,SOL/USDT:USDT,2023-11-29 06:00:00+00:00,long_compression_breakout,long,59.473,57.32221039526271,0.03616413506527821,True,False,0.02364097994047717,1.4770502737295843,0.8124999999999988,0.8999999999999981,0.019471020463067257,0.012795722428665224,0.044036789803776566,0.03911018445344938,-0.01551964757116675,tp1,3.0,True,False,False,1.0814632890529108,-0.4291447187428368,tp1,3.0,True,False,False,1.2446591680114536,-0.4291447187428368,2023,2023-11
SOL,SOL/USDT:USDT,2023-11-29 06:00:00+00:00,long_pullback_restart,long,59.473,57.32221039526271,0.03616413506527821,True,False,0.02364097994047717,1.4770502737295843,0.8124999999999988,0.8999999999999981,0.019471020463067257,0.012795722428665224,0.044036789803776566,0.03911018445344938,-0.01551964757116675,tp1,3.0,True,False,False,1.0814632890529108,-0.4291447187428368,tp1,3.0,True,False,False,1.2446591680114536,-0.4291447187428368,2023,2023-11
ZEC,ZEC/USDT:USDT,2023-11-30 06:00:00+00:00,long_pullback_restart,long,29.6,28.859801001452283,0.025006722923909413,True,False,0.02094594594594598,1.714396805419141,0.5294117647058872,0.70588235294119,0.0006756756756756133,-0.0033783783783783994,0.05878378378378368,0.010472972972972894,-0.014527027027027017,none,,False,False,False,0.41880629480480697,-0.5809248605357019,tp1,49.0,True,True,False,3.3369404779608933,-0.5809248605357019,2023,2023-11
DOGE,DOGE/USDT:USDT,2023-11-30 16:00:00+00:00,long_compression_breakout,long,0.08336,0.08092016787317026,0.029268619563696543,True,False,0.024112284069097864,1.7762264800559717,0.7741935483871043,0.9596774193548429,-0.00023992322456822812,0.002159309021113165,0.01019673704414581,0.020993282149712078,-0.012715930902111428,none,,False,False,False,0.7172624627555451,-0.43445612029764624,tp1,51.0,True,False,False,1.6968380547473985,-0.43445612029764624,2023,2023-11
DOGE,DOGE/USDT:USDT,2023-11-30 16:00:00+00:00,long_pullback_restart,long,0.08336,0.08092016787317026,0.029268619563696543,True,False,0.024112284069097864,1.7762264800559717,0.7741935483871043,0.9596774193548429,-0.00023992322456822812,0.002159309021113165,0.01019673704414581,0.020993282149712078,-0.012715930902111428,none,,False,False,False,0.7172624627555451,-0.43445612029764624,tp1,51.0,True,False,False,1.6968380547473985,-0.43445612029764624,2023,2023-11
DOGE,DOGE/USDT:USDT,2023-11-30 17:00:00+00:00,long_compression_breakout,long,0.08375,0.0809145844536581,0.033855708016022806,True,False,0.027701492537313462,1.5532243483238604,0.3958333333333436,0.8229166666666754,-0.0033432835820895734,-0.007402985074627,0.0032238805970148388,0.01623880597014926,-0.017313432835820985,none,,False,False,False,0.47964750766588476,-0.5113888868496589,tp1,53.0,True,False,False,1.3225574659904873,-0.5113888868496589,2023,2023-11
DOGE,DOGE/USDT:USDT,2023-11-30 17:00:00+00:00,long_pullback_restart,long,0.08375,0.0809145844536581,0.033855708016022806,True,False,0.027701492537313462,1.5532243483238604,0.3958333333333436,0.8229166666666754,-0.0033432835820895734,-0.007402985074627,0.0032238805970148388,0.01623880597014926,-0.017313432835820985,none,,False,False,False,0.47964750766588476,-0.5113888868496589,tp1,53.0,True,False,False,1.3225574659904873,-0.5113888868496589,2023,2023-11
DOGE,DOGE/USDT:USDT,2023-11-30 19:00:00+00:00,long_compression_breakout,long,0.08409,0.08114572843198072,0.03501333770982617,True,False,0.030919253181115366,1.321887580810314,0.6400000000000011,0.6499999999999972,-0.0017838030681412986,-0.00737305268165056,0.015340706386014924,0.012129860863360875,-0.021286716613152623,none,,False,False,False,0.3464354345160483,-0.6079602233173746,tp1,54.0,True,False,False,1.1581812075487405,-0.6079602233173746,2023,2023-11
DOGE,DOGE/USDT:USDT,2023-11-30 19:00:00+00:00,long_pullback_restart,long,0.08409,0.08114572843198072,0.03501333770982617,True,False,0.030919253181115366,1.321887580810314,0.6400000000000011,0.6499999999999972,-0.0017838030681412986,-0.00737305268165056,0.015340706386014924,0.012129860863360875,-0.021286716613152623,none,,False,False,False,0.3464354345160483,-0.6079602233173746,tp1,54.0,True,False,False,1.1581812075487405,-0.6079602233173746,2023,2023-11
ETH,ETH/USDT:USDT,2023-12-01 01:00:00+00:00,long_pullback_restart,long,2087.98,2022.0988118752466,0.03155259539112128,True,False,0.01471757392312177,4.603576503020678,0.8724501232907456,0.9249047298811944,0.0020641960172032014,0.002796961656720942,0.060532189005641834,0.01126447571336886,-0.008467514056648029,none,,False,False,False,0.35700631196058924,-0.26836188756220936,tp1,41.0,True,True,False,2.1556988275783553,-0.26836188756220936,2023,2023-12
NEAR,NEAR/USDT:USDT,2023-12-01 01:00:00+00:00,long_compression_breakout,long,1.893,1.848846738998786,0.02332449075605604,True,False,0.019545694664553578,1.5256474672198863,0.7111111111111129,0.8000000000000019,-0.017432646592709933,0.024300052826201846,0.06814580031695705,0.02694136291600624,-0.02007395668251455,tp1,24.0,True,False,False,1.1550675724404045,-0.8606385833869699,tp1,24.0,True,True,False,3.623741403734605,-0.8606385833869699,2023,2023-12
NEAR,NEAR/USDT:USDT,2023-12-01 01:00:00+00:00,long_pullback_restart,long,1.893,1.848846738998786,0.02332449075605604,True,False,0.019545694664553578,1.5256474672198863,0.7111111111111129,0.8000000000000019,-0.017432646592709933,0.024300052826201846,0.06814580031695705,0.02694136291600624,-0.02007395668251455,tp1,24.0,True,False,False,1.1550675724404045,-0.8606385833869699,tp1,24.0,True,True,False,3.623741403734605,-0.8606385833869699,2023,2023-12
LINK,LINK/USDT:USDT,2023-12-01 15:00:00+00:00,long_compression_breakout,long,14.936,14.510071619570978,0.028516897457754577,True,False,0.022830744509909018,2.453117604788295,0.6263736263736248,0.7692307692307667,-0.001874665238350337,0.06099357257632554,0.035685591858596544,0.06454204606320313,-0.005222281735404399,tp1,12.0,True,True,False,2.2632913050522667,-0.18312937945443505,tp1,12.0,True,True,False,3.486501647305616,-0.18312937945443505,2023,2023-12
LINK,LINK/USDT:USDT,2023-12-01 15:00:00+00:00,long_pullback_restart,long,14.936,14.510071619570978,0.028516897457754577,True,False,0.022830744509909018,2.453117604788295,0.6263736263736248,0.7692307692307667,-0.001874665238350337,0.06099357257632554,0.035685591858596544,0.06454204606320313,-0.005222281735404399,tp1,12.0,True,True,False,2.2632913050522667,-0.18312937945443505,tp1,12.0,True,True,False,3.486501647305616,-0.18312937945443505,2023,2023-12
NEAR,NEAR/USDT:USDT,2023-12-02 00:00:00+00:00,long_pullback_restart,long,1.926,1.8556183740018926,0.03654290031054381,True,False,0.025441329179646904,1.5320791742484385,0.8918918918918916,0.9459459459459458,0.011941848390446541,0.04517133956386288,0.18743509865005192,0.05607476635514019,-0.0005192107995846129,tp1,11.0,True,False,False,1.534491402669556,-0.014208253728420266,tp1,11.0,True,True,False,5.228637372059235,-0.014208253728420266,2023,2023-12
BTC,BTC/USDT:USDT,2023-12-03 13:00:00+00:00,long_pullback_restart,long,39664.1,39225.06063319496,0.011068935556461343,True,False,0.007407201978615496,2.325680697332454,0.6487781504551862,0.6952563488260567,-0.0027480769764094415,0.052387423387900034,0.11211649829442738,0.06340494300891741,-0.006134010351930175,tp1,9.0,True,True,False,5.7281879260653605,-0.5541644289680212,tp1,9.0,True,True,False,11.078733179204699,-0.5541644289680212,2023,2023-12
ETH,ETH/USDT:USDT,2023-12-03 21:00:00+00:00,long_pullback_restart,long,2183.12,2145.7822300751654,0.01710293979480489,True,False,0.012010333834145535,1.332048626094007,0.8440771349862268,0.8440771349862268,0.012665359668730947,0.02381912125764951,0.02986551357689926,0.04292938546667169,-0.0007970244420827388,tp1,4.0,True,True,False,2.5100588543094626,-0.0466016048495295,tp1,4.0,True,True,False,3.531544606586056,-0.0466016048495295,2023,2023-12
ADA,ADA/USDT:USDT,2023-12-05 17:00:00+00:00,long_pullback_restart,long,0.414,0.39610508563805213,0.04322443082596098,True,False,0.02512077294685982,3.453400580607555,0.8780487804878045,0.9024390243902409,0.02922705314009666,0.0818840579710145,0.30362318840579716,0.09009661835748783,-0.00048309178743954906,tp1,14.0,True,True,False,2.0843910870741897,-0.011176359716214264,tp1,14.0,True,True,False,8.846088715384568,-0.011176359716214264,2023,2023-12
SOL,SOL/USDT:USDT,2023-12-07 11:00:00+00:00,long_pullback_restart,long,64.289,61.22411505060728,0.04767355145347914,True,False,0.03971130364448035,1.5993721459269976,0.8053461274845836,0.9170664838930805,0.03330274230428221,0.13573084042371164,0.11210315917186442,0.15001011059434743,-0.009939491981520998,tp1,6.0,True,True,False,3.1466107730767767,-0.20849069722066244,tp1,6.0,True,True,False,4.434097926805618,-0.20849069722066244,2023,2023-12
DOGE,DOGE/USDT:USDT,2023-12-08 19:00:00+00:00,long_compression_breakout,long,0.10037,0.09587643921339177,0.04476995901771675,True,False,0.028494570090664556,1.9803659074663318,0.8199052132701398,0.8436018957345987,0.023313739165089054,-0.0005977881837202492,-0.06555743748131915,0.04593005878250467,-0.018232539603467157,tp1,12.0,True,False,False,1.0259124598333655,-0.40724941464101,tp1,12.0,True,False,False,1.6045181855528319,-2.525836533429217,2023,2023-12
DOGE,DOGE/USDT:USDT,2023-12-08 19:00:00+00:00,long_pullback_restart,long,0.10037,0.09587643921339177,0.04476995901771675,True,False,0.028494570090664556,1.9803659074663318,0.8199052132701398,0.8436018957345987,0.023313739165089054,-0.0005977881837202492,-0.06555743748131915,0.04593005878250467,-0.018232539603467157,tp1,12.0,True,False,False,1.0259124598333655,-0.40724941464101,tp1,12.0,True,False,False,1.6045181855528319,-2.525836533429217,2023,2023-12
SOL,SOL/USDT:USDT,2023-12-08 23:00:00+00:00,long_pullback_restart,long,74.98,71.43284868476368,0.04730796632750493,True,False,0.03712990130701528,1.3789935439181806,0.5784395973154383,0.7986577181208097,-0.0022405974926648087,-0.034835956255001466,-0.06260336089623908,0.03866364363830366,-0.0467858095492133,none,,False,False,False,0.8172755381332985,-0.9889626035776538,stop,34.0,False,False,True,0.8172755381332985,-3.236117937989698,2023,2023-12
TRX,TRX/USDT:USDT,2023-12-10 06:00:00+00:00,long_pullback_restart,long,0.10844,0.10611082799305557,0.021478900838661212,True,False,0.014478052379195888,1.7352428648449703,0.8953488372092945,0.9534883720930252,-0.007285134636665469,-0.03780892659535218,-0.060863150129103594,0.0012910365178901984,-0.08834378458133518,stop,20.0,False,False,True,0.06010719671307723,-4.113049603651959,stop,20.0,False,False,True,0.06010719671307723,-4.113049603651959,2023,2023-12
SOL,SOL/USDT:USDT,2023-12-10 23:00:00+00:00,long_pullback_restart,long,74.907,71.18608939066158,0.049673736891591144,True,False,0.044508523902973066,1.2701967927064508,0.4210866752910734,0.9650711513583426,-0.06334521473293542,-0.06168982872094719,-0.05659017181304804,0.0015619368016341895,-0.15226881332852737,stop,3.0,False,False,True,0.03144391582704729,-3.065378666011006,stop,3.0,False,False,True,0.03144391582704729,-3.065378666011006,2023,2023-12
BTC,BTC/USDT:USDT,2023-12-14 11:00:00+00:00,long_compression_breakout,long,43269.9,42613.875249773984,0.015161226400477403,True,False,0.010531570445043716,1.2259993665279139,0.6828552066862545,0.8491077479105578,-0.0012387363964325715,-0.010859743147083822,-0.029817494378309273,0.004164557810394598,-0.049223594230631496,stop,2.0,False,False,True,0.27468475836912193,-3.2466762866282055,stop,2.0,False,False,True,0.27468475836912193,-3.2466762866282055,2023,2023-12
BTC,BTC/USDT:USDT,2023-12-14 11:00:00+00:00,long_pullback_restart,long,43269.9,42613.875249773984,0.015161226400477403,True,False,0.010531570445043716,1.2259993665279139,0.6828552066862545,0.8491077479105578,-0.0012387363964325715,-0.010859743147083822,-0.029817494378309273,0.004164557810394598,-0.049223594230631496,stop,2.0,False,False,True,0.27468475836912193,-3.2466762866282055,stop,2.0,False,False,True,0.27468475836912193,-3.2466762866282055,2023,2023-12
ETH,ETH/USDT:USDT,2023-12-14 11:00:00+00:00,long_compression_breakout,long,2308.57,2242.739959950794,0.02851550529081042,True,False,0.01989110141776081,1.4820422373254323,0.8094545454545534,0.9843636363636423,-0.0014034662150163024,-0.014840355718041986,-0.03953962842798797,0.010707927418271757,-0.0418137634986161,stop,2.0,False,False,True,0.3755124557348325,-1.4663518346312197,stop,2.0,False,False,True,0.3755124557348325,-1.7209468491181028,2023,2023-12
ETH,ETH/USDT:USDT,2023-12-14 11:00:00+00:00,long_pullback_restart,long,2308.57,2242.739959950794,0.02851550529081042,True,False,0.01989110141776081,1.4820422373254323,0.8094545454545534,0.9843636363636423,-0.0014034662150163024,-0.014840355718041986,-0.03953962842798797,0.010707927418271757,-0.0418137634986161,stop,2.0,False,False,True,0.3755124557348325,-1.4663518346312197,stop,2.0,False,False,True,0.3755124557348325,-1.7209468491181028,2023,2023-12
BTC,BTC/USDT:USDT,2023-12-16 15:00:00+00:00,long_pullback_restart,long,42631.7,42070.65545023215,0.013160266885154585,True,False,0.010844043282346304,1.2290113255067647,0.8011583011582937,0.9707207207207023,-0.007440472699892231,-0.01884044032961385,-0.0027890044262836033,0.0029320904397431846,-0.026639800899330712,stop,10.0,False,False,True,0.2227987065407264,-2.0242599281464186,stop,10.0,False,False,True,1.6367684177307975,-3.7036274585677926,2023,2023-12
SOL,SOL/USDT:USDT,2023-12-16 15:00:00+00:00,long_pullback_restart,long,77.174,73.41340628429262,0.048728765072529434,True,False,0.03892502656335041,1.5551179955453973,0.9369034994697848,0.9650053022269415,-0.045248399720113075,-0.05776556871485228,-0.044665301785575484,0.0008422525721096807,-0.07496047891777036,stop,5.0,False,False,True,0.01728450476543194,-1.5383209241234992,stop,5.0,False,False,True,0.01728450476543194,-2.7450452722086194,2023,2023-12
BTC,BTC/USDT:USDT,2023-12-20 04:00:00+00:00,long_pullback_restart,long,42841.0,41774.914882154604,0.024884692650624304,True,False,0.01959804859830533,1.472691673679597,0.7541650523053179,0.8663308795040674,0.0012838169043674075,0.01929460096636393,0.016110735043532998,0.03603090497420691,-0.005352349384935007,tp1,10.0,True,False,False,1.447914405858775,-0.2150860153300218,tp1,10.0,True,False,False,1.5411527395866609,-0.2150860153300218,2023,2023-12
BTC,BTC/USDT:USDT,2023-12-20 13:00:00+00:00,long_pullback_restart,long,43816.8,42160.36186437448,0.03780372221671882,True,False,0.019138777820379364,5.3518212247132935,0.9681246255242678,0.9733972438586015,-0.0012940242098922194,0.008268518011356196,-0.0017344945317777638,0.012958499936097434,-0.01270517244527225,none,,False,False,False,0.342783704255623,-0.3360825786528853,none,,False,False,False,0.40279198217568235,-0.3360825786528853,2023,2023-12
BNB,BNB/USDT:USDT,2023-12-20 17:00:00+00:00,long_pullback_restart,long,261.18,252.9859688765236,0.03137311862882459,True,False,0.02327896469867529,1.3672992050853592,0.9470588235294262,0.9617647058823541,-0.004632820277203353,0.031166245501186962,0.034918447048012835,0.051573627383413534,-0.023661842407535105,tp1,16.0,True,False,False,1.6438795260866883,-0.7542075331266346,tp1,16.0,True,False,False,1.8122948004741886,-0.7542075331266346,2023,2023-12
BNB,BNB/USDT:USDT,2023-12-22 05:00:00+00:00,long_compression_breakout,long,275.25,267.9021535928311,0.02669517314139474,True,False,0.016675749318801,1.356143707279242,0.7529411764705939,0.7794117647058809,-0.01856494096276118,-0.025613079019073615,-0.03440508628519534,0.0028337874659398743,-0.03832879200726613,stop,2.0,False,False,True,0.10615355258909173,-1.435794845916613,stop,2.0,False,False,True,0.10615355258909173,-2.0033080693737024,2023,2023-12
BNB,BNB/USDT:USDT,2023-12-22 05:00:00+00:00,long_pullback_restart,long,275.25,267.9021535928311,0.02669517314139474,True,False,0.016675749318801,1.356143707279242,0.7529411764705939,0.7794117647058809,-0.01856494096276118,-0.025613079019073615,-0.03440508628519534,0.0028337874659398743,-0.03832879200726613,stop,2.0,False,False,True,0.10615355258909173,-1.435794845916613,stop,2.0,False,False,True,0.10615355258909173,-2.0033080693737024,2023,2023-12
SOL,SOL/USDT:USDT,2023-12-23 17:00:00+00:00,long_pullback_restart,long,98.278,93.95791410204588,0.043957812510980375,True,False,0.03676305989132867,1.6864218325075913,0.5763358778626018,0.8931297709923661,0.09856732941248292,0.16573393841958528,0.08499358961313819,0.2077982864934167,-0.004863753841144569,tp1,1.0,True,True,False,4.7272208197691805,-0.11064594808783222,tp1,1.0,True,True,False,6.634127347692916,-0.11064594808783222,2023,2023-12
ZEC,ZEC/USDT:USDT,2023-12-25 11:00:00+00:00,long_pullback_restart,long,31.24,29.90942338569703,0.04259208112365461,True,False,0.03361075544174138,1.3005132742794703,0.6874999999999959,0.9583333333333268,0.011843790012804112,0.010883482714468595,0.04257362355953909,0.018886043533930863,-0.021126760563380254,none,,False,False,False,0.44341678161018533,-0.4960255523096991,stop,30.0,False,False,True,1.2100017260888134,-1.5256543502858904,2023,2023-12
ETH,ETH/USDT:USDT,2023-12-25 12:00:00+00:00,long_pullback_restart,long,2301.71,2251.755532199253,0.021703197970529258,True,False,0.01633568086335807,1.911414281632619,0.7553342816500702,0.9434566145092416,-0.010318415438956285,-0.022687480177780994,0.03226731430110652,0.002732750867832978,-0.03686389684191316,stop,17.0,False,False,True,0.12591466343088373,-1.6985467714007207,stop,17.0,False,False,True,3.0790038763599887,-2.459639856240502,2023,2023-12
BNB,BNB/USDT:USDT,2023-12-26 03:00:00+00:00,long_pullback_restart,long,270.98,263.3590270134481,0.028123747090382754,True,False,0.01679090707801297,2.6823171249019215,0.8750000000000082,0.9953703703703746,0.007233006125913377,0.0697468447855929,0.18289172632666606,0.11779467119344589,-0.026422614215071305,tp1,5.0,True,True,False,4.188441562032362,-0.9395125809571384,tp1,5.0,True,True,False,8.758724131129716,-0.9395125809571384,2023,2023-12
BTC,BTC/USDT:USDT,2023-12-27 20:00:00+00:00,long_compression_breakout,long,43475.0,42387.386652179615,0.025016983273614367,True,False,0.01918573893041975,1.8319860943167634,0.6491306286223658,0.7329469460543884,-0.0019367452558941567,-0.021177688326624478,-0.0267050028752156,0.008625646923519303,-0.026555491661874653,stop,20.0,False,False,True,0.34479164930396744,-1.0614985576571476,stop,20.0,False,False,True,0.34479164930396744,-2.0152382318518316,2023,2023-12
DOGE,DOGE/USDT:USDT,2023-12-28 00:00:00+00:00,long_compression_breakout,long,0.09475,0.09162768337800609,0.03295320973080649,True,False,0.022902374670184605,1.979029813975265,0.6100628930817571,0.7798742138364771,-0.013509234828496086,-0.034722955145118695,-0.04517150395778369,0.0035883905013192052,-0.038733509234828545,stop,14.0,False,False,True,0.1088935047794316,-1.175409301589773,stop,14.0,False,False,True,0.1088935047794316,-2.3091828513521095,2023,2023-12
ETH,ETH/USDT:USDT,2023-12-29 14:00:00+00:00,long_pullback_restart,long,2384.22,2321.8389104361945,0.026164149937424105,True,False,0.023009621595322636,1.2222603900928362,0.6610169491525502,0.8369996393797312,-0.03216565585390596,-0.0339188497705748,-0.033981763427871625,0.00032715101794300594,-0.05431545746617339,stop,1.0,False,False,True,0.01250378929663279,-2.075949633222476,stop,1.0,False,False,True,0.01250378929663279,-2.075949633222476,2023,2023-12
ZEC,ZEC/USDT:USDT,2023-12-31 20:00:00+00:00,short_pullback_restart,short,27.78,28.913411665139794,0.04079955598055409,False,True,0.023398128149747968,4.801922785118783,0.6588235294117648,0.3176470588235297,0.0273668639053255,-0.0007194244604316058,0.11164465786314537,0.09069493521790362,-0.010683760683760535,tp1,2.0,True,True,False,2.038094428572068,-0.2646875881262399,tp1,2.0,True,True,False,5.999585330861494,-0.4940834978356513,2023,2023-12
TRX,TRX/USDT:USDT,2024-01-02 00:00:00+00:00,long_pullback_restart,long,0.10828,0.10664688433501071,0.015082338982169286,True,False,0.012744735869966682,1.8396660906896674,0.6760563380281588,0.9154929577464728,0.0021241226449943973,0.003509420022164811,-0.01209826376062062,0.02318064277798304,-0.004155892131510908,tp1,9.0,True,False,False,1.5369395161710475,-0.2755469252099526,tp1,9.0,True,False,False,1.5369395161710475,-3.422905137608031,2024,2024-01
XRP,XRP/USDT:USDT,2024-01-02 09:00:00+00:00,long_compression_breakout,long,0.6386,0.6262066932885503,0.019406994537190213,True,False,0.014563106796116467,2.3818023049838066,0.5108695652173841,0.6739130434782601,-0.01941747572815533,-0.004227998747259543,-0.093642342624491,0.002348888192922116,-0.026464140306921236,stop,5.0,False,False,True,0.12103307332935351,-1.3636392928439909,stop,5.0,False,False,True,0.12103307332935351,-12.70040382802634,2024,2024-01
XRP,XRP/USDT:USDT,2024-01-02 09:00:00+00:00,long_pullback_restart,long,0.6386,0.6262066932885503,0.019406994537190213,True,False,0.014563106796116467,2.3818023049838066,0.5108695652173841,0.6739130434782601,-0.01941747572815533,-0.004227998747259543,-0.093642342624491,0.002348888192922116,-0.026464140306921236,stop,5.0,False,False,True,0.12103307332935351,-1.3636392928439909,stop,5.0,False,False,True,0.12103307332935351,-12.70040382802634,2024,2024-01
BNB,BNB/USDT:USDT,2024-01-05 00:00:00+00:00,long_compression_breakout,long,325.71,314.2320136986677,0.035239895309730415,True,False,0.025114365539897477,1.3431150996209273,0.8328173374612949,0.9969040247677871,-0.024592428847747927,-0.054496331092075745,-0.08756255564766202,0.002732492094194461,-0.06800528077123813,stop,14.0,False,False,True,0.07753973359392645,-1.9297810102307704,stop,14.0,False,False,True,0.07753973359392645,-2.5100221627425983,2024,2024-01
BNB,BNB/USDT:USDT,2024-01-05 00:00:00+00:00,long_pullback_restart,long,325.71,314.2320136986677,0.035239895309730415,True,False,0.025114365539897477,1.3431150996209273,0.8328173374612949,0.9969040247677871,-0.024592428847747927,-0.054496331092075745,-0.08756255564766202,0.002732492094194461,-0.06800528077123813,stop,14.0,False,False,True,0.07753973359392645,-1.9297810102307704,stop,14.0,False,False,True,0.07753973359392645,-2.5100221627425983,2024,2024-01
BTC,BTC/USDT:USDT,2024-01-07 13:00:00+00:00,long_pullback_restart,long,44406.2,43781.6598899051,0.01406425476836331,True,False,0.007595786174002795,3.332251332268898,0.8229193017960871,0.8593473311408919,-0.0037697438645953874,0.01147812692822181,0.016081087776031344,0.017425494638136252,-0.02810643558782333,stop,4.0,False,False,True,1.2389916796255553,-1.998430492815518,stop,4.0,False,False,True,5.914431980099331,-1.998430492815518,2024,2024-01
ETH,ETH/USDT:USDT,2024-01-11 14:00:00+00:00,long_pullback_restart,long,2683.64,2558.7503913272126,0.04653739274745767,True,False,0.037385789450149774,1.9527633994783904,0.6620428751576303,0.938909906123019,-0.033219805935222335,0.008495923447258358,-0.05285358691925879,0.011842124875169668,-0.04186850695324251,none,,False,False,False,0.2544647255902954,-0.8996745301235158,stop,31.0,False,False,True,0.29025633425576314,-1.8036728787435345,2024,2024-01
TRX,TRX/USDT:USDT,2024-01-14 02:00:00+00:00,long_compression_breakout,long,0.1173,0.11318654940554634,0.035067780003867496,True,False,0.026172208013640265,1.258880983407653,0.5678391959799008,0.7135678391959802,-0.010230179028133057,-0.03989769820971867,-0.07868712702472291,0.002557544757033181,-0.054134697357203776,stop,16.0,False,False,True,0.07293147033405424,-1.543716122070844,stop,16.0,False,False,True,0.07293147033405424,-2.4334800601463207,2024,2024-01
TRX,TRX/USDT:USDT,2024-01-14 02:00:00+00:00,long_pullback_restart,long,0.1173,0.11318654940554634,0.035067780003867496,True,False,0.026172208013640265,1.258880983407653,0.5678391959799008,0.7135678391959802,-0.010230179028133057,-0.03989769820971867,-0.07868712702472291,0.002557544757033181,-0.054134697357203776,stop,16.0,False,False,True,0.07293147033405424,-1.543716122070844,stop,16.0,False,False,True,0.07293147033405424,-2.4334800601463207,2024,2024-01
ADA,ADA/USDT:USDT,2024-01-14 19:00:00+00:00,short_pullback_restart,short,0.5359,0.5506180193330997,0.02746411519518508,False,True,0.015674566150401123,3.03576161044615,0.8189655172413713,0.1293103448275905,0.0014950476546440328,0.00337015540161012,0.015154385300246265,0.0240779667494746,-0.011072153533862372,none,,False,False,False,0.8560934535303695,-0.4076635493001745,tp1,70.0,True,False,False,1.0055700882737653,-0.8560934535303619,2024,2024-01
ADA,ADA/USDT:USDT,2024-01-15 14:00:00+00:00,short_pullback_restart,short,0.5256,0.542941471523644,0.032993667282427835,False,True,0.01959665144596668,2.063388446667965,0.7966101694915371,0.15254237288134956,-0.012586887093744226,-0.015177065767284947,0.01584847313490534,0.0076687116564417845,-0.0316875460574797,none,,False,False,False,0.2306609329286872,-0.9918420115933536,stop,25.0,False,False,True,0.8649784984825706,-1.3205338410167349,2024,2024-01
ADA,ADA/USDT:USDT,2024-01-18 10:00:00+00:00,short_pullback_restart,short,0.5159,0.5298515865693123,0.027043199397775303,False,True,0.021515797635200617,1.573189628715664,0.6202531645569626,0.13924050632911233,0.004673807205452851,0.0283037671915487,-0.007884615384615379,0.05890804597701149,-0.014517669531996069,tp1,9.0,True,True,False,2.0571137094277243,-0.5447409126010655,tp1,9.0,True,True,False,3.2182719704984293,-0.5447409126010655,2024,2024-01
XRP,XRP/USDT:USDT,2024-01-19 14:00:00+00:00,short_compression_breakdown,short,0.5444,0.5532357604976278,0.01623027277301212,False,True,0.012674504041146247,1.7313276644563773,0.7794117647058749,0.16176470588235078,-0.0007342143906019505,-0.009461426491994107,0.029500756429651886,0.043911792905081626,-0.015195369030390649,tp1,2.0,True,True,False,2.591740689004434,-0.9506821741326253,tp1,2.0,True,True,False,2.591740689004434,-1.2449409423165398,2024,2024-01
XRP,XRP/USDT:USDT,2024-01-19 14:00:00+00:00,short_pullback_restart,short,0.5444,0.5532357604976278,0.01623027277301212,False,True,0.012674504041146247,1.7313276644563773,0.7794117647058749,0.16176470588235078,-0.0007342143906019505,-0.009461426491994107,0.029500756429651886,0.043911792905081626,-0.015195369030390649,tp1,2.0,True,True,False,2.591740689004434,-0.9506821741326253,tp1,2.0,True,True,False,2.591740689004434,-1.2449409423165398,2024,2024-01
XRP,XRP/USDT:USDT,2024-01-19 15:00:00+00:00,short_compression_breakdown,short,0.5389,0.5532803490335115,0.026684633574896057,False,True,0.017071812952310233,3.6910493906524406,0.6999999999999916,0.22500000000000278,-0.014087083790706001,-0.016964611455673073,0.01929260450160797,0.0333652924256953,-0.025144717800289262,tp1,1.0,True,False,False,1.209984539280076,-0.9665968445972914,tp1,1.0,True,False,False,1.209984539280076,-1.147399132075926,2024,2024-01
XRP,XRP/USDT:USDT,2024-01-19 15:00:00+00:00,short_pullback_restart,short,0.5389,0.5532803490335115,0.026684633574896057,False,True,0.017071812952310233,3.6910493906524406,0.6999999999999916,0.22500000000000278,-0.014087083790706001,-0.016964611455673073,0.01929260450160797,0.0333652924256953,-0.025144717800289262,tp1,1.0,True,False,False,1.209984539280076,-0.9665968445972914,tp1,1.0,True,False,False,1.209984539280076,-1.147399132075926,2024,2024-01
BTC,BTC/USDT:USDT,2024-01-19 16:00:00+00:00,short_compression_breakdown,short,40408.6,41641.00370656655,0.03049854997615741,False,True,0.021277648817331036,3.800051754655104,0.753858024691358,0.14907407407407183,-0.03076196118596053,-0.027863583436781414,-0.002850155833195589,0.0026947890818858067,-0.04238215986918503,stop,2.0,False,False,True,0.08812047498830997,-1.4511478588314528,stop,2.0,False,False,True,0.08812047498830997,-1.4511478588314528,2024,2024-01
BTC,BTC/USDT:USDT,2024-01-19 16:00:00+00:00,short_pullback_restart,short,40408.6,41641.00370656655,0.03049854997615741,False,True,0.021277648817331036,3.800051754655104,0.753858024691358,0.14907407407407183,-0.03076196118596053,-0.027863583436781414,-0.002850155833195589,0.0026947890818858067,-0.04238215986918503,stop,2.0,False,False,True,0.08812047498830997,-1.4511478588314528,stop,2.0,False,False,True,0.08812047498830997,-1.4511478588314528,2024,2024-01
NEAR,NEAR/USDT:USDT,2024-01-21 15:00:00+00:00,short_pullback_restart,short,2.962,3.051353856801902,0.03016673085817079,False,True,0.025995948683322063,1.3086562739813676,0.45283018867924624,0.22641509433962312,-0.001685203909673083,0.0933923957179772,0.13835511145272883,0.11269722013523675,-0.00936454849498325,tp1,10.0,True,True,False,3.3574376164321853,-0.3133608442003373,tp1,10.0,True,True,False,5.752409782820474,-0.3133608442003373,2024,2024-01
NEAR,NEAR/USDT:USDT,2024-01-21 23:00:00+00:00,short_pullback_restart,short,2.923,3.0185158664829848,0.0326773405689308,False,True,0.028737598357851547,1.3288133631212735,0.387096774193547,0.19354838709678066,0.003777472527472625,0.1030188679245283,0.0906716417910447,0.1290073387408266,-0.008816547982366862,tp1,9.0,True,True,False,3.496801236258472,-0.2722060842596394,tp1,9.0,True,True,False,4.972995770128066,-0.2722060842596394,2024,2024-01
XRP,XRP/USDT:USDT,2024-01-21 23:00:00+00:00,short_pullback_restart,short,0.5465,0.555537809790669,0.01653762084294426,False,True,0.01390667886550787,1.8627964352525082,0.4186046511627991,0.3255813953488294,0.013538575667655817,0.03582259287338907,0.05481567265006748,0.05705996131528046,-0.006182942353155196,tp1,5.0,True,True,False,3.2640651533136755,-0.37619733970395713,tp1,5.0,True,True,False,5.609766212644184,-0.37619733970395713,2024,2024-01
BTC,BTC/USDT:USDT,2024-01-22 01:00:00+00:00,short_pullback_restart,short,41363.9,41910.9366526784,0.013224977641818065,False,True,0.01017553954051725,4.817730681197811,0.6714717507556189,0.2364566379911718,0.007828451413896875,0.03856332228582904,0.03472868449754363,0.049791888736612444,-0.0016051015679308112,tp1,3.0,True,True,False,3.586414165109698,-0.12156406645588191,tp1,3.0,True,True,False,5.153036795977229,-0.12156406645588191,2024,2024-01
ADA,ADA/USDT:USDT,2024-01-22 19:00:00+00:00,short_compression_breakdown,short,0.4823,0.5015203311429869,0.03985140191371943,False,True,0.03151565415716357,3.1259260970485365,0.4596273291925476,0.35403726708074423,0.002702702702702675,0.04145972792053554,0.02857752185967155,0.07800625838176134,-0.01450756027789124,tp1,14.0,True,False,False,1.8157855731187187,-0.3694005034138366,tp1,14.0,True,False,False,1.8157855731187187,-0.3694005034138366,2024,2024-01
ADA,ADA/USDT:USDT,2024-01-22 19:00:00+00:00,short_pullback_restart,short,0.4823,0.5015203311429869,0.03985140191371943,False,True,0.03151565415716357,3.1259260970485365,0.4596273291925476,0.35403726708074423,0.002702702702702675,0.04145972792053554,0.02857752185967155,0.07800625838176134,-0.01450756027789124,tp1,14.0,True,False,False,1.8157855731187187,-0.3694005034138366,tp1,14.0,True,False,False,1.8157855731187187,-0.3694005034138366,2024,2024-01
XRP,XRP/USDT:USDT,2024-01-23 08:00:00+00:00,short_compression_breakdown,short,0.5131,0.5334778482695836,0.03971515936383464,False,True,0.023387253946599126,4.285308232609333,0.6884057971014441,0.21014492753623235,0.01805555555555549,-0.0021392454297938235,-0.00019485580670297598,0.03489310205728113,-0.011748844375963019,none,,False,False,False,0.848961076318463,-0.2993446569677818,none,,False,False,False,0.848961076318463,-0.30425194642626946,2024,2024-01
XRP,XRP/USDT:USDT,2024-01-23 08:00:00+00:00,short_pullback_restart,short,0.5131,0.5334778482695836,0.03971515936383464,False,True,0.023387253946599126,4.285308232609333,0.6884057971014441,0.21014492753623235,0.01805555555555549,-0.0021392454297938235,-0.00019485580670297598,0.03489310205728113,-0.011748844375963019,none,,False,False,False,0.848961076318463,-0.2993446569677818,none,,False,False,False,0.848961076318463,-0.30425194642626946,2024,2024-01
ZEC,ZEC/USDT:USDT,2024-01-23 08:00:00+00:00,short_pullback_restart,short,21.82,22.903761865395516,0.04966827980731055,False,True,0.03574702108157659,2.3628330246849067,0.6379310344827583,0.20689655172413898,0.03707224334600756,-0.01534296028880866,-0.021524663677130018,0.06439024390243908,-0.018001800180017957,tp1,6.0,True,False,False,1.2179797445800233,-0.36908477108485416,tp1,6.0,True,False,False,1.2179797445800233,-0.6735797072298616,2024,2024-01
BTC,BTC/USDT:USDT,2024-01-24 20:00:00+00:00,short_pullback_restart,short,39548.0,40626.49313636675,0.027270484888407737,False,True,0.024238899565085428,1.2657313945560713,0.5089795918367377,0.07755102040816327,-0.00960890720905938,-0.007007791177364164,-0.05949164795860129,0.0013850450582755247,-0.018660049627791553,none,,False,False,False,0.050718913413090067,-0.6972691569770705,stop,38.0,False,False,True,0.050718913413090067,-2.495426173101585,2024,2024-01
DOGE,DOGE/USDT:USDT,2024-01-25 04:00:00+00:00,short_pullback_restart,short,0.07779,0.07953325492568686,0.02240975608287518,False,True,0.017611518189998666,1.2251286286851562,0.6266666666666637,0.23999999999999927,-0.004606525911708292,-0.004988488104374578,-0.04376152427781199,0.009211209133368037,-0.012942519984773582,none,,False,False,False,0.4072840922679482,-0.5851123579060685,stop,31.0,False,False,True,0.4072840922679482,-2.1052572093286868,2024,2024-01
XRP,XRP/USDT:USDT,2024-01-25 12:00:00+00:00,short_pullback_restart,short,0.5082,0.5188555927627384,0.02096732145363719,False,True,0.017709563164108634,1.9155412909255782,0.6250000000000043,0.2499999999999913,-0.007227974213713684,-0.022316275490573356,-0.04058901264866899,0.009134233518665491,-0.028112449799196915,stop,23.0,False,False,True,0.4316981797658122,-1.3795572266429446,stop,23.0,False,False,True,0.4316981797658122,-2.6746517659403914,2024,2024-01
BNB,BNB/USDT:USDT,2024-01-28 04:00:00+00:00,long_pullback_restart,long,308.29,302.642299308917,0.018319441730458342,True,False,0.012196308670407887,2.492204548458171,0.7525083612040111,0.9765886287625442,0.00032436991144679794,-0.007557818936715588,-0.004606052742547662,0.00227058938012914,-0.016802361412955324,none,,False,False,False,0.12394424532893521,-0.9171874154341366,none,,False,False,False,0.8569859248457901,-0.9171874154341366,2024,2024-01
XRP,XRP/USDT:USDT,2024-01-28 18:00:00+00:00,short_pullback_restart,short,0.5263,0.5336607457743107,0.013985836546286668,False,True,0.010450313509405397,1.8413738638876564,0.8095238095238032,0.11904761904760645,0.008430733857060613,-0.015893792071802637,0.02792968749999991,0.0146520146520146,-0.022110739502043897,tp1,20.0,True,False,False,1.0325040740469906,-1.6166840106788563,tp1,20.0,True,True,False,5.746700306866849,-1.8476388693472685,2024,2024-01
BNB,BNB/USDT:USDT,2024-01-29 09:00:00+00:00,long_pullback_restart,long,308.95,302.9681449071064,0.019361887337412422,True,False,0.014630199061336911,2.7159478672651565,0.5185185185185114,0.7878787878787873,-0.0017802233371095877,0.004660948373523155,-0.03184981388574193,0.013529697362032689,-0.012073150995306592,none,,False,False,False,0.6987798826765026,-0.6235523833452927,stop,49.0,False,False,True,0.6987798826765026,-2.099683092444225,2024,2024-01
ETH,ETH/USDT:USDT,2024-01-29 13:00:00+00:00,short_pullback_restart,short,2243.6,2280.0442592082645,0.016243652704699862,False,True,0.010830807630593568,2.350904267257877,0.6496018202502912,0.31683731513081526,-0.021287733379864004,-0.02657862082729545,-0.012113019624765076,0.005197132616487465,-0.038558780928873215,stop,3.0,False,False,True,0.318294300721287,-2.4689759636984165,stop,3.0,False,False,True,0.318294300721287,-4.0950208137625275,2024,2024-01
ZEC,ZEC/USDT:USDT,2024-02-04 22:00:00+00:00,short_compression_breakdown,short,21.4,21.951397463772953,0.025766236624904394,False,True,0.02149532710280378,1.8550402574163827,0.5000000000000037,0.37499999999999906,-0.010175763182238784,0.0065851364063969076,0.0353168843734879,0.015180265654648917,-0.013370216689718939,none,,False,False,False,0.580343619664825,-0.5259364053212521,tp1,37.0,True,True,False,4.2074912425699775,-0.5259364053212521,2024,2024-02
ZEC,ZEC/USDT:USDT,2024-02-04 22:00:00+00:00,short_pullback_restart,short,21.4,21.951397463772953,0.025766236624904394,False,True,0.02149532710280378,1.8550402574163827,0.5000000000000037,0.37499999999999906,-0.010175763182238784,0.0065851364063969076,0.0353168843734879,0.015180265654648917,-0.013370216689718939,none,,False,False,False,0.580343619664825,-0.5259364053212521,tp1,37.0,True,True,False,4.2074912425699775,-0.5259364053212521,2024,2024-02
ZEC,ZEC/USDT:USDT,2024-02-05 15:00:00+00:00,short_pullback_restart,short,21.24,21.7212497313808,0.022657708633747792,False,True,0.012241054613936044,2.4949434585807713,0.7692307692307755,0.15384615384614964,-0.0014104372355431272,0.019683149303888703,0.016754427955959716,0.04630541871921179,-0.015299026425591222,tp1,21.0,True,False,False,1.9532478434906282,-0.6857146684594814,tp1,21.0,True,True,False,4.488314193552944,-0.6857146684594814,2024,2024-02
BTC,BTC/USDT:USDT,2024-02-06 08:00:00+00:00,long_pullback_restart,long,43058.5,42267.84070452021,0.01836244401174655,True,False,0.014628935053473796,1.4599641452417431,0.8808411214953271,0.8995327102803738,-0.003121334928062991,-0.0029866344624174257,0.08299638863406744,0.007438717094185865,-0.009928353286807523,none,,False,False,False,0.40510495713028716,-0.540688008658121,tp1,36.0,True,True,False,4.5769398028818955,-0.540688008658121,2024,2024-02
ETH,ETH/USDT:USDT,2024-02-08 15:00:00+00:00,long_compression_breakout,long,2452.52,2407.641784432195,0.01829881736654747,True,False,0.013569716047167894,3.774505851089743,0.42504848988639743,0.7018564699362656,-0.011286350366153886,0.017011074323552755,0.02247484220312157,0.03104561838435571,-0.016521781677621417,tp1,20.0,True,False,False,1.6965915207783269,-0.9028879488040175,tp1,20.0,True,False,False,1.931449343591612,-0.9028879488040175,2024,2024-02
ETH,ETH/USDT:USDT,2024-02-08 15:00:00+00:00,long_pullback_restart,long,2452.52,2407.641784432195,0.01829881736654747,True,False,0.013569716047167894,3.774505851089743,0.42504848988639743,0.7018564699362656,-0.011286350366153886,0.017011074323552755,0.02247484220312157,0.03104561838435571,-0.016521781677621417,tp1,20.0,True,False,False,1.6965915207783269,-0.9028879488040175,tp1,20.0,True,False,False,1.931449343591612,-0.9028879488040175,2024,2024-02
BTC,BTC/USDT:USDT,2024-02-09 02:00:00+00:00,long_pullback_restart,long,46272.9,44795.77351259189,0.03192206426241082,True,False,0.016229801892684487,3.469266701337692,0.8098520170281788,0.8717818771538616,0.007764804021360039,0.022036656444700764,0.04046861121736467,0.042301217343196695,-0.009569315949508272,tp1,16.0,True,False,False,1.3251404105782572,-0.29977121375500954,tp1,16.0,True,False,False,1.7419632116373296,-0.29977121375500954,2024,2024-02
TRX,TRX/USDT:USDT,2024-02-09 11:00:00+00:00,long_pullback_restart,long,0.12312,0.12153394743310078,0.012882168347134605,True,False,0.010477582846003895,1.2632017967276816,0.49090909090908175,0.8909090909090818,0.0004061078622483727,0.0004061078622483727,0.01713775178687471,0.008040935672514626,-0.0030051981806367145,none,,False,False,False,0.6241911653253012,-0.23328356683874488,tp1,39.0,True,False,False,1.3997014010324955,-0.23328356683874488,2024,2024-02
LINK,LINK/USDT:USDT,2024-02-09 13:00:00+00:00,long_pullback_restart,long,18.551,18.073157993593146,0.02575828830827733,True,False,0.020807503638617823,1.6675280665610515,0.5916955017301059,0.785467128027676,-0.01724974394911305,-0.009056115573284451,0.09083068298204955,0.011859198965015416,-0.031103444558244764,stop,21.0,False,False,True,0.4604032233463504,-1.207512090322002,stop,21.0,False,False,True,4.742153200467361,-1.207512090322002,2024,2024-02
BTC,BTC/USDT:USDT,2024-02-10 19:00:00+00:00,long_pullback_restart,long,47511.2,46787.45679323007,0.015233107283544227,True,False,0.01137836973176848,2.3779428641684053,0.5257080010998038,0.6183667858124717,0.002289986361110774,0.01623196214787259,0.03228080957753132,0.02291670174611471,-0.0015638417888833578,tp1,8.0,True,False,False,1.5044009944622883,-0.10266072179329642,tp1,8.0,True,True,False,4.031264090230684,-0.10266072179329642,2024,2024-02
ETH,ETH/USDT:USDT,2024-02-10 20:00:00+00:00,long_pullback_restart,long,2505.16,2467.52239787293,0.01502403125032726,True,False,0.011272733078925193,1.843192583618976,0.44978632478633346,0.6917735042735019,4.790113206354363e-05,-0.0035446837726930136,0.04946590237749282,0.013587954461990348,-0.005632374778457128,none,,False,False,False,0.904414683089431,-0.37489104519364247,tp1,43.0,True,True,False,4.879163114058272,-0.9328436992734918,2024,2024-02
ETH,ETH/USDT:USDT,2024-02-11 03:00:00+00:00,long_pullback_restart,long,2528.28,2479.674416796678,0.019224762764931933,True,False,0.013400414511051032,2.5389302536254648,0.9076558800315654,0.9723756906077421,-0.0023098707421647102,-0.01159286155014494,0.04342873415919102,0.004319141867198173,-0.014341765943645557,none,,False,False,False,0.2246655482832115,-0.7460048334019764,stop,27.0,False,False,True,3.302501264690693,-1.1980105198289257,2024,2024-02
BTC,BTC/USDT:USDT,2024-02-12 00:00:00+00:00,long_pullback_restart,long,48612.9,47859.37421432576,0.015500531457169581,True,False,0.011420836856060929,3.0930697818276496,0.49991923760297324,0.6234857050557275,-0.009579761750481919,0.031104912482077696,0.07698162421908572,0.03703338002875767,-0.018737824733764064,stop,6.0,False,False,True,2.3891684056825273,-1.2088504697751612,stop,6.0,False,False,True,5.249189974913456,-1.2088504697751612,2024,2024-02
BTC,BTC/USDT:USDT,2024-02-14 08:00:00+00:00,long_pullback_restart,long,50801.7,48946.61161679562,0.03651626585733109,True,False,0.01739705561034381,2.0086385729196885,0.8410689170182813,0.9311708860759467,0.02240476204536468,0.022802386534308994,0.01894621636677507,0.034774426840046724,-0.0033286287663601977,none,,False,False,False,0.9522996402729229,-0.09115468649957509,tp1,30.0,True,False,False,1.1090037642553383,-0.09115468649957509,2024,2024-02
ETH,ETH/USDT:USDT,2024-02-14 08:00:00+00:00,long_pullback_restart,long,2708.94,2607.182904570073,0.03756343641052484,True,False,0.01650830214032066,1.9586719367346621,0.8301320528211324,0.9090636254501807,0.018900381699114677,0.02727266015489449,0.02488058059610032,0.04447126920492872,-0.00021041440563474012,tp1,16.0,True,False,False,1.1838977861053321,-0.005601574981989162,tp1,16.0,True,False,False,1.592419666809233,-0.005601574981989162,2024,2024-02
LINK,LINK/USDT:USDT,2024-02-14 09:00:00+00:00,long_pullback_restart,long,20.399,19.667786166403687,0.0358455725082756,True,False,0.027599392127064994,2.296570724056933,0.5428571428571516,0.791836734693885,-0.013922251090739857,-0.0112260404921809,-0.04951223099171531,0.0074023236433158335,-0.029315162507966175,none,,False,False,False,0.20650593993461472,-0.8178182257013265,stop,31.0,False,False,True,0.20650593993461472,-1.7559842839473256,2024,2024-02
SOL,SOL/USDT:USDT,2024-02-14 09:00:00+00:00,long_pullback_restart,long,116.091,110.4190613824568,0.04885769454603019,True,False,0.036729806789501426,2.2563872991118306,0.6614090431125105,0.8175604626708685,0.00788174793911689,0.0026272493130390373,-0.06290754666597753,0.02365385774952422,-0.01498824198258264,none,,False,False,False,0.48413782044585024,-0.30677341863648,stop,48.0,False,False,True,0.48413782044585024,-1.4264963966596351,2024,2024-02
BNB,BNB/USDT:USDT,2024-02-15 00:00:00+00:00,long_compression_breakout,long,336.56,329.7045595154033,0.020369148100180434,True,False,0.01301402424530543,2.474165814000529,0.6070726915520541,0.7190569744597254,0.018510815307820394,0.056275255526503365,0.04239957214166856,0.08866175421915856,-0.009389113382457848,tp1,2.0,True,True,False,4.352747291300469,-0.4609477694540751,tp1,2.0,True,True,False,4.456314669880344,-0.4609477694540751,2024,2024-02
BNB,BNB/USDT:USDT,2024-02-15 00:00:00+00:00,long_pullback_restart,long,336.56,329.7045595154033,0.020369148100180434,True,False,0.01301402424530543,2.474165814000529,0.6070726915520541,0.7190569744597254,0.018510815307820394,0.056275255526503365,0.04239957214166856,0.08866175421915856,-0.009389113382457848,tp1,2.0,True,True,False,4.352747291300469,-0.4609477694540751,tp1,2.0,True,True,False,4.456314669880344,-0.4609477694540751,2024,2024-02
BTC,BTC/USDT:USDT,2024-02-15 00:00:00+00:00,long_compression_breakout,long,52355.2,51136.62501944094,0.023275147082984317,True,False,0.016852194242405777,1.7830266999099014,0.6800869120654366,0.7276329243353714,-0.0067156653016319234,-0.008008755577287419,-0.012315873112890285,0.009622730884420339,-0.019488035572397644,none,,False,False,False,0.41343373041260745,-0.8372894703056354,stop,61.0,False,False,True,0.41343373041260745,-1.4013909913171982,2024,2024-02
BTC,BTC/USDT:USDT,2024-02-15 00:00:00+00:00,long_pullback_restart,long,52355.2,51136.62501944094,0.023275147082984317,True,False,0.016852194242405777,1.7830266999099014,0.6800869120654366,0.7276329243353714,-0.0067156653016319234,-0.008008755577287419,-0.012315873112890285,0.009622730884420339,-0.019488035572397644,none,,False,False,False,0.41343373041260745,-0.8372894703056354,stop,61.0,False,False,True,0.41343373041260745,-1.4013909913171982,2024,2024-02
LINK,LINK/USDT:USDT,2024-02-15 00:00:00+00:00,long_pullback_restart,long,20.461,19.79519394575968,0.03254024995065329,True,False,0.028151116758711722,1.3040568676756803,0.6756756756756747,0.6993243243243163,-0.0214065783686036,-0.02756463515957186,-0.024192365964517792,0.0022481794633695262,-0.03934314060896338,stop,15.0,False,False,True,0.0690891885212561,-1.2090607991219045,stop,15.0,False,False,True,0.0690891885212561,-2.0216097336870607,2024,2024-02
BTC,BTC/USDT:USDT,2024-02-15 14:00:00+00:00,long_pullback_restart,long,52644.5,51572.13969397238,0.020369845017573,True,False,0.01706730997540104,3.2385929370400834,0.5237844248254042,0.7173540650942158,-0.017872712249142886,-0.013152371092896686,-0.013775418134847839,0.0008262971440511357,-0.024876292870100403,stop,6.0,False,False,True,0.04056472414681071,-1.2212313274175461,stop,6.0,False,False,True,0.04056472414681071,-1.8622472211765746,2024,2024-02
ETH,ETH/USDT:USDT,2024-02-15 14:00:00+00:00,long_pullback_restart,long,2854.77,2753.730095294126,0.035393360833227916,True,False,0.02064614662477189,3.3435761759688325,0.7153110047846913,0.9109706083390288,-0.008480543091037074,-0.019518209873299663,-0.015332233419855235,0.005678215758187166,-0.024923198716534145,none,,False,False,False,0.1604316635807125,-0.7041772278696906,stop,25.0,False,False,True,0.1604316635807125,-1.3501596265071414,2024,2024-02
NEAR,NEAR/USDT:USDT,2024-02-15 14:00:00+00:00,long_pullback_restart,long,3.391,3.2548853295112807,0.04013997950124426,True,False,0.03155411383072846,2.2389181934206044,0.6790123456790147,0.8518518518518516,-0.02418165732822175,-0.04629902683574172,0.03037452079032743,0.02182247124741954,-0.055145974638749595,stop,24.0,False,False,True,0.5436592524105086,-1.3738416243346654,stop,24.0,False,False,True,0.9109965851203145,-1.888113890128393,2024,2024-02
TRX,TRX/USDT:USDT,2024-02-16 10:00:00+00:00,long_pullback_restart,long,0.13259,0.13072785834303038,0.01404435973278248,True,False,0.010257183799683234,1.3404221041046944,0.835051546391759,0.9072164948453824,-0.009578399577645502,0.029187721547627943,0.0251150162154008,0.032129119843125276,-0.014933252884833048,stop,5.0,False,False,True,2.287688470990188,-1.0632918245447438,stop,5.0,False,False,True,3.8718858863472527,-1.0632918245447438,2024,2024-02
ETH,ETH/USDT:USDT,2024-02-18 09:00:00+00:00,long_pullback_restart,long,2821.08,2761.2236135154913,0.021217543098568166,True,False,0.015664213705389285,1.51168905748983,0.779150994089194,0.7893605588393312,-0.004423837679186748,0.03147021707998365,0.028425283933812606,0.04002722361648736,-0.012289619578317534,tp1,13.0,True,False,False,1.8865154853479953,-0.579219729693722,tp1,13.0,True,True,False,3.6044608215004406,-0.579219729693722,2024,2024-02
BTC,BTC/USDT:USDT,2024-02-18 22:00:00+00:00,long_pullback_restart,long,52285.4,51515.09255211672,0.014732744664538831,True,False,0.010404434125013866,3.3969287853099286,0.6579124579124628,0.7228956228956254,-0.00279810425089988,-0.0059978502603020845,-0.014386425273594572,0.004733635010920834,-0.011410451101072194,none,,False,False,False,0.32130028169934377,-0.7744959517649617,stop,26.0,False,False,True,1.0456863713487734,-2.2809074543262504,2024,2024-02
XRP,XRP/USDT:USDT,2024-02-19 07:00:00+00:00,long_pullback_restart,long,0.564,0.5543819250193184,0.01705332443383257,True,False,0.014539007092198556,1.8482624065475663,0.660000000000008,0.7999999999999956,-0.008865248226950118,0.006560283687943258,-0.03138297872340412,0.0189716312056738,-0.01737588652482258,stop,10.0,False,False,True,1.112488727889061,-1.0189149096553893,stop,10.0,False,False,True,1.2476509097821207,-3.2230981836038,2024,2024-02
ETH,ETH/USDT:USDT,2024-02-21 23:00:00+00:00,long_pullback_restart,long,2969.65,2861.4201352477157,0.036445326806958514,True,False,0.023948950212988027,1.4520254277232305,0.716390795316921,0.7458619297537404,-0.011678143889010562,0.0010607310625831978,0.008330948091525903,0.025036620477160598,-0.02104288384153019,none,,False,False,False,0.68696380772693,-0.5773822238716351,none,,False,False,False,0.68696380772693,-0.5823716045868002,2024,2024-02
ETH,ETH/USDT:USDT,2024-02-24 17:00:00+00:00,long_pullback_restart,long,2995.99,2940.238284221282,0.018608778994161492,True,False,0.009028735075884827,4.553873008117011,0.6972295514511778,0.7075637642919926,-0.0005340471763923826,0.022863894739301616,0.07749692088424864,0.027373255584965284,-0.005307093815399844,tp1,9.0,True,False,False,1.4709861186246382,-0.2851930165361682,tp1,9.0,True,True,False,5.373466911566498,-0.2851930165361682,2024,2024-02
ZEC,ZEC/USDT:USDT,2024-02-26 05:00:00+00:00,long_pullback_restart,long,28.51,27.457604760415126,0.03691319675850141,True,False,0.026306559102069447,2.1231484519489694,0.6984126984127016,0.7936507936507949,-0.008768853034023194,0.011925640126271508,0.05261311820413894,0.024552788495264766,-0.02560505085934761,none,,False,False,False,0.6651493409226359,-0.6936557412478929,tp1,26.0,True,False,False,1.6723754857483415,-2.8221336322003316,2024,2024-02
XRP,XRP/USDT:USDT,2024-02-27 09:00:00+00:00,long_compression_breakout,long,0.563,0.5472821723195821,0.027917988775164923,True,False,0.023801065719360512,1.6782523752849254,0.7614678899082531,0.779816513761462,-0.003197158081704954,0.04777975133214918,0.0555950266429841,0.0616341030195382,-0.01492007104795734,tp1,9.0,True,True,False,2.2076842109187433,-0.534424996303093,tp1,9.0,True,True,False,4.065447293305694,-3.072943728742792,2024,2024-02
XRP,XRP/USDT:USDT,2024-02-27 09:00:00+00:00,long_pullback_restart,long,0.563,0.5472821723195821,0.027917988775164923,True,False,0.023801065719360512,1.6782523752849254,0.7614678899082531,0.779816513761462,-0.003197158081704954,0.04777975133214918,0.0555950266429841,0.0616341030195382,-0.01492007104795734,tp1,9.0,True,True,False,2.2076842109187433,-0.534424996303093,tp1,9.0,True,True,False,4.065447293305694,-3.072943728742792,2024,2024-02
BNB,BNB/USDT:USDT,2024-02-28 07:00:00+00:00,long_pullback_restart,long,400.18,393.16386656118823,0.017532443997230692,True,False,0.010445299615173046,1.4890731870053011,0.7398989898989955,0.8484848484848563,0.03326003298515667,0.03803288520165915,0.023664351042030907,0.066819931031036,-0.004622919686141258,tp1,2.0,True,True,False,3.8112159971302626,-0.26367799531380215,tp1,2.0,True,True,False,3.8112159971302626,-1.3183899765689946,2024,2024-02
BTC,BTC/USDT:USDT,2024-02-28 07:00:00+00:00,long_pullback_restart,long,58300.0,56536.87626752707,0.03024225956214288,True,False,0.018082332761577995,2.947138504869885,0.8346121057118492,0.8660776563589844,0.03845626072041175,0.07652658662092615,0.06469811320754726,0.10291595197255576,-0.0012538593481989935,tp1,6.0,True,True,False,3.4030510108241203,-0.04146050481520637,tp1,6.0,True,True,False,3.4030510108241203,-0.04146050481520637,2024,2024-02
BNB,BNB/USDT:USDT,2024-02-28 08:00:00+00:00,long_pullback_restart,long,405.41,393.17273323538905,0.030184915923659943,True,False,0.01748846846402401,3.7740356048344244,0.6586901763224207,0.8916876574307359,0.019856441626994847,0.02789768382624991,0.010063885942625861,0.053057398682814894,-0.014207838977825071,tp1,8.0,True,False,False,1.7577454519668463,-0.4706933427861052,tp1,8.0,True,False,False,1.7577454519668463,-1.1832707645039504,2024,2024-02
XRP,XRP/USDT:USDT,2024-02-28 16:00:00+00:00,long_pullback_restart,long,0.6027,0.5740839217149496,0.0474798046873244,True,False,0.02936784469885523,2.1647757312499922,0.7903225806451659,0.8118279569892496,-0.04878048780487798,0.016757922681267523,0.04645760743321725,0.04015264642442351,-0.14600962336153966,stop,1.0,False,False,True,0.8456784245185176,-3.0751942709764264,stop,1.0,False,False,True,1.7402803942571132,-3.0751942709764264,2024,2024-02
ETH,ETH/USDT:USDT,2024-03-01 08:00:00+00:00,long_pullback_restart,long,3424.38,3291.6941170952364,0.038747417898937535,True,False,0.0348325828325128,1.5875440470952578,0.6530259365994247,0.7970028818443842,-0.0014017135948697357,-0.0007651020038663692,0.033369544267867424,0.014782237952563726,-0.012960010279233103,none,,False,False,False,0.3815025298232576,-0.33447416581501876,none,,False,False,False,0.9392106927414939,-0.5162568805391782,2024,2024-03
BNB,BNB/USDT:USDT,2024-03-02 00:00:00+00:00,long_compression_breakout,long,409.73,401.95726115950123,0.018970392308346445,True,False,0.01544919825250771,1.499673272364563,0.5931232091690509,0.7965616045845336,-0.0009518463378322961,0.00344129060600884,0.02735948063358795,0.014326507700192836,-0.008395772826007342,none,,False,False,False,0.7552035544298974,-0.44257244075619134,stop,31.0,False,False,True,1.892511803349875,-1.1231562231981282,2024,2024-03
BNB,BNB/USDT:USDT,2024-03-02 00:00:00+00:00,long_pullback_restart,long,409.73,401.95726115950123,0.018970392308346445,True,False,0.01544919825250771,1.499673272364563,0.5931232091690509,0.7965616045845336,-0.0009518463378322961,0.00344129060600884,0.02735948063358795,0.014326507700192836,-0.008395772826007342,none,,False,False,False,0.7552035544298974,-0.44257244075619134,stop,31.0,False,False,True,1.892511803349875,-1.1231562231981282,2024,2024-03
LINK,LINK/USDT:USDT,2024-03-02 00:00:00+00:00,long_compression_breakout,long,20.23,19.561289269978634,0.033055399407877745,True,False,0.025803262481463096,1.283135013691166,0.662222222222222,0.7644444444444423,0.060652496292634694,0.05694513099357401,-0.000642609985170628,0.07385071675729105,-0.012061295106277847,tp1,5.0,True,True,False,2.2341498841393843,-0.36488123944445067,tp1,5.0,True,True,False,2.2341498841393843,-1.4430753937044885,2024,2024-03
LINK,LINK/USDT:USDT,2024-03-02 00:00:00+00:00,long_pullback_restart,long,20.23,19.561289269978634,0.033055399407877745,True,False,0.025803262481463096,1.283135013691166,0.662222222222222,0.7644444444444423,0.060652496292634694,0.05694513099357401,-0.000642609985170628,0.07385071675729105,-0.012061295106277847,tp1,5.0,True,True,False,2.2341498841393843,-0.36488123944445067,tp1,5.0,True,True,False,2.2341498841393843,-1.4430753937044885,2024,2024-03
ZEC,ZEC/USDT:USDT,2024-03-02 00:00:00+00:00,long_pullback_restart,long,29.89,28.578779961414686,0.04386818462981984,True,False,0.03613248578119767,1.3592454303585766,0.6666666666666693,0.7777777777777821,0.03847440615590503,0.08163265306122436,0.09969889595182324,0.11809969889595195,-0.01940448310471732,tp1,4.0,True,True,False,2.692149216853446,-0.44233613194759297,tp1,4.0,True,True,False,2.692149216853446,-0.5719863775184374,2024,2024-03
BNB,BNB/USDT:USDT,2024-03-02 03:00:00+00:00,long_pullback_restart,long,414.32,401.9554077140759,0.02984309781310127,True,False,0.018994979725815805,1.5407570612290031,0.8847517730496491,0.9875886524822707,-0.01450569608032437,-0.008568256420158349,0.01595385209499911,0.0030893994979726003,-0.01923633906159483,none,,False,False,False,0.10352140777477836,-0.6445825155976261,stop,28.0,False,False,True,0.8184661302193229,-1.077269649656262,2024,2024-03
ETH,ETH/USDT:USDT,2024-03-03 04:00:00+00:00,long_pullback_restart,long,3444.36,3400.880878494782,0.012623280233546506,True,False,0.009447328386115261,1.2127840881401162,0.5201965065502246,0.692139737991276,-0.011912227525578079,0.012429014388739779,0.06059761465119795,0.027241635601388925,-0.025688371714919445,stop,3.0,False,False,True,2.1580472822740613,-2.0349997179538435,stop,3.0,False,False,True,8.821935373141445,-5.505171027231376,2024,2024-03
ADA,ADA/USDT:USDT,2024-03-04 02:00:00+00:00,long_pullback_restart,long,0.7534,0.7172078907336795,0.04803837173655487,True,False,0.03729758428457661,1.8903087615732956,0.5828220858895683,0.7791411042944754,0.05481815768516052,0.01977701088399253,-0.015264135917175459,0.061852933368728547,-0.013936819750464458,tp1,4.0,True,False,False,1.2875734778841694,-0.2901184875060879,tp1,4.0,True,False,False,1.2875734778841694,-5.617246524760753,2024,2024-03
ZEC,ZEC/USDT:USDT,2024-03-04 07:00:00+00:00,long_pullback_restart,long,32.35,30.94593771240895,0.04340223454686407,True,False,0.03585780525502319,1.4707912145141844,0.8250000000000031,0.9250000000000058,-0.012364760432766686,0.038021638330757224,0.03307573415765064,0.07635239567233376,-0.04698608964451323,stop,11.0,False,False,True,1.7591812142734589,-1.0825730549375159,stop,11.0,False,False,True,1.9443581841969795,-4.657913012691672,2024,2024-03
ETH,ETH/USDT:USDT,2024-03-04 15:00:00+00:00,long_compression_breakout,long,3562.65,3450.5343700061867,0.03146972899213041,True,False,0.0267665922838337,2.1848950461001193,0.4892307692307703,0.7240384615384633,0.00579624717555749,0.06293068362033871,0.07795320898769176,0.07446142618556406,-0.008824891583512295,tp1,12.0,True,True,False,2.3661286121715412,-0.28042477219041567,tp1,12.0,True,True,False,3.0662094127194344,-3.1900101709256363,2024,2024-03
ETH,ETH/USDT:USDT,2024-03-04 15:00:00+00:00,long_pullback_restart,long,3562.65,3450.5343700061867,0.03146972899213041,True,False,0.0267665922838337,2.1848950461001193,0.4892307692307703,0.7240384615384633,0.00579624717555749,0.06293068362033871,0.07795320898769176,0.07446142618556406,-0.008824891583512295,tp1,12.0,True,True,False,2.3661286121715412,-0.28042477219041567,tp1,12.0,True,True,False,3.0662094127194344,-3.1900101709256363,2024,2024-03
ETH,ETH/USDT:USDT,2024-03-07 20:00:00+00:00,long_pullback_restart,long,3933.6,3757.9457888188585,0.04465482285467291,True,False,0.03051149074639007,1.8875892087871249,0.8400396712949794,0.9549447435534106,-0.006747000203376041,0.002432885906040294,-0.007596095179987827,0.01772676428716702,-0.02733374008541789,none,,False,False,False,0.3969731185555908,-0.6121117124207244,none,,False,False,False,0.3969731185555908,-0.6121117124207244,2024,2024-03
BNB,BNB/USDT:USDT,2024-03-08 12:00:00+00:00,long_compression_breakout,long,480.32,462.34369800244735,0.037425678709095266,True,False,0.028814123917388357,1.4098451440943593,0.7783191230207067,0.8928136419001221,0.009493670886076,0.013470186542305251,0.08979430379746844,0.029188874083944105,-0.03814123917388401,stop,3.0,False,False,True,0.7799156913312157,-1.019119505362902,stop,3.0,False,False,True,3.239820960280316,-1.019119505362902,2024,2024-03
BNB,BNB/USDT:USDT,2024-03-08 12:00:00+00:00,long_pullback_restart,long,480.32,462.34369800244735,0.037425678709095266,True,False,0.028814123917388357,1.4098451440943593,0.7783191230207067,0.8928136419001221,0.009493670886076,0.013470186542305251,0.08979430379746844,0.029188874083944105,-0.03814123917388401,stop,3.0,False,False,True,0.7799156913312157,-1.019119505362902,stop,3.0,False,False,True,3.239820960280316,-1.019119505362902,2024,2024-03
ETH,ETH/USDT:USDT,2024-03-08 13:00:00+00:00,long_compression_breakout,long,3975.19,3875.2754443904887,0.02513453586105604,True,False,0.01933744047454333,2.0556596816399924,0.6168573429838925,0.7195890730796222,-0.010864889476980943,-0.014004362055650144,0.012816997426537968,0.007078906920172434,-0.03751015674722469,stop,3.0,False,False,True,0.28164064613345574,-1.4923751508514502,stop,3.0,False,False,True,0.9710296904004263,-2.5640908718169997,2024,2024-03
ETH,ETH/USDT:USDT,2024-03-08 13:00:00+00:00,long_pullback_restart,long,3975.19,3875.2754443904887,0.02513453586105604,True,False,0.01933744047454333,2.0556596816399924,0.6168573429838925,0.7195890730796222,-0.010864889476980943,-0.014004362055650144,0.012816997426537968,0.007078906920172434,-0.03751015674722469,stop,3.0,False,False,True,0.28164064613345574,-1.4923751508514502,stop,3.0,False,False,True,0.9710296904004263,-2.5640908718169997,2024,2024-03
BTC,BTC/USDT:USDT,2024-03-08 14:00:00+00:00,long_pullback_restart,long,68501.6,66714.18000932976,0.026093113017363702,True,False,0.016523701636166076,4.528930647211451,0.5871908127208584,0.7964664310954115,0.008977892487182837,-0.004563397059338836,0.05468923353615085,0.026703025914723177,-0.03476707113410493,tp1,1.0,True,False,False,1.023374478045358,-1.3324232762479962,tp1,1.0,True,True,False,2.2360161690377685,-1.3324232762479962,2024,2024-03
ZEC,ZEC/USDT:USDT,2024-03-09 09:00:00+00:00,long_pullback_restart,long,35.6,33.8364908740215,0.0495367732016433,True,False,0.044662921348314504,1.2512324249151796,0.8732394366197237,0.901408450704225,-0.01769662921348325,-0.06404494382022474,-0.06207865168539328,0.0011235955056179137,-0.0702247191011236,stop,11.0,False,False,True,0.022682048768987648,-1.417628048061758,stop,11.0,False,False,True,0.022682048768987648,-2.4383202426662245,2024,2024-03
BTC,BTC/USDT:USDT,2024-03-10 01:00:00+00:00,long_pullback_restart,long,69029.7,67985.66430868265,0.015124441962189398,True,False,0.007677854604612218,6.1533448261098584,0.6467084317551597,0.6772106398274583,0.005798953204200652,-0.009621945336572457,0.04414042071745938,0.014053371230064782,-0.029403285832040327,stop,23.0,False,False,True,0.9291827933353036,-1.9440906253300192,stop,23.0,False,False,True,4.157233355234714,-1.9440906253300192,2024,2024-03
BNB,BNB/USDT:USDT,2024-03-10 04:00:00+00:00,long_pullback_restart,long,492.76,478.42795315283433,0.029085248086625652,True,False,0.024210569039694794,1.9739026765968284,0.8249566724436671,0.8648180242634274,0.08949590064128587,0.05722867115837338,0.09521876775712301,0.09294585599480465,-0.001440863706469675,tp1,4.0,True,True,False,3.1956356610052166,-0.049539330116018354,tp1,4.0,True,True,False,3.915002553253339,-0.049539330116018354,2024,2024-03
BNB,BNB/USDT:USDT,2024-03-12 02:00:00+00:00,long_pullback_restart,long,531.28,511.05963778306375,0.038059709036546124,True,False,0.028892486071374623,1.2835277536557608,0.7440890125173946,0.7941585535465883,-0.006776087938563546,0.009505345580484992,0.10073784068664349,0.03310871856648112,-0.02360337298599602,none,,False,False,False,0.8699151781399324,-0.6201669319996987,tp1,28.0,True,True,False,5.1136571585940205,-0.6201669319996987,2024,2024-03
SOL,SOL/USDT:USDT,2024-03-12 02:00:00+00:00,long_compression_breakout,long,151.341,145.07059974038452,0.041432263957655126,True,False,0.03193450552064542,1.346157249063413,0.631913716814156,0.7347898230088497,-0.008107518782088152,-0.009025974455038721,0.18729888133420558,0.026159467692165483,-0.06436458064899808,stop,15.0,False,False,True,0.6313791522206236,-1.5534893462442785,stop,15.0,False,False,True,5.700911986468958,-1.5534893462442785,2024,2024-03
SOL,SOL/USDT:USDT,2024-03-12 02:00:00+00:00,long_pullback_restart,long,151.341,145.07059974038452,0.041432263957655126,True,False,0.03193450552064542,1.346157249063413,0.631913716814156,0.7347898230088497,-0.008107518782088152,-0.009025974455038721,0.18729888133420558,0.026159467692165483,-0.06436458064899808,stop,15.0,False,False,True,0.6313791522206236,-1.5534893462442785,stop,15.0,False,False,True,5.700911986468958,-1.5534893462442785,2024,2024-03
SOL,SOL/USDT:USDT,2024-03-13 14:00:00+00:00,long_pullback_restart,long,155.454,148.39227902233287,0.045426434685933686,True,False,0.03878960978810452,2.56206253558704,0.7850581751377839,0.9238620126556459,0.029976713368584873,0.08595468756030722,0.22663939171716385,0.12315540288445437,-0.00836260244188003,tp1,7.0,True,True,False,2.7110955049833474,-0.1840911024538201,tp1,7.0,True,True,False,6.062969655046337,-0.1840911024538201,2024,2024-03
TRX,TRX/USDT:USDT,2024-03-22 13:00:00+00:00,short_pullback_restart,short,0.1171,0.12175494443270908,0.039751873891623275,False,True,0.015542271562766885,3.352962338026959,0.7685950413223155,0.1900826446280984,0.0005981372297700904,-0.005857882672552939,-0.014807336362106627,0.019058393525367645,-0.01687515741751322,none,,False,False,False,0.470467484984662,-0.4317989245749638,none,,False,False,False,0.470467484984662,-0.7604816880574,2024,2024-03
BNB,BNB/USDT:USDT,2024-03-24 20:00:00+00:00,long_pullback_restart,long,568.29,551.091438832171,0.030263705445862123,True,False,0.02333315736683754,1.2191326131232512,0.6848381601362826,0.9471890971039082,0.020007390592831076,0.041792042795051776,0.005085431733797829,0.0533178482816874,-0.004962255186612308,tp1,8.0,True,False,False,1.7617752848231378,-0.16396720472610976,tp1,8.0,True,False,False,1.7617752848231378,-0.32502718951026977,2024,2024-03
BTC,BTC/USDT:USDT,2024-03-25 14:00:00+00:00,long_compression_breakout,long,69434.7,66311.26805828407,0.04498373207799455,True,False,0.024065776909815987,6.748753687064468,0.7692861893149991,0.9445244956772305,0.021823382256998425,0.013579665498662852,0.03116309280518248,0.03189039486020673,-0.003745965633897619,none,,False,False,False,0.7089317268054598,-0.08327378500749387,none,,False,False,False,0.7854501221026213,-0.34253987919846285,2024,2024-03
BTC,BTC/USDT:USDT,2024-03-25 14:00:00+00:00,long_pullback_restart,long,69434.7,66311.26805828407,0.04498373207799455,True,False,0.024065776909815987,6.748753687064468,0.7692861893149991,0.9445244956772305,0.021823382256998425,0.013579665498662852,0.03116309280518248,0.03189039486020673,-0.003745965633897619,none,,False,False,False,0.7089317268054598,-0.08327378500749387,none,,False,False,False,0.7854501221026213,-0.34253987919846285,2024,2024-03
SOL,SOL/USDT:USDT,2024-03-29 22:00:00+00:00,long_pullback_restart,long,192.399,183.1148881266536,0.04825447051879898,True,False,0.034121798969849106,1.5496807184150534,0.9611325611325586,0.9611325611325586,0.031970020634202845,0.02049386951075638,0.0028638402486498293,0.04158545522585877,-0.0079938045416037,none,,False,False,False,0.8617948716204009,-0.16565935664944198,tp1,49.0,True,False,False,1.3308758197402404,-0.612659571275694,2024,2024-03
SOL,SOL/USDT:USDT,2024-03-31 18:00:00+00:00,long_pullback_restart,long,198.62,194.55512503377085,0.020465587384096037,True,False,0.015094149632463954,1.9921727302517407,0.4592658907788768,0.7114294240525262,0.018407008357667953,-0.044784009666700264,-0.06088007250025185,0.030888128083778055,-0.05995871513442752,tp1,5.0,True,False,False,1.5092715153527145,-2.92973341097563,tp1,5.0,True,False,False,1.5092715153527145,-5.562040699365865,2024,2024-03
SOL,SOL/USDT:USDT,2024-03-31 19:00:00+00:00,long_pullback_restart,long,200.596,194.6444589599301,0.029669290714021777,True,False,0.022831960756944228,2.866009910567982,0.5870469399881137,0.7412358882947101,0.01346985981774318,-0.03569861811800834,-0.07388482322678414,0.020733215019242524,-0.06921872818999375,stop,10.0,False,False,True,0.6988106058579975,-2.3330091998889895,stop,10.0,False,False,True,0.6988106058579975,-4.130862886515726,2024,2024-03
ETH,ETH/USDT:USDT,2024-04-04 02:00:00+00:00,short_pullback_restart,short,3275.69,3376.854343405046,0.03088336912377121,False,True,0.026843199448055167,1.5462181664830739,0.8209500609013398,0.16860970941360864,-0.01741877039738915,0.0019330941435200533,-0.03218667919388529,0.007102032534072711,-0.049554908196188574,stop,11.0,False,False,True,0.2283413228662113,-1.6882430533472024,stop,11.0,False,False,True,0.6691092703382648,-1.6882430533472024,2024,2024-04
BTC,BTC/USDT:USDT,2024-04-06 22:00:00+00:00,long_pullback_restart,long,69040.6,67454.45169804993,0.022974138433763232,True,False,0.013978731355173706,2.6521359165216376,0.9000857107873251,0.9315538141300423,0.003731137910157001,0.0027433133547505317,0.004734895119683058,0.01961744249036057,-0.0034617312132281253,none,,False,False,False,0.8538924124149305,-0.15067947915473218,tp1,33.0,True,True,False,2.4271374847275573,-0.5198757259874186,2024,2024-04
BTC,BTC/USDT:USDT,2024-04-07 16:00:00+00:00,long_compression_breakout,long,70108.0,68981.34264772567,0.016070310838625083,True,False,0.0123552233696582,3.8595072033397457,0.6009791921664711,0.6806498275286514,-0.012523535117247686,0.023934501055514312,-0.008073258401323669,0.03968733953329151,-0.01749728989558963,stop,3.0,False,False,True,2.469606215575038,-1.0887959835558865,stop,3.0,False,False,True,2.469606215575038,-2.2738057802832636,2024,2024-04
BTC,BTC/USDT:USDT,2024-04-07 16:00:00+00:00,long_pullback_restart,long,70108.0,68981.34264772567,0.016070310838625083,True,False,0.0123552233696582,3.8595072033397457,0.6009791921664711,0.6806498275286514,-0.012523535117247686,0.023934501055514312,-0.008073258401323669,0.03968733953329151,-0.01749728989558963,stop,3.0,False,False,True,2.469606215575038,-1.0887959835558865,stop,3.0,False,False,True,2.469606215575038,-2.2738057802832636,2024,2024-04
BTC,BTC/USDT:USDT,2024-04-08 07:00:00+00:00,long_pullback_restart,long,70745.4,68801.09423800767,0.02748314041608812,True,False,0.01437125240651685,3.682102370541277,0.8462984513472288,0.8463879688479053,0.01765909868344795,-0.004260347669247655,0.0006177080064571072,0.030319992536617324,-0.008274742951485115,tp1,2.0,True,False,False,1.10322154155529,-0.30108433120114697,tp1,2.0,True,False,False,1.10322154155529,-1.6454202124679163,2024,2024-04
ADA,ADA/USDT:USDT,2024-04-12 12:00:00+00:00,short_pullback_restart,short,0.5743,0.59390281217641,0.03413340096884907,False,True,0.02141737767717217,3.73469581067951,0.8750000000000043,0.08593749999999972,0.2316105511473301,0.12851247789349585,0.17998767207725508,0.31599450045829514,0.0001741553465690604,tp1,5.0,True,True,False,7.034704957585043,0.0051013088887485614,tp1,5.0,True,True,False,9.131342910860933,0.0051013088887485614,2024,2024-04
ZEC,ZEC/USDT:USDT,2024-04-12 13:00:00+00:00,short_pullback_restart,short,26.24,27.091592754223917,0.032453992157923744,False,True,0.019054878048780487,3.7786053598290983,0.6727272727272736,0.3272727272727263,0.16674077367718998,0.11280746395250207,0.18038686459739073,0.26824552924117917,-0.010558069381598867,tp1,4.0,True,True,False,6.517199650269303,-0.328795658031606,tp1,4.0,True,True,False,10.075238378254168,-0.328795658031606,2024,2024-04
TRX,TRX/USDT:USDT,2024-04-17 14:00:00+00:00,short_pullback_restart,short,0.11,0.1131061798731303,0.028237998846639134,False,True,0.012818181818181769,6.736069765228599,0.6488549618320592,0.34351145038167896,0.0014566642388929019,0.00797214331531193,0.0042910618095499675,0.024876548961147993,-0.009633564418835006,none,,False,False,False,0.8595767499160532,-0.3444745776817139,tp1,35.0,True,False,False,1.6901790026439227,-0.3444745776817139,2024,2024-04
TRX,TRX/USDT:USDT,2024-04-18 12:00:00+00:00,short_compression_breakdown,short,0.10799,0.11029497379754943,0.02134432630381916,False,True,0.016668210019446336,2.4135372808961857,0.9178082191780762,0.0410958904109619,-0.006257476764516379,-0.011261673686138063,-0.0275551553354344,0.030930787589498854,-0.013519685758655253,tp1,14.0,True,False,False,1.405655892246872,-0.6420897285572098,tp1,14.0,True,False,False,1.405655892246872,-1.5054401068199499,2024,2024-04
TRX,TRX/USDT:USDT,2024-04-18 12:00:00+00:00,short_pullback_restart,short,0.10799,0.11029497379754943,0.02134432630381916,False,True,0.016668210019446336,2.4135372808961857,0.9178082191780762,0.0410958904109619,-0.006257476764516379,-0.011261673686138063,-0.0275551553354344,0.030930787589498854,-0.013519685758655253,tp1,14.0,True,False,False,1.405655892246872,-0.6420897285572098,tp1,14.0,True,False,False,1.405655892246872,-1.5054401068199499,2024,2024-04
TRX,TRX/USDT:USDT,2024-04-21 13:00:00+00:00,short_pullback_restart,short,0.11047,0.11153590573414748,0.009648825329478455,False,True,0.0069702181587762,1.7066235366374103,0.8656716417910534,0.13432835820894656,-0.005133285302593715,-0.006921970514203624,-0.028066162238254422,0.0030872605103058337,-0.01322018758374266,stop,11.0,False,False,True,0.3189775503665212,-1.3884905133601748,stop,11.0,False,False,True,0.3189775503665212,-3.349264278848544,2024,2024-04
BNB,BNB/USDT:USDT,2024-04-24 09:00:00+00:00,long_pullback_restart,long,611.12,599.3610962235134,0.01924156266606655,True,False,0.015381594449535243,2.5463372258139056,0.4407826982492231,0.6930998970133876,-0.023301479251210955,0.001194528079591528,-0.028423222934939152,0.010881659903128726,-0.03081227909412232,stop,5.0,False,False,True,0.5655289069800443,-1.6013397471329767,stop,5.0,False,False,True,0.5655289069800443,-2.3905289586780616,2024,2024-04
ADA,ADA/USDT:USDT,2024-04-25 10:00:00+00:00,short_compression_breakdown,short,0.4639,0.4820206771486999,0.03906160195882715,False,True,0.03104117266652301,1.4456759944100803,0.7887323943661968,0.19718309859154334,-0.017785305949608365,-0.004933504933504973,-0.014655904842820755,0.006072435480372951,-0.03091706705661168,none,,False,False,False,0.15451961187890034,-0.8167465199313413,tp1,39.0,True,False,False,1.1699342042259724,-0.8167465199313413,2024,2024-04
ADA,ADA/USDT:USDT,2024-04-25 10:00:00+00:00,short_pullback_restart,short,0.4639,0.4820206771486999,0.03906160195882715,False,True,0.03104117266652301,1.4456759944100803,0.7887323943661968,0.19718309859154334,-0.017785305949608365,-0.004933504933504973,-0.014655904842820755,0.006072435480372951,-0.03091706705661168,none,,False,False,False,0.15451961187890034,-0.8167465199313413,tp1,39.0,True,False,False,1.1699342042259724,-0.8167465199313413,2024,2024-04
BTC,BTC/USDT:USDT,2024-04-25 10:00:00+00:00,short_compression_breakdown,short,63438.3,64807.36897506318,0.021581110702259976,False,True,0.01616688971804097,1.5661609211051477,0.7856702619414394,0.2130970724191108,-0.014957702914213278,-0.009845619807364203,-0.0035420443014712033,0.011431523262432464,-0.028072363361145714,stop,7.0,False,False,True,0.5237135696299832,-1.3383547749414448,stop,7.0,False,False,True,0.8074830561031331,-1.3383547749414448,2024,2024-04
BTC,BTC/USDT:USDT,2024-04-25 10:00:00+00:00,short_pullback_restart,short,63438.3,64807.36897506318,0.021581110702259976,False,True,0.01616688971804097,1.5661609211051477,0.7856702619414394,0.2130970724191108,-0.014957702914213278,-0.009845619807364203,-0.0035420443014712033,0.011431523262432464,-0.028072363361145714,stop,7.0,False,False,True,0.5237135696299832,-1.3383547749414448,stop,7.0,False,False,True,0.8074830561031331,-1.3383547749414448,2024,2024-04
SOL,SOL/USDT:USDT,2024-04-25 10:00:00+00:00,short_pullback_restart,short,143.722,150.4372970095058,0.046724210694993135,False,True,0.037294220787353456,1.7159844856494406,0.8966131907308308,0.10053475935829234,-0.031907799459783504,0.009340412382718322,0.009843944323044473,0.016687534927809944,-0.037560854745498085,none,,False,False,False,0.3512875151554337,-0.8352571735933928,tp1,38.0,True,False,False,1.6882350823726764,-0.8352571735933928,2024,2024-04
XRP,XRP/USDT:USDT,2024-04-25 10:00:00+00:00,short_compression_breakdown,short,0.5169,0.5331473835138849,0.031432353480141,False,True,0.026697620429483523,1.437043274220903,0.7999999999999974,0.20000000000000262,-0.018233618233618132,-0.009770114942528774,-0.005387723686742452,0.007013442431326844,-0.03527435610302354,stop,19.0,False,False,True,0.22157413819422164,-1.16326422551965,stop,19.0,False,False,True,0.6524127402385362,-1.16326422551965,2024,2024-04
XRP,XRP/USDT:USDT,2024-04-25 10:00:00+00:00,short_pullback_restart,short,0.5169,0.5331473835138849,0.031432353480141,False,True,0.026697620429483523,1.437043274220903,0.7999999999999974,0.20000000000000262,-0.018233618233618132,-0.009770114942528774,-0.005387723686742452,0.007013442431326844,-0.03527435610302354,stop,19.0,False,False,True,0.22157413819422164,-1.16326422551965,stop,19.0,False,False,True,0.6524127402385362,-1.16326422551965,2024,2024-04
LINK,LINK/USDT:USDT,2024-04-27 00:00:00+00:00,short_pullback_restart,short,14.344,14.830633504569962,0.0339259275355523,False,True,0.03004740658114898,1.9455642264317652,0.5091575091575139,0.35897435897435565,0.00964313366650238,0.0034979711767173516,0.011351618134386232,0.03514469221332184,-0.0034044327103454064,tp1,16.0,True,False,False,1.0007531241203005,-0.1006917927759671,tp1,16.0,True,False,False,1.3233778479126765,-0.18494410918034268,2024,2024-04
LINK,LINK/USDT:USDT,2024-04-27 16:00:00+00:00,short_compression_breakdown,short,13.879,14.324918783934478,0.03212902831144023,False,True,0.027451545500396298,2.061655062539758,0.4594594594594523,0.14864864864864882,-0.01998305324106775,-0.0144855499538451,0.06819056414992675,0.0009375450742823421,-0.0384508798669807,stop,2.0,False,False,True,0.029153290842105578,-1.2446212628745164,stop,2.0,False,False,True,2.4197231398947787,-1.2446212628745164,2024,2024-04
LINK,LINK/USDT:USDT,2024-04-27 16:00:00+00:00,short_pullback_restart,short,13.879,14.324918783934478,0.03212902831144023,False,True,0.027451545500396298,2.061655062539758,0.4594594594594523,0.14864864864864882,-0.01998305324106775,-0.0144855499538451,0.06819056414992675,0.0009375450742823421,-0.0384508798669807,stop,2.0,False,False,True,0.029153290842105578,-1.2446212628745164,stop,2.0,False,False,True,2.4197231398947787,-1.2446212628745164,2024,2024-04
LINK,LINK/USDT:USDT,2024-04-28 22:00:00+00:00,short_pullback_restart,short,13.861,14.25521883633926,0.028440865474299082,False,True,0.017026188586681975,2.817736073988872,0.6803652968036453,0.2237442922374475,-0.012397577484859257,-0.011834319526627168,0.04556083578486847,0.011751824817518353,-0.018203711573877346,none,,False,False,False,0.4084026057584089,-0.6519221719249073,tp1,34.0,True,True,False,3.723820032629436,-0.875148440910866,2024,2024-04
XRP,XRP/USDT:USDT,2024-04-30 08:00:00+00:00,short_pullback_restart,short,0.501,0.5204764052059238,0.03887506029126497,False,True,0.02475049900199594,3.344623717474459,0.7647058823529396,0.1848739495798299,0.004008016032064132,0.027060270602706105,-0.03672370697942706,0.04987426655490368,-0.007134363852556613,tp1,24.0,True,False,False,1.2219914172231954,-0.18483903789930942,tp1,24.0,True,False,False,1.2219914172231954,-1.304142100733998,2024,2024-04
NEAR,NEAR/USDT:USDT,2024-05-04 10:00:00+00:00,long_compression_breakout,long,6.963,6.762090427446223,0.02885388087803778,True,False,0.022547752405572316,1.5880120915008613,0.5191256830601084,0.9781420765027347,-0.00646273158121502,0.0005744650294412512,0.09335056728421653,0.015223323280195267,-0.04064340083297435,stop,14.0,False,False,True,0.5276005451239864,-1.4085939082083823,stop,14.0,False,False,True,6.376002814187049,-1.4085939082083823,2024,2024-05
NEAR,NEAR/USDT:USDT,2024-05-04 10:00:00+00:00,long_pullback_restart,long,6.963,6.762090427446223,0.02885388087803778,True,False,0.022547752405572316,1.5880120915008613,0.5191256830601084,0.9781420765027347,-0.00646273158121502,0.0005744650294412512,0.09335056728421653,0.015223323280195267,-0.04064340083297435,stop,14.0,False,False,True,0.5276005451239864,-1.4085939082083823,stop,14.0,False,False,True,6.376002814187049,-1.4085939082083823,2024,2024-05
BNB,BNB/USDT:USDT,2024-05-05 14:00:00+00:00,long_pullback_restart,long,590.59,578.3057311095598,0.020799994734824863,True,False,0.016830627000118618,1.3080793653799037,0.6335403726708143,0.9689440993788869,0.0018964086760697718,-0.009549772261636669,-0.008821686787788496,0.019742968895511304,-0.013630437359251069,none,,False,False,False,0.949181437169121,-0.6553096543063044,stop,56.0,False,False,True,0.949181437169121,-1.3806275449732737,2024,2024-05
ADA,ADA/USDT:USDT,2024-05-07 23:00:00+00:00,short_compression_breakdown,short,0.4411,0.4561860375104834,0.034200946521159445,False,True,0.02743142144638404,1.7414434738823532,0.8333333333333401,0.1296296296296266,-0.0011322463768116409,-0.02325066430469447,-0.014521894548704228,0.012161541991739355,-0.05908703071672361,stop,15.0,False,False,True,0.351318230271995,-1.836134901610248,stop,15.0,False,False,True,0.351318230271995,-1.836134901610248,2024,2024-05
ADA,ADA/USDT:USDT,2024-05-07 23:00:00+00:00,short_pullback_restart,short,0.4411,0.4561860375104834,0.034200946521159445,False,True,0.02743142144638404,1.7414434738823532,0.8333333333333401,0.1296296296296266,-0.0011322463768116409,-0.02325066430469447,-0.014521894548704228,0.012161541991739355,-0.05908703071672361,stop,15.0,False,False,True,0.351318230271995,-1.836134901610248,stop,15.0,False,False,True,0.351318230271995,-1.836134901610248,2024,2024-05
ETH,ETH/USDT:USDT,2024-05-07 23:00:00+00:00,short_pullback_restart,short,3004.55,3111.2969781084917,0.035528441233626154,False,True,0.026776056314589628,1.859583943358129,0.7720861172976968,0.1984657263053702,-0.006605985062141939,0.010635971919957798,0.03289959949808363,0.025219747222449795,-0.010854249519344661,none,,False,False,False,0.6923849396924608,-0.30886120229549724,tp1,65.0,True,False,False,1.1948816000239906,-0.5028713781990398,2024,2024-05
BTC,BTC/USDT:USDT,2024-05-08 22:00:00+00:00,short_compression_breakdown,short,61226.7,62901.16648661331,0.027348631995735683,False,True,0.02396013503912509,1.2756273265369407,0.4872742200328466,0.3298440065681405,-0.0040633412767481225,-0.03203025325401132,0.005699765274796098,0.01117588769611877,-0.034997604307203445,stop,24.0,False,False,True,0.40412872124341875,-1.326094023231883,stop,24.0,False,False,True,0.6624796667287197,-1.326094023231883,2024,2024-05
BTC,BTC/USDT:USDT,2024-05-08 22:00:00+00:00,short_pullback_restart,short,61226.7,62901.16648661331,0.027348631995735683,False,True,0.02396013503912509,1.2756273265369407,0.4872742200328466,0.3298440065681405,-0.0040633412767481225,-0.03203025325401132,0.005699765274796098,0.01117588769611877,-0.034997604307203445,stop,24.0,False,False,True,0.40412872124341875,-1.326094023231883,stop,24.0,False,False,True,0.6624796667287197,-1.326094023231883,2024,2024-05
ETH,ETH/USDT:USDT,2024-05-10 14:00:00+00:00,short_pullback_restart,short,2934.6,3057.3167262727566,0.04181719016995729,False,True,0.013562325359503913,11.644703036705156,0.8223404255319161,0.13191489361701994,0.014730290456431483,0.011631033555566272,-0.005570917371502948,0.020020855057351294,-0.003528025562056225,none,,False,False,False,0.46937366852481965,-0.0846665349995282,none,,False,False,False,0.5769384675617562,-0.5039247857912319,2024,2024-05
XRP,XRP/USDT:USDT,2024-05-10 14:00:00+00:00,short_pullback_restart,short,0.5002,0.5196666858466935,0.03891780457155844,False,True,0.015593762495002057,8.854745460423963,0.7085714285714261,0.2228571428571403,-0.0021942948334330303,-0.008130081300812941,-0.0124383020730503,0.006641175286777878,-0.012243285939968374,none,,False,False,False,0.16952038092095081,-0.3184928368817885,none,,False,False,False,0.7243143548440694,-0.523972086482943,2024,2024-05
LINK,LINK/USDT:USDT,2024-05-11 20:00:00+00:00,short_pullback_restart,short,13.357,13.650255037298484,0.021955157393013743,False,True,0.01699483416934943,1.9087737403469187,0.7724137931034513,0.22758620689654877,-0.0032833370643982063,-0.010005929439668049,0.02517461048430425,0.006556141672946492,-0.016855586633299002,none,,False,False,False,0.29667009576871584,-0.7808902520808783,stop,36.0,False,False,True,1.3401304326104062,-1.0639203434464362,2024,2024-05
DOGE,DOGE/USDT:USDT,2024-05-12 07:00:00+00:00,short_pullback_restart,short,0.14015,0.14518305249819896,0.035911897953613735,False,True,0.017552622190510098,8.922234590203006,0.6545842217483986,0.2665245202558638,-0.018282432053796538,-0.017663138711712323,-0.06216541755888649,0.032488581110947434,-0.02909594735019061,none,,False,False,False,0.8762078284655442,-0.8344836461576636,stop,25.0,False,False,True,0.8762078284655442,-3.4035011568287503,2024,2024-05
SOL,SOL/USDT:USDT,2024-05-13 02:00:00+00:00,short_pullback_restart,short,140.46,146.6568095826384,0.044117966557300256,False,True,0.029987184963690853,3.177276010169959,0.7381974248926984,0.20944206008583643,-0.028193863078147086,-0.041765018897272466,-0.12984221188335943,0.01945129917259414,-0.06844409072821322,stop,7.0,False,False,True,0.4324806118794685,-1.6653731024612317,stop,7.0,False,False,True,0.4324806118794685,-3.471302403783292,2024,2024-05
LINK,LINK/USDT:USDT,2024-05-19 05:00:00+00:00,long_pullback_restart,long,16.62,16.11931725872736,0.030125315359364673,True,False,0.022563176895306857,2.0960828096726134,0.4387096774193542,0.6290322580645197,0.0009626955475330323,0.023285198555956788,0.0034897713598074365,0.03586040914560762,-0.020457280385078214,tp1,23.0,True,False,False,1.1903745643100874,-0.6790727380292441,tp1,23.0,True,False,False,1.677709117484015,-0.6790727380292441,2024,2024-05
SOL,SOL/USDT:USDT,2024-05-22 05:00:00+00:00,long_pullback_restart,long,181.56,173.90213250245287,0.04217816422971541,True,False,0.02724719101123597,1.8425794457624038,0.7924852183864209,0.9732977303070787,-0.01924983476536679,-0.02294007490636696,-0.06641881471689803,0.011505838290372328,-0.03288719982374977,none,,False,False,False,0.27279134833151925,-0.7797209865426057,stop,29.0,False,False,True,0.27279134833151925,-2.49782331780053,2024,2024-05
BTC,BTC/USDT:USDT,2024-05-22 15:00:00+00:00,long_pullback_restart,long,70485.7,69144.94445825649,0.019021667398401478,True,False,0.015319419399963438,1.9216096364113662,0.49585575105424085,0.7715573651301345,-0.013526147856941062,-0.033804019822460396,-0.021800166558606837,0.0032588170366472102,-0.040758621961617614,stop,6.0,False,False,True,0.1713213131316222,-2.1427470635430677,stop,6.0,False,False,True,0.1713213131316222,-3.2288510956818177,2024,2024-05
ZEC,ZEC/USDT:USDT,2024-05-23 03:00:00+00:00,long_pullback_restart,long,25.12,24.23915971573472,0.03506529794049691,True,False,0.027468152866242088,1.382199234146638,0.6756756756756739,0.8918918918918944,-0.0071656050955414274,0.0652866242038217,0.07245222929936301,0.0732484076433122,-0.07523885350318471,stop,10.0,False,False,True,2.088914452334298,-2.145678432017296,stop,10.0,False,False,True,3.042549311008651,-2.145678432017296,2024,2024-05
ETH,ETH/USDT:USDT,2024-05-23 07:00:00+00:00,long_pullback_restart,long,3815.79,3716.092893535463,0.0261275139524284,True,False,0.02091047987441656,1.317473646592793,0.4083199428673416,0.6034636672022862,-0.008247309207267683,-0.03525613306811948,-0.0073929644975221365,0.035929650216599995,-0.0763249549896613,tp1,4.0,True,False,False,1.375165286755516,-2.9212482721712356,tp1,4.0,True,False,False,1.375165286755516,-2.9212482721712356,2024,2024-05
BTC,BTC/USDT:USDT,2024-05-23 11:00:00+00:00,long_pullback_restart,long,70019.5,68986.64325569033,0.01475098714371952,True,False,0.011910967659009276,1.5578678727507462,0.8392996108949303,0.8433852140077821,-0.03351780575411123,-0.037648083748098804,-0.01227086740122385,0.0016252615342868815,-0.05516891723020012,stop,2.0,False,False,True,0.11017984887736147,-3.740015274414307,stop,2.0,False,False,True,0.11017984887736147,-3.740015274414307,2024,2024-05
ETH,ETH/USDT:USDT,2024-05-23 11:00:00+00:00,long_compression_breakout,long,3921.0,3728.3134327432936,0.04914220026949922,True,False,0.02948992603927572,2.964488150929448,0.9046193754364966,0.9102065249925172,-0.034223412394797315,-0.05270339199183882,-0.026942106605457705,0.008133129303748987,-0.10110941086457537,stop,7.0,False,False,True,0.1655019364038722,-2.0574864436285782,stop,7.0,False,False,True,0.1655019364038722,-2.0574864436285782,2024,2024-05
ETH,ETH/USDT:USDT,2024-05-23 11:00:00+00:00,long_pullback_restart,long,3921.0,3728.3134327432936,0.04914220026949922,True,False,0.02948992603927572,2.964488150929448,0.9046193754364966,0.9102065249925172,-0.034223412394797315,-0.05270339199183882,-0.026942106605457705,0.008133129303748987,-0.10110941086457537,stop,7.0,False,False,True,0.1655019364038722,-2.0574864436285782,stop,7.0,False,False,True,0.1655019364038722,-2.0574864436285782,2024,2024-05
ETH,ETH/USDT:USDT,2024-05-26 07:00:00+00:00,long_pullback_restart,long,3787.58,3725.43357123075,0.016407951454292642,True,False,0.011606355509322585,2.7222729559836836,0.6840987523228015,0.7249800902574964,0.006188648160566856,0.033755062599337915,0.009805733476256684,0.04183938029031742,-0.0023629863923665395,tp1,7.0,True,True,False,2.549945397319625,-0.14401471133974975,tp1,7.0,True,True,False,3.096235838658684,-0.19566691507166162,2024,2024-05
ZEC,ZEC/USDT:USDT,2024-05-26 22:00:00+00:00,long_pullback_restart,long,26.77,26.137180470082246,0.023639130740297113,True,False,0.016062756817332824,1.5771290800916324,0.5641025641025655,0.6666666666666666,-0.008591707134852467,0.008965259618976651,0.009712364587224576,0.052297347777362724,-0.018677624206201004,tp1,13.0,True,True,False,2.212321102324319,-0.7901146794015412,tp1,13.0,True,True,False,2.212321102324319,-0.9323353216938184,2024,2024-05
ZEC,ZEC/USDT:USDT,2024-05-29 05:00:00+00:00,long_pullback_restart,long,27.3,26.12741589591046,0.04295179868459857,True,False,0.028205128205128188,1.6547246385030603,0.8780487804878108,0.9268292682926882,-0.006227106227106316,-0.010989010989011061,-0.020879120879120916,0.006227106227106205,-0.023809523809523836,none,,False,False,False,0.14497893959768074,-0.5543312396381989,none,,False,False,False,0.14497893959768074,-0.9380990209261809,2024,2024-05
TRX,TRX/USDT:USDT,2024-05-30 02:00:00+00:00,short_pullback_restart,short,0.11128,0.11258192099324493,0.011699505690554717,False,True,0.008267433501078274,1.3144312732904793,0.8541666666666657,0.0,0.0012596724851539065,-0.007137758743754441,-0.0136500620457366,0.005966371361417533,-0.008641425389754986,none,,False,False,False,0.5069432042531345,-0.745052891099294,stop,27.0,False,False,True,0.5069432042531345,-1.3748914175956062,2024,2024-05
ZEC,ZEC/USDT:USDT,2024-06-02 00:00:00+00:00,long_pullback_restart,long,27.23,26.595037014246568,0.023318508474235493,True,False,0.017260374586852825,1.7524582195361613,0.4848484848484878,0.6060606060606071,-0.020565552699228773,-0.03635695923613669,0.008079324274697042,0.005141388174807249,-0.04296731546088883,stop,5.0,False,False,True,0.2204852930661459,-1.8426270920527859,stop,5.0,False,False,True,2.1891039811567263,-3.3387772950016257,2024,2024-06
ADA,ADA/USDT:USDT,2024-06-02 17:00:00+00:00,short_pullback_restart,short,0.4449,0.4550915198884706,0.02290743962344472,False,True,0.014160485502360144,2.8897224923600704,0.9545454545454591,0.0,-0.00380653828929689,-0.01657824933687002,-0.03930036709134099,0.009759418974126355,-0.027753496503496455,stop,13.0,False,False,True,0.42191940427497193,-1.2461340544865365,stop,13.0,False,False,True,0.42191940427497193,-2.0605366255289166,2024,2024-06
NEAR,NEAR/USDT:USDT,2024-06-05 04:00:00+00:00,long_compression_breakout,long,7.594,7.356890612904146,0.031223253502219418,True,False,0.025678166973926705,1.2679877528540089,0.6456692913385896,0.779527559055121,-0.009086120621543348,-0.0035554385040822423,-0.10192257045035558,0.016065314722149004,-0.014616802739004564,none,,False,False,False,0.51453045151131,-0.4681383616209492,stop,39.0,False,False,True,0.51453045151131,-6.705765720516263,2024,2024-06
NEAR,NEAR/USDT:USDT,2024-06-05 04:00:00+00:00,long_pullback_restart,long,7.594,7.356890612904146,0.031223253502219418,True,False,0.025678166973926705,1.2679877528540089,0.6456692913385896,0.779527559055121,-0.009086120621543348,-0.0035554385040822423,-0.10192257045035558,0.016065314722149004,-0.014616802739004564,none,,False,False,False,0.51453045151131,-0.4681383616209492,stop,39.0,False,False,True,0.51453045151131,-6.705765720516263,2024,2024-06
ETH,ETH/USDT:USDT,2024-06-05 17:00:00+00:00,long_pullback_restart,long,3844.66,3774.3662056887324,0.018283487827601776,True,False,0.012630505688409364,2.268844739124906,0.7917316692667659,0.8319032761310392,0.006229419506536438,-0.0022290657691446114,-0.04041969901109577,0.012328788501454024,-0.007007121566016239,none,,False,False,False,0.6743127251049856,-0.383248624774859,stop,27.0,False,False,True,0.6743127251049856,-4.12042062656978,2024,2024-06
BTC,BTC/USDT:USDT,2024-06-07 11:00:00+00:00,long_pullback_restart,long,71750.0,70640.87510869378,0.015458186638414152,True,False,0.010815331010452962,1.5633305260985293,0.780416101311642,0.9473089099954702,-0.026703832752613232,-0.03268989547038326,-0.03126550522648086,0.005491289198606308,-0.046620209059233475,stop,6.0,False,False,True,0.3552350173441573,-3.0158912005487464,stop,6.0,False,False,True,0.3552350173441573,-3.0158912005487464,2024,2024-06
ETH,ETH/USDT:USDT,2024-06-07 11:00:00+00:00,long_pullback_restart,long,3838.3,3789.9903191822286,0.012586218069919377,True,False,0.009175937263892936,1.6788649919789693,0.7435517343611138,0.8342721612807682,-0.029432300758148178,-0.04005679597738587,-0.04198733814449118,0.0015684026782689653,-0.0738035067608056,stop,1.0,False,False,True,0.12461270490914568,-5.863835057585202,stop,1.0,False,False,True,0.12461270490914568,-5.863835057585202,2024,2024-06
BNB,BNB/USDT:USDT,2024-06-09 12:00:00+00:00,long_pullback_restart,long,684.29,669.8223561821576,0.02114256209771058,True,False,0.01857399640503301,1.3428303741352448,0.7561349693251478,0.9202453987730087,-0.009221236610209016,-0.05817708866124005,-0.08626459542007037,0.0006430022358943077,-0.07192856829706695,stop,15.0,False,False,True,0.030412692318110567,-3.40207435431185,stop,15.0,False,False,True,0.030412692318110567,-6.456476339623534,2024,2024-06
TAO,TAO/USDT:USDT,2024-06-10 04:00:00+00:00,short_pullback_restart,short,356.75,369.2736671745089,0.035104883460431356,False,True,0.02763840224246659,1.8769443379034372,0.9384993849938499,0.03813038130381334,0.01797688685975185,0.07109616597111712,0.06131373832331777,0.08024224072672226,-0.008779972770970534,tp1,3.0,True,True,False,2.115993632754712,-0.2523222596039601,tp1,3.0,True,True,False,3.660269740583998,-1.248835487406931,2024,2024-06
ADA,ADA/USDT:USDT,2024-06-10 06:00:00+00:00,short_pullback_restart,short,0.4379,0.44661678586277975,0.0199058823082433,False,True,0.015300296871431796,2.089423629154616,0.7674418604651045,0.06976744186046992,-0.015955056179775218,0.01813531736805407,0.01837209302325582,0.03473534971644621,-0.029692000886328285,stop,3.0,False,False,True,1.6864014134806602,-1.53726387351298,stop,3.0,False,False,True,3.0515835101078643,-1.53726387351298,2024,2024-06
LINK,LINK/USDT:USDT,2024-06-13 15:00:00+00:00,short_compression_breakdown,short,15.1,15.68730691206731,0.03889449748790136,False,True,0.028940397350993338,2.6415215602460034,0.9324009324009327,0.05827505827505906,-0.01423162292727509,-0.006252056597565003,-0.002773741909919414,0.0033222591362125353,-0.024421759917302,none,,False,False,False,0.08513436326502573,-0.6436157862836085,tp1,27.0,True,False,False,1.0897198497923506,-0.6436157862836085,2024,2024-06
LINK,LINK/USDT:USDT,2024-06-13 15:00:00+00:00,short_pullback_restart,short,15.1,15.68730691206731,0.03889449748790136,False,True,0.028940397350993338,2.6415215602460034,0.9324009324009327,0.05827505827505906,-0.01423162292727509,-0.006252056597565003,-0.002773741909919414,0.0033222591362125353,-0.024421759917302,none,,False,False,False,0.08513436326502573,-0.6436157862836085,tp1,27.0,True,False,False,1.0897198497923506,-0.6436157862836085,2024,2024-06
SOL,SOL/USDT:USDT,2024-06-13 15:00:00+00:00,short_compression_breakdown,short,146.804,153.27100566624168,0.044051971787156176,False,True,0.029788016675294886,2.5791108930266002,0.7070580886945694,0.23048094940662084,-0.008101187138098487,0.02136600502320274,-0.010848033204414631,0.027787307032590025,-0.019417410878292296,none,,False,False,False,0.6137307132292329,-0.4495125178527058,tp1,25.0,True,False,False,1.129425328653647,-0.4495125178527058,2024,2024-06
SOL,SOL/USDT:USDT,2024-06-13 15:00:00+00:00,short_pullback_restart,short,146.804,153.27100566624168,0.044051971787156176,False,True,0.029788016675294886,2.5791108930266002,0.7070580886945694,0.23048094940662084,-0.008101187138098487,0.02136600502320274,-0.010848033204414631,0.027787307032590025,-0.019417410878292296,none,,False,False,False,0.6137307132292329,-0.4495125178527058,tp1,25.0,True,False,False,1.129425328653647,-0.4495125178527058,2024,2024-06
XRP,XRP/USDT:USDT,2024-06-13 15:00:00+00:00,short_compression_breakdown,short,0.4805,0.49001361588987535,0.019799408719823875,False,True,0.013735691987513112,2.3528339080597944,0.7808219178082273,0.19178082191780302,0.0031315240083507057,0.01371308016877637,-0.020786631342979534,0.01757729775518846,-0.009074035883687381,none,,False,False,False,0.8724337934258038,-0.46249502302091106,tp1,25.0,True,True,False,2.322986365627751,-2.585767628707813,2024,2024-06
XRP,XRP/USDT:USDT,2024-06-13 15:00:00+00:00,short_pullback_restart,short,0.4805,0.49001361588987535,0.019799408719823875,False,True,0.013735691987513112,2.3528339080597944,0.7808219178082273,0.19178082191780302,0.0031315240083507057,0.01371308016877637,-0.020786631342979534,0.01757729775518846,-0.009074035883687381,none,,False,False,False,0.8724337934258038,-0.46249502302091106,tp1,25.0,True,True,False,2.322986365627751,-2.585767628707813,2024,2024-06
ADA,ADA/USDT:USDT,2024-06-14 15:00:00+00:00,short_compression_breakdown,short,0.4136,0.4253842078775543,0.02849179854340981,False,True,0.023936170212766006,3.0429909077315047,0.7205882352941088,0.2352941176470646,0.00048379293662326184,0.004127215343530111,0.03348325837081467,0.04260146206201165,-0.004812319538017307,tp1,1.0,True,False,False,1.4341226984114832,-0.16971866253390322,tp1,1.0,True,False,False,1.4341226984114832,-0.47521225509492804,2024,2024-06
ADA,ADA/USDT:USDT,2024-06-14 15:00:00+00:00,short_pullback_restart,short,0.4136,0.4253842078775543,0.02849179854340981,False,True,0.023936170212766006,3.0429909077315047,0.7205882352941088,0.2352941176470646,0.00048379293662326184,0.004127215343530111,0.03348325837081467,0.04260146206201165,-0.004812319538017307,tp1,1.0,True,False,False,1.4341226984114832,-0.16971866253390322,tp1,1.0,True,False,False,1.4341226984114832,-0.47521225509492804,2024,2024-06
DOGE,DOGE/USDT:USDT,2024-06-14 15:00:00+00:00,short_pullback_restart,short,0.13938,0.14367611035239408,0.030823004393701232,False,True,0.025469938298177626,3.173380635034837,0.5920000000000031,0.3400000000000067,0.0276487502764875,0.018636263977197975,0.07637655417406752,0.06396946564885497,-0.0016474464579901982,tp1,1.0,True,False,False,1.950601663509436,-0.05353679983379307,tp1,1.0,True,True,False,2.567438705072686,-0.05353679983379307,2024,2024-06
XRP,XRP/USDT:USDT,2024-06-14 15:00:00+00:00,short_pullback_restart,short,0.474,0.4820286148946298,0.016938006106813935,False,True,0.013502109704641387,2.185879386172442,0.6393442622950849,0.2950819672131098,-0.002525252525252597,-0.022277227722772297,-0.06949352179034152,0.03403141361256545,-0.023284566247681937,tp1,1.0,True,False,False,1.9430499786998827,-1.4074656896992779,tp1,1.0,True,False,False,1.9430499786998827,-5.854060833262472,2024,2024-06
TRX,TRX/USDT:USDT,2024-06-15 08:00:00+00:00,short_pullback_restart,short,0.11505,0.11674122922437263,0.01469994979897987,False,True,0.00895262929161237,1.8167617092148476,0.6576576576576528,0.09009009009009268,0.00043478260869567187,-0.0008684324793747367,-0.0011286681715576563,0.002352326189231535,-0.0038098536669841643,none,,False,False,False,0.15964719395158486,-0.2601657975507224,stop,38.0,False,False,True,2.2882764466393284,-1.8388991599608058,2024,2024-06
LINK,LINK/USDT:USDT,2024-06-15 20:00:00+00:00,short_pullback_restart,short,14.785,15.085342101365438,0.020313973714266992,False,True,0.0154886709502874,1.3751743510164782,0.8705035971223094,0.028776978417263153,0.0062614850609132855,-0.022350062818223826,0.0789608115011311,0.015383558821509435,-0.026790416008425466,stop,17.0,False,False,True,0.7458161842167143,-1.3551213704294753,stop,17.0,False,False,True,6.359414785062157,-1.4383597838465203,2024,2024-06
LINK,LINK/USDT:USDT,2024-06-16 00:00:00+00:00,short_pullback_restart,short,14.744,15.061978195467988,0.02156661662154019,False,True,0.017566467715680857,1.4027361407737728,0.8307692307692413,0.08461538461537936,-0.0069374284367211825,-0.022281167108753386,0.05201569746699963,0.012567818144358256,-0.031083656436879825,stop,13.0,False,False,True,0.5755111595959188,-1.4875233797206027,stop,13.0,False,False,True,5.8777615152173395,-1.4875233797206027,2024,2024-06
SOL,SOL/USDT:USDT,2024-06-16 04:00:00+00:00,short_pullback_restart,short,143.134,145.94508428154887,0.019639528564484237,False,True,0.01370743499098759,1.4591728146744158,0.8528497409326724,0.06839378238339461,-0.015469484052468507,-0.035524170181798764,0.018435638914780395,0.0007970913158996673,-0.056758947458598996,stop,9.0,False,False,True,0.04055374673332909,-3.0639422860898105,stop,9.0,False,False,True,5.739422366628678,-3.0639422860898105,2024,2024-06
DOGE,DOGE/USDT:USDT,2024-06-19 14:00:00+00:00,short_pullback_restart,short,0.12186,0.12701424057328192,0.042296410415902895,False,True,0.03052683407188578,1.4484043659176682,0.8687782805429872,0.11764705882352756,-0.005711488250652819,-0.01239970824215908,-0.02621064407863194,0.004037241492955257,-0.053293971410814156,stop,21.0,False,False,True,0.09506735144261735,-1.3309429201966698,stop,21.0,False,False,True,0.11446885173702999,-1.3309429201966698,2024,2024-06
SOL,SOL/USDT:USDT,2024-06-20 03:00:00+00:00,short_pullback_restart,short,132.974,139.37057841509088,0.04810397833479392,False,True,0.03969949012588946,1.3598403733920466,0.7205957883924078,0.23780174627631906,-0.03157112789402017,0.002555886455309686,-0.012908924899601382,0.010517516528611548,-0.05862447346996569,stop,7.0,False,False,True,0.21636567398827417,-1.294598371601819,stop,7.0,False,False,True,0.6777060670080733,-1.294598371601819,2024,2024-06
ETH,ETH/USDT:USDT,2024-06-21 07:00:00+00:00,short_pullback_restart,short,3473.55,3542.286026694173,0.01978840860047294,False,True,0.01364022397835058,1.5902514850333291,0.7224695180956043,0.14011999225856833,-0.0004086366213232884,-0.005434455824287809,0.03143707240592941,0.008638713049538227,-0.020613760552181448,stop,13.0,False,False,True,0.4328152415961819,-1.063634363465436,stop,13.0,False,False,True,1.7615216622677603,-1.063634363465436,2024,2024-06
TAO,TAO/USDT:USDT,2024-06-21 07:00:00+00:00,short_pullback_restart,short,293.1,306.4819570963853,0.045656626053856335,False,True,0.04056635960423078,1.2366940207547796,0.5707831325301113,0.22891566265060675,0.030844441318186755,0.03400832568969192,0.10909297309569777,0.041577825159914816,-0.027021643871995682,none,,False,False,False,0.8743115760818293,-0.6082817290005171,tp1,36.0,True,True,False,2.2179117588127006,-0.6082817290005171,2024,2024-06
BTC,BTC/USDT:USDT,2024-06-21 08:00:00+00:00,short_compression_breakdown,short,63613.6,65232.27207617181,0.025445377657793457,False,True,0.015672749223436498,2.8646754100927545,0.6542196531791924,0.1486705202312122,-0.009019731246280749,-0.010193142229421137,0.014399479513830249,0.003983510413312796,-0.014048357098574105,none,,False,False,False,0.15593028613734553,-0.5599651796944904,none,,False,False,False,0.9193956094674953,-0.5599651796944904,2024,2024-06
BTC,BTC/USDT:USDT,2024-06-21 08:00:00+00:00,short_pullback_restart,short,63613.6,65232.27207617181,0.025445377657793457,False,True,0.015672749223436498,2.8646754100927545,0.6542196531791924,0.1486705202312122,-0.009019731246280749,-0.010193142229421137,0.014399479513830249,0.003983510413312796,-0.014048357098574105,none,,False,False,False,0.15593028613734553,-0.5599651796944904,none,,False,False,False,0.9193956094674953,-0.5599651796944904,2024,2024-06
ETH,ETH/USDT:USDT,2024-06-21 08:00:00+00:00,short_compression_breakdown,short,3457.82,3542.6758819303036,0.024540283164046547,False,True,0.02056208825213571,2.008640189393384,0.35565610859728203,0.3171945701357475,-0.015600890503384868,-0.007072606929029779,0.02205604161740382,0.0016656672663069028,-0.025048919264885727,stop,12.0,False,False,True,0.06776194966334538,-1.0469515840159274,stop,12.0,False,False,True,1.2415167647014713,-1.0469515840159274,2024,2024-06
ETH,ETH/USDT:USDT,2024-06-21 08:00:00+00:00,short_pullback_restart,short,3457.82,3542.6758819303036,0.024540283164046547,False,True,0.02056208825213571,2.008640189393384,0.35565610859728203,0.3171945701357475,-0.015600890503384868,-0.007072606929029779,0.02205604161740382,0.0016656672663069028,-0.025048919264885727,stop,12.0,False,False,True,0.06776194966334538,-1.0469515840159274,stop,12.0,False,False,True,1.2415167647014713,-1.0469515840159274,2024,2024-06
SOL,SOL/USDT:USDT,2024-06-21 08:00:00+00:00,short_compression_breakdown,short,130.113,135.15870310825005,0.03877939259144015,False,True,0.03277919961879301,1.707950780373918,0.5438144329896862,0.2538659793814465,-0.02075697481015426,-0.0282097244006273,0.03375044690740081,0.011458422406890545,-0.04803956716101232,stop,15.0,False,False,True,0.2921297524600494,-1.3013052609584115,stop,15.0,False,False,True,1.387517229967993,-1.3013052609584115,2024,2024-06
SOL,SOL/USDT:USDT,2024-06-21 08:00:00+00:00,short_pullback_restart,short,130.113,135.15870310825005,0.03877939259144015,False,True,0.03277919961879301,1.707950780373918,0.5438144329896862,0.2538659793814465,-0.02075697481015426,-0.0282097244006273,0.03375044690740081,0.011458422406890545,-0.04803956716101232,stop,15.0,False,False,True,0.2921297524600494,-1.3013052609584115,stop,15.0,False,False,True,1.387517229967993,-1.3013052609584115,2024,2024-06
ADA,ADA/USDT:USDT,2024-06-21 13:00:00+00:00,short_pullback_restart,short,0.3778,0.39152646338914165,0.03633261881720918,False,True,0.03043938591847541,2.973769532835066,0.6710526315789469,0.31578947368421245,-0.0010576414595451222,-0.016913869372885637,-0.001849405548216554,0.018054432767448336,-0.03252240717029442,none,,False,False,False,0.48810824828339244,-0.9252201124177676,stop,44.0,False,False,True,1.3841875697588673,-1.1219204512782366,2024,2024-06
TAO,TAO/USDT:USDT,2024-06-22 19:00:00+00:00,short_pullback_restart,short,277.86,287.03435412995276,0.033017901568965474,False,True,0.023033182178075207,1.817653034044496,0.7473684210526228,0.1868421052631669,-0.022995780590717163,-0.0023696682464453556,-0.04878299270822639,0.007104023196810472,-0.04305000688800109,stop,9.0,False,False,True,0.21363901722530648,-1.3624937323042252,stop,9.0,False,False,True,2.127670212366282,-1.8747913756506125,2024,2024-06
BNB,BNB/USDT:USDT,2024-06-23 14:00:00+00:00,short_pullback_restart,short,586.76,593.3130313054755,0.011168162972042305,False,True,0.009134910355170792,1.5442054456879006,0.7000000000000126,0.20740740740739244,0.008455932902516006,0.0341570023617328,0.02206971032416516,0.054944264653002506,-0.0008343976160067879,tp1,6.0,True,True,False,4.663490616085537,-0.07477455503540444,tp1,6.0,True,True,False,5.525687015983565,-0.07477455503540444,2024,2024-06
SOL,SOL/USDT:USDT,2024-06-23 14:00:00+00:00,short_pullback_restart,short,132.198,135.22548336405333,0.022901128338199704,False,True,0.012519100137672287,3.557628352823545,0.8071472581639002,0.14417744916821335,0.01280970841058493,0.028842262553310904,-0.04050689872912405,0.0889456342668864,-0.003332328106151805,tp1,6.0,True,True,False,3.5666587398000353,-0.14599584765619003,tp1,6.0,True,True,False,3.5666587398000353,-2.702574718377833,2024,2024-06
XRP,XRP/USDT:USDT,2024-06-26 10:00:00+00:00,short_pullback_restart,short,0.471,0.4786715243556494,0.016287737485455287,False,True,0.013375796178344009,1.8165130797745364,0.7837837837837798,0.13513513513513392,0.004264392324093924,0.0059803502776589745,-0.011542497376705207,0.01421188630490966,-0.01029628073124611,none,,False,False,False,0.8603244536582412,-0.6387257307462725,stop,45.0,False,False,True,0.8603244536582412,-1.2904866804873654,2024,2024-06
DOGE,DOGE/USDT:USDT,2024-06-27 05:00:00+00:00,short_compression_breakdown,short,0.12095,0.12468310738634737,0.030864881243053907,False,True,0.02232327408019838,1.3305645162660034,0.8082191780821905,0.10958904109589523,-0.011523373651520008,-0.034947737971754544,0.0006618681227765766,0.0029853221660169904,-0.058681609463771434,stop,8.0,False,False,True,0.09643440778494143,-2.0197650963846088,stop,8.0,False,False,True,0.13929414457825082,-2.0197650963846088,2024,2024-06
DOGE,DOGE/USDT:USDT,2024-06-27 05:00:00+00:00,short_pullback_restart,short,0.12095,0.12468310738634737,0.030864881243053907,False,True,0.02232327408019838,1.3305645162660034,0.8082191780821905,0.10958904109589523,-0.011523373651520008,-0.034947737971754544,0.0006618681227765766,0.0029853221660169904,-0.058681609463771434,stop,8.0,False,False,True,0.09643440778494143,-2.0197650963846088,stop,8.0,False,False,True,0.13929414457825082,-2.0197650963846088,2024,2024-06
TAO,TAO/USDT:USDT,2024-06-27 05:00:00+00:00,short_pullback_restart,short,273.41,285.24187174041145,0.0432751974705074,False,True,0.03434402545627441,1.3741747006948566,0.7724550898203537,0.06137724550898572,-0.025032985058659807,-0.03854133699054041,0.07671405505454265,0.004260789715335278,-0.06733754050827201,stop,7.0,False,False,True,0.09804027844876624,-1.6683750832574131,stop,7.0,False,False,True,1.8027578787173621,-1.6683750832574131,2024,2024-06
BTC,BTC/USDT:USDT,2024-06-28 14:00:00+00:00,short_pullback_restart,short,60909.0,62186.50198923328,0.020973944560463618,False,True,0.015322858690833795,3.227119428419236,0.5094080483450105,0.20189534404614792,0.010969640536382164,-0.0018125323666493554,-0.030259705522722613,0.014507478596888612,-0.00527501959759602,none,,False,False,False,0.6817993297394005,-0.2528371796852197,stop,54.0,False,False,True,0.6817993297394005,-2.263010174829629,2024,2024-06
SUI,SUI/USDT:USDT,2024-06-29 22:00:00+00:00,short_pullback_restart,short,0.7829,0.8051320205165158,0.028397011772277093,False,True,0.02248052113935362,1.9032174659594352,0.6285714285714189,0.32380952380952843,0.00474845995893225,-0.046755144283453065,-0.052637947725072576,0.013987825411216237,-0.049186300704396335,stop,16.0,False,False,True,0.48578580574702696,-1.8216967715513448,stop,16.0,False,False,True,0.48578580574702696,-2.4379250621748834,2024,2024-06
XRP,XRP/USDT:USDT,2024-06-29 22:00:00+00:00,short_pullback_restart,short,0.4718,0.4771219494475141,0.011280096327923123,False,True,0.008266214497668534,1.2343305239739226,0.7499999999999913,0.06249999999999349,0.0027630180658873016,-0.010071338648762085,-0.027015879562796496,0.0044709388971684305,-0.013177159590043952,stop,24.0,False,False,True,0.3945922487070778,-1.1837767461212438,stop,24.0,False,False,True,0.3945922487070778,-3.213108310900506,2024,2024-06
ZEC,ZEC/USDT:USDT,2024-06-29 22:00:00+00:00,short_compression_breakdown,short,20.19,20.754560391387788,0.027962376988003284,False,True,0.022288261515601746,1.4078192936374427,0.7894736842105283,0.10526315789473586,0.015082956259426794,-0.03258265452803066,-0.028392685274302165,0.01918223119636564,-0.03719599427753928,stop,10.0,False,False,True,0.6730900817641445,-1.3816059573053356,stop,10.0,False,False,True,0.6730900817641445,-2.0369831421809477,2024,2024-06
XRP,XRP/USDT:USDT,2024-06-30 02:00:00+00:00,short_pullback_restart,short,0.4705,0.47620903681201715,0.012133978346476466,False,True,0.008926673751328336,2.3064936380500067,0.6296296296296472,0.2962962962962864,-0.0094736842105263,-0.01507222105924233,-0.026685974348365837,0.0004252604720391684,-0.01917865332499491,stop,20.0,False,False,True,0.03503217908474335,-1.6114802378983788,stop,20.0,False,False,True,0.03503217908474335,-3.222960475796748,2024,2024-06
SUI,SUI/USDT:USDT,2024-07-01 11:00:00+00:00,short_pullback_restart,short,0.8127,0.8367941042776846,0.029646984468665753,False,True,0.023501907222837463,1.351516639406361,0.65909090909091,0.272727272727267,-0.011794747081712131,-0.00781345379074605,0.121429557058093,0.016637478108581405,-0.018715286162762745,none,,False,False,False,0.5520022594207039,-0.6433109038361626,stop,26.0,False,False,True,3.7602559927455537,-1.0126958744259538,2024,2024-07
BNB,BNB/USDT:USDT,2024-07-04 01:00:00+00:00,short_compression_breakdown,short,537.33,561.7098969176933,0.0453722980620722,False,True,0.02024826456739805,5.983780143439843,0.8798521256931597,0.10767097966728477,0.01363893604980193,0.05763212282255692,0.03065119401553673,0.06854790597780691,-0.011806896551724066,tp1,12.0,True,False,False,1.4138698008597428,-0.2633317122576004,tp1,12.0,True,True,False,3.4741738361711687,-0.2633317122576004,2024,2024-07
BNB,BNB/USDT:USDT,2024-07-04 01:00:00+00:00,short_pullback_restart,short,537.33,561.7098969176933,0.0453722980620722,False,True,0.02024826456739805,5.983780143439843,0.8798521256931597,0.10767097966728477,0.01363893604980193,0.05763212282255692,0.03065119401553673,0.06854790597780691,-0.011806896551724066,tp1,12.0,True,False,False,1.4138698008597428,-0.2633317122576004,tp1,12.0,True,True,False,3.4741738361711687,-0.2633317122576004,2024,2024-07
ETH,ETH/USDT:USDT,2024-07-04 01:00:00+00:00,short_compression_breakdown,short,3209.32,3330.572704129998,0.03778143162102804,False,True,0.0235065372103748,4.378705348141744,0.9075842696629222,0.08548689138576904,0.008848945513757478,0.03715481441982971,0.05154308144468733,0.05569736842105266,-0.011071566135120503,tp1,12.0,True,False,False,1.3964224650896728,-0.29632328827469684,tp1,12.0,True,True,False,3.3757597650041613,-0.29632328827469684,2024,2024-07
ETH,ETH/USDT:USDT,2024-07-04 01:00:00+00:00,short_pullback_restart,short,3209.32,3330.572704129998,0.03778143162102804,False,True,0.0235065372103748,4.378705348141744,0.9075842696629222,0.08548689138576904,0.008848945513757478,0.03715481441982971,0.05154308144468733,0.05569736842105266,-0.011071566135120503,tp1,12.0,True,False,False,1.3964224650896728,-0.29632328827469684,tp1,12.0,True,True,False,3.3757597650041613,-0.29632328827469684,2024,2024-07
ETH,ETH/USDT:USDT,2024-07-07 07:00:00+00:00,short_pullback_restart,short,3002.98,3084.5923016404195,0.027177104622881088,False,True,0.021605205495874136,2.2930595715504856,0.6197361745306897,0.2907153729071541,0.010423956931359335,0.026358062244946856,-0.02992928741483969,0.06441093695724587,-0.009515705036232225,tp1,17.0,True,True,False,2.2266251085608504,-0.3535006294407902,tp1,17.0,True,True,False,2.2266251085608504,-1.5441299591725655,2024,2024-07
ADA,ADA/USDT:USDT,2024-07-07 13:00:00+00:00,short_pullback_restart,short,0.3561,0.37204726745580075,0.04478311557371726,False,True,0.024712159505756736,3.4448729126965008,0.8969072164948452,0.10309278350515487,0.0005619556055072028,-0.05342902711323749,-0.06804501439413757,0.08040048543689338,-0.06289473684210523,tp1,11.0,True,False,False,1.66172669226544,-1.498689356420526,tp1,11.0,True,False,False,1.66172669226544,-1.9062826960328036,2024,2024-07
DOGE,DOGE/USDT:USDT,2024-07-10 00:00:00+00:00,short_pullback_restart,short,0.10601,0.10946295975041088,0.032572019153012846,False,True,0.025374964625978665,1.3871859985381667,0.9197530864197583,0.07407407407407123,-0.0382835888596571,-0.016331075438433817,-0.017242977658292413,0.0035024611889435953,-0.0405466558059554,stop,4.0,False,False,True,0.10715444915219949,-1.2974376545996245,stop,4.0,False,False,True,0.37938467132265463,-1.8447941651338362,2024,2024-07
TRX,TRX/USDT:USDT,2024-07-10 15:00:00+00:00,long_pullback_restart,long,0.13131,0.1295001631967181,0.013782932017987375,True,False,0.009747924758205587,2.4671464220464094,0.6134453781512693,0.7563025210084156,-0.0028177595004189593,0.023455943949432623,0.06793085065874638,0.02901530728809676,-0.0034270047978067764,tp1,14.0,True,True,False,2.105162185392076,-0.24864120299906867,tp1,14.0,True,True,False,5.088856621380869,-0.24864120299906867,2024,2024-07
LINK,LINK/USDT:USDT,2024-07-11 03:00:00+00:00,short_pullback_restart,short,12.617,13.046489288281583,0.03404052376013172,False,True,0.025045573432670262,2.503357665803852,0.5867158671586659,0.3321033210332154,-0.017367601246105813,0.011869436201780603,-0.026015130461633507,0.0323187694321716,-0.04126139817629171,stop,9.0,False,False,True,0.9196969767987119,-1.2642922997511346,stop,9.0,False,False,True,0.9196969767987119,-1.2642922997511346,2024,2024-07
ZEC,ZEC/USDT:USDT,2024-07-14 08:00:00+00:00,long_compression_breakout,long,27.71,26.425323109597638,0.0463614900903054,True,False,0.028509563334536237,2.47078414421149,0.7671232876712355,0.8767123287671236,0.03969686033922759,0.06676290147961006,0.08805485384337786,0.08480692890653185,-0.006856730422230339,tp1,8.0,True,False,False,1.829253734971425,-0.1478971104870525,tp1,8.0,True,True,False,3.6507234114961644,-0.1478971104870525,2024,2024-07
ZEC,ZEC/USDT:USDT,2024-07-14 08:00:00+00:00,long_pullback_restart,long,27.71,26.425323109597638,0.0463614900903054,True,False,0.028509563334536237,2.47078414421149,0.7671232876712355,0.8767123287671236,0.03969686033922759,0.06676290147961006,0.08805485384337786,0.08480692890653185,-0.006856730422230339,tp1,8.0,True,False,False,1.829253734971425,-0.1478971104870525,tp1,8.0,True,True,False,3.6507234114961644,-0.1478971104870525,2024,2024-07
ADA,ADA/USDT:USDT,2024-07-15 06:00:00+00:00,long_pullback_restart,long,0.4408,0.42845365693940324,0.028008945237288536,True,False,0.023139745916515395,2.267376074358691,0.7551020408163316,0.9387755102040886,-0.005444646098003658,-0.02382032667876588,0.015199637023593393,0.02608892921960071,-0.02835753176043565,stop,24.0,False,False,True,0.931449899258192,-1.0124455426719527,stop,24.0,False,False,True,1.2635320372545915,-1.1825363938408398,2024,2024-07
TRX,TRX/USDT:USDT,2024-07-15 06:00:00+00:00,long_pullback_restart,long,0.13863,0.13711596302819443,0.010921423730834429,True,False,0.008800403952968324,1.8460609952034297,0.8000000000000278,0.8166666666666651,-0.002957512803866358,-0.037726321863954526,-0.03520161581187331,0.001803361465772202,-0.03859193536752503,stop,13.0,False,False,True,0.16512146311847373,-3.5335993107353305,stop,13.0,False,False,True,0.16512146311847373,-3.9695199733681155,2024,2024-07
SOL,SOL/USDT:USDT,2024-07-18 12:00:00+00:00,long_pullback_restart,long,160.892,155.12547906017636,0.03584094261879792,True,False,0.02783855008328559,1.5747346683739514,0.6825969341749402,0.6916140667267805,-0.028217686398329223,0.017881560301320265,0.07317330880342099,0.02967207816423434,-0.03618576436367249,stop,4.0,False,False,True,0.8278821927153203,-1.0096208893985328,stop,4.0,False,False,True,2.533243207202639,-1.0096208893985328,2024,2024-07
SOL,SOL/USDT:USDT,2024-07-19 03:00:00+00:00,long_pullback_restart,long,161.788,154.6924774091109,0.04385691516607609,True,False,0.03230771132593272,1.5670735642238813,0.9076198882024146,0.9446896145925308,-0.007744702944594284,0.04759932751501972,0.11818552673869487,0.06673548099982685,-0.016218755408312302,tp1,12.0,True,False,False,1.521663818513339,-0.36981067516708704,tp1,12.0,True,True,False,3.316457625012122,-0.36981067516708704,2024,2024-07
ETH,ETH/USDT:USDT,2024-07-20 17:00:00+00:00,long_pullback_restart,long,3525.55,3475.069512134073,0.014318471689786554,True,False,0.009553119371445543,4.024424269308213,0.6020986358866737,0.7307450157397712,-0.002700287898342091,-0.016556281998553524,-0.028009814071563333,0.0031995007871110648,-0.022847498971791724,stop,14.0,False,False,True,0.22345267403038413,-1.595666036626586,stop,14.0,False,False,True,0.7285983467054661,-2.791969847326513,2024,2024-07
XRP,XRP/USDT:USDT,2024-07-21 04:00:00+00:00,long_pullback_restart,long,0.6015,0.5852459704438419,0.027022493027694394,True,False,0.019118869492934256,1.2937473753024997,0.8367346938775468,0.8469387755102101,-0.019285120532003375,-0.011471321695760595,0.00532003325020769,0.010806317539484578,-0.05004156275976723,stop,7.0,False,False,True,0.3999008355154178,-1.8518484844637189,stop,7.0,False,False,True,1.3165965969276916,-1.8518484844637189,2024,2024-07
SOL,SOL/USDT:USDT,2024-07-21 15:00:00+00:00,long_compression_breakout,long,175.367,170.58344572652973,0.02727739126215456,True,False,0.020437140396996033,3.735537806270651,0.4200176108012887,0.6243029057822108,0.05031163217709156,0.02522709517754196,0.013468896656725793,0.05675526182234969,-0.027992723830595256,stop,3.0,False,False,True,2.0806704452376867,-1.0262243761350132,stop,3.0,False,False,True,2.0806704452376867,-1.0488017305091393,2024,2024-07
SOL,SOL/USDT:USDT,2024-07-21 15:00:00+00:00,long_pullback_restart,long,175.367,170.58344572652973,0.02727739126215456,True,False,0.020437140396996033,3.735537806270651,0.4200176108012887,0.6243029057822108,0.05031163217709156,0.02522709517754196,0.013468896656725793,0.05675526182234969,-0.027992723830595256,stop,3.0,False,False,True,2.0806704452376867,-1.0262243761350132,stop,3.0,False,False,True,2.0806704452376867,-1.0488017305091393,2024,2024-07
SOL,SOL/USDT:USDT,2024-07-24 08:00:00+00:00,long_pullback_restart,long,176.599,170.43543635421372,0.03490146402746487,True,False,0.021393099621175773,1.4084792823911754,0.6446020488573598,0.7974783293932199,0.023861969773328218,-0.03607608197101897,0.059841788458598444,0.03341468524736846,-0.04810899268965274,stop,18.0,False,False,True,0.9574006758304896,-1.3784233421209637,stop,18.0,False,False,True,1.7437963843121678,-1.8325437440273427,2024,2024-07
XRP,XRP/USDT:USDT,2024-07-24 08:00:00+00:00,long_pullback_restart,long,0.6136,0.5896186330143554,0.039083062232145825,True,False,0.023305084745762858,1.6739479677210587,0.7676056338028189,0.8802816901408503,0.02411994784876126,-0.007985658409387253,-0.022001303780964876,0.0312907431551499,-0.03243155149934818,none,,False,False,False,0.8006215830604307,-0.8298109116095104,stop,36.0,False,False,True,0.8006215830604307,-1.2468013194534853,2024,2024-07
LINK,LINK/USDT:USDT,2024-07-25 18:00:00+00:00,short_compression_breakdown,short,12.584,13.142884490801073,0.044412308550625675,False,True,0.03202479338842979,1.362658261608087,0.909722222222223,0.0729166666666632,-0.03629958646040743,-0.07382056377419588,-0.0631328171530674,0.009789760873054165,-0.0744336569579288,stop,8.0,False,False,True,0.21829197626352445,-1.8107498358908776,stop,8.0,False,False,True,0.21829197626352445,-2.3010121432368247,2024,2024-07
LINK,LINK/USDT:USDT,2024-07-25 18:00:00+00:00,short_pullback_restart,short,12.584,13.142884490801073,0.044412308550625675,False,True,0.03202479338842979,1.362658261608087,0.909722222222223,0.0729166666666632,-0.03629958646040743,-0.07382056377419588,-0.0631328171530674,0.009789760873054165,-0.0744336569579288,stop,8.0,False,False,True,0.21829197626352445,-1.8107498358908776,stop,8.0,False,False,True,0.21829197626352445,-2.3010121432368247,2024,2024-07
BTC,BTC/USDT:USDT,2024-07-26 13:00:00+00:00,long_compression_breakout,long,67862.7,66105.6792238542,0.025890817432047363,True,False,0.018840983338417,2.432422764692917,0.7114842505209023,0.8869959553866923,0.0013925175390898659,0.01979290538101197,0.02043979977218724,0.022152080598031088,-0.014691428428282416,none,,False,False,False,0.8555960296028148,-0.5674377978540576,tp1,61.0,True,False,False,1.2625348715944409,-0.7047156281874547,2024,2024-07
BTC,BTC/USDT:USDT,2024-07-26 13:00:00+00:00,long_pullback_restart,long,67862.7,66105.6792238542,0.025890817432047363,True,False,0.018840983338417,2.432422764692917,0.7114842505209023,0.8869959553866923,0.0013925175390898659,0.01979290538101197,0.02043979977218724,0.022152080598031088,-0.014691428428282416,none,,False,False,False,0.8555960296028148,-0.5674377978540576,tp1,61.0,True,False,False,1.2625348715944409,-0.7047156281874547,2024,2024-07
DOGE,DOGE/USDT:USDT,2024-07-26 13:00:00+00:00,long_compression_breakout,long,0.1305,0.1262769253695066,0.032360725137880464,True,False,0.028965517241379354,1.397848717637255,0.4673913043478308,0.8586956521739211,0.023218390804597755,0.052260536398467394,0.01624521072796914,0.05509578544061311,-0.011034482758620623,tp1,6.0,True,False,False,1.7025510153392582,-0.34098379166738885,tp1,6.0,True,False,False,1.9606568020874857,-0.5801460344341022,2024,2024-07
DOGE,DOGE/USDT:USDT,2024-07-26 19:00:00+00:00,long_compression_breakout,long,0.13353,0.12859771367370618,0.03693766439222521,True,False,0.02478843705534342,2.8944630191578447,0.6631299734748024,0.676392572944297,-0.0028458024413990923,0.01924661124840843,-0.031678274545046126,0.039317007414064076,-0.020295064779450422,tp1,19.0,True,False,False,1.0644150912351589,-0.5494409328090119,tp1,19.0,True,False,False,1.0644150912351589,-1.1292937253675965,2024,2024-07
DOGE,DOGE/USDT:USDT,2024-07-26 19:00:00+00:00,long_pullback_restart,long,0.13353,0.12859771367370618,0.03693766439222521,True,False,0.02478843705534342,2.8944630191578447,0.6631299734748024,0.676392572944297,-0.0028458024413990923,0.01924661124840843,-0.031678274545046126,0.039317007414064076,-0.020295064779450422,tp1,19.0,True,False,False,1.0644150912351589,-0.5494409328090119,tp1,19.0,True,False,False,1.0644150912351589,-1.1292937253675965,2024,2024-07
SOL,SOL/USDT:USDT,2024-07-27 07:00:00+00:00,long_compression_breakout,long,185.721,180.65730830712624,0.02726504645610222,True,False,0.021397687929744023,1.7591772732099498,0.4103475513428211,0.7780410742496101,0.008975829335400975,-0.010467313874036988,-0.018430872114623575,0.014101797858077525,-0.04142773299734559,stop,10.0,False,False,True,0.5172115837316426,-1.5194447977209877,stop,10.0,False,False,True,1.6138423299942657,-1.5194447977209877,2024,2024-07
SOL,SOL/USDT:USDT,2024-07-27 07:00:00+00:00,long_pullback_restart,long,185.721,180.65730830712624,0.02726504645610222,True,False,0.021397687929744023,1.7591772732099498,0.4103475513428211,0.7780410742496101,0.008975829335400975,-0.010467313874036988,-0.018430872114623575,0.014101797858077525,-0.04142773299734559,stop,10.0,False,False,True,0.5172115837316426,-1.5194447977209877,stop,10.0,False,False,True,1.6138423299942657,-1.5194447977209877,2024,2024-07
SOL,SOL/USDT:USDT,2024-07-27 08:00:00+00:00,long_compression_breakout,long,187.167,180.64747199947436,0.034832678840424,True,False,0.028087216229356546,1.4970647389152405,0.8790273556230936,0.8905775075987807,-0.010669615904513208,-0.01819765236393167,-0.03323769681621225,0.006267130423632361,-0.04883339477578852,stop,9.0,False,False,True,0.17992100040147513,-1.4019419809629008,stop,9.0,False,False,True,1.031669777238124,-1.4019419809629008,2024,2024-07
SOL,SOL/USDT:USDT,2024-07-27 08:00:00+00:00,long_pullback_restart,long,187.167,180.64747199947436,0.034832678840424,True,False,0.028087216229356546,1.4970647389152405,0.8790273556230936,0.8905775075987807,-0.010669615904513208,-0.01819765236393167,-0.03323769681621225,0.006267130423632361,-0.04883339477578852,stop,9.0,False,False,True,0.17992100040147513,-1.4019419809629008,stop,9.0,False,False,True,1.031669777238124,-1.4019419809629008,2024,2024-07
DOGE,DOGE/USDT:USDT,2024-07-27 09:00:00+00:00,long_compression_breakout,long,0.1355,0.13206204042615227,0.025372395378950093,True,False,0.019778597785977976,1.5618594957241727,0.7151515151515184,0.7636363636363646,-0.007306273062730795,-0.0323985239852399,-0.04686346863468649,0.024206642066420425,-0.05498154981549819,stop,8.0,False,False,True,0.9540542666500953,-2.1669830141900217,stop,8.0,False,False,True,0.9540542666500953,-2.469488025566879,2024,2024-07
DOGE,DOGE/USDT:USDT,2024-07-27 09:00:00+00:00,long_pullback_restart,long,0.1355,0.13206204042615227,0.025372395378950093,True,False,0.019778597785977976,1.5618594957241727,0.7151515151515184,0.7636363636363646,-0.007306273062730795,-0.0323985239852399,-0.04686346863468649,0.024206642066420425,-0.05498154981549819,stop,8.0,False,False,True,0.9540542666500953,-2.1669830141900217,stop,8.0,False,False,True,0.9540542666500953,-2.469488025566879,2024,2024-07
BTC,BTC/USDT:USDT,2024-07-27 12:00:00+00:00,long_pullback_restart,long,68371.0,67522.23937504209,0.01241404433104549,True,False,0.010099311111436136,1.773600810458709,0.6489028213166114,0.7248345524207649,0.0020535022158516547,-0.005990844071316892,-0.025385031665472235,0.014782583258984072,-0.025544455982799752,tp1,1.0,True,False,False,1.1907951079258845,-2.0577061996562414,tp1,1.0,True,True,False,2.0147023197321348,-3.005558840723202,2024,2024-07
ADA,ADA/USDT:USDT,2024-07-27 13:00:00+00:00,long_pullback_restart,long,0.4244,0.41244106963537036,0.028178441009966162,True,False,0.018850141376060336,3.5325795077345736,0.6714285714285683,0.6857142857142889,-0.004005655042412792,-0.03157398680490109,-0.053958529688972634,0.011074458058435432,-0.03746465598491999,stop,7.0,False,False,True,0.39301173739592543,-1.3295503456585633,stop,7.0,False,False,True,0.39301173739592543,-2.2159172427642706,2024,2024-07
BTC,BTC/USDT:USDT,2024-07-27 13:00:00+00:00,long_pullback_restart,long,69205.9,67522.85656253908,0.02431936348578543,True,False,0.012451250543667478,5.388756860815867,0.8332335329341259,0.8402195608782377,-0.01440195127872046,-0.018144406763007215,-0.041161230473124255,0.002540245846091249,-0.037300287981226976,stop,7.0,False,False,True,0.10445363208522965,-1.5337690891058404,stop,7.0,False,False,True,0.519950929680225,-2.0117722006676484,2024,2024-07
DOGE,DOGE/USDT:USDT,2024-07-27 13:00:00+00:00,long_compression_breakout,long,0.13732,0.13259050496176947,0.034441414493377,True,False,0.022210894261578774,1.893022487955224,0.7792207792207754,0.8398268398268363,-0.008884357704631474,-0.047116224876201596,-0.06969123215846196,0.01063210020390315,-0.06750655403437222,stop,4.0,False,False,True,0.3087010321816991,-1.960040115290666,stop,4.0,False,False,True,0.3087010321816991,-2.1799367409543406,2024,2024-07
DOGE,DOGE/USDT:USDT,2024-07-27 13:00:00+00:00,long_pullback_restart,long,0.13732,0.13259050496176947,0.034441414493377,True,False,0.022210894261578774,1.893022487955224,0.7792207792207754,0.8398268398268363,-0.008884357704631474,-0.047116224876201596,-0.06969123215846196,0.01063210020390315,-0.06750655403437222,stop,4.0,False,False,True,0.3087010321816991,-1.960040115290666,stop,4.0,False,False,True,0.3087010321816991,-2.1799367409543406,2024,2024-07
SUI,SUI/USDT:USDT,2024-07-30 14:00:00+00:00,short_compression_breakdown,short,0.725,0.750884693316122,0.03570302526361652,False,True,0.030896551724137897,1.7491927865159407,0.4428571428571413,0.0,0.03232236935782429,0.006804610470767969,0.1035007610350076,0.04557254110181708,-0.014007887936896446,tp1,6.0,True,False,False,1.2207987019231274,-0.39791856423443667,tp1,6.0,True,True,False,2.7120274960444166,-0.39791856423443667,2024,2024-07
SUI,SUI/USDT:USDT,2024-07-30 14:00:00+00:00,short_pullback_restart,short,0.725,0.750884693316122,0.03570302526361652,False,True,0.030896551724137897,1.7491927865159407,0.4428571428571413,0.0,0.03232236935782429,0.006804610470767969,0.1035007610350076,0.04557254110181708,-0.014007887936896446,tp1,6.0,True,False,False,1.2207987019231274,-0.39791856423443667,tp1,6.0,True,True,False,2.7120274960444166,-0.39791856423443667,2024,2024-07
LINK,LINK/USDT:USDT,2024-07-31 16:00:00+00:00,short_compression_breakdown,short,12.998,13.433911428790843,0.03353680787743066,False,True,0.02800430835513162,1.4024970558567658,0.4064171122994654,0.29411764705882015,0.010809549731705337,0.056318569687119124,0.10876055617162828,0.06114784880398383,-0.01125817739236279,tp1,23.0,True,False,False,1.7182389598676464,-0.33951851276423844,tp1,23.0,True,True,False,3.211661607229247,-0.33951851276423844,2024,2024-07
LINK,LINK/USDT:USDT,2024-07-31 16:00:00+00:00,short_pullback_restart,short,12.998,13.433911428790843,0.03353680787743066,False,True,0.02800430835513162,1.4024970558567658,0.4064171122994654,0.29411764705882015,0.010809549731705337,0.056318569687119124,0.10876055617162828,0.06114784880398383,-0.01125817739236279,tp1,23.0,True,False,False,1.7182389598676464,-0.33951851276423844,tp1,23.0,True,True,False,3.211661607229247,-0.33951851276423844,2024,2024-07
BNB,BNB/USDT:USDT,2024-07-31 17:00:00+00:00,long_compression_breakout,long,590.73,581.0356499648251,0.01641079687027055,True,False,0.01308550437594147,1.9440527398143626,0.5543964232488833,0.6110283159463488,-0.023597921216122475,-0.05266365344573665,-0.10644456858463258,0.0012526873529361549,-0.06212652142264663,stop,2.0,False,False,True,0.07633312159298948,-3.7857102195441663,stop,2.0,False,False,True,0.07633312159298948,-6.744134445607555,2024,2024-07
BNB,BNB/USDT:USDT,2024-07-31 17:00:00+00:00,long_pullback_restart,long,590.73,581.0356499648251,0.01641079687027055,True,False,0.01308550437594147,1.9440527398143626,0.5543964232488833,0.6110283159463488,-0.023597921216122475,-0.05266365344573665,-0.10644456858463258,0.0012526873529361549,-0.06212652142264663,stop,2.0,False,False,True,0.07633312159298948,-3.7857102195441663,stop,2.0,False,False,True,0.07633312159298948,-6.744134445607555,2024,2024-07
LINK,LINK/USDT:USDT,2024-07-31 19:00:00+00:00,short_pullback_restart,short,12.909,13.368244828372259,0.035575554138373065,False,True,0.031605856379270235,2.576553608129175,0.5889212827988337,0.30903790087463523,0.0045132674500039105,0.039706829896907214,0.13405956250549078,0.06571452158837632,-0.014053310929504237,tp1,21.0,True,False,False,1.7332802697448646,-0.40065775079529314,tp1,21.0,True,True,False,3.353331175134534,-0.40065775079529314,2024,2024-07
LINK,LINK/USDT:USDT,2024-08-01 04:00:00+00:00,short_compression_breakdown,short,12.679,13.17513003602442,0.039130060416785226,False,True,0.030286300181402347,1.7480165110863752,0.6135265700483016,0.21256038647343153,-0.02371602371602366,-0.005646615951690026,0.08367521367521369,0.04672665731032777,-0.0316199495913847,tp1,14.0,True,False,False,1.1408299415521415,-0.8344586498278898,tp1,14.0,True,True,False,2.708967211035469,-0.8344586498278898,2024,2024-08
LINK,LINK/USDT:USDT,2024-08-01 04:00:00+00:00,short_pullback_restart,short,12.679,13.17513003602442,0.039130060416785226,False,True,0.030286300181402347,1.7480165110863752,0.6135265700483016,0.21256038647343153,-0.02371602371602366,-0.005646615951690026,0.08367521367521369,0.04672665731032777,-0.0316199495913847,tp1,14.0,True,False,False,1.1408299415521415,-0.8344586498278898,tp1,14.0,True,True,False,2.708967211035469,-0.8344586498278898,2024,2024-08
BNB,BNB/USDT:USDT,2024-08-03 15:00:00+00:00,short_pullback_restart,short,532.16,546.438053345051,0.026830376851042986,False,True,0.017908147925435908,1.6193807186166604,0.8629232039636692,0.05450041288191308,0.007707019636804313,0.060227521765983116,0.09091654537627347,0.06219560878243513,-0.0038001460154628575,tp1,23.0,True,True,False,2.1823703306725943,-0.14217624426397815,tp1,23.0,True,True,False,9.445965548710301,-0.14217624426397815,2024,2024-08
DOGE,DOGE/USDT:USDT,2024-08-03 15:00:00+00:00,short_pullback_restart,short,0.11054,0.1149569792475809,0.03995819836783881,False,True,0.030577166636511742,1.8680896187965659,0.8656249999999999,0.04687499999999926,0.024847023919896127,0.07153935633966646,0.13304633046330472,0.07476908118619341,-0.006739149968550628,tp1,3.0,True,False,False,1.7410088589869817,-0.1697993035422935,tp1,3.0,True,True,False,6.821404020972399,-0.1697993035422935,2024,2024-08
TAO,TAO/USDT:USDT,2024-08-03 15:00:00+00:00,short_pullback_restart,short,260.8,273.2467611725531,0.047725311244451944,False,True,0.039110429447852715,1.7580074123789837,0.6843891402714964,0.06561085972850517,0.039375099633349286,0.16496180819225437,-0.008214177061149908,0.1656907880033971,-0.012046367149026516,tp1,4.0,True,True,False,2.978284831378046,-0.2554881511675803,tp1,4.0,True,True,False,7.826935750548937,-0.8194902961978964,2024,2024-08
BNB,BNB/USDT:USDT,2024-08-04 14:00:00+00:00,short_compression_breakdown,short,508.58,532.94550450429,0.04790889241474315,False,True,0.022317039600456216,6.207743077017538,0.9060109289617472,0.07540983606557347,0.0028394526166344303,0.11345126543480166,0.06633958149872088,0.280122832188074,-0.006000195446105749,tp1,10.0,True,True,False,4.567522908479279,-0.12599780150086584,tp1,10.0,True,True,False,4.567522908479279,-0.12599780150086584,2024,2024-08
BNB,BNB/USDT:USDT,2024-08-04 14:00:00+00:00,short_pullback_restart,short,508.58,532.94550450429,0.04790889241474315,False,True,0.022317039600456216,6.207743077017538,0.9060109289617472,0.07540983606557347,0.0028394526166344303,0.11345126543480166,0.06633958149872088,0.280122832188074,-0.006000195446105749,tp1,10.0,True,True,False,4.567522908479279,-0.12599780150086584,tp1,10.0,True,True,False,4.567522908479279,-0.12599780150086584,2024,2024-08
BNB,BNB/USDT:USDT,2024-08-07 14:00:00+00:00,short_pullback_restart,short,476.94,498.7848548971445,0.045802102774236804,False,True,0.025810374470583305,3.691332738983487,0.6115453998797366,0.3096812988574852,0.0036404957808127136,-0.037690165852871216,-0.07580513893733276,0.020410783055198944,-0.03896993632626733,none,,False,False,False,0.43671610751907824,-0.8853343311759899,stop,25.0,False,False,True,0.43671610751907824,-2.050826165288749,2024,2024-08
BTC,BTC/USDT:USDT,2024-08-07 17:00:00+00:00,short_pullback_restart,short,55545.4,57841.28644619228,0.04133351179741758,False,True,0.0374198403468154,1.2523581471504235,0.6259188058351217,0.16951260884315386,0.00803043034032691,-0.06551210140075436,-0.08550684074482617,0.01881151434891537,-0.07176339453573455,stop,19.0,False,False,True,0.4467119886094338,-1.8704322276574612,stop,19.0,False,False,True,0.4467119886094338,-3.132471996569158,2024,2024-08
XRP,XRP/USDT:USDT,2024-08-10 12:00:00+00:00,long_pullback_restart,long,0.6005,0.5761769309198268,0.04050469455482636,True,False,0.027310574521232256,3.292233327107227,0.8646616541353447,0.9022556390977466,-0.012156536219816938,-0.04246461282264791,-0.04179850124895923,0.0021648626144878946,-0.05445462114904254,stop,21.0,False,False,True,0.05344720255963312,-1.3444027105384995,stop,21.0,False,False,True,0.05344720255963312,-2.2817844169690082,2024,2024-08
NEAR,NEAR/USDT:USDT,2024-08-18 23:00:00+00:00,short_pullback_restart,short,3.896,4.071820849958802,0.04512855491755695,False,True,0.023613963039014394,3.0811214998175678,0.7979797979798018,0.10101010101009911,0.004123711340206171,-0.025512756378189172,-0.08221436984687869,0.017232375979112202,-0.027215980024968833,none,,False,False,False,0.37538210067500455,-0.6199492268723574,stop,25.0,False,False,True,0.37538210067500455,-2.29210585715193,2024,2024-08
XRP,XRP/USDT:USDT,2024-08-24 13:00:00+00:00,long_compression_breakout,long,0.6261,0.6031924627165204,0.03658766536252932,True,False,0.018367672895703666,5.271558224661089,0.7888198757764001,0.8136645962732918,-0.01070116594793169,-0.035936751317680815,-0.05334611084491292,0.00798594473726233,-0.05031145184475316,stop,18.0,False,False,True,0.21826877058521216,-1.3750932546868342,stop,18.0,False,False,True,0.21826877058521216,-2.1521300779701904,2024,2024-08
XRP,XRP/USDT:USDT,2024-08-24 13:00:00+00:00,long_pullback_restart,long,0.6261,0.6031924627165204,0.03658766536252932,True,False,0.018367672895703666,5.271558224661089,0.7888198757764001,0.8136645962732918,-0.01070116594793169,-0.035936751317680815,-0.05334611084491292,0.00798594473726233,-0.05031145184475316,stop,18.0,False,False,True,0.21826877058521216,-1.3750932546868342,stop,18.0,False,False,True,0.21826877058521216,-2.1521300779701904,2024,2024-08
ADA,ADA/USDT:USDT,2024-08-30 11:00:00+00:00,short_pullback_restart,short,0.3512,0.3626193515021957,0.03251523776251622,False,True,0.02448747152619589,3.087345396071611,0.8607594936708867,0.07594936708860661,0.025102159953298342,0.009195402298850741,0.052757793764988126,0.0421364985163204,-0.009308885754583884,tp1,4.0,True,False,False,1.2435031881862675,-0.2889831352827217,tp1,4.0,True,True,False,2.3206221469673336,-0.2889831352827217,2024,2024-08
ZEC,ZEC/USDT:USDT,2024-08-31 15:00:00+00:00,short_pullback_restart,short,32.53,33.188846265923026,0.02025349726169765,False,True,0.01598524438979413,1.3843209773200014,0.5405405405405224,0.24324324324324947,-0.0006144393241166446,0.025859350362661626,0.12482710926694329,0.05003227888960615,-0.005198776758409851,tp1,11.0,True,True,False,2.3525973814672767,-0.25802680958028446,tp1,11.0,True,True,False,6.587272668108372,-0.25802680958028446,2024,2024-08
BNB,BNB/USDT:USDT,2024-08-31 16:00:00+00:00,short_pullback_restart,short,533.3,541.8072104901281,0.015952016670032175,False,True,0.013294580911307018,1.643740736908599,0.7106017191977111,0.26074498567334264,-0.0003936196135031489,0.02575445750225991,0.019616090547567966,0.04568627450980389,-0.0027674931747634357,tp1,10.0,True,True,False,2.73885312077766,-0.1739700694742916,tp1,10.0,True,True,False,3.714496077964555,-0.6159480838143773,2024,2024-08
NEAR,NEAR/USDT:USDT,2024-08-31 16:00:00+00:00,short_pullback_restart,short,4.028,4.170227877409623,0.035309800747175595,False,True,0.028798411122144905,1.411395990143202,0.7586206896551829,0.20689655172413107,-0.003217025488740588,0.017685699848408065,0.07786994915707779,0.0349434737923946,-0.010319410319410527,none,,False,False,False,0.956211978108293,-0.29530075794521377,tp1,30.0,True,True,False,2.2639724775799315,-0.3304556100815474,2024,2024-08
NEAR,NEAR/USDT:USDT,2024-08-31 17:00:00+00:00,short_pullback_restart,short,3.997,4.161397314737508,0.04113017631661451,False,True,0.034025519139354546,4.966103182924466,0.4696969696969662,0.36363636363636487,-0.007942417473318475,0.016789620961587426,0.06643543223052295,0.026978417266187105,-0.017936117936118046,none,,False,False,False,0.6386965636735162,-0.44404618236349475,tp1,29.0,True,False,False,1.7701019050380304,-0.4744603044431853,2024,2024-08
ZEC,ZEC/USDT:USDT,2024-08-31 17:00:00+00:00,short_pullback_restart,short,32.12,33.1889337701071,0.033279382630980736,False,True,0.024595267745952654,1.618212394244075,0.686274509803927,0.313725490196073,-0.0015542430836184007,0.04218040233614517,0.1064416121253875,0.048987589810581156,-0.017737003058104106,tp1,21.0,True,False,False,1.4032674819972288,-0.5425967597056015,tp1,21.0,True,True,False,3.6765608028327446,-0.5425967597056015,2024,2024-08
BNB,BNB/USDT:USDT,2024-09-01 00:00:00+00:00,short_pullback_restart,short,530.21,538.3222577246737,0.015300084352753943,False,True,0.012787386130023901,1.8800578257457359,0.6902887139107698,0.230971128608926,0.02104837467262377,0.03131625527610837,0.028196327108422237,0.04577909270216973,-0.0012620554550933916,tp1,5.0,True,True,False,2.8611023943933813,-0.08259106437929536,tp1,5.0,True,True,False,3.514434694707252,-1.0268411437008453,2024,2024-09
ADA,ADA/USDT:USDT,2024-09-01 01:00:00+00:00,short_pullback_restart,short,0.3412,0.3497730846570774,0.025126273907026382,False,True,0.016998827667057362,1.2366115550409946,0.8823529411764821,0.058823529411758946,-0.00871586287042414,0.02524038461538458,0.08593252705283261,0.04502297090352214,-0.010440835266821269,tp1,21.0,True,False,False,1.714668708871852,-0.41991886747882023,tp1,21.0,True,True,False,4.280839565686873,-0.41991886747882023,2024,2024-09
SOL,SOL/USDT:USDT,2024-09-01 01:00:00+00:00,short_compression_breakdown,short,133.587,137.27244130992793,0.027588323039876177,False,True,0.019799830821861486,1.8102044023826391,0.8431085043988413,0.08944281524926365,0.006380894982672691,0.030080347917276873,0.054040619230222964,0.04692006269592475,-0.018702298487508706,tp1,21.0,True,False,False,1.6245001606380374,-0.6908263586077301,tp1,21.0,True,True,False,3.1439925440642957,-1.061745302919102,2024,2024-09
SOL,SOL/USDT:USDT,2024-09-01 01:00:00+00:00,short_pullback_restart,short,133.587,137.27244130992793,0.027588323039876177,False,True,0.019799830821861486,1.8102044023826391,0.8431085043988413,0.08944281524926365,0.006380894982672691,0.030080347917276873,0.054040619230222964,0.04692006269592475,-0.018702298487508706,tp1,21.0,True,False,False,1.6245001606380374,-0.6908263586077301,tp1,21.0,True,True,False,3.1439925440642957,-1.061745302919102,2024,2024-09
NEAR,NEAR/USDT:USDT,2024-09-01 05:00:00+00:00,short_compression_breakdown,short,3.946,4.0781824817705425,0.03349784130018813,False,True,0.03041054232133809,1.5715277707659079,0.6153846153846164,0.2769230769230808,-0.012265331664580659,0.001777100787001773,0.07549741073862082,0.037056504599211504,-0.031180947704394835,tp1,17.0,True,False,False,1.0667071620334994,-0.9607929757323024,tp1,17.0,True,True,False,3.003423711541131,-0.9759235737753291,2024,2024-09
NEAR,NEAR/USDT:USDT,2024-09-01 05:00:00+00:00,short_pullback_restart,short,3.946,4.0781824817705425,0.03349784130018813,False,True,0.03041054232133809,1.5715277707659079,0.6153846153846164,0.2769230769230808,-0.012265331664580659,0.001777100787001773,0.07549741073862082,0.037056504599211504,-0.031180947704394835,tp1,17.0,True,False,False,1.0667071620334994,-0.9607929757323024,tp1,17.0,True,True,False,3.003423711541131,-0.9759235737753291,2024,2024-09
ZEC,ZEC/USDT:USDT,2024-09-01 13:00:00+00:00,short_compression_breakdown,short,31.36,32.58627287936186,0.03910308926536536,False,True,0.030293367346938868,1.782711694098694,0.5500000000000012,0.37500000000000056,0.01390236016812163,0.0888888888888888,0.07103825136612008,0.09996492458786377,-0.01383647798742138,tp1,9.0,True,True,False,2.324115658076948,-0.35881083843995115,tp1,9.0,True,True,False,3.376083798048622,-0.35881083843995115,2024,2024-09
ZEC,ZEC/USDT:USDT,2024-09-01 13:00:00+00:00,short_pullback_restart,short,31.36,32.58627287936186,0.03910308926536536,False,True,0.030293367346938868,1.782711694098694,0.5500000000000012,0.37500000000000056,0.01390236016812163,0.0888888888888888,0.07103825136612008,0.09996492458786377,-0.01383647798742138,tp1,9.0,True,True,False,2.324115658076948,-0.35881083843995115,tp1,9.0,True,True,False,3.376083798048622,-0.35881083843995115,2024,2024-09
DOGE,DOGE/USDT:USDT,2024-09-03 13:00:00+00:00,short_pullback_restart,short,0.09829,0.10090197225447857,0.026574140344679694,False,True,0.02228100518872721,2.9726771939827143,0.7801724137930992,0.08620689655172652,0.006141877367181969,0.027171073257393763,0.03061759463143554,0.0699978227737863,-0.0028406208785635156,tp1,12.0,True,True,False,2.4617413102206314,-0.1071986884699506,tp1,12.0,True,True,False,2.4617413102206314,-0.46707999976192305,2024,2024-09
ZEC,ZEC/USDT:USDT,2024-09-03 13:00:00+00:00,short_pullback_restart,short,29.27,30.435896973286354,0.03983248969205175,False,True,0.024940211820977123,1.3298149063530846,0.6065573770491826,0.16393442622950485,0.0010259917920656392,-0.0003415300546448785,0.0872956909361069,0.07531227038941957,-0.011148648648648729,tp1,12.0,True,False,False,1.7583028749286431,-0.2830438774275391,tp1,12.0,True,True,False,2.1957343218621084,-0.6089731908289452,2024,2024-09
BNB,BNB/USDT:USDT,2024-09-03 14:00:00+00:00,short_pullback_restart,short,523.15,539.3935001193981,0.031049412442699348,False,True,0.0218675332122717,3.0349488031409955,0.8366477272727296,0.16335227272727035,-0.002554862819119541,0.024859930258982033,0.052721601770801874,0.055759606070390655,-0.005871845545758703,tp1,11.0,True,False,False,1.7009880750395632,-0.1902299367308109,tp1,11.0,True,False,False,1.7434666046008116,-0.1902299367308109,2024,2024-09
DOGE,DOGE/USDT:USDT,2024-09-03 14:00:00+00:00,short_pullback_restart,short,0.09735,0.10092354566487295,0.03670822460064659,False,True,0.027221366204417046,2.8720235576905755,0.8103448275861981,0.18965517241380198,-0.0062270314414046846,0.0009253547193091016,0.032124681933842325,0.05976485956890931,-0.012376990970883628,tp1,11.0,True,False,False,1.5362893089531013,-0.3413976242117994,tp1,11.0,True,False,False,1.5362893089531013,-0.604441695325808,2024,2024-09
BTC,BTC/USDT:USDT,2024-09-05 03:00:00+00:00,short_pullback_restart,short,57104.1,58586.8670366481,0.025966034604312186,False,True,0.020621986862589526,2.249412361312804,0.7069929201341515,0.29151658179107875,0.005920589064261517,0.009732342888263856,0.05025794763800895,0.027052158273381366,-0.0034188481675393456,tp1,18.0,True,False,False,1.0143872657164807,-0.13211785476621252,tp1,18.0,True,True,False,3.097789394066559,-0.13211785476621252,2024,2024-09
DOGE,DOGE/USDT:USDT,2024-09-05 03:00:00+00:00,short_pullback_restart,short,0.09624,0.09970210890468846,0.03597370017340455,False,True,0.027639235245220235,1.2030708633879617,0.7256637168141443,0.2566371681416026,-0.00906095551894559,-0.025417721518987357,0.0010401497815686334,0.0018738288569644101,-0.03179074446680075,none,,False,False,False,0.051991432088181896,-0.912738474436972,tp1,37.0,True,True,False,2.1316487156154658,-0.912738474436972,2024,2024-09
LINK,LINK/USDT:USDT,2024-09-05 03:00:00+00:00,short_pullback_restart,short,10.159,10.51568315640739,0.03511006559773488,False,True,0.026478984151983475,1.3472815811480476,0.8911564625850328,0.10884353741496722,-0.004117243407509075,0.005941182295276848,0.0018737672583826193,0.025747172859450718,-0.013689320388349469,none,,False,False,False,0.7149202181802787,-0.39530882652321175,tp1,35.0,True,True,False,2.4755864809928814,-0.39530882652321175,2024,2024-09
XRP,XRP/USDT:USDT,2024-09-05 03:00:00+00:00,short_pullback_restart,short,0.5526,0.5652785494402744,0.02294344813658065,False,True,0.01628664495114008,1.6048406153274446,0.644067796610172,0.30508474576271505,0.006924198250728875,0.013201320132013139,0.04718590108015919,0.024851632047477645,-0.004682997118155674,tp1,13.0,True,False,False,1.0569032414255335,-0.205070778187048,tp1,13.0,True,True,False,3.983105499402206,-0.205070778187048,2024,2024-09
TAO,TAO/USDT:USDT,2024-09-05 06:00:00+00:00,short_pullback_restart,short,249.66,260.07348593260247,0.04171067024193892,False,True,0.03612913562444918,1.262195681169363,0.4826989619377148,0.3564013840830453,0.01380654592706887,0.04609067292382463,0.04203013481364004,0.057657276000847135,-0.014331398791898597,tp1,10.0,True,False,False,1.3069590805697342,-0.3485864410336616,tp1,10.0,True,True,False,2.879919384738162,-0.3485864410336616,2024,2024-09
LINK,LINK/USDT:USDT,2024-09-05 14:00:00+00:00,short_pullback_restart,short,10.025,10.393803224523019,0.03678835157336844,False,True,0.02653366583541147,3.1651466031690756,0.6573705179282803,0.13545816733067942,0.004811065450536223,0.03137860082304522,-0.01677128285602192,0.040801495016611344,-0.014742014742014753,tp1,24.0,True,False,False,1.0656089043372012,-0.40672095585389384,tp1,24.0,True,True,False,2.03089330623044,-0.9354581984639505,2024,2024-09
TAO,TAO/USDT:USDT,2024-09-05 15:00:00+00:00,short_pullback_restart,short,242.69,254.64486352927446,0.04925981099045887,False,True,0.0372079607730026,2.198218495432705,0.5056818181818211,0.26704545454545386,0.016332342225386265,0.016758138170849257,0.023274444491293123,0.043648404575556965,-0.029201168046721904,none,,False,False,False,0.8490268395908662,-0.6106301407894906,tp1,27.0,True,False,False,1.925576142599186,-0.6106301407894906,2024,2024-09
XRP,XRP/USDT:USDT,2024-09-05 15:00:00+00:00,short_pullback_restart,short,0.546,0.557439798545527,0.02095201198814471,False,True,0.01666666666666666,2.865569004159444,0.6909090909090817,0.14545454545455097,0.004230274048188543,0.03802281368821303,0.04557640750670244,0.046377922575699504,-0.003285870755750153,tp1,16.0,True,True,False,2.1154218672375356,-0.15734542814162727,tp1,16.0,True,True,False,3.8374801641209886,-0.15734542814162727,2024,2024-09
LINK,LINK/USDT:USDT,2024-09-18 09:00:00+00:00,short_pullback_restart,short,10.406,10.721101862967364,0.0302807863701099,False,True,0.019219680953296278,2.0668062773705698,0.9384615384615319,0.01538461538462043,0.008528784648187626,-0.07072691552062871,-0.08534763118572564,0.012355287479326904,-0.07345739471106749,stop,9.0,False,False,True,0.4030442689358348,-2.618200959622533,stop,9.0,False,False,True,0.4030442689358348,-4.214510150762091,2024,2024-09
BNB,BNB/USDT:USDT,2024-09-21 05:00:00+00:00,long_pullback_restart,long,574.06,563.4281470893186,0.01852045589429911,True,False,0.01539908720342827,1.9288780127040195,0.7948243992606248,0.9001848428835341,0.011218339546388956,0.016182977389123332,0.050168971884472224,0.02916071490784944,-0.0006793714942688878,tp1,3.0,True,False,False,1.5745138820705544,-0.03668222305899011,tp1,3.0,True,True,False,4.009649151294377,-0.03668222305899011,2024,2024-09
NEAR,NEAR/USDT:USDT,2024-09-21 12:00:00+00:00,long_pullback_restart,long,4.436,4.273039769548576,0.0367358499665068,True,False,0.0281785392245266,1.2911085663242812,0.6607142857142837,0.9464285714285694,0.018259693417493228,0.00315599639314712,0.16749323715058617,0.057709648331830454,-0.004283137962128092,tp1,10.0,True,False,False,1.5709354318586934,-0.1165928640832631,tp1,10.0,True,True,False,5.6516856747728745,-0.3436421257190892,2024,2024-09
XRP,XRP/USDT:USDT,2024-09-21 13:00:00+00:00,long_pullback_restart,long,0.5859,0.5791212894994796,0.011569739717563353,True,False,0.009387267451783685,1.2519657774935844,0.3600000000000124,0.6799999999999841,0.0238948626045401,0.0029015190305512473,0.004949650110940507,0.045912271718723474,-0.004096262160778186,tp1,3.0,True,True,False,3.968306361207645,-0.35404963817465307,tp1,3.0,True,True,False,3.968306361207645,-1.3129340748976976,2024,2024-09
LINK,LINK/USDT:USDT,2024-09-21 14:00:00+00:00,long_pullback_restart,long,11.469,11.186147964420218,0.024662310190930424,True,False,0.020664399686110394,1.2222261482247692,0.7692307692307587,0.826923076923069,-0.011073328101839697,-0.037056412939227346,-0.0005231493591421055,0.006364983869561414,-0.038713052576510476,stop,20.0,False,False,True,0.25808546808004174,-1.5697253127059954,stop,20.0,False,False,True,0.5479896924987198,-2.227312943704454,2024,2024-09
XRP,XRP/USDT:USDT,2024-09-21 16:00:00+00:00,long_pullback_restart,long,0.6044,0.5791334085387597,0.04180442002190656,True,False,0.012739907346128457,5.749026456507491,0.9625668449197844,0.9839572192513387,-0.010258107213765855,-0.023328921244209155,-0.03060886829913978,0.013898080741231,-0.0347452018530775,none,,False,False,False,0.33245481539865807,-0.8311370384966495,stop,30.0,False,False,True,0.33245481539865807,-1.0844359454670596,2024,2024-09
BNB,BNB/USDT:USDT,2024-09-23 16:00:00+00:00,long_compression_breakout,long,607.02,587.0534054650971,0.03289281166172931,True,False,0.022865803433165292,3.8361504860935502,0.7613219094247211,0.7760097919216616,-0.0005765872623637591,-0.00041184804454552637,-0.0007578004019637152,0.01593028236301941,-0.014019307436328288,none,,False,False,False,0.4843089282499464,-0.4262118903213039,stop,49.0,False,False,True,0.4843089282499464,-1.2956641131154107,2024,2024-09
BNB,BNB/USDT:USDT,2024-09-23 16:00:00+00:00,long_pullback_restart,long,607.02,587.0534054650971,0.03289281166172931,True,False,0.022865803433165292,3.8361504860935502,0.7613219094247211,0.7760097919216616,-0.0005765872623637591,-0.00041184804454552637,-0.0007578004019637152,0.01593028236301941,-0.014019307436328288,none,,False,False,False,0.4843089282499464,-0.4262118903213039,stop,49.0,False,False,True,0.4843089282499464,-1.2956641131154107,2024,2024-09
LINK,LINK/USDT:USDT,2024-09-25 14:00:00+00:00,long_compression_breakout,long,12.42,12.045995777779797,0.030113061370386673,True,False,0.026247987117552378,1.2692251432330959,0.5744680851063795,0.879432624113479,-0.018115942028985477,-0.0020933977455716013,0.03510466988727856,0.010789049919484706,-0.04396135265700474,stop,10.0,False,False,True,0.3582847252486502,-1.4598765670579275,stop,10.0,False,False,True,1.2299326389132759,-1.4598765670579275,2024,2024-09
LINK,LINK/USDT:USDT,2024-09-25 14:00:00+00:00,long_pullback_restart,long,12.42,12.045995777779797,0.030113061370386673,True,False,0.026247987117552378,1.2692251432330959,0.5744680851063795,0.879432624113479,-0.018115942028985477,-0.0020933977455716013,0.03510466988727856,0.010789049919484706,-0.04396135265700474,stop,10.0,False,False,True,0.3582847252486502,-1.4598765670579275,stop,10.0,False,False,True,1.2299326389132759,-1.4598765670579275,2024,2024-09
ADA,ADA/USDT:USDT,2024-09-27 01:00:00+00:00,long_compression_breakout,long,0.4072,0.39367953447343623,0.03320350080197391,True,False,0.02357563850687622,1.3934041587620507,0.6031746031746046,0.8412698412698418,0.0014734774066798018,-0.01055992141453832,-0.046414538310412645,0.02062868369351678,-0.01989194499017677,none,,False,False,False,0.6212803829495713,-0.5990917978442278,stop,32.0,False,False,True,0.6212803829495713,-1.4200694467418737,2024,2024-09
ADA,ADA/USDT:USDT,2024-09-27 01:00:00+00:00,long_pullback_restart,long,0.4072,0.39367953447343623,0.03320350080197391,True,False,0.02357563850687622,1.3934041587620507,0.6031746031746046,0.8412698412698418,0.0014734774066798018,-0.01055992141453832,-0.046414538310412645,0.02062868369351678,-0.01989194499017677,none,,False,False,False,0.6212803829495713,-0.5990917978442278,stop,32.0,False,False,True,0.6212803829495713,-1.4200694467418737,2024,2024-09
BTC,BTC/USDT:USDT,2024-09-27 14:00:00+00:00,long_pullback_restart,long,66203.1,64706.9169963517,0.022599893413575916,True,False,0.017825449261439506,4.560380747647354,0.6122471416007093,0.728562005277053,-0.0065404792222720776,-0.007751902856512949,-0.03744839743154027,0.002805004599482519,-0.01261270242632151,none,,False,False,False,0.12411583312147265,-0.5580868102123435,stop,59.0,False,False,True,0.12411583312147265,-1.9924701675736598,2024,2024-09
ETH,ETH/USDT:USDT,2024-09-27 16:00:00+00:00,long_pullback_restart,long,2716.62,2631.025221774837,0.03150782156693348,True,False,0.023374634656300845,2.9830772289443934,0.6802210817212818,0.7820765890248718,-0.004457745286421955,-0.019373338928521555,-0.04174304834684284,0.001119037627640207,-0.025141536173627466,none,,False,False,False,0.03551618525143016,-0.7979458725897037,stop,56.0,False,False,True,0.03551618525143016,-1.5002083382026963,2024,2024-09
XRP,XRP/USDT:USDT,2024-09-28 07:00:00+00:00,long_pullback_restart,long,0.6075,0.5830694774200501,0.04021485198345667,True,False,0.015308641975308599,8.499667340786203,0.8119999999999987,0.8200000000000022,0.021234567901234458,0.034403292181069745,0.03390946502057601,0.04164609053497936,-0.01958847736625513,tp1,24.0,True,False,False,1.035589800308391,-0.48709559777351313,tp1,24.0,True,True,False,2.3986388260107403,-0.48709559777351313,2024,2024-09
ZEC,ZEC/USDT:USDT,2024-09-30 15:00:00+00:00,short_compression_breakdown,short,27.89,29.075918415391758,0.042521276995043294,False,True,0.03226963069200438,1.708984528030182,0.7741935483870962,0.11290322580645189,-0.008179231863442382,0.0028766630708378926,0.10674603174603181,0.04613653413353336,-0.024484085344526063,tp1,24.0,True,False,False,1.0371708407898204,-0.5902598280917668,tp1,24.0,True,True,False,2.985028273492652,-0.5902598280917668,2024,2024-09
ZEC,ZEC/USDT:USDT,2024-09-30 15:00:00+00:00,short_pullback_restart,short,27.89,29.075918415391758,0.042521276995043294,False,True,0.03226963069200438,1.708984528030182,0.7741935483870962,0.11290322580645189,-0.008179231863442382,0.0028766630708378926,0.10674603174603181,0.04613653413353336,-0.024484085344526063,tp1,24.0,True,False,False,1.0371708407898204,-0.5902598280917668,tp1,24.0,True,True,False,2.985028273492652,-0.5902598280917668,2024,2024-09
XRP,XRP/USDT:USDT,2024-10-01 07:00:00+00:00,long_pullback_restart,long,0.6281,0.6070345580396588,0.03353835688638945,True,False,0.026906543544021694,1.4703907546788768,0.5747126436781588,0.8965517241379302,-0.01608024199968161,-0.04457888871198856,-0.16637478108581438,0.009711829326540355,-0.08167489253303617,stop,7.0,False,False,True,0.2895737963382938,-2.4352681560908995,stop,7.0,False,False,True,0.2895737963382938,-5.767740369688968,2024,2024-10
TAO,TAO/USDT:USDT,2024-10-06 14:00:00+00:00,long_pullback_restart,long,571.93,545.9659499353364,0.04539725152494803,True,False,0.03815152203941051,3.0232571075786985,0.7718353212774121,0.8434013081954579,0.009441714895179532,0.10191806689629868,0.015718706834752627,0.18542478974699717,-0.027800604969139497,tp1,8.0,True,True,False,4.084493741765337,-0.6123852003212515,tp1,8.0,True,True,False,4.084493741765337,-0.6123852003212515,2024,2024-10
BNB,BNB/USDT:USDT,2024-10-06 23:00:00+00:00,long_pullback_restart,long,570.26,560.8910025492195,0.016429343546418323,True,False,0.013607828008276911,3.266051998633622,0.6556016597510239,0.6701244813277977,0.006014800266545217,-0.010398765475397087,0.00015782274751874326,0.020499421316592548,-0.012169887419773318,tp1,15.0,True,False,False,1.2477322212342137,-0.7407409422895919,tp1,15.0,True,False,False,1.765397000788174,-1.1975667683702178,2024,2024-10
SOL,SOL/USDT:USDT,2024-10-07 00:00:00+00:00,long_compression_breakout,long,149.167,143.66707510499035,0.03687092248962341,True,False,0.019146325929997886,3.6222196334123073,0.7695301640255814,0.9360578259660853,0.0015821193695655378,-0.029544068057948514,-0.07199983910650487,0.020869227107872312,-0.03897644921463861,stop,23.0,False,False,True,0.5660077290918232,-1.0571053443430314,stop,23.0,False,False,True,0.5660077290918232,-2.113301585362755,2024,2024-10
ADA,ADA/USDT:USDT,2024-10-09 12:00:00+00:00,short_compression_breakdown,short,0.3398,0.3483948324388195,0.02529379764219992,False,True,0.020600353148911142,2.7106817635317357,0.583333333333342,0.3541666666666645,0.0020642878207017823,0.012514898688915421,-0.0414668547249647,0.018585131894484297,-0.012209302325581373,none,,False,False,False,0.7213636849971596,-0.48866572209484926,tp1,30.0,True,False,False,1.0122361386250478,-1.9430279902342893,2024,2024-10
ADA,ADA/USDT:USDT,2024-10-09 12:00:00+00:00,short_pullback_restart,short,0.3398,0.3483948324388195,0.02529379764219992,False,True,0.020600353148911142,2.7106817635317357,0.583333333333342,0.3541666666666645,0.0020642878207017823,0.012514898688915421,-0.0414668547249647,0.018585131894484297,-0.012209302325581373,none,,False,False,False,0.7213636849971596,-0.48866572209484926,tp1,30.0,True,False,False,1.0122361386250478,-1.9430279902342893,2024,2024-10
TRX,TRX/USDT:USDT,2024-10-09 14:00:00+00:00,long_compression_breakout,long,0.16129,0.15941158770453456,0.011646179524244689,True,False,0.0076260152520305595,2.336167113077153,0.7752808988763985,0.8089887640449404,-0.007440014880029655,-0.009548019096038085,0.010478020956042,0.00489800979601962,-0.01407402814805625,stop,10.0,False,False,True,0.420567945550138,-1.2084673878465761,stop,10.0,False,False,True,1.4693259869852748,-1.751479165645476,2024,2024-10
ADA,ADA/USDT:USDT,2024-10-09 20:00:00+00:00,short_pullback_restart,short,0.3344,0.3454475904023999,0.03303705263875581,False,True,0.023325358851674565,2.461356188084318,0.9272727272727354,0.07272727272726465,-0.01849134135603181,-0.008597687518529518,-0.051616562677254785,0.009966777408637828,-0.021363769388352494,none,,False,False,False,0.29870767106672313,-0.6607775753900326,stop,35.0,False,False,True,0.29870767106672313,-2.018539716602424,2024,2024-10
LINK,LINK/USDT:USDT,2024-10-09 20:00:00+00:00,short_compression_breakdown,short,10.423,10.829005663602123,0.03895286036670085,False,True,0.02552048354600403,1.9920870179816155,0.9301075268817209,0.06989247311827905,-0.01734703497690193,-0.005154147179536106,-0.056315074694431866,0.01757297666699209,-0.029063809967396326,none,,False,False,False,0.4433435691586705,-0.7684621865416952,stop,43.0,False,False,True,0.4433435691586705,-1.7758372964633442,2024,2024-10
LINK,LINK/USDT:USDT,2024-10-09 20:00:00+00:00,short_pullback_restart,short,10.423,10.829005663602123,0.03895286036670085,False,True,0.02552048354600403,1.9920870179816155,0.9301075268817209,0.06989247311827905,-0.01734703497690193,-0.005154147179536106,-0.056315074694431866,0.01757297666699209,-0.029063809967396326,none,,False,False,False,0.4433435691586705,-0.7684621865416952,stop,43.0,False,False,True,0.4433435691586705,-1.7758372964633442,2024,2024-10
XRP,XRP/USDT:USDT,2024-10-09 20:00:00+00:00,short_pullback_restart,short,0.5224,0.5348679297363625,0.02386663425796817,False,True,0.016079632465543576,3.365364269418971,0.8172043010752765,0.1505376344085979,-0.009855951478392688,-0.015082956259426905,-0.02881576501208416,0.0034575489819439476,-0.04111600587371511,stop,16.0,False,False,True,0.14437039974249655,-1.7966094190177089,stop,16.0,False,False,True,0.14437039974249655,-1.7966094190177089,2024,2024-10
DOGE,DOGE/USDT:USDT,2024-10-12 10:00:00+00:00,long_compression_breakout,long,0.1117,0.10914921644856472,0.022836021051345332,True,False,0.020232766338406556,1.802024383621996,0.3697478991596615,0.6134453781512577,-0.00438675022381374,-0.0056401074306176024,0.036705461056401045,0.0035810205908684,-0.012085944494180767,none,,False,False,False,0.1568145598927591,-0.529249139638043,stop,29.0,False,False,True,2.9794766379623416,-1.215312839168845,2024,2024-10
DOGE,DOGE/USDT:USDT,2024-10-12 10:00:00+00:00,long_pullback_restart,long,0.1117,0.10914921644856472,0.022836021051345332,True,False,0.020232766338406556,1.802024383621996,0.3697478991596615,0.6134453781512577,-0.00438675022381374,-0.0056401074306176024,0.036705461056401045,0.0035810205908684,-0.012085944494180767,none,,False,False,False,0.1568145598927591,-0.529249139638043,stop,29.0,False,False,True,2.9794766379623416,-1.215312839168845,2024,2024-10
LINK,LINK/USDT:USDT,2024-10-13 14:00:00+00:00,short_pullback_restart,short,10.724,11.093517643889056,0.03445707235071391,False,True,0.018929503916449195,3.085972454800809,0.9302325581395324,0.06976744186046752,0.0001865323633651883,-0.038464986999013795,-0.03992837958818263,0.011698113207547323,-0.044972838186837616,stop,23.0,False,False,True,0.3355726094563169,-1.366646514318056,stop,23.0,False,False,True,0.3355726094563169,-2.63857495338635,2024,2024-10
BTC,BTC/USDT:USDT,2024-10-15 13:00:00+00:00,long_pullback_restart,long,67646.7,65122.404957627165,0.03731586378009323,True,False,0.011719714339354257,6.22792278453567,0.9224163458691159,0.9380613957161188,-0.010489794771954775,-0.004239674662622206,0.007794910912136244,0.011135798198581792,-0.04250022543597842,stop,1.0,False,False,True,0.2984199498692127,-1.1389318410646267,stop,1.0,False,False,True,0.2984199498692127,-1.1389318410646267,2024,2024-10
ZEC,ZEC/USDT:USDT,2024-10-18 12:00:00+00:00,long_compression_breakout,long,36.72,35.35512510355584,0.03716979565479729,True,False,0.025871459694989184,2.893232754655615,0.8032786885245942,0.8688524590163961,-0.01552287581699352,-0.03730936819172104,0.026960784313725616,0.023965141612200425,-0.04030501089324612,stop,14.0,False,False,True,0.6447477364354964,-1.0843484658233296,stop,14.0,False,False,True,2.227310362231708,-1.0843484658233296,2024,2024-10
ZEC,ZEC/USDT:USDT,2024-10-18 12:00:00+00:00,long_pullback_restart,long,36.72,35.35512510355584,0.03716979565479729,True,False,0.025871459694989184,2.893232754655615,0.8032786885245942,0.8688524590163961,-0.01552287581699352,-0.03730936819172104,0.026960784313725616,0.023965141612200425,-0.04030501089324612,stop,14.0,False,False,True,0.6447477364354964,-1.0843484658233296,stop,14.0,False,False,True,2.227310362231708,-1.0843484658233296,2024,2024-10
BTC,BTC/USDT:USDT,2024-10-18 15:00:00+00:00,long_pullback_restart,long,68710.0,67416.86897860172,0.018820128385944983,True,False,0.016007859118032226,2.5352338960188403,0.5052871319342888,0.7385716609728358,-0.004556833066511556,-0.0073220783001020084,-0.019730752437781995,0.004220637461795906,-0.009714743123271696,none,,False,False,False,0.22426188468235736,-0.5161889931912881,stop,70.0,False,False,True,0.6619592182348204,-1.4260735915266778,2024,2024-10
SOL,SOL/USDT:USDT,2024-10-18 16:00:00+00:00,long_pullback_restart,long,155.65,151.56951780414352,0.02621575455095721,True,False,0.02171538708641179,1.7980935458773806,0.3891050583657598,0.8287937743190665,-0.009123032444587342,0.0023771281721811643,0.05769354320591069,0.011692900738837109,-0.013748795374237122,none,,False,False,False,0.4460257177076046,-0.5244478219199362,tp1,31.0,True,True,False,3.9897245518021043,-0.5244478219199362,2024,2024-10
ETH,ETH/USDT:USDT,2024-10-20 14:00:00+00:00,long_pullback_restart,long,2710.0,2632.521054849512,0.028590016660696684,True,False,0.00983763837638371,16.441493680961273,0.8308575286968262,0.8311951384199858,0.0003653136531365231,-0.013822878228782254,-0.05423985239852391,0.022140221402213944,-0.01881180811808114,none,,False,False,False,0.7744039349459584,-0.6579852100590828,stop,34.0,False,False,True,0.7744039349459584,-2.0005434986103925,2024,2024-10
XRP,XRP/USDT:USDT,2024-10-23 07:00:00+00:00,short_compression_breakdown,short,0.5264,0.5368170001879942,0.019789134095733636,False,True,0.015577507598784167,1.9925731110982896,0.714285714285724,0.22448979591836457,-0.003219087294073164,-0.004914933837429247,0.024124513618676957,0.029532564052415333,-0.013308341143392632,tp1,9.0,True,False,False,1.4495535881244461,-0.6815781771975867,tp1,9.0,True,True,False,3.8974752104538055,-0.7007775624707561,2024,2024-10
XRP,XRP/USDT:USDT,2024-10-23 07:00:00+00:00,short_pullback_restart,short,0.5264,0.5368170001879942,0.019789134095733636,False,True,0.015577507598784167,1.9925731110982896,0.714285714285724,0.22448979591836457,-0.003219087294073164,-0.004914933837429247,0.024124513618676957,0.029532564052415333,-0.013308341143392632,tp1,9.0,True,False,False,1.4495535881244461,-0.6815781771975867,tp1,9.0,True,True,False,3.8974752104538055,-0.7007775624707561,2024,2024-10
SOL,SOL/USDT:USDT,2024-10-23 18:00:00+00:00,long_pullback_restart,long,169.7,163.68832537653637,0.03542530715064007,True,False,0.031820860341779646,3.0068351719942537,0.6122807017543808,0.8947368421052595,0.018503241013553495,0.03806717737183263,0.0008249852681203595,0.04472598703594577,-0.004890984089569783,tp1,19.0,True,False,False,1.2625433802382062,-0.13806469111959033,tp1,19.0,True,False,False,1.5968928129495128,-1.7599089542714355,2024,2024-10
LINK,LINK/USDT:USDT,2024-10-25 00:00:00+00:00,long_compression_breakout,long,11.699,11.338391248421882,0.030823895339611763,True,False,0.02419010171809552,1.4576697579668643,0.8736842105263118,0.9473684210526238,0.010257286947602529,-0.043337037353619934,-0.06444995298743483,0.0336780921446278,-0.07744251645439781,tp1,3.0,True,False,False,1.0925968886660495,-2.512418226221932,tp1,3.0,True,False,False,1.0925968886660495,-2.512418226221932,2024,2024-10
TRX,TRX/USDT:USDT,2024-10-27 00:00:00+00:00,long_pullback_restart,long,0.16592,0.16371174814452774,0.013309136062393145,True,False,0.009221311475409857,2.1552088881810763,0.939024390243942,0.9512195121951401,-0.0007835101253617083,-0.013440212150434006,0.0033751205400192053,0.0025313404050142374,-0.013440212150434006,stop,24.0,False,False,True,0.19019569663631147,-1.0098485797595256,stop,24.0,False,False,True,0.6249287175193414,-1.2860851867789458,2024,2024-10
SOL,SOL/USDT:USDT,2024-10-27 08:00:00+00:00,long_compression_breakout,long,175.17,169.88793923677176,0.03015391198965708,True,False,0.018382143061026427,2.072670489961886,0.8445378151260482,0.8781512605041929,0.006679225894845153,0.00901980932808133,0.015756122623737046,0.017411657247245582,-0.012045441571045146,none,,False,False,False,0.5774261479975756,-0.3994653023852038,tp1,42.0,True,False,False,1.5467447964394048,-0.5414553387780497,2024,2024-10
SOL,SOL/USDT:USDT,2024-10-27 08:00:00+00:00,long_pullback_restart,long,175.17,169.88793923677176,0.03015391198965708,True,False,0.018382143061026427,2.072670489961886,0.8445378151260482,0.8781512605041929,0.006679225894845153,0.00901980932808133,0.015756122623737046,0.017411657247245582,-0.012045441571045146,none,,False,False,False,0.5774261479975756,-0.3994653023852038,tp1,42.0,True,False,False,1.5467447964394048,-0.5414553387780497,2024,2024-10
BTC,BTC/USDT:USDT,2024-10-27 12:00:00+00:00,long_pullback_restart,long,67373.5,66870.4007369681,0.007467316719955089,True,False,0.005755972303650588,2.834054884319544,0.6839859437751103,0.6990461847389661,0.0024208331168784625,0.02237526623969366,0.06692542320051653,0.024825784618581537,-0.00012467810044003436,tp1,5.0,True,True,False,3.3245924271886094,-0.016696506270695247,tp1,5.0,True,True,False,12.495546032237906,-0.016696506270695247,2024,2024-10
DOGE,DOGE/USDT:USDT,2024-10-28 12:00:00+00:00,long_pullback_restart,long,0.14763,0.1406600238306622,0.047212464738452954,True,False,0.039829302987197696,1.5904553278967422,0.7309090909090945,0.9345454545454598,0.03684887895414213,0.12233285917496439,0.15952042267831734,0.14583756689019833,-0.010973379394432103,tp1,7.0,True,True,False,3.0889632155005593,-0.23242547185838083,tp1,7.0,True,True,False,4.606902408254667,-0.23242547185838083,2024,2024-10
BTC,BTC/USDT:USDT,2024-10-29 15:00:00+00:00,long_compression_breakout,long,72374.9,70709.9949061774,0.023003901819865717,True,False,0.016255635586370415,2.887332714370729,0.6135888501742025,0.8663182346109107,-0.00103488916737704,-0.004367536259117344,-0.04136655111095133,0.017756155794343087,-0.012859430548435968,none,,False,False,False,0.7718758292999356,-0.559010842992331,stop,47.0,False,False,True,0.7718758292999356,-2.1049247870061567,2024,2024-10
BTC,BTC/USDT:USDT,2024-10-29 15:00:00+00:00,long_pullback_restart,long,72374.9,70709.9949061774,0.023003901819865717,True,False,0.016255635586370415,2.887332714370729,0.6135888501742025,0.8663182346109107,-0.00103488916737704,-0.004367536259117344,-0.04136655111095133,0.017756155794343087,-0.012859430548435968,none,,False,False,False,0.7718758292999356,-0.559010842992331,stop,47.0,False,False,True,0.7718758292999356,-2.1049247870061567,2024,2024-10
ETH,ETH/USDT:USDT,2024-10-29 15:00:00+00:00,long_compression_breakout,long,2648.12,2600.957087550505,0.017809960443444708,True,False,0.015089950606467999,1.6241046957749794,0.6132368148914205,0.8972768011030664,-0.009561500234128273,0.013394408108393874,-0.05592269232512115,0.02889974774557058,-0.01820914460069778,stop,10.0,False,False,True,1.6226733258246857,-1.0224135341861469,stop,10.0,False,False,True,1.6226733258246857,-3.833944737692649,2024,2024-10
ETH,ETH/USDT:USDT,2024-10-29 15:00:00+00:00,long_pullback_restart,long,2648.12,2600.957087550505,0.017809960443444708,True,False,0.015089950606467999,1.6241046957749794,0.6132368148914205,0.8972768011030664,-0.009561500234128273,0.013394408108393874,-0.05592269232512115,0.02889974774557058,-0.01820914460069778,stop,10.0,False,False,True,1.6226733258246857,-1.0224135341861469,stop,10.0,False,False,True,1.6226733258246857,-3.833944737692649,2024,2024-10
ETH,ETH/USDT:USDT,2024-10-29 16:00:00+00:00,long_compression_breakout,long,2669.19,2603.1914384397546,0.024726063547460254,True,False,0.01638699380710994,1.9808237889849225,0.6614370881706935,0.862880451835585,-0.012183471390197043,0.007223165080042948,-0.05641411814070929,0.02077783896987473,-0.025959186120133815,stop,9.0,False,False,True,0.8403213447216499,-1.0498713663137946,stop,9.0,False,False,True,0.8403213447216499,-3.059006063574715,2024,2024-10
ETH,ETH/USDT:USDT,2024-10-29 16:00:00+00:00,long_pullback_restart,long,2669.19,2603.1914384397546,0.024726063547460254,True,False,0.01638699380710994,1.9808237889849225,0.6614370881706935,0.862880451835585,-0.012183471390197043,0.007223165080042948,-0.05641411814070929,0.02077783896987473,-0.025959186120133815,stop,9.0,False,False,True,0.8403213447216499,-1.0498713663137946,stop,9.0,False,False,True,0.8403213447216499,-3.059006063574715,2024,2024-10
LINK,LINK/USDT:USDT,2024-10-29 22:00:00+00:00,long_compression_breakout,long,11.756,11.378509708162708,0.032110436529201425,True,False,0.028411024157876948,1.37841318649433,0.7151515151515209,0.7636363636363642,0.01735284110241575,0.05792786662129967,-0.03963933310649892,0.0590336849268458,-0.008931609390949391,tp1,8.0,True,False,False,1.8384578756243375,-0.27815284861751655,tp1,8.0,True,False,False,1.8861412211016277,-1.6503735684639278,2024,2024-10
LINK,LINK/USDT:USDT,2024-10-29 22:00:00+00:00,long_pullback_restart,long,11.756,11.378509708162708,0.032110436529201425,True,False,0.028411024157876948,1.37841318649433,0.7151515151515209,0.7636363636363642,0.01735284110241575,0.05792786662129967,-0.03963933310649892,0.0590336849268458,-0.008931609390949391,tp1,8.0,True,False,False,1.8384578756243375,-0.27815284861751655,tp1,8.0,True,False,False,1.8861412211016277,-1.6503735684639278,2024,2024-10
LINK,LINK/USDT:USDT,2024-10-30 14:00:00+00:00,long_compression_breakout,long,12.356,11.791628349404036,0.04567591863029817,True,False,0.028002589834898034,2.597390616231786,0.8516949152542435,0.8728813559322055,-0.007041113629006168,-0.047021689867270955,-0.09768533505988997,0.009064422143088446,-0.048559404337973455,stop,24.0,False,False,True,0.198450790151721,-1.0631292329556468,stop,24.0,False,False,True,0.198450790151721,-2.2839559687997153,2024,2024-10
LINK,LINK/USDT:USDT,2024-10-30 14:00:00+00:00,long_pullback_restart,long,12.356,11.791628349404036,0.04567591863029817,True,False,0.028002589834898034,2.597390616231786,0.8516949152542435,0.8728813559322055,-0.007041113629006168,-0.047021689867270955,-0.09768533505988997,0.009064422143088446,-0.048559404337973455,stop,24.0,False,False,True,0.198450790151721,-1.0631292329556468,stop,24.0,False,False,True,0.198450790151721,-2.2839559687997153,2024,2024-10
ZEC,ZEC/USDT:USDT,2024-11-02 02:00:00+00:00,long_compression_breakout,long,38.43,37.33374341284945,0.02852606263727684,True,False,0.0226385636221703,1.7021026071812764,0.610389610389612,0.610389610389612,-0.024199843871975046,-0.05620608899297419,-0.03747072599531609,0.0044236273744471255,-0.061670569867291136,stop,6.0,False,False,True,0.15507318450133573,-2.161902630989186,stop,6.0,False,False,True,0.15507318450133573,-2.636244136522681,2024,2024-11
ZEC,ZEC/USDT:USDT,2024-11-02 02:00:00+00:00,long_pullback_restart,long,38.43,37.33374341284945,0.02852606263727684,True,False,0.0226385636221703,1.7021026071812764,0.610389610389612,0.610389610389612,-0.024199843871975046,-0.05620608899297419,-0.03747072599531609,0.0044236273744471255,-0.061670569867291136,stop,6.0,False,False,True,0.15507318450133573,-2.161902630989186,stop,6.0,False,False,True,0.15507318450133573,-2.636244136522681,2024,2024-11
NEAR,NEAR/USDT:USDT,2024-11-02 12:00:00+00:00,short_compression_breakdown,short,3.864,3.994595461837259,0.03379799736989108,False,True,0.019409937888198805,2.1775480432922483,0.7142857142857197,0.18571428571428472,-0.0012923235978289371,0.05573770491803276,0.027932960893854775,0.06066428767499321,-0.015792154865002628,tp1,14.0,True,False,False,1.6922486960182286,-0.4747485029553421,tp1,14.0,True,True,False,2.7719186785456955,-0.4747485029553421,2024,2024-11
NEAR,NEAR/USDT:USDT,2024-11-02 12:00:00+00:00,short_pullback_restart,short,3.864,3.994595461837259,0.03379799736989108,False,True,0.019409937888198805,2.1775480432922483,0.7142857142857197,0.18571428571428472,-0.0012923235978289371,0.05573770491803276,0.027932960893854775,0.06066428767499321,-0.015792154865002628,tp1,14.0,True,False,False,1.6922486960182286,-0.4747485029553421,tp1,14.0,True,True,False,2.7719186785456955,-0.4747485029553421,2024,2024-11
TAO,TAO/USDT:USDT,2024-11-02 12:00:00+00:00,short_pullback_restart,short,451.41,467.96285516229585,0.036669225675762224,False,True,0.028466360957887557,3.1930057500705606,0.6364846870838853,0.18774966711052288,0.03245505695073425,0.05632517433425388,0.04377081021087692,0.07478571428571446,-0.0037518483370483358,tp1,4.0,True,False,False,1.8975578347079285,-0.10270131547288934,tp1,4.0,True,True,False,2.903426600957115,-0.10270131547288934,2024,2024-11
XRP,XRP/USDT:USDT,2024-11-02 12:00:00+00:00,short_pullback_restart,short,0.5096,0.5167062936125201,0.013944846178414481,False,True,0.011185243328100544,1.2042445746776111,0.4047619047618884,0.21428571428571805,0.0007855459544383603,0.01757188498402562,0.0037423675398857714,0.02473356123064563,-0.0044930650517678306,tp1,14.0,True,False,False,1.7308600897561606,-0.3236567647511467,tp1,14.0,True,True,False,2.561110051509116,-1.2946270590046025,2024,2024-11
XRP,XRP/USDT:USDT,2024-11-03 02:00:00+00:00,short_pullback_restart,short,0.5003,0.5121236999992321,0.02363322006642447,False,True,0.010993403957625545,8.916070645686967,0.5727272727272826,0.27272727272726904,-0.006947201270345538,-0.013409583908499334,-0.05478934441715477,0.01811151811151812,-0.014381402679275235,none,,False,False,False,0.752725458238786,-0.6174040275441824,stop,32.0,False,False,True,0.752725458238786,-2.6049375408713193,2024,2024-11
ADA,ADA/USDT:USDT,2024-11-04 14:00:00+00:00,short_pullback_restart,short,0.3272,0.33730581158719997,0.03088573223471875,False,True,0.024144254278728662,1.8348392227955592,0.5,0.2894736842105217,-0.0012210012210012167,-0.024739195230998545,-0.12839637719765584,0.022499999999999964,-0.027637444279346335,none,,False,False,False,0.7124613335478673,-0.920262555832667,stop,27.0,False,False,True,0.7124613335478673,-5.096077594127117,2024,2024-11
LINK,LINK/USDT:USDT,2024-11-08 09:00:00+00:00,long_compression_breakout,long,12.964,12.42316435716005,0.0417182692718258,True,False,0.03201172477630354,1.6250729153881247,0.8017621145374455,0.8722466960352429,0.024298056155507508,0.040496760259179254,0.07844800987349587,0.06116939216291262,-0.00948781240357921,tp1,10.0,True,False,False,1.4662495168327376,-0.22742583930697166,tp1,10.0,True,True,False,3.5371189479205927,-0.22742583930697166,2024,2024-11
LINK,LINK/USDT:USDT,2024-11-08 09:00:00+00:00,long_pullback_restart,long,12.964,12.42316435716005,0.0417182692718258,True,False,0.03201172477630354,1.6250729153881247,0.8017621145374455,0.8722466960352429,0.024298056155507508,0.040496760259179254,0.07844800987349587,0.06116939216291262,-0.00948781240357921,tp1,10.0,True,False,False,1.4662495168327376,-0.22742583930697166,tp1,10.0,True,True,False,3.5371189479205927,-0.22742583930697166,2024,2024-11
SOL,SOL/USDT:USDT,2024-11-08 09:00:00+00:00,long_pullback_restart,long,202.38,193.65729972451294,0.04310060418760281,True,False,0.034934282043680175,1.301567276497414,0.7587064676616854,0.8482587064676587,-0.006769443620911142,-0.002668247850578065,0.04338373357051095,0.014576539183713821,-0.030388378298250807,none,,False,False,False,0.3381980243308653,-0.705056898181292,tp1,54.0,True,False,False,1.5201714585177102,-0.8437754098559828,2024,2024-11
ZEC,ZEC/USDT:USDT,2024-11-09 22:00:00+00:00,long_pullback_restart,long,45.78,43.98589388995388,0.0391897359118856,True,False,0.027741371778069093,2.0309762149530406,0.6363636363636385,0.6528925619834699,-0.006334643949322816,0.00174748798601998,-0.06509392747924869,0.055264307557885584,-0.03735255570117957,tp1,12.0,True,False,False,1.4101730024959116,-0.953120883109885,tp1,12.0,True,False,False,1.4101730024959116,-3.33313618771761,2024,2024-11
BNB,BNB/USDT:USDT,2024-11-10 11:00:00+00:00,long_pullback_restart,long,642.26,621.2720356266235,0.03267829908974011,True,False,0.026546881325319894,1.4728311533288792,0.5698275862068967,0.764655172413792,-0.0030205835642884704,-0.024180238532681475,-0.04952822844330951,0.003596674244075615,-0.04708373555880796,stop,9.0,False,False,True,0.11006307991118591,-1.440825773382761,stop,9.0,False,False,True,1.2502403536231366,-2.070234122138922,2024,2024-11
BTC,BTC/USDT:USDT,2024-11-10 17:00:00+00:00,long_compression_breakout,long,80425.4,78589.65544301295,0.022825432723829128,True,False,0.018650824242092672,1.597486915225258,0.5119450959951224,0.6336547650073759,-0.00019148179555206202,0.05238767851947279,0.1474335222454599,0.056401335896371085,-0.023328450962009528,stop,4.0,False,False,True,2.470986490323562,-1.022037621116169,stop,4.0,False,False,True,7.0792529115976075,-1.022037621116169,2024,2024-11
BTC,BTC/USDT:USDT,2024-11-10 17:00:00+00:00,long_pullback_restart,long,80425.4,78589.65544301295,0.022825432723829128,True,False,0.018650824242092672,1.597486915225258,0.5119450959951224,0.6336547650073759,-0.00019148179555206202,0.05238767851947279,0.1474335222454599,0.056401335896371085,-0.023328450962009528,stop,4.0,False,False,True,2.470986490323562,-1.022037621116169,stop,4.0,False,False,True,7.0792529115976075,-1.022037621116169,2024,2024-11
BTC,BTC/USDT:USDT,2024-11-11 15:00:00+00:00,long_compression_breakout,long,84114.2,80311.14021571298,0.04521305301943096,True,False,0.026420033716067003,4.434909152227962,0.7985234698458649,0.8775377862024242,0.04606832140114281,0.030264806655713183,0.04619671827111249,0.07080730720853334,-0.002579825998463958,tp1,6.0,True,False,False,1.5660810867627721,-0.057059318629849566,tp1,6.0,True,True,False,2.447213698415426,-0.057059318629849566,2024,2024-11
BTC,BTC/USDT:USDT,2024-11-11 15:00:00+00:00,long_pullback_restart,long,84114.2,80311.14021571298,0.04521305301943096,True,False,0.026420033716067003,4.434909152227962,0.7985234698458649,0.8775377862024242,0.04606832140114281,0.030264806655713183,0.04619671827111249,0.07080730720853334,-0.002579825998463958,tp1,6.0,True,False,False,1.5660810867627721,-0.057059318629849566,tp1,6.0,True,True,False,2.447213698415426,-0.057059318629849566,2024,2024-11
ETH,ETH/USDT:USDT,2024-11-11 15:00:00+00:00,long_pullback_restart,long,3240.64,3098.821521669758,0.04376249084447571,True,False,0.033184803001876165,2.719589894252436,0.6249298147108395,0.7250982594048277,0.026019551693492682,0.007023304038708433,-0.04980189098449683,0.06429594154241136,-0.008979707712056806,tp1,8.0,True,False,False,1.4692020564119173,-0.2051918786791449,tp1,8.0,True,False,False,1.4692020564119173,-1.2939075511210725,2024,2024-11
TRX,TRX/USDT:USDT,2024-11-12 08:00:00+00:00,long_compression_breakout,long,0.1715,0.16630779163352635,0.030275267442995104,True,False,0.013702623906705486,2.8513509788915186,0.8794520547945222,0.8794520547945222,0.03492711370262391,0.029037900874635536,0.05072886297376078,0.1221574344023324,-0.04139941690962112,stop,1.0,False,False,True,4.034891999958083,-1.3674335656182568,stop,1.0,False,False,True,4.034891999958083,-1.3674335656182568,2024,2024-11
TRX,TRX/USDT:USDT,2024-11-12 08:00:00+00:00,long_pullback_restart,long,0.1715,0.16630779163352635,0.030275267442995104,True,False,0.013702623906705486,2.8513509788915186,0.8794520547945222,0.8794520547945222,0.03492711370262391,0.029037900874635536,0.05072886297376078,0.1221574344023324,-0.04139941690962112,stop,1.0,False,False,True,4.034891999958083,-1.3674335656182568,stop,1.0,False,False,True,4.034891999958083,-1.3674335656182568,2024,2024-11
BTC,BTC/USDT:USDT,2024-11-13 13:00:00+00:00,long_pullback_restart,long,89219.5,85975.34351836692,0.03636151829625899,True,False,0.027337073173465443,2.6224973144876618,0.702949502328558,0.7463701945027847,0.01120046626578275,0.017686716468933383,0.017855961981405377,0.04709284405314995,-0.013611374195103054,tp1,2.0,True,False,False,1.2951286486294762,-0.3743345941773672,tp1,2.0,True,False,False,1.2951286486294762,-0.7723116977201895,2024,2024-11
BNB,BNB/USDT:USDT,2024-11-16 11:00:00+00:00,long_pullback_restart,long,631.06,616.5048966989011,0.02306453158352427,True,False,0.01648020790416122,1.5980791381604722,0.8245315161839718,0.9982964224872054,-0.0026463410769181905,-0.003232656165816139,-0.01950686147117542,0.027319113871898004,-0.040978670807847006,stop,14.0,False,False,True,1.1844642833073187,-1.7766964249609702,stop,14.0,False,False,True,1.1844642833073187,-1.7766964249609702,2024,2024-11
ETH,ETH/USDT:USDT,2024-11-16 11:00:00+00:00,long_pullback_restart,long,3197.38,3067.2066428998473,0.040712507459280026,True,False,0.029314626350324332,2.4669283672108713,0.9256309893372954,0.9956809286003548,-0.008872889678424145,-0.028016688663843548,-0.02151761754936865,0.007915856107187702,-0.0507853304893382,stop,15.0,False,False,True,0.1944330281082552,-1.247413477053282,stop,15.0,False,False,True,0.23522478548695241,-1.247413477053282,2024,2024-11
LINK,LINK/USDT:USDT,2024-11-16 18:00:00+00:00,long_pullback_restart,long,14.673,13.973461776267367,0.04767520096317269,True,False,0.03673413753152046,1.5303517419378303,0.7721518987341762,0.8565400843881827,0.014380154024398628,-0.057997682818782814,0.018469297348872038,0.01587950657670545,-0.060383016424725655,stop,8.0,False,False,True,0.333076867132073,-1.2665498037726,stop,8.0,False,False,True,1.9298445091343237,-1.5853315263925671,2024,2024-11
TRX,TRX/USDT:USDT,2024-11-17 23:00:00+00:00,long_pullback_restart,long,0.19963,0.19381362956855397,0.029135753300836714,True,False,0.024795872363873078,1.4019870230079132,0.5829787234042549,0.7021276595744679,0.018935029805139614,0.01287381656063702,-0.024645594349546718,0.038320893653258414,-5.0092671442181214e-05,tp1,7.0,True,False,False,1.3152532305439995,-0.0017192852686866882,tp1,7.0,True,False,False,1.3152532305439995,-1.115816139376544,2024,2024-11
BTC,BTC/USDT:USDT,2024-11-19 12:00:00+00:00,long_pullback_restart,long,92539.9,90258.15206271519,0.024656909476720886,True,False,0.018566045565210156,1.7296701191449562,0.9102280274518415,0.9102280274518415,0.012453006757085383,0.011054691003556272,0.06635624201020329,0.01562569226895638,-0.016471813779785682,none,,False,False,False,0.6337246881531916,-0.6680404855822286,tp1,26.0,True,True,False,3.066815525788103,-0.6680404855822286,2024,2024-11
BTC,BTC/USDT:USDT,2024-11-21 03:00:00+00:00,long_compression_breakout,long,95790.2,92943.45300667737,0.029718561954381804,True,False,0.019904958962399046,2.0194950438495836,0.8633654850402441,0.8763899981569101,0.019319304062419773,0.03234882065179945,0.025791782457913248,0.03783059227353114,-0.0017246023079604544,tp1,16.0,True,False,False,1.2729617379064762,-0.05803114937417793,tp1,16.0,True,False,False,1.3593761613087039,-0.05803114937417793,2024,2024-11
BTC,BTC/USDT:USDT,2024-11-21 03:00:00+00:00,long_pullback_restart,long,95790.2,92943.45300667737,0.029718561954381804,True,False,0.019904958962399046,2.0194950438495836,0.8633654850402441,0.8763899981569101,0.019319304062419773,0.03234882065179945,0.025791782457913248,0.03783059227353114,-0.0017246023079604544,tp1,16.0,True,False,False,1.2729617379064762,-0.05803114937417793,tp1,16.0,True,False,False,1.3593761613087039,-0.05803114937417793,2024,2024-11
SOL,SOL/USDT:USDT,2024-11-23 04:00:00+00:00,long_pullback_restart,long,262.39,250.8072232382208,0.04414336202515024,True,False,0.02542017607378336,3.1499695265541026,0.6798905608755087,0.7250341997264035,-0.020770608635999777,-0.020160829299896932,-0.09562102214261203,0.0054880140249247145,-0.03639620412363265,none,,False,False,False,0.12432252037798978,-0.8245000483401405,stop,31.0,False,False,True,0.12432252037798978,-2.6858844506661574,2024,2024-11
BNB,BNB/USDT:USDT,2024-11-25 08:00:00+00:00,long_pullback_restart,long,672.78,645.2290034425952,0.040950974400851395,True,False,0.025506108980647417,1.5136837320665977,0.8324528301886772,0.9645283018867904,-0.04735574779274054,-0.06597996373257231,-0.025847974077707447,0.006554891643627991,-0.07070662029192298,stop,6.0,False,False,True,0.16006680523557393,-1.7266163095365306,stop,6.0,False,False,True,0.16006680523557393,-2.6445504375201137,2024,2024-11
DOGE,DOGE/USDT:USDT,2024-11-29 10:00:00+00:00,long_pullback_restart,long,0.41469,0.3985785015951157,0.03885190963101183,True,False,0.03183100629385804,1.7484777388786175,0.9224422442244268,0.9224422442244268,0.009308157901082748,0.014299838433528667,-0.02211290361474838,0.05599363379874123,-0.013576406472304625,tp1,9.0,True,False,False,1.4412067342514052,-0.34943987570350726,tp1,9.0,True,True,False,3.0791673594406603,-0.9117711854501764,2024,2024-11
BTC,BTC/USDT:USDT,2024-11-29 11:00:00+00:00,long_compression_breakout,long,97302.2,95290.41538568774,0.020675633380460655,True,False,0.015707764058777645,2.0628326385968307,0.45583463526018536,0.8378800624924795,-0.00281699694354276,-0.010080964253634472,-0.021694267961053226,0.014502241470388144,-0.011841458877599909,none,,False,False,False,0.7014170353829847,-0.5727253264603994,stop,69.0,False,False,True,0.7014170353829847,-1.2005261312855047,2024,2024-11
BTC,BTC/USDT:USDT,2024-11-29 11:00:00+00:00,long_pullback_restart,long,97302.2,95290.41538568774,0.020675633380460655,True,False,0.015707764058777645,2.0628326385968307,0.45583463526018536,0.8378800624924795,-0.00281699694354276,-0.010080964253634472,-0.021694267961053226,0.014502241470388144,-0.011841458877599909,none,,False,False,False,0.7014170353829847,-0.5727253264603994,stop,69.0,False,False,True,0.7014170353829847,-1.2005261312855047,2024,2024-11
SOL,SOL/USDT:USDT,2024-11-29 11:00:00+00:00,long_compression_breakout,long,245.34,236.05026278983544,0.03786474773850396,True,False,0.02718676122931437,2.269627011328977,0.8515815085158182,0.9270072992700769,-0.020257601695606087,-0.015366430260047359,-0.08298687535664795,0.0062770033423005245,-0.02584168908453577,none,,False,False,False,0.16577433410225736,-0.6824735572781284,stop,39.0,False,False,True,0.16577433410225736,-2.397269104193047,2024,2024-11
ETH,ETH/USDT:USDT,2024-11-29 14:00:00+00:00,long_pullback_restart,long,3636.05,3529.5621419822123,0.029286686931639515,True,False,0.022683956491247374,2.1670693678599253,0.5680430002443219,0.9259711702907462,-0.011295224213088373,0.006193534192324046,0.001867411064204294,0.025838478568776413,-0.020566273841118865,none,,False,False,False,0.8822602102138847,-0.7022396862138861,tp1,49.0,True,False,False,1.2203269219509778,-0.7022396862138861,2024,2024-11
LINK,LINK/USDT:USDT,2024-11-29 14:00:00+00:00,long_pullback_restart,long,18.285,17.48575166422891,0.04371060080782552,True,False,0.03642329778506975,2.081415165779175,0.5233918128654946,0.8918128654970785,-0.010062893081761115,0.013016133442712574,0.1681159420289855,0.027563576702215098,-0.02428219852337976,none,,False,False,False,0.6305924922743293,-0.5555219574797636,tp1,26.0,True,True,False,4.366602773883735,-0.5555219574797636,2024,2024-11
ETH,ETH/USDT:USDT,2024-11-30 03:00:00+00:00,long_pullback_restart,long,3660.11,3554.8959092415075,0.02874615537743199,True,False,0.02504296318963087,1.2148591372720352,0.7385070550751077,0.905097860719161,0.009494250172809027,0.013491397799519689,-0.004967063831414986,0.022422823357767907,-0.008237457344178245,none,,False,False,False,0.7800286008114863,-0.28655857578245963,tp1,48.0,True,False,False,1.0064241323251915,-0.9742041133566178,2024,2024-11
NEAR,NEAR/USDT:USDT,2024-11-30 09:00:00+00:00,long_pullback_restart,long,7.039,6.767467891696639,0.038575381205194006,True,False,0.03409575223753377,1.2409207872656793,0.39436619718309796,0.7887323943661959,0.013638300895013611,-0.015911351044182398,0.04276175593124032,0.02912345503622671,-0.03324335843159543,none,,False,False,False,0.7549751713744672,-0.8617765370810988,stop,42.0,False,False,True,2.1839037884149213,-2.316484794119704,2024,2024-11
TAO,TAO/USDT:USDT,2024-11-30 12:00:00+00:00,long_pullback_restart,long,638.57,607.8251033897405,0.04814647824084987,True,False,0.036816637173684934,1.9810502223913926,0.890829694323151,0.9332501559575834,0.024633164727437817,0.023035845717775505,-0.04688601093067335,0.06757285810482783,-0.0062326761357408555,tp1,3.0,True,False,False,1.4034849603495143,-0.12945237872980522,tp1,3.0,True,False,False,1.4034849603495143,-2.3603917398045047,2024,2024-11
ADA,ADA/USDT:USDT,2024-12-01 19:00:00+00:00,long_pullback_restart,long,1.0945,1.0490033816294322,0.04156840417594138,True,False,0.024303334856098636,2.8116540588192143,0.8000000000000014,0.8707692307692312,0.0740977615349474,0.11439013248058472,0.08789401553220655,0.13695751484696195,-0.033896756509821935,tp1,2.0,True,True,False,3.294750365380376,-0.8154452205177615,tp1,2.0,True,True,False,5.154229224027341,-0.8154452205177615,2024,2024-12
BTC,BTC/USDT:USDT,2024-12-02 01:00:00+00:00,long_pullback_restart,long,98079.4,96613.41388489808,0.014946931925581866,True,False,0.012517409364249752,1.9991131795814021,0.707419683834776,0.762111167771536,-0.020654694054001,-0.02536618290894921,0.0017812099176790497,0.0008360573168268992,-0.03751450355528274,stop,2.0,False,False,True,0.05593504546548821,-2.5098464181185003,stop,2.0,False,False,True,0.6961184621650088,-3.0521435052534165,2024,2024-12
BTC,BTC/USDT:USDT,2024-12-06 14:00:00+00:00,long_pullback_restart,long,99524.9,97006.12474780637,0.025307990786161253,True,False,0.017455933138340284,1.414004783835798,0.7354177172634038,0.9435199193141608,0.01932280263532049,3.717662615088102e-05,0.006856575590631131,0.024756618695422006,-0.009079134970243485,none,,False,False,False,0.97821351780163,-0.35874578298045423,none,,False,False,False,0.97821351780163,-0.6050162668038042,2024,2024-12
SOL,SOL/USDT:USDT,2024-12-07 14:00:00+00:00,long_compression_breakout,long,242.85,233.7601470217288,0.03742990726074195,True,False,0.0228536133415688,3.0182297296023863,0.6108007448789569,0.9534450651769087,-0.0057236977558162705,-0.028453778052295653,-0.1082973028618488,0.00428247889643818,-0.03920115297508742,stop,19.0,False,False,True,0.11441329166555914,-1.0473216698616628,stop,19.0,False,False,True,0.11441329166555914,-4.714047642181967,2024,2024-12
SOL,SOL/USDT:USDT,2024-12-07 14:00:00+00:00,long_pullback_restart,long,242.85,233.7601470217288,0.03742990726074195,True,False,0.0228536133415688,3.0182297296023863,0.6108007448789569,0.9534450651769087,-0.0057236977558162705,-0.028453778052295653,-0.1082973028618488,0.00428247889643818,-0.03920115297508742,stop,19.0,False,False,True,0.11441329166555914,-1.0473216698616628,stop,19.0,False,False,True,0.11441329166555914,-4.714047642181967,2024,2024-12
BNB,BNB/USDT:USDT,2024-12-07 15:00:00+00:00,long_compression_breakout,long,755.8,729.5674448540373,0.03470832911611894,True,False,0.024913998412278284,2.1185079927784485,0.6969496021220134,0.8050397877984053,-0.002169886213283956,-0.020044985445885177,-0.12975654935168024,0.00779306694892834,-0.036782217517861815,stop,18.0,False,False,True,0.22453016746661056,-1.0597518939850012,stop,18.0,False,False,True,0.22453016746661056,-4.681206207962529,2024,2024-12
BNB,BNB/USDT:USDT,2024-12-07 15:00:00+00:00,long_pullback_restart,long,755.8,729.5674448540373,0.03470832911611894,True,False,0.024913998412278284,2.1185079927784485,0.6969496021220134,0.8050397877984053,-0.002169886213283956,-0.020044985445885177,-0.12975654935168024,0.00779306694892834,-0.036782217517861815,stop,18.0,False,False,True,0.22453016746661056,-1.0597518939850012,stop,18.0,False,False,True,0.22453016746661056,-4.681206207962529,2024,2024-12
LINK,LINK/USDT:USDT,2024-12-08 05:00:00+00:00,long_pullback_restart,long,25.092,24.39633283681941,0.027724659779235914,True,False,0.022716403634624596,1.3177432142523484,0.8195121951219473,0.9414634146341442,0.06213135660768376,0.07580105212816846,-0.10975609756097549,0.0929778415431215,-0.006535947712418166,tp1,4.0,True,True,False,3.353615239410662,-0.23574492038720152,tp1,4.0,True,True,False,3.353615239410662,-8.356007452504997,2024,2024-12
LINK,LINK/USDT:USDT,2024-12-08 06:00:00+00:00,long_pullback_restart,long,25.421,24.546023348475167,0.03441944264682084,True,False,0.019865465559970066,1.5474271596314453,0.6626746506986073,0.9840319361277462,0.0601864600133748,0.03556115023012474,-0.12501475158333664,0.07883246135085176,-0.01302073089178235,tp1,5.0,True,True,False,2.290346829835523,-0.3782958087203376,tp1,5.0,True,True,False,2.290346829835523,-7.019615882659567,2024,2024-12
XRP,XRP/USDT:USDT,2024-12-08 17:00:00+00:00,long_pullback_restart,long,2.6034,2.477859057552176,0.048221918432751094,True,False,0.03914112314665441,1.4969041177716662,0.6693811074918552,0.8631921824104248,-0.00011523392486756379,-0.08254590151340557,-0.08331412767918889,0.017438733963278663,-0.09925482061919022,stop,7.0,False,False,True,0.3616350101789978,-2.0582926570540363,stop,7.0,False,False,True,0.3616350101789978,-5.602156446231055,2024,2024-12
BTC,BTC/USDT:USDT,2024-12-08 23:00:00+00:00,long_pullback_restart,long,101200.0,99070.5624097409,0.021041873421532593,True,False,0.014030632411067136,2.667523689734051,0.6957866254348667,0.800618477000391,-0.01679841897233203,-0.03805237154150187,-0.0008369565217390962,0.000988142292490224,-0.07075395256916994,stop,4.0,False,False,True,0.04696075642575303,-3.3625310423531958,stop,4.0,False,False,True,0.3193331436951206,-3.3625310423531958,2024,2024-12
TAO,TAO/USDT:USDT,2024-12-08 23:00:00+00:00,long_pullback_restart,long,713.2,678.9456453637868,0.04802910072379878,True,False,0.041054402692091936,1.329483309881188,0.4738924050632924,0.715981012658234,-0.04357823892316326,-0.16186203028603485,-0.15726303982052725,0.0015143017386425317,-0.303603477285474,stop,3.0,False,False,True,0.031528838054889645,-6.321240096320107,stop,3.0,False,False,True,0.031528838054889645,-6.321240096320107,2024,2024-12
BTC,BTC/USDT:USDT,2024-12-11 15:00:00+00:00,long_pullback_restart,long,100352.7,96964.9303551093,0.03375862976173729,True,False,0.024073094196767883,3.9332561432149142,0.6019342086686387,0.6852322462233468,0.011344986233554177,0.014174008272821892,0.012448095566935491,0.015219321453234569,-0.007665962151491734,none,,False,False,False,0.45082758277364554,-0.22708155531183538,none,,False,False,False,0.6745736102354557,-0.3551304032180763,2024,2024-12
BTC,BTC/USDT:USDT,2024-12-13 14:00:00+00:00,long_pullback_restart,long,101000.0,99037.13970613654,0.01943426033528176,True,False,0.015943564356435673,1.3574550415568798,0.9078733258230169,1.0,0.006217821782178223,0.004069306930692962,0.04409801980198025,0.016217821782178232,-0.013330693069306898,none,,False,False,False,0.8344964769631965,-0.6859377634818333,tp1,46.0,True,True,False,2.886501916470135,-0.6859377634818333,2024,2024-12
ETH,ETH/USDT:USDT,2024-12-13 14:00:00+00:00,long_pullback_restart,long,3949.77,3862.6437591275185,0.02205856059276401,True,False,0.017722550933345484,1.228351477325021,0.7728080568720372,0.9931872037914687,-0.008476442932120132,-0.01703390323993559,-0.00530916990103214,0.004605331449679451,-0.026480022887408694,stop,23.0,False,False,True,0.20877751430390587,-1.200442013251538,stop,23.0,False,False,True,0.8618528614117797,-1.4622460320130592,2024,2024-12
BTC,BTC/USDT:USDT,2024-12-13 17:00:00+00:00,long_pullback_restart,long,101704.1,99294.7304862908,0.023689993950186863,True,False,0.018608885974115162,2.259841171336439,0.7475458601884073,0.9544868616757618,-0.0032663383285433945,-0.0073949821098658886,0.05233613984096985,0.009182520665341753,-0.009115660037304352,none,,False,False,False,0.3876117775568035,-0.3847894624402152,tp1,54.0,True,True,False,2.2686017934979583,-0.4749375276349225,2024,2024-12
BTC,BTC/USDT:USDT,2024-12-17 14:00:00+00:00,long_compression_breakout,long,108220.3,106010.01895782274,0.02042390422293469,True,False,0.013475290680214367,3.162058844303989,0.704970996402085,0.8924296938101189,-0.014203435030211597,-0.039120202032335905,-0.11656038654485334,-9.240410533406518e-07,-0.04763154417424453,stop,1.0,False,False,True,-4.5243115286060985e-05,-2.3321468635148355,stop,1.0,False,False,True,-4.5243115286060985e-05,-7.215236296055164,2024,2024-12
BTC,BTC/USDT:USDT,2024-12-17 14:00:00+00:00,long_pullback_restart,long,108220.3,106010.01895782274,0.02042390422293469,True,False,0.013475290680214367,3.162058844303989,0.704970996402085,0.8924296938101189,-0.014203435030211597,-0.039120202032335905,-0.11656038654485334,-9.240410533406518e-07,-0.04763154417424453,stop,1.0,False,False,True,-4.5243115286060985e-05,-2.3321468635148355,stop,1.0,False,False,True,-4.5243115286060985e-05,-7.215236296055164,2024,2024-12
SOL,SOL/USDT:USDT,2024-12-18 19:00:00+00:00,short_compression_breakdown,short,211.52,219.40931565065813,0.037298201827997916,False,True,0.023449319213313197,2.7213060041764408,0.9276218611521405,0.0014771048744489383,0.04012588512981896,0.1031605298842182,0.16597761975635317,0.1311229946524064,-0.005220335794572706,tp1,6.0,True,True,False,3.108000881921181,-0.14069661414895854,tp1,6.0,True,True,False,4.60369461791914,-0.14069661414895854,2024,2024-12
SOL,SOL/USDT:USDT,2024-12-18 19:00:00+00:00,short_pullback_restart,short,211.52,219.40931565065813,0.037298201827997916,False,True,0.023449319213313197,2.7213060041764408,0.9276218611521405,0.0014771048744489383,0.04012588512981896,0.1031605298842182,0.16597761975635317,0.1311229946524064,-0.005220335794572706,tp1,6.0,True,True,False,3.108000881921181,-0.14069661414895854,tp1,6.0,True,True,False,4.60369461791914,-0.14069661414895854,2024,2024-12
BNB,BNB/USDT:USDT,2024-12-25 10:00:00+00:00,long_compression_breakout,long,711.13,693.6221823506999,0.024619714608159038,True,False,0.01889949798208493,1.966277700571439,0.5574043261231327,0.6539101497504086,-0.014962102569150537,-0.02345562695990877,-0.013443392909875729,0.0128105972185113,-0.030599187209089718,stop,22.0,False,False,True,0.5203389812758406,-1.242873351543608,stop,22.0,False,False,True,0.5203389812758406,-1.6838192281022792,2024,2024-12
BNB,BNB/USDT:USDT,2024-12-25 10:00:00+00:00,long_pullback_restart,long,711.13,693.6221823506999,0.024619714608159038,True,False,0.01889949798208493,1.966277700571439,0.5574043261231327,0.6539101497504086,-0.014962102569150537,-0.02345562695990877,-0.013443392909875729,0.0128105972185113,-0.030599187209089718,stop,22.0,False,False,True,0.5203389812758406,-1.242873351543608,stop,22.0,False,False,True,0.5203389812758406,-1.6838192281022792,2024,2024-12
BNB,BNB/USDT:USDT,2024-12-28 12:00:00+00:00,long_pullback_restart,long,708.71,690.004272166256,0.026394050928791817,True,False,0.019429667988316773,2.209801751857066,0.816944024205761,0.816944024205761,0.02658351088597577,0.0023422838678726077,-0.004529356154139297,0.031804264085451006,-0.005686387944293325,tp1,2.0,True,False,False,1.2049785071361463,-0.21544203122266112,tp1,2.0,True,False,False,1.2049785071361463,-1.1606070714252805,2024,2024-12
TRX,TRX/USDT:USDT,2024-12-29 03:00:00+00:00,long_pullback_restart,long,0.25936,0.25616930435706625,0.012302188629448364,True,False,0.009214990746452606,2.2296444564817146,0.6257861635220178,0.6320754716981073,0.0055906847624922484,-0.0016579272054286776,-0.012993522516964728,0.01565391733497834,-0.011142813078346747,tp1,4.0,True,False,False,1.2724497897477263,-0.9057585941800311,tp1,4.0,True,False,False,1.2724497897477263,-2.8520426321931733,2024,2024-12
TAO,TAO/USDT:USDT,2024-12-29 12:00:00+00:00,short_pullback_restart,short,460.81,475.0204457095733,0.030837971635974307,False,True,0.01970443349753691,1.2171739121237115,0.9165628891656272,0.006226650062267893,0.0037028163185293117,-0.011285858347458544,0.03158719498544893,0.0165225447807289,-0.03298847921432013,stop,13.0,False,False,True,0.5270770638076561,-1.1062284970702707,stop,13.0,False,False,True,1.8563809002998595,-1.1062284970702707,2024,2024-12
TAO,TAO/USDT:USDT,2024-12-29 14:00:00+00:00,short_pullback_restart,short,459.49,473.2613639026423,0.02997097630556115,False,True,0.025876515266926345,2.1739372425956844,0.4284420289855103,0.21557971014492783,-0.0022799322534415856,0.031240882465157105,0.0315881639800637,0.03877108106886107,-0.03575850418651494,stop,11.0,False,False,True,1.2453377981471747,-1.2373502087712984,stop,11.0,False,False,True,1.8197180887211741,-1.2373502087712984,2024,2024-12
NEAR,NEAR/USDT:USDT,2024-12-30 13:00:00+00:00,short_pullback_restart,short,5.048,5.294105802223897,0.04875313039300656,False,True,0.02812995245641845,3.0916707613367334,0.8385093167701871,0.0434782608695633,-0.01751654340210196,-0.011552770706872995,-0.07950401167031362,0.02559934985778156,-0.029230769230769282,none,,False,False,False,0.5119749264804843,-0.6176205462304244,stop,55.0,False,False,True,0.7110762867784478,-2.1169756880661237,2024,2024-12
BNB,BNB/USDT:USDT,2024-12-31 13:00:00+00:00,long_pullback_restart,long,711.4,696.9242280844658,0.020348287764315732,True,False,0.01653078436885014,1.956746534058837,0.7776315789473619,0.789473684210524,-0.011371942648299216,-0.0023193702558335083,-0.00960078718020796,0.0044841158279449456,-0.0172757942086027,none,,False,False,False,0.22036821377220017,-0.8490048110533812,stop,67.0,False,False,True,0.3170815364308428,-1.0320693146572417,2024,2024-12
SUI,SUI/USDT:USDT,2025-01-02 07:00:00+00:00,long_compression_breakout,long,4.3736,4.216545357994639,0.035909694989336126,True,False,0.02679714651545647,1.561003662820225,0.6470588235294139,0.7205882352941149,0.0017148344613133748,-0.017056886775196456,0.18195536857508698,0.020806658130601896,-0.02236144137552576,none,,False,False,False,0.5794161754027891,-0.6227132082900256,tp1,32.0,True,True,False,6.28380025829683,-0.6227132082900256,2025,2025-01
SUI,SUI/USDT:USDT,2025-01-02 07:00:00+00:00,long_pullback_restart,long,4.3736,4.216545357994639,0.035909694989336126,True,False,0.02679714651545647,1.561003662820225,0.6470588235294139,0.7205882352941149,0.0017148344613133748,-0.017056886775196456,0.18195536857508698,0.020806658130601896,-0.02236144137552576,none,,False,False,False,0.5794161754027891,-0.6227132082900256,tp1,32.0,True,True,False,6.28380025829683,-0.6227132082900256,2025,2025-01
SUI,SUI/USDT:USDT,2025-01-02 09:00:00+00:00,long_compression_breakout,long,4.4134,4.243519415821909,0.03849199804642471,True,False,0.031744233470793366,1.3291811514386267,0.6446837146702592,0.7819650067294813,-0.006344315040558435,-0.020301808129786547,0.16737662573072898,0.011601033217020884,-0.031177776770743626,none,,False,False,False,0.3013881795127642,-0.8099807324405585,tp1,30.0,True,True,False,5.57509267219806,-0.8099807324405585,2025,2025-01
SUI,SUI/USDT:USDT,2025-01-02 09:00:00+00:00,long_pullback_restart,long,4.4134,4.243519415821909,0.03849199804642471,True,False,0.031744233470793366,1.3291811514386267,0.6446837146702592,0.7819650067294813,-0.006344315040558435,-0.020301808129786547,0.16737662573072898,0.011601033217020884,-0.031177776770743626,none,,False,False,False,0.3013881795127642,-0.8099807324405585,tp1,30.0,True,True,False,5.57509267219806,-0.8099807324405585,2025,2025-01
BTC,BTC/USDT:USDT,2025-01-04 20:00:00+00:00,long_pullback_restart,long,98577.4,97362.58477753296,0.01232346584985031,True,False,0.009093362170233835,1.6451041137909583,0.8436403913605361,0.8438249953848878,-0.003874113133436219,-0.0033729840713997428,-0.0210251031169415,0.001861481434892731,-0.013698880270731406,stop,18.0,False,False,True,0.1510517785802438,-1.111609383077713,stop,18.0,False,False,True,3.4447214050394983,-1.9956944522612652,2025,2025-01
BNB,BNB/USDT:USDT,2025-01-06 01:00:00+00:00,long_pullback_restart,long,712.63,701.9289693127039,0.015016250631177626,True,False,0.011226021918807796,1.6277130698186293,0.6730486008836521,0.9675994108983763,0.0026802127331153613,0.020768140549794367,-0.018691326494815086,0.046826543928827125,-0.0025258549317317414,tp1,14.0,True,True,False,3.1183912068970794,-0.16820809626654482,tp1,14.0,True,True,False,3.1183912068970794,-3.632360389933757,2025,2025-01
LINK,LINK/USDT:USDT,2025-01-08 16:00:00+00:00,short_pullback_restart,short,20.3,21.298181050835073,0.04917148033670305,False,True,0.03733990147783264,1.3763938764699684,0.8537735849056575,0.023584905660381073,-0.01480223246784762,0.008144616607071997,0.014442056868722242,0.05197699124216193,-0.020033791938208978,tp1,22.0,True,False,False,1.0048277305614013,-0.4157562394645869,tp1,22.0,True,False,False,1.178142982193629,-0.4157562394645869,2025,2025-01
ETH,ETH/USDT:USDT,2025-01-09 13:00:00+00:00,short_pullback_restart,short,3219.7,3363.015030235759,0.044511920438475315,False,True,0.028288349846258946,2.453512495157049,0.8569800569800601,0.11042735042734586,0.008156811172169709,-0.007230624547122533,-0.014179380957192511,0.02018377693282636,-0.0353363454416894,none,,False,False,False,0.4444753623901887,-0.8229422957660758,none,,False,False,False,0.4444753623901887,-0.8229422957660758,2025,2025-01
TRX,TRX/USDT:USDT,2025-01-11 17:00:00+00:00,short_pullback_restart,short,0.24087,0.24349566093137287,0.010900738702922196,False,True,0.00855233113297632,1.7013788055480046,0.9428571428571383,0.047619047619042586,0.00029069767441858296,0.015300961052099105,0.08076457127473402,0.021891307114674907,-0.010191082802547768,tp1,14.0,True,False,False,1.9652194761118709,-0.9445240892940817,tp1,14.0,True,True,False,9.247195519379115,-0.9445240892940817,2025,2025-01
BTC,BTC/USDT:USDT,2025-01-12 09:00:00+00:00,short_pullback_restart,short,93859.1,95055.4859402453,0.012746616366929732,False,True,0.00978914138320102,2.649352448370657,0.5301362194439155,0.36947191640231786,-0.012379571444805948,0.011383289494810045,-0.03015176110877471,0.01364535679881107,-0.02163351036384198,stop,6.0,False,False,True,1.0560973323883638,-1.7347244983290893,stop,6.0,False,False,True,4.13754444404879,-3.2003886632226357,2025,2025-01
XRP,XRP/USDT:USDT,2025-01-14 16:00:00+00:00,long_pullback_restart,long,2.6153,2.5038170748229303,0.04262720344781467,True,False,0.034986426031430394,2.269932943567595,0.5747303543913714,0.9892141756548514,0.01984475968340149,0.10851527549420714,0.23951363132336634,0.16086108668221621,-0.006920812143922261,tp1,9.0,True,True,False,3.7736720608272263,-0.16235670145227668,tp1,9.0,True,True,False,7.077316985958358,-0.16235670145227668,2025,2025-01
NEAR,NEAR/USDT:USDT,2025-01-15 09:00:00+00:00,short_pullback_restart,short,4.896,5.100567011146613,0.041782477766873646,False,True,0.029820261437908478,1.2722204235294878,0.8620689655172371,0.06896551724138142,-0.06636155606407323,-0.04802644370989695,-0.09433962264150941,0.007822149032523651,-0.08280254777070062,stop,4.0,False,False,True,0.18575820112445024,-2.1606611815001706,stop,4.0,False,False,True,0.18575820112445024,-4.81993648180807,2025,2025-01
TAO,TAO/USDT:USDT,2025-01-15 09:00:00+00:00,short_pullback_restart,short,404.1,423.8448757408141,0.04886136040785462,False,True,0.02887899034892357,2.329481925164237,0.8128205128205128,0.11538461538461744,-0.08173699638693832,-0.09615513654968788,-0.09750759335358217,0.0040749391243850575,-0.1418013464438167,stop,4.0,False,False,True,0.0830595249890607,-3.381636880194778,stop,4.0,False,False,True,0.0830595249890607,-4.596635663418872,2025,2025-01
BNB,BNB/USDT:USDT,2025-01-17 08:00:00+00:00,long_pullback_restart,long,720.55,706.079024998557,0.02008323503080006,True,False,0.01676497120255366,1.2352676985780982,0.9001584786053719,0.9112519809825588,0.0026229963222539343,-0.026077302060925622,-0.027576157102213616,0.013961557143848502,-0.035625563805426363,stop,19.0,False,False,True,0.6951846713159909,-1.773895677204906,stop,19.0,False,False,True,0.6951846713159909,-3.1939796727857703,2025,2025-01
ZEC,ZEC/USDT:USDT,2025-01-23 00:00:00+00:00,short_pullback_restart,short,47.92,50.22095891487247,0.04801667184625349,False,True,0.040692821368948154,1.70039063990991,0.75,0.09722222222222276,0.006722689075630228,-0.0004171881518564291,0.018274543136421517,0.02371288186284981,-0.03133212047705669,none,,False,False,False,0.4824075705243621,-0.6736321930745588,none,,False,False,False,0.9952372400908013,-0.6736321930745588,2025,2025-01
BTC,BTC/USDT:USDT,2025-01-24 17:00:00+00:00,long_pullback_restart,long,106414.2,104304.17001822166,0.019828462571520888,True,False,0.01698645481524088,1.309086088226663,0.7442692096093827,0.7792041078305505,-0.015092910532616854,-0.014698226364526445,-0.06854536330677674,0.006223793441100911,-0.022305293842363016,stop,12.0,False,False,True,0.3138817958604621,-1.1249129256445523,stop,12.0,False,False,True,0.3138817958604621,-4.139372461730991,2025,2025-01
SOL,SOL/USDT:USDT,2025-01-25 16:00:00+00:00,long_pullback_restart,long,255.72,245.4339894397489,0.04022372344850266,True,False,0.03277021742530892,1.4453016185021157,0.6256983240223517,0.7960893854748623,0.012435476302205428,-0.001955263569529131,-0.0840372282183639,0.019709056780853995,-0.011927107774127976,none,,False,False,False,0.48998588621679934,-0.2965192366986599,stop,31.0,False,False,True,0.48998588621679934,-3.3987909885197096,2025,2025-01
SUI,SUI/USDT:USDT,2025-01-26 20:00:00+00:00,short_pullback_restart,short,4.0779,4.185866236032728,0.026475940075217322,False,True,0.02172686922190333,1.4569527840994194,0.6601769911504471,0.1876106194690145,0.09506162893740422,0.031152805522542737,0.06358728254349133,0.17053217750731942,-0.0008085857100853522,tp1,3.0,True,True,False,5.502646214506405,-0.03056511110566035,tp1,3.0,True,True,False,5.502646214506405,-0.03056511110566035,2025,2025-01
NEAR,NEAR/USDT:USDT,2025-01-26 21:00:00+00:00,short_pullback_restart,short,4.899,5.063197569888993,0.033516548252498994,False,True,0.01979995917534181,1.8757228920482274,0.9411764705882292,0.014705882352945978,0.05377500537750057,0.06038961038961044,0.0872170439414115,0.12594805791772012,-0.004065867046147531,tp1,3.0,True,True,False,3.337442815813175,-0.12180448232894539,tp1,3.0,True,True,False,3.958645675690812,-0.12180448232894539,2025,2025-01
SUI,SUI/USDT:USDT,2025-01-26 21:00:00+00:00,short_pullback_restart,short,3.9895,4.184118647744676,0.048782716567157866,False,True,0.02727158791828539,5.220633516689931,0.8735177865612611,0.09387351778656193,0.051113160321433204,0.012846226103734537,0.04557605619037641,0.14515758654342958,-0.014816644030127168,tp1,4.0,True,True,False,2.5984149302251702,-0.3082952260500501,tp1,4.0,True,True,False,2.5984149302251702,-0.3082952260500501,2025,2025-01
ZEC,ZEC/USDT:USDT,2025-01-26 21:00:00+00:00,short_pullback_restart,short,45.91,47.15901230308953,0.02720566985601255,False,True,0.023959921585711207,1.5562770506393953,0.8809523809523881,0.0,0.039628623188405765,0.07517564402810284,0.05540229885057468,0.12939729397293975,-0.004121475054229995,tp1,3.0,True,True,False,4.211327612217229,-0.15212019892039813,tp1,3.0,True,True,False,4.211327612217229,-0.15212019892039813,2025,2025-01
ETH,ETH/USDT:USDT,2025-01-28 16:00:00+00:00,short_pullback_restart,short,3149.41,3228.4823746806696,0.025107043757614852,False,True,0.021496089743793224,1.6769820184656596,0.600039039625224,0.3675580714425126,0.021540707103470558,0.020911536840740208,-0.0742937595710973,0.03667215273206059,-0.010120662180468476,tp1,5.0,True,False,False,1.4089623645416507,-0.40722186642349517,tp1,5.0,True,False,False,1.4089623645416507,-3.6293332678948342,2025,2025-01
NEAR,NEAR/USDT:USDT,2025-01-28 16:00:00+00:00,short_pullback_restart,short,4.483,4.692703064874478,0.04677739568915424,False,True,0.04238233325897845,1.6763237784116898,0.6521739130434799,0.3152173913043451,0.04158921933085491,0.029155188246097197,-0.07010993569798796,0.05507178159566961,-0.01623875356594262,tp1,6.0,True,False,False,1.115863519400944,-0.35287991639175503,tp1,6.0,True,False,False,1.115863519400944,-1.7357876968459167,2025,2025-01
BNB,BNB/USDT:USDT,2025-01-28 21:00:00+00:00,short_pullback_restart,short,661.01,678.1620871602995,0.025948302083628864,False,True,0.01999969743271664,1.384527497729709,0.5134751773049602,0.014184397163123655,-0.020058113677469014,-0.015196436286706194,-0.024065789667951143,0.0028522446254912737,-0.026996393611540492,stop,7.0,False,False,True,0.10960765196852966,-1.0692576261185331,stop,7.0,False,False,True,0.10960765196852966,-1.6627714011396124,2025,2025-01
BTC,BTC/USDT:USDT,2025-01-31 15:00:00+00:00,long_pullback_restart,long,105407.0,103763.5359732621,0.015591602329426888,True,False,0.010526815107156126,4.678222874773186,0.6274263458760013,0.6274891638922029,-0.03137457664102006,-0.032023489901050195,-0.06265523162598308,0.0012333146754959223,-0.03854582712723065,stop,3.0,False,False,True,0.07910121419453037,-2.4722171790182834,stop,3.0,False,False,True,0.07910121419453037,-8.686956189931164,2025,2025-01
NEAR,NEAR/USDT:USDT,2025-02-01 08:00:00+00:00,short_pullback_restart,short,4.549,4.6965390015072375,0.03243328237134251,False,True,0.025939766981754105,1.2575695072568083,0.506666666666657,0.29333333333333583,0.0254733994589722,0.0859393650035809,0.36894372554920274,0.10924164837844441,-0.00021978021978008577,tp1,10.0,True,True,False,3.0364852372816493,-0.0067778688332142045,tp1,10.0,True,True,False,12.498390128453922,-0.0067778688332142045,2025,2025-02
DOGE,DOGE/USDT:USDT,2025-02-01 19:00:00+00:00,short_compression_breakdown,short,0.315,0.328950009801247,0.04428574540078412,False,True,0.031142857142857097,2.7635127504961865,0.6777777777777801,0.2984126984126986,0.006454086523100644,0.14783369165178728,0.18733509234828505,0.19940600845295675,-0.0019327651215107489,tp1,8.0,True,True,False,3.7541192261613068,-0.04372756784339114,tp1,8.0,True,True,False,8.100352731644595,-0.04372756784339114,2025,2025-02
DOGE,DOGE/USDT:USDT,2025-02-01 19:00:00+00:00,short_pullback_restart,short,0.315,0.328950009801247,0.04428574540078412,False,True,0.031142857142857097,2.7635127504961865,0.6777777777777801,0.2984126984126986,0.006454086523100644,0.14783369165178728,0.18733509234828505,0.19940600845295675,-0.0019327651215107489,tp1,8.0,True,True,False,3.7541192261613068,-0.04372756784339114,tp1,8.0,True,True,False,8.100352731644595,-0.04372756784339114,2025,2025-02
ETH,ETH/USDT:USDT,2025-02-01 19:00:00+00:00,short_compression_breakdown,short,3195.18,3305.888474411443,0.03464858768878221,False,True,0.024252154808179896,3.5305340423090765,0.6874623267028417,0.272905364677513,0.013872935084056293,0.08027020447906508,0.15397367137981477,0.10561009283833389,-0.0002753390111575049,tp1,8.0,True,True,False,2.7568801902707154,-0.007948804323051442,tp1,8.0,True,True,False,10.071406059270483,-0.007948804323051442,2025,2025-02
ETH,ETH/USDT:USDT,2025-02-02 11:00:00+00:00,short_compression_breakdown,short,3063.49,3168.465745826062,0.034266717314586435,False,True,0.03102017633483387,1.9239636293787457,0.6441668018822035,0.21888690572772607,0.030735429690391447,0.18766161516303992,0.0946587197793165,0.4726972055437242,-0.011892167361209793,tp1,6.0,True,True,False,9.366925590881348,-0.35122398712071456,tp1,6.0,True,True,False,9.366925590881348,-0.35122398712071456,2025,2025-02
ETH,ETH/USDT:USDT,2025-02-02 11:00:00+00:00,short_pullback_restart,short,3063.49,3168.465745826062,0.034266717314586435,False,True,0.03102017633483387,1.9239636293787457,0.6441668018822035,0.21888690572772607,0.030735429690391447,0.18766161516303992,0.0946587197793165,0.4726972055437242,-0.011892167361209793,tp1,6.0,True,True,False,9.366925590881348,-0.35122398712071456,tp1,6.0,True,True,False,9.366925590881348,-0.35122398712071456,2025,2025-02
ETH,ETH/USDT:USDT,2025-02-02 16:00:00+00:00,short_compression_breakdown,short,3014.7,3144.8443749386342,0.04316992567706055,False,True,0.02958503333665028,2.566716455568467,0.826486348558307,0.16203113039040318,0.04878829414916175,0.11480902142199434,0.08815864513474292,0.4492426172609232,-0.007015810276679857,tp1,6.0,True,True,False,7.180563896370006,-0.16366439202649782,tp1,6.0,True,True,False,7.180563896370006,-0.16366439202649782,2025,2025-02
ETH,ETH/USDT:USDT,2025-02-02 16:00:00+00:00,short_pullback_restart,short,3014.7,3144.8443749386342,0.04316992567706055,False,True,0.02958503333665028,2.566716455568467,0.826486348558307,0.16203113039040318,0.04878829414916175,0.11480902142199434,0.08815864513474292,0.4492426172609232,-0.007015810276679857,tp1,6.0,True,True,False,7.180563896370006,-0.16366439202649782,tp1,6.0,True,True,False,7.180563896370006,-0.16366439202649782,2025,2025-02
SOL,SOL/USDT:USDT,2025-02-05 15:00:00+00:00,short_compression_breakdown,short,201.64,209.59395348186558,0.03944630768630032,False,True,0.03025193414005155,1.8233828735104847,0.48416289592760653,0.08371040723981384,0.014540880503144615,0.05493355655540433,0.04303745085867994,0.058588828223435474,-0.010889826351417775,tp1,24.0,True,False,False,1.4030758446656673,-0.2791064852291954,tp1,24.0,True,False,False,1.820478336089503,-0.2791064852291954,2025,2025-02
SOL,SOL/USDT:USDT,2025-02-05 15:00:00+00:00,short_pullback_restart,short,201.64,209.59395348186558,0.03944630768630032,False,True,0.03025193414005155,1.8233828735104847,0.48416289592760653,0.08371040723981384,0.014540880503144615,0.05493355655540433,0.04303745085867994,0.058588828223435474,-0.010889826351417775,tp1,24.0,True,False,False,1.4030758446656673,-0.2791064852291954,tp1,24.0,True,False,False,1.820478336089503,-0.2791064852291954,2025,2025-02
LINK,LINK/USDT:USDT,2025-02-06 14:00:00+00:00,short_pullback_restart,short,19.123,19.992981060004098,0.04549396329049296,False,True,0.0348271714689118,1.745142017997915,0.8104347826086924,0.09217391304347981,0.01008873864356663,-0.027314343845371236,0.040594221037166145,0.039632488855061654,-0.03555577970546697,none,,False,False,False,0.8379492767308863,-0.8103624692664899,tp1,30.0,True,False,False,1.5368150658287936,-0.8103624692664899,2025,2025-02
SOL,SOL/USDT:USDT,2025-02-06 14:00:00+00:00,short_pullback_restart,short,195.18,204.41165872226264,0.047298179743122434,False,True,0.032021723537247665,2.289501829754567,0.8981818181818177,0.021818181818182646,0.01108578532946547,-0.039373954129343414,-0.020868867261964463,0.04285103654627065,-0.03998819536668141,none,,False,False,False,0.8687496192487438,-0.8806651377172412,stop,61.0,False,False,True,0.8687496192487438,-1.308540573631521,2025,2025-02
BTC,BTC/USDT:USDT,2025-02-09 13:00:00+00:00,short_pullback_restart,short,95835.5,97377.74292726553,0.01609260584298645,False,True,0.010352113778297095,2.7352489549625827,0.8861492859067632,0.0926973861492902,-0.0018320741078663438,-0.023832878534621238,0.00966623822667989,0.012524022689886172,-0.025348832479049732,stop,16.0,False,False,True,0.7686208048311599,-1.6161526539916276,stop,16.0,False,False,True,1.1876209432501803,-1.71613690243516,2025,2025-02
DOGE,DOGE/USDT:USDT,2025-02-09 13:00:00+00:00,short_pullback_restart,short,0.24924,0.26045800440063704,0.0450088444897972,False,True,0.029128550794414978,2.653721001498261,0.8243478260869548,0.1234782608695631,-0.0010420841683367321,-0.01916492857423957,-0.011971775152620268,0.0406680584551149,-0.02385148631183176,none,,False,False,False,0.8682471188411085,-0.5428773053123574,stop,37.0,False,False,True,0.8682471188411085,-1.8416822869874014,2025,2025-02
ETH,ETH/USDT:USDT,2025-02-09 21:00:00+00:00,short_pullback_restart,short,2550.75,2673.23084753961,0.04801758209922958,False,True,0.022906988140742855,5.257526992493835,0.6988021004266491,0.2677223498523144,-0.028182053704776,-0.04201500777429745,-0.0486677805791349,0.010198019801980207,-0.05281861425404466,stop,16.0,False,False,True,0.21023695146845345,-1.1613244262863214,stop,16.0,False,False,True,0.21023695146845345,-1.4185074931312256,2025,2025-02
SOL,SOL/USDT:USDT,2025-02-09 21:00:00+00:00,short_pullback_restart,short,195.01,203.470976707823,0.04338739914785407,False,True,0.0343572124506435,2.2745428702784984,0.6549079754601232,0.27453987730061186,-0.033886549417884604,-0.025047495250475005,-0.0035258048032702494,0.005465326114978186,-0.06649114408808054,stop,3.0,False,False,True,0.12528104456544903,-1.6416544424661181,stop,3.0,False,False,True,0.7930526500322251,-1.6416544424661181,2025,2025-02
SOL,SOL/USDT:USDT,2025-02-11 13:00:00+00:00,short_pullback_restart,short,198.18,206.55544025820367,0.042261783521059984,False,True,0.029316782722777282,1.9477376362369567,0.8234086242299768,0.11498973305954861,0.013604746317512184,0.03277919641461269,0.0026307801274916276,0.046964974377938784,-0.013440860215053752,tp1,24.0,True,False,False,1.0614367395543585,-0.3223711132504782,tp1,24.0,True,False,False,1.1796394810795319,-0.37848756629778374,2025,2025-02
BTC,BTC/USDT:USDT,2025-02-13 06:00:00+00:00,short_pullback_restart,short,96010.0,98229.51040316076,0.023117491960845355,False,True,0.0186563899593792,1.2622518434763141,0.6127339340528829,0.3002277453213178,0.0024526207751283113,-0.008023838010633777,-0.01470502212064706,0.008931264258864813,-0.012364728634325028,none,,False,False,False,0.38292228718084304,-0.5415608767988899,stop,35.0,False,False,True,0.38292228718084304,-1.2537900232578638,2025,2025-02
SOL,SOL/USDT:USDT,2025-02-16 13:00:00+00:00,short_pullback_restart,short,190.56,196.48048188738852,0.031068859610561075,False,True,0.021620486985726304,3.6486766839355447,0.7122302158273341,0.23021582733813473,0.007720782654680125,0.03077838481094819,0.11113702623906696,0.05573407202216063,-0.003138731952291196,tp1,15.0,True,False,False,1.6991860107585592,-0.10134310203331269,tp1,15.0,True,True,False,5.031685015954021,-0.10134310203331269,2025,2025-02
SUI,SUI/USDT:USDT,2025-02-16 13:00:00+00:00,short_compression_breakdown,short,3.3266,3.4244515903672488,0.029414895198475552,False,True,0.022725906330788092,1.567142377177433,0.9363449691991722,0.06160164271047438,0.012786945137916339,0.008030059695160796,0.041841528343250944,0.04282131661442001,-0.007843955978406703,tp1,16.0,True,False,False,1.3959916184021521,-0.2687743745532692,tp1,16.0,True,True,False,4.166513783474066,-0.287169578895316,2025,2025-02
SUI,SUI/USDT:USDT,2025-02-16 13:00:00+00:00,short_pullback_restart,short,3.3266,3.4244515903672488,0.029414895198475552,False,True,0.022725906330788092,1.567142377177433,0.9363449691991722,0.06160164271047438,0.012786945137916339,0.008030059695160796,0.041841528343250944,0.04282131661442001,-0.007843955978406703,tp1,16.0,True,False,False,1.3959916184021521,-0.2687743745532692,tp1,16.0,True,True,False,4.166513783474066,-0.287169578895316,2025,2025-02
BTC,BTC/USDT:USDT,2025-02-16 23:00:00+00:00,short_pullback_restart,short,96067.0,97362.96531148042,0.013490223609360386,False,True,0.0080881051765955,3.9801495630443178,0.9026737967914508,0.07724301841948901,-0.0013669651813698058,0.0033819634188119174,-0.005497008219631838,0.009631048043837742,-0.009618556701030956,none,,False,False,False,0.7071176920261547,-0.7199266768446164,tp1,41.0,True,True,False,2.1184208988308746,-0.7199266768446164,2025,2025-02
SUI,SUI/USDT:USDT,2025-02-17 04:00:00+00:00,short_compression_breakdown,short,3.2372,3.35162105618091,0.03534568645153522,False,True,0.028481403682194508,1.497793744172314,0.9561243144424099,0.009140767824500315,-0.013920618964939568,0.026086405274335256,-0.027926250675635034,0.030331964734714667,-0.035025486630697156,stop,10.0,False,False,True,0.8328886586164894,-1.0269088917884295,stop,10.0,False,False,True,2.7818306404787925,-1.0269088917884295,2025,2025-02
SUI,SUI/USDT:USDT,2025-02-17 04:00:00+00:00,short_pullback_restart,short,3.2372,3.35162105618091,0.03534568645153522,False,True,0.028481403682194508,1.497793744172314,0.9561243144424099,0.009140767824500315,-0.013920618964939568,0.026086405274335256,-0.027926250675635034,0.030331964734714667,-0.035025486630697156,stop,10.0,False,False,True,0.8328886586164894,-1.0269088917884295,stop,10.0,False,False,True,2.7818306404787925,-1.0269088917884295,2025,2025-02
DOGE,DOGE/USDT:USDT,2025-02-18 05:00:00+00:00,short_compression_breakdown,short,0.25232,0.26191972116906354,0.03804581947155813,False,True,0.030477171845275743,1.2115766770113903,0.801339285714297,0.15624999999999575,0.005299015897047621,0.005018720624551776,-0.005086550214896901,0.04273080419869402,-0.013565815708198259,tp1,11.0,True,False,False,1.0771146180080828,-0.36146883215552056,tp1,11.0,True,False,False,1.0771146180080828,-0.536473915158764,2025,2025-02
DOGE,DOGE/USDT:USDT,2025-02-18 05:00:00+00:00,short_pullback_restart,short,0.25232,0.26191972116906354,0.03804581947155813,False,True,0.030477171845275743,1.2115766770113903,0.801339285714297,0.15624999999999575,0.005299015897047621,0.005018720624551776,-0.005086550214896901,0.04273080419869402,-0.013565815708198259,tp1,11.0,True,False,False,1.0771146180080828,-0.36146883215552056,tp1,11.0,True,False,False,1.0771146180080828,-0.536473915158764,2025,2025-02
DOGE,DOGE/USDT:USDT,2025-02-23 15:00:00+00:00,short_pullback_restart,short,0.24062,0.24778912426331268,0.02979438227625582,False,True,0.01895104313855876,2.416642399634714,0.7245989304812821,0.08556149732619987,-0.006031064111037598,0.0676665039712474,0.1467378353905544,0.08270338372930164,-0.013164909978263473,tp1,12.0,True,True,False,2.5637719929138263,-0.4477534329299976,tp1,12.0,True,True,False,6.300630082694095,-0.4477534329299976,2025,2025-02
DOGE,DOGE/USDT:USDT,2025-02-24 01:00:00+00:00,short_pullback_restart,short,0.23926,0.24576818434490658,0.027201305462286114,False,True,0.02169188330686283,2.0457960190519713,0.6766055045871574,0.25688073394495625,0.02629434221249949,0.1426524666889537,0.17203879690408552,0.1758981668059172,-0.0007934850699519158,tp1,2.0,True,True,False,5.499229601265044,-0.02919401017715382,tp1,2.0,True,True,False,6.731524136111249,-0.02919401017715382,2025,2025-02
SOL,SOL/USDT:USDT,2025-02-24 01:00:00+00:00,short_compression_breakdown,short,163.53,170.14150763241744,0.0404299372128505,False,True,0.021525102427689173,3.9575782562014648,0.8305555555555594,0.11944444444444653,0.016345556246115667,0.16740434037692742,0.19452154857560267,0.19225721784776906,-0.008187772925764114,tp1,9.0,True,True,False,3.988500273478174,-0.20418943379581006,tp1,9.0,True,True,False,4.989784756239855,-0.20418943379581006,2025,2025-02
SOL,SOL/USDT:USDT,2025-02-24 01:00:00+00:00,short_pullback_restart,short,163.53,170.14150763241744,0.0404299372128505,False,True,0.021525102427689173,3.9575782562014648,0.8305555555555594,0.11944444444444653,0.016345556246115667,0.16740434037692742,0.19452154857560267,0.19225721784776906,-0.008187772925764114,tp1,9.0,True,True,False,3.988500273478174,-0.20418943379581006,tp1,9.0,True,True,False,4.989784756239855,-0.20418943379581006,2025,2025-02
LINK,LINK/USDT:USDT,2025-02-24 02:00:00+00:00,short_pullback_restart,short,17.26,17.792094770468573,0.03082820222877007,False,True,0.02358053302433372,1.2649156478876318,0.683486238532098,0.01376146788990878,0.04164152082076056,0.12494297073584049,0.1347797501643655,0.16362165441920062,-5.7934071027054834e-05,tp1,2.0,True,True,False,4.561217539993383,-0.0018793644581717142,tp1,2.0,True,True,False,6.091020208948724,-0.0018793644581717142,2025,2025-02
ETH,ETH/USDT:USDT,2025-02-26 12:00:00+00:00,short_pullback_restart,short,2431.95,2513.312967876517,0.03345585553836113,False,True,0.020473282756635607,1.9004859164725418,0.7266071837108257,0.22260352322123106,0.061226894276587895,0.036632409921526055,0.1154557088013648,0.0795328438640257,-0.011844297265450443,tp1,6.0,True,True,False,2.2021074780841534,-0.3582710999952749,tp1,6.0,True,True,False,4.44858403579037,-0.3582710999952749,2025,2025-02
BTC,BTC/USDT:USDT,2025-02-26 13:00:00+00:00,short_pullback_restart,short,87150.0,89539.72384709388,0.02742081293280408,False,True,0.020756167527251963,1.5079550108409123,0.7171128107074626,0.14340344168260039,0.03957915831663317,0.012444411399787247,0.031545282056320234,0.059935297122424736,-0.015254237288135575,tp1,5.0,True,True,False,2.062162959118855,-0.5649188301157577,tp1,5.0,True,True,False,3.7451189227926,-0.5649188301157577,2025,2025-02
ETH,ETH/USDT:USDT,2025-02-26 13:00:00+00:00,short_pullback_restart,short,2415.74,2513.447184456766,0.04044606806062172,False,True,0.03486716285692998,1.5252928643310435,0.5311475409836155,0.2373770491803207,0.052399083408118496,0.03432123926390873,0.12269662085856492,0.07233728992622424,-0.018430782983218985,tp1,5.0,True,False,False,1.6678405063663102,-0.4642442646586662,tp1,5.0,True,True,False,3.5385320119728108,-0.4642442646586662,2025,2025-02
TRX,TRX/USDT:USDT,2025-02-26 17:00:00+00:00,short_pullback_restart,short,0.22558,0.23183010454908384,0.027706820414415464,False,True,0.02154446316162782,1.357949250091764,0.6794871794871804,0.2115384615384588,-0.006430584918956983,-0.011481156879929788,-0.021599583622484264,0.014207355453646153,-0.027169225461445623,stop,4.0,False,False,True,0.5055915425387882,-1.0079831386058131,stop,4.0,False,False,True,1.4223762066993155,-1.8751686324539902,2025,2025-02
TRX,TRX/USDT:USDT,2025-02-26 18:00:00+00:00,short_pullback_restart,short,0.22282,0.2318195256527207,0.040389218439640606,False,True,0.027466116147562995,2.7512147101377784,0.6934673366834231,0.10050251256281038,-0.015334305537142656,-0.02413173914947675,-0.034282494690764054,0.0012582007728947353,-0.03907193375884088,stop,3.0,False,False,True,0.03111275091652785,-1.0067197260847867,stop,3.0,False,False,True,0.6811470111368355,-1.6089736902547143,2025,2025-02
BNB,BNB/USDT:USDT,2025-02-27 14:00:00+00:00,short_pullback_restart,short,602.84,620.6548137523664,0.02955147925215045,False,True,0.018562139207750072,1.4397796692829528,0.7480748074807404,0.020902090209026832,0.006192312186003024,0.03502506695968677,-0.0005139683329187239,0.07734648652512699,-0.010618568544747187,tp1,12.0,True,True,False,2.429438814326707,-0.3631808948404241,tp1,12.0,True,True,False,2.429438814326707,-0.4855509645084547,2025,2025-02
DOGE,DOGE/USDT:USDT,2025-02-27 20:00:00+00:00,short_pullback_restart,short,0.20276,0.21216325937262195,0.04637630386970783,False,True,0.03624975340303805,2.139363912926221,0.5607235142118859,0.38759689922480534,0.05149613649328422,0.010163411717815762,-0.12926221764150136,0.11775082690187433,-0.023314065510597337,tp1,6.0,True,True,False,2.2715527833030595,-0.5147151437821553,tp1,6.0,True,True,False,2.2715527833030595,-3.491342597183496,2025,2025-02
TRX,TRX/USDT:USDT,2025-02-27 20:00:00+00:00,short_pullback_restart,short,0.22622,0.23000771292083,0.016743492709884157,False,True,0.012377331800901763,1.4724931662481247,0.5973154362416043,0.3624161073825542,0.025197135865131948,-0.020946940188695473,-0.07597418511559517,0.04397987908994416,-0.023018786439213956,tp1,5.0,True,True,False,2.5160301741959157,-1.4071816189364343,tp1,5.0,True,True,False,2.5160301741959157,-5.6551276318233406,2025,2025-02
BNB,BNB/USDT:USDT,2025-02-28 01:00:00+00:00,short_pullback_restart,short,587.46,613.6419957780539,0.04456813362280644,False,True,0.029210499438259763,4.272012983004737,0.7919042189281651,0.09977194982896258,0.0364319613274291,-0.010377008860887438,-0.04479601957691737,0.04986060476088361,-0.012672268907563011,tp1,7.0,True,False,False,1.0656177717126618,-0.2879841576599787,tp1,7.0,True,False,False,1.0656177717126618,-1.7966544796187602,2025,2025-02
TRX,TRX/USDT:USDT,2025-02-28 01:00:00+00:00,short_pullback_restart,short,0.22141,0.229904132975683,0.038363818145896726,False,True,0.019511313852129616,5.846552180070282,0.9211746522411152,0.0015455950540930886,0.0085637498291804,-0.06010952158594052,-0.08790937178166836,0.021782269601735127,-0.060189311940235135,stop,16.0,False,False,True,0.5556776675750684,-1.6693875691132345,stop,16.0,False,False,True,0.5556776675750684,-3.08801381790128,2025,2025-02
LINK,LINK/USDT:USDT,2025-03-02 13:00:00+00:00,short_pullback_restart,short,14.604,14.954739487270954,0.024016672642492132,False,True,0.018214187893727748,1.3534801618397576,0.6262626262626334,0.3686868686868643,-0.13835624520620704,-0.12650278126682224,-0.07475924987328952,0.014025829745868634,-0.16700889801505825,stop,2.0,False,False,True,0.5759260286651154,-8.34807629669039,stop,2.0,False,False,True,4.393574307786843,-8.34807629669039,2025,2025-03
BNB,BNB/USDT:USDT,2025-03-02 14:00:00+00:00,short_pullback_restart,short,603.15,612.2155100388271,0.015030274457145224,False,True,0.01142336068971232,1.7579558283533598,0.55240174672488,0.3799126637554571,-0.02420281179725292,0.02606195668815814,0.021336042672085442,0.029266211604095593,-0.04940898345153666,stop,1.0,False,False,True,1.8917854512925754,-3.458161743324919,stop,1.0,False,False,True,6.358164047376336,-3.458161743324919,2025,2025-03
BTC,BTC/USDT:USDT,2025-03-02 14:00:00+00:00,short_pullback_restart,short,85076.3,86618.09756440739,0.01812252724210372,False,True,0.012654523057537831,2.890160476308339,0.7018096906012741,0.0715703444249888,-0.09752519359287148,-0.04664237224698731,-0.038439238087057404,0.0005433370065424104,-0.10418654115466819,stop,1.0,False,False,True,0.029965023338037706,-6.41763888361256,stop,1.0,False,False,True,2.514143289290973,-6.41763888361256,2025,2025-03
LINK,LINK/USDT:USDT,2025-03-02 14:00:00+00:00,short_pullback_restart,short,14.472,14.955158095323029,0.03338571692392406,False,True,0.02694859038142612,1.7115524193518405,0.6186046511627902,0.32558139534883607,-0.1522961574507966,-0.10240029771134418,-0.07851002865329515,0.0027716186252770836,-0.17453798767967144,stop,1.0,False,False,True,0.0827886366537148,-6.3333307040093185,stop,1.0,False,False,True,2.9162297261271637,-6.3333307040093185,2025,2025-03
DOGE,DOGE/USDT:USDT,2025-03-09 02:00:00+00:00,short_compression_breakdown,short,0.18988,0.19710351206969542,0.03804251142666648,False,True,0.029281651569412166,1.497884955222069,0.5967078189300402,0.17283950617283994,0.0004742083355286919,0.10171163330432265,0.16241199877563517,0.15463666768014583,-0.010887117778819677,tp1,11.0,True,True,False,3.520448191217904,-0.28933294218031674,tp1,11.0,True,True,False,6.5328332734397545,-0.28933294218031674,2025,2025-03
DOGE,DOGE/USDT:USDT,2025-03-09 02:00:00+00:00,short_pullback_restart,short,0.18988,0.19710351206969542,0.03804251142666648,False,True,0.029281651569412166,1.497884955222069,0.5967078189300402,0.17283950617283994,0.0004742083355286919,0.10171163330432265,0.16241199877563517,0.15463666768014583,-0.010887117778819677,tp1,11.0,True,True,False,3.520448191217904,-0.28933294218031674,tp1,11.0,True,True,False,6.5328332734397545,-0.28933294218031674,2025,2025-03
ZEC,ZEC/USDT:USDT,2025-03-09 02:00:00+00:00,short_pullback_restart,short,31.97,33.11179363055115,0.035714533329720015,False,True,0.027838598686268395,1.5728352007963142,0.6451612903225925,0.19354838709677086,0.01782871696911803,0.02764384442301515,0.06851604278074852,0.0967409948542024,-0.002807236431690674,tp1,9.0,True,True,False,2.469798328301038,-0.07882335090322759,tp1,9.0,True,True,False,3.6083578413476127,-0.07882335090322759,2025,2025-03
BTC,BTC/USDT:USDT,2025-03-09 09:00:00+00:00,short_pullback_restart,short,85533.0,86564.59540828729,0.012060788330671111,False,True,0.008710088503852314,1.837139439466601,0.42397379071112445,0.38523800346886955,0.030139527041267877,0.037243911726399404,0.035200170409297016,0.07005331938839099,-0.0006496192249902943,tp1,3.0,True,True,False,5.428097057253046,-0.05389709914695704,tp1,3.0,True,True,False,8.69817752959703,-0.05389709914695704,2025,2025-03
DOGE,DOGE/USDT:USDT,2025-03-09 09:00:00+00:00,short_pullback_restart,short,0.18796,0.19568582797510448,0.04110357509632096,False,True,0.03522025962970838,1.642533387301548,0.7634854771784281,0.13692946058091185,0.06036330813494284,0.0784943768648152,0.12564378967541012,0.14296138643964706,-0.0021235931195583424,tp1,4.0,True,True,False,3.0430395390316742,-0.051774386032016416,tp1,4.0,True,True,False,5.859566139173287,-0.051774386032016416,2025,2025-03
XRP,XRP/USDT:USDT,2025-03-09 09:00:00+00:00,short_pullback_restart,short,2.2972,2.368124445440142,0.030874301514949444,False,True,0.02550931568866455,1.465748938827735,0.685245901639335,0.16721311475410194,0.05183150183150187,0.05327831270059602,0.04318604967985107,0.10368021523974269,-0.0012608147471848685,tp1,3.0,True,True,False,3.04267447790098,-0.04088858195510907,tp1,3.0,True,True,False,5.66800342963945,-0.04088858195510907,2025,2025-03
BTC,BTC/USDT:USDT,2025-03-09 10:00:00+00:00,short_pullback_restart,short,84816.7,86565.29430769534,0.020616155871371333,False,True,0.013411273959019863,4.315750820017811,0.7762844136136924,0.16334272707565156,0.02868595477341218,0.031337739164270184,0.028578670168966536,0.06109210918089314,-0.00298926778808295,tp1,4.0,True,True,False,2.7927003871105045,-0.14543110364757622,tp1,4.0,True,True,False,4.721907170613167,-0.14543110364757622,2025,2025-03
ETH,ETH/USDT:USDT,2025-03-09 10:00:00+00:00,short_pullback_restart,short,2132.84,2220.969447671335,0.04132023390002751,False,True,0.02681401324056169,2.6590183469350697,0.7549575070821511,0.1373937677053859,0.04142578125000007,0.01616069216549465,0.12288423369115997,0.07350513388363211,-0.009359077376113967,tp1,6.0,True,False,False,1.657107855079656,-0.22864094275441266,tp1,6.0,True,True,False,4.315697080258804,-0.22864094275441266,2025,2025-03
XRP,XRP/USDT:USDT,2025-03-09 10:00:00+00:00,short_pullback_restart,short,2.2488,2.358022699337275,0.04856932556798056,False,True,0.02659196015652796,4.369451032466328,0.8080133555926565,0.14357262103505783,0.05364756594668041,0.03231729709878817,0.03255429542219557,0.08042663591813204,-0.006230942595784161,tp1,6.0,True,False,False,1.5326484422718458,-0.1290940444207467,tp1,6.0,True,True,False,3.2374222771046846,-0.1290940444207467,2025,2025-03
TRX,TRX/USDT:USDT,2025-03-11 14:00:00+00:00,short_compression_breakdown,short,0.22284,0.23264204798332536,0.04398693225329988,False,True,0.028495781726799473,2.744888833380403,0.8100686498855784,0.11899313501144598,-0.008939292861907866,0.009284840798949423,0.006913379422529564,0.014615489687201277,-0.021687593291772722,none,,False,False,False,0.32748258378868145,-0.5039763127464414,none,,False,False,False,0.32748258378868145,-0.5039763127464414,2025,2025-03
TRX,TRX/USDT:USDT,2025-03-11 14:00:00+00:00,short_pullback_restart,short,0.22284,0.23264204798332536,0.04398693225329988,False,True,0.028495781726799473,2.744888833380403,0.8100686498855784,0.11899313501144598,-0.008939292861907866,0.009284840798949423,0.006913379422529564,0.014615489687201277,-0.021687593291772722,none,,False,False,False,0.32748258378868145,-0.5039763127464414,none,,False,False,False,0.32748258378868145,-0.5039763127464414,2025,2025-03
BTC,BTC/USDT:USDT,2025-03-13 13:00:00+00:00,short_pullback_restart,short,81730.6,84464.42238667223,0.033449190225842286,False,True,0.025634217783792185,3.0923127211580175,0.4741368245411306,0.1120523681170621,0.01936568555674323,-0.021874521292892024,-0.010059216749776834,0.022867612642265778,-0.025345830948292236,none,,False,False,False,0.6683682191307938,-0.7774462636496148,stop,26.0,False,False,True,0.6683682191307938,-1.2947439516393042,2025,2025-03
DOGE,DOGE/USDT:USDT,2025-03-16 09:00:00+00:00,short_pullback_restart,short,0.17211,0.17766317169816212,0.03226524721493293,False,True,0.02597176224507583,2.4096176281782014,0.7710144927536262,0.18550724637681312,0.024159476346325537,-0.009153713298790889,0.0251355053904343,0.03943713008817484,-0.015614275909402786,tp1,4.0,True,False,False,1.175904573986285,-0.49161094747052586,tp1,4.0,True,False,False,1.7161363843934603,-0.7311137167510396,2025,2025-03
SUI,SUI/USDT:USDT,2025-03-16 10:00:00+00:00,short_pullback_restart,short,2.2898,2.3772886711390124,0.0382079968289861,False,True,0.031094418726526206,1.3070809125215745,0.6245733788395876,0.1467576791808934,0.01300654751371444,0.003593969144459974,-0.01822235561462937,0.03935363805546732,-0.012889597792818064,none,,False,False,False,0.9909854484158385,-0.34175853411342105,stop,33.0,False,False,True,0.9909854484158385,-1.108714976889692,2025,2025-03
BTC,BTC/USDT:USDT,2025-03-16 11:00:00+00:00,short_pullback_restart,short,82367.9,84447.80542142695,0.025251407665206428,False,True,0.009496417900662723,8.462194480070696,0.9525575060532712,0.026104721549636688,-0.01790634758440779,-0.013262653489068632,-0.01765686643990827,0.005398800863222197,-0.03251386017665858,stop,5.0,False,False,True,0.21265390024155068,-1.3308778233295346,stop,5.0,False,False,True,0.6031043465136942,-1.3308778233295346,2025,2025-03
ADA,ADA/USDT:USDT,2025-03-18 13:00:00+00:00,short_compression_breakdown,short,0.6853,0.7164929518024408,0.04551722136646833,False,True,0.024514811031664856,5.460150451991868,0.6387665198237852,0.19823788546255722,-0.014524014955421327,-0.06787268770402599,-0.033563672260611965,0.006018790369935356,-0.07516869095816459,stop,20.0,False,False,True,0.13143994919003404,-1.7856597975329036,stop,20.0,False,False,True,0.13143994919003404,-2.2344791362305823,2025,2025-03
ADA,ADA/USDT:USDT,2025-03-18 13:00:00+00:00,short_pullback_restart,short,0.6853,0.7164929518024408,0.04551722136646833,False,True,0.024514811031664856,5.460150451991868,0.6387665198237852,0.19823788546255722,-0.014524014955421327,-0.06787268770402599,-0.033563672260611965,0.006018790369935356,-0.07516869095816459,stop,20.0,False,False,True,0.13143994919003404,-1.7856597975329036,stop,20.0,False,False,True,0.13143994919003404,-2.2344791362305823,2025,2025-03
ETH,ETH/USDT:USDT,2025-03-18 13:00:00+00:00,short_pullback_restart,short,1878.79,1926.9290352348523,0.025622360793304398,False,True,0.021173201901223647,2.9493976701744766,0.5198728139904684,0.24324324324324031,-0.012996905748793086,-0.06795880502832652,-0.037233851751261926,0.003439527866050618,-0.0757306676243279,stop,10.0,False,False,True,0.13377916629574524,-3.197820630367524,stop,10.0,False,False,True,0.13377916629574524,-3.9655967151952733,2025,2025-03
SOL,SOL/USDT:USDT,2025-03-18 13:00:00+00:00,short_compression_breakdown,short,122.28,127.12700483211394,0.03963857402775547,False,True,0.033284265619888724,1.7978213277078179,0.5939086294416256,0.3147208121827436,-0.014903729960525247,-0.06306030189257517,-0.038149925273342156,0.003940886699507429,-0.06777464359228469,stop,21.0,False,False,True,0.09903022931187386,-1.834122372046979,stop,21.0,False,False,True,0.09903022931187386,-2.847119092716352,2025,2025-03
SOL,SOL/USDT:USDT,2025-03-18 13:00:00+00:00,short_pullback_restart,short,122.28,127.12700483211394,0.03963857402775547,False,True,0.033284265619888724,1.7978213277078179,0.5939086294416256,0.3147208121827436,-0.014903729960525247,-0.06306030189257517,-0.038149925273342156,0.003940886699507429,-0.06777464359228469,stop,21.0,False,False,True,0.09903022931187386,-1.834122372046979,stop,21.0,False,False,True,0.09903022931187386,-2.847119092716352,2025,2025-03
NEAR,NEAR/USDT:USDT,2025-03-18 17:00:00+00:00,short_pullback_restart,short,2.506,2.6029827675288866,0.038700226468031444,False,True,0.031923383878691175,1.4814144409438326,0.7916666666666713,0.08333333333333333,-0.030185758513932015,-0.0949801372336585,-0.08640174990885896,0.0023999999999999577,-0.103719599427754,stop,7.0,False,False,True,0.06186666098400063,-2.9902219475601384,stop,7.0,False,False,True,0.06186666098400063,-3.268621921988153,2025,2025-03
BTC,BTC/USDT:USDT,2025-03-21 12:00:00+00:00,short_pullback_restart,short,83428.6,84916.31728312376,0.017832221601749937,False,True,0.013943659608335785,2.0321605493094252,0.5718672610202955,0.0928182268449843,-0.007632897705848518,-0.0090956168106191,-0.04419703413131926,0.0036885541733837623,-0.013263157894736755,none,,False,False,False,0.2060875432973655,-0.7537722474026748,stop,47.0,False,False,True,0.2060875432973655,-3.004804777567492,2025,2025-03
ADA,ADA/USDT:USDT,2025-03-23 18:00:00+00:00,short_pullback_restart,short,0.6938,0.7168416878816837,0.03321085021862742,False,True,0.02089939463822421,2.2501181879446754,0.9705882352941209,0.02941176470587915,-0.02569863783176518,-0.058488261636585714,-0.04303448275862065,0.004052098408104277,-0.06470746832030205,stop,6.0,False,False,True,0.12151887545642004,-2.083180722110041,stop,6.0,False,False,True,0.12151887545642004,-3.484987749696588,2025,2025-03
ETH,ETH/USDT:USDT,2025-03-28 04:00:00+00:00,short_pullback_restart,short,1936.31,2023.9309812348465,0.04525152544522652,False,True,0.01555019599134431,6.0020690796696865,0.5850905019593208,0.3695652173913032,0.014417510569523007,0.022473927392739235,0.07333662230253712,0.0442832488404703,0.0,none,,False,False,False,0.9371043195684395,0.0,tp1,31.0,True,False,False,1.9432560284121103,0.0,2025,2025-03
SOL,SOL/USDT:USDT,2025-03-28 04:00:00+00:00,short_compression_breakdown,short,134.2,140.19331259452713,0.044659557336267815,False,True,0.02906110283159447,3.295441562851755,0.6331658291457283,0.23618090452261142,0.026072329688814122,0.04403298584098336,0.07428754402817783,0.061792863359442896,-0.0022304832713755385,tp1,16.0,True,False,False,1.3031190809456155,-0.050055790561293216,tp1,16.0,True,False,False,1.9488387791862742,-0.050055790561293216,2025,2025-03
XRP,XRP/USDT:USDT,2025-03-28 04:00:00+00:00,short_compression_breakdown,short,2.2739,2.3637153279616943,0.03949836314776131,False,True,0.02621047539469638,2.4885511352726506,0.616724738675961,0.3205574912891948,0.030546113754815085,0.050057723389517195,0.08929341317365269,0.06891364640624253,-0.0011421041071821847,tp1,10.0,True,False,False,1.6322380970709547,-0.028948288215448457,tp1,10.0,True,True,False,2.3837801949719735,-0.028948288215448457,2025,2025-03
XRP,XRP/USDT:USDT,2025-03-28 04:00:00+00:00,short_pullback_restart,short,2.2739,2.3637153279616943,0.03949836314776131,False,True,0.02621047539469638,2.4885511352726506,0.616724738675961,0.3205574912891948,0.030546113754815085,0.050057723389517195,0.08929341317365269,0.06891364640624253,-0.0011421041071821847,tp1,10.0,True,False,False,1.6322380970709547,-0.028948288215448457,tp1,10.0,True,True,False,2.3837801949719735,-0.028948288215448457,2025,2025-03
DOGE,DOGE/USDT:USDT,2025-03-30 13:00:00+00:00,short_pullback_restart,short,0.16827,0.1726876171297242,0.026253147499400893,False,True,0.020205621917157034,1.5538602011415525,0.586319218241043,0.15309446254071654,-0.005907721391859133,0.03417122487861857,-0.020547147846332936,0.051687499999999886,-0.016769895991585737,tp1,11.0,True,False,False,1.8720499665656478,-0.6496715119762247,tp1,11.0,True,False,False,1.8720499665656478,-1.6864295345724363,2025,2025-03
SOL,SOL/USDT:USDT,2025-03-30 13:00:00+00:00,short_pullback_restart,short,123.37,126.72798976767966,0.027218851971140916,False,True,0.016049282645699842,1.831877898238259,0.7871287128712834,0.18316831683168577,-0.019082452095094182,-0.016345080529421074,-0.02203725723345229,0.0064447707619514905,-0.033074692374010506,stop,5.0,False,False,True,0.23525979965861843,-1.256704246277673,stop,5.0,False,False,True,0.23525979965861843,-2.090536447599347,2025,2025-03
DOGE,DOGE/USDT:USDT,2025-03-30 16:00:00+00:00,short_pullback_restart,short,0.16669,0.17249028601822303,0.03479684455110098,False,True,0.027776111344411752,1.4767143065780437,0.5960912052117279,0.22475570032573242,-0.0034078679899556263,0.00011999760004788307,-0.04035693724812894,0.04181250000000003,-0.026002103540960553,tp1,17.0,True,False,False,1.1533913981106665,-0.7672035458284668,tp1,17.0,True,False,False,1.1533913981106665,-1.9568000550905917,2025,2025-03
LINK,LINK/USDT:USDT,2025-03-30 16:00:00+00:00,short_pullback_restart,short,13.42,13.887241806798874,0.034816826140005544,False,True,0.029880774962742163,1.6257536666793242,0.5912162162162199,0.1722972972972982,-0.0022304832713754275,-0.010251493472969941,-0.0424545130217624,0.03637346513244277,-0.02136658645081302,tp1,18.0,True,False,False,1.0080433581636743,-0.627084297116679,tp1,18.0,True,False,False,1.0080433581636743,-2.0781530802057913,2025,2025-03
BTC,BTC/USDT:USDT,2025-04-03 12:00:00+00:00,short_pullback_restart,short,81912.3,84029.52331450437,0.025847440671356706,False,True,0.021387508347342148,1.8485927833478741,0.8936817472698885,0.06419656786271678,-0.001971389268965562,-0.011229729631856089,-0.009081451193399648,0.009117653580905882,-0.03275504155340536,stop,20.0,False,False,True,0.34956161446448947,-1.3101593870599078,stop,20.0,False,False,True,0.34956161446448947,-1.3101593870599078,2025,2025-04
BTC,BTC/USDT:USDT,2025-04-03 14:00:00+00:00,short_compression_breakdown,short,81494.9,83997.08489873081,0.030703576527252856,False,True,0.025644549536228578,1.7769890541151814,0.7471765228990767,0.21778568252556174,-0.01007238463584792,-0.012598337426561246,-0.013737141474040926,0.003975499000889338,-0.03768382570005502,stop,18.0,False,False,True,0.12896728781461353,-1.2754053473900844,stop,18.0,False,False,True,0.12896728781461353,-1.2754053473900844,2025,2025-04
BTC,BTC/USDT:USDT,2025-04-03 14:00:00+00:00,short_pullback_restart,short,81494.9,83997.08489873081,0.030703576527252856,False,True,0.025644549536228578,1.7769890541151814,0.7471765228990767,0.21778568252556174,-0.01007238463584792,-0.012598337426561246,-0.013737141474040926,0.003975499000889338,-0.03768382570005502,stop,18.0,False,False,True,0.12896728781461353,-1.2754053473900844,stop,18.0,False,False,True,0.12896728781461353,-1.2754053473900844,2025,2025-04
ETH,ETH/USDT:USDT,2025-04-05 12:00:00+00:00,short_pullback_restart,short,1797.03,1829.4715919403998,0.01805289390850448,False,True,0.013127215461066396,1.550055188502327,0.6030245746691872,0.3333333333333333,0.0026390671204596927,0.011163690995335207,0.1440877055599059,0.02035567062991861,-0.010653057179665137,tp1,8.0,True,False,False,1.1050629101636527,-0.5964565498372911,tp1,8.0,True,True,False,11.930055735582695,-0.5964565498372911,2025,2025-04
BTC,BTC/USDT:USDT,2025-04-05 13:00:00+00:00,short_pullback_restart,short,82714.1,84349.66565685358,0.019773722459091952,False,True,0.013939582247766704,2.5248907517600787,0.6383928571428443,0.29307432432433383,-0.0012629997814501692,0.0055667536307295595,0.0357906732117812,0.006800526806515661,-0.012846325060716812,none,,False,False,False,0.34159435768222945,-0.65812093540208,tp1,28.0,True,True,False,5.048467461639306,-0.65812093540208,2025,2025-04
ETH,ETH/USDT:USDT,2025-04-05 13:00:00+00:00,short_pullback_restart,short,1786.13,1829.4953353732283,0.024278935672783147,False,True,0.0195338525191336,1.7664223801999948,0.6931385006353143,0.2509529860228744,0.0026946158207632465,0.02206492443793384,0.1393678435875354,0.02946380712503105,-0.016654004118081045,tp1,24.0,True,False,False,1.1788217376858878,-0.6975617677034042,tp1,24.0,True,True,False,8.67351760946385,-0.6975617677034042,2025,2025-04
SOL,SOL/USDT:USDT,2025-04-05 13:00:00+00:00,short_pullback_restart,short,117.8,123.07238569736626,0.04475709420514653,False,True,0.03387096774193544,1.7498570379382068,0.7303370786516833,0.18539325842696522,-0.006494054145230632,0.02756454989532453,0.06993642143505907,0.031523642732048884,-0.027089527585067774,none,,False,False,False,0.6828028537059265,-0.6221092667098453,tp1,28.0,True,True,False,4.2883812561919505,-0.6221092667098453,2025,2025-04
ADA,ADA/USDT:USDT,2025-04-06 07:00:00+00:00,short_compression_breakdown,short,0.6379,0.657109166196381,0.030113130892586645,False,True,0.024925536918012265,1.7639061822890638,0.6486486486486502,0.27027027027027595,0.029701372074253385,0.22673076923076918,0.1091984002782127,0.24882537196554422,-0.005611847233047418,tp1,7.0,True,True,False,6.61663284603917,-0.18741052907742403,tp1,7.0,True,True,False,6.61663284603917,-0.18741052907742403,2025,2025-04
ADA,ADA/USDT:USDT,2025-04-06 07:00:00+00:00,short_pullback_restart,short,0.6379,0.657109166196381,0.030113130892586645,False,True,0.024925536918012265,1.7639061822890638,0.6486486486486502,0.27027027027027595,0.029701372074253385,0.22673076923076918,0.1091984002782127,0.24882537196554422,-0.005611847233047418,tp1,7.0,True,True,False,6.61663284603917,-0.18741052907742403,tp1,7.0,True,True,False,6.61663284603917,-0.18741052907742403,2025,2025-04
ETH,ETH/USDT:USDT,2025-04-06 12:00:00+00:00,short_pullback_restart,short,1777.19,1818.6728774396593,0.0233418359543207,False,True,0.01933951912851193,1.3958296271404194,0.7382864792503414,0.0689424364123149,0.09865850642927798,0.16919625528779414,0.2164535647793231,0.26041843971631207,-0.0016459564523738646,tp1,1.0,True,True,False,8.851603906554285,-0.07063155163866827,tp1,1.0,True,True,False,9.478368528603937,-0.07063155163866827,2025,2025-04
SOL,SOL/USDT:USDT,2025-04-06 12:00:00+00:00,short_pullback_restart,short,116.39,121.29675635559744,0.0421578860348607,False,True,0.02560357419022256,3.0987505738837484,0.7912087912087888,0.11721611721611976,0.08108861229797504,0.13120808630576342,0.1147399674360694,0.22271246979724757,-8.59106529209619e-05,tp1,5.0,True,True,False,4.320573198181292,-0.002038006225558256,tp1,5.0,True,True,False,4.320573198181292,-0.002038006225558256,2025,2025-04
BTC,BTC/USDT:USDT,2025-04-08 14:00:00+00:00,short_pullback_restart,short,78440.5,81017.41020095168,0.032851781936011105,False,True,0.026059242355670933,2.6237390741225837,0.780620967297198,0.009595764628023102,0.017299427026998826,0.02080641110230519,-0.041733908159014454,0.05178436144465226,-0.004751633572289582,tp1,11.0,True,False,False,1.4986940556072634,-0.14532908436688766,tp1,11.0,True,False,False,1.4986940556072634,-1.9847024541682494,2025,2025-04
BTC,BTC/USDT:USDT,2025-04-08 16:00:00+00:00,short_pullback_restart,short,77393.5,80576.9367549022,0.04113312816841465,False,True,0.029038614353918534,2.2312339787215016,0.9091219096334137,0.056692242114237,0.00910355654127426,-0.0106662712408232,-0.06471642454805937,0.03774546283446312,-0.011979793672820316,none,,False,False,False,0.8842644653345664,-0.2947757635061996,stop,25.0,False,False,True,0.8842644653345664,-1.9354554446580434,2025,2025-04
TRX,TRX/USDT:USDT,2025-04-16 08:00:00+00:00,long_pullback_restart,long,0.25388,0.24940479461767934,0.01762724666110232,True,False,0.013352765085867356,1.6802399174950682,0.774891774891788,0.9567099567099611,0.004057034819599847,-0.03816763825429337,-0.04632109658106187,0.005238695446667663,-0.04053095950842911,stop,12.0,False,False,True,0.29719306408912,-2.2993358116368783,stop,12.0,False,False,True,0.29719306408912,-3.2289020872840513,2025,2025-04
ZEC,ZEC/USDT:USDT,2025-04-18 06:00:00+00:00,short_pullback_restart,short,30.15,31.25333503651879,0.03659486024937953,False,True,0.030514096185738034,3.756779732968246,0.6269841269841301,0.34920634920634797,-0.011475409836065653,-0.03550863723608455,-0.053672316384180796,0.010050251256281229,-0.05129011957205798,stop,11.0,False,False,True,0.2719029035337693,-1.4773391092001629,stop,11.0,False,False,True,0.2719029035337693,-2.1299060776812144,2025,2025-04
SOL,SOL/USDT:USDT,2025-04-21 00:00:00+00:00,long_pullback_restart,long,141.16,135.25659264103328,0.04182068120548822,True,False,0.021110796259563545,4.468149329832382,0.5957820738137061,0.6326889279437602,-0.003046188722017562,-0.028690847265514186,0.06340323037687745,0.0071550014168320075,-0.05249362425616322,stop,17.0,False,False,True,0.1710876344092868,-1.2552072979928968,stop,17.0,False,False,True,2.1987301927055056,-1.2552072979928968,2025,2025-04
BTC,BTC/USDT:USDT,2025-04-24 23:00:00+00:00,long_pullback_restart,long,93931.6,92128.35024051259,0.01919747730782202,True,False,0.014496718889063925,1.65394188620631,0.8283059110298665,0.9253503960999401,-0.008214487989132602,0.007028518624190294,-0.0024964974513369542,0.019567429917088708,-0.012174816568652158,tp1,15.0,True,False,False,1.0192708970733277,-0.6341883557633643,tp1,15.0,True,False,False,1.0192708970733277,-0.6341883557633643,2025,2025-04
BNB,BNB/USDT:USDT,2025-04-25 06:00:00+00:00,long_pullback_restart,long,608.45,595.196752901717,0.02178198224715762,True,False,0.015991453693812174,2.0064192317904825,0.728735632183921,0.9126436781609211,-0.0076752403648616685,-0.008118990878461796,-0.003566439313008596,0.0023995398142819813,-0.016796778699975423,none,,False,False,False,0.11016168258034398,-0.7711317780624507,none,,False,False,False,0.11016168258034398,-0.9499558792374024,2025,2025-04
SOL,SOL/USDT:USDT,2025-04-25 07:00:00+00:00,long_compression_breakout,long,154.8,149.4967843042156,0.03425849932677271,True,False,0.030038759689922517,1.438119196863151,0.6523605150214601,0.9141630901287607,-0.009043927648578864,-0.02273901808785539,-0.024354005167958714,0.015762273901808843,-0.032622739018087876,none,,False,False,False,0.4600982007840224,-0.9522524237538199,stop,26.0,False,False,True,0.4600982007840224,-1.9365608696934096,2025,2025-04
SOL,SOL/USDT:USDT,2025-04-25 07:00:00+00:00,long_pullback_restart,long,154.8,149.4967843042156,0.03425849932677271,True,False,0.030038759689922517,1.438119196863151,0.6523605150214601,0.9141630901287607,-0.009043927648578864,-0.02273901808785539,-0.024354005167958714,0.015762273901808843,-0.032622739018087876,none,,False,False,False,0.4600982007840224,-0.9522524237538199,stop,26.0,False,False,True,0.4600982007840224,-1.9365608696934096,2025,2025-04
BNB,BNB/USDT:USDT,2025-04-26 15:00:00+00:00,long_pullback_restart,long,608.22,598.9351678277093,0.015265581816268371,True,False,0.010752688172042951,2.121269411882211,0.7338129496402891,0.7338129496402891,-6.576567689331458e-05,-0.014912367235539903,-0.01157475913320849,0.0022031501759229855,-0.020321594160007894,stop,14.0,False,False,True,0.14432140238344385,-1.331203383178714,stop,14.0,False,False,True,0.2778725508576846,-1.331203383178714,2025,2025-04
BTC,BTC/USDT:USDT,2025-04-26 22:00:00+00:00,long_pullback_restart,long,94733.7,93761.6804020879,0.010260547174997818,True,False,0.005562962282693487,1.7850342304655598,0.9562655789712151,0.9562655789712151,-0.008084768144810073,-0.008899684061743462,-0.006624886392065266,0.005771969214756867,-0.012523526474739088,stop,7.0,False,False,True,0.5625400981364321,-1.22055152236477,stop,7.0,False,False,True,0.8694269146581923,-2.0922417658742765,2025,2025-04
TAO,TAO/USDT:USDT,2025-04-27 21:00:00+00:00,long_pullback_restart,long,361.75,344.4946283403344,0.04769971433217865,True,False,0.032259847961299284,1.251824975872892,0.8290488431876621,0.8521850899742954,-0.019018659295093276,0.030850034554250172,-0.024906703524533502,0.07527297857636484,-0.04727021423635114,tp1,11.0,True,False,False,1.5780593160824261,-0.9909957511938856,tp1,11.0,True,False,False,1.5780593160824261,-1.591388498700821,2025,2025-04
BNB,BNB/USDT:USDT,2025-04-29 06:00:00+00:00,long_pullback_restart,long,609.6,599.9814644511275,0.015778437580171424,True,False,0.012057086614173266,1.499786426885225,0.82745098039214,0.8509803921568685,-0.013845144356955497,-0.010531496062992196,-0.020784120734908207,0.0019685039370078705,-0.01979986876640427,stop,15.0,False,False,True,0.12475911680137186,-1.2548687831605418,stop,15.0,False,False,True,0.12475911680137186,-1.9337663104213763,2025,2025-04
ETH,ETH/USDT:USDT,2025-05-01 10:00:00+00:00,long_pullback_restart,long,1847.0,1785.301313196945,0.03340481147972653,True,False,0.019426096372496,3.5669466712145383,0.8878177037686265,0.8878177037686265,0.006329182458040039,-0.01001624255549538,-0.011174878180833847,0.013919870059555972,-0.018949648077964287,none,,False,False,False,0.4167025480147991,-0.5672730136335258,none,,False,False,False,0.4167025480147991,-0.6361561652890254,2025,2025-05
ADA,ADA/USDT:USDT,2025-05-02 02:00:00+00:00,long_compression_breakout,long,0.7193,0.6928001267681211,0.03684119731944803,True,False,0.02780481023217019,1.315901268109096,0.8652482269503616,0.9787234042553214,-0.021270679827610328,-0.030029195050743862,-0.060197414152648454,0.008480467120811852,-0.04351452801334643,stop,17.0,False,False,True,0.23018978040475235,-1.1811377256834064,stop,17.0,False,False,True,0.3811338987029509,-2.0188775822384075,2025,2025-05
ADA,ADA/USDT:USDT,2025-05-02 02:00:00+00:00,long_pullback_restart,long,0.7193,0.6928001267681211,0.03684119731944803,True,False,0.02780481023217019,1.315901268109096,0.8652482269503616,0.9787234042553214,-0.021270679827610328,-0.030029195050743862,-0.060197414152648454,0.008480467120811852,-0.04351452801334643,stop,17.0,False,False,True,0.23018978040475235,-1.1811377256834064,stop,17.0,False,False,True,0.3811338987029509,-2.0188775822384075,2025,2025-05
BTC,BTC/USDT:USDT,2025-05-02 14:00:00+00:00,long_pullback_restart,long,97690.1,96191.97707417166,0.015335463120913398,True,False,0.010020462667148402,4.943231706902355,0.7930114049988012,0.8582059370702985,-0.0074449713942355,-0.014079215805900547,-0.03941341036604529,0.0016265721910408981,-0.019298782578787477,stop,16.0,False,False,True,0.10606606257769882,-1.2584414586390387,stop,16.0,False,False,True,0.10606606257769882,-2.8335458504867717,2025,2025-05
SOL,SOL/USDT:USDT,2025-05-02 14:00:00+00:00,long_pullback_restart,long,151.46,148.0603261219174,0.02244601794587752,True,False,0.01769444077644267,2.21353049804841,0.7101449275362328,0.7101449275362328,-0.021787930806813738,-0.02026937805361162,-0.0465469430872838,0.0015185527532020071,-0.03208767991548933,stop,5.0,False,False,True,0.06765354803082113,-1.4295488844774187,stop,5.0,False,False,True,0.06765354803082113,-2.6590785834723984,2025,2025-05
ADA,ADA/USDT:USDT,2025-05-03 13:00:00+00:00,long_pullback_restart,long,0.7105,0.6898784596298455,0.02902398363146307,True,False,0.017733990147783173,1.6848950796517663,0.9418604651162729,0.9883720930232571,0.00337790288529205,-0.03645320197044344,-0.0913441238564392,0.026600985221674867,-0.0405348346235046,stop,20.0,False,False,True,0.9165173726475805,-1.3965979011772658,stop,20.0,False,False,True,0.9165173726475805,-3.3169200152960014,2025,2025-05
ZEC,ZEC/USDT:USDT,2025-05-05 16:00:00+00:00,long_pullback_restart,long,36.96,35.43712572993249,0.04120330817282227,True,False,0.03517316017316029,1.6477829789338603,0.5714285714285682,0.6666666666666666,-0.008387445887445999,-0.04139610389610393,0.1158008658008658,0.008928571428571397,-0.06439393939393945,stop,17.0,False,False,True,0.21669549908763572,-1.56283420554114,stop,17.0,False,False,True,3.105968820256126,-1.56283420554114,2025,2025-05
NEAR,NEAR/USDT:USDT,2025-05-06 10:00:00+00:00,short_compression_breakdown,short,2.276,2.3526540379197023,0.03367927852359512,False,True,0.029876977152899855,2.239408344052416,0.6486486486486506,0.35135135135134943,0.007525453740593102,-0.021496130696474713,-0.22214627477785387,0.02108568864961846,-0.04490138480906425,stop,14.0,False,False,True,0.6131444771276587,-1.3958821075034047,stop,14.0,False,False,True,0.7175094945110908,-9.275440919952516,2025,2025-05
NEAR,NEAR/USDT:USDT,2025-05-06 10:00:00+00:00,short_pullback_restart,short,2.276,2.3526540379197023,0.03367927852359512,False,True,0.029876977152899855,2.239408344052416,0.6486486486486506,0.35135135135134943,0.007525453740593102,-0.021496130696474713,-0.22214627477785387,0.02108568864961846,-0.04490138480906425,stop,14.0,False,False,True,0.6131444771276587,-1.3958821075034047,stop,14.0,False,False,True,0.7175094945110908,-9.275440919952516,2025,2025-05
BNB,BNB/USDT:USDT,2025-05-07 12:00:00+00:00,long_compression_breakout,long,608.13,601.0044170355502,0.011717203499991434,True,False,0.009405883610412292,1.955018215753158,0.5878378378378563,0.6081081081081087,-0.012086231562330463,0.009077006561097,0.07284626642329761,0.01701938730205721,-0.018302007794386066,stop,3.0,False,False,True,1.4525127349772158,-1.5619774628305672,stop,3.0,False,False,True,9.986551325698397,-1.5619774628305672,2025,2025-05
BNB,BNB/USDT:USDT,2025-05-07 12:00:00+00:00,long_pullback_restart,long,608.13,601.0044170355502,0.011717203499991434,True,False,0.009405883610412292,1.955018215753158,0.5878378378378563,0.6081081081081087,-0.012086231562330463,0.009077006561097,0.07284626642329761,0.01701938730205721,-0.018302007794386066,stop,3.0,False,False,True,1.4525127349772158,-1.5619774628305672,stop,3.0,False,False,True,9.986551325698397,-1.5619774628305672,2025,2025-05
BTC,BTC/USDT:USDT,2025-05-08 15:00:00+00:00,long_compression_breakout,long,100730.8,98379.41097118692,0.02334329747021843,True,False,0.013712786952947885,5.466346864548046,0.6325779672425386,0.657886470720218,0.020540887196368818,0.021067042056649887,0.03327879854026761,0.036157759096522524,-0.0017948829950720224,tp1,6.0,True,False,False,1.5489567891020086,-0.07689072194543076,tp1,6.0,True,False,False,1.8156502168231332,-0.07689072194543076,2025,2025-05
BTC,BTC/USDT:USDT,2025-05-08 15:00:00+00:00,long_pullback_restart,long,100730.8,98379.41097118692,0.02334329747021843,True,False,0.013712786952947885,5.466346864548046,0.6325779672425386,0.657886470720218,0.020540887196368818,0.021067042056649887,0.03327879854026761,0.036157759096522524,-0.0017948829950720224,tp1,6.0,True,False,False,1.5489567891020086,-0.07689072194543076,tp1,6.0,True,False,False,1.8156502168231332,-0.07689072194543076,2025,2025-05
BTC,BTC/USDT:USDT,2025-05-10 06:00:00+00:00,long_pullback_restart,long,103908.0,102600.50517778572,0.012583196887768842,True,False,0.006409516110405359,1.5422993977808226,0.9801666666666764,0.9801666666666764,-0.0025147245640374516,-0.0009518035184971074,-0.01349366747507419,0.01051025907533587,-0.009315933325634185,none,,False,False,False,0.8352614338850682,-0.7403471000830891,tp1,49.0,True,False,False,1.4953022886079048,-2.470373071558242,2025,2025-05
ADA,ADA/USDT:USDT,2025-05-10 07:00:00+00:00,long_pullback_restart,long,0.8003,0.7676333813228329,0.04081796660898055,True,False,0.03148819192802699,2.093582507392056,0.46551724137930917,0.8706896551724178,0.011620642259152714,-0.011245782831438178,-0.011495689116581276,0.05797825815319246,-0.02124203423716109,tp1,10.0,True,False,False,1.4204102499421536,-0.5204089277805309,tp1,10.0,True,False,False,1.9530640936704604,-0.8969400931746787,2025,2025-05
ETH,ETH/USDT:USDT,2025-05-10 07:00:00+00:00,long_pullback_restart,long,2399.17,2300.1690202918503,0.041264678913186546,True,False,0.030293809942605082,1.3460894619212866,0.5209599999999991,0.7227200000000011,0.015767953083774877,0.030610586161047282,0.025312920718415066,0.0870426022332722,-0.016326479574186092,tp1,10.0,True,True,False,2.1093730649496694,-0.3956526502613549,tp1,10.0,True,True,False,2.279472391740613,-0.3956526502613549,2025,2025-05
LINK,LINK/USDT:USDT,2025-05-10 07:00:00+00:00,long_pullback_restart,long,16.349,15.806183768232945,0.03320180021818188,True,False,0.026851795216832945,1.261914071164477,0.3551401869158925,0.7149532710280359,0.004342773258303456,0.005933084592329996,0.003486451770750465,0.06826105572206242,-0.020001223316410854,tp1,9.0,True,True,False,2.055944414865841,-0.6024138204848869,tp1,9.0,True,True,False,2.9973311496296793,-0.6355742142730403,2025,2025-05
BNB,BNB/USDT:USDT,2025-05-10 23:00:00+00:00,long_pullback_restart,long,664.1,647.5830901424347,0.02487111859293079,True,False,0.01520855292877582,1.6041425876725561,0.9518987341772156,0.977215189873424,0.0008131305526275501,-0.01918385785273302,0.0007830146062339782,0.006926667670531517,-0.023912061436530685,none,,False,False,False,0.27850245836953924,-0.9614389215017957,stop,26.0,False,False,True,1.7830211736919284,-1.4058319746392776,2025,2025-05
XRP,XRP/USDT:USDT,2025-05-12 00:00:00+00:00,long_pullback_restart,long,2.3949,2.322489734994254,0.030235193538663777,True,False,0.025345525909223666,1.2851026181620868,0.8940809968847323,1.0,0.0010021295252411466,0.04112906593177179,0.0714852394672012,0.10860578729800818,-0.018622907010731105,tp1,11.0,True,True,False,3.592032151510019,-0.6159347710778422,tp1,11.0,True,True,False,3.592032151510019,-0.6159347710778422,2025,2025-05
ETH,ETH/USDT:USDT,2025-05-13 11:00:00+00:00,long_pullback_restart,long,2512.26,2407.789276025698,0.041584359888826,True,False,0.03382611672358753,1.483314632221159,0.6578891931746398,0.7322519485991229,0.03874598966667442,0.044541568149793154,0.042885688583187864,0.09010213910980536,-0.008808801636773333,tp1,6.0,True,True,False,2.1667314189923705,-0.21182967972389763,tp1,6.0,True,True,False,2.1667314189923705,-0.35081598562498095,2025,2025-05
BTC,BTC/USDT:USDT,2025-05-13 19:00:00+00:00,long_compression_breakout,long,104744.7,102372.68576224848,0.02264567312476445,True,False,0.01796749620744534,1.9853696614062393,0.5004713646005202,0.7590148479849138,-0.01016471477793146,-0.013995934877850669,-0.007355026077691673,0.0013795447406885764,-0.02108650843431692,none,,False,False,False,0.060918689989388417,-0.9311495541838202,stop,34.0,False,False,True,0.060918689989388417,-1.4645358972604572,2025,2025-05
BTC,BTC/USDT:USDT,2025-05-13 19:00:00+00:00,long_pullback_restart,long,104744.7,102372.68576224848,0.02264567312476445,True,False,0.01796749620744534,1.9853696614062393,0.5004713646005202,0.7590148479849138,-0.01016471477793146,-0.013995934877850669,-0.007355026077691673,0.0013795447406885764,-0.02108650843431692,none,,False,False,False,0.060918689989388417,-0.9311495541838202,stop,34.0,False,False,True,0.060918689989388417,-1.4645358972604572,2025,2025-05
BNB,BNB/USDT:USDT,2025-05-15 16:00:00+00:00,long_pullback_restart,long,660.31,641.2516247035607,0.02886276945137783,True,False,0.021656494676742848,1.7738402577249595,0.7441471571906217,0.9849498327759144,-0.013009041207917349,-0.011827777861913247,-0.009934727627932238,0.001908194635853011,-0.022110826732898103,none,,False,False,False,0.06611266597502213,-0.7660673993930454,stop,32.0,False,False,True,0.06611266597502213,-1.3637049116592665,2025,2025-05
ETH,ETH/USDT:USDT,2025-05-18 05:00:00+00:00,long_pullback_restart,long,2511.34,2446.8354101188665,0.025685327307785322,True,False,0.017628039214124723,1.7683031339943207,0.8751245433410911,0.8860843573563659,-0.004320402653563593,-0.053226564304315604,0.03231342629831069,0.030334403147323608,-0.07912907053604856,tp1,10.0,True,False,False,1.1810012301509274,-3.0807110062430176,tp1,10.0,True,False,False,1.3647090875582313,-3.0807110062430176,2025,2025-05
ETH,ETH/USDT:USDT,2025-05-18 13:00:00+00:00,long_pullback_restart,long,2541.19,2462.5558251869643,0.03094383923005984,True,False,0.02404778863445871,2.0321244678612356,0.8284600389863556,0.9286062378167681,-0.052892542470259984,-0.04520716672110314,0.0016606393067812864,0.018231615896489473,-0.08994604889835078,stop,5.0,False,False,True,0.5891840298465173,-2.906751428923349,stop,5.0,False,False,True,0.9445002783660889,-2.906751428923349,2025,2025-05
BNB,BNB/USDT:USDT,2025-05-18 14:00:00+00:00,long_pullback_restart,long,651.08,640.1360119780625,0.016808975889195752,True,False,0.012840203968790338,2.60866300399125,0.5055187637969296,0.7417218543046432,-0.01727898261350369,-0.01133501259445846,0.012364072003440363,0.005974688210358181,-0.027523499416354458,stop,5.0,False,False,True,0.3554462954639897,-1.637428692728726,stop,5.0,False,False,True,1.7023044947285733,-1.637428692728726,2025,2025-05
ZEC,ZEC/USDT:USDT,2025-05-21 16:00:00+00:00,long_compression_breakout,long,41.84,40.63784293201992,0.028732243498567917,True,False,0.025334608030592787,2.1324899916481774,0.4634146341463571,0.6097560975609807,0.005258126195028634,0.15368068833652004,0.1448374760994262,0.16108986615678766,-0.026290630975143392,tp1,8.0,True,True,False,5.606588506213123,-0.9150218630318173,tp1,8.0,True,True,False,7.55308956029899,-0.9150218630318173,2025,2025-05
ZEC,ZEC/USDT:USDT,2025-05-21 16:00:00+00:00,long_pullback_restart,long,41.84,40.63784293201992,0.028732243498567917,True,False,0.025334608030592787,2.1324899916481774,0.4634146341463571,0.6097560975609807,0.005258126195028634,0.15368068833652004,0.1448374760994262,0.16108986615678766,-0.026290630975143392,tp1,8.0,True,True,False,5.606588506213123,-0.9150218630318173,tp1,8.0,True,True,False,7.55308956029899,-0.9150218630318173,2025,2025-05
XRP,XRP/USDT:USDT,2025-05-22 08:00:00+00:00,long_compression_breakout,long,2.4341,2.365381917193716,0.028231413173774336,True,False,0.02169179573559014,1.5769571746883657,0.7656250000000012,0.8151041666666685,-0.0038617969680785347,0.001643317858756932,-0.0600632677375621,0.018774906536296765,-0.012365966887145197,none,,False,False,False,0.6650360157577172,-0.4380215333546448,stop,27.0,False,False,True,0.6650360157577172,-2.2977940238105794,2025,2025-05
XRP,XRP/USDT:USDT,2025-05-22 08:00:00+00:00,long_pullback_restart,long,2.4341,2.365381917193716,0.028231413173774336,True,False,0.02169179573559014,1.5769571746883657,0.7656250000000012,0.8151041666666685,-0.0038617969680785347,0.001643317858756932,-0.0600632677375621,0.018774906536296765,-0.012365966887145197,none,,False,False,False,0.6650360157577172,-0.4380215333546448,stop,27.0,False,False,True,0.6650360157577172,-2.2977940238105794,2025,2025-05
LINK,LINK/USDT:USDT,2025-05-22 14:00:00+00:00,long_pullback_restart,long,16.841,16.034872210129727,0.04786697879403088,True,False,0.039427587435425536,1.9550050011927378,0.9527777777777698,0.9666666666666657,-0.010866338103438067,-0.026542366842824183,-0.10284424915385082,0.018585594679650708,-0.06359479840864568,stop,22.0,False,False,True,0.3882759085260766,-1.3285734761387544,stop,22.0,False,False,True,0.3882759085260766,-2.2229726136700716,2025,2025-05
SOL,SOL/USDT:USDT,2025-05-23 01:00:00+00:00,long_compression_breakout,long,183.07,176.50991278783812,0.03583376420037076,True,False,0.02676571803135416,1.356677880229438,0.7286585365853614,0.8536585365853604,-0.0032228109466324595,-0.051073359916971595,-0.03610640738515314,0.025127000600863036,-0.05762822963893588,stop,11.0,False,False,True,0.7012101899303966,-1.608210326905583,stop,11.0,False,False,True,0.7012101899303966,-2.1371667093096,2025,2025-05
SOL,SOL/USDT:USDT,2025-05-23 01:00:00+00:00,long_pullback_restart,long,183.07,176.50991278783812,0.03583376420037076,True,False,0.02676571803135416,1.356677880229438,0.7286585365853614,0.8536585365853604,-0.0032228109466324595,-0.051073359916971595,-0.03610640738515314,0.025127000600863036,-0.05762822963893588,stop,11.0,False,False,True,0.7012101899303966,-1.608210326905583,stop,11.0,False,False,True,0.7012101899303966,-2.1371667093096,2025,2025-05
BTC,BTC/USDT:USDT,2025-05-24 10:00:00+00:00,long_pullback_restart,long,109043.5,106583.77748014407,0.022557259441011446,True,False,0.01661171917629211,1.6621891390842582,0.8322493224932276,0.8387533875338753,-0.0007685006442383902,-0.019626112514730454,0.0055427421166780455,0.003637997679825089,-0.02192244379536612,none,,False,False,False,0.16127835428495088,-0.9718575899122206,stop,29.0,False,False,True,0.5514849699711053,-1.0352793778337042,2025,2025-05
BNB,BNB/USDT:USDT,2025-05-25 22:00:00+00:00,long_pullback_restart,long,670.61,659.0819931788218,0.017190329433170132,True,False,0.01370394118787364,1.491469064398496,0.7872340425532031,0.8351063829787319,0.0038323317576534066,0.0035042722297609075,0.024574640998493935,0.010274227941724723,-0.003921802537987795,none,,False,False,False,0.597674871890455,-0.22814004543859173,tp1,34.0,True,True,False,2.375952792609519,-0.3894862372696885,2025,2025-05
BTC,BTC/USDT:USDT,2025-05-25 22:00:00+00:00,long_pullback_restart,long,109122.6,106390.69784321578,0.02503516372212748,True,False,0.012747130291983511,4.286372338554721,0.9142644002770851,0.9752757499866818,0.003431003293543178,0.0001942768958951291,-0.016263358827594,0.011706099378130608,-0.0057128404198580895,none,,False,False,False,0.4675862921473165,-0.22819265267311922,none,,False,False,False,0.5773998882364002,-0.8780329097962882,2025,2025-05
TRX,TRX/USDT:USDT,2025-05-26 11:00:00+00:00,long_pullback_restart,long,0.27379,0.269861578443499,0.014348301824394507,True,False,0.011249497790277117,1.8799580799118405,0.695652173913015,0.745341614906819,-0.008546696373132545,0.010117243142554466,0.013039190620548702,0.018663939515687122,-0.009350231929580843,tp1,21.0,True,False,False,1.3007768963958792,-0.6516612240261028,tp1,21.0,True,False,False,1.499329925591337,-0.6516612240261028,2025,2025-05
BNB,BNB/USDT:USDT,2025-05-29 00:00:00+00:00,long_pullback_restart,long,690.91,680.1933662561034,0.015510896851828057,True,False,0.011839458105976105,1.2584610822554192,0.8207171314741075,0.9402390438246874,-0.010913143535337455,-0.03418679712263539,-0.04976046084149888,0.00023157864265987982,-0.03750126644570195,stop,4.0,False,False,True,0.01493006141888605,-2.41773682101962,stop,4.0,False,False,True,0.01493006141888605,-4.273730081153942,2025,2025-05
TRX,TRX/USDT:USDT,2025-05-29 08:00:00+00:00,long_pullback_restart,long,0.27771,0.271963505865886,0.020692427835202146,True,False,0.015447769255698447,2.1345395028043153,0.6394849785407691,0.7939914163090211,-0.005617370638435815,-0.025530229375967717,-0.03590075978538776,0.0015843865903280019,-0.03543264556551806,stop,16.0,False,False,True,0.07656842410887389,-1.7123483937075619,stop,16.0,False,False,True,0.07656842410887389,-2.5928852709596213,2025,2025-05
XRP,XRP/USDT:USDT,2025-05-30 16:00:00+00:00,short_pullback_restart,short,2.1525,2.2289009150538246,0.035494037191091635,False,True,0.029175377468060485,2.0604246074788133,0.5265017667844573,0.3374558303886908,0.006499579163939062,-0.016943734015345324,-0.004532211071544334,0.035951487149870065,-0.023632404971423493,none,,False,False,False,0.9777369806025694,-0.6819290052127728,none,,False,False,False,0.9777369806025694,-0.6950178536813465,2025,2025-05
LINK,LINK/USDT:USDT,2025-06-01 09:00:00+00:00,short_pullback_restart,short,13.661,14.209960450097377,0.040184499677723244,False,True,0.03242807993558302,1.9335056238498076,0.4785992217898882,0.35019455252918275,-0.019451622164800564,-0.0026283127692194874,-0.05085805599944426,0.002200865673831709,-0.032164364151611835,none,,False,False,False,0.054648745633092174,-0.827017683914147,stop,39.0,False,False,True,0.14755161320935115,-1.4135808870426807,2025,2025-06
NEAR,NEAR/USDT:USDT,2025-06-01 09:00:00+00:00,short_pullback_restart,short,2.363,2.4551789494896927,0.03900928882339938,False,True,0.02920016927634361,1.457155477161665,0.589285714285717,0.24999999999999803,-0.027171675586661115,-0.0071428571428571175,-0.06895193065405825,0.0016956337431115465,-0.046408393866021025,stop,7.0,False,False,True,0.04339385534489385,-1.2475733411656993,stop,7.0,False,False,True,0.04339385534489385,-2.462601290822722,2025,2025-06
ADA,ADA/USDT:USDT,2025-06-02 08:00:00+00:00,short_pullback_restart,short,0.6715,0.6909322262510571,0.028938534997851255,False,True,0.023380491437081232,1.4529970323228556,0.6893203883495083,0.1747572815533989,-0.0007440476190476719,-0.028922631959508394,-0.01060851628112569,0.012515078407720148,-0.05007780449851462,stop,14.0,False,False,True,0.4271255332645405,-1.8217161298270814,stop,14.0,False,False,True,0.5146090762223401,-1.8217161298270814,2025,2025-06
LINK,LINK/USDT:USDT,2025-06-02 09:00:00+00:00,short_pullback_restart,short,13.697,14.140866707439983,0.0324061259721095,False,True,0.02613711031612766,1.6111311590925412,0.6621621621621686,0.31756756756756027,-0.00029194949273780857,-0.027201704545454564,-0.003854545454545555,0.00861561119293075,-0.05125718639606569,stop,15.0,False,False,True,0.2635926462581538,-1.6671671643678239,stop,15.0,False,False,True,0.2635926462581538,-1.7392608795837297,2025,2025-06
NEAR,NEAR/USDT:USDT,2025-06-02 09:00:00+00:00,short_pullback_restart,short,2.38,2.4839574501901067,0.04367960092021295,False,True,0.03445378151260517,1.4009587833287216,0.8181818181818243,0.1818181818181757,-0.017341040462427904,-0.048760991207034365,-0.03721682847896446,0.003372681281618828,-0.07644547923942568,stop,13.0,False,False,True,0.07695456155735274,-1.8950060783498102,stop,13.0,False,False,True,0.07695456155735274,-2.020057240880507,2025,2025-06
SUI,SUI/USDT:USDT,2025-06-04 10:00:00+00:00,short_pullback_restart,short,3.2198,3.2969757841504967,0.023969123594787416,False,True,0.020342878439654672,1.258759156004586,0.7722513089005183,0.07329842931937569,-0.006663787252421782,0.02505491706726959,-0.016975025951028733,0.03099583733589495,-0.00810203012846189,tp1,15.0,True,False,False,1.2542794487353093,-0.34078047005928325,tp1,15.0,True,True,False,4.401639759663065,-0.9394138433193145,2025,2025-06
SUI,SUI/USDT:USDT,2025-06-04 11:00:00+00:00,short_compression_breakdown,short,3.1929,3.2970589424254615,0.032622049680685786,False,True,0.023019825237245176,1.4414407622007366,0.7613636363636382,0.04261363636363783,-0.00967711919605474,0.010155656795747925,-0.02154327040941406,0.022382324687800104,-0.01638889744616623,none,,False,False,False,0.6710897631283225,-0.5107578740833646,tp1,29.0,True,True,False,3.0031026882194594,-0.9543107647347026,2025,2025-06
SUI,SUI/USDT:USDT,2025-06-04 11:00:00+00:00,short_pullback_restart,short,3.1929,3.2970589424254615,0.032622049680685786,False,True,0.023019825237245176,1.4414407622007366,0.7613636363636382,0.04261363636363783,-0.00967711919605474,0.010155656795747925,-0.02154327040941406,0.022382324687800104,-0.01638889744616623,none,,False,False,False,0.6710897631283225,-0.5107578740833646,tp1,29.0,True,True,False,3.0031026882194594,-0.9543107647347026,2025,2025-06
DOGE,DOGE/USDT:USDT,2025-06-04 13:00:00+00:00,short_pullback_restart,short,0.19176,0.19738762769628412,0.029347244974364358,False,True,0.02482269503546092,1.5290081617606404,0.4360465116278914,0.12209302325582315,0.013584227496167944,0.014710551381098558,0.02282910177085551,0.026607420097435552,-0.008941030544214024,none,,False,False,False,0.8831429988308688,-0.30741194929122456,tp1,27.0,True,True,False,4.261120545666846,-0.30741194929122456,2025,2025-06
XRP,XRP/USDT:USDT,2025-06-05 06:00:00+00:00,short_pullback_restart,short,2.1869,2.2398233408191417,0.02420016499114803,False,True,0.0197082628378069,1.6199074805623166,0.6761363636363414,0.15909090909091425,-0.015353444394416882,0.029807873422490028,-0.0076685724657410415,0.06284020217729402,-0.017344416984947042,tp1,13.0,True,True,False,2.443156422075951,-0.7293568282454056,tp1,13.0,True,True,False,2.443156422075951,-0.7293568282454056,2025,2025-06
SOL,SOL/USDT:USDT,2025-06-05 13:00:00+00:00,short_pullback_restart,short,150.26,154.87076350765662,0.030685235642597022,False,True,0.022827099693864015,3.9512285651153354,0.7443298969072202,0.15670103092783336,0.028262505987818987,-0.0029197080291970545,0.004478909017982424,0.062433712790779694,-0.015076035658101783,tp1,6.0,True,False,False,1.9150841255112947,-0.4988327846745196,tp1,6.0,True,False,False,1.9150841255112947,-0.5508849013362103,2025,2025-06
TRX,TRX/USDT:USDT,2025-06-07 15:00:00+00:00,long_pullback_restart,long,0.28071,0.27677442010138653,0.014020091548621294,True,False,0.011827152577393002,1.5658961508447633,0.7188940092165909,0.9032258064516187,0.01225464001994947,0.015353923978483008,0.03989882797192834,0.024580527946991504,-0.0028499162837092307,tp1,4.0,True,False,False,1.7532359087490135,-0.2032737285506172,tp1,4.0,True,True,False,3.516635503925568,-0.2032737285506172,2025,2025-06
TRX,TRX/USDT:USDT,2025-06-07 16:00:00+00:00,long_pullback_restart,long,0.28147,0.2767616758084303,0.016727623517851602,True,False,0.01382030056489148,2.934211652216712,0.4634146341463225,0.9512195121951079,0.0176217714143605,0.008775357942232054,0.04057270757096676,0.02181404767826045,-0.003552776494830767,tp1,6.0,True,False,False,1.3040733284665742,-0.21238979290986643,tp1,6.0,True,True,False,2.778058491261046,-0.21238979290986643,2025,2025-06
TRX,TRX/USDT:USDT,2025-06-09 18:00:00+00:00,long_pullback_restart,long,0.28588,0.28035898740534837,0.0193123429223858,True,False,0.016230586259969332,1.8166783133708027,0.45614035087719756,0.7134502923976647,0.003917727717923425,0.023716244578144474,-0.04288512662655675,0.030327410102140684,-0.0033580523296488085,tp1,18.0,True,False,False,1.5703641046569623,-0.17388114653641493,tp1,18.0,True,False,False,1.5703641046569623,-2.8980191089402014,2025,2025-06
SUI,SUI/USDT:USDT,2025-06-12 10:00:00+00:00,short_compression_breakdown,short,3.2926,3.4060168618167177,0.03444598852478816,False,True,0.029429630079572302,1.3828917061960444,0.5594202898550692,0.35652173913044083,-0.010607289882508475,0.09044543798642168,0.10319640822890852,0.12891723239388342,-0.022880375107576234,tp1,14.0,True,True,False,3.3152037005539716,-0.679793099235931,tp1,14.0,True,True,False,4.31329162316756,-0.679793099235931,2025,2025-06
DOGE,DOGE/USDT:USDT,2025-06-12 15:00:00+00:00,short_compression_breakdown,short,0.1858,0.1924769587836682,0.03593626901866629,False,True,0.030947255113024638,2.1094610119597936,0.7722095671981826,0.09111617312072569,0.0295339945697346,0.045170726219271984,0.05646215954966727,0.0954542774600553,-0.022259643214229352,tp1,9.0,True,True,False,2.4247566181778195,-0.6335219576832746,tp1,9.0,True,True,False,2.4247566181778195,-0.6335219576832746,2025,2025-06
DOGE,DOGE/USDT:USDT,2025-06-12 15:00:00+00:00,short_pullback_restart,short,0.1858,0.1924769587836682,0.03593626901866629,False,True,0.030947255113024638,2.1094610119597936,0.7722095671981826,0.09111617312072569,0.0295339945697346,0.045170726219271984,0.05646215954966727,0.0954542774600553,-0.022259643214229352,tp1,9.0,True,True,False,2.4247566181778195,-0.6335219576832746,tp1,9.0,True,True,False,2.4247566181778195,-0.6335219576832746,2025,2025-06
ADA,ADA/USDT:USDT,2025-06-12 19:00:00+00:00,short_compression_breakdown,short,0.6681,0.6945770834612477,0.039630419789324446,False,True,0.02679239634785199,1.7234885226948577,0.6903225806451538,0.14838709677419804,0.06793478260869557,0.05778974034198847,0.061824539097266484,0.08317120622568086,-0.004025044722719029,tp1,5.0,True,False,False,1.9375245795135865,-0.10197497786913326,tp1,5.0,True,True,False,2.0923754718333853,-0.10197497786913326,2025,2025-06
ADA,ADA/USDT:USDT,2025-06-12 19:00:00+00:00,short_pullback_restart,short,0.6681,0.6945770834612477,0.039630419789324446,False,True,0.02679239634785199,1.7234885226948577,0.6903225806451538,0.14838709677419804,0.06793478260869557,0.05778974034198847,0.061824539097266484,0.08317120622568086,-0.004025044722719029,tp1,5.0,True,False,False,1.9375245795135865,-0.10197497786913326,tp1,5.0,True,True,False,2.0923754718333853,-0.10197497786913326,2025,2025-06
DOGE,DOGE/USDT:USDT,2025-06-12 19:00:00+00:00,short_compression_breakdown,short,0.18465,0.1916967005888262,0.03816247272583915,False,True,0.0314107771459518,1.2804120637165737,0.6252983293556047,0.243436754176616,0.07286037998954153,0.046472088410314694,0.06389721133901838,0.08867401686221332,-0.0050649280672450114,tp1,5.0,True,True,False,2.1343322041876736,-0.1333957627617291,tp1,5.0,True,True,False,2.1343322041876736,-0.1333957627617291,2025,2025-06
DOGE,DOGE/USDT:USDT,2025-06-12 19:00:00+00:00,short_pullback_restart,short,0.18465,0.1916967005888262,0.03816247272583915,False,True,0.0314107771459518,1.2804120637165737,0.6252983293556047,0.243436754176616,0.07286037998954153,0.046472088410314694,0.06389721133901838,0.08867401686221332,-0.0050649280672450114,tp1,5.0,True,True,False,2.1343322041876736,-0.1333957627617291,tp1,5.0,True,True,False,2.1343322041876736,-0.1333957627617291,2025,2025-06
ADA,ADA/USDT:USDT,2025-06-14 15:00:00+00:00,short_pullback_restart,short,0.628,0.639713098134134,0.018651430149894926,False,True,0.012898089171974516,2.2579195410626003,0.4477611940298559,0.34328358208955123,0.004960793726996204,-0.003490955252300809,0.027150801439319583,0.024971437897829185,-0.01195720578980497,tp1,1.0,True,False,False,1.306229984995439,-0.6488462670565632,tp1,1.0,True,False,False,1.8611642923464486,-2.5014731085206803,2025,2025-06
LINK,LINK/USDT:USDT,2025-06-14 15:00:00+00:00,short_pullback_restart,short,12.989,13.357145427964142,0.028342861495430034,False,True,0.021402725383016297,1.995521228183635,0.5517241379310366,0.2931034482758638,-0.012543712939029894,-0.013518645097592374,-0.004216498006746394,0.01294548857521649,-0.02470340892025824,none,,False,False,False,0.45090876428368853,-0.89366857499598,stop,34.0,False,False,True,0.45090876428368853,-3.1699429392714653,2025,2025-06
SUI,SUI/USDT:USDT,2025-06-14 15:00:00+00:00,short_pullback_restart,short,2.9232,3.062714310759532,0.0477265704568733,False,True,0.027709359605911317,6.364526426500389,0.6813842482100249,0.24343675417661037,0.002056766762649209,-0.02767429483767969,0.0224911679317219,0.0427338232146679,-0.03629710216595794,none,,False,False,False,0.8586932720220247,-0.7891663543374365,stop,35.0,False,False,True,0.8586932720220247,-1.6808311543335954,2025,2025-06
TAO,TAO/USDT:USDT,2025-06-14 15:00:00+00:00,short_pullback_restart,short,364.77,379.0995011513853,0.03928366135204466,False,True,0.02938838171998786,1.6487975166111744,0.6661417322834651,0.2755905511811014,0.0017851257827088407,-0.017295724561545378,0.061272584446190104,0.03205636034404713,-0.026760939167556064,none,,False,False,False,0.7906765127622489,-0.6999545827895315,stop,38.0,False,False,True,1.6371819055077115,-1.873058923436789,2025,2025-06
ADA,ADA/USDT:USDT,2025-06-14 16:00:00+00:00,short_pullback_restart,short,0.6178,0.6397293054102673,0.03549580027560258,False,True,0.020880543865328442,4.881430878731886,0.6518987341772121,0.2405063291139251,-0.00627312208460673,-0.019520710998254254,0.027098919368246044,0.008323812632609728,-0.02800503461296422,none,,False,False,False,0.23256550559107902,-0.8116992155923962,stop,34.0,False,False,True,0.7706582440174994,-1.8012426413426723,2025,2025-06
LINK,LINK/USDT:USDT,2025-06-14 16:00:00+00:00,short_compression_breakdown,short,12.864,13.35376361168099,0.03807242006226589,False,True,0.030239427860696465,2.845249617530023,0.6146341463414605,0.20000000000000173,-0.021674652064795685,-0.027149663465174334,0.0035104142288790996,0.001791137761856687,-0.034089202582970324,none,,False,False,False,0.04696143088511586,-0.9269778096452691,stop,33.0,False,False,True,0.11025727251287425,-2.6380073349376443,2025,2025-06
LINK,LINK/USDT:USDT,2025-06-14 16:00:00+00:00,short_pullback_restart,short,12.864,13.35376361168099,0.03807242006226589,False,True,0.030239427860696465,2.845249617530023,0.6146341463414605,0.20000000000000173,-0.021674652064795685,-0.027149663465174334,0.0035104142288790996,0.001791137761856687,-0.034089202582970324,none,,False,False,False,0.04696143088511586,-0.9269778096452691,stop,33.0,False,False,True,0.11025727251287425,-2.6380073349376443,2025,2025-06
SOL,SOL/USDT:USDT,2025-06-14 16:00:00+00:00,short_pullback_restart,short,143.32,147.3255196025243,0.027948085420906477,False,True,0.023444041306167913,2.2785883352036937,0.5588235294117742,0.2352941176470547,-0.00624046595479133,-0.05629814973332459,-0.018221674201945426,0.010220624515401289,-0.06277792309704422,stop,13.0,False,False,True,0.36200047531565815,-2.396692802089892,stop,13.0,False,False,True,0.36200047531565815,-3.834708483343833,2025,2025-06
DOGE,DOGE/USDT:USDT,2025-06-15 08:00:00+00:00,short_pullback_restart,short,0.1749,0.17891882302060358,0.02297783316525774,False,True,0.020182961692395685,1.5645570958751998,0.5084745762711832,0.3898305084745707,-0.010970368694865451,-0.01570150261691705,0.026167566298990863,0.02125423332944054,-0.021757368980368064,none,,False,False,False,0.9057378195901048,-0.9679450874190955,stop,30.0,False,False,True,2.759514400894022,-1.5477168235852878,2025,2025-06
DOGE,DOGE/USDT:USDT,2025-06-15 09:00:00+00:00,short_pullback_restart,short,0.17363,0.17891433566198905,0.030434462143575695,False,True,0.024074180729136606,1.6376440296123744,0.9071428571428444,0.08571428571429138,-0.012736680502643982,-0.019371964305884948,0.02346006483937524,0.01383860796449854,-0.028860674534369912,none,,False,False,False,0.44849535525302575,-0.9764709000445574,stop,29.0,False,False,True,1.8583225268289831,-1.4173967134367702,2025,2025-06
SOL,SOL/USDT:USDT,2025-06-19 14:00:00+00:00,short_pullback_restart,short,143.09,147.37923781163389,0.029975804120720397,False,True,0.02362149695995524,1.7780557375854091,0.44571428571428634,0.14285714285714285,-0.015074339207048482,-0.005698005698005604,0.10230336645867033,0.0018203458657144456,-0.038050420168067256,stop,8.0,False,False,True,0.060616830173132824,-1.3195817645382446,stop,8.0,False,False,True,3.8888027972611203,-1.3195817645382446,2025,2025-06
NEAR,NEAR/USDT:USDT,2025-06-21 13:00:00+00:00,short_pullback_restart,short,2.036,2.108399262497921,0.03555955918365474,False,True,0.020628683693516826,2.249124918890368,0.6511627906976795,0.11627906976744018,0.028282828282828243,0.1005405405405404,-0.061318579990779165,0.11622807017543857,-0.008763388510223846,tp1,8.0,True,True,False,2.9282066237358086,-0.24862131710964133,tp1,8.0,True,True,False,3.384012371770158,-2.4309639895165227,2025,2025-06
SOL,SOL/USDT:USDT,2025-06-21 17:00:00+00:00,short_pullback_restart,short,138.58,142.79018423614164,0.030380893607603033,False,True,0.02496752778178675,1.7709666237944486,0.5522388059701441,0.1529850746268746,0.02409104345255697,0.0625670909369731,-0.04255907143844129,0.09627402895340564,-0.007164350193437419,tp1,4.0,True,True,False,2.890609844464446,-0.23751929699789992,tp1,4.0,True,True,False,3.0283710367232275,-1.9714101650825653,2025,2025-06
BNB,BNB/USDT:USDT,2025-06-22 13:00:00+00:00,short_pullback_restart,short,616.15,636.1053795074598,0.032387210107051596,False,True,0.014395845167572838,5.418856239560758,0.8069828722002601,0.16534914361001188,0.018160486482913685,-0.016677306096393285,-0.04776991314561241,0.025361535005242075,-0.018197173223704288,none,,False,False,False,0.7637038420794203,-0.5722767635529548,stop,33.0,False,False,True,0.7637038420794203,-1.8511299164313524,2025,2025-06
ETH,ETH/USDT:USDT,2025-06-22 13:00:00+00:00,short_pullback_restart,short,2198.9,2306.19426019406,0.04879451552779113,False,True,0.030337896220837705,4.477001172271152,0.639762991432462,0.31723917047001304,0.007302011947081022,-0.04146432899451613,-0.0964823253386804,0.0416390336333492,-0.04395652173913045,none,,False,False,False,0.8192423326375334,-0.9422684849790042,stop,25.0,False,False,True,0.8192423326375334,-2.6318276438018944,2025,2025-06
ADA,ADA/USDT:USDT,2025-06-25 09:00:00+00:00,short_pullback_restart,short,0.5761,0.5915826549823412,0.026874943555530724,False,True,0.023086269744836123,1.5004269625143387,0.4625000000000042,0.2624999999999986,0.016049382716049276,0.02199751640943748,0.026733202637675868,0.023631840796019876,-0.01555023923444998,none,,False,False,False,0.8590257946824561,-0.5877544910985305,tp1,27.0,True,True,False,2.034534776879503,-0.5877544910985305,2025,2025-06
ADA,ADA/USDT:USDT,2025-06-25 15:00:00+00:00,short_pullback_restart,short,0.567,0.5893258493740728,0.03937539572146895,False,True,0.030511463844797148,2.6518344350992993,0.8411214953271002,0.13084112149532254,-0.0017605633802817433,0.023096355106459576,0.005319148936170137,0.031847133757961776,-0.024767801857585314,none,,False,False,False,0.7838447580105412,-0.6449922580201075,tp1,51.0,True,False,False,1.003321290253494,-0.6449922580201075,2025,2025-06
LINK,LINK/USDT:USDT,2025-07-01 18:00:00+00:00,short_compression_breakdown,short,12.848,13.278976276841819,0.03354423076290614,False,True,0.025918430884184322,1.3012703769807408,0.7924528301886723,0.1949685534591223,0.0035148012184644806,-0.06519208381839336,-0.015026065624041629,0.010380622837370401,-0.06810763762965111,stop,21.0,False,False,True,0.30628135953861235,-2.1787742167178323,stop,21.0,False,False,True,0.30628135953861235,-2.8423838290514842,2025,2025-07
LINK,LINK/USDT:USDT,2025-07-01 18:00:00+00:00,short_pullback_restart,short,12.848,13.278976276841819,0.03354423076290614,False,True,0.025918430884184322,1.3012703769807408,0.7924528301886723,0.1949685534591223,0.0035148012184644806,-0.06519208381839336,-0.015026065624041629,0.010380622837370401,-0.06810763762965111,stop,21.0,False,False,True,0.30628135953861235,-2.1787742167178323,stop,21.0,False,False,True,0.30628135953861235,-2.8423838290514842,2025,2025-07
BTC,BTC/USDT:USDT,2025-07-03 09:00:00+00:00,long_pullback_restart,long,109894.7,108392.32447900916,0.013671046201416823,True,False,0.009550961056356597,2.1898162239307997,0.6059574468085014,0.6059574468085014,-0.007324284064654574,-0.008626439673614872,-0.01913286082040344,0.00536240601230098,-0.01308798331493699,none,,False,False,False,0.3922454750935704,-0.9573505291482788,stop,28.0,False,False,True,0.3922454750935704,-1.7936261356433698,2025,2025-07
ETH,ETH/USDT:USDT,2025-07-03 13:00:00+00:00,long_compression_breakout,long,2623.76,2550.4013741690787,0.027959350638366878,True,False,0.02315379455437997,2.874728149939003,0.7210843373494011,0.7742971887550253,-0.014913711619965242,-0.03779309083147864,-0.02529575875842316,0.002873738451687702,-0.03916516754581223,stop,17.0,False,False,True,0.10278273229079175,-1.4007895981700045,stop,17.0,False,False,True,0.10278273229079175,-2.054155162984017,2025,2025-07
ETH,ETH/USDT:USDT,2025-07-03 13:00:00+00:00,long_pullback_restart,long,2623.76,2550.4013741690787,0.027959350638366878,True,False,0.02315379455437997,2.874728149939003,0.7210843373494011,0.7742971887550253,-0.014913711619965242,-0.03779309083147864,-0.02529575875842316,0.002873738451687702,-0.03916516754581223,stop,17.0,False,False,True,0.10278273229079175,-1.4007895981700045,stop,17.0,False,False,True,0.10278273229079175,-2.054155162984017,2025,2025-07
XRP,XRP/USDT:USDT,2025-07-06 06:00:00+00:00,long_pullback_restart,long,2.2314,2.1982605962739123,0.014851395413680865,True,False,0.011427803172895976,1.7041776448461736,0.6546762589927805,0.776978417266164,0.018687819306265174,0.011920767231334617,0.04226046428251329,0.02612709509724831,-0.0031818589226494387,tp1,4.0,True,False,False,1.7592350327687403,-0.21424646196668692,tp1,4.0,True,True,False,3.6753829672595733,-0.21424646196668692,2025,2025-07
XRP,XRP/USDT:USDT,2025-07-08 17:00:00+00:00,long_pullback_restart,long,2.3089,2.2520224044707358,0.024634066234684997,True,False,0.0211789163671011,1.8598740414007264,0.9033816425120866,0.942028985507252,0.0003031746719217576,0.030707263198925805,0.21352159036770746,0.04170817272294158,-0.005803629433929536,tp1,18.0,True,False,False,1.6931095469823851,-0.23559364412838793,tp1,18.0,True,True,False,11.75858426813937,-0.23559364412838793,2025,2025-07
XRP,XRP/USDT:USDT,2025-07-09 10:00:00+00:00,long_compression_breakout,long,2.3562,2.29374280942467,0.026507592978240367,True,False,0.018079959256429738,2.7351367802157327,0.7896825396825354,0.8492063492063475,0.011883541295306,0.0359052711993888,0.20393005687123344,0.0429505135387489,-0.0022918258212375475,tp1,9.0,True,False,False,1.6203098325074694,-0.086459220311661,tp1,9.0,True,True,False,9.950815819203488,-0.086459220311661,2025,2025-07
XRP,XRP/USDT:USDT,2025-07-09 10:00:00+00:00,long_pullback_restart,long,2.3562,2.29374280942467,0.026507592978240367,True,False,0.018079959256429738,2.7351367802157327,0.7896825396825354,0.8492063492063475,0.011883541295306,0.0359052711993888,0.20393005687123344,0.0429505135387489,-0.0022918258212375475,tp1,9.0,True,False,False,1.6203098325074694,-0.086459220311661,tp1,9.0,True,True,False,9.950815819203488,-0.086459220311661,2025,2025-07
BTC,BTC/USDT:USDT,2025-07-09 12:00:00+00:00,long_pullback_restart,long,109286.7,108212.80769905845,0.009826376868745646,True,False,0.007630388693226113,3.43268953271057,0.5128016209246586,0.6586848406704644,0.0018199835844618928,0.013929416845782638,0.07509788473803303,0.025164086755296022,-0.00784816450675152,tp1,7.0,True,True,False,2.5608713253543494,-0.7986834426953251,tp1,7.0,True,True,False,8.935812270547556,-0.7986834426953251,2025,2025-07
TRX,TRX/USDT:USDT,2025-07-09 17:00:00+00:00,long_pullback_restart,long,0.28896,0.28615756826424954,0.009698337955947033,True,False,0.005883167220376451,3.3815292631232476,0.7352941176470499,0.7731092436974847,0.0021110188261350693,0.007924972314507173,0.03917497231450717,0.009966777408637828,-0.0015919158361019647,tp1,11.0,True,False,False,1.027678913016865,-0.16414315971797755,tp1,11.0,True,True,False,6.480086479300805,-0.16414315971797755,2025,2025-07
SOL,SOL/USDT:USDT,2025-07-09 19:00:00+00:00,long_pullback_restart,long,157.22,151.9638281665451,0.03343195416266942,True,False,0.020671670270957895,3.085793881821367,0.7957317073170684,0.8231707317073134,0.002035364457448008,0.012975448416231883,0.021943773056863014,0.025314845439511346,-0.01163974049103178,none,,False,False,False,0.7572050774040111,-0.34816213358023956,tp1,26.0,True,True,False,2.085167750841203,-0.34816213358023956,2025,2025-07
XRP,XRP/USDT:USDT,2025-07-10 16:00:00+00:00,long_compression_breakout,long,2.4732,2.405119532611924,0.027527279390294333,True,False,0.021025392204431524,2.15341030148478,0.6097560975609773,0.8353658536585273,0.029233381853469353,0.1271227559437167,0.14159792980753694,0.20398673782953258,-0.0007278020378456151,tp1,5.0,True,True,False,7.410348655866626,-0.026439301448084148,tp1,5.0,True,True,False,7.410348655866626,-0.026439301448084148,2025,2025-07
XRP,XRP/USDT:USDT,2025-07-10 16:00:00+00:00,long_pullback_restart,long,2.4732,2.405119532611924,0.027527279390294333,True,False,0.021025392204431524,2.15341030148478,0.6097560975609773,0.8353658536585273,0.029233381853469353,0.1271227559437167,0.14159792980753694,0.20398673782953258,-0.0007278020378456151,tp1,5.0,True,True,False,7.410348655866626,-0.026439301448084148,tp1,5.0,True,True,False,7.410348655866626,-0.026439301448084148,2025,2025-07
LINK,LINK/USDT:USDT,2025-07-11 13:00:00+00:00,long_compression_breakout,long,15.7,15.07240435247805,0.039974245065092257,True,False,0.03197452229299356,1.6997744611651133,0.48046874999999695,0.7890624999999991,0.006942675159235634,-0.041847133757961785,0.041464968152866266,0.011337579617834548,-0.05318471337579611,stop,9.0,False,False,True,0.2836221071685743,-1.3304744914930233,stop,9.0,False,False,True,1.2269046208977588,-1.5933826245425449,2025,2025-07
LINK,LINK/USDT:USDT,2025-07-11 13:00:00+00:00,long_pullback_restart,long,15.7,15.07240435247805,0.039974245065092257,True,False,0.03197452229299356,1.6997744611651133,0.48046874999999695,0.7890624999999991,0.006942675159235634,-0.041847133757961785,0.041464968152866266,0.011337579617834548,-0.05318471337579611,stop,9.0,False,False,True,0.2836221071685743,-1.3304744914930233,stop,9.0,False,False,True,1.2269046208977588,-1.5933826245425449,2025,2025-07
ETH,ETH/USDT:USDT,2025-07-13 12:00:00+00:00,long_pullback_restart,long,2985.01,2931.284357030766,0.017998480061786823,True,False,0.011058589418460829,3.0344053758205822,0.619537275064265,0.7752070836903787,0.0025963062100293754,0.021966425573113568,0.05990264689230518,0.032827360712359255,-0.018428748982415533,stop,9.0,False,False,True,1.8238962734445683,-1.0239058475577745,stop,9.0,False,False,True,3.6293655919885373,-1.0239058475577745,2025,2025-07
LINK,LINK/USDT:USDT,2025-07-13 12:00:00+00:00,long_pullback_restart,long,15.471,15.010183808266506,0.029785805166666297,True,False,0.02423889858444832,1.8337390530589552,0.39869281045751476,0.7124183006535925,0.025143817464934326,0.05623424471592009,0.06437851464029465,0.05901363842027019,-0.005752698597375816,tp1,3.0,True,False,False,1.9812671871738814,-0.19313557465331457,tp1,3.0,True,True,False,2.49991215731031,-0.7161206700628486,2025,2025-07
NEAR,NEAR/USDT:USDT,2025-07-13 12:00:00+00:00,long_pullback_restart,long,2.551,2.461220876368374,0.035193698013181625,True,False,0.02665621324970602,1.8283669891475418,0.5555555555555588,0.8222222222222235,0.008232065856526916,0.041160329282634356,0.04351234809878468,0.05684045472363786,-0.019208153665229433,tp1,15.0,True,False,False,1.615074798401364,-0.5457838973908099,tp1,15.0,True,False,False,1.748736161027684,-0.824245069528975,2025,2025-07
XRP,XRP/USDT:USDT,2025-07-13 12:00:00+00:00,long_pullback_restart,long,2.8209,2.716301486713369,0.037079837387582394,True,False,0.03346449714630092,1.7514011024122997,0.6931330472102992,0.8240343347639478,0.01400262327625934,0.05005494700272961,0.051153887057322045,0.07341628558261548,-0.02148250558332443,tp1,15.0,True,False,False,1.9799516598527955,-0.579358139000866,tp1,15.0,True,True,False,2.074599276620264,-0.579358139000866,2025,2025-07
ETH,ETH/USDT:USDT,2025-07-15 13:00:00+00:00,long_pullback_restart,long,3050.52,2925.424203587415,0.041008023685333996,True,False,0.027264204135688367,3.624992717892516,0.7539823008849572,0.7628318584070798,-0.0031633950932955512,0.047162450991961924,0.19335064185778172,0.04819833995515532,-0.027778870487654483,tp1,23.0,True,False,False,1.1753392537273817,-0.6774008594222807,tp1,23.0,True,True,False,4.987457755512818,-0.6774008594222807,2025,2025-07
ETH,ETH/USDT:USDT,2025-07-15 17:00:00+00:00,long_pullback_restart,long,3096.41,2950.3402843778676,0.04717389351608224,True,False,0.03507287471620357,1.5161366291420457,0.7790790951387775,0.9744906144713598,0.013308961022603594,0.07096282469052873,0.1626076650056032,0.0735173959520865,-0.021650879566982417,tp1,21.0,True,False,False,1.5584339233526154,-0.4589589273482654,tp1,21.0,True,True,False,3.9571515391683247,-0.4589589273482654,2025,2025-07
SOL,SOL/USDT:USDT,2025-07-16 09:00:00+00:00,long_compression_breakout,long,167.27,160.14411686211022,0.0426010829072146,True,False,0.030728761881987122,2.85527731043453,0.8388625592417056,0.8483412322274924,0.0068751120942187605,0.05912596401028258,0.05619656842231113,0.06516410593650979,-0.011538231601602278,tp1,8.0,True,False,False,1.5296349644077707,-0.2708436221382582,tp1,8.0,True,True,False,2.488112653114662,-0.2708436221382582,2025,2025-07
SOL,SOL/USDT:USDT,2025-07-16 09:00:00+00:00,long_pullback_restart,long,167.27,160.14411686211022,0.0426010829072146,True,False,0.030728761881987122,2.85527731043453,0.8388625592417056,0.8483412322274924,0.0068751120942187605,0.05912596401028258,0.05619656842231113,0.06516410593650979,-0.011538231601602278,tp1,8.0,True,False,False,1.5296349644077707,-0.2708436221382582,tp1,8.0,True,True,False,2.488112653114662,-0.2708436221382582,2025,2025-07
ETH,ETH/USDT:USDT,2025-07-16 13:00:00+00:00,long_compression_breakout,long,3194.39,3093.4452074756796,0.03160064754908458,True,False,0.025169124621602278,1.9386896496840578,0.7696374622356373,0.9204431017119766,0.05889387332166707,0.06472910320906333,0.1137713303635437,0.0902300595731893,-0.005168435914212011,tp1,4.0,True,True,False,2.855323120611276,-0.16355474697738434,tp1,4.0,True,True,False,4.755470668626572,-0.16355474697738434,2025,2025-07
ETH,ETH/USDT:USDT,2025-07-16 13:00:00+00:00,long_pullback_restart,long,3194.39,3093.4452074756796,0.03160064754908458,True,False,0.025169124621602278,1.9386896496840578,0.7696374622356373,0.9204431017119766,0.05889387332166707,0.06472910320906333,0.1137713303635437,0.0902300595731893,-0.005168435914212011,tp1,4.0,True,True,False,2.855323120611276,-0.16355474697738434,tp1,4.0,True,True,False,4.755470668626572,-0.16355474697738434,2025,2025-07
ADA,ADA/USDT:USDT,2025-07-16 14:00:00+00:00,long_pullback_restart,long,0.7572,0.7306385564273635,0.03507850445408935,True,False,0.029582673005810852,2.0040939990627398,0.4437499999999993,0.8249999999999986,0.023375594294770208,0.06035393555203372,0.07223983095615427,0.09046487057580554,-0.022583201267828867,tp1,7.0,True,True,False,2.5789260968695453,-0.6437903103134194,tp1,7.0,True,True,False,5.214325027977112,-0.6437903103134194,2025,2025-07
BNB,BNB/USDT:USDT,2025-07-16 14:00:00+00:00,long_pullback_restart,long,703.84,684.7008226772408,0.02719251154063313,True,False,0.015315980904751203,3.450977791121764,0.8782679738562085,0.9509803921568609,0.012985905887701765,0.03013468970220501,0.036016708342805126,0.03489429415776302,-0.009718117754035083,tp1,12.0,True,False,False,1.283231749506526,-0.35738213219155934,tp1,12.0,True,True,False,3.2613732004966396,-0.35738213219155934,2025,2025-07
DOGE,DOGE/USDT:USDT,2025-07-16 14:00:00+00:00,long_pullback_restart,long,0.20365,0.19498171068007314,0.04256464188522886,True,False,0.03722072182666341,2.0535098635318834,0.5128712871287148,0.8613861386138602,0.03908666830346186,0.050773385710778385,0.17638104591210424,0.08436042229315,-0.01694082985514367,tp1,6.0,True,False,False,1.9819366158563987,-0.39800240539607634,tp1,6.0,True,True,False,6.276901703652309,-0.39800240539607634,2025,2025-07
NEAR,NEAR/USDT:USDT,2025-07-16 14:00:00+00:00,long_pullback_restart,long,2.715,2.6012158819300337,0.041909435753210364,True,False,0.03462246777163899,2.5623470182874084,0.6027397260273982,0.8630136986301338,0.021362799263351828,0.04125230202578267,0.023572744014733082,0.05230202578268894,-0.021362799263351717,tp1,20.0,True,False,False,1.247977331183287,-0.5097372197790863,tp1,20.0,True,True,False,2.882651863578292,-0.5097372197790863,2025,2025-07
ADA,ADA/USDT:USDT,2025-07-20 03:00:00+00:00,long_pullback_restart,long,0.8403,0.8086403399314142,0.03767661557608698,True,False,0.03367844817327144,1.2562070453247827,0.5874125874125934,0.636363636363637,0.012138521956444048,0.03082232535999041,0.04891110317743652,0.04581697012971553,-0.011424491253123947,tp1,12.0,True,False,False,1.2160585400031307,-0.3032249865981851,tp1,12.0,True,True,False,2.972236587384276,-0.3032249865981851,2025,2025-07
SUI,SUI/USDT:USDT,2025-07-20 05:00:00+00:00,long_pullback_restart,long,3.9041,3.751739105415191,0.03902586885192725,True,False,0.033656924771394224,1.3153111551634653,0.7254575707154778,0.7886855241264601,0.015598985681719135,0.02333444327757994,0.02443584949155997,0.033528854281396514,-0.024999359647549957,none,,False,False,False,0.8591443385568776,-0.6405843196573808,tp1,30.0,True,False,False,1.2805123029216687,-0.670119457346503,2025,2025-07
TAO,TAO/USDT:USDT,2025-07-20 07:00:00+00:00,long_compression_breakout,long,422.23,408.68663682673787,0.032075795593070486,True,False,0.024157449731189135,1.5844229743678109,0.7733918128654965,0.8245614035087744,0.023304833858323493,0.015276034388840287,0.04923856665798243,0.030623120100419232,-0.03590460175733612,stop,16.0,False,False,True,0.9547111625513321,-1.119367457407441,stop,16.0,False,False,True,2.9232030104723274,-1.119367457407441,2025,2025-07
TAO,TAO/USDT:USDT,2025-07-20 07:00:00+00:00,long_pullback_restart,long,422.23,408.68663682673787,0.032075795593070486,True,False,0.024157449731189135,1.5844229743678109,0.7733918128654965,0.8245614035087744,0.023304833858323493,0.015276034388840287,0.04923856665798243,0.030623120100419232,-0.03590460175733612,stop,16.0,False,False,True,0.9547111625513321,-1.119367457407441,stop,16.0,False,False,True,2.9232030104723274,-1.119367457407441,2025,2025-07
ADA,ADA/USDT:USDT,2025-07-20 08:00:00+00:00,long_pullback_restart,long,0.8563,0.8137566852244499,0.0496827219146912,True,False,0.03888824010276772,1.5025884771323208,0.9199999999999915,0.983999999999993,0.009576083148429504,0.04437697068784319,0.019852855307719297,0.05687259138152534,-0.02230526684573153,tp1,24.0,True,False,False,1.1447156916881402,-0.44895420351629006,tp1,24.0,True,False,False,1.8357760887236896,-0.44895420351629006,2025,2025-07
NEAR,NEAR/USDT:USDT,2025-07-20 08:00:00+00:00,long_pullback_restart,long,2.977,2.8692762550623483,0.03618533588768948,True,False,0.02788041652670465,1.6005213149476627,0.8333333333333334,0.8333333333333334,0.010077258985556004,0.022169969768223163,0.004366812227074357,0.031239502855223478,-0.022841787033926808,none,,False,False,False,0.8633194107188399,-0.6312443003105503,tp1,30.0,True,False,False,1.1510925476251213,-1.178941560874113,2025,2025-07
XRP,XRP/USDT:USDT,2025-07-20 08:00:00+00:00,long_pullback_restart,long,3.4999,3.3726085829953933,0.036370015430328424,True,False,0.022657790222577894,1.669085380276928,0.9644670050761422,0.9644670050761422,0.011286036743907157,0.017343352667219092,-0.007257350210005953,0.023943541244035638,-0.028543672676362153,none,,False,False,False,0.6583318967764145,-0.7848133232453895,tp1,30.0,True,False,False,1.2043231476828682,-0.7848133232453895,2025,2025-07
BNB,BNB/USDT:USDT,2025-07-20 16:00:00+00:00,long_compression_breakout,long,755.48,738.7351120390497,0.02216456816983949,True,False,0.016598718695398904,2.3609520853921406,0.6981132075471871,0.7564322469982887,0.0007015407423094366,0.011740879970350004,0.014282310583999536,0.03610949330227142,-0.013541059988351756,tp1,18.0,True,False,False,1.6291539282686087,-0.6109327231007299,tp1,18.0,True,True,False,3.2887649131140857,-0.6258626527952736,2025,2025-07
BNB,BNB/USDT:USDT,2025-07-20 16:00:00+00:00,long_pullback_restart,long,755.48,738.7351120390497,0.02216456816983949,True,False,0.016598718695398904,2.3609520853921406,0.6981132075471871,0.7564322469982887,0.0007015407423094366,0.011740879970350004,0.014282310583999536,0.03610949330227142,-0.013541059988351756,tp1,18.0,True,False,False,1.6291539282686087,-0.6109327231007299,tp1,18.0,True,True,False,3.2887649131140857,-0.6258626527952736,2025,2025-07
BNB,BNB/USDT:USDT,2025-07-20 21:00:00+00:00,long_compression_breakout,long,759.72,743.9167646336252,0.020801394416857254,True,False,0.016914126257042097,1.3569534496276945,0.4940805051302298,0.919494869771114,0.00525193492339282,0.0033301742747327,0.012267677565418689,0.030326962565155435,-0.019046490812404615,tp1,13.0,True,False,False,1.4579293078823048,-0.9156352901500444,tp1,13.0,True,True,False,3.2164299791518043,-0.9314548355914757,2025,2025-07
BNB,BNB/USDT:USDT,2025-07-20 21:00:00+00:00,long_pullback_restart,long,759.72,743.9167646336252,0.020801394416857254,True,False,0.016914126257042097,1.3569534496276945,0.4940805051302298,0.919494869771114,0.00525193492339282,0.0033301742747327,0.012267677565418689,0.030326962565155435,-0.019046490812404615,tp1,13.0,True,False,False,1.4579293078823048,-0.9156352901500444,tp1,13.0,True,True,False,3.2164299791518043,-0.9314548355914757,2025,2025-07
TRX,TRX/USDT:USDT,2025-07-21 14:00:00+00:00,long_pullback_restart,long,0.31828,0.31120443061581693,0.022230644037272457,True,False,0.015992208118637625,2.9365605311922724,0.7371937639198183,0.7884187082405328,-0.012913158225461907,-0.015489506095262007,-0.014107075530979007,-3.141887646096464e-05,-0.03911650119391741,stop,13.0,False,False,True,-0.0014133138207031472,-1.759575706773661,stop,13.0,False,False,True,0.10317190891122777,-2.5538580740080374,2025,2025-07
XRP,XRP/USDT:USDT,2025-07-22 17:00:00+00:00,long_pullback_restart,long,3.5578,3.4126992311109765,0.04078384644696817,True,False,0.0327730620046096,1.4695063179142938,0.4228395061728343,0.7361111111111092,-0.0012648265782224666,-0.08907189836415763,-0.14028332115352182,0.006998707066164567,-0.11181066951486862,stop,19.0,False,False,True,0.1716048797718245,-2.7415430190052748,stop,19.0,False,False,True,0.1716048797718245,-4.164691921530639,2025,2025-07
TRX,TRX/USDT:USDT,2025-07-22 23:00:00+00:00,long_pullback_restart,long,0.31603,0.3098602914844645,0.019522540630748663,True,False,0.013827801158117855,1.534769022647271,0.815498154981549,0.8302583025830194,0.002784545770971203,-0.02082080815112486,0.003100971426763355,0.009429484542606836,-0.035597886276619306,stop,14.0,False,False,True,0.4830049900244581,-1.823424878448012,stop,14.0,False,False,True,0.4830049900244581,-2.564140584626453,2025,2025-07
SUI,SUI/USDT:USDT,2025-07-26 14:00:00+00:00,long_pullback_restart,long,4.1311,3.9302674358668384,0.048614791250069386,True,False,0.03585001573430803,2.1258796026430047,0.5908683974932846,0.6168307967770836,0.01662995328120842,0.029096366585170896,-0.07734017574011764,0.07315242913509712,-0.0021301832441722457,tp1,2.0,True,False,False,1.5047360536592407,-0.04381759520913698,tp1,2.0,True,False,False,1.5769355003106602,-1.8034923846306323,2025,2025-07
NEAR,NEAR/USDT:USDT,2025-07-26 19:00:00+00:00,long_compression_breakout,long,2.928,2.823623859930671,0.035647588821492084,True,False,0.03107923497267766,1.294780923513334,0.458333333333338,0.7083333333333287,-0.011953551912568305,-0.007513661202185773,-0.08435792349726767,0.0064890710382514705,-0.01741803278688525,none,,False,False,False,0.1820339398197704,-0.4886174174109608,stop,44.0,False,False,True,0.8526852970504973,-2.500571489103146,2025,2025-07
NEAR,NEAR/USDT:USDT,2025-07-26 19:00:00+00:00,long_pullback_restart,long,2.928,2.823623859930671,0.035647588821492084,True,False,0.03107923497267766,1.294780923513334,0.458333333333338,0.7083333333333287,-0.011953551912568305,-0.007513661202185773,-0.08435792349726767,0.0064890710382514705,-0.01741803278688525,none,,False,False,False,0.1820339398197704,-0.4886174174109608,stop,44.0,False,False,True,0.8526852970504973,-2.500571489103146,2025,2025-07
LINK,LINK/USDT:USDT,2025-07-27 02:00:00+00:00,long_pullback_restart,long,18.741,18.174532700267118,0.030226097846053117,True,False,0.02566565284669984,1.4534424676436346,0.6815068493150664,0.9041095890410997,-0.002401152553225483,0.02374473080411943,-0.04642228269569404,0.036444159863401104,-0.010458353342937876,tp1,22.0,True,False,False,1.2057183182896338,-0.3460040854828197,tp1,22.0,True,False,False,1.4369761509337662,-2.2472612286716016,2025,2025-07
SUI,SUI/USDT:USDT,2025-07-27 11:00:00+00:00,long_pullback_restart,long,4.2879,4.112061921007006,0.041007971033138184,True,False,0.031833764779962186,1.7599231100960544,0.7600459242250257,0.7818599311136598,0.008442361062524828,-0.012127148487604544,-0.13594067025816825,0.03729098159938449,-0.018960330231581835,none,,False,False,False,0.9093593430713723,-0.4623571894415393,stop,27.0,False,False,True,0.9093593430713723,-3.4264478061319585,2025,2025-07
LINK,LINK/USDT:USDT,2025-07-27 22:00:00+00:00,long_compression_breakout,long,19.208,18.52984244927246,0.03530599493583596,True,False,0.030247813411078694,1.3554508854064349,0.6035242290748754,0.6519823788546233,0.007965431070387385,-0.058204914618908754,-0.08788004997917531,0.018065389421074718,-0.06497292794668874,stop,16.0,False,False,True,0.5116805079110817,-1.840280328164341,stop,16.0,False,False,True,0.5116805079110817,-3.626001063266124,2025,2025-07
LINK,LINK/USDT:USDT,2025-07-27 22:00:00+00:00,long_pullback_restart,long,19.208,18.52984244927246,0.03530599493583596,True,False,0.030247813411078694,1.3554508854064349,0.6035242290748754,0.6519823788546233,0.007965431070387385,-0.058204914618908754,-0.08788004997917531,0.018065389421074718,-0.06497292794668874,stop,16.0,False,False,True,0.5116805079110817,-1.840280328164341,stop,16.0,False,False,True,0.5116805079110817,-3.626001063266124,2025,2025-07
NEAR,NEAR/USDT:USDT,2025-07-27 22:00:00+00:00,long_pullback_restart,long,2.96,2.8714933744439453,0.029900887012180646,True,False,0.023310810810810795,1.8231611027868326,0.5961538461538483,0.6538461538461495,0.008445945945945832,-0.07533783783783776,-0.11587837837837833,0.019256756756756754,-0.08209459459459456,stop,16.0,False,False,True,0.6440195820582902,-2.745557165616923,stop,16.0,False,False,True,0.6440195820582902,-5.118260888989573,2025,2025-07
XRP,XRP/USDT:USDT,2025-07-28 00:00:00+00:00,long_compression_breakout,long,3.2609,3.1548630886757745,0.03251768264105782,True,False,0.027446410500168706,2.1301034784676545,0.36477987421384017,0.60377358490566,0.00831058910116833,-0.041982274832101485,-0.04139961360360633,0.021067803367168736,-0.05664080468582289,stop,14.0,False,False,True,0.647887600101238,-1.7418462844060876,stop,14.0,False,False,True,0.647887600101238,-2.4604639718546206,2025,2025-07
ADA,ADA/USDT:USDT,2025-07-28 05:00:00+00:00,long_pullback_restart,long,0.8524,0.8172331571398841,0.04125626801984509,True,False,0.030150164242139774,1.5853207622180845,0.6339869281045787,0.764705882352945,-0.02674800563115909,-0.06628343500703893,-0.0834115438761146,0.002346316283434957,-0.08599249178789303,stop,8.0,False,False,True,0.05687175297354535,-2.084349746480436,stop,8.0,False,False,True,0.05687175297354535,-3.523205096711132,2025,2025-07
ETH,ETH/USDT:USDT,2025-07-28 05:00:00+00:00,long_compression_breakout,long,3929.11,3801.1547311861927,0.032565967563597704,True,False,0.025463781874266737,2.1880472947297545,0.6714010592200373,0.7183437650457432,-0.012857873666046515,-0.03136842694656039,-0.01811351680151485,0.0011503877468435064,-0.05138568276276312,stop,9.0,False,False,True,0.03532484470473199,-1.5778951650188984,stop,9.0,False,False,True,0.03532484470473199,-2.0250045379298998,2025,2025-07
ETH,ETH/USDT:USDT,2025-07-28 05:00:00+00:00,long_pullback_restart,long,3929.11,3801.1547311861927,0.032565967563597704,True,False,0.025463781874266737,2.1880472947297545,0.6714010592200373,0.7183437650457432,-0.012857873666046515,-0.03136842694656039,-0.01811351680151485,0.0011503877468435064,-0.05138568276276312,stop,9.0,False,False,True,0.03532484470473199,-1.5778951650188984,stop,9.0,False,False,True,0.03532484470473199,-2.0250045379298998,2025,2025-07
LINK,LINK/USDT:USDT,2025-07-28 05:00:00+00:00,long_compression_breakout,long,19.486,18.80322594073616,0.03503921067760659,True,False,0.029457046084368166,1.4462144248869793,0.5122950819672136,0.717213114754102,-0.020784152725033422,-0.062147182592630745,-0.07615724109617172,0.002360669198398835,-0.08252078415272501,stop,8.0,False,False,True,0.06737221394965703,-2.3550982615445655,stop,8.0,False,False,True,0.06737221394965703,-4.00864673000465,2025,2025-07
LINK,LINK/USDT:USDT,2025-07-28 05:00:00+00:00,long_pullback_restart,long,19.486,18.80322594073616,0.03503921067760659,True,False,0.029457046084368166,1.4462144248869793,0.5122950819672136,0.717213114754102,-0.020784152725033422,-0.062147182592630745,-0.07615724109617172,0.002360669198398835,-0.08252078415272501,stop,8.0,False,False,True,0.06737221394965703,-2.3550982615445655,stop,8.0,False,False,True,0.06737221394965703,-4.00864673000465,2025,2025-07
NEAR,NEAR/USDT:USDT,2025-07-28 05:00:00+00:00,long_compression_breakout,long,3.003,2.884394541261841,0.03949565725546423,True,False,0.034299034299034366,1.3230430167878784,0.5000000000000123,0.69444444444445,-0.014652014652014711,-0.07758907758907763,-0.09990009990009996,0.004662004662004504,-0.1092241092241093,stop,8.0,False,False,True,0.11803841196640937,-2.7654713660702064,stop,8.0,False,False,True,0.11803841196640937,-4.181932309667137,2025,2025-07
NEAR,NEAR/USDT:USDT,2025-07-28 05:00:00+00:00,long_pullback_restart,long,3.003,2.884394541261841,0.03949565725546423,True,False,0.034299034299034366,1.3230430167878784,0.5000000000000123,0.69444444444445,-0.014652014652014711,-0.07758907758907763,-0.09990009990009996,0.004662004662004504,-0.1092241092241093,stop,8.0,False,False,True,0.11803841196640937,-2.7654713660702064,stop,8.0,False,False,True,0.11803841196640937,-4.181932309667137,2025,2025-07
ZEC,ZEC/USDT:USDT,2025-07-30 18:00:00+00:00,short_pullback_restart,short,37.92,39.740251069938076,0.04800240163338802,False,True,0.036128691983122484,1.7254350237670872,0.7767857142857089,0.08035714285714557,-0.015576323987538943,0.003971405877680745,0.08902929350947741,0.024864864864864833,-0.04097116843702575,none,,False,False,False,0.5054247818853367,-0.8899871159285246,tp1,35.0,True,False,False,1.8678741939240662,-0.8899871159285246,2025,2025-07
LINK,LINK/USDT:USDT,2025-08-07 10:00:00+00:00,long_compression_breakout,long,17.295,16.54840573469801,0.04316821424122521,True,False,0.018791558253830543,4.6841204180799485,0.8877118644067782,0.9088983050847476,0.03740965596993351,0.11991905174906026,0.2542931483087598,0.12639491182422669,-0.0002891008962129238,tp1,3.0,True,True,False,2.927962484570899,-0.006697077961053058,tp1,3.0,True,True,False,7.238201860302442,-0.006697077961053058,2025,2025-08
BNB,BNB/USDT:USDT,2025-08-08 13:00:00+00:00,long_pullback_restart,long,793.67,780.2346999674512,0.016928068381756593,True,False,0.013935262766640978,1.699139168006349,0.8928164196123083,0.8928164196123083,0.0027971323093980427,0.01785376793881599,0.007408620711378822,0.032998601433845476,-0.014703844166971125,tp1,16.0,True,False,False,1.9493423992431425,-0.8686073233740872,tp1,16.0,True,True,False,2.5715838065616863,-0.8686073233740872,2025,2025-08
DOGE,DOGE/USDT:USDT,2025-08-08 13:00:00+00:00,long_compression_breakout,long,0.22769,0.21893214115428,0.03846395909227459,True,False,0.03219289384689711,1.476770214552113,0.9617224880382791,0.9633173843700147,0.0059730335104748455,0.043040976766656414,0.006983178883569696,0.07374061223593475,-0.03596995915499146,tp1,17.0,True,False,False,1.9171352605443437,-0.9351600824215712,tp1,17.0,True,True,False,2.1740473710997206,-0.9351600824215712,2025,2025-08
DOGE,DOGE/USDT:USDT,2025-08-08 13:00:00+00:00,long_pullback_restart,long,0.22769,0.21893214115428,0.03846395909227459,True,False,0.03219289384689711,1.476770214552113,0.9617224880382791,0.9633173843700147,0.0059730335104748455,0.043040976766656414,0.006983178883569696,0.07374061223593475,-0.03596995915499146,tp1,17.0,True,False,False,1.9171352605443437,-0.9351600824215712,tp1,17.0,True,True,False,2.1740473710997206,-0.9351600824215712,2025,2025-08
SOL,SOL/USDT:USDT,2025-08-08 13:00:00+00:00,long_compression_breakout,long,178.54,173.02878745800854,0.030868223042407612,True,False,0.02548448526940732,2.0676516404480236,0.6526946107784359,0.9461077844311357,-0.0006721182928195457,0.006609163212725422,0.005488966058026401,0.026436652850901687,-0.024756357118852823,none,,False,False,False,0.8564358503753959,-0.8020013683600085,tp1,36.0,True,False,False,1.4915048072215582,-0.8020013683600085,2025,2025-08
SOL,SOL/USDT:USDT,2025-08-08 13:00:00+00:00,long_pullback_restart,long,178.54,173.02878745800854,0.030868223042407612,True,False,0.02548448526940732,2.0676516404480236,0.6526946107784359,0.9461077844311357,-0.0006721182928195457,0.006609163212725422,0.005488966058026401,0.026436652850901687,-0.024756357118852823,none,,False,False,False,0.8564358503753959,-0.8020013683600085,tp1,36.0,True,False,False,1.4915048072215582,-0.8020013683600085,2025,2025-08
SOL,SOL/USDT:USDT,2025-08-08 17:00:00+00:00,long_compression_breakout,long,179.29,173.38067874292432,0.03295956973102613,True,False,0.029449495231189702,1.4718917860546645,0.9086161879895505,0.9973890339425537,-0.01444586981984497,0.012493725249595578,-0.006637291538847623,0.02214289698254235,-0.015505605443694614,none,,False,False,False,0.6718199649826821,-0.47044319966041753,tp1,34.0,True,False,False,1.2641045688716968,-0.47044319966041753,2025,2025-08
SOL,SOL/USDT:USDT,2025-08-08 17:00:00+00:00,long_pullback_restart,long,179.29,173.38067874292432,0.03295956973102613,True,False,0.029449495231189702,1.4718917860546645,0.9086161879895505,0.9973890339425537,-0.01444586981984497,0.012493725249595578,-0.006637291538847623,0.02214289698254235,-0.015505605443694614,none,,False,False,False,0.6718199649826821,-0.47044319966041753,tp1,34.0,True,False,False,1.2641045688716968,-0.47044319966041753,2025,2025-08
LINK,LINK/USDT:USDT,2025-08-09 22:00:00+00:00,long_compression_breakout,long,21.603,20.74363923162742,0.03977969580023988,True,False,0.03180113873073189,1.2906236032445428,0.5164113785557993,0.6630196936542677,0.023654122112669596,0.02064528074804417,0.08054436883766125,0.05073369439429709,-0.020737860482340387,tp1,7.0,True,False,False,1.2753665751760515,-0.5213177241595542,tp1,7.0,True,True,False,3.011540781528848,-0.8936875271306645,2025,2025-08
LINK,LINK/USDT:USDT,2025-08-09 22:00:00+00:00,long_pullback_restart,long,21.603,20.74363923162742,0.03977969580023988,True,False,0.03180113873073189,1.2906236032445428,0.5164113785557993,0.6630196936542677,0.023654122112669596,0.02064528074804417,0.08054436883766125,0.05073369439429709,-0.020737860482340387,tp1,7.0,True,False,False,1.2753665751760515,-0.5213177241595542,tp1,7.0,True,True,False,3.011540781528848,-0.8936875271306645,2025,2025-08
SOL,SOL/USDT:USDT,2025-08-10 01:00:00+00:00,long_compression_breakout,long,184.42,178.40792229298194,0.0325999224976578,True,False,0.025485305281422933,1.8036936003600461,0.6765676567656707,0.9438943894389387,-0.030148573907385123,-0.004283700249430589,0.053356468929617096,0.009272313198134707,-0.03795683765318292,stop,6.0,False,False,True,0.2844274614088706,-1.1643229414398157,stop,6.0,False,False,True,1.7664442340129785,-1.8429568844504487,2025,2025-08
SOL,SOL/USDT:USDT,2025-08-10 01:00:00+00:00,long_pullback_restart,long,184.42,178.40792229298194,0.0325999224976578,True,False,0.025485305281422933,1.8036936003600461,0.6765676567656707,0.9438943894389387,-0.030148573907385123,-0.004283700249430589,0.053356468929617096,0.009272313198134707,-0.03795683765318292,stop,6.0,False,False,True,0.2844274614088706,-1.1643229414398157,stop,6.0,False,False,True,1.7664442340129785,-1.8429568844504487,2025,2025-08
DOGE,DOGE/USDT:USDT,2025-08-11 01:00:00+00:00,long_pullback_restart,long,0.23603,0.22889987624249278,0.030208548733242437,True,False,0.025462864890056416,1.2734631606878053,0.7682619647355154,0.8589420654911827,-0.011439223827479528,-0.046350040249120816,0.04567216031860366,0.023937635046392458,-0.06321230352073881,stop,10.0,False,False,True,0.7924126133226238,-2.0925302992519477,stop,10.0,False,False,True,2.037832791429682,-2.4529728507986963,2025,2025-08
SOL,SOL/USDT:USDT,2025-08-11 02:00:00+00:00,long_pullback_restart,long,185.18,178.05750896569808,0.03846252853602943,True,False,0.02926881952694684,1.9289052376430935,0.6919642857142968,0.7544642857142912,-0.005292148180149114,-0.04908737444648448,0.11950534614969222,0.008532238902689171,-0.06393779025812729,stop,10.0,False,False,True,0.22183250107170385,-1.6623397548664562,stop,10.0,False,False,True,3.2460553321378773,-1.6623397548664562,2025,2025-08
SUI,SUI/USDT:USDT,2025-08-11 02:00:00+00:00,long_pullback_restart,long,3.956,3.7830912507102052,0.04370797504797642,True,False,0.03311425682507578,1.8705494056339924,0.6253869969040248,0.6609907120743029,-0.022396359959555134,-0.06744186046511624,0.043174924165824136,0.003968655207279959,-0.08508594539939329,stop,9.0,False,False,True,0.09079933817395588,-1.9466915432709473,stop,9.0,False,False,True,1.0207696297900268,-2.059467791321405,2025,2025-08
TRX,TRX/USDT:USDT,2025-08-11 14:00:00+00:00,long_pullback_restart,long,0.34288,0.33854400556589104,0.012645807378992593,True,False,0.010061829211385933,2.7570540608618286,0.7741935483871017,0.7788018433179819,0.006037097526831348,0.01633224451703219,0.062062529164722324,0.018811245916938724,-0.0008749416705553514,tp1,10.0,True,False,False,1.487548034947003,-0.06918828069521508,tp1,10.0,True,True,False,6.3422590637275675,-0.06918828069521508,2025,2025-08
ETH,ETH/USDT:USDT,2025-08-12 12:00:00+00:00,long_pullback_restart,long,4404.92,4208.153822975133,0.044669636911650365,True,False,0.026363702405492066,5.16899582790131,0.7588810821459041,0.8458861382887894,0.01906958582675733,0.06355393514524654,0.05032554507232834,0.07209665555787614,-0.0123520972004032,tp1,8.0,True,False,False,1.6139969013061874,-0.2765211014549702,tp1,8.0,True,False,False,1.9773723608546236,-0.2765211014549702,2025,2025-08
SUI,SUI/USDT:USDT,2025-08-13 09:00:00+00:00,long_pullback_restart,long,3.9934,3.8049944107006906,0.047179243075902565,True,False,0.03848850603495761,1.3625583329542286,0.7432432432432419,0.8725868725868696,-0.011143386587869952,-0.0024790904993239327,-0.07552461561576596,0.0474532979416038,-0.022086442630340097,tp1,18.0,True,False,False,1.0058088016643303,-0.4681389778722632,tp1,18.0,True,False,False,1.0058088016643303,-2.002594516453569,2025,2025-08
ADA,ADA/USDT:USDT,2025-08-13 22:00:00+00:00,long_compression_breakout,long,0.9027,0.859154839886845,0.048238794852281934,True,False,0.03090727816550341,1.4428908923024197,0.8232558139534869,0.9069767441860462,0.0900631439016284,0.017613825191093335,0.01916472803810798,0.12983272405007207,-0.03378752630995896,tp1,3.0,True,True,False,2.691458699323836,-0.7004222724349563,tp1,3.0,True,True,False,2.691458699323836,-0.7004222724349563,2025,2025-08
ADA,ADA/USDT:USDT,2025-08-13 22:00:00+00:00,long_pullback_restart,long,0.9027,0.859154839886845,0.048238794852281934,True,False,0.03090727816550341,1.4428908923024197,0.8232558139534869,0.9069767441860462,0.0900631439016284,0.017613825191093335,0.01916472803810798,0.12983272405007207,-0.03378752630995896,tp1,3.0,True,True,False,2.691458699323836,-0.7004222724349563,tp1,3.0,True,True,False,2.691458699323836,-0.7004222724349563,2025,2025-08
SOL,SOL/USDT:USDT,2025-08-17 02:00:00+00:00,long_pullback_restart,long,191.45,186.48354693203112,0.025941253946037458,True,False,0.01661008096108648,2.027456131865615,0.8614130434782625,0.9755434782608685,0.009767563332462759,-0.039644815878819406,-0.05609819796291449,0.02246017236876474,-0.04256986158265852,stop,23.0,False,False,True,0.8658090474533733,-1.6410101713360357,stop,23.0,False,False,True,0.8658090474533733,-3.197452947339425,2025,2025-08
ETH,ETH/USDT:USDT,2025-08-17 03:00:00+00:00,long_pullback_restart,long,4450.43,4377.719396934631,0.016337882646254288,True,False,0.012394307965747097,1.2105726920397906,0.5968790637191305,0.7955136540962315,0.02032837276398003,-0.029660055320497092,-0.06997750779138201,0.0279793188523354,-0.03896926813813506,tp1,5.0,True,False,False,1.7125425281929174,-2.3852092086773156,tp1,5.0,True,False,False,1.7125425281929174,-5.369643264394184,2025,2025-08
ETH,ETH/USDT:USDT,2025-08-17 04:00:00+00:00,long_pullback_restart,long,4481.14,4380.948582867872,0.02235846617872431,True,False,0.015335383406900977,1.6604984151273139,0.8204168893639944,0.8433992517370481,0.018997397983548936,-0.03261223706467553,-0.06985499225643488,0.02093440508442046,-0.04555537207049998,stop,21.0,False,False,True,0.9363077465636243,-2.037499876169914,stop,21.0,False,False,True,0.9363077465636243,-4.203354060204745,2025,2025-08
SOL,SOL/USDT:USDT,2025-08-17 04:00:00+00:00,long_compression_breakout,long,193.3,186.63693587506765,0.03447006789928795,True,False,0.02534919813760996,1.5395714333851436,0.8719211822660144,0.9310344827586274,-0.0015002586652872463,-0.054319710294878476,-0.06606311433005696,0.01267459906880486,-0.06114847387480615,stop,21.0,False,False,True,0.36769869748549944,-1.7739586139912782,stop,21.0,False,False,True,0.36769869748549944,-2.6609379209869153,2025,2025-08
SOL,SOL/USDT:USDT,2025-08-17 04:00:00+00:00,long_pullback_restart,long,193.3,186.63693587506765,0.03447006789928795,True,False,0.02534919813760996,1.5395714333851436,0.8719211822660144,0.9310344827586274,-0.0015002586652872463,-0.054319710294878476,-0.06606311433005696,0.01267459906880486,-0.06114847387480615,stop,21.0,False,False,True,0.36769869748549944,-1.7739586139912782,stop,21.0,False,False,True,0.36769869748549944,-2.6609379209869153,2025,2025-08
ETH,ETH/USDT:USDT,2025-08-17 08:00:00+00:00,long_pullback_restart,long,4533.15,4385.691741235143,0.03252887258635971,True,False,0.021258947972160616,2.765438427478324,0.8549924736577977,0.9598595082789674,0.004010456305218346,-0.06083187187717132,-0.06534087775608566,0.009220961141810813,-0.06731522230678444,stop,17.0,False,False,True,0.28347005010181436,-2.0693991815446933,stop,17.0,False,False,True,0.28347005010181436,-3.208704646068727,2025,2025-08
NEAR,NEAR/USDT:USDT,2025-08-17 11:00:00+00:00,long_compression_breakout,long,2.797,2.695355287023099,0.036340619584162084,True,False,0.028244547729710308,2.121835644516843,0.5952380952381063,0.9523809523809574,-0.011798355380765235,-0.08115838398283881,-0.12012870933142661,0.016088666428315967,-0.09152663568108699,stop,12.0,False,False,True,0.4427185505479869,-2.518576643117443,stop,12.0,False,False,True,0.4427185505479869,-3.787703154688341,2025,2025-08
SOL,SOL/USDT:USDT,2025-08-17 15:00:00+00:00,long_compression_breakout,long,195.38,189.8669113109989,0.02821726220186871,True,False,0.02129184153956391,1.4564444239380117,0.8860103626943145,0.9792746113989677,-0.02165011771931613,-0.06346606612754635,-0.06361961306172592,0.0018937455215477517,-0.07953731190500557,stop,9.0,False,False,True,0.06711301429599224,-2.818746600431638,stop,9.0,False,False,True,0.06711301429599224,-3.593267062712406,2025,2025-08
SOL,SOL/USDT:USDT,2025-08-17 15:00:00+00:00,long_pullback_restart,long,195.38,189.8669113109989,0.02821726220186871,True,False,0.02129184153956391,1.4564444239380117,0.8860103626943145,0.9792746113989677,-0.02165011771931613,-0.06346606612754635,-0.06361961306172592,0.0018937455215477517,-0.07953731190500557,stop,9.0,False,False,True,0.06711301429599224,-2.818746600431638,stop,9.0,False,False,True,0.06711301429599224,-3.593267062712406,2025,2025-08
NEAR,NEAR/USDT:USDT,2025-08-21 11:00:00+00:00,short_pullback_restart,short,2.48,2.5747724451899745,0.038214695641118755,False,True,0.0330645161290322,1.259612003982519,0.49999999999999145,0.30769230769230504,0.009771986970684043,0.029900332225913706,-0.04173106646058733,0.030328209389281158,-0.01195219123505964,none,,False,False,False,0.7702660815986021,-0.3165477047665469,tp1,25.0,True,False,False,1.192329687954001,-2.542933228291278,2025,2025-08
BTC,BTC/USDT:USDT,2025-08-21 16:00:00+00:00,short_pullback_restart,short,112350.8,114116.0185734901,0.015711668928838064,False,True,0.012921136298094998,1.5333696166714859,0.5944734876773712,0.11904406273337878,-0.0009141548158529966,-0.032341192257406615,-0.01665676182607323,0.006494012590268161,-0.04192231567475557,stop,22.0,False,False,True,0.4106573604461762,-2.784980893487955,stop,22.0,False,False,True,0.4106573604461762,-2.858909415405772,2025,2025-08
XRP,XRP/USDT:USDT,2025-08-22 03:00:00+00:00,short_compression_breakdown,short,2.8314,2.924182593725901,0.0327691579168966,False,True,0.02881966518330151,1.4751537129992045,0.6450777202072544,0.28238341968911546,-0.009341870473391412,-0.053992649515536284,-0.06285373845695563,0.018049762692363025,-0.08840952994204765,stop,11.0,False,False,True,0.5410497592716688,-2.9596068505179445,stop,11.0,False,False,True,0.5410497592716688,-3.1913313490107926,2025,2025-08
XRP,XRP/USDT:USDT,2025-08-22 03:00:00+00:00,short_pullback_restart,short,2.8314,2.924182593725901,0.0327691579168966,False,True,0.02881966518330151,1.4751537129992045,0.6450777202072544,0.28238341968911546,-0.009341870473391412,-0.053992649515536284,-0.06285373845695563,0.018049762692363025,-0.08840952994204765,stop,11.0,False,False,True,0.5410497592716688,-2.9596068505179445,stop,11.0,False,False,True,0.5410497592716688,-3.1913313490107926,2025,2025-08
NEAR,NEAR/USDT:USDT,2025-08-22 11:00:00+00:00,short_compression_breakdown,short,2.408,2.4909028431564124,0.03442809101179921,False,True,0.02533222591362124,1.8691105386579485,0.8333333333333334,0.04166666666666204,-0.09745127436281864,-0.09947643979057597,-0.04140127388535031,0.017321504013519284,-0.11503123851525177,stop,3.0,False,False,True,0.4945548118614626,-3.775503807625321,stop,3.0,False,False,True,0.4945548118614626,-4.583678744081856,2025,2025-08
NEAR,NEAR/USDT:USDT,2025-08-22 11:00:00+00:00,short_pullback_restart,short,2.408,2.4909028431564124,0.03442809101179921,False,True,0.02533222591362124,1.8691105386579485,0.8333333333333334,0.04166666666666204,-0.09745127436281864,-0.09947643979057597,-0.04140127388535031,0.017321504013519284,-0.11503123851525177,stop,3.0,False,False,True,0.4945548118614626,-3.775503807625321,stop,3.0,False,False,True,0.4945548118614626,-4.583678744081856,2025,2025-08
TAO,TAO/USDT:USDT,2025-08-28 16:00:00+00:00,short_pullback_restart,short,328.15,339.2732315546392,0.0338967897444438,False,True,0.018680481487124777,1.3096711945005632,0.741605839416062,0.013138686131383167,-0.02298508351445505,0.031042825274138375,0.016070101560564876,0.04167989334010547,-0.029142011834319637,tp1,17.0,True,False,False,1.1804123590795688,-0.8855340241381403,tp1,17.0,True,False,False,1.260425078011846,-0.8855340241381403,2025,2025-08
TAO,TAO/USDT:USDT,2025-08-28 19:00:00+00:00,short_pullback_restart,short,325.18,339.2861325530402,0.04337945923193369,False,True,0.032689587305492325,1.2396087612742506,0.806956521739128,0.020869565217392094,-0.01770178830352831,0.02489914271306115,0.008560263010979341,0.03517651927545917,-0.03792899408284023,none,,False,False,False,0.7833472398229011,-0.9088245805004141,none,,False,False,False,0.7833472398229011,-0.9088245805004141,2025,2025-08
BTC,BTC/USDT:USDT,2025-08-29 01:00:00+00:00,short_pullback_restart,short,111425.0,113536.04014246655,0.018945839286215363,False,True,0.014355844738613469,1.888853141656145,0.8386912904696757,0.0853853169174583,0.013240094935845548,0.03742939102405951,0.030663213393765654,0.0386275295718721,-0.0033292425928377334,tp1,12.0,True,False,False,1.963013358503991,-0.17631119016292948,tp1,12.0,True,False,False,1.963013358503991,-0.17631119016292948,2025,2025-08
XRP,XRP/USDT:USDT,2025-08-29 04:00:00+00:00,short_pullback_restart,short,2.9164,3.0017090924861494,0.029251506132954838,False,True,0.021053353449458204,1.3324317068187284,0.7718631178707306,0.11026615969581383,0.014364717748947653,0.03753246291223444,0.07303432797380327,0.05681982896071891,-0.001164463319405451,tp1,10.0,True,False,False,1.8380221314094696,-0.039855071726991854,tp1,10.0,True,True,False,2.415920671450836,-0.039855071726991854,2025,2025-08
NEAR,NEAR/USDT:USDT,2025-08-29 07:00:00+00:00,short_pullback_restart,short,2.437,2.557720015934111,0.04953632167998002,False,True,0.03200656544932288,3.231550866074659,0.841269841269845,0.15873015873015492,-0.0032719836400818547,-0.006522625356706113,0.010783907092492662,0.02051926298157447,-0.02908366533864537,none,,False,False,False,0.4058978920839773,-0.6047050229006198,none,,False,False,False,0.9857520236325158,-0.6047050229006198,2025,2025-08
SUI,SUI/USDT:USDT,2025-08-29 07:00:00+00:00,short_compression_breakdown,short,3.355,3.506586549601905,0.04518228006018029,False,True,0.029448584202682496,2.8394627573351374,0.8695652173913039,0.1291172595520399,0.011761158021712959,0.0041603064858879435,0.020811781172031862,0.04533416420003111,-0.013409398341469148,none,,False,False,False,0.9598476934933269,-0.3008182462082166,tp1,67.0,True,False,False,1.3879859430308978,-0.3008182462082166,2025,2025-08
SUI,SUI/USDT:USDT,2025-08-29 07:00:00+00:00,short_pullback_restart,short,3.355,3.506586549601905,0.04518228006018029,False,True,0.029448584202682496,2.8394627573351374,0.8695652173913039,0.1291172595520399,0.011761158021712959,0.0041603064858879435,0.020811781172031862,0.04533416420003111,-0.013409398341469148,none,,False,False,False,0.9598476934933269,-0.3008182462082166,tp1,67.0,True,False,False,1.3879859430308978,-0.3008182462082166,2025,2025-08
NEAR,NEAR/USDT:USDT,2025-08-31 22:00:00+00:00,short_pullback_restart,short,2.406,2.4504898954948775,0.01849122838523581,False,True,0.014962593516209488,1.9392233700743744,0.6799999999999986,0.2800000000000057,0.03306139974237876,0.04472427268779855,-0.029055690072639195,0.0571177504393674,-0.019160211985324027,tp1,2.0,True,True,False,2.922011808613233,-1.0564196538832364,tp1,2.0,True,True,False,2.922011808613233,-1.9555002103796144,2025,2025-08
DOGE,DOGE/USDT:USDT,2025-08-31 23:00:00+00:00,short_pullback_restart,short,0.21359,0.21892683549720268,0.024986354685156982,False,True,0.015590617538274261,2.3385044745004313,0.8432055749128905,0.15679442508710947,0.016272541276109775,0.014053078858662138,-0.030106257378984647,0.04399041986411856,-0.028341370211991568,tp1,5.0,True,False,False,1.6863926206302196,-1.1673584473918037,tp1,5.0,True,False,False,1.6863926206302196,-1.8512843435362838,2025,2025-08
NEAR,NEAR/USDT:USDT,2025-08-31 23:00:00+00:00,short_pullback_restart,short,2.365,2.450597760102386,0.036193556068662085,False,True,0.020295983086680777,5.059640372359405,0.909090909090899,0.0681818181818207,0.010683760683760868,0.010683760683760868,-0.04134576408593427,0.039103690685413195,-0.03587443946188329,stop,10.0,False,False,True,1.0397468332529385,-1.0280642845646943,stop,10.0,False,False,True,1.0397468332529385,-1.495366232094103,2025,2025-08
SUI,SUI/USDT:USDT,2025-08-31 23:00:00+00:00,short_pullback_restart,short,3.2476,3.321263804492727,0.02268253617832472,False,True,0.012717083384653181,2.239439545762435,0.8034557235421239,0.08639308855291583,0.020776363350620608,0.014082747853239486,-0.0408741878322505,0.045589182227945946,-0.027111230939756203,tp1,3.0,True,False,False,1.9222466308264021,-1.2285545204081179,tp1,3.0,True,False,False,1.9222466308264021,-2.139449639959329,2025,2025-08
XRP,XRP/USDT:USDT,2025-08-31 23:00:00+00:00,short_pullback_restart,short,2.7745,2.8294113033702297,0.019791423092531818,False,True,0.011857992431068555,2.19358429414011,0.8078175895765464,0.1921824104234536,0.015593542955452344,0.006128517551494017,-0.024094266619767768,0.02930810610276402,-0.022409358373559618,tp1,5.0,True,False,False,1.4386837527304162,-1.1582314768816933,tp1,5.0,True,False,False,1.4386837527304162,-2.017799491171259,2025,2025-08
TAO,TAO/USDT:USDT,2025-09-04 15:00:00+00:00,short_compression_breakdown,short,313.26,323.5217244310577,0.0327578510855446,False,True,0.026782864074570603,2.4540396482276705,0.7196261682242999,0.21028037383177173,-0.006312450436161798,-0.015184381778741818,-0.041314726404700686,0.008466664520490497,-0.04234049708049292,stop,21.0,False,False,True,0.2562922067990979,-1.3496756897975353,stop,21.0,False,False,True,0.2562922067990979,-1.469538584992547,2025,2025-09
TAO,TAO/USDT:USDT,2025-09-04 15:00:00+00:00,short_pullback_restart,short,313.26,323.5217244310577,0.0327578510855446,False,True,0.026782864074570603,2.4540396482276705,0.7196261682242999,0.21028037383177173,-0.006312450436161798,-0.015184381778741818,-0.041314726404700686,0.008466664520490497,-0.04234049708049292,stop,21.0,False,False,True,0.2562922067990979,-1.3496756897975353,stop,21.0,False,False,True,0.2562922067990979,-1.469538584992547,2025,2025-09
XRP,XRP/USDT:USDT,2025-09-04 19:00:00+00:00,short_pullback_restart,short,2.7831,2.858745955318907,0.027180466141679002,False,True,0.021414968919550175,1.2798354939456453,0.6297872340425444,0.03404255319148582,-0.007276618512573552,-0.028179342132830465,-0.02729623934013703,0.002377093462992974,-0.03508650279097181,stop,17.0,False,False,True,0.0872485511244587,-1.337811117241667,stop,17.0,False,False,True,0.0872485511244587,-1.9128583860164925,2025,2025-09
ZEC,ZEC/USDT:USDT,2025-09-06 07:00:00+00:00,long_pullback_restart,long,42.08,40.72614114566156,0.03217345186165496,True,False,0.021863117870722475,2.349486239049556,0.7777777777777821,0.8148148148148119,0.01615969581749055,0.1204847908745248,0.19296577946768068,0.13830798479087458,-0.0066539923954372915,tp1,12.0,True,True,False,4.298823308906841,-0.20681624166562204,tp1,12.0,True,True,False,7.341976579129557,-0.20681624166562204,2025,2025-09
BTC,BTC/USDT:USDT,2025-09-06 15:00:00+00:00,short_pullback_restart,short,110324.1,111327.45790728205,0.009094639405914418,False,True,0.005757581525704693,2.3104014529435566,0.8593073593073585,0.07654466745377599,0.001506925046819152,-0.008556187217032885,-0.004565546724220271,0.004315885298133981,-0.009403670960408061,stop,17.0,False,False,True,0.4725133440013213,-1.043795033057524,stop,17.0,False,False,True,0.4725133440013213,-2.904148139813184,2025,2025-09
DOGE,DOGE/USDT:USDT,2025-09-06 19:00:00+00:00,short_pullback_restart,short,0.21272,0.21627224207177684,0.016699144752617738,False,True,0.013021812711545669,1.4852575953561271,0.6731707317073281,0.287804878048771,-0.018638125115335025,-0.0427073489041897,-0.11763729882196783,0.0005173792389820964,-0.05482982315826901,stop,4.0,False,False,True,0.03096635808521252,-3.4738623524684233,stop,4.0,False,False,True,0.03096635808521252,-10.348393847385665,2025,2025-09
SOL,SOL/USDT:USDT,2025-09-07 15:00:00+00:00,long_pullback_restart,long,205.09,201.93462720957916,0.015385307866891811,True,False,0.008825393729582146,2.7419785842863833,0.7272727272727408,0.8277511961722538,-0.002486713150324227,0.04817397240235999,0.08757131015651676,0.056267979911258426,-0.018187137354332195,stop,2.0,False,False,True,3.6572540762959638,-1.1821107196346547,stop,2.0,False,False,True,6.610946276562721,-1.1821107196346547,2025,2025-09
LINK,LINK/USDT:USDT,2025-09-09 06:00:00+00:00,long_compression_breakout,long,23.616,22.790769099335204,0.03494372038722881,True,False,0.020028794037940337,2.682435091981591,0.6584867075664594,0.6973415132924347,0.0016090785907858507,-0.0032181571815718124,0.043064024390243816,0.008722899728997202,-0.033621273712737154,none,,False,False,False,0.24962710416448117,-0.9621549548864011,tp1,65.0,True,False,False,1.4589855990972629,-0.9621549548864011,2025,2025-09
LINK,LINK/USDT:USDT,2025-09-09 06:00:00+00:00,long_pullback_restart,long,23.616,22.790769099335204,0.03494372038722881,True,False,0.020028794037940337,2.682435091981591,0.6584867075664594,0.6973415132924347,0.0016090785907858507,-0.0032181571815718124,0.043064024390243816,0.008722899728997202,-0.033621273712737154,none,,False,False,False,0.24962710416448117,-0.9621549548864011,tp1,65.0,True,False,False,1.4589855990972629,-0.9621549548864011,2025,2025-09
BNB,BNB/USDT:USDT,2025-09-10 06:00:00+00:00,long_pullback_restart,long,885.22,873.3858271906602,0.013368623403605727,True,False,0.011206253812611507,1.6570883073214697,0.6547842401500905,0.7823639774859363,0.004891439416190302,0.013431689297575655,0.04541243984546206,0.025846682180700853,-0.0038747430017397333,tp1,7.0,True,False,False,1.933383969341943,-0.2898385933060747,tp1,7.0,True,True,False,3.834657540591669,-0.2898385933060747,2025,2025-09
SOL,SOL/USDT:USDT,2025-09-10 07:00:00+00:00,long_pullback_restart,long,222.15,214.48718722695233,0.03449386798580993,True,False,0.021156875984695102,2.5847762541392574,0.7864583333333353,0.8125000000000004,0.008642808912896704,0.004186360567184355,0.09088453747467917,0.017105559306774598,-0.01544001800585193,none,,False,False,False,0.49590145453712237,-0.4476163129111423,tp1,41.0,True,True,False,2.8514333635884657,-0.4476163129111423,2025,2025-09
BNB,BNB/USDT:USDT,2025-09-10 12:00:00+00:00,long_pullback_restart,long,889.55,876.8579121659453,0.014267986997981713,True,False,0.00997133382047103,3.83962070845655,0.841603053435107,0.9141221374045716,0.006655050306334731,0.01342251700297914,0.05646675285256597,0.020853240402450846,-0.0011016806250350175,tp1,1.0,True,False,False,1.4615404685608813,-0.0772134587164161,tp1,1.0,True,True,False,4.297953237735627,-0.43412873217091175,2025,2025-09
DOGE,DOGE/USDT:USDT,2025-09-10 16:00:00+00:00,long_compression_breakout,long,0.24789,0.23773190678713918,0.04097822910509024,True,False,0.029851950461898383,2.3734052812401094,0.6908212560386462,0.9017713365539453,-0.013675420549437267,0.006696518617128611,0.18338779297268948,0.027552543466860202,-0.03860583323248212,none,,False,False,False,0.6723702821857128,-0.9421059444388383,tp1,32.0,True,True,False,5.798332301718664,-0.9421059444388383,2025,2025-09
DOGE,DOGE/USDT:USDT,2025-09-10 16:00:00+00:00,long_pullback_restart,long,0.24789,0.23773190678713918,0.04097822910509024,True,False,0.029851950461898383,2.3734052812401094,0.6908212560386462,0.9017713365539453,-0.013675420549437267,0.006696518617128611,0.18338779297268948,0.027552543466860202,-0.03860583323248212,none,,False,False,False,0.6723702821857128,-0.9421059444388383,tp1,32.0,True,True,False,5.798332301718664,-0.9421059444388383,2025,2025-09
BNB,BNB/USDT:USDT,2025-09-12 17:00:00+00:00,long_pullback_restart,long,917.98,902.0776265861656,0.017323224268322213,True,False,0.0087038933310094,3.4644995639312337,0.7542213883677207,0.8621013133208241,0.008191899605655806,0.012647334364583207,0.0024292468245494803,0.028889518290158733,-0.0020044009673413354,tp1,16.0,True,False,False,1.6676755921810167,-0.11570599885419026,tp1,16.0,True,False,False,1.7607434608246042,-0.43892819130556315,2025,2025-09
LINK,LINK/USDT:USDT,2025-09-13 08:00:00+00:00,long_compression_breakout,long,25.425,24.86520203019602,0.02201761926466001,True,False,0.016519174041298,1.5923433327586365,0.7951070336391443,0.8042813455657501,-0.018053097345132718,-0.03311701081612595,-0.06934119960668639,0.008377581120943889,-0.03901671583087518,stop,5.0,False,False,True,0.3804944131444156,-1.7720678771796194,stop,5.0,False,False,True,0.3804944131444156,-4.394442518005908,2025,2025-09
LINK,LINK/USDT:USDT,2025-09-13 08:00:00+00:00,long_pullback_restart,long,25.425,24.86520203019602,0.02201761926466001,True,False,0.016519174041298,1.5923433327586365,0.7951070336391443,0.8042813455657501,-0.018053097345132718,-0.03311701081612595,-0.06934119960668639,0.008377581120943889,-0.03901671583087518,stop,5.0,False,False,True,0.3804944131444156,-1.7720678771796194,stop,5.0,False,False,True,0.3804944131444156,-4.394442518005908,2025,2025-09
XRP,XRP/USDT:USDT,2025-09-13 08:00:00+00:00,long_pullback_restart,long,3.1429,3.0767104419271756,0.02106002675007937,True,False,0.01788157434216807,1.2173475382428183,0.7535014005602253,0.9411764705882353,0.001081803429953343,-0.018963377772121315,-0.03493588723790131,0.013554360622355155,-0.022049699322282068,stop,20.0,False,False,True,0.6436060496601282,-1.046992939940065,stop,20.0,False,False,True,0.6436060496601282,-2.8871623495316894,2025,2025-09
BNB,BNB/USDT:USDT,2025-09-13 09:00:00+00:00,long_compression_breakout,long,939.25,921.8904771709666,0.01848232401281169,True,False,0.008464200159701939,4.066761783457069,0.7888965044551101,0.8423577793008933,-0.0022145328719723745,0.0025765238221984177,-0.010763907372903891,0.007165291455949019,-0.017886611658237905,none,,False,False,False,0.38768346724048525,-0.9677685363506859,stop,47.0,False,False,True,0.38768346724048525,-1.6273488780896996,2025,2025-09
BNB,BNB/USDT:USDT,2025-09-13 09:00:00+00:00,long_pullback_restart,long,939.25,921.8904771709666,0.01848232401281169,True,False,0.008464200159701939,4.066761783457069,0.7888965044551101,0.8423577793008933,-0.0022145328719723745,0.0025765238221984177,-0.010763907372903891,0.007165291455949019,-0.017886611658237905,none,,False,False,False,0.38768346724048525,-0.9677685363506859,stop,47.0,False,False,True,0.38768346724048525,-1.6273488780896996,2025,2025-09
NEAR,NEAR/USDT:USDT,2025-09-13 09:00:00+00:00,long_compression_breakout,long,2.856,2.7627402748154144,0.03265396540076523,True,False,0.026610644257703105,1.874584628257974,0.5384615384615253,0.653846153846144,-0.012955182072829086,-0.03501400560224088,-0.06162464985994387,0.011204481792717047,-0.04341736694677856,stop,8.0,False,False,True,0.343127753557751,-1.3296200450362803,stop,8.0,False,False,True,0.343127753557751,-3.013090585928995,2025,2025-09
NEAR,NEAR/USDT:USDT,2025-09-13 09:00:00+00:00,long_pullback_restart,long,2.856,2.7627402748154144,0.03265396540076523,True,False,0.026610644257703105,1.874584628257974,0.5384615384615253,0.653846153846144,-0.012955182072829086,-0.03501400560224088,-0.06162464985994387,0.011204481792717047,-0.04341736694677856,stop,8.0,False,False,True,0.343127753557751,-1.3296200450362803,stop,8.0,False,False,True,0.343127753557751,-3.013090585928995,2025,2025-09
XRP,XRP/USDT:USDT,2025-09-13 09:00:00+00:00,long_compression_breakout,long,3.1791,3.079506838932377,0.03132747037451569,True,False,0.01918782045232926,2.812658770588275,0.7886710239651409,0.8845315904139417,-0.014500959391022583,-0.02843572080148482,-0.04756063036708513,0.0020131483753265123,-0.03318549274952032,stop,19.0,False,False,True,0.06426144055870103,-1.0593096842098086,stop,19.0,False,False,True,0.06426144055870103,-2.2822852248425516,2025,2025-09
XRP,XRP/USDT:USDT,2025-09-13 09:00:00+00:00,long_pullback_restart,long,3.1791,3.079506838932377,0.03132747037451569,True,False,0.01918782045232926,2.812658770588275,0.7886710239651409,0.8845315904139417,-0.014500959391022583,-0.02843572080148482,-0.04756063036708513,0.0020131483753265123,-0.03318549274952032,stop,19.0,False,False,True,0.06426144055870103,-1.0593096842098086,stop,19.0,False,False,True,0.06426144055870103,-2.2822852248425516,2025,2025-09
BNB,BNB/USDT:USDT,2025-09-16 04:00:00+00:00,long_pullback_restart,long,924.37,912.2781671405983,0.013081161071217947,True,False,0.011002087908521559,1.3988108273579296,0.3551020408163273,0.9727891156462524,0.0016984540822397864,0.030334173545225385,0.0737799798781873,0.0425478974869371,-0.0023691811720415457,tp1,11.0,True,True,False,3.2526086373597103,-0.18111398209554883,tp1,11.0,True,True,False,6.93195158869796,-0.18111398209554883,2025,2025-09
BNB,BNB/USDT:USDT,2025-09-16 05:00:00+00:00,long_pullback_restart,long,930.09,915.3068694876985,0.015894301102368124,True,False,0.008956122525777118,1.5459299116781486,0.8522388059701489,0.9611940298507479,-0.0024406240256319434,0.023922416110268907,0.06936963089593484,0.03613628788611867,-0.00850455332279676,tp1,12.0,True,True,False,2.2735373926403435,-0.5350693476877506,tp1,12.0,True,True,False,5.283048805867623,-0.5350693476877506,2025,2025-09
TAO,TAO/USDT:USDT,2025-09-18 10:00:00+00:00,long_compression_breakout,long,365.82,352.4601030783868,0.0365204114635974,True,False,0.030780165108523293,3.504519898832897,0.48259493670886305,0.762658227848101,0.010742988354928595,-0.03717675359466399,-0.0667541413810071,0.01927177300311622,-0.041167787436444114,stop,18.0,False,False,True,0.5276986822102463,-1.1272542062533755,stop,18.0,False,False,True,0.5276986822102463,-1.9319011330278633,2025,2025-09
TAO,TAO/USDT:USDT,2025-09-18 10:00:00+00:00,long_pullback_restart,long,365.82,352.4601030783868,0.0365204114635974,True,False,0.030780165108523293,3.504519898832897,0.48259493670886305,0.762658227848101,0.010742988354928595,-0.03717675359466399,-0.0667541413810071,0.01927177300311622,-0.041167787436444114,stop,18.0,False,False,True,0.5276986822102463,-1.1272542062533755,stop,18.0,False,False,True,0.5276986822102463,-1.9319011330278633,2025,2025-09
ADA,ADA/USDT:USDT,2025-09-18 15:00:00+00:00,long_compression_breakout,long,0.9267,0.8973959006870421,0.03162199127329001,True,False,0.02805654472860691,2.2403766881023492,0.35454545454545555,0.8727272727272667,0.0017265565986834819,-0.03237293622531556,-0.04478256177835327,0.012625445127873114,-0.03873961368296097,stop,20.0,False,False,True,0.39926154614233345,-1.2250845732059563,stop,20.0,False,False,True,0.39926154614233345,-1.7130709073799206,2025,2025-09
ADA,ADA/USDT:USDT,2025-09-18 15:00:00+00:00,long_pullback_restart,long,0.9267,0.8973959006870421,0.03162199127329001,True,False,0.02805654472860691,2.2403766881023492,0.35454545454545555,0.8727272727272667,0.0017265565986834819,-0.03237293622531556,-0.04478256177835327,0.012625445127873114,-0.03873961368296097,stop,20.0,False,False,True,0.39926154614233345,-1.2250845732059563,stop,20.0,False,False,True,0.39926154614233345,-1.7130709073799206,2025,2025-09
SOL,SOL/USDT:USDT,2025-09-18 16:00:00+00:00,long_compression_breakout,long,249.77,242.01942388805512,0.031030852832385374,True,False,0.025823757857228718,1.5387316091359502,0.6058394160583909,0.8357664233576689,-0.011170276654522193,-0.04516154862473476,-0.051567442046683065,0.014893702206029591,-0.05641189894703125,stop,17.0,False,False,True,0.4799643208802086,-1.8179293766672426,stop,17.0,False,False,True,0.4799643208802086,-1.9095354701685738,2025,2025-09
SOL,SOL/USDT:USDT,2025-09-18 16:00:00+00:00,long_pullback_restart,long,249.77,242.01942388805512,0.031030852832385374,True,False,0.025823757857228718,1.5387316091359502,0.6058394160583909,0.8357664233576689,-0.011170276654522193,-0.04516154862473476,-0.051567442046683065,0.014893702206029591,-0.05641189894703125,stop,17.0,False,False,True,0.4799643208802086,-1.8179293766672426,stop,17.0,False,False,True,0.4799643208802086,-1.9095354701685738,2025,2025-09
LINK,LINK/USDT:USDT,2025-09-18 22:00:00+00:00,long_compression_breakout,long,24.677,24.004706576503615,0.027243725878201744,True,False,0.02435466223609025,1.3075029505694802,0.38022813688211876,0.7414448669201484,-0.0006889005956963734,-0.0458321513960368,-0.06463508530210316,0.008590995663978696,-0.05778660290959181,stop,13.0,False,False,True,0.31533850040872796,-2.121097648975689,stop,13.0,False,False,True,0.31533850040872796,-2.6714525789343204,2025,2025-09
LINK,LINK/USDT:USDT,2025-09-18 22:00:00+00:00,long_pullback_restart,long,24.677,24.004706576503615,0.027243725878201744,True,False,0.02435466223609025,1.3075029505694802,0.38022813688211876,0.7414448669201484,-0.0006889005956963734,-0.0458321513960368,-0.06463508530210316,0.008590995663978696,-0.05778660290959181,stop,13.0,False,False,True,0.31533850040872796,-2.121097648975689,stop,13.0,False,False,True,0.31533850040872796,-2.6714525789343204,2025,2025-09
BNB,BNB/USDT:USDT,2025-09-19 08:00:00+00:00,long_pullback_restart,long,1000.96,978.7789948966825,0.022159731760827094,True,False,0.017972746163682874,2.298074714926804,0.643333333333342,0.6622222222222263,-0.016943734015345324,-0.0038363171355498826,0.027893222506393922,0.005224984015345324,-0.02656449808184147,stop,7.0,False,False,True,0.2357873313512649,-1.1987734494512656,stop,7.0,False,False,True,3.7563671985061773,-1.1987734494512656,2025,2025-09
ZEC,ZEC/USDT:USDT,2025-09-21 01:00:00+00:00,long_compression_breakout,long,51.12,49.48715455950344,0.03194142097997965,True,False,0.024061032863849707,1.272879047288138,0.5571428571428614,0.9571428571428553,0.001956181533646406,-0.017996870109546093,0.07218309859154948,0.022691705790297334,-0.020735524256650928,none,,False,False,False,0.7104162900116495,-0.6491735063899506,stop,25.0,False,False,True,2.5232026852137848,-3.258116088674107,2025,2025-09
ZEC,ZEC/USDT:USDT,2025-09-21 01:00:00+00:00,long_pullback_restart,long,51.12,49.48715455950344,0.03194142097997965,True,False,0.024061032863849707,1.272879047288138,0.5571428571428614,0.9571428571428553,0.001956181533646406,-0.017996870109546093,0.07218309859154948,0.022691705790297334,-0.020735524256650928,none,,False,False,False,0.7104162900116495,-0.6491735063899506,stop,25.0,False,False,True,2.5232026852137848,-3.258116088674107,2025,2025-09
TAO,TAO/USDT:USDT,2025-09-23 17:00:00+00:00,short_pullback_restart,short,308.92,320.75773522875426,0.03831974371602434,False,True,0.030817040010358607,2.009756225078314,0.9048913043478201,0.048913043478262634,0.0017510863220702166,-0.016961018297533714,0.018731038121619914,0.015382592689981545,-0.024381000505305672,none,,False,False,False,0.3953458925683805,-0.652151771501684,tp1,43.0,True,False,False,1.6455850400068477,-0.652151771501684,2025,2025-09
LINK,LINK/USDT:USDT,2025-09-24 03:00:00+00:00,short_pullback_restart,short,21.277,22.067012096107153,0.037129863049638175,False,True,0.02871645438736667,1.8298957682809462,0.5251641137855537,0.3588621444201339,-0.020531234175758306,-0.0005167230364524489,0.009489016463443578,0.015996561932957842,-0.03083720506513621,none,,False,False,False,0.42404414014765146,-0.856948904119281,tp1,33.0,True,False,False,1.8442755587914237,-0.856948904119281,2025,2025-09
SUI,SUI/USDT:USDT,2025-09-24 03:00:00+00:00,short_pullback_restart,short,3.2751,3.4257224345570654,0.0459901787905912,False,True,0.03392262831669261,2.43881127373779,0.8689458689458649,0.04415954415954862,-0.03335202620937994,-0.010394319383592587,0.023149015932521166,0.012927968329570438,-0.04757611888213564,stop,11.0,False,False,True,0.27751510007736474,-1.0861595782932174,stop,11.0,False,False,True,1.3776168245467175,-1.0861595782932174,2025,2025-09
LINK,LINK/USDT:USDT,2025-09-25 00:00:00+00:00,short_pullback_restart,short,21.409,21.99346812414494,0.027300113230180802,False,True,0.01933766173104776,1.2912236527318466,0.6690647482014418,0.14028776978416585,0.02200687416459801,0.048432908912830364,0.029031482816630483,0.08017154389505543,-0.007602095211607152,tp1,11.0,True,True,False,2.718711139849855,-0.28059699618337364,tp1,11.0,True,True,False,2.718711139849855,-0.28059699618337364,2025,2025-09
SUI,SUI/USDT:USDT,2025-09-25 00:00:00+00:00,short_pullback_restart,short,3.3407,3.445559902088505,0.031388601816536965,False,True,0.027868410812105168,1.6646037037276542,0.5329949238578643,0.28934010152284384,0.03088934147997291,0.056748805871002395,0.05338336381408837,0.08902725257530308,-0.007398383646303852,tp1,4.0,True,True,False,2.6044273793951755,-0.23745969149373958,tp1,4.0,True,True,False,2.6044273793951755,-0.23745969149373958,2025,2025-09
ETH,ETH/USDT:USDT,2025-09-25 01:00:00+00:00,short_pullback_restart,short,4099.74,4210.905421548256,0.02711523695362531,False,True,0.020730582915014072,4.000011584282565,0.4777836785271709,0.38484687555319286,0.023159817716262188,0.038645115524929,0.02621520346632411,0.07266875981161691,-0.009006526468455456,tp1,3.0,True,True,False,2.4984387782799486,-0.33517616792219884,tp1,3.0,True,True,False,2.4984387782799486,-0.33517616792219884,2025,2025-09
LINK,LINK/USDT:USDT,2025-09-25 01:00:00+00:00,short_pullback_restart,short,21.299,21.994620400991728,0.032659768110790584,False,True,0.027419127658575505,1.5428477812950325,0.4522821576763565,0.2987551867219887,0.016367627409811014,0.040447462263690115,0.030330882352941124,0.07462159434914217,-0.012701061512075285,tp1,11.0,True,True,False,2.12615960930908,-0.3938929905008047,tp1,11.0,True,True,False,2.12615960930908,-0.3938929905008047,2025,2025-09
TRX,TRX/USDT:USDT,2025-09-25 03:00:00+00:00,short_pullback_restart,short,0.33565,0.33959178611324503,0.011743739351243936,False,True,0.008431401757783404,1.8747369122097555,0.6780185758513932,0.25077399380804605,0.007897423578163476,0.005692883895131118,-0.00222948870392381,0.018108468818248014,-0.0011308514120762503,tp1,7.0,True,False,False,1.5145418418162981,-0.09640299830656238,tp1,7.0,True,False,False,1.5145418418162981,-1.0655068233883402,2025,2025-09
BTC,BTC/USDT:USDT,2025-09-25 17:00:00+00:00,short_compression_breakdown,short,108793.9,112339.21400368768,0.03258743370435003,False,True,0.01530692437719397,4.292675194037859,0.8989284803129531,0.09171698273662592,-0.0012906838513051522,-0.009589675850021018,-0.01234277621682478,0.0020991839065636064,-0.010663247443539636,none,,False,False,False,0.06428203531843503,-0.330746444117592,none,,False,False,False,0.06428203531843503,-0.43891739867933166,2025,2025-09
BTC,BTC/USDT:USDT,2025-09-25 17:00:00+00:00,short_pullback_restart,short,108793.9,112339.21400368768,0.03258743370435003,False,True,0.01530692437719397,4.292675194037859,0.8989284803129531,0.09171698273662592,-0.0012906838513051522,-0.009589675850021018,-0.01234277621682478,0.0020991839065636064,-0.010663247443539636,none,,False,False,False,0.06428203531843503,-0.330746444117592,none,,False,False,False,0.06428203531843503,-0.43891739867933166,2025,2025-09
XRP,XRP/USDT:USDT,2025-09-25 17:00:00+00:00,short_compression_breakdown,short,2.7359,2.8711990291190155,0.04945320703206092,False,True,0.029496692130560408,3.1358229917172062,0.7771428571428558,0.18571428571428472,-0.0022246535375638476,-0.020128218903334383,-0.03061332955390983,0.014536285089183032,-0.02727014150607987,none,,False,False,False,0.28972861265336897,-0.566892464043709,none,,False,False,False,0.28972861265336897,-0.7221042208222983,2025,2025-09
XRP,XRP/USDT:USDT,2025-09-25 17:00:00+00:00,short_pullback_restart,short,2.7359,2.8711990291190155,0.04945320703206092,False,True,0.029496692130560408,3.1358229917172062,0.7771428571428558,0.18571428571428472,-0.0022246535375638476,-0.020128218903334383,-0.03061332955390983,0.014536285089183032,-0.02727014150607987,none,,False,False,False,0.28972861265336897,-0.566892464043709,none,,False,False,False,0.28972861265336897,-0.7221042208222983,2025,2025-09
XRP,XRP/USDT:USDT,2025-09-26 10:00:00+00:00,short_compression_breakdown,short,2.7088,2.783689933480685,0.02764690397249149,False,True,0.01760927347903125,1.3080153255175797,0.9848101265822691,0.007594936708865485,-0.019261404779145508,-0.0280239692848685,-0.0528008951674942,0.004486965550487776,-0.03539633929207309,stop,7.0,False,False,True,0.1615704466224551,-1.3272811896092311,stop,7.0,False,False,True,0.1615704466224551,-2.6064918331159195,2025,2025-09
XRP,XRP/USDT:USDT,2025-09-26 10:00:00+00:00,short_pullback_restart,short,2.7088,2.783689933480685,0.02764690397249149,False,True,0.01760927347903125,1.3080153255175797,0.9848101265822691,0.007594936708865485,-0.019261404779145508,-0.0280239692848685,-0.0528008951674942,0.004486965550487776,-0.03539633929207309,stop,7.0,False,False,True,0.1615704466224551,-1.3272811896092311,stop,7.0,False,False,True,0.1615704466224551,-2.6064918331159195,2025,2025-09
SUI,SUI/USDT:USDT,2025-09-28 01:00:00+00:00,short_pullback_restart,short,3.1399,3.2254804282244396,0.0272557814657918,False,True,0.0227077295455269,1.6361414425422227,0.8381962864721489,0.09814323607426546,0.001052094624752975,-0.03822709590467732,-0.04125190839694659,0.015196094280448769,-0.04498448810754907,stop,19.0,False,False,True,0.5491909888174369,-1.7281988775765824,stop,19.0,False,False,True,0.5491909888174369,-2.202606412597605,2025,2025-09
TRX,TRX/USDT:USDT,2025-09-28 01:00:00+00:00,short_pullback_restart,short,0.3356,0.3385914770563487,0.008913817212004375,False,True,0.007330154946364772,1.7740293693061895,0.7444444444444389,0.24444444444443897,-0.0026745913818722045,0.0019106759016003227,0.0074447646493756015,0.005392450569203122,-0.004774472880400893,none,,False,False,False,0.6017094452320703,-0.538195670457567,tp1,33.0,True,False,False,1.5009307828288647,-0.7153656737758881,2025,2025-09
SOL,SOL/USDT:USDT,2025-09-28 11:00:00+00:00,short_pullback_restart,short,199.75,204.4884328970799,0.023721816756344875,False,True,0.020525657071339146,1.5869204089494657,0.5903614457831275,0.373493975903618,-0.025229357798165042,-0.034930911199149595,-0.08219996324205103,0.009603234773818636,-0.05277883156297414,stop,5.0,False,False,True,0.4009764496550962,-2.3488778340322134,stop,5.0,False,False,True,0.4009764496550962,-3.8282698930228514,2025,2025-09
TRX,TRX/USDT:USDT,2025-09-30 12:00:00+00:00,short_pullback_restart,short,0.33512,0.337910136935872,0.00832578460214862,False,True,0.005729291000238653,1.3503458009457885,0.6914893617021427,0.1436170212765923,0.005852867905273396,-0.008374019825417967,-0.021376007475762293,0.012110778895231045,-0.012843171909980078,tp1,8.0,True,False,False,1.4372054462433221,-1.5626473181099736,tp1,8.0,True,False,False,1.4372054462433221,-3.3439218986160455,2025,2025-09
LINK,LINK/USDT:USDT,2025-09-30 15:00:00+00:00,short_pullback_restart,short,21.091,21.728187613768334,0.030211351465949124,False,True,0.02546109715044327,1.8048979884592977,0.5956284153005469,0.3852459016393495,-0.01701155853840408,-0.05805904157920583,-0.07129018053720826,0.0050033355570380245,-0.061788256227757965,stop,17.0,False,False,True,0.1647866307052479,-2.179891714757984,stop,17.0,False,False,True,0.1647866307052479,-3.1764584814039996,2025,2025-09
SUI,SUI/USDT:USDT,2025-09-30 15:00:00+00:00,short_compression_breakdown,short,3.1632,3.2828704228706482,0.03783207602132285,False,True,0.0260495700556398,2.328664935529848,0.8806907378335948,0.09890109890109798,-0.03165370721851468,-0.09311926605504595,-0.13010477683359456,0.003871786734370053,-0.09335320588150997,stop,5.0,False,False,True,0.1019466607315907,-2.721641590186816,stop,5.0,False,False,True,0.1019466607315907,-4.000988619531613,2025,2025-09
SUI,SUI/USDT:USDT,2025-09-30 15:00:00+00:00,short_pullback_restart,short,3.1632,3.2828704228706482,0.03783207602132285,False,True,0.0260495700556398,2.328664935529848,0.8806907378335948,0.09890109890109798,-0.03165370721851468,-0.09311926605504595,-0.13010477683359456,0.003871786734370053,-0.09335320588150997,stop,5.0,False,False,True,0.1019466607315907,-2.721641590186816,stop,5.0,False,False,True,0.1019466607315907,-4.000988619531613,2025,2025-09
BNB,BNB/USDT:USDT,2025-10-01 08:00:00+00:00,long_pullback_restart,long,1027.8,1000.2040449558652,0.026849537890771272,True,False,0.014312122981124657,3.1816969348082758,0.7768448961555426,0.8007070260715867,-0.005458260361937972,0.006713368359603233,0.1254037750535124,0.01373808133878196,-0.01119867678536679,none,,False,False,False,0.5116691912788576,-0.4170901127209346,tp1,28.0,True,True,False,6.000517095174603,-0.4170901127209346,2025,2025-10
BNB,BNB/USDT:USDT,2025-10-02 01:00:00+00:00,long_pullback_restart,long,1035.71,1014.9846580556318,0.020010757783904962,True,False,0.015844203493255913,1.5085046386313576,0.7120490129339685,0.8311776718856358,0.0006951752903805453,0.05153952361182168,0.11063907850653165,0.062401637524017284,-0.007897963715711942,tp1,11.0,True,True,False,3.1184045201030846,-0.3946858885106526,tp1,11.0,True,True,False,7.608077127183281,-0.3946858885106526,2025,2025-10
BTC,BTC/USDT:USDT,2025-10-02 15:00:00+00:00,long_pullback_restart,long,119875.1,118112.3973483351,0.014704493691057656,True,False,0.012686537904869342,2.558324172676591,0.7738012022927412,0.9902837970082524,0.001919497877373999,0.01971552057099424,0.024007487793545,0.021061921950429996,-0.005631694989201352,tp1,24.0,True,False,False,1.4323459476363,-0.38299142476603254,tp1,24.0,True,True,False,3.4051120274487627,-0.38299142476603254,2025,2025-10
NEAR,NEAR/USDT:USDT,2025-10-03 15:00:00+00:00,long_compression_breakout,long,3.016,2.8792725845710767,0.045334023683330005,True,False,0.028846153846153907,2.347481047745699,0.7215189873417698,0.9620253164556949,0.011273209549071517,-0.04177718832891242,0.014257294429708356,0.02155172413793105,-0.04442970822281167,none,,False,False,False,0.47539843999896053,-0.9800521686132417,stop,25.0,False,False,True,1.192153011074316,-1.0239351015362244,2025,2025-10
NEAR,NEAR/USDT:USDT,2025-10-03 15:00:00+00:00,long_pullback_restart,long,3.016,2.8792725845710767,0.045334023683330005,True,False,0.028846153846153907,2.347481047745699,0.7215189873417698,0.9620253164556949,0.011273209549071517,-0.04177718832891242,0.014257294429708356,0.02155172413793105,-0.04442970822281167,none,,False,False,False,0.47539843999896053,-0.9800521686132417,stop,25.0,False,False,True,1.192153011074316,-1.0239351015362244,2025,2025-10
BNB,BNB/USDT:USDT,2025-10-05 02:00:00+00:00,long_pullback_restart,long,1163.68,1135.8618671838683,0.023905311439684246,True,False,0.018450089371648586,2.1359631388625284,0.7788125727590256,0.8550640279394645,0.00963323250378112,0.014522892891516426,0.1083889041660937,0.02253196755121678,-0.013182318163069029,none,,False,False,False,0.9425506799218034,-0.5514388798627226,tp1,27.0,True,True,False,7.161875360824589,-0.5514388798627226,2025,2025-10
BTC,BTC/USDT:USDT,2025-10-05 02:00:00+00:00,long_pullback_restart,long,124012.2,121356.55913089801,0.021414351725894627,True,False,0.00789841644612385,9.347502809233264,0.8089272858171318,0.826349892008638,0.004585839135181846,0.00044108563512290644,-0.016266141557040315,0.0150396493248246,-0.014935627301184806,none,,False,False,False,0.7023163492097835,-0.6974587646809044,stop,61.0,False,False,True,0.8270320078116158,-1.3165183744073965,2025,2025-10
DOGE,DOGE/USDT:USDT,2025-10-05 02:00:00+00:00,long_pullback_restart,long,0.25657,0.2462097573996443,0.040379789532508585,True,False,0.02311260084967062,2.8588810088892402,0.8558875219683768,0.9472759226713588,0.02790661417936624,-0.009938808122539666,-0.03055696301204358,0.033480141871613966,-0.024048018084733225,none,,False,False,False,0.8291311633672594,-0.5955458996479635,tp1,37.0,True,False,False,1.333945596942438,-1.0279682060374091,2025,2025-10
ETH,ETH/USDT:USDT,2025-10-05 02:00:00+00:00,long_pullback_restart,long,4547.51,4433.194541592352,0.02513803343096514,True,False,0.01580865132786961,5.282609671217177,0.8503730312240962,0.9643547941420293,0.008628898012318809,-0.0023551350079493716,-0.015063188426193697,0.015597546789341665,-0.016881766065385273,none,,False,False,False,0.6204760142505259,-0.6715627183704154,tp1,36.0,True,False,False,1.8063173859099404,-1.0940777541564124,2025,2025-10
BNB,BNB/USDT:USDT,2025-10-05 04:00:00+00:00,long_pullback_restart,long,1182.4,1135.8149365003762,0.03939873435353844,True,False,0.027021312584573784,2.1783060129248635,0.8097497842968046,0.8149266609145837,-0.01632273342354551,0.0020043978349120195,0.08701792963464139,0.0063430311231393866,-0.028805818673883765,none,,False,False,False,0.16099580931258273,-0.7311356353582127,tp1,32.0,True,True,False,3.874847138535241,-0.7311356353582127,2025,2025-10
ETH,ETH/USDT:USDT,2025-10-06 06:00:00+00:00,long_pullback_restart,long,4558.41,4464.586706321086,0.020582460480499477,True,False,0.017769353787833918,1.7819366154927916,0.6378592666006028,0.6533201189296364,0.004519119605301158,0.02392720268690174,-0.028869715536776974,0.038737191257477877,-0.007009022882978888,tp1,8.0,True,False,False,1.882048615819224,-0.34053377095607595,tp1,8.0,True,True,False,2.0846635449545956,-1.6883866872348121,2025,2025-10
SOL,SOL/USDT:USDT,2025-10-06 06:00:00+00:00,long_pullback_restart,long,233.82,226.1175108583395,0.03294196023291632,True,False,0.02831237704216921,1.5198231711754862,0.6303501945525256,0.6303501945525256,0.0006842870584209404,-0.015139851167564777,-0.03151997262851769,0.016765032931314705,-0.020058164399965772,none,,False,False,False,0.5089263909244469,-0.608894074856032,stop,32.0,False,False,True,0.5089263909244469,-2.1577440349908867,2025,2025-10
SUI,SUI/USDT:USDT,2025-10-06 06:00:00+00:00,long_pullback_restart,long,3.6413,3.5127769467825876,0.035295925416036204,True,False,0.019690769780023706,1.835260843605624,0.9489528795811546,0.9607329842931981,-0.006838217120259338,-0.013017328975915232,-0.05077856809381276,0.02218987724164445,-0.013209568011424588,none,,False,False,False,0.6286809873969986,-0.37425192442816585,stop,33.0,False,False,True,0.6286809873969986,-1.7039744584151353,2025,2025-10
NEAR,NEAR/USDT:USDT,2025-10-06 12:00:00+00:00,long_pullback_restart,long,3.004,2.9229406389987407,0.026983808588967817,True,False,0.02263648468708391,1.6667154050878645,0.6842105263157796,0.8157894736842087,0.024300932090545846,0.017643142476697626,-0.027629826897470067,0.027629826897470178,-0.01464713715046606,tp1,8.0,True,False,False,1.0239409609793335,-0.542812075699887,tp1,8.0,True,False,False,1.0239409609793335,-2.084891836210928,2025,2025-10
BTC,BTC/USDT:USDT,2025-10-06 13:00:00+00:00,long_pullback_restart,long,124967.8,123022.12921957108,0.015569376914924628,True,False,0.012061507044214612,2.7949783582543466,0.6361556064073355,0.8719881545295571,0.003116802888424086,-0.009141554864533163,-0.020891781722971903,0.009928157493370282,-0.013653117042950247,none,,False,False,False,0.6376721141520602,-0.8769212228308583,stop,25.0,False,False,True,0.6376721141520602,-2.2880540967052068,2025,2025-10
NEAR,NEAR/USDT:USDT,2025-10-06 13:00:00+00:00,long_pullback_restart,long,3.022,2.922902021927402,0.03279218334632628,True,False,0.026803441429516864,1.9385638039355981,0.42857142857142555,0.8571428571428511,0.01687624090006623,-0.0016545334215750662,-0.054930509596293864,0.021508934480476638,-0.020516214427531376,none,,False,False,False,0.655916510752441,-0.6256434410253997,stop,26.0,False,False,True,0.655916510752441,-1.887021346318548,2025,2025-10
XRP,XRP/USDT:USDT,2025-10-06 15:00:00+00:00,long_pullback_restart,long,3.0299,2.9565233062348684,0.02421752987396669,True,False,0.019736624971121185,2.8806589554277386,0.8285714285714227,0.8400000000000013,-0.00785504472094789,-0.0483184263507046,-0.0755140433677679,0.006633882306346761,-0.053566124294531225,stop,17.0,False,False,True,0.27392894076608326,-2.211873984394817,stop,17.0,False,False,True,0.27392894076608326,-3.3443861723381874,2025,2025-10
BTC,BTC/USDT:USDT,2025-10-08 17:00:00+00:00,long_pullback_restart,long,123985.5,120862.44149882959,0.025188901130942003,True,False,0.01849329155425428,2.4212181848750043,0.7780233659614806,0.8538838017050794,-0.00603296353202587,-0.024760153405035235,-0.09711619503893598,0.0014816248674240917,-0.035590452109319215,stop,21.0,False,False,True,0.05882054400554871,-1.412941831972176,stop,21.0,False,False,True,0.05882054400554871,-7.194549827222073,2025,2025-10
ETH,ETH/USDT:USDT,2025-10-08 17:00:00+00:00,long_pullback_restart,long,4536.99,4409.979410661002,0.027994460939741596,True,False,0.022794848567001487,2.6554034768580803,0.6149500217296824,0.7137476459510316,-0.0029358671718473506,-0.045038671013160725,-0.15732897802287416,0.0012805847048373842,-0.06048944344157681,stop,9.0,False,False,True,0.04574421731477202,-2.1607647159836745,stop,9.0,False,False,True,0.04574421731477202,-8.95193074780018,2025,2025-10
XRP,XRP/USDT:USDT,2025-10-09 16:00:00+00:00,short_compression_breakdown,short,2.7768,2.8517411255409253,0.026988305078120545,False,True,0.022651973494670106,2.045005703264508,0.6328124999999978,0.17708333333333803,-0.01300917039880567,0.01792587704827886,0.10352501688987803,0.024233705875843725,-0.020805416460963344,none,,False,False,False,0.8766881939092509,-0.7872846794618795,tp1,27.0,True,True,False,21.318067862852626,-0.7872846794618795,2025,2025-10
XRP,XRP/USDT:USDT,2025-10-09 16:00:00+00:00,short_pullback_restart,short,2.7768,2.8517411255409253,0.026988305078120545,False,True,0.022651973494670106,2.045005703264508,0.6328124999999978,0.17708333333333803,-0.01300917039880567,0.01792587704827886,0.10352501688987803,0.024233705875843725,-0.020805416460963344,none,,False,False,False,0.8766881939092509,-0.7872846794618795,tp1,27.0,True,True,False,21.318067862852626,-0.7872846794618795,2025,2025-10
XRP,XRP/USDT:USDT,2025-10-15 15:00:00+00:00,short_pullback_restart,short,2.4326,2.5535873425025204,0.04973581456158864,False,True,0.03934062320151293,2.9714816127612393,0.606589147286827,0.18410852713178386,0.015105992321815975,0.03338997451146963,0.03629547584561643,0.04430325405683866,-0.01334414925978511,none,,False,False,False,0.8529817902054487,-0.2719292722651111,tp1,28.0,True,True,False,2.0208725552832627,-0.2719292722651111,2025,2025-10
SOL,SOL/USDT:USDT,2025-10-19 08:00:00+00:00,short_pullback_restart,short,184.08,188.1160370071533,0.021925450929776633,False,True,0.01624293785310724,3.299084161049944,0.42130750605326167,0.15980629539952088,-0.03844546594233167,-0.04572317262830483,-0.002708852530068251,0.005571943625040987,-0.05328121785640805,stop,1.0,False,False,True,0.25272315347758456,-2.5668743823801434,stop,1.0,False,False,True,0.35430795046367064,-3.3721197243430274,2025,2025-10
XRP,XRP/USDT:USDT,2025-10-19 08:00:00+00:00,short_pullback_restart,short,2.3313,2.3773839264668735,0.01976748014707387,False,True,0.01694333633594984,3.0842871693491127,0.3530751708428189,0.12300683371298998,-0.03313702720637024,-0.056535815459328176,-0.027368684550878153,0.0064323950958384835,-0.058973116977476314,stop,1.0,False,False,True,0.32332314414899044,-3.170302775850085,stop,1.0,False,False,True,0.32332314414899044,-4.77606872665712,2025,2025-10
SOL,SOL/USDT:USDT,2025-10-20 16:00:00+00:00,short_pullback_restart,short,187.44,194.8338801169148,0.03944665021828212,False,True,0.022033717456252645,2.9125870203698194,0.7728459530026163,0.21671018276762077,-0.016837136113296625,-0.026639663498987387,-0.02308854953875028,0.026225020531070342,-0.05184885426678132,stop,23.0,False,False,True,0.6478330625136896,-1.3862816055877512,stop,23.0,False,False,True,1.4322655807974918,-1.3862816055877512,2025,2025-10
SUI,SUI/USDT:USDT,2025-10-20 16:00:00+00:00,short_pullback_restart,short,2.5636,2.685103904456574,0.047395812317277956,False,True,0.0324153534092682,2.603378005644904,0.6931106471816286,0.30271398747390416,-0.00870035961486404,-0.02208659164600424,0.03216974674880224,0.03877790834312567,-0.04492958795916846,none,,False,False,False,0.7876290101788758,-0.9925606962128793,tp1,37.0,True,True,False,2.045201766242955,-0.9925606962128793,2025,2025-10
DOGE,DOGE/USDT:USDT,2025-10-21 04:00:00+00:00,short_pullback_restart,short,0.19314,0.2010993706769651,0.04121036904300035,False,True,0.025680853267060124,2.6152044603100713,0.8749999999999982,0.11197916666666995,-0.005970149253731294,-0.008216082982438033,-0.02232346241457861,0.00598989530704741,-0.06042031523642721,stop,10.0,False,False,True,0.14448378479572302,-1.5604248757937906,stop,10.0,False,False,True,1.0892820992860062,-1.5604248757937906,2025,2025-10
ETH,ETH/USDT:USDT,2025-10-21 04:00:00+00:00,short_compression_breakdown,short,3849.22,4009.3779323661,0.041607892603202815,False,True,0.022012251832838867,3.011805331121425,0.903403403403406,0.096596596596594,-0.008515614535788307,-0.0071448469403547765,-0.03111871830046442,0.008872009791973001,-0.06308766651819075,stop,10.0,False,False,True,0.21135387738787226,-1.6183400732692104,stop,10.0,False,False,True,0.8923067242984011,-1.6183400732692104,2025,2025-10
ETH,ETH/USDT:USDT,2025-10-21 04:00:00+00:00,short_pullback_restart,short,3849.22,4009.3779323661,0.041607892603202815,False,True,0.022012251832838867,3.011805331121425,0.903403403403406,0.096596596596594,-0.008515614535788307,-0.0071448469403547765,-0.03111871830046442,0.008872009791973001,-0.06308766651819075,stop,10.0,False,False,True,0.21135387738787226,-1.6183400732692104,stop,10.0,False,False,True,0.8923067242984011,-1.6183400732692104,2025,2025-10
SOL,SOL/USDT:USDT,2025-10-21 04:00:00+00:00,short_compression_breakdown,short,183.66,191.4756715536495,0.042555110277956595,False,True,0.03223347489927032,2.1677267960707,0.7171314741035928,0.24302788844621012,-0.01157095958236909,-0.011358131022231821,-0.05060739209097953,0.005529701615110794,-0.07096970003540903,stop,10.0,False,False,True,0.12922753893469,-1.7951112586670466,stop,10.0,False,False,True,0.8713262773715318,-1.7951112586670466,2025,2025-10
SOL,SOL/USDT:USDT,2025-10-21 04:00:00+00:00,short_pullback_restart,short,183.66,191.4756715536495,0.042555110277956595,False,True,0.03223347489927032,2.1677267960707,0.7171314741035928,0.24302788844621012,-0.01157095958236909,-0.011358131022231821,-0.05060739209097953,0.005529701615110794,-0.07096970003540903,stop,10.0,False,False,True,0.12922753893469,-1.7951112586670466,stop,10.0,False,False,True,0.8713262773715318,-1.7951112586670466,2025,2025-10
DOGE,DOGE/USDT:USDT,2025-10-26 01:00:00+00:00,short_pullback_restart,short,0.19533,0.1984377849152026,0.015910433191023306,False,True,0.013310807351661246,1.3045777938310554,0.5329341317365266,0.353293413173656,-0.006459816887080305,-0.0652277947932619,0.008519206939281432,0.004318988122782752,-0.06621091882589158,stop,8.0,False,False,True,0.27028897524114903,-4.456550365583192,stop,8.0,False,False,True,1.7150479024229908,-4.543428964767845,2025,2025-10
TRX,TRX/USDT:USDT,2025-10-26 04:00:00+00:00,short_pullback_restart,short,0.29448,0.29902621357639747,0.015438106412650946,False,True,0.010493072534637264,2.166923778603091,0.6325757575757519,0.24621212121213323,-0.007448852337456624,-0.020163705330405124,-0.0055382952856949386,0.002007553846677501,-0.02444841979725698,stop,7.0,False,False,True,0.12977832873121806,-1.623328925485309,stop,7.0,False,False,True,0.3959338842647149,-1.6849186408153756,2025,2025-10
TRX,TRX/USDT:USDT,2025-10-28 05:00:00+00:00,short_pullback_restart,short,0.29628,0.30071308937577806,0.014962499580727949,False,True,0.010800594032671732,1.3427140784034228,0.7863777089783215,0.08359133126934724,-0.0026257321753181406,-0.0023570610815544235,0.004815844807705361,0.012300123001230068,-0.011279450043382488,none,,False,False,False,0.8120747620542019,-0.7624479710397788,tp1,37.0,True,False,False,1.8677719527246708,-0.7624479710397788,2025,2025-10
ETH,ETH/USDT:USDT,2025-10-29 15:00:00+00:00,short_compression_breakdown,short,3950.23,4041.3994602211533,0.023079532133863916,False,True,0.016353478151905056,1.7475548421133302,0.6793116210214667,0.20521835677276376,-0.0010570477011740964,0.047359085377332244,0.014698138458416388,0.05176513188899334,-0.016648784822919982,tp1,3.0,True,True,False,2.1325123514868687,-0.733578983990546,tp1,3.0,True,True,False,2.989268548249751,-0.733578983990546,2025,2025-10
ETH,ETH/USDT:USDT,2025-10-29 15:00:00+00:00,short_pullback_restart,short,3950.23,4041.3994602211533,0.023079532133863916,False,True,0.016353478151905056,1.7475548421133302,0.6793116210214667,0.20521835677276376,-0.0010570477011740964,0.047359085377332244,0.014698138458416388,0.05176513188899334,-0.016648784822919982,tp1,3.0,True,True,False,2.1325123514868687,-0.733578983990546,tp1,3.0,True,True,False,2.989268548249751,-0.733578983990546,2025,2025-10
ETH,ETH/USDT:USDT,2025-10-30 12:00:00+00:00,short_compression_breakdown,short,3815.66,3955.2364333743076,0.03657989269859152,False,True,0.028875738404365126,2.250915373537683,0.7075116330600485,0.2518280522933743,0.025715053763440743,-0.004988539137736336,-0.01554473659089095,0.03751257579465439,-0.018358536874006348,none,,False,False,False,0.9884190093181932,-0.5112610938311567,none,,False,False,False,0.9884190093181932,-0.7260538011329792,2025,2025-10
ETH,ETH/USDT:USDT,2025-10-30 12:00:00+00:00,short_pullback_restart,short,3815.66,3955.2364333743076,0.03657989269859152,False,True,0.028875738404365126,2.250915373537683,0.7075116330600485,0.2518280522933743,0.025715053763440743,-0.004988539137736336,-0.01554473659089095,0.03751257579465439,-0.018358536874006348,none,,False,False,False,0.9884190093181932,-0.5112610938311567,none,,False,False,False,0.9884190093181932,-0.7260538011329792,2025,2025-10
ADA,ADA/USDT:USDT,2025-11-02 14:00:00+00:00,short_pullback_restart,short,0.5997,0.6196146135155333,0.033207626339058285,False,True,0.023678505919626464,3.774219969086989,0.6052631578947402,0.2894736842105245,0.0005005005005005447,0.037902388369678075,0.10768378278537138,0.059540636042402895,-0.020098039215686203,tp1,13.0,True,False,False,1.6922246557139715,-0.6176368921448597,tp1,13.0,True,True,False,5.5386462767136715,-0.6176368921448597,2025,2025-11
NEAR,NEAR/USDT:USDT,2025-11-02 14:00:00+00:00,short_pullback_restart,short,2.121,2.202626004227947,0.03848467903250677,False,True,0.026402640264026427,3.0879884475645545,0.5769230769230727,0.3076923076923077,-0.0028208744710859213,0.05156172533465542,0.12400635930047699,0.07555780933062883,-0.0367847411444141,tp1,13.0,True,False,False,1.8253986754503642,-0.9923308235669759,tp1,13.0,True,True,False,4.924901124369438,-0.9923308235669759,2025,2025-11
BTC,BTC/USDT:USDT,2025-11-04 05:00:00+00:00,short_pullback_restart,short,104164.3,107975.57921362155,0.03658911175538589,False,True,0.01965260650721976,2.7938061338446243,0.9873201089070378,0.012640995721509141,-0.003505190341210662,0.023544682916667448,0.01722949218750003,0.05334780076206802,-0.009750926894191436,tp1,13.0,True,False,False,1.3841809283206856,-0.2691222402006489,tp1,13.0,True,False,False,1.3841809283206856,-0.2691222402006489,2025,2025-11
DOGE,DOGE/USDT:USDT,2025-11-06 05:00:00+00:00,short_pullback_restart,short,0.16374,0.16923198629807645,0.03354089592082849,False,True,0.027543666788811618,1.2181007894785623,0.832861189801698,0.1359773371104837,0.0048481129180728555,-0.014445648248465282,-0.0580994017487344,0.043528137148683976,-0.016222062004325966,tp1,11.0,True,False,False,1.2436301966725918,-0.4916254071765748,tp1,11.0,True,False,False,1.2436301966725918,-3.5597321149266725,2025,2025-11
TRX,TRX/USDT:USDT,2025-11-06 05:00:00+00:00,short_pullback_restart,short,0.28677,0.29056113242148285,0.013220115149711695,False,True,0.009624437702688705,1.818380671250055,0.9209302325581136,0.07441860465118416,3.4872367136395965e-05,-0.00020918313983875336,-0.009772099447513782,0.01796173369777443,-0.002643202448440074,tp1,9.0,True,False,False,1.334693552598433,-0.20046780631912733,tp1,9.0,True,False,False,1.334693552598433,-2.1101874349382173,2025,2025-11
BTC,BTC/USDT:USDT,2025-11-06 12:00:00+00:00,short_pullback_restart,short,102507.1,104355.57685135884,0.018032671408700813,False,True,0.015595992862933368,1.8559859230566431,0.7045999791384188,0.18577240012517612,0.008233500540965943,0.02909579364896131,0.004594353296752285,0.03333770161290328,-0.010405946806970046,tp1,4.0,True,False,False,1.7890946254311604,-0.5831287523063209,tp1,4.0,True,False,False,1.7890946254311604,-0.8458856267800011,2025,2025-11
DOGE,DOGE/USDT:USDT,2025-11-06 12:00:00+00:00,short_pullback_restart,short,0.1612,0.16813591236320743,0.0430267516328004,False,True,0.035049627791563204,1.4675260807921842,0.7733333333333289,0.1333333333333432,0.001553277415346388,0.0003723470274294982,-0.08074817518248167,0.027340513670256916,-0.03634624581539936,none,,False,False,False,0.618519925764483,-0.8765970043468633,stop,27.0,False,False,True,0.618519925764483,-3.1848729977010204,2025,2025-11
ETH,ETH/USDT:USDT,2025-11-06 12:00:00+00:00,short_pullback_restart,short,3347.88,3462.9392035839974,0.034367780082917326,False,True,0.028991481176147277,1.5236983673663556,0.7878883456868025,0.1159123166692939,0.006182171183328311,0.03917856012117982,-0.026960100446428492,0.047659579794591345,-0.015916967222511236,tp1,23.0,True,False,False,1.3236663844002348,-0.4706272798113772,tp1,23.0,True,False,False,1.3467849174435993,-1.2351901940312606,2025,2025-11
SOL,SOL/USDT:USDT,2025-11-06 12:00:00+00:00,short_pullback_restart,short,157.42,163.26323806165917,0.0371187781835801,False,True,0.03354084614407319,1.2796553202376357,0.5836909871244662,0.1673819742489203,0.0001270648030493593,0.03859602823777797,-0.010123875998239384,0.04341486047590637,-0.02514243249938075,tp1,24.0,True,False,False,1.120953815484307,-0.6948202276131757,tp1,24.0,True,False,False,1.322896640258581,-1.266421104516626,2025,2025-11
ADA,ADA/USDT:USDT,2025-11-06 14:00:00+00:00,short_pullback_restart,short,0.5268,0.5469261935877419,0.03820461956670807,False,True,0.03208048595292336,1.7879731525017095,0.7919999999999885,0.0880000000000076,0.0032374785755096003,-0.01771396606377018,-0.0765994741454864,0.020139426800929616,-0.04148471615720517,stop,17.0,False,False,True,0.5167395391811378,-1.1328520666663289,stop,17.0,False,False,True,0.5167395391811378,-3.279308614034117,2025,2025-11
BNB,BNB/USDT:USDT,2025-11-06 14:00:00+00:00,short_pullback_restart,short,936.89,966.986600795206,0.03212394282701915,False,True,0.02429314006980541,2.3471336414811863,0.6829618979151705,0.13587347232206978,-0.012167476777411035,-0.007794545935927988,-0.05044290839802967,0.012536610143846882,-0.0410542476970317,stop,13.0,False,False,True,0.3854255860631199,-1.3327086428441133,stop,13.0,False,False,True,0.3854255860631199,-2.3457798600048467,2025,2025-11
BTC,BTC/USDT:USDT,2025-11-06 14:00:00+00:00,short_pullback_restart,short,102083.1,104363.66646877369,0.022340294022944896,False,True,0.018428123754078755,2.776761953814166,0.7661717236926975,0.05300193673338013,0.011988246700332494,0.01319555827285579,-0.00884805387477361,0.029063508064516297,-0.008010113947101827,tp1,21.0,True,False,False,1.264203450974317,-0.3614452861982285,tp1,21.0,True,False,False,1.264203450974317,-0.8715378513254955,2025,2025-11
ETH,ETH/USDT:USDT,2025-11-06 14:00:00+00:00,short_pullback_restart,short,3327.99,3463.4602622739567,0.04070633093066894,False,True,0.03439613700762316,2.737085989812433,0.753543499511241,0.132086999022482,0.006773354307841206,0.012565833711119634,-0.05050484877361272,0.04230297032183694,-0.012465875370919921,none,,False,False,False,0.9970453864395142,-0.31010495805378174,stop,30.0,False,False,True,0.9970453864395142,-1.7361743902463502,2025,2025-11
LINK,LINK/USDT:USDT,2025-11-06 14:00:00+00:00,short_pullback_restart,short,14.641,15.2738681717669,0.043225747678908515,False,True,0.03374086469503448,2.3759384746704924,0.768924302788842,0.10756972111553824,0.003426769926667239,-0.011344452697683804,-0.06715514495062125,0.02859350850077269,-0.03557077926355312,none,,False,False,False,0.6431039166714609,-0.8532582678196274,stop,26.0,False,False,True,0.6431039166714609,-2.483929624097143,2025,2025-11
SOL,SOL/USDT:USDT,2025-11-06 15:00:00+00:00,short_pullback_restart,short,155.83,163.32433455592755,0.04809301518274746,False,True,0.03747673747032024,3.154153241515294,0.5234159779614269,0.14325068870523716,-0.0035807916107166715,0.003348142424827838,-0.04075100030778689,0.04101810408176898,-0.01734140496910075,none,,False,False,False,0.8192855488608617,-0.36694385331716034,stop,28.0,False,False,True,0.8192855488608617,-1.1995728150259142,2025,2025-11
ADA,ADA/USDT:USDT,2025-11-11 19:00:00+00:00,short_compression_breakdown,short,0.562,0.5855916723531639,0.04197806468534491,False,True,0.03167259786476855,1.6677629320185476,0.8205128205128125,0.1794871794871875,0.005007153075822668,0.03422892896577112,0.08978088035679654,0.04286509556503981,-0.031869078380706184,none,,False,False,False,0.9791590716502176,-0.7841750140921636,tp1,46.0,True,True,False,2.653478696333491,-0.7841750140921636,2025,2025-11
XRP,XRP/USDT:USDT,2025-11-12 07:00:00+00:00,short_compression_breakdown,short,2.3722,2.4356928909780464,0.026765403835278038,False,True,0.022342129668661975,1.504317836299763,0.5473684210526385,0.31929824561402614,-0.029695680628272214,-0.045891485339661364,0.038525523159092856,0.02488550937527001,-0.05823970780896426,stop,4.0,False,False,True,0.9071881767033695,-2.3104948875414,stop,4.0,False,False,True,2.3419944770102634,-2.4270433685762094,2025,2025-11
BNB,BNB/USDT:USDT,2025-11-13 16:00:00+00:00,short_pullback_restart,short,946.07,972.5446287552759,0.027983794809343737,False,True,0.019691988964875742,2.5320561740966876,0.7838776928422442,0.07088255733148634,0.024994582881906924,0.015303549006771888,0.03457816173656303,0.06531016699134073,-0.0006654695257208854,tp1,2.0,True,True,False,2.1907767068666386,-0.023796367678034006,tp1,2.0,True,True,False,2.1907767068666386,-0.1703517749649745,2025,2025-11
SOL,SOL/USDT:USDT,2025-11-13 16:00:00+00:00,short_pullback_restart,short,151.03,157.61959232711158,0.043631015871757765,False,True,0.03316559623915769,2.050897456884534,0.7565543071161123,0.1423220973782761,0.04533499446290157,0.05335472171851019,0.11346210557357717,0.1132158915014374,-0.0013224889241552074,tp1,3.0,True,True,False,2.330948446811244,-0.030350891234519648,tp1,3.0,True,True,False,2.3977204075271903,-0.030350891234519648,2025,2025-11
BNB,BNB/USDT:USDT,2025-11-13 17:00:00+00:00,short_pullback_restart,short,931.04,972.631298129899,0.04467187030621572,False,True,0.02774316892936935,2.9639140201620733,0.9060240963855456,0.05662650602409275,0.004715810374782858,0.008186425260969354,0.016585685428836427,0.04838582544168801,-0.0031584920609428746,tp1,19.0,True,False,False,1.0331488059303855,-0.07092829828938073,tp1,19.0,True,False,False,1.0331488059303855,-0.46980981307609615,2025,2025-11
TRX,TRX/USDT:USDT,2025-11-18 06:00:00+00:00,short_pullback_restart,short,0.28732,0.2945298555281135,0.02509346905232314,False,True,0.01945565919532223,1.528179170251964,0.7515337423312941,0.0950920245398877,-0.009685313480163993,0.00366786600062885,0.022381952104757463,0.007362737535937303,-0.019318724827633305,none,,False,False,False,0.29126797226539264,-0.7850365347724217,tp1,58.0,True,False,False,1.4119561703150658,-0.7850365347724217,2025,2025-11
DOGE,DOGE/USDT:USDT,2025-11-19 05:00:00+00:00,short_pullback_restart,short,0.1564,0.1633007214278465,0.04412225976883938,False,True,0.02819693094629154,2.0794609657801604,0.6177285318559503,0.29362880886426723,-0.010815255202074492,-0.008620689655172376,0.14185588084982115,0.06358381502890187,-0.020663744520976857,tp1,12.0,True,False,False,1.354930799303095,-0.47821087034226717,tp1,12.0,True,True,False,3.367763826289183,-0.484007365740353,2025,2025-11
SUI,SUI/USDT:USDT,2025-11-19 05:00:00+00:00,short_pullback_restart,short,1.6227,1.7035666611041729,0.04983463431575327,False,True,0.03432550687126386,2.087409390791609,0.5714285714285714,0.327868852459017,-0.013196302602773047,-0.008735491753207092,0.19553525381271641,0.07577565632458239,-0.025112646440372477,tp1,12.0,True,False,False,1.413437854850446,-0.5169002828761915,tp1,12.0,True,True,False,3.807502322908593,-0.5169002828761915,2025,2025-11
TRX,TRX/USDT:USDT,2025-11-20 13:00:00+00:00,short_pullback_restart,short,0.28455,0.28835333695107696,0.01336614637524839,False,True,0.010332103321033202,1.8853408268489589,0.6116504854368399,0.1941747572815801,0.0235611510791367,0.027590191759055527,0.03363725525809169,0.04483366380259968,-3.5141973573127316e-05,tp1,3.0,True,True,False,3.210338751748695,-0.0026292700669402827,tp1,3.0,True,True,False,3.210338751748695,-0.0026292700669402827,2025,2025-11
ETH,ETH/USDT:USDT,2025-11-20 15:00:00+00:00,short_pullback_restart,short,2954.53,3070.978704022645,0.03941361367887446,False,True,0.03403248570838684,1.7632280750300635,0.8575248281130544,0.08651642475172248,0.026605651225173332,0.09277286681214636,0.04215858145121176,0.12768320610687023,-0.0018850650820408932,tp1,2.0,True,True,False,2.872767050588614,-0.04791809446771365,tp1,2.0,True,True,False,2.872767050588614,-0.04791809446771365,2025,2025-11
XRP,XRP/USDT:USDT,2025-11-20 15:00:00+00:00,short_pullback_restart,short,2.0848,2.153939348674149,0.03316354023126868,False,True,0.027004988488104488,1.557568004836022,0.8886255924170681,0.07345971563980795,0.03243698311296006,0.09140404146162706,0.011351508683419054,0.14543156969397275,-0.001149865848984355,tp1,1.0,True,True,False,3.8285000520835206,-0.03471250519456418,tp1,1.0,True,True,False,3.8285000520835206,-0.03471250519456418,2025,2025-11
BNB,BNB/USDT:USDT,2025-11-20 16:00:00+00:00,short_pullback_restart,short,880.65,917.1559310392739,0.04145339356074939,False,True,0.029818883779026844,3.5614427509753934,0.7110481586402319,0.2443342776203917,-0.0006241488878802048,0.062470592493394594,0.041277461158275575,0.11345015930814761,-0.004093772264127438,tp1,15.0,True,True,False,2.457956760600527,-0.09916196894432093,tp1,15.0,True,True,False,2.457956760600527,-0.09916196894432093,2025,2025-11
NEAR,NEAR/USDT:USDT,2025-11-23 17:00:00+00:00,short_pullback_restart,short,1.817,1.896730478820537,0.043880285536894374,False,True,0.03522289488167312,1.4747982656749308,0.750000000000004,0.14285714285714285,-0.0021965952773201902,-0.07766497461928934,-0.06146694214876036,0.011692650334075738,-0.07953394123606894,stop,20.0,False,False,True,0.26338735588517126,-1.9691340416177179,stop,20.0,False,False,True,0.26338735588517126,-2.1196411021235306,2025,2025-11
BNB,BNB/USDT:USDT,2025-11-25 14:00:00+00:00,short_pullback_restart,short,842.27,866.8145561730947,0.029140959755297884,False,True,0.023009248815700423,2.1398890308143765,0.4422341239479687,0.3649579188982375,-0.01882506436168352,-0.020684603399762747,-0.06303049180692599,0.005647491463094401,-0.03225176367856242,stop,9.0,False,False,True,0.19271075698589937,-1.143634450019912,stop,9.0,False,False,True,0.19271075698589937,-2.5606492762291193,2025,2025-11
NEAR,NEAR/USDT:USDT,2025-11-28 01:00:00+00:00,short_pullback_restart,short,1.878,1.9538271703196561,0.0403765550157914,False,True,0.02822151224707132,1.6651697171611854,0.8571428571428599,0.08571428571428281,-0.003713527851458953,0.002134471718249653,0.1079646017699114,0.01733477789815807,-0.039386189258312165,stop,14.0,False,False,True,0.4220123191344334,-1.0154671429172388,stop,14.0,False,False,True,2.466134489941858,-1.0154671429172388,2025,2025-11
NEAR,NEAR/USDT:USDT,2025-11-29 14:00:00+00:00,short_compression_breakdown,short,1.861,1.907851770151219,0.025175588474593766,False,True,0.020956475013433597,1.3275907770490112,0.8823529411764698,0.11764705882353017,0.005945945945945885,0.009766684753119925,0.06160867084997146,0.020285087719298156,-0.011158342189160453,none,,False,False,False,0.7897246972863254,-0.4482221254868324,tp1,33.0,True,True,False,5.9336071850161884,-0.4482221254868324,2025,2025-11
NEAR,NEAR/USDT:USDT,2025-11-29 14:00:00+00:00,short_pullback_restart,short,1.861,1.907851770151219,0.025175588474593766,False,True,0.020956475013433597,1.3275907770490112,0.8823529411764698,0.11764705882353017,0.005945945945945885,0.009766684753119925,0.06160867084997146,0.020285087719298156,-0.011158342189160453,none,,False,False,False,0.7897246972863254,-0.4482221254868324,tp1,33.0,True,True,False,5.9336071850161884,-0.4482221254868324,2025,2025-11
BNB,BNB/USDT:USDT,2025-11-29 17:00:00+00:00,short_pullback_restart,short,873.33,885.79258605422,0.014270191169683817,False,True,0.010992408367970895,1.9179021377243668,0.9466515323495993,0.014755959137343502,8.015940269801014e-05,-0.027277182508743447,-0.004332311059934035,0.005503425248978289,-0.030010551452212986,stop,20.0,False,False,True,0.38354800353667573,-2.1680893421675282,stop,20.0,False,False,True,5.771675291713936,-2.1680893421675282,2025,2025-11
DOGE,DOGE/USDT:USDT,2025-11-29 17:00:00+00:00,short_pullback_restart,short,0.14769,0.1507801868084187,0.020923466777836793,False,True,0.015573159997291601,1.9923237796050786,0.6647727272727254,0.24431818181817222,-0.004046125834513581,-0.01520304060812161,0.010191518467852267,0.003669724770642091,-0.018931845356715993,none,,False,False,False,0.1747467171009992,-0.9222743402553055,tp1,31.0,True,True,False,5.190624707963158,-0.9222743402553055,2025,2025-11
NEAR,NEAR/USDT:USDT,2025-11-29 17:00:00+00:00,short_pullback_restart,short,1.846,1.9078147736961473,0.03348579290148818,False,True,0.024377031419284902,1.8809230871140006,0.7096774193548413,0.19354838709677488,-0.0016224986479177472,-0.009125067096081518,0.01206140350877205,0.01206140350877205,-0.01124799143010169,none,,False,False,False,0.35590197431024884,-0.33972461184159936,tp1,31.0,True,True,False,4.254646329254336,-0.33972461184159936,2025,2025-11
TAO,TAO/USDT:USDT,2025-11-29 17:00:00+00:00,short_compression_breakdown,short,293.63,301.33755681987566,0.02624921438502763,False,True,0.02285188843101856,1.8433345242022783,0.7541899441340784,0.08938547486033369,-0.00860962927949227,-0.003123408589373655,0.03143880848672187,0.012517241379310429,-0.01214506795855208,none,,False,False,False,0.4709663626013404,-0.46837150660904886,tp1,31.0,True,True,False,5.17154799264172,-0.7174776818692643,2025,2025-11
TAO,TAO/USDT:USDT,2025-11-29 17:00:00+00:00,short_pullback_restart,short,293.63,301.33755681987566,0.02624921438502763,False,True,0.02285188843101856,1.8433345242022783,0.7541899441340784,0.08938547486033369,-0.00860962927949227,-0.003123408589373655,0.03143880848672187,0.012517241379310429,-0.01214506795855208,none,,False,False,False,0.4709663626013404,-0.46837150660904886,tp1,31.0,True,True,False,5.17154799264172,-0.7174776818692643,2025,2025-11
DOGE,DOGE/USDT:USDT,2025-11-30 23:00:00+00:00,short_pullback_restart,short,0.1459,0.15074492477068388,0.033207160868292514,False,True,0.015352981494174228,4.639370418787998,0.9504132231404997,0.03581267217630618,0.0646526561587859,0.07786643026004714,-0.03753545748400289,0.10824154956323606,-0.002665937521361683,tp1,1.0,True,True,False,2.941222139552143,-0.0804966059245852,tp1,1.0,True,True,False,2.941222139552143,-1.541819605786281,2025,2025-11
LINK,LINK/USDT:USDT,2025-12-01 16:00:00+00:00,short_pullback_restart,short,11.769,12.306391088653882,0.04566157606031795,False,True,0.03917070269351674,1.530940715467815,0.8669201520912542,0.1140684410646364,-0.024452917771883298,-0.11063250963500337,-0.18157162726008347,0.0006802142674944278,-0.12328665077473178,stop,21.0,False,False,True,0.014886737366710343,-3.0796937927378565,stop,21.0,False,False,True,0.014886737366710343,-5.865374522483218,2025,2025-12
DOGE,DOGE/USDT:USDT,2025-12-05 09:00:00+00:00,short_compression_breakdown,short,0.14426,0.14874933731585976,0.031119765117563876,False,True,0.01767641757937056,1.9292741125155293,0.8909090909090831,0.10454545454545781,0.01270621270621275,0.03687199022496945,0.003198887343532686,0.05207117852975496,-0.006747452492426365,tp1,7.0,True,False,False,1.5904351795477876,-0.21829502464381567,tp1,7.0,True,True,False,2.1116702383911754,-0.21829502464381567,2025,2025-12
DOGE,DOGE/USDT:USDT,2025-12-05 09:00:00+00:00,short_pullback_restart,short,0.14426,0.14874933731585976,0.031119765117563876,False,True,0.01767641757937056,1.9292741125155293,0.8909090909090831,0.10454545454545781,0.01270621270621275,0.03687199022496945,0.003198887343532686,0.05207117852975496,-0.006747452492426365,tp1,7.0,True,False,False,1.5904351795477876,-0.21829502464381567,tp1,7.0,True,True,False,2.1116702383911754,-0.21829502464381567,2025,2025-12
XRP,XRP/USDT:USDT,2025-12-05 09:00:00+00:00,short_compression_breakdown,short,2.0567,2.1153237281522212,0.028503781860369063,False,True,0.01837895658093075,1.340426828354772,0.8502024291498034,0.14574898785425458,-0.008723732407942886,0.015804810589223006,-0.02075893919916183,0.022725012431626057,-0.02005908137983614,none,,False,False,False,0.7795478288473309,-0.7181392471438205,tp1,53.0,True,False,False,1.176997815983936,-1.136058761514923,2025,2025-12
XRP,XRP/USDT:USDT,2025-12-05 09:00:00+00:00,short_pullback_restart,short,2.0567,2.1153237281522212,0.028503781860369063,False,True,0.01837895658093075,1.340426828354772,0.8502024291498034,0.14574898785425458,-0.008723732407942886,0.015804810589223006,-0.02075893919916183,0.022725012431626057,-0.02005908137983614,none,,False,False,False,0.7795478288473309,-0.7181392471438205,tp1,53.0,True,False,False,1.176997815983936,-1.136058761514923,2025,2025-12
DOGE,DOGE/USDT:USDT,2025-12-07 13:00:00+00:00,short_pullback_restart,short,0.1382,0.1410134868813395,0.020358081630531877,False,True,0.018089725036179467,2.7299538319438774,0.7566137566137743,0.22222222222221244,-0.026760563380281654,-0.038006404009466976,-0.05277587388622351,0.025374684671316095,-0.04551419296912784,tp1,1.0,True,False,False,1.2155734660371729,-2.3422892225687235,tp1,1.0,True,False,False,1.2155734660371729,-5.3065824116769305,2025,2025-12
ADA,ADA/USDT:USDT,2025-12-07 14:00:00+00:00,short_pullback_restart,short,0.4073,0.42134425899928496,0.03448136263021106,False,True,0.017677387674932443,5.996437975871642,0.7699115044247791,0.18584070796460134,-0.055207608443516576,-0.06346286502644294,-0.12011233527759768,0.0019680196801967753,-0.07431818181818184,stop,2.0,False,False,True,0.05696277746236048,-2.3283535287739183,stop,2.0,False,False,True,0.05696277746236048,-5.439945247655272,2025,2025-12
ETH,ETH/USDT:USDT,2025-12-07 14:00:00+00:00,short_pullback_restart,short,2941.32,3060.1475075094095,0.040399381063403274,False,True,0.011399643697387635,15.417749585194985,0.6790189486552554,0.2870568459657712,-0.06326791890394201,-0.059325448858584706,-0.11351286185747211,0.0009596733027055215,-0.075053695137406,stop,3.0,False,False,True,0.02373187874682016,-2.0085416668451166,stop,3.0,False,False,True,0.02373187874682016,-3.839010087490705,2025,2025-12
SOL,SOL/USDT:USDT,2025-12-07 14:00:00+00:00,short_pullback_restart,short,128.07,133.7035579345297,0.04398811536292422,False,True,0.016553447333489534,10.962375217526136,0.8479809976247027,0.12351543942992797,-0.059138995004408,-0.06593246298592381,-0.06593246298592381,0.0010161012974831962,-0.08061737257717172,stop,3.0,False,False,True,0.023076003035876827,-1.9934116468685095,stop,3.0,False,False,True,0.023076003035876827,-2.987454854567853,2025,2025-12
SUI,SUI/USDT:USDT,2025-12-11 14:00:00+00:00,short_compression_breakdown,short,1.5259,1.5685469582818323,0.027948724216418044,False,True,0.023461563667343897,1.3729126182060907,0.6516853932584176,0.265917602996257,-0.03759066540523481,-0.07302108012878916,-0.04470043197896445,0.0022331691297208245,-0.08304789375638477,stop,4.0,False,False,True,0.07972432588348224,-3.240559363852062,stop,4.0,False,False,True,0.07972432588348224,-3.240559363852062,2025,2025-12
SUI,SUI/USDT:USDT,2025-12-11 14:00:00+00:00,short_pullback_restart,short,1.5259,1.5685469582818323,0.027948724216418044,False,True,0.023461563667343897,1.3729126182060907,0.6516853932584176,0.265917602996257,-0.03759066540523481,-0.07302108012878916,-0.04470043197896445,0.0022331691297208245,-0.08304789375638477,stop,4.0,False,False,True,0.07972432588348224,-3.240559363852062,stop,4.0,False,False,True,0.07972432588348224,-3.240559363852062,2025,2025-12
TRX,TRX/USDT:USDT,2025-12-12 07:00:00+00:00,short_pullback_restart,short,0.27861,0.28135878726455904,0.009866075390542392,False,True,0.007896342557697066,1.8431262061452467,0.5416666666666698,0.17361111111113092,0.005304178393591874,0.020287838283224335,-0.009069568928723792,0.02062422155469279,-0.0005380972879895918,tp1,8.0,True,True,False,2.0481759620285627,-0.0545695194146091,tp1,8.0,True,True,False,3.0085995037257796,-1.5133946717653248,2025,2025-12
BTC,BTC/USDT:USDT,2025-12-14 10:00:00+00:00,short_pullback_restart,short,89819.0,90487.31766685234,0.007440715960457559,False,True,0.005575657711620068,2.3319939273009425,0.47756232686978994,0.2188365650969529,0.011703086280693942,8.350823669567298e-05,0.03732542145423512,0.026452414338495434,-0.0017049673010833821,tp1,1.0,True,True,False,3.463472708871876,-0.22953156501530492,tp1,1.0,True,True,False,7.101413347866222,-0.22953156501530492,2025,2025-12
XRP,XRP/USDT:USDT,2025-12-14 10:00:00+00:00,short_pullback_restart,short,2.0053,2.0311075649763017,0.012869677841869872,False,True,0.0101730414401835,2.1393715192930345,0.5714285714285533,0.3428571428571489,0.004810342235807008,0.006020167561330503,0.05209863588667374,0.030472764645426587,-0.003973575721452294,tp1,13.0,True,True,False,2.2977758674424966,-0.30998662629915597,tp1,13.0,True,True,False,5.994366386059926,-0.30998662629915597,2025,2025-12
NEAR,NEAR/USDT:USDT,2025-12-14 17:00:00+00:00,short_compression_breakdown,short,1.593,1.647063477482848,0.03393815284547905,False,True,0.026993094789704915,2.219845234915136,0.6,0.2999999999999963,0.0018867924528300772,0.059175531914893664,0.06841046277665996,0.06270847231487653,-0.032199270959902715,tp1,22.0,True,False,False,1.7386968870032784,-0.9803290958635508,tp1,22.0,True,True,False,2.108632394876317,-0.9803290958635508,2025,2025-12
NEAR,NEAR/USDT:USDT,2025-12-14 17:00:00+00:00,short_pullback_restart,short,1.593,1.647063477482848,0.03393815284547905,False,True,0.026993094789704915,2.219845234915136,0.6,0.2999999999999963,0.0018867924528300772,0.059175531914893664,0.06841046277665996,0.06270847231487653,-0.032199270959902715,tp1,22.0,True,False,False,1.7386968870032784,-0.9803290958635508,tp1,22.0,True,True,False,2.108632394876317,-0.9803290958635508,2025,2025-12
XRP,XRP/USDT:USDT,2025-12-15 13:00:00+00:00,short_pullback_restart,short,1.9629,2.015736806846012,0.026917727263748588,False,True,0.01834021091242551,4.120857192878899,0.6554054054053992,0.3006756756756794,0.03610451306413309,0.028935367196100126,0.02629927846909963,0.06068302172268458,-0.008285757591067533,tp1,3.0,True,True,False,2.12541231583672,-0.31038968815424867,tp1,3.0,True,True,False,2.6042451884161433,-0.4447657116844398,2025,2025-12
ADA,ADA/USDT:USDT,2025-12-15 14:00:00+00:00,short_pullback_restart,short,0.3922,0.40824004748683224,0.040897622352963396,False,True,0.01963284038755733,4.338626878083996,0.5185185185185199,0.19753086419752977,0.03020751247701603,0.014747736093143615,0.058855291576673796,0.04031830238726797,-0.006082108464267599,none,,False,False,False,0.9476281172158704,-0.14962549219198043,tp1,39.0,True,False,False,1.9825377715437296,-0.4862828496239356,2025,2025-12
NEAR,NEAR/USDT:USDT,2025-12-15 14:00:00+00:00,short_pullback_restart,short,1.582,1.6492341932445396,0.04249949004079614,False,True,0.026548672566371563,3.8727736362359884,0.4035087719298218,0.26315789473684353,0.03805774278215224,0.0312907431551499,0.036018336607727575,0.06388702084734366,0.0,tp1,3.0,True,False,False,1.412971516657791,0.0,tp1,3.0,True,False,False,1.9484133545491649,-0.565188606663117,2025,2025-12
TAO,TAO/USDT:USDT,2025-12-17 05:00:00+00:00,short_pullback_restart,short,252.93,264.8866581122354,0.04727259760501088,False,True,0.03277586684062781,2.293763461510919,0.5982905982905988,0.3982905982906008,0.018810924031257725,0.10846699973704976,0.11046230846906968,0.11085247485616412,-0.010446009389671329,tp1,11.0,True,True,False,2.1109577411243023,-0.22330654393034305,tp1,11.0,True,True,False,3.1873454641143883,-0.22330654393034305,2025,2025-12
BNB,BNB/USDT:USDT,2025-12-17 15:00:00+00:00,short_pullback_restart,short,854.17,872.7566972385765,0.02175995087462281,False,True,0.019141388716531864,6.335871814440188,0.6529928840519059,0.046044370029297184,0.018323795898903095,0.006943462064412653,-0.0002691947565542918,0.029120481927710884,-0.004835026563519529,tp1,4.0,True,False,False,1.300392409138472,-0.22327796847020215,tp1,4.0,True,False,False,1.9314889320674882,-0.4718428393936509,2025,2025-12
TRX,TRX/USDT:USDT,2025-12-18 04:00:00+00:00,short_pullback_restart,short,0.27724,0.2804493121274877,0.011575934668473911,False,True,0.00876496897994513,1.7453749818641358,0.7697368421052553,0.026315789473673638,-0.0005047227629967344,-0.007375581811672083,-0.0216324946183436,0.0018067500180674045,-0.0168794326241134,stop,10.0,False,False,True,0.15579662561254434,-1.4831838758314166,stop,10.0,False,False,True,0.15579662561254434,-1.9194144275465443,2025,2025-12
ADA,ADA/USDT:USDT,2025-12-21 01:00:00+00:00,short_pullback_restart,short,0.3695,0.3798707354448023,0.028066943017056364,False,True,0.021380243572395177,1.3312562023197174,0.9687500000000032,0.031249999999996746,0.005989654233596431,0.006811989100817373,0.02156483273431009,0.034144976210467304,-0.015191897654584174,tp1,12.0,True,False,False,1.1763871583586163,-0.5496235084134508,tp1,12.0,True,False,False,1.4174501006452185,-1.2245997468159366,2025,2025-12
LINK,LINK/USDT:USDT,2025-12-21 01:00:00+00:00,short_pullback_restart,short,12.458,12.69188099086623,0.018773558425608378,False,True,0.012200995344357122,1.5641885869531535,0.86363636363636,0.13636363636364005,-0.0039974416373520505,-0.0026419021695620604,0.007765733700048516,0.01997707548714578,-0.02013528393896491,stop,8.0,False,False,True,1.0432656330738665,-1.0945737789627472,stop,8.0,False,False,True,1.6846174566848522,-2.1250123755643937,2025,2025-12
SOL,SOL/USDT:USDT,2025-12-21 01:00:00+00:00,short_pullback_restart,short,125.06,126.79409674395656,0.013866118214909292,False,True,0.010315048776587288,1.7866512109373682,0.9473684210526198,0.042105263157901196,-0.0015169660678642227,-0.007223942208462342,0.01616965954334937,0.014274128142741427,-0.026846159831919625,tp1,12.0,True,False,False,1.0149376072204297,-1.9895083777900346,tp1,12.0,True,False,False,1.7415406669350482,-2.1221422696427146,2025,2025-12
SUI,SUI/USDT:USDT,2025-12-21 01:00:00+00:00,short_pullback_restart,short,1.4416,1.4718367036111768,0.020974405945599895,False,True,0.013041065482796842,1.5462020677188564,0.9756097560975636,0.02439024390243638,-0.00048533592179156315,-0.005998758877473587,0.008958566629339249,0.020312831764456085,-0.027719700546300574,stop,8.0,False,False,True,0.9491775416084435,-1.3592751554044258,stop,8.0,False,False,True,1.2534435131344988,-1.6403904551839361,2025,2025-12
LINK,LINK/USDT:USDT,2025-12-21 02:00:00+00:00,short_pullback_restart,short,12.412,12.692246634375785,0.022578684690282298,False,True,0.018691588785046814,2.2602647143672296,0.37704918032786405,0.2950819672131262,-0.014764248293379856,-0.005289309184164037,0.016210905518257768,0.016210905518257768,-0.023753342771747676,stop,7.0,False,False,True,0.7065205276809903,-1.0776222189881735,stop,7.0,False,False,True,1.2417633516817408,-1.9375790228827092,2025,2025-12
SUI,SUI/USDT:USDT,2025-12-21 02:00:00+00:00,short_pullback_restart,short,1.4369,1.4681055104960927,0.02171724580422622,False,True,0.017050595030969423,1.4340669369921082,0.4086956521739043,0.21739130434783951,-0.010467598650230614,-0.006224496853170947,0.026210541351235683,0.01698634015146161,-0.030889593309502805,stop,7.0,False,False,True,0.7690949328646662,-1.4676894968833984,stop,7.0,False,False,True,1.2722112014469698,-1.7400772856063063,2025,2025-12
TAO,TAO/USDT:USDT,2025-12-21 02:00:00+00:00,short_pullback_restart,short,223.16,232.06324707169594,0.039896249649112495,False,True,0.030874708729162873,1.7829145790443475,0.5573333333333342,0.2693333333333309,-0.004993757802746579,0.003236827908649431,0.06851807517356967,0.03224015911929312,-0.0160493827160495,none,,False,False,False,0.7828604489881141,-0.4088396032018289,tp1,60.0,True,False,False,1.7678943281309794,-0.9153963643117842,2025,2025-12
TAO,TAO/USDT:USDT,2025-12-21 12:00:00+00:00,short_compression_breakdown,short,220.42,227.69645953511133,0.033011793553721726,False,True,0.02758370383812727,1.8547298182905523,0.39130434782609486,0.26956521739129896,0.0025470754116254657,-0.038055337348345986,0.043408284023668475,0.019566122392340013,-0.045139490556229456,stop,24.0,False,False,True,0.581326671245656,-1.4320151097824487,stop,24.0,False,False,True,1.9611185812471676,-1.4966069621430773,2025,2025-12
TAO,TAO/USDT:USDT,2025-12-21 12:00:00+00:00,short_pullback_restart,short,220.42,227.69645953511133,0.033011793553721726,False,True,0.02758370383812727,1.8547298182905523,0.39130434782609486,0.26956521739129896,0.0025470754116254657,-0.038055337348345986,0.043408284023668475,0.019566122392340013,-0.045139490556229456,stop,24.0,False,False,True,0.581326671245656,-1.4320151097824487,stop,24.0,False,False,True,1.9611185812471676,-1.4966069621430773,2025,2025-12
ADA,ADA/USDT:USDT,2025-12-23 13:00:00+00:00,short_compression_breakdown,short,0.3612,0.3732430873347237,0.0333418807716603,False,True,0.02906976744186049,1.5058897582180937,0.6530612244897899,0.16326530612245313,0.0,0.012615643397813292,0.011764705882353121,0.02149321266968318,-0.01338432122370925,none,,False,False,False,0.6310674155859519,-0.40687241268041324,tp1,48.0,True,False,False,1.8516846536272056,-0.40687241268041324,2025,2025-12
ADA,ADA/USDT:USDT,2025-12-23 13:00:00+00:00,short_pullback_restart,short,0.3612,0.3732430873347237,0.0333418807716603,False,True,0.02906976744186049,1.5058897582180937,0.6530612244897899,0.16326530612245313,0.0,0.012615643397813292,0.011764705882353121,0.02149321266968318,-0.01338432122370925,none,,False,False,False,0.6310674155859519,-0.40687241268041324,tp1,48.0,True,False,False,1.8516846536272056,-0.40687241268041324,2025,2025-12
ADA,ADA/USDT:USDT,2025-12-24 05:00:00+00:00,short_compression_breakdown,short,0.355,0.36691827115589803,0.03357259480534663,False,True,0.027042253521126755,2.6476125634169807,0.8181818181818228,0.0,-0.009762900976290068,-0.012242626599888728,0.0039592760180995334,0.008809320829781253,-0.017165005537098654,none,,False,False,False,0.2601048389863055,-0.5202096779726156,tp1,41.0,True,False,False,1.3508670669933969,-0.5202096779726156,2025,2025-12
ADA,ADA/USDT:USDT,2025-12-24 05:00:00+00:00,short_pullback_restart,short,0.355,0.36691827115589803,0.03357259480534663,False,True,0.027042253521126755,2.6476125634169807,0.8181818181818228,0.0,-0.009762900976290068,-0.012242626599888728,0.0039592760180995334,0.008809320829781253,-0.017165005537098654,none,,False,False,False,0.2601048389863055,-0.5202096779726156,tp1,41.0,True,False,False,1.3508670669933969,-0.5202096779726156,2025,2025-12
BNB,BNB/USDT:USDT,2025-12-25 08:00:00+00:00,short_pullback_restart,short,841.18,850.9683030650257,0.011636395379140886,False,True,0.00952233766851327,1.7591830052885202,0.4246823956442896,0.34301270417422675,0.003734860688503039,-0.0011280918623015612,-0.005697399527186842,0.017687766163375862,-0.007457227138643163,tp1,15.0,True,False,False,1.4936194663034348,-0.645668606500532,tp1,15.0,True,True,False,2.0606227520752536,-0.645668606500532,2025,2025-12
LINK,LINK/USDT:USDT,2025-12-25 10:00:00+00:00,short_pullback_restart,short,12.141,12.389249551342463,0.020447207918825695,False,True,0.013507948274441949,1.67629248784108,0.6140350877192966,0.3245614035087768,-0.014129110840438441,-0.024662596401028303,-0.028020174525658414,0.013777555110220385,-0.031740968179280626,stop,5.0,False,False,True,0.6646537691920337,-1.6032254553844276,stop,5.0,False,False,True,0.6646537691920337,-1.6435075020021261,2025,2025-12
SUI,SUI/USDT:USDT,2025-12-25 10:00:00+00:00,short_pullback_restart,short,1.3944,1.4305122986919814,0.02589809143142663,False,True,0.01929145152036713,1.7111965348453737,0.7415730337078568,0.24719101123596474,-0.008602915037326686,-0.011344299489506549,-0.037481880306481696,0.031208401124094065,-0.022091310751104487,tp1,12.0,True,False,False,1.1685769537947053,-0.8722790057946217,tp1,12.0,True,False,False,1.1685769537947053,-1.780556827701411,2025,2025-12
TAO,TAO/USDT:USDT,2025-12-28 18:00:00+00:00,short_pullback_restart,short,221.78,227.70234810199696,0.02670370683558914,False,True,0.022364505365677606,2.2419907583378844,0.895061728395058,0.057613168724279906,-0.016583894998226323,0.009054097092679347,0.015336721146362642,0.012370475190578434,-0.04705022988011853,stop,8.0,False,False,True,0.45758877278527776,-1.8489288051655985,stop,8.0,False,False,True,0.7986697030532668,-1.8489288051655985,2025,2025-12
XRP,XRP/USDT:USDT,2025-12-28 18:00:00+00:00,short_pullback_restart,short,1.8559,1.8803255063898285,0.01316100349686321,False,True,0.009267740718788784,3.45497048085226,0.7142857142857044,0.2608695652174039,-0.008971004432103302,0.00107880683963546,0.012437946647755327,0.0016731433506045335,-0.03187271778821066,stop,7.0,False,False,True,0.12691650893637327,-2.5014834503264973,stop,7.0,False,False,True,1.0276143142912513,-2.5014834503264973,2025,2025-12
TAO,TAO/USDT:USDT,2025-12-28 19:00:00+00:00,short_pullback_restart,short,220.85,227.7423232375686,0.031208164987858746,False,True,0.0262168892913742,1.2184230998455463,0.4366197183098633,0.06103286384976325,-0.022225173772524087,0.0018144704014515511,0.007022023619533968,0.00817127727563216,-0.05104627680144369,stop,7.0,False,False,True,0.2597092356671664,-1.7236568266625416,stop,7.0,False,False,True,0.5513380421984538,-1.7236568266625416,2025,2025-12
TAO,TAO/USDT:USDT,2025-12-28 20:00:00+00:00,short_pullback_restart,short,220.24,227.7404430063137,0.03405577100578325,False,True,0.029831093352706107,1.3599628420786423,0.4137931034482671,0.02758620689656551,-0.03589563999299594,0.005983647741287124,-0.0014508523757706948,0.008886852954649527,-0.05366733983586125,stop,6.0,False,False,True,0.2586513887735631,-1.665234972052475,stop,6.0,False,False,True,0.4253082114369416,-1.665234972052475,2025,2025-12
NEAR,NEAR/USDT:USDT,2025-12-31 10:00:00+00:00,short_compression_breakdown,short,1.5,1.533606596148813,0.022404397432542005,False,True,0.019333333333333275,1.298257588640609,0.6428571428571349,0.2857142857142857,0.011463250168577188,-0.013806706114398382,-0.0996398559423769,0.02249488752556239,-0.019607843137254943,none,,False,False,False,0.9819500866399256,-0.8926818969453898,stop,25.0,False,False,True,0.9819500866399256,-6.486821784469826,2025,2025-12
NEAR,NEAR/USDT:USDT,2025-12-31 10:00:00+00:00,short_pullback_restart,short,1.5,1.533606596148813,0.022404397432542005,False,True,0.019333333333333275,1.298257588640609,0.6428571428571349,0.2857142857142857,0.011463250168577188,-0.013806706114398382,-0.0996398559423769,0.02249488752556239,-0.019607843137254943,none,,False,False,False,0.9819500866399256,-0.8926818969453898,stop,25.0,False,False,True,0.9819500866399256,-6.486821784469826,2025,2025-12
ADA,ADA/USDT:USDT,2025-12-31 15:00:00+00:00,short_pullback_restart,short,0.3421,0.3539546711136725,0.0346526486807147,False,True,0.023677287342882186,5.686874346517896,0.7283950617283905,0.25925925925925825,0.025172310458495772,-0.013552479815455487,-0.11396011396011396,0.044261294261294326,-0.020332187857961093,tp1,1.0,True,False,False,1.2231465437515632,-0.5989200317680059,tp1,1.0,True,False,False,1.2231465437515632,-4.808231240954417,2025,2025-12
ETH,ETH/USDT:USDT,2026-01-05 00:00:00+00:00,long_pullback_restart,long,3167.26,3112.0183250656323,0.01744147147198774,True,False,0.012629212631738473,3.8595311453725607,0.6864601262191682,0.7389558232931762,-0.0034856626863599693,0.014981403484399802,0.0007072359073772017,0.0311752113814463,-0.011299988002248185,tp1,17.0,True,False,False,1.7874186493677433,-0.6478804280015437,tp1,17.0,True,True,False,2.547714206117241,-0.8010256758610778,2026,2026-01
XRP,XRP/USDT:USDT,2026-01-05 16:00:00+00:00,long_compression_breakout,long,2.193,2.103906078852675,0.04062650303115603,True,False,0.027542179662562703,2.4369379867765786,0.9000000000000097,0.9250000000000073,0.06456908344733248,0.04017327861377096,-0.02229822161422712,0.10237118103055165,-0.012038303693570507,tp1,4.0,True,True,False,2.5198127673465853,-0.2963165125075741,tp1,4.0,True,True,False,2.5198127673465853,-1.4366861212488344,2026,2026-01
XRP,XRP/USDT:USDT,2026-01-05 16:00:00+00:00,long_pullback_restart,long,2.193,2.103906078852675,0.04062650303115603,True,False,0.027542179662562703,2.4369379867765786,0.9000000000000097,0.9250000000000073,0.06456908344733248,0.04017327861377096,-0.02229822161422712,0.10237118103055165,-0.012038303693570507,tp1,4.0,True,True,False,2.5198127673465853,-0.2963165125075741,tp1,4.0,True,True,False,2.5198127673465853,-1.4366861212488344,2026,2026-01
ETH,ETH/USDT:USDT,2026-01-05 17:00:00+00:00,long_pullback_restart,long,3212.21,3126.5279560249633,0.02667386129021352,True,False,0.02289078235856317,1.9578230075296637,0.4027081922816557,0.7474610697359497,0.003580089720161439,-0.005519564412040268,-0.024556302358812232,0.029820590808197434,-0.008884848748992091,tp1,21.0,True,False,False,1.117970528666521,-0.33309196041489175,tp1,21.0,True,False,False,1.117970528666521,-1.8648014518252116,2026,2026-01
BNB,BNB/USDT:USDT,2026-01-06 14:00:00+00:00,long_pullback_restart,long,921.18,902.4058696211927,0.02038052321892278,True,False,0.01339586182939277,5.183836895130208,0.7116430903155522,0.7116430903155522,-0.016587420482424675,-0.01854143598428093,-0.036268698842788605,0.003973164853774636,-0.031644195488395255,stop,3.0,False,False,True,0.19494910955404798,-1.552668454508297,stop,3.0,False,False,True,0.19494910955404798,-2.4597677265589413,2026,2026-01
LINK,LINK/USDT:USDT,2026-01-06 14:00:00+00:00,long_compression_breakout,long,14.089,13.644026229626343,0.03158306269952852,True,False,0.0216480942579317,3.109502219668722,0.6441102756892236,0.6441102756892236,-0.02328057349705448,-0.03641138476825889,-0.07040953935694516,0.007523599971609007,-0.04883242245723618,stop,3.0,False,False,True,0.23821628836906183,-1.5461585509237254,stop,3.0,False,False,True,0.23821628836906183,-2.4068834419175986,2026,2026-01
LINK,LINK/USDT:USDT,2026-01-06 14:00:00+00:00,long_pullback_restart,long,14.089,13.644026229626343,0.03158306269952852,True,False,0.0216480942579317,3.109502219668722,0.6441102756892236,0.6441102756892236,-0.02328057349705448,-0.03641138476825889,-0.07040953935694516,0.007523599971609007,-0.04883242245723618,stop,3.0,False,False,True,0.23821628836906183,-1.5461585509237254,stop,3.0,False,False,True,0.23821628836906183,-2.4068834419175986,2026,2026-01
SOL,SOL/USDT:USDT,2026-01-06 14:00:00+00:00,long_compression_breakout,long,141.96,136.99544212799563,0.03497152628912635,True,False,0.02007607776838542,5.34893731479532,0.661363636363639,0.661363636363639,-0.02162581008734865,-0.028106508875739733,-0.036348267117497834,0.008453085376162184,-0.04113834883065659,stop,3.0,False,False,True,0.2417133672198495,-1.1763383871366127,stop,3.0,False,False,True,0.2417133672198495,-1.9055070449165,2026,2026-01
SOL,SOL/USDT:USDT,2026-01-06 14:00:00+00:00,long_pullback_restart,long,141.96,136.99544212799563,0.03497152628912635,True,False,0.02007607776838542,5.34893731479532,0.661363636363639,0.661363636363639,-0.02162581008734865,-0.028106508875739733,-0.036348267117497834,0.008453085376162184,-0.04113834883065659,stop,3.0,False,False,True,0.2417133672198495,-1.1763383871366127,stop,3.0,False,False,True,0.2417133672198495,-1.9055070449165,2026,2026-01
TRX,TRX/USDT:USDT,2026-01-07 13:00:00+00:00,long_pullback_restart,long,0.29679,0.29360568740241316,0.010729177524804866,True,False,0.008423464402439443,2.1223073556580334,0.6433566433566328,0.9510489510489405,0.0019542437413659908,-0.0013814481620001429,0.0034704673338050718,0.00630075137302466,-0.006368139088244185,none,,False,False,False,0.5872539025901926,-0.593534692992233,stop,39.0,False,False,True,0.8824510514857989,-1.413177840457697,2026,2026-01
TRX,TRX/USDT:USDT,2026-01-07 16:00:00+00:00,long_pullback_restart,long,0.29775,0.29405855583932283,0.012397797349041752,True,False,0.008765743073047862,4.208664516381722,0.6715686274510034,0.6862745098039322,0.0008060453400502432,-0.009874055415617145,0.004567590260285304,0.003056255247690931,-0.010915197313182357,none,,False,False,False,0.24651598680366607,-0.8804142385845626,stop,35.0,False,False,True,0.5011588742711978,-1.4790959208220567,2026,2026-01
BNB,BNB/USDT:USDT,2026-01-10 18:00:00+00:00,long_pullback_restart,long,912.93,898.4900124939921,0.01581719026213161,True,False,0.013243074496401606,1.2039927457776118,0.7692307692307516,0.7692307692307516,-0.006758459027526698,-0.006769412769872751,0.030144698936391823,0.005553547369458789,-0.011139955965955739,none,,False,False,False,0.35110833703219324,-0.7042942381888276,stop,30.0,False,False,True,1.912051515869579,-1.3067878342795707,2026,2026-01
ADA,ADA/USDT:USDT,2026-01-10 22:00:00+00:00,short_pullback_restart,short,0.3856,0.392848804234466,0.018798766168220953,False,True,0.010632780082987533,1.791730227793168,0.8611111111111107,0.11111111111111453,-0.013306038894575156,-0.00515995872033026,-0.08733727810650882,0.0010384215991692258,-0.029204431017119892,stop,11.0,False,False,True,0.05518151505570055,-1.60026393661527,stop,11.0,False,False,True,0.6069966656126907,-5.490560748042047,2026,2026-01
SOL,SOL/USDT:USDT,2026-01-11 08:00:00+00:00,long_pullback_restart,long,136.7,135.18418362548334,0.011088634780663104,True,False,0.008266276517922425,1.930536784132874,0.6951219512194856,0.8048780487804624,0.017995610826627706,0.023994147768836793,0.059546452084857426,0.05632772494513549,-0.003657644476956823,tp1,6.0,True,True,False,5.079770960024986,-0.3298552571444789,tp1,6.0,True,True,False,7.982497222896403,-0.3298552571444789,2026,2026-01
TAO,TAO/USDT:USDT,2026-01-11 08:00:00+00:00,long_pullback_restart,long,282.97,276.29248699174127,0.023597953875883506,True,False,0.020178817542495595,1.3290796299298122,0.4924012158054694,0.6930091185410381,0.020143478107219837,0.0010248436229987057,0.06191469060324417,0.04113510266105935,-0.01049581227691987,tp1,7.0,True,False,False,1.7431639572403108,-0.44477637053297053,tp1,7.0,True,True,False,2.9022781349928914,-0.8281526360428678,2026,2026-01
SOL,SOL/USDT:USDT,2026-01-11 12:00:00+00:00,long_pullback_restart,long,137.01,135.5682150283067,0.010523209778069448,True,False,0.008612510035763863,1.5535800678944132,0.6375000000000022,0.7249999999999955,0.021677249835778456,0.019487628640245447,0.054594555141960655,0.05393766878330064,-0.0010948105977663936,tp1,2.0,True,True,False,5.125590948087687,-0.10403770530622937,tp1,2.0,True,True,False,8.177363637070881,-0.10403770530622937,2026,2026-01
SUI,SUI/USDT:USDT,2026-01-11 12:00:00+00:00,long_pullback_restart,long,1.8236,1.786482528573666,0.0203539545000735,True,False,0.017438034656722994,1.9306093394226969,0.6729559748427854,0.7547169811320855,-0.0037837245009870735,-0.023086203114718207,0.0018644439570081328,0.015518754112743949,-0.03372450098705859,stop,8.0,False,False,True,0.7624441782400554,-1.6569016594262722,stop,8.0,False,False,True,3.787973549842816,-2.117601145217964,2026,2026-01
TAO,TAO/USDT:USDT,2026-01-11 12:00:00+00:00,long_pullback_restart,long,285.55,277.4763881968743,0.028273898802751482,True,False,0.02356855191735254,1.7075648364073208,0.5861111111111112,0.708333333333332,0.012116967256172284,-0.008614953598319208,0.018490632113465244,0.031728243740150486,-0.028401330765190025,tp1,4.0,True,False,False,1.1221743404225153,-1.00450705307137,tp1,4.0,True,True,False,2.080853081578175,-1.00450705307137,2026,2026-01
SOL,SOL/USDT:USDT,2026-01-11 14:00:00+00:00,long_pullback_restart,long,139.16,135.67700173359097,0.02502873143438507,True,False,0.010707099741305038,5.418714712734149,0.8799999999999955,0.8888888888888888,-0.004814601897096815,0.008766887036504745,0.0533199195171028,0.03765449841908608,-0.012144294337453232,tp1,12.0,True,False,False,1.5044509354299658,-0.48521413757187676,tp1,12.0,True,True,False,2.7677303468597074,-0.48521413757187676,2026,2026-01
SOL,SOL/USDT:USDT,2026-01-13 22:00:00+00:00,long_compression_breakout,long,146.92,140.81797177151068,0.04153299910488227,True,False,0.02355023141845908,2.97878882756245,0.6563071297988987,0.6563071297988987,-0.013953171794173547,-0.0055812687176693965,-0.014021236046828034,0.010073509392866997,-0.02463925946093093,none,,False,False,False,0.2425423063580986,-0.5932453709569597,stop,45.0,False,False,True,0.2425423063580986,-1.1061895729169902,2026,2026-01
SOL,SOL/USDT:USDT,2026-01-13 22:00:00+00:00,long_pullback_restart,long,146.92,140.81797177151068,0.04153299910488227,True,False,0.02355023141845908,2.97878882756245,0.6563071297988987,0.6563071297988987,-0.013953171794173547,-0.0055812687176693965,-0.014021236046828034,0.010073509392866997,-0.02463925946093093,none,,False,False,False,0.2425423063580986,-0.5932453709569597,stop,45.0,False,False,True,0.2425423063580986,-1.1061895729169902,2026,2026-01
ADA,ADA/USDT:USDT,2026-01-17 14:00:00+00:00,long_pullback_restart,long,0.4008,0.39271750564874325,0.02016590407000185,True,False,0.011976047904191683,2.1958479354107387,0.5892857142857095,0.8571428571428529,-0.004740518962075835,-0.026696606786427157,-0.10054890219560875,0.008483033932135786,-0.026946107784431073,stop,11.0,False,False,True,0.42066221790447034,-1.336221162755368,stop,11.0,False,False,True,0.42066221790447034,-7.386333649675519,2026,2026-01
ETH,ETH/USDT:USDT,2026-01-17 14:00:00+00:00,long_pullback_restart,long,3308.85,3279.941159778668,0.008736824038965791,True,False,0.0068331897789262516,1.8528126628899513,0.6258246936851831,0.8341187558906505,0.0021306496214696935,0.0044305423334392025,-0.07938709823654744,0.011439019598954214,-0.004330809797966073,tp1,24.0,True,False,False,1.3092880831680764,-0.4956961223724831,tp1,24.0,True,True,False,2.045395095316478,-9.5766553718648,2026,2026-01
LINK,LINK/USDT:USDT,2026-01-17 14:00:00+00:00,long_pullback_restart,long,13.827,13.609066191551657,0.015761467306598925,True,False,0.011788529688291043,2.249454155709005,0.4742268041236985,0.8144329896907171,-0.004339336081579548,-0.007738482678816716,-0.09676719461922323,0.0045563028856585586,-0.01533232082158098,none,,False,False,False,0.2890785989037284,-0.9727724280569802,stop,33.0,False,False,True,0.2890785989037284,-7.006714611523631,2026,2026-01
ADA,ADA/USDT:USDT,2026-01-17 15:00:00+00:00,long_compression_breakout,long,0.4023,0.3928791123881188,0.023417568013624664,True,False,0.020134228187919455,1.5732266316644818,0.5172413793103527,0.9655172413793136,-0.00919711657966682,-0.025354213273676374,-0.10713397961720106,0.004722843649018094,-0.03281133482475762,stop,10.0,False,False,True,0.20167951028349154,-1.401141860916878,stop,10.0,False,False,True,0.20167951028349154,-6.4962031733418915,2026,2026-01
ADA,ADA/USDT:USDT,2026-01-17 15:00:00+00:00,long_pullback_restart,long,0.4023,0.3928791123881188,0.023417568013624664,True,False,0.020134228187919455,1.5732266316644818,0.5172413793103527,0.9655172413793136,-0.00919711657966682,-0.025354213273676374,-0.10713397961720106,0.004722843649018094,-0.03281133482475762,stop,10.0,False,False,True,0.20167951028349154,-1.401141860916878,stop,10.0,False,False,True,0.20167951028349154,-6.4962031733418915,2026,2026-01
BNB,BNB/USDT:USDT,2026-01-17 15:00:00+00:00,long_pullback_restart,long,956.03,935.2086409720182,0.021778980814390524,True,False,0.009685888518142727,7.873636224189118,0.6864988558352395,0.7442791762013717,-0.003880631360940523,-0.005815717080007943,-0.05249835256215807,0.0007949541332383792,-0.013106283275629349,none,,False,False,False,0.03650097954598587,-0.6017858864621151,stop,32.0,False,False,True,0.03650097954598587,-2.8379511597004314,2026,2026-01
LINK,LINK/USDT:USDT,2026-01-17 15:00:00+00:00,long_pullback_restart,long,13.88,13.608818606440824,0.019537564377462298,True,False,0.015850144092219066,1.6411813585935968,0.5200000000000157,0.9500000000000097,-0.01030259365994246,-0.007925072046109594,-0.10439481268011541,0.0007204610951008217,-0.019092219020172996,none,,False,False,False,0.03687568630263568,-0.9772056870198683,stop,32.0,False,False,True,0.03687568630263568,-5.826358435816561,2026,2026-01
NEAR,NEAR/USDT:USDT,2026-01-20 06:00:00+00:00,short_pullback_restart,short,1.561,1.624265665821552,0.04052893390233954,False,True,0.03459320948110189,1.3358152469134423,0.8,0.2,0.009702457956015431,0.02026143790849666,0.02968337730870707,0.049764626765299136,-0.0044642857142858094,tp1,16.0,True,False,False,1.1696707691139334,-0.11064453221348228,tp1,16.0,True,False,False,1.264508939582631,-0.20548270268217986,2026,2026-01
ADA,ADA/USDT:USDT,2026-01-20 08:00:00+00:00,short_pullback_restart,short,0.3606,0.37303670130366007,0.03448891099184718,False,True,0.024681087077093787,4.476543410617201,0.5652173913043528,0.3586956521739103,0.0002773925104022634,0.0064192017862125805,0.004456824512534707,0.04129367600346523,-0.009340659340659418,tp1,14.0,True,False,False,1.149822581635174,-0.2733843900391338,tp1,14.0,True,False,False,1.1578632989892652,-1.0774561254483481,2026,2026-01
XRP,XRP/USDT:USDT,2026-01-22 13:00:00+00:00,short_pullback_restart,short,1.9291,1.9710859837393724,0.021764544989566297,False,True,0.014151676947799544,1.7364027545028766,0.5345622119815681,0.18894009216589783,-0.0011908460184322234,0.013076357525469984,0.014835078120890133,0.015262354612915141,-0.002997570933898408,none,,False,False,False,0.6907066934531629,-0.13814133869063258,tp1,25.0,True,False,False,1.033678292960938,-0.8526655043318329,2026,2026-01
ADA,ADA/USDT:USDT,2026-01-22 14:00:00+00:00,short_pullback_restart,short,0.3579,0.3690661597784506,0.031199105276475524,False,True,0.02067616652696289,2.1718956399556015,0.645161290322583,0.1935483870967713,-0.0052807115063924215,0.009021708486044444,0.015319148936170368,0.016183986371379744,-0.01918333790079474,none,,False,False,False,0.5104709329881102,-0.626894128231015,stop,27.0,False,False,True,0.6895835410541145,-1.1552763220257285,2026,2026-01
DOGE,DOGE/USDT:USDT,2026-01-22 14:00:00+00:00,short_pullback_restart,short,0.12422,0.12810239504798301,0.03125418650767201,False,True,0.023426179359201386,2.061276775473711,0.6589595375722573,0.19653179190751097,0.0020166169234492326,0.010247234873129507,0.017696214976241187,0.018697720190257394,-0.013657297125615364,none,,False,False,False,0.5872663579623347,-0.4430254981119384,none,,False,False,False,0.6954470028501347,-0.9298384001070344,2026,2026-01
LINK,LINK/USDT:USDT,2026-01-22 14:00:00+00:00,short_pullback_restart,short,12.239,12.598614481629625,0.029382668651819904,False,True,0.020835035542119372,1.8202046140286994,0.6708860759493686,0.08227848101265788,0.0006540757092634575,0.010568904301874404,0.021278371161548737,0.017035067309290275,-0.01314304144492806,none,,False,False,False,0.570054907330275,-0.453263170218702,none,,False,False,False,0.8509112275271444,-0.7118734452514607,2026,2026-01
ZEC,ZEC/USDT:USDT,2026-01-23 07:00:00+00:00,short_pullback_restart,short,358.23,372.98921464364753,0.041200387024111634,False,True,0.03210228065767803,1.3391675599760524,0.5827338129496477,0.2422062350119906,-0.013765382815296046,-0.03982953174837156,0.018045924747073006,0.009582053377673816,-0.07548776711056049,stop,10.0,False,False,True,0.23036456085848867,-1.981812766209037,stop,10.0,False,False,True,2.2514748109786784,-1.981812766209037,2026,2026-01
ADA,ADA/USDT:USDT,2026-01-23 14:00:00+00:00,short_pullback_restart,short,0.3547,0.36550850691353637,0.030472249544788138,False,True,0.02114462926416692,4.735843197525473,0.5797101449275399,0.3623188405797125,-0.011702424073558038,-0.012252854358117404,0.002260525572195693,0.004815864022662986,-0.0434196332254585,stop,2.0,False,False,True,0.15728351876899754,-1.4895674424592995,stop,2.0,False,False,True,2.05393771568922,-1.4895674424592995,2026,2026-01
DOGE,DOGE/USDT:USDT,2026-01-23 14:00:00+00:00,short_pullback_restart,short,0.12296,0.12611353778714027,0.025646859036599443,False,True,0.014882888744307078,6.335349111941374,0.58139534883721,0.3953488372092998,-0.006223227996443925,-0.008626945093928917,0.002037323771493682,0.004411043947067483,-0.038097473206602506,stop,2.0,False,False,True,0.17123625478725868,-1.544297334840651,stop,2.0,False,False,True,1.7187046313832282,-1.544297334840651,2026,2026-01
LINK,LINK/USDT:USDT,2026-01-23 14:00:00+00:00,short_pullback_restart,short,12.111,12.41933484200487,0.025459073735023506,False,True,0.019816695566014238,4.80427473042583,0.5825688073394445,0.35321100917431175,-0.003373930217248078,-0.005501724421087206,0.00958652884294775,0.0045620437956206406,-0.030732292917166726,stop,3.0,False,False,True,0.1783775055792522,-1.2453993116805586,stop,3.0,False,False,True,2.45187989487111,-1.2453993116805586,2026,2026-01
ETH,ETH/USDT:USDT,2026-01-25 03:00:00+00:00,short_pullback_restart,short,2941.54,2969.606717148935,0.009541504500681586,False,True,0.0069011470182286086,2.940284846171656,0.6011428571428561,0.3451428571428551,0.00238196657068368,0.032231576066168666,-0.020723818908778613,0.05653071853168834,-0.002242084018791446,tp1,13.0,True,True,False,5.607709628625825,-0.23551026523424262,tp1,13.0,True,True,False,5.607709628625825,-3.329566457812331,2026,2026-01
TAO,TAO/USDT:USDT,2026-01-25 04:00:00+00:00,short_pullback_restart,short,235.56,240.11391874196653,0.01933230914402499,False,True,0.016471387332314465,1.273423461700027,0.677966101694921,0.04237288135594159,-0.00241392453309619,0.012464540531247348,-0.0005515719801434393,0.06883252416171337,-0.009294696555494864,tp1,12.0,True,True,False,3.3311969008584303,-0.48529631845070204,tp1,12.0,True,True,False,3.3311969008584303,-0.8410338912516626,2026,2026-01
TAO,TAO/USDT:USDT,2026-01-25 07:00:00+00:00,short_pullback_restart,short,234.69,240.10732779741272,0.023082908506594762,False,True,0.019344667433635828,2.1937140988736603,0.6884272997032611,0.31157270029673884,-0.0001278118609406853,0.0025202904741563614,-0.009621471072287613,0.06488497663233361,-0.012496844231254745,tp1,9.0,True,True,False,2.6396778143699526,-0.5482407768306818,tp1,9.0,True,True,False,2.6396778143699526,-0.8675864145131985,2026,2026-01
ETH,ETH/USDT:USDT,2026-01-25 08:00:00+00:00,short_pullback_restart,short,2927.89,2965.2558359730683,0.012762035449784126,False,True,0.010236040288398744,3.0877893969808237,0.4150275373721613,0.3674272226593167,-0.0011633063828336843,0.005719212431815945,-0.020582587926755047,0.051627965447264,-0.006484560570071296,tp1,8.0,True,True,False,3.846829496966183,-0.5114297459790201,tp1,8.0,True,True,False,3.846829496966183,-2.8662546203219597,2026,2026-01
NEAR,NEAR/USDT:USDT,2026-01-25 08:00:00+00:00,short_pullback_restart,short,1.486,1.5182530870613073,0.021704634630758654,False,True,0.016150740242261118,2.149609860284756,0.6666666666666666,0.16666666666666666,0.0006734006734006037,0.014334470989761039,0.012951601908657073,0.05539772727272729,-0.016545334215751106,tp1,8.0,True,True,False,2.4183731576371588,-0.7751196018067782,tp1,8.0,True,True,False,2.4183731576371588,-0.7751196018067782,2026,2026-01
DOGE,DOGE/USDT:USDT,2026-01-25 14:00:00+00:00,short_pullback_restart,short,0.12206,0.12402707763127971,0.016115661406518978,False,True,0.01335408815336725,4.037212803064667,0.6511627906976724,0.31395348837209247,0.031609195402299006,-0.005297041805883751,-0.02507987220447283,0.03845499404458064,-0.01021732079143689,tp1,2.0,True,True,False,2.297824919629356,-0.6405441147639347,tp1,2.0,True,True,False,2.297824919629356,-2.857030099185168,2026,2026-01
LINK,LINK/USDT:USDT,2026-01-25 14:00:00+00:00,short_pullback_restart,short,11.984,12.188394082553385,0.01705558098743201,False,True,0.014686248331108157,3.7755756391395274,0.6562500000000021,0.3187500000000007,0.04663755458515295,-0.0010003334444815826,0.01387478849407775,0.0553940995156319,-0.0035752889332334448,tp1,2.0,True,True,False,3.0773885043159828,-0.21037791046992857,tp1,2.0,True,True,False,3.0773885043159828,-0.9833944187082901,2026,2026-01
TAO,TAO/USDT:USDT,2026-01-25 14:00:00+00:00,short_pullback_restart,short,233.12,239.1268543190683,0.025767219968549596,False,True,0.022906657515442706,1.7118523313886682,0.5517241379310315,0.38620689655172497,0.04806006384030925,-0.0071127390434004845,-0.02280348759221995,0.05776124143563699,-0.01061030472795177,tp1,2.0,True,True,False,2.1192456690001027,-0.41619121543599763,tp1,2.0,True,True,False,2.1192456690001027,-1.5615494403158623,2026,2026-01
BNB,BNB/USDT:USDT,2026-01-25 16:00:00+00:00,short_pullback_restart,short,871.11,884.6543635285319,0.015548396331728373,False,True,0.008104602174237535,7.788609368007229,0.6946946946946881,0.29929929929929994,0.010017739747469445,-0.0027703685048022786,-0.03254073144456404,0.017616205039542976,-0.008840797378481646,tp1,3.0,True,False,False,1.1133782675157264,-0.5736703672809781,tp1,3.0,True,False,False,1.1133782675157264,-2.8698284654069077,2026,2026-01
NEAR,NEAR/USDT:USDT,2026-01-25 16:00:00+00:00,short_pullback_restart,short,1.462,1.5156349562121945,0.03668601656100855,False,True,0.026675786593707198,8.708700441858365,0.6341463414634163,0.36585365853658364,0.02812939521800284,0.00274348422496562,-0.004087193460490468,0.03835227272727271,-0.01681237390719581,tp1,4.0,True,False,False,1.0068060797208698,-0.466113925796701,tp1,4.0,True,False,False,1.0068060797208698,-0.8017159523703201,2026,2026-01
SOL,SOL/USDT:USDT,2026-01-27 13:00:00+00:00,short_pullback_restart,short,123.13,125.29851959618873,0.017611626705016894,False,True,0.013156826118736217,1.2013786946512381,0.8765432098765505,0.08641975308641109,-0.02114635503617146,-0.03245324532453253,0.0638500086400553,8.12215724494969e-05,-0.04029618082618869,stop,3.0,False,False,True,0.004611440919218047,-2.3841149552379055,stop,3.0,False,False,True,5.247819766074907,-2.3841149552379055,2026,2026-01
TAO,TAO/USDT:USDT,2026-01-29 01:00:00+00:00,short_pullback_restart,short,233.86,242.55756195930311,0.03719131941889635,False,True,0.028179252544257138,1.2374200163394606,0.8273542600896842,0.0739910313901372,0.02086607298760268,0.07304762778746454,0.17564850191031578,0.11691661094660444,-0.0031967946805336878,tp1,11.0,True,True,False,2.8145818465616883,-0.08623106147554185,tp1,11.0,True,True,False,6.422489458698359,-0.08623106147554185,2026,2026-01
ADA,ADA/USDT:USDT,2026-01-29 02:00:00+00:00,short_pullback_restart,short,0.3505,0.3624090949495694,0.03397744636111108,False,True,0.027389443651925815,2.442378651108687,0.562500000000006,0.20312499999999445,0.0025743707093819346,0.07979051139864435,0.18452179790469758,0.10463283958398972,-0.007082152974504208,tp1,12.0,True,True,False,2.7877853137110375,-0.209923592899928,tp1,12.0,True,True,False,6.860303015969641,-0.209923592899928,2026,2026-01
XRP,XRP/USDT:USDT,2026-01-29 02:00:00+00:00,short_pullback_restart,short,1.8734,1.935612456721164,0.033208314679814326,False,True,0.023219814241486118,1.9883450550747814,0.6591760299625504,0.17228464419475456,-0.002661839863713822,0.07253678364916705,0.12219959266802438,0.09921962095875148,-0.008205834083328978,tp1,13.0,True,True,False,2.7181051659461897,-0.24914624525231294,tp1,13.0,True,True,False,5.985939466578126,-0.24914624525231294,2026,2026-01
ZEC,ZEC/USDT:USDT,2026-01-29 11:00:00+00:00,short_compression_breakdown,short,361.62,374.2974930463762,0.035057499713445565,False,True,0.03122061832863232,1.3654844081742599,0.9623733719247399,0.017366136034732867,0.008759205534478953,0.0668830210945568,0.2061236742045227,0.11435703059998148,-0.011237798375851038,tp1,8.0,True,True,False,2.9272348929118737,-0.32419658878652213,tp1,8.0,True,True,False,7.030569819596744,-0.32419658878652213,2026,2026-01
ZEC,ZEC/USDT:USDT,2026-01-29 11:00:00+00:00,short_pullback_restart,short,361.62,374.2974930463762,0.035057499713445565,False,True,0.03122061832863232,1.3654844081742599,0.9623733719247399,0.017366136034732867,0.008759205534478953,0.0668830210945568,0.2061236742045227,0.11435703059998148,-0.011237798375851038,tp1,8.0,True,True,False,2.9272348929118737,-0.32419658878652213,tp1,8.0,True,True,False,7.030569819596744,-0.32419658878652213,2026,2026-01
BTC,BTC/USDT:USDT,2026-01-29 14:00:00+00:00,short_compression_breakdown,short,86978.7,88812.22183136856,0.021080124574965615,False,True,0.0123225571318034,2.7606828255350906,0.9455663668074273,0.0299247292087309,0.03316929239080468,0.047161497398310104,0.11255266732668723,0.07381111111111105,-0.00040223551004037184,tp1,1.0,True,True,False,3.2607738275673688,-0.0190889464206028,tp1,1.0,True,True,False,6.260465407947809,-0.0190889464206028,2026,2026-01
BTC,BTC/USDT:USDT,2026-01-29 14:00:00+00:00,short_pullback_restart,short,86978.7,88812.22183136856,0.021080124574965615,False,True,0.0123225571318034,2.7606828255350906,0.9455663668074273,0.0299247292087309,0.03316929239080468,0.047161497398310104,0.11255266732668723,0.07381111111111105,-0.00040223551004037184,tp1,1.0,True,True,False,3.2607738275673688,-0.0190889464206028,tp1,1.0,True,True,False,6.260465407947809,-0.0190889464206028,2026,2026-01
SOL,SOL/USDT:USDT,2026-01-29 14:00:00+00:00,short_compression_breakdown,short,120.3,124.8881370201626,0.0381391273496476,False,True,0.01961762261014131,3.897148118969335,0.9205776173285202,0.018050541516244488,0.02943693308232076,0.03457172342621262,0.16943715368912216,0.07651006711409392,-0.0006645622196378431,tp1,4.0,True,False,False,1.8635014522074977,-0.017436270897847567,tp1,4.0,True,True,False,5.4052439783328605,-0.017436270897847567,2026,2026-01
SOL,SOL/USDT:USDT,2026-01-29 14:00:00+00:00,short_pullback_restart,short,120.3,124.8881370201626,0.0381391273496476,False,True,0.01961762261014131,3.897148118969335,0.9205776173285202,0.018050541516244488,0.02943693308232076,0.03457172342621262,0.16943715368912216,0.07651006711409392,-0.0006645622196378431,tp1,4.0,True,False,False,1.8635014522074977,-0.017436270897847567,tp1,4.0,True,True,False,5.4052439783328605,-0.017436270897847567,2026,2026-01
XRP,XRP/USDT:USDT,2026-01-29 14:00:00+00:00,short_compression_breakdown,short,1.8255,1.8978970137926734,0.039658731192918927,False,True,0.017200766913174403,5.387357108261199,0.9230769230769272,0.033771106941834994,0.013434741575528708,0.036803544044982095,0.12978091347939102,0.07111424045062487,-0.008688569101276133,tp1,11.0,True,False,False,1.674102199119507,-0.22100359064283945,tp1,11.0,True,True,False,4.482229072725084,-0.22100359064283945,2026,2026-01
XRP,XRP/USDT:USDT,2026-01-29 14:00:00+00:00,short_pullback_restart,short,1.8255,1.8978970137926734,0.039658731192918927,False,True,0.017200766913174403,5.387357108261199,0.9230769230769272,0.033771106941834994,0.013434741575528708,0.036803544044982095,0.12978091347939102,0.07111424045062487,-0.008688569101276133,tp1,11.0,True,False,False,1.674102199119507,-0.22100359064283945,tp1,11.0,True,True,False,4.482229072725084,-0.22100359064283945,2026,2026-01
BNB,BNB/USDT:USDT,2026-01-31 08:00:00+00:00,short_pullback_restart,short,836.32,863.8905675643376,0.032966529037136,False,True,0.01982494738855945,1.8313152061184477,0.7671052631578903,0.23157894736842663,0.02974783293932237,0.0733886079523578,0.07252138451081747,0.11626913682412132,-0.006120241957526695,tp1,6.0,True,True,False,3.1595287183233927,-0.18679339799524047,tp1,6.0,True,True,False,3.909603955321762,-0.18679339799524047,2026,2026-01
LINK,LINK/USDT:USDT,2026-01-31 08:00:00+00:00,short_pullback_restart,short,10.461,10.925181524789698,0.044372576693403866,False,True,0.033935570213172776,2.499411256225935,0.5608856088560842,0.37638376383763844,0.037797619047619024,0.05072318200080361,0.08235902741852064,0.16791336384950317,-0.010499432463110026,tp1,6.0,True,True,False,3.2401117228467933,-0.2391305859281852,tp1,6.0,True,True,False,3.2401117228467933,-0.2391305859281852,2026,2026-01
TRX,TRX/USDT:USDT,2026-02-01 16:00:00+00:00,short_pullback_restart,short,0.28343,0.28772844716932394,0.015165815789873784,False,True,0.012172317679850433,1.8094726400971568,0.4779411764705666,0.30882352941178154,-0.005229538115962384,-0.0020421816133233683,0.0011303027091944529,0.009402044232344586,-0.011612498256381665,none,,False,False,False,0.614175281445941,-0.7746983663693027,none,,False,False,False,0.614175281445941,-0.9259157652101538,2026,2026-02
ETH,ETH/USDT:USDT,2026-02-03 14:00:00+00:00,short_pullback_restart,short,2255.66,2361.4050854930197,0.0468798868149543,False,True,0.04195224457586698,2.2846406669423334,0.8937096774193598,0.02677419354838475,-0.018821799706820075,0.039182533942071496,0.1402588211505409,0.07238756299324889,-0.041763488914472124,tp1,4.0,True,False,False,1.4398777899711508,-0.9296885953767501,tp1,4.0,True,True,False,4.914081799426046,-0.9296885953767501,2026,2026-02
SOL,SOL/USDT:USDT,2026-02-03 14:00:00+00:00,short_pullback_restart,short,100.79,105.32242795136627,0.044969024222306364,False,True,0.029566425240599305,2.7248888822283432,0.8854166666666671,0.031250000000001235,-0.0028690146418677287,0.08353042356482487,0.19845422116527955,0.0859821139963366,-0.01888445439501607,tp1,15.0,True,False,False,1.760645747847907,-0.4280266605043777,tp1,15.0,True,True,False,7.391182024173541,-0.4280266605043777,2026,2026-02
TAO,TAO/USDT:USDT,2026-02-03 14:00:00+00:00,short_pullback_restart,short,191.96,200.14432539160137,0.04263557715983206,False,True,0.031204417586997338,1.6431947264515545,0.8749999999999974,0.02403846153846019,-0.044737496889773465,0.02559170807287514,0.12152372049544291,0.041393153583247466,-0.05994123408423102,stop,6.0,False,False,True,0.9322698738041125,-1.4955417110566613,stop,6.0,False,False,True,6.101907928935439,-1.4955417110566613,2026,2026-02
BTC,BTC/USDT:USDT,2026-02-03 16:00:00+00:00,short_pullback_restart,short,76458.2,79200.62059686295,0.03586823384362899,False,True,0.026792417294678662,3.6150484533484297,0.9894163894768673,0.006168732990624185,0.010382899996696171,0.038705812188981836,0.09388520086986385,0.04896473002859136,-0.006423443033039877,tp1,2.0,True,False,False,1.3014050449017804,-0.18024222855000108,tp1,2.0,True,True,False,6.074268848131923,-0.18024222855000108,2026,2026-02
BNB,BNB/USDT:USDT,2026-02-03 17:00:00+00:00,short_pullback_restart,short,751.3,785.5427968360556,0.04557806047658142,False,True,0.027379209370424516,2.314544851278056,0.9012082444918279,0.017768301350390838,-0.005111499549764309,0.049272366693667635,0.13527154039106648,0.0506075988309489,-0.03179246620359044,tp1,24.0,True,False,False,1.0568646063949436,-0.7204434882498861,tp1,24.0,True,True,False,5.23613771557374,-0.7204434882498861,2026,2026-02
XRP,XRP/USDT:USDT,2026-02-03 17:00:00+00:00,short_compression_breakdown,short,1.5577,1.6291646786321785,0.045878332562225344,False,True,0.02991590164986838,2.2153994443316036,0.8656249999999941,0.02187500000000451,-0.01298948168799896,0.024196199618647052,0.04270700850123843,0.03556707884589816,-0.046928536465981385,stop,3.0,False,False,True,0.7486215711590795,-1.073257467437407,stop,3.0,False,False,True,6.1610855660063955,-1.073257467437407,2026,2026-02
XRP,XRP/USDT:USDT,2026-02-03 17:00:00+00:00,short_pullback_restart,short,1.5577,1.6291646786321785,0.045878332562225344,False,True,0.02991590164986838,2.2153994443316036,0.8656249999999941,0.02187500000000451,-0.01298948168799896,0.024196199618647052,0.04270700850123843,0.03556707884589816,-0.046928536465981385,stop,3.0,False,False,True,0.7486215711590795,-1.073257467437407,stop,3.0,False,False,True,6.1610855660063955,-1.073257467437407,2026,2026-02
NEAR,NEAR/USDT:USDT,2026-02-04 13:00:00+00:00,short_pullback_restart,short,1.16,1.20868722041999,0.041971741741370854,False,True,0.02844827586206909,1.5925737030733724,0.7916666666666713,0.12499999999999538,-0.016949152542372947,0.0507246376811592,0.0881801125703563,0.06813996316758741,-0.022746419545071728,tp1,21.0,True,False,False,1.5199060320481275,-0.5545603089905369,tp1,21.0,True,True,False,6.572566625072996,-0.5545603089905369,2026,2026-02
TRX,TRX/USDT:USDT,2026-02-05 02:00:00+00:00,short_pullback_restart,short,0.28135,0.28517931846815886,0.013610515259139403,False,True,0.011267105029322929,1.518739414409238,0.49152542372882874,0.3644067796610006,0.0037459864430966494,0.041844102943899175,0.013764277735740293,0.05592043535372482,-0.003047376067467633,tp1,10.0,True,True,False,3.8910318177750987,-0.22458304451588582,tp1,10.0,True,True,False,3.8910318177750987,-0.22458304451588582,2026,2026-02
DOGE,DOGE/USDT:USDT,2026-02-09 06:00:00+00:00,short_pullback_restart,short,0.09539,0.09923552390754758,0.040313700676670325,False,True,0.0364818115106405,1.241370944965569,0.6274509803921571,0.372549019607843,0.013816558614093033,0.02262006861063459,0.030018356548968894,0.03247104665007039,-0.016192244224422447,none,,False,False,False,0.7801277724764432,-0.4082668675960054,tp1,46.0,True,False,False,1.9659219866406341,-0.4082668675960054,2026,2026-02
BNB,BNB/USDT:USDT,2026-02-09 07:00:00+00:00,short_pullback_restart,short,631.85,654.5019544679997,0.03585020885969715,False,True,0.03100419403339405,1.2935339972626705,0.6068642745709837,0.15600624024961077,0.010491132114698765,0.0003324678614400334,0.026914138048725,0.025780476321898727,-0.019064474562588307,none,,False,False,False,0.7010432597519842,-0.5421165761810044,tp1,45.0,True,False,False,1.978637210458689,-0.5421165761810044,2026,2026-02
SOL,SOL/USDT:USDT,2026-02-09 07:00:00+00:00,short_pullback_restart,short,85.43,89.3527467604685,0.04591767248587731,False,True,0.04014983027039689,1.2140699054076292,0.6762589928057535,0.2230215827338145,0.020303356025319408,0.009930251802813705,0.05834985133795856,0.03151412702245859,-0.03643131062485894,none,,False,False,False,0.6653501129112647,-0.8234026301545467,tp1,47.0,True,False,False,1.9144748459630556,-0.8234026301545467,2026,2026-02
LINK,LINK/USDT:USDT,2026-02-09 08:00:00+00:00,short_pullback_restart,short,8.657,9.043518499597551,0.04464808820579317,False,True,0.035462631396557746,1.6035689888757232,0.45454545454545664,0.3636363636363584,0.003361149745016112,0.01085941148995806,0.02863593155893529,0.023528020808701866,-0.03960505879742615,none,,False,False,False,0.5148524590859207,-0.9236297884104196,tp1,48.0,True,False,False,1.3841510834722004,-0.9236297884104196,2026,2026-02
ADA,ADA/USDT:USDT,2026-02-10 06:00:00+00:00,short_pullback_restart,short,0.262,0.27386061978083803,0.045269541148236725,False,True,0.03435114503816797,1.3592327961424695,0.7142857142857126,0.14285714285714934,-0.0007627765064834868,0.025841816758026548,0.003062787136294043,0.02946954813359537,-0.015407741450582435,none,,False,False,False,0.6323446951833818,-0.34568176670024775,none,,False,False,False,0.9948889870885225,-0.6239134325809329,2026,2026-02
DOGE,DOGE/USDT:USDT,2026-02-10 06:00:00+00:00,short_pullback_restart,short,0.09328,0.09719178055488738,0.04193589788687152,False,True,0.029695540308747947,1.8149327155645842,0.7512690355329926,0.20304568527918665,0.00322650032265015,0.032200951643244435,0.008977825851811838,0.03483470157532742,-0.009345794392523255,none,,False,False,False,0.8027035146633904,-0.22496149455534273,tp1,28.0,True,False,False,1.3932274378711687,-0.32210395811333387,2026,2026-02
SOL,SOL/USDT:USDT,2026-02-10 18:00:00+00:00,short_compression_breakdown,short,82.89,86.20502969405362,0.03999311972558355,False,True,0.03426227530462062,1.6514927870978304,0.8722466960352401,0.101321585903085,-0.006353392471829311,0.039242728184553544,-0.02882249560632677,0.06378336755646807,-0.017192316812900232,tp1,21.0,True,False,False,1.4992324228392293,-0.4374018135044039,tp1,21.0,True,False,False,1.9155182867261769,-0.8084392139253771,2026,2026-02
SOL,SOL/USDT:USDT,2026-02-10 18:00:00+00:00,short_pullback_restart,short,82.89,86.20502969405362,0.03999311972558355,False,True,0.03426227530462062,1.6514927870978304,0.8722466960352401,0.101321585903085,-0.006353392471829311,0.039242728184553544,-0.02882249560632677,0.06378336755646807,-0.017192316812900232,tp1,21.0,True,False,False,1.4992324228392293,-0.4374018135044039,tp1,21.0,True,False,False,1.9155182867261769,-0.8084392139253771,2026,2026-02
SUI,SUI/USDT:USDT,2026-02-10 18:00:00+00:00,short_compression_breakdown,short,0.9186,0.9546427729925319,0.03923663508875669,False,True,0.033093838449814915,1.9330706116070484,0.7707509881422957,0.18577075098813947,-0.01596143545795392,0.031092154001571393,-0.058907898780862666,0.050909506921404946,-0.01984635083226638,tp1,21.0,True,False,False,1.234644182599947,-0.5160535235136876,tp1,21.0,True,False,False,1.234644182599947,-1.8450300706268878,2026,2026-02
SUI,SUI/USDT:USDT,2026-02-10 18:00:00+00:00,short_pullback_restart,short,0.9186,0.9546427729925319,0.03923663508875669,False,True,0.033093838449814915,1.9330706116070484,0.7707509881422957,0.18577075098813947,-0.01596143545795392,0.031092154001571393,-0.058907898780862666,0.050909506921404946,-0.01984635083226638,tp1,21.0,True,False,False,1.234644182599947,-0.5160535235136876,tp1,21.0,True,False,False,1.234644182599947,-1.8450300706268878,2026,2026-02
TAO,TAO/USDT:USDT,2026-02-10 18:00:00+00:00,short_compression_breakdown,short,153.63,159.74691914102743,0.03981591577834692,False,True,0.03098353186226661,2.179098827424846,0.7377450980392112,0.19852941176470584,0.0024141980947409714,0.03993772422662967,-0.06317458381608643,0.06873043478260876,-0.008774759661913767,tp1,12.0,True,False,False,1.6151921861665293,-0.22233414708365412,tp1,12.0,True,False,False,1.6151921861665293,-1.835891523345158,2026,2026-02
TAO,TAO/USDT:USDT,2026-02-10 18:00:00+00:00,short_pullback_restart,short,153.63,159.74691914102743,0.03981591577834692,False,True,0.03098353186226661,2.179098827424846,0.7377450980392112,0.19852941176470584,0.0024141980947409714,0.03993772422662967,-0.06317458381608643,0.06873043478260876,-0.008774759661913767,tp1,12.0,True,False,False,1.6151921861665293,-0.22233414708365412,tp1,12.0,True,False,False,1.6151921861665293,-1.835891523345158,2026,2026-02
BTC,BTC/USDT:USDT,2026-02-11 04:00:00+00:00,short_pullback_restart,short,67548.8,70092.43698299429,0.03765628675852547,False,True,0.029698529063432528,1.7613057786818407,0.6144628099173584,0.23636363636363936,0.01567978828977834,0.00834304872824121,-0.017666323461831612,0.027850605232925263,-0.018487062833927426,none,,False,False,False,0.7195602250779647,-0.5001892992223653,none,,False,False,False,0.9701856108000878,-0.7567510666298246,2026,2026-02
DOGE,DOGE/USDT:USDT,2026-02-11 04:00:00+00:00,short_pullback_restart,short,0.09185,0.09431035145409164,0.026786624432135423,False,True,0.022754491017964014,1.6824923763450512,0.6547619047619067,0.20833333333333506,0.024768492692178956,0.0004356823875395488,-0.0497620525553486,0.045770237959694704,-0.007456235141560352,tp1,6.0,True,False,False,1.6339129083833184,-0.2804477380060907,tp1,6.0,True,False,False,1.6339129083833184,-2.381773543066234,2026,2026-02
LINK,LINK/USDT:USDT,2026-02-11 04:00:00+00:00,short_pullback_restart,short,8.404,8.672856037074983,0.031991437062706164,False,True,0.024036173250832932,1.9547082069154464,0.7344632768361643,0.19774011299435154,0.023255813953488413,-0.0002379252914586072,-0.049428797647324885,0.03472051218911609,-0.018453632328895075,tp1,11.0,True,False,False,1.0488884797530198,-0.5876751056772218,tp1,11.0,True,False,False,1.0488884797530198,-1.8857675859389382,2026,2026-02
DOGE,DOGE/USDT:USDT,2026-02-11 06:00:00+00:00,short_compression_breakdown,short,0.09037,0.0942485581415382,0.04291864713442722,False,True,0.028881265906827498,2.36502487572454,0.8231292517006732,0.15646258503401914,0.0041111111111111764,-0.024187452758881234,-0.06362035022277479,0.02891950358647377,-0.027756858526089334,none,,False,False,False,0.6548825381260542,-0.6651956489626846,stop,31.0,False,False,True,0.6548825381260542,-1.8924558385217467,2026,2026-02
DOGE,DOGE/USDT:USDT,2026-02-11 06:00:00+00:00,short_pullback_restart,short,0.09037,0.0942485581415382,0.04291864713442722,False,True,0.028881265906827498,2.36502487572454,0.8231292517006732,0.15646258503401914,0.0041111111111111764,-0.024187452758881234,-0.06362035022277479,0.02891950358647377,-0.027756858526089334,none,,False,False,False,0.6548825381260542,-0.6651956489626846,stop,31.0,False,False,True,0.6548825381260542,-1.8924558385217467,2026,2026-02
LINK,LINK/USDT:USDT,2026-02-11 06:00:00+00:00,short_compression_breakdown,short,8.302,8.655706480947305,0.04260497240993807,False,True,0.0336063599132739,2.5576396437321742,0.5803571428571538,0.2678571428571369,0.003990809045833821,-0.019950419076850467,-0.05840988998525587,0.02216202905688247,-0.030366736743751455,none,,False,False,False,0.5088965277591722,-0.7350727623188048,stop,57.0,False,False,True,0.5088965277591722,-1.7217665855852018,2026,2026-02
LINK,LINK/USDT:USDT,2026-02-11 06:00:00+00:00,short_pullback_restart,short,8.302,8.655706480947305,0.04260497240993807,False,True,0.0336063599132739,2.5576396437321742,0.5803571428571538,0.2678571428571369,0.003990809045833821,-0.019950419076850467,-0.05840988998525587,0.02216202905688247,-0.030366736743751455,none,,False,False,False,0.5088965277591722,-0.7350727623188048,stop,57.0,False,False,True,0.5088965277591722,-1.7217665855852018,2026,2026-02
TRX,TRX/USDT:USDT,2026-02-12 15:00:00+00:00,short_pullback_restart,short,0.27724,0.27981826926301023,0.009299773708737004,False,True,0.006997547251478854,1.4132887246042265,0.7640449438202387,0.04494382022470158,-0.0060588678162980525,-0.0039877851625651495,-0.01179825343076113,0.004565548228132377,-0.011516383213891035,stop,7.0,False,False,True,0.48869992675973495,-1.252778383677754,stop,7.0,False,False,True,0.48869992675973495,-2.544342475828499,2026,2026-02
ETH,ETH/USDT:USDT,2026-02-17 14:00:00+00:00,short_pullback_restart,short,1947.55,2012.5732144874542,0.03338718620187117,False,True,0.024877410079330465,5.664365703474134,0.6893442622950812,0.0839344262295064,-0.023128316764142398,-0.013219229444072944,0.002527488366346642,0.0038865779042376314,-0.04450833304714297,stop,5.0,False,False,True,0.11595858585943575,-1.3951940197835628,stop,5.0,False,False,True,0.6466921134468556,-1.3951940197835628,2026,2026-02
TRX,TRX/USDT:USDT,2026-02-18 12:00:00+00:00,short_pullback_restart,short,0.27942,0.2822704858473278,0.010201438148048733,False,True,0.007801875313148521,1.3952653834069535,0.639534883720904,0.3488372093023406,0.0,-0.0016078893772109026,-0.02321191358456265,0.005433413695081102,-0.005693544943420337,none,,False,False,False,0.5297342561499049,-0.5613078210859843,stop,28.0,False,False,True,0.5297342561499049,-3.094209363736505,2026,2026-02
BNB,BNB/USDT:USDT,2026-02-19 13:00:00+00:00,short_pullback_restart,short,598.02,615.4861188700992,0.02920657983027189,False,True,0.020333768101401237,2.7777959931825094,0.6694677871148504,0.25770308123249125,-0.010490436163875905,-0.010130102294170218,-0.03501581359323569,0.003742929555715868,-0.028162834159421557,none,,False,False,False,0.1276757599433052,-0.9922066905011061,stop,26.0,False,False,True,0.1276757599433052,-2.124112418787708,2026,2026-02
LINK,LINK/USDT:USDT,2026-02-19 13:00:00+00:00,short_compression_breakdown,short,8.395,8.763122553367287,0.043850214814447605,False,True,0.0237045860631328,3.9695400754120915,0.7878787878787963,0.1868686868686833,-0.013397579033964102,-0.011887947269303312,-0.03704978206010556,0.006836171743823449,-0.037822349570200586,none,,False,False,False,0.15483973877343415,-0.8964405928988234,stop,26.0,False,False,True,0.15483973877343415,-1.7983141590879446,2026,2026-02
LINK,LINK/USDT:USDT,2026-02-19 13:00:00+00:00,short_pullback_restart,short,8.395,8.763122553367287,0.043850214814447605,False,True,0.0237045860631328,3.9695400754120915,0.7878787878787963,0.1868686868686833,-0.013397579033964102,-0.011887947269303312,-0.03704978206010556,0.006836171743823449,-0.037822349570200586,none,,False,False,False,0.15483973877343415,-0.8964405928988234,stop,26.0,False,False,True,0.15483973877343415,-1.7983141590879446,2026,2026-02
ADA,ADA/USDT:USDT,2026-02-22 12:00:00+00:00,short_compression_breakdown,short,0.273,0.280380623250711,0.02703525000260433,False,True,0.01941391941391951,1.4419651313317017,0.7878787878787925,0.1212121212121258,0.01223581757508363,-0.002192982456140302,-0.013015184381778733,0.06267029972752036,-0.008354522339266146,tp1,13.0,True,True,False,2.181387594665406,-0.3116267992379109,tp1,13.0,True,True,False,2.6556022891578865,-0.7045475461031101,2026,2026-02
ADA,ADA/USDT:USDT,2026-02-22 12:00:00+00:00,short_pullback_restart,short,0.273,0.280380623250711,0.02703525000260433,False,True,0.01941391941391951,1.4419651313317017,0.7878787878787925,0.1212121212121258,0.01223581757508363,-0.002192982456140302,-0.013015184381778733,0.06267029972752036,-0.008354522339266146,tp1,13.0,True,True,False,2.181387594665406,-0.3116267992379109,tp1,13.0,True,True,False,2.6556022891578865,-0.7045475461031101,2026,2026-02
SUI,SUI/USDT:USDT,2026-02-22 12:00:00+00:00,short_compression_breakdown,short,0.926,0.950178174617617,0.026110339759845523,False,True,0.021058315334773176,2.064391507923742,0.7983193277310945,0.17647058823529466,0.0056472632493485,0.016577011746624182,0.021511307225593024,0.0761185357350378,-0.002799913848804625,tp1,13.0,True,True,False,2.7090547998720593,-0.10753499968957526,tp1,13.0,True,True,False,3.5362471051765056,-0.10753499968957526,2026,2026-02
SUI,SUI/USDT:USDT,2026-02-22 12:00:00+00:00,short_pullback_restart,short,0.926,0.950178174617617,0.026110339759845523,False,True,0.021058315334773176,2.064391507923742,0.7983193277310945,0.17647058823529466,0.0056472632493485,0.016577011746624182,0.021511307225593024,0.0761185357350378,-0.002799913848804625,tp1,13.0,True,True,False,2.7090547998720593,-0.10753499968957526,tp1,13.0,True,True,False,3.5362471051765056,-0.10753499968957526,2026,2026-02
TAO,TAO/USDT:USDT,2026-02-22 12:00:00+00:00,short_compression_breakdown,short,175.05,182.3628121415338,0.041775562076742545,False,True,0.028620394173093512,2.3495287383664865,0.8032786885245903,0.14207650273224337,0.008759292341381952,0.0072501294665976435,-0.01839286715639543,0.06084479728501324,-0.015743604160809554,tp1,13.0,True,False,False,1.3729328479500964,-0.3828896388705417,tp1,13.0,True,False,False,1.6464254471433422,-0.6304004411404295,2026,2026-02
TAO,TAO/USDT:USDT,2026-02-22 12:00:00+00:00,short_pullback_restart,short,175.05,182.3628121415338,0.041775562076742545,False,True,0.028620394173093512,2.3495287383664865,0.8032786885245903,0.14207650273224337,0.008759292341381952,0.0072501294665976435,-0.01839286715639543,0.06084479728501324,-0.015743604160809554,tp1,13.0,True,False,False,1.3729328479500964,-0.3828896388705417,tp1,13.0,True,False,False,1.6464254471433422,-0.6304004411404295,2026,2026-02
XRP,XRP/USDT:USDT,2026-02-22 12:00:00+00:00,short_pullback_restart,short,1.408,1.434576731490813,0.018875519524725277,False,True,0.012286931818181884,2.293964513490746,0.8622754491017995,0.11377245508982003,0.013460015835312644,-0.002974082991077709,0.006217394411491384,0.05944319036869827,-0.011721765985821642,tp1,8.0,True,True,False,2.9725250461031294,-0.6283692186066172,tp1,8.0,True,True,False,3.6309957841639435,-0.6283692186066172,2026,2026-02
LINK,LINK/USDT:USDT,2026-02-24 13:00:00+00:00,short_compression_breakdown,short,8.093,8.342414543102565,0.030818552218283134,False,True,0.027678240454713975,1.3942617685385748,0.5252525252525202,0.38383838383838564,-0.01616824702163877,-0.08913899831176142,-0.08377674629231291,0.0053416149068321594,-0.09847387768742344,stop,12.0,False,False,True,0.1724037398345156,-3.5443001398538247,stop,12.0,False,False,True,0.1724037398345156,-5.998046390521857,2026,2026-02
LINK,LINK/USDT:USDT,2026-02-24 13:00:00+00:00,short_pullback_restart,short,8.093,8.342414543102565,0.030818552218283134,False,True,0.027678240454713975,1.3942617685385748,0.5252525252525202,0.38383838383838564,-0.01616824702163877,-0.08913899831176142,-0.08377674629231291,0.0053416149068321594,-0.09847387768742344,stop,12.0,False,False,True,0.1724037398345156,-3.5443001398538247,stop,12.0,False,False,True,0.1724037398345156,-5.998046390521857,2026,2026-02
NEAR,NEAR/USDT:USDT,2026-02-24 13:00:00+00:00,short_compression_breakdown,short,0.964,0.9941838420498723,0.031311039470821936,False,True,0.028008298755186747,1.7040745507229147,0.5,0.14285714285714285,-0.012295081967213073,-0.099906629318394,-0.13309352517985618,0.013669821240799074,-0.11802378774016464,stop,12.0,False,False,True,0.4306940110049705,-4.273809801510858,stop,12.0,False,False,True,0.4306940110049705,-9.87283194457547,2026,2026-02
NEAR,NEAR/USDT:USDT,2026-02-24 13:00:00+00:00,short_pullback_restart,short,0.964,0.9941838420498723,0.031311039470821936,False,True,0.028008298755186747,1.7040745507229147,0.5,0.14285714285714285,-0.012295081967213073,-0.099906629318394,-0.13309352517985618,0.013669821240799074,-0.11802378774016464,stop,12.0,False,False,True,0.4306940110049705,-4.273809801510858,stop,12.0,False,False,True,0.4306940110049705,-9.87283194457547,2026,2026-02
XRP,XRP/USDT:USDT,2026-03-06 12:00:00+00:00,short_compression_breakdown,short,1.3882,1.416476414403299,0.02036912145461675,False,True,0.016784325025212415,1.8120967091750806,0.4833333333333167,0.3833333333333463,0.02269043760129663,0.018264505244627083,0.02525849335302799,0.03257958940791439,-0.00594343000358033,tp1,2.0,True,False,False,1.5489941325407215,-0.29353085160018105,tp1,2.0,True,True,False,2.387148491929195,-0.29353085160018105,2026,2026-03
ZEC,ZEC/USDT:USDT,2026-03-06 12:00:00+00:00,short_compression_breakdown,short,221.24,230.2765513342673,0.04084501597481152,False,True,0.033357439884288534,1.7929605312630665,0.6300940438871393,0.25705329153605483,0.051820861462394285,0.06069613577524202,0.06570327552986521,0.07832529122191367,-0.0025697669176322213,tp1,3.0,True,False,False,1.778333282859949,-0.06307716062415417,tp1,3.0,True,True,False,3.307677773782441,-0.06307716062415417,2026,2026-03
ZEC,ZEC/USDT:USDT,2026-03-06 12:00:00+00:00,short_pullback_restart,short,221.24,230.2765513342673,0.04084501597481152,False,True,0.033357439884288534,1.7929605312630665,0.6300940438871393,0.25705329153605483,0.051820861462394285,0.06069613577524202,0.06570327552986521,0.07832529122191367,-0.0025697669176322213,tp1,3.0,True,False,False,1.778333282859949,-0.06307716062415417,tp1,3.0,True,True,False,3.307677773782441,-0.06307716062415417,2026,2026-03
XRP,XRP/USDT:USDT,2026-03-06 13:00:00+00:00,short_compression_breakdown,short,1.3715,1.416463813374492,0.03278440639773392,False,True,0.022092599343784176,3.2050250330999894,0.6498054474708219,0.027237354085600053,0.0067532848858546934,0.006975036710719307,0.0031451141018139506,0.020157691163344094,-0.0019647795080774966,none,,False,False,False,0.6027068872982582,-0.060048287664405585,tp1,57.0,True,False,False,1.1297974123524575,-0.060048287664405585,2026,2026-03
LINK,LINK/USDT:USDT,2026-03-07 18:00:00+00:00,short_pullback_restart,short,8.708,8.83313240709355,0.014369821668988363,False,True,0.011139182361047259,2.1931183878185116,0.6704545454545299,0.31818181818182,0.00542662510102776,0.02003045566358197,-0.028233456087490283,0.024952919020715614,-0.0074090960902769565,tp1,8.0,True,False,False,1.6942054014952792,-0.5194497693263794,tp1,8.0,True,True,False,2.573274241893784,-3.7720044788008114,2026,2026-03
BTC,BTC/USDT:USDT,2026-03-07 19:00:00+00:00,short_pullback_restart,short,67042.6,68290.61277292226,0.01861522036618894,False,True,0.012165399313272542,2.7081473128012172,0.7103157282118513,0.2800814782482224,-0.003325587998745272,-0.0038098634452219393,-0.04231971339271923,0.008038130751187866,-0.016561148630808153,none,,False,False,False,0.42836100046333997,-0.9046381771850085,tp1,27.0,True,False,False,1.1805968912882192,-3.770394103404834,2026,2026-03
ETH,ETH/USDT:USDT,2026-03-07 19:00:00+00:00,short_pullback_restart,short,1954.01,1996.605261399307,0.021798896320544416,False,True,0.015040864683394595,2.745601477885675,0.6951323654995697,0.3048676345004303,-0.007133965092350314,-0.0046811328443358,-0.0401947107827727,0.016199827340524164,-0.01264255721237173,none,,False,False,False,0.7313020034784172,-0.587389281766611,tp1,27.0,True,False,False,1.1123303025620295,-3.1456550704999304,2026,2026-03
LINK,LINK/USDT:USDT,2026-03-07 19:00:00+00:00,short_pullback_restart,short,8.655,8.833451520872584,0.020618315525428654,False,True,0.016175621028307403,2.3788099914000997,0.6883116883116994,0.25974025974025433,-0.004027617951668616,0.0018520662113670205,-0.03479424556707944,0.018714689265536544,-0.013450359056195182,none,,False,False,False,0.8909982903061133,-0.661244014189449,tp1,27.0,True,False,False,1.5074122018386555,-2.9419754868598305,2026,2026-03
SOL,SOL/USDT:USDT,2026-03-07 19:00:00+00:00,short_compression_breakdown,short,82.47,85.0049657974329,0.030738035618199388,False,True,0.024493755304959505,2.5834899507647804,0.7747747747747746,0.22522522522522534,-0.00554684673821304,0.0003639010189229186,-0.04071187623589623,0.016767352977438144,-0.019031759248245406,none,,False,False,False,0.5364963903565237,-0.6311722239488495,stop,42.0,False,False,True,0.9033652455267909,-2.489185458198285,2026,2026-03
SOL,SOL/USDT:USDT,2026-03-07 19:00:00+00:00,short_pullback_restart,short,82.47,85.0049657974329,0.030738035618199388,False,True,0.024493755304959505,2.5834899507647804,0.7747747747747746,0.22522522522522534,-0.00554684673821304,0.0003639010189229186,-0.04071187623589623,0.016767352977438144,-0.019031759248245406,none,,False,False,False,0.5364963903565237,-0.6311722239488495,stop,42.0,False,False,True,0.9033652455267909,-2.489185458198285,2026,2026-03
SUI,SUI/USDT:USDT,2026-03-07 19:00:00+00:00,short_pullback_restart,short,0.8905,0.9152602546331415,0.027804890098979875,False,True,0.022459292532285253,1.7863499502527083,0.7043478260869521,0.28695652173912617,-0.0003367759317468577,-0.0010096477451200236,-0.07316819317235645,0.01981218506642235,-0.021751071075469697,none,,False,False,False,0.6987004074200412,-0.7996686743882577,tp1,27.0,True,False,False,1.0541087071481563,-4.834360622438095,2026,2026-03
LINK,LINK/USDT:USDT,2026-03-08 02:00:00+00:00,short_pullback_restart,short,8.593,8.817472394181577,0.02612270384982855,False,True,0.019783544745723254,1.8705611986251194,0.8275862068965549,0.16379310344827744,-0.004518072289156572,-0.0013945380592679246,-0.041815343443354136,0.024683997138087443,-0.0205174968653824,none,,False,False,False,0.9221623921940153,-0.80188034103827,stop,27.0,False,False,True,0.9221623921940153,-2.6150208899414724,2026,2026-03
SUI,SUI/USDT:USDT,2026-03-08 02:00:00+00:00,short_pullback_restart,short,0.8786,0.9077954980972078,0.033229567604379444,False,True,0.02287730480309584,3.282396130862997,0.7530864197530861,0.24074074074074175,-0.018214325622974648,-0.012254075323215208,-0.07574163686092994,0.016427579824155547,-0.03482368449961548,stop,8.0,False,False,True,0.48637635681777147,-1.0857838388114944,stop,8.0,False,False,True,0.48637635681777147,-4.507544264592834,2026,2026-03
NEAR,NEAR/USDT:USDT,2026-03-15 01:00:00+00:00,long_pullback_restart,long,1.344,1.2958064466484098,0.03585829862469513,True,False,0.021577380952380886,2.215222667331268,0.7741935483870995,0.9032258064516161,-0.00520833333333337,0.015625,0.078125,0.024553571428571397,-0.014880952380952439,none,,False,False,False,0.6847388852872582,-0.4149932638104609,tp1,26.0,True,True,False,3.4236944264362954,-0.4149932638104609,2026,2026-03
NEAR,NEAR/USDT:USDT,2026-03-16 01:00:00+00:00,long_pullback_restart,long,1.365,1.320845967691764,0.03234727641629003,True,False,0.027838827838827865,1.247723094859411,0.5789473684210502,0.7894736842105251,0.02051282051282044,0.07912087912087928,0.00879120879120876,0.10549450549450534,-0.00805860805860803,tp1,4.0,True,True,False,3.2613102919965957,-0.2491278695275156,tp1,4.0,True,True,False,3.2613102919965957,-0.2491278695275156,2026,2026-03
TRX,TRX/USDT:USDT,2026-03-17 07:00:00+00:00,long_pullback_restart,long,0.2987,0.29473799130832556,0.013264173725056767,True,False,0.007800468697689985,2.2880461636269516,0.9069767441860502,0.9127906976744282,0.012387010378305918,0.009943086709072624,0.01811181787746885,0.03548711081352529,0.0,tp1,2.0,True,True,False,2.6754105871282525,0.0,tp1,2.0,True,True,False,2.6754105871282525,-0.10095889008031432,2026,2026-03
ADA,ADA/USDT:USDT,2026-03-20 13:00:00+00:00,short_pullback_restart,short,0.2658,0.2733992661893149,0.028590166250244343,False,True,0.0237020316027087,1.888333650320144,0.38709677419356053,0.12903225806450228,0.007199696854869098,0.006056018168054456,0.009878419452887588,0.01644359464627132,-0.0067264573991032695,none,,False,False,False,0.5658441082174547,-0.23686497553289274,tp1,34.0,True,True,False,2.408127251251042,-0.23686497553289274,2026,2026-03
ADA,ADA/USDT:USDT,2026-03-21 14:00:00+00:00,short_pullback_restart,short,0.2631,0.267430586196289,0.016459848712615015,False,True,0.013302926643861662,2.541986870866932,0.4,0.07999999999999112,-0.010530274539300555,0.030148786217697676,0.0076599004212944966,0.04404761904761911,-0.011645379413974477,tp1,9.0,True,True,False,2.563163391023569,-0.715838424520094,tp1,9.0,True,True,False,3.602283684681774,-1.2007612282272537,2026,2026-03
ZEC,ZEC/USDT:USDT,2026-03-21 22:00:00+00:00,short_pullback_restart,short,228.36,235.7501175522068,0.03236169886235238,False,True,0.020187423366614176,2.033730146263273,0.6649874055415584,0.33501259445844156,0.034051802209744686,0.0457480423135046,-0.046234807668211975,0.06980230488147665,-4.378858869369395e-05,tp1,1.0,True,True,False,2.0162060880277424,-0.0013531584483395356,tp1,1.0,True,True,False,2.0162060880277424,-1.8186449545699896,2026,2026-03
BNB,BNB/USDT:USDT,2026-03-21 23:00:00+00:00,short_pullback_restart,short,630.29,646.7412352361108,0.02610105703106641,False,True,0.009233844738136493,9.790265234087526,0.7998652291105168,0.20013477088948314,-0.004894298931148344,0.006724380270891839,-0.01256442794253576,0.014045305360705251,-0.01132531254411695,none,,False,False,False,0.530659240762509,-0.43887281996624533,stop,36.0,False,False,True,0.6254849470156,-1.2394206092952496,2026,2026-03
LINK,LINK/USDT:USDT,2026-03-21 23:00:00+00:00,short_pullback_restart,short,8.819,9.149108753526344,0.03743154025698409,False,True,0.011565937181086325,8.220561475570433,0.8057324840764277,0.19426751592357233,-0.007986501687289094,0.015428900402993717,-0.046182132814189925,0.02917493289765427,-0.016614629794825975,none,,False,False,False,0.7573261760841188,-0.4513664009461322,stop,36.0,False,False,True,0.7573261760841188,-1.41468529692513,2026,2026-03
SUI,SUI/USDT:USDT,2026-03-21 23:00:00+00:00,short_pullback_restart,short,0.9323,0.9690559038101973,0.039424974589936,False,True,0.01147699238442554,8.852157863615878,0.7746478873239433,0.22253521126760628,-0.005016008537886862,0.030393457117595002,-0.02089897080445291,0.04412588195766598,-0.014690340308602834,tp1,22.0,True,False,False,1.0719366391711227,-0.37817054021519375,tp1,22.0,True,False,False,1.1426735747509442,-1.050171428223485,2026,2026-03
XRP,XRP/USDT:USDT,2026-03-21 23:00:00+00:00,short_pullback_restart,short,1.4081,1.447442905969009,0.027940420402676754,False,True,0.00923229884241169,7.910666208894783,0.7587939698492453,0.22613065326632875,-0.002055279943302679,0.017339787587601796,-0.004946646880079175,0.027285328664186093,-0.01234481307427937,none,,False,False,False,0.9506161041957677,-0.4473487549156584,tp1,31.0,True,False,False,1.202249778835825,-1.4640504706330613,2026,2026-03
LINK,LINK/USDT:USDT,2026-03-22 19:00:00+00:00,short_compression_breakdown,short,8.703,8.911512567949885,0.023958700212557183,False,True,0.021486843617143446,1.3347910343815828,0.7160493827160516,0.2592592592592487,0.0021879318286504024,-0.04593290944968209,-0.06879948641129907,0.015637764033142654,-0.06278268360973516,stop,16.0,False,False,True,0.6426471138766309,-2.79599453276179,stop,16.0,False,False,True,0.6426471138766309,-3.7887404474816746,2026,2026-03
LINK,LINK/USDT:USDT,2026-03-22 19:00:00+00:00,short_pullback_restart,short,8.703,8.911512567949885,0.023958700212557183,False,True,0.021486843617143446,1.3347910343815828,0.7160493827160516,0.2592592592592487,0.0021879318286504024,-0.04593290944968209,-0.06879948641129907,0.015637764033142654,-0.06278268360973516,stop,16.0,False,False,True,0.6426471138766309,-2.79599453276179,stop,16.0,False,False,True,0.6426471138766309,-3.7887404474816746,2026,2026-03
XRP,XRP/USDT:USDT,2026-03-24 16:00:00+00:00,short_compression_breakdown,short,1.39,1.4353150551743703,0.03260075911825209,False,True,0.02748201438848922,1.563647866176043,0.6688741721854253,0.12582781456953632,-0.0144639818491209,-0.017528979361040586,0.04542719614921786,0.00535223491971637,-0.032841636515446804,stop,19.0,False,False,True,0.16330113626751566,-1.041596436733367,stop,19.0,False,False,True,1.4344018726200976,-1.041596436733367,2026,2026-03
XRP,XRP/USDT:USDT,2026-03-24 16:00:00+00:00,short_pullback_restart,short,1.39,1.4353150551743703,0.03260075911825209,False,True,0.02748201438848922,1.563647866176043,0.6688741721854253,0.12582781456953632,-0.0144639818491209,-0.017528979361040586,0.04542719614921786,0.00535223491971637,-0.032841636515446804,stop,19.0,False,False,True,0.16330113626751566,-1.041596436733367,stop,19.0,False,False,True,1.4344018726200976,-1.041596436733367,2026,2026-03
XRP,XRP/USDT:USDT,2026-03-26 05:00:00+00:00,short_pullback_restart,short,1.388,1.4236563297869942,0.025688998405615483,False,True,0.01902017291066281,1.2230332474677608,0.8888888888888873,0.06535947712417542,0.012769062385990404,0.019538710151314698,0.041494709987243805,0.0397782605438608,-0.0030168079298952266,tp1,10.0,True,False,False,1.489216650093029,-0.11779114746499122,tp1,10.0,True,False,False,1.9828176489939224,-0.11779114746499122,2026,2026-03
ADA,ADA/USDT:USDT,2026-03-27 08:00:00+00:00,short_compression_breakdown,short,0.2521,0.2578055176443101,0.022631962095637045,False,True,0.019833399444664834,2.085459270682622,0.49019607843137364,0.39215686274509887,0.018585858585858483,0.01694231544977809,0.006789137380191601,0.03362033620336202,0.0,tp1,2.0,True,False,False,1.4372052653587954,0.0,tp1,2.0,True,True,False,3.4527980155571116,-0.12268825435990335,2026,2026-03
ADA,ADA/USDT:USDT,2026-03-27 08:00:00+00:00,short_pullback_restart,short,0.2521,0.2578055176443101,0.022631962095637045,False,True,0.019833399444664834,2.085459270682622,0.49019607843137364,0.39215686274509887,0.018585858585858483,0.01694231544977809,0.006789137380191601,0.03362033620336202,0.0,tp1,2.0,True,False,False,1.4372052653587954,0.0,tp1,2.0,True,True,False,3.4527980155571116,-0.12268825435990335,2026,2026-03
BTC,BTC/USDT:USDT,2026-03-27 08:00:00+00:00,short_compression_breakdown,short,67876.6,69558.41066052092,0.024777473540526743,False,True,0.017817627871755636,2.4195587160704792,0.5898669685819422,0.2987074252288023,0.025904323735276957,0.022624516195128175,0.003586953307508134,0.03626814857788441,-0.0005227345347883494,tp1,3.0,True,False,False,1.4125252359050908,-0.021108202506579642,tp1,3.0,True,False,False,1.7590565153652225,-0.025805520810857286,2026,2026-03
BTC,BTC/USDT:USDT,2026-03-27 08:00:00+00:00,short_pullback_restart,short,67876.6,69558.41066052092,0.024777473540526743,False,True,0.017817627871755636,2.4195587160704792,0.5898669685819422,0.2987074252288023,0.025904323735276957,0.022624516195128175,0.003586953307508134,0.03626814857788441,-0.0005227345347883494,tp1,3.0,True,False,False,1.4125252359050908,-0.021108202506579642,tp1,3.0,True,False,False,1.7590565153652225,-0.025805520810857286,2026,2026-03
ADA,ADA/USDT:USDT,2026-03-27 10:00:00+00:00,short_compression_breakdown,short,0.2459,0.25645159429534903,0.04291010286843847,False,True,0.025620170801138674,4.103457365615613,0.7777777777777802,0.12698412698412623,-0.004453441295546479,-0.009266720386784888,-0.012053033346725583,0.00820008200082012,-0.015612489991993495,none,,False,False,False,0.18954481607405724,-0.36961239134441004,tp1,60.0,True,False,False,1.2794275084998865,-0.6539296154554985,2026,2026-03
ADA,ADA/USDT:USDT,2026-03-27 10:00:00+00:00,short_pullback_restart,short,0.2459,0.25645159429534903,0.04291010286843847,False,True,0.025620170801138674,4.103457365615613,0.7777777777777802,0.12698412698412623,-0.004453441295546479,-0.009266720386784888,-0.012053033346725583,0.00820008200082012,-0.015612489991993495,none,,False,False,False,0.18954481607405724,-0.36961239134441004,tp1,60.0,True,False,False,1.2794275084998865,-0.6539296154554985,2026,2026-03
DOGE,DOGE/USDT:USDT,2026-03-27 10:00:00+00:00,short_pullback_restart,short,0.08955,0.09281446697611724,0.03645412591979046,False,True,0.019542155220547197,3.912004090846272,0.7741935483870949,0.17204301075268857,-0.005331556147950667,-0.016906356350861795,-0.0341889559965487,0.004148912312177622,-0.02789839339991307,none,,False,False,False,0.11334162750210694,-0.7872648180551522,stop,28.0,False,False,True,0.5176955418339384,-1.767516731586866,2026,2026-03
ETH,ETH/USDT:USDT,2026-03-27 10:00:00+00:00,short_pullback_restart,short,1989.7,2080.0241827963537,0.04539588018110952,False,True,0.022279740664421736,4.02566398872407,0.8048741382074708,0.13387846721180247,0.0019185352663038113,-0.0029964723803415083,-0.032764571484128036,0.011951988607466157,-0.009833487603634783,none,,False,False,False,0.26017395643626784,-0.21876754805024043,none,,False,False,False,0.588546703155405,-0.9443761057027078,2026,2026-03
ZEC,ZEC/USDT:USDT,2026-03-28 01:00:00+00:00,short_pullback_restart,short,210.83,220.12365087708343,0.04408125445659262,False,True,0.030213916425556157,2.296072634039495,0.6373429084380587,0.36086175942549764,-0.04549981890619337,-0.014997196785647482,-0.08014834205933674,0.0008544979824354204,-0.05749027672224949,stop,6.0,False,False,True,0.019368061312035778,-1.38374038040428,stop,6.0,False,False,True,0.6197779619851236,-2.2499231224147374,2026,2026-03
NEAR,NEAR/USDT:USDT,2026-03-29 10:00:00+00:00,short_pullback_restart,short,1.158,1.1827216778550056,0.021348599183942725,False,True,0.01813471502590685,1.5241511923311966,0.4,0.4,0.006081668114682692,-0.03338898163606008,-0.038205980066445266,0.025686448184233823,-0.05392156862745101,tp1,12.0,True,False,False,1.173059537871454,-2.669721706879871,tp1,12.0,True,False,False,1.173059537871454,-2.791072693556233,2026,2026-03
BNB,BNB/USDT:USDT,2026-03-29 13:00:00+00:00,short_pullback_restart,short,610.06,615.5325066247362,0.008970439997272888,False,True,0.006917352391568088,1.7683735612633997,0.8537414965986923,0.11224489795916118,0.001707661488949297,-0.011360137423631178,-0.002110084239797305,0.023573429976007088,-0.018801769199839224,tp1,9.0,True,True,False,2.5673792584357042,-2.13613263566645,tp1,9.0,True,True,False,2.5673792584357042,-2.3024184097003584,2026,2026-03
ETH,ETH/USDT:USDT,2026-03-29 13:00:00+00:00,short_pullback_restart,short,1986.12,2021.2079599068888,0.017666586060705775,False,True,0.014399935552735943,3.0184675625714985,0.7690677966101854,0.20709745762711224,-0.004471088298981463,-0.03584535622050922,-0.06252301069584343,0.02560236297726859,-0.04833276632854011,tp1,9.0,True,False,False,1.4130203104303507,-2.87477528667022,tp1,9.0,True,False,False,1.4130203104303507,-4.898261410925062,2026,2026-03
LINK,LINK/USDT:USDT,2026-03-29 13:00:00+00:00,short_pullback_restart,short,8.427,8.604850372658037,0.021104826469447866,False,True,0.017206597840275256,1.6731652337538285,0.7159090909090899,0.2613636363636299,0.0015450439743285305,-0.04704285875834002,-0.05833053972510893,0.029692082111437035,-0.056009857734961366,tp1,9.0,True,False,False,1.366317069614636,-2.81135199509184,tp1,9.0,True,False,False,1.366317069614636,-4.306991256480699,2026,2026-03
XRP,XRP/USDT:USDT,2026-03-29 13:00:00+00:00,short_pullback_restart,short,1.3259,1.3438030344918805,0.013502552599653416,False,True,0.011388490836413087,1.8707058297247243,0.7884615384615397,0.19230769230769312,0.0066813453800016465,-0.0144205753363561,-0.015152640570452292,0.024889850815490444,-0.029568908731610888,tp1,9.0,True,False,False,1.798577778231038,-2.256600690699811,tp1,9.0,True,False,False,1.798577778231038,-2.2957002076178723,2026,2026-03
BNB,BNB/USDT:USDT,2026-04-01 13:00:00+00:00,short_pullback_restart,short,611.35,623.408193123265,0.019723878503745854,False,True,0.014754232436411191,1.5912285286221683,0.5524372230428388,0.1683899556868522,-0.00468879735603922,0.06579383204616374,0.03558966019581944,0.07120954600410023,-0.013919803864640756,tp1,13.0,True,True,False,3.370322533779073,-0.7156959514397981,tp1,13.0,True,True,False,3.370322533779073,-0.7156959514397981,2026,2026-04
BNB,BNB/USDT:USDT,2026-04-02 01:00:00+00:00,short_pullback_restart,short,604.52,620.7266242559339,0.0268090787003472,False,True,0.017137563686892104,3.249005018575154,0.8440860215053767,0.15591397849462332,0.021045164341451983,0.03389772532922852,0.020769308702846878,0.05924199681098963,-4.962368703986808e-05,tp1,3.0,True,True,False,2.08618398662638,-0.0018510949304565091,tp1,3.0,True,True,False,2.08618398662638,-0.0018510949304565091,2026,2026-04
NEAR,NEAR/USDT:USDT,2026-04-02 01:00:00+00:00,short_pullback_restart,short,1.17,1.2205192661788455,0.04317885998191933,False,True,0.029914529914529846,3.0958419089547307,0.8,0.2,0.005154639175257714,0.0068846815834768815,-0.07069102462271637,0.02811950790861162,-0.000853970964987294,none,,False,False,False,0.6334217105750376,-0.01979442845547212,stop,31.0,False,False,True,0.6334217105750376,-2.315948129289979,2026,2026-04
XRP,XRP/USDT:USDT,2026-04-02 01:00:00+00:00,short_pullback_restart,short,1.3275,1.3698643243577049,0.03191286203970244,False,True,0.019962335216572483,4.033592526440587,0.8200000000000015,0.17714285714285594,0.008202323991797655,0.011043412033511002,0.011736910296471281,0.03783910562113979,-0.0013540961408260443,tp1,12.0,True,False,False,1.1424707164295251,-0.042488580363082076,tp1,12.0,True,False,False,1.1424707164295251,-0.19119861163386673,2026,2026-04
XRP,XRP/USDT:USDT,2026-04-05 05:00:00+00:00,short_pullback_restart,short,1.2998,1.3230229994361415,0.017866594426943744,False,True,0.010540083089706142,2.7946607544876723,0.8174603174603048,0.07142857142858024,0.0014639032282919295,-0.029710361301880983,-0.06097384770986858,0.017854346123727716,-0.03618567403232975,stop,18.0,False,False,True,0.9817853228948962,-2.1013650770732704,stop,18.0,False,False,True,0.9817853228948962,-4.138139014482401,2026,2026-04
ZEC,ZEC/USDT:USDT,2026-04-06 00:00:00+00:00,long_pullback_restart,long,247.82,235.98027505146177,0.04777550217310233,True,False,0.03482366233556612,2.087914023428967,0.6659038901601859,0.6773455377574361,0.018198692599467492,0.02029698975062555,0.29739326930836896,0.0528205955935761,-0.004519409248648243,tp1,3.0,True,False,False,1.1056000081839887,-0.09459679214408476,tp1,3.0,True,True,False,7.772984625910793,-0.09459679214408476,2026,2026-04
TAO,TAO/USDT:USDT,2026-04-09 14:00:00+00:00,long_pullback_restart,long,332.78,316.99768574112494,0.047425669387808865,True,False,0.03434701604663744,2.737461700518444,0.6440129449838169,0.7411003236245913,0.014303744215397707,-0.18871326401827015,-0.22396177654907135,0.024550754252058438,-0.25271951439389373,stop,9.0,False,False,True,0.5176680597020614,-5.328749549687058,stop,9.0,False,False,True,0.5176680597020614,-5.328749549687058,2026,2026-04
BTC,BTC/USDT:USDT,2026-04-10 14:00:00+00:00,long_compression_breakout,long,72870.6,71289.9149722731,0.021691670272056374,True,False,0.014892151292839596,3.87912814205891,0.6418334974291842,0.7228968384203142,0.00603672811806133,-0.0028777037653047177,-0.007182594901098738,0.007951080408285183,-0.007699950322901272,none,,False,False,False,0.3665499386890472,-0.35497267966591056,stop,35.0,False,False,True,0.5711447784750964,-1.5261737523187253,2026,2026-04
BTC,BTC/USDT:USDT,2026-04-10 14:00:00+00:00,long_pullback_restart,long,72870.6,71289.9149722731,0.021691670272056374,True,False,0.014892151292839596,3.87912814205891,0.6418334974291842,0.7228968384203142,0.00603672811806133,-0.0028777037653047177,-0.007182594901098738,0.007951080408285183,-0.007699950322901272,none,,False,False,False,0.3665499386890472,-0.35497267966591056,stop,35.0,False,False,True,0.5711447784750964,-1.5261737523187253,2026,2026-04
ETH,ETH/USDT:USDT,2026-04-10 14:00:00+00:00,long_compression_breakout,long,2241.17,2171.599649567104,0.03104197826710881,True,False,0.023469884033785884,3.5096968765229795,0.5693877551020512,0.6553935860058366,0.005742536264540243,-0.00014278256446420556,-0.0036944988555085434,0.007308682518506027,-0.009847534992883267,none,,False,False,False,0.23544512709907017,-0.3172328421902615,tp1,28.0,True,False,False,1.2766932960280346,-0.9798714477621199,2026,2026-04
ETH,ETH/USDT:USDT,2026-04-10 14:00:00+00:00,long_pullback_restart,long,2241.17,2171.599649567104,0.03104197826710881,True,False,0.023469884033785884,3.5096968765229795,0.5693877551020512,0.6553935860058366,0.005742536264540243,-0.00014278256446420556,-0.0036944988555085434,0.007308682518506027,-0.009847534992883267,none,,False,False,False,0.23544512709907017,-0.3172328421902615,tp1,28.0,True,False,False,1.2766932960280346,-0.9798714477621199,2026,2026-04
NEAR,NEAR/USDT:USDT,2026-04-11 15:00:00+00:00,long_pullback_restart,long,1.366,1.3264648558227605,0.028942272457715648,True,False,0.023426061493411438,1.3533520223274247,0.8421052631578997,0.8421052631578997,0.029282576866764165,-0.02342606149341142,0.012445095168374776,0.042459736456808006,-0.031478770131771694,tp1,2.0,True,False,False,1.4670491585911678,-1.0876398934382865,tp1,2.0,True,False,False,1.8211644727338647,-1.0876398934382865,2026,2026-04
ADA,ADA/USDT:USDT,2026-04-12 23:00:00+00:00,short_compression_breakdown,short,0.2359,0.24130028208308754,0.022892251306009085,False,True,0.01949978804578208,1.3393586070165195,0.6538461538461587,0.3076923076923069,-0.008406893652795344,-0.051086082059533355,-0.041056910569105654,0.0008485362749257597,-0.052610441767068306,stop,13.0,False,False,True,0.03703510241184628,-2.425799207975862,stop,13.0,False,False,True,0.03703510241184628,-2.7035624760647017,2026,2026-04
ADA,ADA/USDT:USDT,2026-04-12 23:00:00+00:00,short_pullback_restart,short,0.2359,0.24130028208308754,0.022892251306009085,False,True,0.01949978804578208,1.3393586070165195,0.6538461538461587,0.3076923076923069,-0.008406893652795344,-0.051086082059533355,-0.041056910569105654,0.0008485362749257597,-0.052610441767068306,stop,13.0,False,False,True,0.03703510241184628,-2.425799207975862,stop,13.0,False,False,True,0.03703510241184628,-2.7035624760647017,2026,2026-04
NEAR,NEAR/USDT:USDT,2026-04-13 01:00:00+00:00,long_pullback_restart,long,1.384,1.326950812297726,0.04122051134557359,True,False,0.03106936416184966,1.6025215203874301,0.879999999999995,0.879999999999995,0.0007225433526012459,0.020231213872832443,0.01734104046242768,0.027456647398844014,-0.026011560693641522,none,,False,False,False,0.6660918679212927,-0.6310344011885892,none,,False,False,False,0.9465516017828898,-0.7537355347530399,2026,2026-04
NEAR,NEAR/USDT:USDT,2026-04-13 13:00:00+00:00,long_compression_breakout,long,1.398,1.3442942193385459,0.03841615211835053,True,False,0.033619456366237435,2.076703718171199,0.513513513513512,0.7027027027026989,0.006437768240343367,-0.0021459227467810482,-0.012875536480686733,0.028612303290414864,-0.022174535050071498,none,,False,False,False,0.7447987815715529,-0.5772190557179514,stop,42.0,False,False,True,0.8192786597287082,-1.0613382637394608,2026,2026-04
NEAR,NEAR/USDT:USDT,2026-04-13 13:00:00+00:00,long_pullback_restart,long,1.398,1.3442942193385459,0.03841615211835053,True,False,0.033619456366237435,2.076703718171199,0.513513513513512,0.7027027027026989,0.006437768240343367,-0.0021459227467810482,-0.012875536480686733,0.028612303290414864,-0.022174535050071498,none,,False,False,False,0.7447987815715529,-0.5772190557179514,stop,42.0,False,False,True,0.8192786597287082,-1.0613382637394608,2026,2026-04
NEAR,NEAR/USDT:USDT,2026-04-13 23:00:00+00:00,long_pullback_restart,long,1.417,1.3580637583781505,0.04159226649389521,True,False,0.03740296400846855,1.3991116642580261,0.458333333333338,0.8750000000000047,-0.007762879322512406,-0.040931545518701484,0.009880028228652193,0.014820042342978068,-0.047282992237120625,stop,19.0,False,False,True,0.35631725780448387,-1.1368217272809764,stop,19.0,False,False,True,0.42418721167200496,-1.289529123482901,2026,2026-04
BTC,BTC/USDT:USDT,2026-04-14 13:00:00+00:00,long_compression_breakout,long,75471.2,73863.5849995797,0.02130103934242855,True,False,0.012628658349145182,2.6321286812750784,0.9432021466905188,0.9885509838998185,-0.017156213231007356,-0.01928417727556997,0.024156234431147228,0.0071258970309204805,-0.026794326842557115,stop,5.0,False,False,True,0.3345328327114395,-1.2578882378376133,stop,5.0,False,False,True,1.1850474146496133,-1.377444226024927,2026,2026-04
BTC,BTC/USDT:USDT,2026-04-14 13:00:00+00:00,long_pullback_restart,long,75471.2,73863.5849995797,0.02130103934242855,True,False,0.012628658349145182,2.6321286812750784,0.9432021466905188,0.9885509838998185,-0.017156213231007356,-0.01928417727556997,0.024156234431147228,0.0071258970309204805,-0.026794326842557115,stop,5.0,False,False,True,0.3345328327114395,-1.2578882378376133,stop,5.0,False,False,True,1.1850474146496133,-1.377444226024927,2026,2026-04
LINK,LINK/USDT:USDT,2026-04-15 14:00:00+00:00,long_pullback_restart,long,9.203,8.973248370527612,0.024964862487491836,True,False,0.02086276214277955,1.4717146358403739,0.7380952380952185,0.9523809523809372,0.008149516462023332,0.002933825926328515,0.021732043898728737,0.024883190264044508,-0.0088014777789851,none,,False,False,False,0.9967285129854684,-0.352554626863852,tp1,25.0,True,True,False,2.881372382516935,-0.352554626863852,2026,2026-04
BTC,BTC/USDT:USDT,2026-04-15 19:00:00+00:00,long_pullback_restart,long,74957.8,73352.98459601922,0.02140958517967156,True,False,0.01366769035377239,2.3837242129636285,0.6558560499946055,0.6959379377222332,-0.004602589723817885,0.004690639266360375,0.00862351883326351,0.006240844848701466,-0.02269276846438928,stop,18.0,False,False,True,0.2914977005078673,-1.0599349905170568,stop,18.0,False,False,True,2.0826071283398613,-1.0599349905170568,2026,2026-04
ETH,ETH/USDT:USDT,2026-04-15 19:00:00+00:00,long_pullback_restart,long,2373.7,2302.947680831824,0.02980676545821955,True,False,0.021923579222311147,2.389092331515773,0.5783048482734525,0.6173700732472889,-0.009622108943842855,-0.006449846231621481,-0.011231410877532877,0.002611956018031103,-0.038336773813034464,stop,18.0,False,False,True,0.0876296363552846,-1.2861769206984754,stop,18.0,False,False,True,1.2743045183535708,-1.2861769206984754,2026,2026-04
SUI,SUI/USDT:USDT,2026-04-17 12:00:00+00:00,long_pullback_restart,long,1.0098,0.9710736086644624,0.038350555887836875,True,False,0.03129332541097254,1.876605836991711,0.6346153846153835,0.9038461538461505,0.0033670033670034627,-0.04129530600118847,-0.06456724103782929,0.03267973856209139,-0.05248564072093487,stop,23.0,False,False,True,0.8521320696802731,-1.3685757482743826,stop,23.0,False,False,True,0.8521320696802731,-2.4195386342133878,2026,2026-04
LINK,LINK/USDT:USDT,2026-04-17 13:00:00+00:00,long_pullback_restart,long,9.785,9.312754319126284,0.04826220550574509,True,False,0.031170158405723018,3.1228210169590342,0.8018433179723525,0.9216589861751172,-0.012263668880940326,-0.04241185487991839,-0.05559529892692905,0.00817577925396007,-0.048952478283086465,stop,24.0,False,False,True,0.16940334923125122,-1.014302553522118,stop,24.0,False,False,True,0.16940334923125122,-1.6770931573893852,2026,2026-04
XRP,XRP/USDT:USDT,2026-04-17 13:00:00+00:00,long_compression_breakout,long,1.4864,1.418989730490367,0.045351365385921036,True,False,0.026103336921420847,4.129094937525931,0.7883008356545999,0.8830083565459609,6.727664155015134e-05,-0.03377287405812701,-0.041980624327233595,0.015339074273412301,-0.04224973089343376,none,,False,False,False,0.33822739718822814,-0.9316087957640602,stop,41.0,False,False,True,0.33822739718822814,-1.4552678800072327,2026,2026-04
XRP,XRP/USDT:USDT,2026-04-17 13:00:00+00:00,long_pullback_restart,long,1.4864,1.418989730490367,0.045351365385921036,True,False,0.026103336921420847,4.129094937525931,0.7883008356545999,0.8830083565459609,6.727664155015134e-05,-0.03377287405812701,-0.041980624327233595,0.015339074273412301,-0.04224973089343376,none,,False,False,False,0.33822739718822814,-0.9316087957640602,stop,41.0,False,False,True,0.33822739718822814,-1.4552678800072327,2026,2026-04
LINK,LINK/USDT:USDT,2026-04-22 02:00:00+00:00,long_pullback_restart,long,9.508,9.216322028323884,0.030677111030302434,True,False,0.025452250736222037,1.9363662825917378,0.7793103448275853,0.8827586206896463,-0.0005258729490953407,-0.03302482120319716,-0.010307109802271675,0.005048380311316825,-0.03649558266722752,stop,22.0,False,False,True,0.1645650500247585,-1.1896681741373138,stop,22.0,False,False,True,0.1645650500247585,-1.265093822065329,2026,2026-04
NEAR,NEAR/USDT:USDT,2026-04-24 11:00:00+00:00,long_compression_breakout,long,1.42,1.3927630884915343,0.019180923597511012,True,False,0.014788732394366132,1.2524352478744265,0.545454545454551,0.6363636363636327,-0.004929577464788615,-0.011971830985915477,-0.03028169014084503,0.008450704225352101,-0.015492957746478853,none,,False,False,False,0.4405785874903707,-0.807727410399013,stop,29.0,False,False,True,0.4405785874903707,-2.0193185259975284,2026,2026-04
NEAR,NEAR/USDT:USDT,2026-04-24 11:00:00+00:00,long_pullback_restart,long,1.42,1.3927630884915343,0.019180923597511012,True,False,0.014788732394366132,1.2524352478744265,0.545454545454551,0.6363636363636327,-0.004929577464788615,-0.011971830985915477,-0.03028169014084503,0.008450704225352101,-0.015492957746478853,none,,False,False,False,0.4405785874903707,-0.807727410399013,stop,29.0,False,False,True,0.4405785874903707,-2.0193185259975284,2026,2026-04
NEAR,NEAR/USDT:USDT,2026-04-24 15:00:00+00:00,long_pullback_restart,long,1.426,1.3927622076844728,0.023308409758434186,True,False,0.020336605890603026,1.2332868211419243,0.6363636363636364,0.9545454545454495,-0.012622720897615736,-0.018232819074333828,-0.05610098176718081,0.004207573632538653,-0.01963534361851338,none,,False,False,False,0.18051740449672057,-0.8424145543180294,stop,25.0,False,False,True,0.18051740449672057,-2.4369849607057246,2026,2026-04
BTC,BTC/USDT:USDT,2026-04-26 04:00:00+00:00,long_pullback_restart,long,77727.0,77058.3864096608,0.008602076374222584,True,False,0.006634760121965302,1.8699292991455723,0.8611491108070954,0.8860009119927056,0.0030156830959640057,0.014867420587440838,-0.006468794627349617,0.02223165695318219,-0.0007217569184454486,tp1,15.0,True,True,False,2.5844524026551077,-0.08390496515565196,tp1,15.0,True,True,False,2.5844524026551077,-3.127965135944952,2026,2026-04
DOGE,DOGE/USDT:USDT,2026-04-26 11:00:00+00:00,long_pullback_restart,long,0.09898,0.0973139024957503,0.01683266825873614,True,False,0.013032935946655885,1.7479521344352742,0.5901639344262287,0.7049180327868856,-0.0018185492018589766,-0.005455647605576819,0.10779955546575071,0.01879167508587587,-0.014649424126086052,tp1,15.0,True,False,False,1.1163812413473473,-0.8702972042761534,tp1,15.0,True,True,False,7.814668689431431,-1.2724345331485871,2026,2026-04
SOL,SOL/USDT:USDT,2026-04-27 01:00:00+00:00,long_pullback_restart,long,87.79,85.81671721588431,0.022477307029453195,True,False,0.017086228499829135,2.641202646033665,0.7619047619047565,0.9206349206349264,-0.029388313019706236,-0.03907050916960941,-0.04647454151953534,0.0033033375099669193,-0.048183164369518194,stop,4.0,False,False,True,0.14696322409256318,-2.1436359927984827,stop,4.0,False,False,True,0.14696322409256318,-3.283867903861504,2026,2026-04
DOGE,DOGE/USDT:USDT,2026-04-29 03:00:00+00:00,long_pullback_restart,long,0.10132,0.09853517741163673,0.02748541836126399,True,False,0.016087643110935575,3.0579995849843224,0.9032258064516062,0.9290322580645083,0.07994472956968024,0.05359257797078576,0.06691669956573243,0.10540860639557836,-0.004145282273983364,tp1,4.0,True,True,False,3.835073747472366,-0.15081750692306678,tp1,4.0,True,True,False,3.835073747472366,-0.15081750692306678,2026,2026-04
DOGE,DOGE/USDT:USDT,2026-05-01 01:00:00+00:00,long_pullback_restart,long,0.10897,0.1050865628007622,0.035637672746974366,True,False,0.023309167660824085,2.0185101560339156,0.7923497267759532,0.8251366120218573,-0.00724970175277595,-0.0034871983114618255,0.032302468569331166,0.014040561622465031,-0.016243002661282868,none,,False,False,False,0.3939808786660171,-0.45578180080970343,tp1,72.0,True,False,False,1.127866829122323,-0.4944073771495082,2026,2026-05
ZEC,ZEC/USDT:USDT,2026-05-01 15:00:00+00:00,long_pullback_restart,long,359.77,343.28629606014357,0.0458173386882075,True,False,0.025849848514328633,2.7999050631932194,0.9530271398747345,0.9780793319415412,0.07048947938961003,0.041637712983294994,0.1577396670094784,0.09292047697139849,-0.0037246018289461835,tp1,1.0,True,True,False,2.0280636028149397,-0.08129240884750127,tp1,1.0,True,True,False,4.192018993554063,-0.08129240884750127,2026,2026-05
ZEC,ZEC/USDT:USDT,2026-05-02 20:00:00+00:00,long_pullback_restart,long,388.87,369.9949433638036,0.04853821749221181,True,False,0.0358731709825907,1.7153400689986646,0.7140845070422502,0.8183098591549273,-0.01805230539769065,0.043330676061408724,0.2561010106205157,0.04965669761102687,-0.0260498367063543,tp1,22.0,True,False,False,1.0230432878791746,-0.5366871313421042,tp1,22.0,True,True,False,5.503559644996822,-0.5366871313421042,2026,2026-05
XRP,XRP/USDT:USDT,2026-05-05 12:00:00+00:00,long_pullback_restart,long,1.4121,1.388070589018472,0.017016791290650805,True,False,0.01416330288223215,1.22849615500077,0.6315789473684057,0.8289473684210434,-0.0019120458891013214,0.02301536718362729,,0.03165498194178906,-0.005877770696126272,tp1,20.0,True,False,False,1.8602203788666387,-0.3454100479774718,tp1,20.0,True,False,False,1.8602203788666387,-0.41199511746710704,2026,2026-05
DOGE,DOGE/USDT:USDT,2026-05-05 17:00:00+00:00,long_pullback_restart,long,0.11364,0.11050290666722205,0.027605537951231534,True,False,0.019447377683914146,3.8214539053371768,0.5588235294117657,0.6029411764705925,0.010031678986272441,-0.0050158394931362205,,0.03159098908834923,-0.021647307286166928,tp1,14.0,True,False,False,1.144371435331504,-0.7841653846561302,tp1,14.0,True,False,False,1.144371435331504,-1.1507467636620436,2026,2026-05
BTC,BTC/USDT:USDT,2026-05-06 08:00:00+00:00,long_pullback_restart,long,81903.6,80566.97215555719,0.01631952495913265,True,False,0.01335960812467336,1.7800955525950874,0.8574436090225739,0.9377443609022644,-0.005274493428860216,,,0.011294985812589253,-0.013876068939582598,none,,False,False,False,0.6921148649163641,-0.8502740719678469,none,,False,False,False,0.6921148649163641,-0.8502740719678469,2026,2026-05
LINK,LINK/USDT:USDT,2026-05-06 08:00:00+00:00,long_compression_breakout,long,10.083,9.704964618044093,0.03749235167667435,True,False,0.019637012793811227,2.793530794721029,0.9466666666666724,0.9866666666666661,-0.011504512545869261,,,0.016265000495884196,-0.02360408608549036,none,,False,False,False,0.4338218268128352,-0.6295706998869194,none,,False,False,False,0.4338218268128352,-0.6295706998869194,2026,2026-05
LINK,LINK/USDT:USDT,2026-05-06 08:00:00+00:00,long_pullback_restart,long,10.083,9.704964618044093,0.03749235167667435,True,False,0.019637012793811227,2.793530794721029,0.9466666666666724,0.9866666666666661,-0.011504512545869261,,,0.016265000495884196,-0.02360408608549036,none,,False,False,False,0.4338218268128352,-0.6295706998869194,none,,False,False,False,0.4338218268128352,-0.6295706998869194,2026,2026-05
ETH,ETH/USDT:USDT,2026-05-06 09:00:00+00:00,long_pullback_restart,long,2411.55,2349.23981780623,0.02583822943491542,True,False,0.018067218179179244,4.539967252530719,0.5202195262853921,0.816580011554017,-0.022321743277145534,,,0.004548941552113606,-0.04149613319234524,stop,5.0,False,False,True,0.17605469304977525,-1.6059975509107893,stop,5.0,False,False,True,0.17605469304977525,-1.6059975509107893,2026,2026-05
TRX,TRX/USDT:USDT,2026-05-06 16:00:00+00:00,long_pullback_restart,long,0.34649,0.34144964135342254,0.014546909424738031,True,False,0.010274466795578537,1.7820588785923206,0.7429718875502105,0.8393574297188927,-0.0016162082599786576,,,0.0025974775606798506,-0.005916476665993264,none,,False,False,False,0.1785587223264513,-0.40671708974360254,none,,False,False,False,0.1785587223264513,-0.40671708974360254,2026,2026-05
