variant,pair,open_date,enter_tag,baseline_profit_abs,baseline_profit_ratio,variant_profit_abs,variant_profit_ratio,delta_profit_abs,bucket,baseline_exit_reason,variant_exit_reason,baseline_partials,variant_partials,baseline_exit_orders,variant_exit_orders
DualTrendCombinedShortPullbackShapePartialLadderA1FourStepPostTp1LooseA1Roi50Strategy,ADA/USDT:USDT,2023-08-06 14:00:00+00:00,short_pullback_restart,-4.91750183,-0.014517619749620615,-4.91750183,-0.014517619749620615,0.0,same,stop_loss,stop_loss,0,0,1,1
DualTrendCombinedShortPullbackShapePartialLadderA1FourStepPostTp1LooseA1Roi50Strategy,ADA/USDT:USDT,2023-08-15 19:00:00+00:00,short_pullback_restart,37.97819922,0.11263685369886527,37.97819922,0.11263685369886527,0.0,same,trailing_stop_loss,trailing_stop_loss,1,1,2,2
DualTrendCombinedShortPullbackShapePartialLadderA1FourStepPostTp1LooseA1Roi50Strategy,ADA/USDT:USDT,2023-08-26 09:00:00+00:00,short_pullback_restart,-4.69587693,-0.013108860368117233,-4.69587693,-0.013108860368117233,0.0,same,stop_loss,stop_loss,0,0,1,1
DualTrendCombinedShortPullbackShapePartialLadderA1FourStepPostTp1LooseA1Roi50Strategy,ADA/USDT:USDT,2023-09-26 16:00:00+00:00,short_pullback_restart,-3.65746123,-0.010547163388594804,-3.65746123,-0.010547163388594804,0.0,same,trailing_stop_loss,trailing_stop_loss,0,0,1,1
DualTrendCombinedShortPullbackShapePartialLadderA1FourStepPostTp1LooseA1Roi50Strategy,ADA/USDT:USDT,2023-10-12 10:00:00+00:00,short_pullback_restart,-6.77054113,-0.01961621454600035,-6.77054113,-0.01961621454600035,0.0,same,stop_loss,stop_loss,0,0,1,1
DualTrendCombinedShortPullbackShapePartialLadderA1FourStepPostTp1LooseA1Roi50Strategy,ADA/USDT:USDT,2023-11-03 00:00:00+00:00,long_1d_center_compression,-7.05627641,-0.02087548127335924,-7.05627641,-0.02087548127335924,0.0,same,stop_loss,stop_loss,0,0,1,1
DualTrendCombinedShortPullbackShapePartialLadderA1FourStepPostTp1LooseA1Roi50Strategy,ADA/USDT:USDT,2024-01-18 11:00:00+00:00,short_pullback_restart,0.17231248,0.0006514049307637775,0.17231248,0.0006514049307637775,0.0,same,trailing_stop_loss,trailing_stop_loss,0,0,1,1
DualTrendCombinedShortPullbackShapePartialLadderA1FourStepPostTp1LooseA1Roi50Strategy,ADA/USDT:USDT,2024-04-25 11:00:00+00:00,short_compression_breakdown,0.11950865,0.000538092149733104,0.11950865,0.000538092149733104,0.0,same,trailing_stop_loss,trailing_stop_loss,0,0,1,1
DualTrendCombinedShortPullbackShapePartialLadderA1FourStepPostTp1LooseA1Roi50Strategy,ADA/USDT:USDT,2024-05-08 00:00:00+00:00,short_compression_breakdown,-8.75122514,-0.03481574550059143,-8.75122514,-0.03481574550059143,0.0,same,stop_loss,stop_loss,0,0,1,1
DualTrendCombinedShortPullbackShapePartialLadderA1FourStepPostTp1LooseA1Roi50Strategy,ADA/USDT:USDT,2024-06-02 18:00:00+00:00,short_pullback_restart,-8.419323,-0.022944595893452345,-8.419323,-0.022944595893452345,0.0,same,trailing_stop_loss,trailing_stop_loss,0,0,1,1
DualTrendCombinedShortPullbackShapePartialLadderA1FourStepPostTp1LooseA1Roi50Strategy,ADA/USDT:USDT,2024-06-10 07:00:00+00:00,short_pullback_restart,-8.14383118,-0.020555274180898316,-8.15282989,-0.020555274184715002,-0.008998710000000187,loss_to_more_loss,stop_loss,stop_loss,0,0,1,1
DualTrendCombinedShortPullbackShapePartialLadderA1FourStepPostTp1LooseA1Roi50Strategy,ADA/USDT:USDT,2024-06-14 16:05:00+00:00,short_compression_breakdown,-0.296228,-0.0010005002501250625,-0.296228,-0.0010005002501250625,0.0,same,trailing_stop_loss,trailing_stop_loss,0,0,1,1
DualTrendCombinedShortPullbackShapePartialLadderA1FourStepPostTp1LooseA1Roi50Strategy,ADA/USDT:USDT,2024-07-07 14:00:00+00:00,short_pullback_restart,0.03492316,0.00019164116423558592,0.03492316,0.00019164116423558592,0.0,same,trailing_stop_loss,trailing_stop_loss,0,0,1,1
DualTrendCombinedShortPullbackShapePartialLadderA1FourStepPostTp1LooseA1Roi50Strategy,ADA/USDT:USDT,2024-08-30 12:00:00+00:00,short_pullback_restart,19.09422551,0.07494657639822012,19.09422551,0.07494657639822012,0.0,same,trailing_stop_loss,trailing_stop_loss,1,1,2,2
DualTrendCombinedShortPullbackShapePartialLadderA1FourStepPostTp1LooseA1Roi50Strategy,ADA/USDT:USDT,2024-10-09 13:00:00+00:00,short_compression_breakdown,0.10007546,0.00028710864610844924,0.100173,0.00028710864772867755,9.753999999999319e-05,profit_to_more_profit,trailing_stop_loss,trailing_stop_loss,0,0,1,1
DualTrendCombinedShortPullbackShapePartialLadderA1FourStepPostTp1LooseA1Roi50Strategy,ADA/USDT:USDT,2024-12-03 00:00:00+00:00,long_1d_center_compression,20.40033665,0.04854143771934053,20.40033665,0.04854143771934053,0.0,same,trailing_stop_loss,trailing_stop_loss,0,0,1,1
DualTrendCombinedShortPullbackShapePartialLadderA1FourStepPostTp1LooseA1Roi50Strategy,ADA/USDT:USDT,2025-03-18 14:00:00+00:00,short_compression_breakdown,-9.93460439,-0.043301766897075676,-10.32012635,-0.043301766891188954,-0.38552196000000016,loss_to_less_loss,trailing_stop_loss,trailing_stop_loss,0,0,1,1
DualTrendCombinedShortPullbackShapePartialLadderA1FourStepPostTp1LooseA1Roi50Strategy,ADA/USDT:USDT,2025-03-23 19:00:00+00:00,short_pullback_restart,-10.65687772,-0.03430321889417303,-11.06126817,-0.034303218896665065,-0.4043904499999993,loss_to_more_loss,stop_loss,stop_loss,0,0,1,1
DualTrendCombinedShortPullbackShapePartialLadderA1FourStepPostTp1LooseA1Roi50Strategy,ADA/USDT:USDT,2025-04-06 08:00:00+00:00,short_compression_breakdown,25.645581789999998,0.07545393083303753,26.60852796,0.07545573270743146,0.9629461700000022,profit_to_more_profit,trailing_stop_loss,trailing_stop_loss,1,1,2,2
DualTrendCombinedShortPullbackShapePartialLadderA1FourStepPostTp1LooseA1Roi50Strategy,ADA/USDT:USDT,2025-06-02 09:00:00+00:00,short_pullback_restart,-10.86952871,-0.029765852707692532,-11.26914374,-0.02976585271798606,-0.39961502999999965,loss_to_more_loss,stop_loss,stop_loss,0,0,1,1
DualTrendCombinedShortPullbackShapePartialLadderA1FourStepPostTp1LooseA1Roi50Strategy,ADA/USDT:USDT,2025-06-12 20:00:00+00:00,short_compression_breakdown,30.56852161,0.11800039167833808,31.95951322,0.11907342393751767,1.3909916100000004,bigwin_more_profit,trailing_stop_loss,trailing_stop_loss,2,2,3,3
DualTrendCombinedShortPullbackShapePartialLadderA1FourStepPostTp1LooseA1Roi50Strategy,ADA/USDT:USDT,2025-11-02 15:00:00+00:00,short_pullback_restart,27.156036559999997,0.07613075891035202,28.160708969999998,0.07613233684103261,1.0046724100000013,profit_to_more_profit,trailing_stop_loss,trailing_stop_loss,1,1,2,2
DualTrendCombinedShortPullbackShapePartialLadderA1FourStepPostTp1LooseA1Roi50Strategy,ADA/USDT:USDT,2025-11-11 20:00:00+00:00,short_compression_breakdown,0.01832521,6.433460178246166e-05,0.01901195,6.433458970186211e-05,0.0006867399999999982,profit_to_less_profit,trailing_stop_loss,trailing_stop_loss,0,0,1,1
DualTrendCombinedShortPullbackShapePartialLadderA1FourStepPostTp1LooseA1Roi50Strategy,ADA/USDT:USDT,2025-12-21 02:00:00+00:00,short_pullback_restart,0.06104607,0.00013600869431562554,0.06335728,0.00013600869595877408,0.002311210000000001,profit_to_more_profit,trailing_stop_loss,trailing_stop_loss,0,0,1,1
DualTrendCombinedShortPullbackShapePartialLadderA1FourStepPostTp1LooseA1Roi50Strategy,ADA/USDT:USDT,2025-12-23 14:00:00+00:00,short_compression_breakdown,0.08541105,0.00022720222041720998,0.08869293,0.0002272022083101716,0.003281880000000001,profit_to_less_profit,trailing_stop_loss,trailing_stop_loss,0,0,1,1
DualTrendCombinedShortPullbackShapePartialLadderA1FourStepPostTp1LooseA1Roi50Strategy,ADA/USDT:USDT,2026-01-20 09:00:00+00:00,short_pullback_restart,0.07793284,0.00021225515731736801,0.08091555,0.0002122551591965764,0.0029827099999999995,profit_to_more_profit,trailing_stop_loss,trailing_stop_loss,0,0,1,1
DualTrendCombinedShortPullbackShapePartialLadderA1FourStepPostTp1LooseA1Roi50Strategy,ADA/USDT:USDT,2026-01-22 15:00:00+00:00,short_pullback_restart,-11.90051583,-0.029336495677391747,-12.36226424,-0.029336495678270662,-0.4617484100000002,loss_to_more_loss,trailing_stop_loss,trailing_stop_loss,0,0,1,1
DualTrendCombinedShortPullbackShapePartialLadderA1FourStepPostTp1LooseA1Roi50Strategy,ADA/USDT:USDT,2026-01-29 03:00:00+00:00,short_pullback_restart,63.07904661,0.1656947242603419,65.51062992,0.16568032490467785,2.4315833100000006,bigwin_less_profit,trailing_stop_loss,trailing_stop_loss,3,3,4,4
DualTrendCombinedShortPullbackShapePartialLadderA1FourStepPostTp1LooseA1Roi50Strategy,ADA/USDT:USDT,2026-04-13 00:00:00+00:00,short_compression_breakdown,-15.29107832,-0.02426210146595232,-15.7773266,-0.02426210146321388,-0.48624827999999987,loss_to_less_loss,stop_loss,stop_loss,0,0,1,1
DualTrendCombinedShortPullbackShapePartialLadderA1FourStepPostTp1LooseA1Roi50Strategy,BNB/USDT:USDT,2024-02-09 00:00:00+00:00,long_1d_center_compression,1.29508053,0.003694222256497909,1.29508053,0.003694222256497909,0.0,same,trailing_stop_loss,trailing_stop_loss,0,0,1,1
DualTrendCombinedShortPullbackShapePartialLadderA1FourStepPostTp1LooseA1Roi50Strategy,BNB/USDT:USDT,2024-06-04 00:00:00+00:00,long_1d_center_compression,28.72211646,0.07386472716218635,28.72211646,0.07386472716218635,0.0,same,trailing_stop_loss,trailing_stop_loss,0,0,1,1
DualTrendCombinedShortPullbackShapePartialLadderA1FourStepPostTp1LooseA1Roi50Strategy,BNB/USDT:USDT,2024-07-04 02:00:00+00:00,short_compression_breakdown,13.6541672,0.07945101207642458,13.6541672,0.07945101207642458,0.0,same,trailing_stop_loss,trailing_stop_loss,1,1,2,2
DualTrendCombinedShortPullbackShapePartialLadderA1FourStepPostTp1LooseA1Roi50Strategy,BNB/USDT:USDT,2024-08-03 16:00:00+00:00,short_pullback_restart,34.53755669,0.11806252204027752,34.91014289,0.11933616356750634,0.37258620000000064,bigwin_more_profit,trailing_stop_loss,trailing_stop_loss,2,2,3,3
DualTrendCombinedShortPullbackShapePartialLadderA1FourStepPostTp1LooseA1Roi50Strategy,BNB/USDT:USDT,2024-08-31 17:00:00+00:00,short_pullback_restart,-0.01505543,-3.923185656970638e-05,-0.01505543,-3.923185656970638e-05,0.0,same,trailing_stop_loss,trailing_stop_loss,0,0,1,1
DualTrendCombinedShortPullbackShapePartialLadderA1FourStepPostTp1LooseA1Roi50Strategy,BNB/USDT:USDT,2024-11-24 00:00:00+00:00,long_1d_center_compression,-0.20770461,-0.0004981743507325784,-0.21094999,-0.0004981743400316891,-0.003245379999999992,loss_to_less_loss,trailing_stop_loss,trailing_stop_loss,0,0,1,1
DualTrendCombinedShortPullbackShapePartialLadderA1FourStepPostTp1LooseA1Roi50Strategy,BNB/USDT:USDT,2025-01-28 22:00:00+00:00,short_pullback_restart,-9.80077175,-0.02697160292525803,-9.80077175,-0.02697160292525803,0.0,same,stop_loss,stop_loss,0,0,1,1
DualTrendCombinedShortPullbackShapePartialLadderA1FourStepPostTp1LooseA1Roi50Strategy,BNB/USDT:USDT,2025-05-22 00:00:00+00:00,long_1d_center_compression,0.0044311,9.006912983775932e-06,0.0046132,9.00691298377593e-06,0.00018209999999999928,profit_to_less_profit,trailing_stop_loss,trailing_stop_loss,0,0,1,1
DualTrendCombinedShortPullbackShapePartialLadderA1FourStepPostTp1LooseA1Roi50Strategy,BNB/USDT:USDT,2025-07-11 00:00:00+00:00,long_1d_center_compression,-0.05479269,-0.0001139970178520989,-0.05870645,-0.00011399701091704864,-0.003913760000000002,loss_to_less_loss,trailing_stop_loss,trailing_stop_loss,0,0,1,1
DualTrendCombinedShortPullbackShapePartialLadderA1FourStepPostTp1LooseA1Roi50Strategy,BNB/USDT:USDT,2025-08-14 00:00:00+00:00,long_1d_center_compression,-0.12023959,-0.00021795793755197116,-0.12578911,-0.00021795793835169042,-0.005549520000000016,loss_to_more_loss,trailing_stop_loss,trailing_stop_loss,0,0,1,1
DualTrendCombinedShortPullbackShapePartialLadderA1FourStepPostTp1LooseA1Roi50Strategy,BNB/USDT:USDT,2025-10-03 00:00:00+00:00,long_1d_center_compression,61.12492776,0.11429211330535909,65.13129798,0.11700745717722828,4.006370220000001,bigwin_more_profit,trailing_stop_loss,trailing_stop_loss,0,0,1,1
DualTrendCombinedShortPullbackShapePartialLadderA1FourStepPostTp1LooseA1Roi50Strategy,BNB/USDT:USDT,2025-11-20 17:00:00+00:00,short_pullback_restart,13.82823198,0.049097027434339476,14.69249648,0.04909702743851652,0.8642645000000009,profit_to_more_profit,trailing_stop_loss,trailing_stop_loss,0,0,1,1
DualTrendCombinedShortPullbackShapePartialLadderA1FourStepPostTp1LooseA1Roi50Strategy,BNB/USDT:USDT,2025-11-25 15:00:00+00:00,short_pullback_restart,-12.6922725,-0.03015297005961308,-13.1999634,-0.03015297005961308,-0.5076909000000001,other,stop_loss,stop_loss,0,0,1,1
DualTrendCombinedShortPullbackShapePartialLadderA1FourStepPostTp1LooseA1Roi50Strategy,BNB/USDT:USDT,2025-12-17 16:00:00+00:00,short_pullback_restart,0.0042076,7.356016590511494e-06,0.004396,7.356016590511493e-06,0.00018840000000000003,profit_to_less_profit,trailing_stop_loss,trailing_stop_loss,0,0,1,1
DualTrendCombinedShortPullbackShapePartialLadderA1FourStepPostTp1LooseA1Roi50Strategy,BNB/USDT:USDT,2026-01-31 09:00:00+00:00,short_pullback_restart,70.98423771,0.17691318913136336,74.16777206,0.17745357573505346,3.183534350000002,bigwin_more_profit,trailing_stop_loss,trailing_stop_loss,3,3,4,4
DualTrendCombinedShortPullbackShapePartialLadderA1FourStepPostTp1LooseA1Roi50Strategy,BTC/USDT:USDT,2023-08-17 14:00:00+00:00,short_compression_breakdown,15.34289383,0.049148967124105276,15.34289383,0.049148967124105276,0.0,same,trailing_stop_loss,trailing_stop_loss,0,0,1,1
DualTrendCombinedShortPullbackShapePartialLadderA1FourStepPostTp1LooseA1Roi50Strategy,BTC/USDT:USDT,2023-09-04 22:00:00+00:00,short_pullback_restart,-4.44146419,-0.013319072265917425,-4.44146419,-0.013319072265917425,0.0,same,trailing_stop_loss,trailing_stop_loss,0,0,1,1
DualTrendCombinedShortPullbackShapePartialLadderA1FourStepPostTp1LooseA1Roi50Strategy,BTC/USDT:USDT,2023-10-24 00:00:00+00:00,long_1d_center_compression,31.33409579,0.09469201358080105,31.33409579,0.09469201358080105,0.0,same,swing_exit_long_1d,swing_exit_long_1d,0,0,1,1
DualTrendCombinedShortPullbackShapePartialLadderA1FourStepPostTp1LooseA1Roi50Strategy,BTC/USDT:USDT,2024-01-03 00:00:00+00:00,long_1d_center_compression,-6.72809798,-0.021358001854785612,-6.72809798,-0.021358001854785612,0.0,same,stop_loss,stop_loss,0,0,1,1
DualTrendCombinedShortPullbackShapePartialLadderA1FourStepPostTp1LooseA1Roi50Strategy,BTC/USDT:USDT,2024-01-19 17:00:00+00:00,short_compression_breakdown,-6.367124,-0.0315294722142182,-6.367124,-0.0315294722142182,0.0,same,stop_loss,stop_loss,0,0,1,1
DualTrendCombinedShortPullbackShapePartialLadderA1FourStepPostTp1LooseA1Roi50Strategy,BTC/USDT:USDT,2024-01-22 02:00:00+00:00,short_pullback_restart,0.41660114,0.0012595812555525052,0.41660114,0.0012595812555525052,0.0,same,trailing_stop_loss,trailing_stop_loss,0,0,1,1
DualTrendCombinedShortPullbackShapePartialLadderA1FourStepPostTp1LooseA1Roi50Strategy,BTC/USDT:USDT,2024-02-08 00:00:00+00:00,long_1d_center_compression,41.15192068,0.13256030522511064,41.15192068,0.13256030522511064,0.0,same,structure_exit_long_1d,structure_exit_long_1d,0,0,1,1
DualTrendCombinedShortPullbackShapePartialLadderA1FourStepPostTp1LooseA1Roi50Strategy,BTC/USDT:USDT,2024-02-27 00:00:00+00:00,long_1d_center_compression,52.757755700000004,0.16122346213442101,52.757755700000004,0.16122346213442101,0.0,same,swing_exit_long_1d,swing_exit_long_1d,0,0,1,1
DualTrendCombinedShortPullbackShapePartialLadderA1FourStepPostTp1LooseA1Roi50Strategy,BTC/USDT:USDT,2024-04-09 00:00:00+00:00,long_1d_center_compression,-7.59676278,-0.02118623431875916,-7.59676278,-0.02118623431875916,0.0,same,stop_loss,stop_loss,0,0,1,1
DualTrendCombinedShortPullbackShapePartialLadderA1FourStepPostTp1LooseA1Roi50Strategy,BTC/USDT:USDT,2024-04-25 11:00:00+00:00,short_compression_breakdown,-8.59375245,-0.022588977327449064,-8.59375245,-0.022588977327449064,0.0,same,stop_loss,stop_loss,0,0,1,1
DualTrendCombinedShortPullbackShapePartialLadderA1FourStepPostTp1LooseA1Roi50Strategy,BTC/USDT:USDT,2024-05-08 23:00:00+00:00,short_compression_breakdown,-8.63036954,-0.028205579528708738,-8.63036954,-0.028205579528708738,0.0,same,trailing_stop_loss,trailing_stop_loss,0,0,1,1
DualTrendCombinedShortPullbackShapePartialLadderA1FourStepPostTp1LooseA1Roi50Strategy,BTC/USDT:USDT,2024-06-21 09:00:00+00:00,short_compression_breakdown,2.05461284,0.006462896802979756,2.05461284,0.006462896802979756,0.0,same,stale_flat_120h,stale_flat_120h,0,0,1,1
DualTrendCombinedShortPullbackShapePartialLadderA1FourStepPostTp1LooseA1Roi50Strategy,BTC/USDT:USDT,2024-10-29 00:00:00+00:00,long_1d_center_compression,-0.32275572,-0.0009224903747034402,-0.32275572,-0.0009224903747034402,0.0,same,trailing_stop_loss,trailing_stop_loss,0,0,1,1
DualTrendCombinedShortPullbackShapePartialLadderA1FourStepPostTp1LooseA1Roi50Strategy,BTC/USDT:USDT,2024-11-22 00:00:00+00:00,long_1d_center_compression,-8.59833651,-0.02184181931875102,-8.59833651,-0.02184181931875102,0.0,same,stop_loss,stop_loss,0,0,1,1
DualTrendCombinedShortPullbackShapePartialLadderA1FourStepPostTp1LooseA1Roi50Strategy,BTC/USDT:USDT,2025-01-12 10:00:00+00:00,short_pullback_restart,-5.1458204,-0.013713093875017578,-5.1458204,-0.013713093875017578,0.0,same,trailing_stop_loss,trailing_stop_loss,0,0,1,1
DualTrendCombinedShortPullbackShapePartialLadderA1FourStepPostTp1LooseA1Roi50Strategy,BTC/USDT:USDT,2025-02-09 14:00:00+00:00,short_pullback_restart,-6.53732393,-0.01706203397257164,-6.53732393,-0.01706203397257164,0.0,same,stop_loss,stop_loss,0,0,1,1
DualTrendCombinedShortPullbackShapePartialLadderA1FourStepPostTp1LooseA1Roi50Strategy,BTC/USDT:USDT,2025-03-13 14:00:00+00:00,short_pullback_restart,0.02118621,8.645001317012255e-05,0.02118621,8.645001317012255e-05,0.0,same,trailing_stop_loss,trailing_stop_loss,0,0,1,1
DualTrendCombinedShortPullbackShapePartialLadderA1FourStepPostTp1LooseA1Roi50Strategy,BTC/USDT:USDT,2025-04-03 13:00:00+00:00,short_pullback_restart,-8.74925839,-0.02671648582570567,-10.93657299,-0.02671648583181281,-2.1873146000000006,loss_to_more_loss,stop_loss,stop_loss,0,0,1,1
DualTrendCombinedShortPullbackShapePartialLadderA1FourStepPostTp1LooseA1Roi50Strategy,BTC/USDT:USDT,2025-04-08 15:00:00+00:00,short_pullback_restart,0.05361599,0.00017096678307894548,0.05361599,0.00017096678307894548,0.0,same,trailing_stop_loss,trailing_stop_loss,0,0,1,1
DualTrendCombinedShortPullbackShapePartialLadderA1FourStepPostTp1LooseA1Roi50Strategy,BTC/USDT:USDT,2025-05-09 00:00:00+00:00,long_1d_center_compression,-0.36050498,-0.0008726431239373145,-0.45063123,-0.0008726431336197675,-0.09012625000000002,loss_to_more_loss,trailing_stop_loss,trailing_stop_loss,0,0,1,1
DualTrendCombinedShortPullbackShapePartialLadderA1FourStepPostTp1LooseA1Roi50Strategy,BTC/USDT:USDT,2025-05-22 00:00:00+00:00,long_1d_center_compression,-0.20637944,-0.00047047955162931774,-0.20637944,-0.00047047955162931774,0.0,same,trailing_stop_loss,trailing_stop_loss,0,0,1,1
DualTrendCombinedShortPullbackShapePartialLadderA1FourStepPostTp1LooseA1Roi50Strategy,BTC/USDT:USDT,2025-07-10 00:00:00+00:00,long_1d_center_compression,33.42199527,0.0751019620172162,33.42199527,0.0751019620172162,0.0,same,trailing_stop_loss,trailing_stop_loss,0,0,1,1
DualTrendCombinedShortPullbackShapePartialLadderA1FourStepPostTp1LooseA1Roi50Strategy,BTC/USDT:USDT,2025-08-11 00:00:00+00:00,long_1d_center_compression,-0.09637531,-0.0002019347283239961,-0.09637531,-0.0002019347283239961,0.0,same,trailing_stop_loss,trailing_stop_loss,0,0,1,1
DualTrendCombinedShortPullbackShapePartialLadderA1FourStepPostTp1LooseA1Roi50Strategy,BTC/USDT:USDT,2025-08-21 17:00:00+00:00,short_pullback_restart,-9.18356549,-0.016356197854906048,-9.18356549,-0.016356197854906048,0.0,same,trailing_stop_loss,trailing_stop_loss,0,0,1,1
DualTrendCombinedShortPullbackShapePartialLadderA1FourStepPostTp1LooseA1Roi50Strategy,BTC/USDT:USDT,2025-08-29 02:00:00+00:00,short_pullback_restart,0.34474146,0.0007738701300392175,0.43092683,0.0007738701390183536,0.08618536999999998,profit_to_more_profit,trailing_stop_loss,trailing_stop_loss,0,0,1,1
DualTrendCombinedShortPullbackShapePartialLadderA1FourStepPostTp1LooseA1Roi50Strategy,BTC/USDT:USDT,2025-11-04 06:00:00+00:00,short_pullback_restart,0.07719916,0.00024716650806928646,0.07719916,0.00024716650806928646,0.0,same,trailing_stop_loss,trailing_stop_loss,0,0,1,1
DualTrendCombinedShortPullbackShapePartialLadderA1FourStepPostTp1LooseA1Roi50Strategy,BTC/USDT:USDT,2026-03-27 09:00:00+00:00,short_compression_breakdown,-0.11586883,-0.00021348782681814663,-0.11586883,-0.00021348782681814663,0.0,same,trailing_stop_loss,trailing_stop_loss,0,0,1,1
DualTrendCombinedShortPullbackShapePartialLadderA1FourStepPostTp1LooseA1Roi50Strategy,BTC/USDT:USDT,2026-04-18 00:00:00+00:00,long_1d_center_compression,-12.81344285,-0.02078238928804727,-12.81344285,-0.02078238928804727,0.0,same,stop_loss,stop_loss,0,0,1,1
DualTrendCombinedShortPullbackShapePartialLadderA1FourStepPostTp1LooseA1Roi50Strategy,DOGE/USDT:USDT,2023-09-04 22:00:00+00:00,short_pullback_restart,-7.42540546,-0.021052578539344193,-7.42540546,-0.021052578539344193,0.0,same,stop_loss,stop_loss,0,0,1,1
DualTrendCombinedShortPullbackShapePartialLadderA1FourStepPostTp1LooseA1Roi50Strategy,DOGE/USDT:USDT,2023-11-07 00:00:00+00:00,long_1d_center_compression,-7.04014738,-0.020967051464674365,-7.04014738,-0.020967051464674365,0.0,same,stop_loss,stop_loss,0,0,1,1
DualTrendCombinedShortPullbackShapePartialLadderA1FourStepPostTp1LooseA1Roi50Strategy,DOGE/USDT:USDT,2024-06-14 16:05:00+00:00,short_pullback_restart,-0.29352868,-0.0010724784448696634,-0.29352868,-0.0010724784448696634,0.0,same,trailing_stop_loss,trailing_stop_loss,0,0,1,1
DualTrendCombinedShortPullbackShapePartialLadderA1FourStepPostTp1LooseA1Roi50Strategy,DOGE/USDT:USDT,2024-06-19 15:00:00+00:00,short_pullback_restart,-8.56581869,-0.04324826871187089,-8.57108672,-0.04324826870594374,-0.005268029999999868,loss_to_less_loss,stop_loss,stop_loss,0,0,1,1
DualTrendCombinedShortPullbackShapePartialLadderA1FourStepPostTp1LooseA1Roi50Strategy,DOGE/USDT:USDT,2024-06-27 06:00:00+00:00,short_compression_breakdown,-8.36503545,-0.031770294398113255,-8.36887615,-0.03177029441406166,-0.003840699999999586,loss_to_more_loss,stop_loss,stop_loss,0,0,1,1
DualTrendCombinedShortPullbackShapePartialLadderA1FourStepPostTp1LooseA1Roi50Strategy,DOGE/USDT:USDT,2024-07-10 01:00:00+00:00,short_pullback_restart,-8.42115874,-0.03357716022323605,-8.42115874,-0.03357716022323605,0.0,same,stop_loss,stop_loss,0,0,1,1
DualTrendCombinedShortPullbackShapePartialLadderA1FourStepPostTp1LooseA1Roi50Strategy,DOGE/USDT:USDT,2024-08-03 16:00:00+00:00,short_pullback_restart,14.97797356,0.07498119795834615,14.98341142,0.07496695639185773,0.005437859999998906,profit_to_less_profit,trailing_stop_loss,trailing_stop_loss,1,1,2,2
DualTrendCombinedShortPullbackShapePartialLadderA1FourStepPostTp1LooseA1Roi50Strategy,DOGE/USDT:USDT,2024-10-29 00:00:00+00:00,long_1d_center_compression,30.146365239999998,0.0748498573398035,30.154229909999998,0.07483937661540808,0.007864670000000018,profit_to_less_profit,trailing_stop_loss,trailing_stop_loss,0,0,1,1
DualTrendCombinedShortPullbackShapePartialLadderA1FourStepPostTp1LooseA1Roi50Strategy,DOGE/USDT:USDT,2025-02-01 20:00:00+00:00,short_compression_breakdown,42.05665764,0.19760980713130613,33.27030038,0.15632572843923273,-8.786357259999996,bigwin_less_profit,partial_exit,trailing_stop_loss,3,3,4,4
DualTrendCombinedShortPullbackShapePartialLadderA1FourStepPostTp1LooseA1Roi50Strategy,DOGE/USDT:USDT,2025-03-09 03:00:00+00:00,short_compression_breakdown,20.12009392,0.07502447220626055,20.88920306,0.07502514869116175,0.7691091400000012,profit_to_more_profit,trailing_stop_loss,trailing_stop_loss,1,1,2,2
DualTrendCombinedShortPullbackShapePartialLadderA1FourStepPostTp1LooseA1Roi50Strategy,DOGE/USDT:USDT,2025-06-04 14:00:00+00:00,short_pullback_restart,0.05630761,0.00015984660467614585,0.0583908,0.0001598465834372003,0.0020831899999999987,profit_to_less_profit,trailing_stop_loss,trailing_stop_loss,0,0,1,1
DualTrendCombinedShortPullbackShapePartialLadderA1FourStepPostTp1LooseA1Roi50Strategy,DOGE/USDT:USDT,2025-06-12 16:00:00+00:00,short_compression_breakdown,33.29047293,0.11654985770049031,34.91146697,0.11785703984778957,1.6209940399999994,bigwin_more_profit,trailing_stop_loss,trailing_stop_loss,2,2,3,3
DualTrendCombinedShortPullbackShapePartialLadderA1FourStepPostTp1LooseA1Roi50Strategy,DOGE/USDT:USDT,2025-09-01 00:00:00+00:00,short_pullback_restart,0.06122437,0.00012953983148285053,0.06349193,0.00012953981259158814,0.002267560000000002,profit_to_less_profit,trailing_stop_loss,trailing_stop_loss,0,0,1,1
DualTrendCombinedShortPullbackShapePartialLadderA1FourStepPostTp1LooseA1Roi50Strategy,DOGE/USDT:USDT,2025-11-06 06:00:00+00:00,short_pullback_restart,0.03140484,8.855775809487462e-05,0.0326077,8.85577529564337e-05,0.00120286,profit_to_less_profit,trailing_stop_loss,trailing_stop_loss,0,0,1,1
DualTrendCombinedShortPullbackShapePartialLadderA1FourStepPostTp1LooseA1Roi50Strategy,DOGE/USDT:USDT,2025-11-19 06:00:00+00:00,short_pullback_restart,0.03308753,0.00012205847524852616,0.03434692,0.00012205848606946672,0.001259390000000006,profit_to_more_profit,trailing_stop_loss,trailing_stop_loss,0,0,1,1
DualTrendCombinedShortPullbackShapePartialLadderA1FourStepPostTp1LooseA1Roi50Strategy,DOGE/USDT:USDT,2025-12-07 14:00:00+00:00,short_pullback_restart,0.0081216,1.361126326242939e-05,0.0084318,1.3611263262429391e-05,0.00031020000000000006,profit_to_more_profit,trailing_stop_loss,trailing_stop_loss,0,0,1,1
DualTrendCombinedShortPullbackShapePartialLadderA1FourStepPostTp1LooseA1Roi50Strategy,ETH/USDT:USDT,2023-08-02 15:00:00+00:00,short_pullback_restart,-0.11730039,-0.0003464629838291412,-0.11730039,-0.0003464629838291412,0.0,same,stale_loss_72h,stale_loss_72h,0,0,1,1
DualTrendCombinedShortPullbackShapePartialLadderA1FourStepPostTp1LooseA1Roi50Strategy,ETH/USDT:USDT,2023-08-17 15:00:00+00:00,short_pullback_restart,15.36835732,0.049122786869939934,15.36835732,0.049122786869939934,0.0,same,trailing_stop_loss,trailing_stop_loss,0,0,1,1
DualTrendCombinedShortPullbackShapePartialLadderA1FourStepPostTp1LooseA1Roi50Strategy,ETH/USDT:USDT,2023-08-24 15:00:00+00:00,short_pullback_restart,-3.25691529,-0.009128082323787043,-3.25691529,-0.009128082323787043,0.0,same,stale_loss_72h,stale_loss_72h,0,0,1,1
DualTrendCombinedShortPullbackShapePartialLadderA1FourStepPostTp1LooseA1Roi50Strategy,ETH/USDT:USDT,2023-09-01 15:00:00+00:00,short_compression_breakdown,-0.18283509,-0.0005148530379058603,-0.18283509,-0.0005148530379058603,0.0,same,stale_loss_72h,stale_loss_72h,0,0,1,1
DualTrendCombinedShortPullbackShapePartialLadderA1FourStepPostTp1LooseA1Roi50Strategy,ETH/USDT:USDT,2023-10-12 10:00:00+00:00,short_pullback_restart,-6.86649557,-0.019902485915930454,-6.86649557,-0.019902485915930454,0.0,same,stop_loss,stop_loss,0,0,1,1
DualTrendCombinedShortPullbackShapePartialLadderA1FourStepPostTp1LooseA1Roi50Strategy,ETH/USDT:USDT,2023-11-10 00:00:00+00:00,long_1d_center_compression,-7.3152735,-0.021661210467422,-7.3152735,-0.021661210467422,0.0,same,stop_loss,stop_loss,0,0,1,1
DualTrendCombinedShortPullbackShapePartialLadderA1FourStepPostTp1LooseA1Roi50Strategy,ETH/USDT:USDT,2023-12-05 00:00:00+00:00,long_1d_center_compression,-7.14616422,-0.021082396203979042,-7.14616422,-0.021082396203979042,0.0,same,stop_loss,stop_loss,0,0,1,1
DualTrendCombinedShortPullbackShapePartialLadderA1FourStepPostTp1LooseA1Roi50Strategy,ETH/USDT:USDT,2024-01-29 14:00:00+00:00,short_pullback_restart,-5.77264479,-0.01716158049161727,-5.77264479,-0.01716158049161727,0.0,same,stop_loss,stop_loss,0,0,1,1
DualTrendCombinedShortPullbackShapePartialLadderA1FourStepPostTp1LooseA1Roi50Strategy,ETH/USDT:USDT,2024-05-10 15:00:00+00:00,short_pullback_restart,0.11183251,0.0005525718415154928,0.11183251,0.0005525718415154928,0.0,same,trailing_stop_loss,trailing_stop_loss,0,0,1,1
DualTrendCombinedShortPullbackShapePartialLadderA1FourStepPostTp1LooseA1Roi50Strategy,ETH/USDT:USDT,2024-06-21 09:00:00+00:00,short_compression_breakdown,-8.40251765,-0.02480836696361732,-8.40251765,-0.02480836696361732,0.0,same,trailing_stop_loss,trailing_stop_loss,0,0,1,1
DualTrendCombinedShortPullbackShapePartialLadderA1FourStepPostTp1LooseA1Roi50Strategy,ETH/USDT:USDT,2024-07-04 02:00:00+00:00,short_compression_breakdown,16.90032815,0.08105640029151072,16.90032815,0.08105640029151072,0.0,same,trailing_stop_loss,trailing_stop_loss,1,1,2,2
DualTrendCombinedShortPullbackShapePartialLadderA1FourStepPostTp1LooseA1Roi50Strategy,ETH/USDT:USDT,2024-07-07 08:00:00+00:00,short_pullback_restart,0.08301306,0.00027657389424387384,0.08301306,0.00027657389424387384,0.0,same,trailing_stop_loss,trailing_stop_loss,0,0,1,1
DualTrendCombinedShortPullbackShapePartialLadderA1FourStepPostTp1LooseA1Roi50Strategy,ETH/USDT:USDT,2024-09-03 09:00:00+00:00,short_pullback_restart,22.68290909,0.07506437065288481,22.68290909,0.07506437065288481,0.0,same,trailing_stop_loss,trailing_stop_loss,1,1,2,2
DualTrendCombinedShortPullbackShapePartialLadderA1FourStepPostTp1LooseA1Roi50Strategy,ETH/USDT:USDT,2025-01-28 17:00:00+00:00,short_pullback_restart,0.0371712,9.840413203702896e-05,0.0371712,9.840413203702896e-05,0.0,same,trailing_stop_loss,trailing_stop_loss,0,0,1,1
DualTrendCombinedShortPullbackShapePartialLadderA1FourStepPostTp1LooseA1Roi50Strategy,ETH/USDT:USDT,2025-02-01 20:00:00+00:00,short_compression_breakdown,53.66044341,0.19767748352399467,53.66044341,0.19767748352399467,0.0,same,partial_exit,partial_exit,3,3,4,4
DualTrendCombinedShortPullbackShapePartialLadderA1FourStepPostTp1LooseA1Roi50Strategy,ETH/USDT:USDT,2025-04-05 13:00:00+00:00,short_pullback_restart,55.53036949,0.11622736286697803,58.14817199,0.11772340904094847,2.6178025000000034,bigwin_more_profit,trailing_stop_loss,trailing_stop_loss,2,2,3,3
DualTrendCombinedShortPullbackShapePartialLadderA1FourStepPostTp1LooseA1Roi50Strategy,ETH/USDT:USDT,2025-06-11 00:00:00+00:00,long_1d_center_compression,-10.20155989,-0.021176824122746612,-10.55950936,-0.02117682412309845,-0.35794946999999944,loss_to_more_loss,stop_loss,stop_loss,0,0,1,1
DualTrendCombinedShortPullbackShapePartialLadderA1FourStepPostTp1LooseA1Roi50Strategy,ETH/USDT:USDT,2025-07-10 00:00:00+00:00,long_1d_center_compression,86.09980334,0.17370590849409467,89.38202319999999,0.17354124112495706,3.282219859999998,bigwin_less_profit,swing_exit_long_1d,swing_exit_long_1d,0,0,1,1
DualTrendCombinedShortPullbackShapePartialLadderA1FourStepPostTp1LooseA1Roi50Strategy,ETH/USDT:USDT,2025-08-08 00:00:00+00:00,long_1d_center_compression,68.58375439,0.12709429940228129,71.36484686,0.12762395619988928,2.7810924700000044,bigwin_more_profit,swing_exit_long_1d,swing_exit_long_1d,0,0,1,1
DualTrendCombinedShortPullbackShapePartialLadderA1FourStepPostTp1LooseA1Roi50Strategy,ETH/USDT:USDT,2025-09-13 00:00:00+00:00,long_1d_center_compression,-11.53015671,-0.021272756377397284,-11.93120564,-0.02127275637910272,-0.40104892999999997,loss_to_more_loss,stop_loss,stop_loss,0,0,1,1
DualTrendCombinedShortPullbackShapePartialLadderA1FourStepPostTp1LooseA1Roi50Strategy,ETH/USDT:USDT,2025-10-21 05:00:00+00:00,short_compression_breakdown,-12.13432881,-0.042621478136970224,-12.62626106,-0.04262147814016338,-0.4919322499999996,loss_to_more_loss,trailing_stop_loss,trailing_stop_loss,0,0,1,1
DualTrendCombinedShortPullbackShapePartialLadderA1FourStepPostTp1LooseA1Roi50Strategy,ETH/USDT:USDT,2025-10-29 16:00:00+00:00,short_compression_breakdown,0.0216322,4.214559173819359e-05,0.0224642,4.214557730648676e-05,0.0008319999999999994,profit_to_less_profit,trailing_stop_loss,trailing_stop_loss,0,0,1,1
DualTrendCombinedShortPullbackShapePartialLadderA1FourStepPostTp1LooseA1Roi50Strategy,ETH/USDT:USDT,2025-10-30 13:00:00+00:00,short_compression_breakdown,-0.00945179,-2.950409583740978e-05,-0.00990187,-2.9504080229733438e-05,-0.00045008000000000027,loss_to_less_loss,trailing_stop_loss,trailing_stop_loss,0,0,1,1
DualTrendCombinedShortPullbackShapePartialLadderA1FourStepPostTp1LooseA1Roi50Strategy,ETH/USDT:USDT,2025-11-06 13:00:00+00:00,short_pullback_restart,0.00063221,1.834304598996675e-06,0.00065677,1.834327376472915e-06,2.4559999999999968e-05,profit_to_more_profit,trailing_stop_loss,trailing_stop_loss,0,0,1,1
DualTrendCombinedShortPullbackShapePartialLadderA1FourStepPostTp1LooseA1Roi50Strategy,ETH/USDT:USDT,2025-11-20 16:00:00+00:00,short_pullback_restart,23.757568199999998,0.07887367566312894,24.68923754,0.07887367565937053,0.9316693400000027,profit_to_less_profit,trailing_stop_loss,trailing_stop_loss,1,1,2,2
DualTrendCombinedShortPullbackShapePartialLadderA1FourStepPostTp1LooseA1Roi50Strategy,ETH/USDT:USDT,2026-01-25 04:00:00+00:00,short_pullback_restart,0.02708182,4.5375795554163364e-05,0.02814908,4.537578936034376e-05,0.0010672600000000004,profit_to_less_profit,trailing_stop_loss,trailing_stop_loss,0,0,1,1
DualTrendCombinedShortPullbackShapePartialLadderA1FourStepPostTp1LooseA1Roi50Strategy,LINK/USDT:USDT,2023-06-19 11:00:00+00:00,short_compression_breakdown,-6.9212246,-0.025567502156155036,-6.9212246,-0.025567502156155036,0.0,same,trailing_stop_loss,trailing_stop_loss,0,0,1,1
DualTrendCombinedShortPullbackShapePartialLadderA1FourStepPostTp1LooseA1Roi50Strategy,LINK/USDT:USDT,2023-08-21 11:00:00+00:00,short_pullback_restart,0.05106105,0.0001414494731068272,0.05106105,0.0001414494731068272,0.0,same,trailing_stop_loss,trailing_stop_loss,0,0,1,1
DualTrendCombinedShortPullbackShapePartialLadderA1FourStepPostTp1LooseA1Roi50Strategy,LINK/USDT:USDT,2024-02-12 00:00:00+00:00,long_1d_center_compression,-0.02061304,-5.845147012627458e-05,-0.02061304,-5.845147012627458e-05,0.0,same,trailing_stop_loss,trailing_stop_loss,0,0,1,1
DualTrendCombinedShortPullbackShapePartialLadderA1FourStepPostTp1LooseA1Roi50Strategy,LINK/USDT:USDT,2024-04-27 17:00:00+00:00,short_compression_breakdown,-8.81015779,-0.03309540787113439,-8.8147488,-0.033095407852351856,-0.004591010000000395,loss_to_less_loss,stop_loss,stop_loss,0,0,1,1
DualTrendCombinedShortPullbackShapePartialLadderA1FourStepPostTp1LooseA1Roi50Strategy,LINK/USDT:USDT,2024-04-28 23:00:00+00:00,short_pullback_restart,22.29406587,0.07467317949873753,22.29406587,0.07467317949873753,0.0,same,trailing_stop_loss,trailing_stop_loss,1,1,2,2
DualTrendCombinedShortPullbackShapePartialLadderA1FourStepPostTp1LooseA1Roi50Strategy,LINK/USDT:USDT,2024-05-11 21:00:00+00:00,short_pullback_restart,0.07631289,0.00019772340674194619,0.07633929,0.00019772341526200148,2.640000000000975e-05,profit_to_more_profit,trailing_stop_loss,trailing_stop_loss,0,0,1,1
DualTrendCombinedShortPullbackShapePartialLadderA1FourStepPostTp1LooseA1Roi50Strategy,LINK/USDT:USDT,2024-06-13 16:00:00+00:00,short_compression_breakdown,0.1003877,0.0004628752826643059,0.1003877,0.0004628752826643059,0.0,same,trailing_stop_loss,trailing_stop_loss,0,0,1,1
DualTrendCombinedShortPullbackShapePartialLadderA1FourStepPostTp1LooseA1Roi50Strategy,LINK/USDT:USDT,2024-06-15 21:00:00+00:00,short_pullback_restart,-7.74784908,-0.019680802570759555,-7.74784908,-0.019680802570759555,0.0,same,trailing_stop_loss,trailing_stop_loss,0,0,1,1
DualTrendCombinedShortPullbackShapePartialLadderA1FourStepPostTp1LooseA1Roi50Strategy,LINK/USDT:USDT,2024-07-11 04:00:00+00:00,short_pullback_restart,-8.3364692,-0.03501673755582046,-8.3408847,-0.03501673754425761,-0.00441550000000035,loss_to_less_loss,stop_loss,stop_loss,0,0,1,1
DualTrendCombinedShortPullbackShapePartialLadderA1FourStepPostTp1LooseA1Roi50Strategy,LINK/USDT:USDT,2024-07-25 19:00:00+00:00,short_compression_breakdown,-8.13398522,-0.044913188909659646,-8.13398522,-0.044913188909659646,0.0,same,trailing_stop_loss,trailing_stop_loss,0,0,1,1
DualTrendCombinedShortPullbackShapePartialLadderA1FourStepPostTp1LooseA1Roi50Strategy,LINK/USDT:USDT,2024-07-31 17:00:00+00:00,short_compression_breakdown,-0.0138002,-5.7982986430965395e-05,-0.01380773,-5.7982974419831134e-05,-7.530000000000384e-06,loss_to_less_loss,trailing_stop_loss,trailing_stop_loss,0,0,1,1
DualTrendCombinedShortPullbackShapePartialLadderA1FourStepPostTp1LooseA1Roi50Strategy,LINK/USDT:USDT,2024-09-05 15:00:00+00:00,short_pullback_restart,0.02164432,9.27976789287621e-05,0.02165362,9.27976901212661e-05,9.29999999999681e-06,profit_to_more_profit,trailing_stop_loss,trailing_stop_loss,0,0,1,1
DualTrendCombinedShortPullbackShapePartialLadderA1FourStepPostTp1LooseA1Roi50Strategy,LINK/USDT:USDT,2024-10-09 21:00:00+00:00,short_compression_breakdown,-8.92485632,-0.03941012625303386,-8.92896159,-0.039410126254373824,-0.004105270000000161,loss_to_more_loss,trailing_stop_loss,trailing_stop_loss,0,0,1,1
DualTrendCombinedShortPullbackShapePartialLadderA1FourStepPostTp1LooseA1Roi50Strategy,LINK/USDT:USDT,2024-10-13 15:00:00+00:00,short_pullback_restart,-8.85912146,-0.03514096915867038,-8.8628881,-0.03514096918533943,-0.003766639999998489,loss_to_more_loss,stop_loss,stop_loss,0,0,1,1
DualTrendCombinedShortPullbackShapePartialLadderA1FourStepPostTp1LooseA1Roi50Strategy,LINK/USDT:USDT,2025-06-01 10:00:00+00:00,short_pullback_restart,-10.32293156,-0.038947575976310315,-10.70585328,-0.0389475759504453,-0.3829217199999988,loss_to_less_loss,trailing_stop_loss,trailing_stop_loss,0,0,1,1
DualTrendCombinedShortPullbackShapePartialLadderA1FourStepPostTp1LooseA1Roi50Strategy,LINK/USDT:USDT,2025-07-01 19:00:00+00:00,short_compression_breakdown,-10.99540538,-0.03452560029713567,-11.40329945,-0.034525600295475335,-0.4078940700000011,loss_to_less_loss,stop_loss,stop_loss,0,0,1,1
DualTrendCombinedShortPullbackShapePartialLadderA1FourStepPostTp1LooseA1Roi50Strategy,NEAR/USDT:USDT,2023-07-05 11:00:00+00:00,short_compression_breakdown,0.00634236,4.069214291639856e-05,0.00634236,4.069214291639856e-05,0.0,same,trailing_stop_loss,trailing_stop_loss,0,0,1,1
DualTrendCombinedShortPullbackShapePartialLadderA1FourStepPostTp1LooseA1Roi50Strategy,NEAR/USDT:USDT,2023-07-10 01:00:00+00:00,short_compression_breakdown,-7.31778422,-0.0397528692566336,-7.31778422,-0.0397528692566336,0.0,same,stop_loss,stop_loss,0,0,1,1
DualTrendCombinedShortPullbackShapePartialLadderA1FourStepPostTp1LooseA1Roi50Strategy,NEAR/USDT:USDT,2023-07-27 19:00:00+00:00,short_pullback_restart,-7.28130984,-0.027591380964883075,-7.28130984,-0.027591380964883075,0.0,same,stop_loss,stop_loss,0,0,1,1
DualTrendCombinedShortPullbackShapePartialLadderA1FourStepPostTp1LooseA1Roi50Strategy,NEAR/USDT:USDT,2023-07-31 20:00:00+00:00,short_compression_breakdown,0.124304,0.0005711158297738142,0.124304,0.0005711158297738142,0.0,same,trailing_stop_loss,trailing_stop_loss,0,0,1,1
DualTrendCombinedShortPullbackShapePartialLadderA1FourStepPostTp1LooseA1Roi50Strategy,NEAR/USDT:USDT,2023-08-06 14:00:00+00:00,short_pullback_restart,0.24869029,0.000857083255307107,0.24869029,0.000857083255307107,0.0,same,trailing_stop_loss,trailing_stop_loss,0,0,1,1
DualTrendCombinedShortPullbackShapePartialLadderA1FourStepPostTp1LooseA1Roi50Strategy,NEAR/USDT:USDT,2023-08-21 11:00:00+00:00,short_pullback_restart,0.176915,0.0007587273425816599,0.176915,0.0007587273425816599,0.0,same,trailing_stop_loss,trailing_stop_loss,0,0,1,1
DualTrendCombinedShortPullbackShapePartialLadderA1FourStepPostTp1LooseA1Roi50Strategy,NEAR/USDT:USDT,2023-08-22 18:00:00+00:00,short_pullback_restart,-7.943466,-0.03373076183868501,-7.943466,-0.03373076183868501,0.0,same,stop_loss,stop_loss,0,0,1,1
DualTrendCombinedShortPullbackShapePartialLadderA1FourStepPostTp1LooseA1Roi50Strategy,NEAR/USDT:USDT,2023-12-03 00:00:00+00:00,long_1d_center_compression,-7.13044943,-0.020970125808074808,-7.13044943,-0.020970125808074808,0.0,same,stop_loss,stop_loss,0,0,1,1
DualTrendCombinedShortPullbackShapePartialLadderA1FourStepPostTp1LooseA1Roi50Strategy,NEAR/USDT:USDT,2024-01-21 16:00:00+00:00,short_pullback_restart,17.5641723,0.07507341079811214,17.5641723,0.07507341079811214,0.0,same,trailing_stop_loss,trailing_stop_loss,1,1,2,2
DualTrendCombinedShortPullbackShapePartialLadderA1FourStepPostTp1LooseA1Roi50Strategy,NEAR/USDT:USDT,2024-03-26 00:00:00+00:00,long_1d_center_compression,-0.83422107,-0.0021494229942154103,-0.83422107,-0.0021494229942154103,0.0,same,trailing_stop_loss,trailing_stop_loss,0,0,1,1
DualTrendCombinedShortPullbackShapePartialLadderA1FourStepPostTp1LooseA1Roi50Strategy,NEAR/USDT:USDT,2024-08-19 00:00:00+00:00,short_pullback_restart,-8.38534946,-0.045804706468784276,-8.38534946,-0.045804706468784276,0.0,same,stop_loss,stop_loss,0,0,1,1
DualTrendCombinedShortPullbackShapePartialLadderA1FourStepPostTp1LooseA1Roi50Strategy,NEAR/USDT:USDT,2024-11-02 13:00:00+00:00,short_compression_breakdown,0.04522736,0.00017478594987985636,0.04522736,0.00017478594987985636,0.0,same,trailing_stop_loss,trailing_stop_loss,0,0,1,1
DualTrendCombinedShortPullbackShapePartialLadderA1FourStepPostTp1LooseA1Roi50Strategy,NEAR/USDT:USDT,2024-12-30 14:00:00+00:00,short_pullback_restart,0.06513573,0.000348842501095098,0.06513573,0.000348842501095098,0.0,same,trailing_stop_loss,trailing_stop_loss,0,0,1,1
DualTrendCombinedShortPullbackShapePartialLadderA1FourStepPostTp1LooseA1Roi50Strategy,NEAR/USDT:USDT,2025-01-15 10:00:00+00:00,short_pullback_restart,-9.195912,-0.04270885442721361,-9.195912,-0.04270885442721361,0.0,same,stop_loss,stop_loss,0,0,1,1
DualTrendCombinedShortPullbackShapePartialLadderA1FourStepPostTp1LooseA1Roi50Strategy,NEAR/USDT:USDT,2025-01-26 22:00:00+00:00,short_pullback_restart,20.59220651,0.07789463486185572,20.59220651,0.07789463486185572,0.0,same,trailing_stop_loss,trailing_stop_loss,1,1,2,2
DualTrendCombinedShortPullbackShapePartialLadderA1FourStepPostTp1LooseA1Roi50Strategy,NEAR/USDT:USDT,2025-05-06 11:00:00+00:00,short_compression_breakdown,-11.1780932,-0.03486457810777417,-11.57447948,-0.03486457809666538,-0.39638628000000153,loss_to_less_loss,stop_loss,stop_loss,0,0,1,1
DualTrendCombinedShortPullbackShapePartialLadderA1FourStepPostTp1LooseA1Roi50Strategy,NEAR/USDT:USDT,2025-06-01 10:00:00+00:00,short_pullback_restart,-9.94183814,-0.03658799214953611,-10.28764121,-0.03658799216468989,-0.34580307000000055,loss_to_more_loss,trailing_stop_loss,trailing_stop_loss,0,0,1,1
DualTrendCombinedShortPullbackShapePartialLadderA1FourStepPostTp1LooseA1Roi50Strategy,NEAR/USDT:USDT,2025-06-02 10:00:00+00:00,short_pullback_restart,-10.62931018,-0.044240899799263135,-11.05027296,-0.04424089980164152,-0.42096278,loss_to_more_loss,stop_loss,stop_loss,0,0,1,1
DualTrendCombinedShortPullbackShapePartialLadderA1FourStepPostTp1LooseA1Roi50Strategy,NEAR/USDT:USDT,2025-06-21 14:00:00+00:00,short_pullback_restart,21.72130528,0.07513179200869423,22.433002939999998,0.07495424795209128,0.7116976599999987,profit_to_less_profit,trailing_stop_loss,trailing_stop_loss,1,1,2,2
DualTrendCombinedShortPullbackShapePartialLadderA1FourStepPostTp1LooseA1Roi50Strategy,NEAR/USDT:USDT,2025-08-21 12:00:00+00:00,short_pullback_restart,0.1283081,0.00040741854199973827,0.1323493,0.00040741854199973827,0.004041199999999995,other,trailing_stop_loss,trailing_stop_loss,0,0,1,1
DualTrendCombinedShortPullbackShapePartialLadderA1FourStepPostTp1LooseA1Roi50Strategy,NEAR/USDT:USDT,2025-08-22 12:00:00+00:00,short_compression_breakdown,-12.1001775,-0.03465805131706575,-12.517425,-0.03465805131706575,-0.4172475000000002,other,stop_loss,stop_loss,0,0,1,1
DualTrendCombinedShortPullbackShapePartialLadderA1FourStepPostTp1LooseA1Roi50Strategy,NEAR/USDT:USDT,2025-08-31 23:00:00+00:00,short_pullback_restart,0.05008762,9.099070593136403e-05,0.0518374,9.099069566011898e-05,0.0017497799999999994,profit_to_less_profit,trailing_stop_loss,trailing_stop_loss,0,0,1,1
DualTrendCombinedShortPullbackShapePartialLadderA1FourStepPostTp1LooseA1Roi50Strategy,NEAR/USDT:USDT,2025-11-02 15:00:00+00:00,short_pullback_restart,-12.01334389,-0.03908160941255228,-12.42759713,-0.03908160942014304,-0.41425324000000074,loss_to_more_loss,stop_loss,stop_loss,0,0,1,1
DualTrendCombinedShortPullbackShapePartialLadderA1FourStepPostTp1LooseA1Roi50Strategy,NEAR/USDT:USDT,2025-11-28 02:00:00+00:00,short_pullback_restart,-12.45367712,-0.04095474261276367,-12.99179897,-0.04095474261003942,-0.5381218499999996,loss_to_less_loss,stop_loss,stop_loss,0,0,1,1
DualTrendCombinedShortPullbackShapePartialLadderA1FourStepPostTp1LooseA1Roi50Strategy,NEAR/USDT:USDT,2025-11-29 15:00:00+00:00,short_compression_breakdown,36.53103479,0.0752475380819902,37.93252846,0.07525118267983934,1.4014936700000007,profit_to_more_profit,trailing_stop_loss,trailing_stop_loss,1,1,2,2
DualTrendCombinedShortPullbackShapePartialLadderA1FourStepPostTp1LooseA1Roi50Strategy,NEAR/USDT:USDT,2025-12-14 18:00:00+00:00,short_compression_breakdown,-11.91427183,-0.03199821743861666,-12.37251305,-0.0319982174276749,-0.45824121999999967,loss_to_less_loss,trailing_stop_loss,trailing_stop_loss,0,0,1,1
DualTrendCombinedShortPullbackShapePartialLadderA1FourStepPostTp1LooseA1Roi50Strategy,NEAR/USDT:USDT,2025-12-31 11:00:00+00:00,short_compression_breakdown,0.2457286,0.00043475070868767714,0.2548538,0.00043475070868767714,0.009125200000000028,other,trailing_stop_loss,trailing_stop_loss,0,0,1,1
DualTrendCombinedShortPullbackShapePartialLadderA1FourStepPostTp1LooseA1Roi50Strategy,NEAR/USDT:USDT,2026-01-20 07:00:00+00:00,short_pullback_restart,0.13765821,0.0004411501394515323,0.14247624,0.0004411501166936791,0.004818030000000001,profit_to_less_profit,trailing_stop_loss,trailing_stop_loss,0,0,1,1
DualTrendCombinedShortPullbackShapePartialLadderA1FourStepPostTp1LooseA1Roi50Strategy,NEAR/USDT:USDT,2026-04-02 02:00:00+00:00,short_pullback_restart,0.25147507,0.0007652792847133791,0.25952943,0.0007652792797813583,0.008054359999999983,profit_to_less_profit,trailing_stop_loss,trailing_stop_loss,0,0,1,1
DualTrendCombinedShortPullbackShapePartialLadderA1FourStepPostTp1LooseA1Roi50Strategy,PAXG/USDT:USDT,2025-06-14 00:00:00+00:00,long_1d_center_compression,-9.88326922,-0.020690681329398494,-10.24135869,-0.02069068134052482,-0.35808946999999947,loss_to_more_loss,stop_loss,stop_loss,0,0,1,1
DualTrendCombinedShortPullbackShapePartialLadderA1FourStepPostTp1LooseA1Roi50Strategy,PAXG/USDT:USDT,2025-09-23 00:00:00+00:00,long_1d_center_compression,-1.27803356,-0.0023782830688962283,-1.33165735,-0.0023782830765146476,-0.05362379000000006,loss_to_more_loss,trailing_stop_loss,trailing_stop_loss,0,0,1,1
DualTrendCombinedShortPullbackShapePartialLadderA1FourStepPostTp1LooseA1Roi50Strategy,PAXG/USDT:USDT,2025-11-11 00:00:00+00:00,long_1d_center_compression,-0.13469675,-0.0002425195829257406,-0.14068327,-0.0002425195790949198,-0.005986519999999995,loss_to_less_loss,trailing_stop_loss,trailing_stop_loss,0,0,1,1
DualTrendCombinedShortPullbackShapePartialLadderA1FourStepPostTp1LooseA1Roi50Strategy,PAXG/USDT:USDT,2025-12-12 00:00:00+00:00,long_1d_center_compression,25.40321115,0.04296294593464907,26.32361735,0.042962945932875043,0.9204061999999986,profit_to_less_profit,swing_exit_long_1d,swing_exit_long_1d,0,0,1,1
DualTrendCombinedShortPullbackShapePartialLadderA1FourStepPostTp1LooseA1Roi50Strategy,PAXG/USDT:USDT,2026-01-07 00:00:00+00:00,long_1d_center_compression,71.93358242,0.12175514789867557,74.58377469,0.1215996681229956,2.650192270000005,bigwin_less_profit,swing_exit_long_1d,swing_exit_long_1d,0,0,1,1
DualTrendCombinedShortPullbackShapePartialLadderA1FourStepPostTp1LooseA1Roi50Strategy,SOL/USDT:USDT,2023-08-24 15:00:00+00:00,short_pullback_restart,-0.24604371,-0.001221779420785025,-0.24604371,-0.001221779420785025,0.0,same,trailing_stop_loss,trailing_stop_loss,0,0,1,1
DualTrendCombinedShortPullbackShapePartialLadderA1FourStepPostTp1LooseA1Roi50Strategy,SOL/USDT:USDT,2023-09-01 15:00:00+00:00,short_compression_breakdown,-7.91989713,-0.03148533334926607,-7.91989713,-0.03148533334926607,0.0,same,stop_loss,stop_loss,0,0,1,1
DualTrendCombinedShortPullbackShapePartialLadderA1FourStepPostTp1LooseA1Roi50Strategy,SOL/USDT:USDT,2024-02-09 00:00:00+00:00,long_1d_center_compression,26.087363500000002,0.0753069710925,26.087363500000002,0.0753069710925,0.0,same,trailing_stop_loss,trailing_stop_loss,0,0,1,1
DualTrendCombinedShortPullbackShapePartialLadderA1FourStepPostTp1LooseA1Roi50Strategy,SOL/USDT:USDT,2024-06-06 00:00:00+00:00,long_1d_center_compression,-8.53396113,-0.021541771669139818,-8.53396113,-0.021541771669139818,0.0,same,stop_loss,stop_loss,0,0,1,1
DualTrendCombinedShortPullbackShapePartialLadderA1FourStepPostTp1LooseA1Roi50Strategy,SOL/USDT:USDT,2024-06-13 16:00:00+00:00,short_compression_breakdown,0.16676815,0.0008742770359846302,0.16676815,0.0008742770359846302,0.0,same,trailing_stop_loss,trailing_stop_loss,0,0,1,1
DualTrendCombinedShortPullbackShapePartialLadderA1FourStepPostTp1LooseA1Roi50Strategy,SOL/USDT:USDT,2024-06-21 09:00:00+00:00,short_compression_breakdown,-8.46443668,-0.03968386915514242,-8.46443668,-0.03968386915514242,0.0,same,stop_loss,stop_loss,0,0,1,1
DualTrendCombinedShortPullbackShapePartialLadderA1FourStepPostTp1LooseA1Roi50Strategy,SOL/USDT:USDT,2024-10-21 00:00:00+00:00,long_1d_center_compression,-0.07947336,-0.00019769054667505577,-0.07947336,-0.00019769054667505577,0.0,same,trailing_stop_loss,trailing_stop_loss,0,0,1,1
DualTrendCombinedShortPullbackShapePartialLadderA1FourStepPostTp1LooseA1Roi50Strategy,SOL/USDT:USDT,2024-12-18 20:00:00+00:00,short_compression_breakdown,0.00065656,2.6769553822954782e-06,0.00065656,2.6769553822954782e-06,0.0,same,trailing_stop_loss,trailing_stop_loss,0,0,1,1
DualTrendCombinedShortPullbackShapePartialLadderA1FourStepPostTp1LooseA1Roi50Strategy,SOL/USDT:USDT,2025-02-05 16:00:00+00:00,short_compression_breakdown,-0.03759996,-0.0001504548564060684,-0.03759996,-0.0001504548564060684,0.0,same,trailing_stop_loss,trailing_stop_loss,0,0,1,1
DualTrendCombinedShortPullbackShapePartialLadderA1FourStepPostTp1LooseA1Roi50Strategy,SOL/USDT:USDT,2025-02-06 15:00:00+00:00,short_pullback_restart,0.02048699,9.814682741600448e-05,0.02048699,9.814682741600448e-05,0.0,same,trailing_stop_loss,trailing_stop_loss,0,0,1,1
DualTrendCombinedShortPullbackShapePartialLadderA1FourStepPostTp1LooseA1Roi50Strategy,SOL/USDT:USDT,2025-02-16 14:00:00+00:00,short_pullback_restart,46.99336837,0.14863255543712697,47.3936184,0.1498984826697589,0.40025003000000225,bigwin_more_profit,trailing_stop_loss,trailing_stop_loss,3,3,4,4
DualTrendCombinedShortPullbackShapePartialLadderA1FourStepPostTp1LooseA1Roi50Strategy,SOL/USDT:USDT,2025-03-18 14:00:00+00:00,short_compression_breakdown,-8.63449108,-0.03285943235594488,-8.9959349,-0.03285943238278796,-0.36144381999999986,loss_to_more_loss,trailing_stop_loss,trailing_stop_loss,0,0,1,1
DualTrendCombinedShortPullbackShapePartialLadderA1FourStepPostTp1LooseA1Roi50Strategy,SOL/USDT:USDT,2025-03-30 14:00:00+00:00,short_pullback_restart,-10.66751748,-0.028364240600920534,-11.05224762,-0.028364240604454558,-0.3847301399999985,loss_to_more_loss,stop_loss,stop_loss,0,0,1,1
DualTrendCombinedShortPullbackShapePartialLadderA1FourStepPostTp1LooseA1Roi50Strategy,SOL/USDT:USDT,2025-04-05 14:00:00+00:00,short_pullback_restart,17.2750017,0.07563540707059865,17.8670771,0.07550335219037581,0.5920753999999988,profit_to_less_profit,trailing_stop_loss,trailing_stop_loss,1,1,2,2
DualTrendCombinedShortPullbackShapePartialLadderA1FourStepPostTp1LooseA1Roi50Strategy,SOL/USDT:USDT,2025-05-09 00:00:00+00:00,long_1d_center_compression,-10.50992561,-0.021017484516731515,-10.92479109,-0.02101748450787175,-0.41486547999999956,loss_to_less_loss,stop_loss,stop_loss,0,0,1,1
DualTrendCombinedShortPullbackShapePartialLadderA1FourStepPostTp1LooseA1Roi50Strategy,SOL/USDT:USDT,2025-06-05 14:00:00+00:00,short_pullback_restart,-0.03853389,-0.00011454302596716776,-0.0399101,-0.00011454302494215846,-0.0013762099999999958,loss_to_less_loss,trailing_stop_loss,trailing_stop_loss,0,0,1,1
DualTrendCombinedShortPullbackShapePartialLadderA1FourStepPostTp1LooseA1Roi50Strategy,SOL/USDT:USDT,2025-06-19 15:00:00+00:00,short_pullback_restart,-10.70533437,-0.030930916492069166,-11.10346664,-0.03093091649218428,-0.3981322700000014,loss_to_more_loss,stop_loss,stop_loss,0,0,1,1
DualTrendCombinedShortPullbackShapePartialLadderA1FourStepPostTp1LooseA1Roi50Strategy,SOL/USDT:USDT,2025-09-11 00:00:00+00:00,long_1d_center_compression,-0.00171133,-3.156237175798068e-06,-0.00177497,-3.1562291666071973e-06,-6.364000000000001e-05,loss_to_less_loss,trailing_stop_loss,trailing_stop_loss,0,0,1,1
DualTrendCombinedShortPullbackShapePartialLadderA1FourStepPostTp1LooseA1Roi50Strategy,SOL/USDT:USDT,2025-10-19 09:00:00+00:00,short_pullback_restart,-12.648285,-0.022915059224527516,-13.11205545,-0.02291505922452752,-0.46377045000000017,loss_to_more_loss,stop_loss,stop_loss,0,0,1,1
DualTrendCombinedShortPullbackShapePartialLadderA1FourStepPostTp1LooseA1Roi50Strategy,SOL/USDT:USDT,2025-10-20 17:00:00+00:00,short_pullback_restart,-0.0233789,-7.751331195993941e-05,-0.02425016,-7.751330123908226e-05,-0.0008712599999999987,loss_to_less_loss,trailing_stop_loss,trailing_stop_loss,0,0,1,1
DualTrendCombinedShortPullbackShapePartialLadderA1FourStepPostTp1LooseA1Roi50Strategy,SOL/USDT:USDT,2025-12-21 02:00:00+00:00,short_pullback_restart,-8.65150548,-0.014726264834068328,-8.98283974,-0.014726264846485737,-0.33133425999999844,loss_to_more_loss,stop_loss,stop_loss,0,0,1,1
DualTrendCombinedShortPullbackShapePartialLadderA1FourStepPostTp1LooseA1Roi50Strategy,SOL/USDT:USDT,2026-01-27 14:00:00+00:00,short_pullback_restart,-11.06370898,-0.018535842348839086,-11.49713263,-0.01853584234760915,-0.43342364999999994,loss_to_less_loss,stop_loss,stop_loss,0,0,1,1
DualTrendCombinedShortPullbackShapePartialLadderA1FourStepPostTp1LooseA1Roi50Strategy,SUI/USDT:USDT,2023-07-30 20:00:00+00:00,short_pullback_restart,-0.45279074,-0.0018114209405415607,-0.45279074,-0.0018114209405415607,0.0,same,trailing_stop_loss,trailing_stop_loss,0,0,1,1
DualTrendCombinedShortPullbackShapePartialLadderA1FourStepPostTp1LooseA1Roi50Strategy,SUI/USDT:USDT,2023-09-11 09:00:00+00:00,short_compression_breakdown,-0.01087749,-7.03639569383376e-05,-0.01087749,-7.03639569383376e-05,0.0,same,trailing_stop_loss,trailing_stop_loss,0,0,1,1
DualTrendCombinedShortPullbackShapePartialLadderA1FourStepPostTp1LooseA1Roi50Strategy,SUI/USDT:USDT,2023-09-17 17:00:00+00:00,short_compression_breakdown,0.03501217,0.00013907224851406622,0.03501217,0.00013907224851406622,0.0,same,trailing_stop_loss,trailing_stop_loss,0,0,1,1
DualTrendCombinedShortPullbackShapePartialLadderA1FourStepPostTp1LooseA1Roi50Strategy,SUI/USDT:USDT,2023-10-09 09:00:00+00:00,short_pullback_restart,-0.9846396,-0.0033338347495426033,-0.9846396,-0.0033338347495426033,0.0,same,trailing_stop_loss,trailing_stop_loss,0,0,1,1
DualTrendCombinedShortPullbackShapePartialLadderA1FourStepPostTp1LooseA1Roi50Strategy,SUI/USDT:USDT,2024-03-28 00:00:00+00:00,long_1d_center_compression,-0.76645977,-0.001942550516302003,-0.76645977,-0.001942550516302003,0.0,same,trailing_stop_loss,trailing_stop_loss,0,0,1,1
DualTrendCombinedShortPullbackShapePartialLadderA1FourStepPostTp1LooseA1Roi50Strategy,SUI/USDT:USDT,2024-05-05 02:00:00+00:00,short_compression_breakdown,-7.2333989,-0.030794884430546225,-7.23668831,-0.030794884457038357,-0.003289409999999826,loss_to_more_loss,trailing_stop_loss,trailing_stop_loss,0,0,1,1
DualTrendCombinedShortPullbackShapePartialLadderA1FourStepPostTp1LooseA1Roi50Strategy,SUI/USDT:USDT,2024-06-02 10:00:00+00:00,short_pullback_restart,-8.89121643,-0.02247737474904935,-8.89348865,-0.02247737473640914,-0.002272220000000047,loss_to_less_loss,stop_loss,stop_loss,0,0,1,1
DualTrendCombinedShortPullbackShapePartialLadderA1FourStepPostTp1LooseA1Roi50Strategy,SUI/USDT:USDT,2024-06-29 23:00:00+00:00,short_pullback_restart,-8.2442906,-0.029192905275321306,-8.24657497,-0.029192905276037347,-0.0022843699999999245,loss_to_more_loss,stop_loss,stop_loss,0,0,1,1
DualTrendCombinedShortPullbackShapePartialLadderA1FourStepPostTp1LooseA1Roi50Strategy,SUI/USDT:USDT,2024-07-30 15:00:00+00:00,short_compression_breakdown,0.01558414,6.969891557654674e-05,0.01558919,6.969891580835372e-05,5.049999999999499e-06,profit_to_more_profit,trailing_stop_loss,trailing_stop_loss,0,0,1,1
DualTrendCombinedShortPullbackShapePartialLadderA1FourStepPostTp1LooseA1Roi50Strategy,SUI/USDT:USDT,2025-01-26 21:00:00+00:00,short_pullback_restart,25.57075843,0.07549587371116741,25.57075843,0.07549587371116741,0.0,same,trailing_stop_loss,trailing_stop_loss,1,1,2,2
DualTrendCombinedShortPullbackShapePartialLadderA1FourStepPostTp1LooseA1Roi50Strategy,SUI/USDT:USDT,2025-04-19 17:00:00+00:00,short_pullback_restart,-10.24528137,-0.020154341474630237,-10.62141185,-0.020154341474630234,-0.3761304799999987,loss_to_less_loss,trailing_stop_loss,trailing_stop_loss,0,0,1,1
DualTrendCombinedShortPullbackShapePartialLadderA1FourStepPostTp1LooseA1Roi50Strategy,SUI/USDT:USDT,2025-06-04 11:00:00+00:00,short_pullback_restart,0.05083221,0.00011787887630999669,0.05272893,0.00011787886680051052,0.0018967199999999976,profit_to_less_profit,trailing_stop_loss,trailing_stop_loss,0,0,1,1
DualTrendCombinedShortPullbackShapePartialLadderA1FourStepPostTp1LooseA1Roi50Strategy,SUI/USDT:USDT,2025-08-29 08:00:00+00:00,short_compression_breakdown,0.02977794,0.00011399396765010398,0.03088649,0.0001139939685502842,0.0011085499999999998,profit_to_more_profit,trailing_stop_loss,trailing_stop_loss,0,0,1,1
DualTrendCombinedShortPullbackShapePartialLadderA1FourStepPostTp1LooseA1Roi50Strategy,SUI/USDT:USDT,2025-09-24 04:00:00+00:00,short_pullback_restart,-11.79909764,-0.046995830449038226,-12.24521737,-0.046995830455793315,-0.44611973000000127,loss_to_more_loss,stop_loss,stop_loss,0,0,1,1
DualTrendCombinedShortPullbackShapePartialLadderA1FourStepPostTp1LooseA1Roi50Strategy,SUI/USDT:USDT,2025-09-25 01:00:00+00:00,short_pullback_restart,3.08451465,0.008444272506519206,3.20011346,0.008444272500465054,0.11559880999999983,profit_to_less_profit,stale_flat_120h,stale_flat_120h,0,0,1,1
DualTrendCombinedShortPullbackShapePartialLadderA1FourStepPostTp1LooseA1Roi50Strategy,SUI/USDT:USDT,2025-11-19 06:00:00+00:00,short_pullback_restart,0.07792882,0.0003248494446945053,0.08093217,0.0003248494770169778,0.003003350000000002,profit_to_more_profit,trailing_stop_loss,trailing_stop_loss,0,0,1,1
DualTrendCombinedShortPullbackShapePartialLadderA1FourStepPostTp1LooseA1Roi50Strategy,SUI/USDT:USDT,2025-12-11 15:00:00+00:00,short_compression_breakdown,-13.25771697,-0.028985674178288554,-13.76609891,-0.028985674168817286,-0.5083819399999996,loss_to_less_loss,stop_loss,stop_loss,0,0,1,1
DualTrendCombinedShortPullbackShapePartialLadderA1FourStepPostTp1LooseA1Roi50Strategy,SUI/USDT:USDT,2026-03-22 00:00:00+00:00,short_pullback_restart,0.01050856,2.8945814684021573e-05,0.01083493,2.8945815890871884e-05,0.00032636999999999944,profit_to_more_profit,trailing_stop_loss,trailing_stop_loss,0,0,1,1
DualTrendCombinedShortPullbackShapePartialLadderA1FourStepPostTp1LooseA1Roi50Strategy,TAO/USDT:USDT,2024-06-10 05:00:00+00:00,short_pullback_restart,0.02549886,0.00010541758258828341,0.02549886,0.00010541758258828341,0.0,same,trailing_stop_loss,trailing_stop_loss,0,0,1,1
DualTrendCombinedShortPullbackShapePartialLadderA1FourStepPostTp1LooseA1Roi50Strategy,TAO/USDT:USDT,2024-06-22 20:00:00+00:00,short_pullback_restart,-8.39779569,-0.03385775268632348,-8.39779569,-0.03385775268632348,0.0,same,stop_loss,stop_loss,0,0,1,1
DualTrendCombinedShortPullbackShapePartialLadderA1FourStepPostTp1LooseA1Roi50Strategy,TAO/USDT:USDT,2024-11-02 13:00:00+00:00,short_pullback_restart,18.10706765,0.07515247231024974,18.10706765,0.07515247231024974,0.0,same,trailing_stop_loss,trailing_stop_loss,1,1,2,2
DualTrendCombinedShortPullbackShapePartialLadderA1FourStepPostTp1LooseA1Roi50Strategy,TAO/USDT:USDT,2025-01-15 10:00:00+00:00,short_pullback_restart,-9.30005818,-0.04995236814482479,-9.30005818,-0.04995236814482479,0.0,same,stop_loss,stop_loss,0,0,1,1
DualTrendCombinedShortPullbackShapePartialLadderA1FourStepPostTp1LooseA1Roi50Strategy,TAO/USDT:USDT,2025-08-28 17:00:00+00:00,short_pullback_restart,0.08908409,0.00025575281596958003,0.09235554,0.00025575281698652524,0.003271449999999995,profit_to_more_profit,trailing_stop_loss,trailing_stop_loss,0,0,1,1
DualTrendCombinedShortPullbackShapePartialLadderA1FourStepPostTp1LooseA1Roi50Strategy,TAO/USDT:USDT,2025-09-04 16:00:00+00:00,short_compression_breakdown,-11.13869987,-0.03088317975811889,-11.5447983,-0.030883179750734575,-0.4060984300000001,loss_to_less_loss,trailing_stop_loss,trailing_stop_loss,0,0,1,1
DualTrendCombinedShortPullbackShapePartialLadderA1FourStepPostTp1LooseA1Roi50Strategy,TAO/USDT:USDT,2025-09-23 18:00:00+00:00,short_pullback_restart,3.0023754,0.009962590796834628,3.11619496,0.009962590799324125,0.11381956000000004,profit_to_more_profit,stale_flat_120h,stale_flat_120h,0,0,1,1
DualTrendCombinedShortPullbackShapePartialLadderA1FourStepPostTp1LooseA1Roi50Strategy,TAO/USDT:USDT,2025-11-29 18:00:00+00:00,short_compression_breakdown,34.77525322,0.0744760951005769,36.11637048,0.07449220551990457,1.3411172599999972,profit_to_more_profit,trailing_stop_loss,trailing_stop_loss,1,1,2,2
DualTrendCombinedShortPullbackShapePartialLadderA1FourStepPostTp1LooseA1Roi50Strategy,TAO/USDT:USDT,2025-12-17 06:00:00+00:00,short_pullback_restart,0.02202805,8.267083044692441e-05,0.02286403,8.267083360299531e-05,0.0008359800000000001,profit_to_more_profit,trailing_stop_loss,trailing_stop_loss,0,0,1,1
DualTrendCombinedShortPullbackShapePartialLadderA1FourStepPostTp1LooseA1Roi50Strategy,TAO/USDT:USDT,2026-01-25 05:00:00+00:00,short_pullback_restart,-0.0109748,-1.8372716215132625e-05,-0.01139874,-1.8372719633182603e-05,-0.0004239399999999994,loss_to_more_loss,trailing_stop_loss,trailing_stop_loss,0,0,1,1
DualTrendCombinedShortPullbackShapePartialLadderA1FourStepPostTp1LooseA1Roi50Strategy,TAO/USDT:USDT,2026-01-29 02:00:00+00:00,short_pullback_restart,52.90774326,0.15202127371857332,54.48664248,0.15078577927026357,1.5788992200000038,bigwin_less_profit,trailing_stop_loss,trailing_stop_loss,3,3,4,4
DualTrendCombinedShortPullbackShapePartialLadderA1FourStepPostTp1LooseA1Roi50Strategy,TAO/USDT:USDT,2026-04-30 15:00:00+00:00,short_compression_breakdown,-10.60159338,-0.019683787060910524,-10.94263728,-0.019683787052478575,-0.34104389999999896,loss_to_less_loss,trailing_stop_loss,trailing_stop_loss,0,0,1,1
DualTrendCombinedShortPullbackShapePartialLadderA1FourStepPostTp1LooseA1Roi50Strategy,XRP/USDT:USDT,2023-08-22 14:00:00+00:00,short_pullback_restart,0.0509367,0.00014106252317818883,0.0509367,0.00014106252317818883,0.0,same,trailing_stop_loss,trailing_stop_loss,0,0,1,1
DualTrendCombinedShortPullbackShapePartialLadderA1FourStepPostTp1LooseA1Roi50Strategy,XRP/USDT:USDT,2023-09-01 15:00:00+00:00,short_compression_breakdown,0.04077401,0.00011469659422106272,0.04077401,0.00011469659422106272,0.0,same,trailing_stop_loss,trailing_stop_loss,0,0,1,1
DualTrendCombinedShortPullbackShapePartialLadderA1FourStepPostTp1LooseA1Roi50Strategy,XRP/USDT:USDT,2023-09-06 15:00:00+00:00,short_pullback_restart,-5.08308727,-0.01451640481634462,-5.08308727,-0.01451640481634462,0.0,same,stop_loss,stop_loss,0,0,1,1
DualTrendCombinedShortPullbackShapePartialLadderA1FourStepPostTp1LooseA1Roi50Strategy,XRP/USDT:USDT,2023-10-12 09:00:00+00:00,short_pullback_restart,-7.5713528,-0.028183832759026643,-7.5713528,-0.028183832759026643,0.0,same,stop_loss,stop_loss,0,0,1,1
DualTrendCombinedShortPullbackShapePartialLadderA1FourStepPostTp1LooseA1Roi50Strategy,XRP/USDT:USDT,2024-01-19 15:00:00+00:00,short_compression_breakdown,0.06733255,0.00020153326753760798,0.06733255,0.00020153326753760798,0.0,same,trailing_stop_loss,trailing_stop_loss,0,0,1,1
DualTrendCombinedShortPullbackShapePartialLadderA1FourStepPostTp1LooseA1Roi50Strategy,XRP/USDT:USDT,2024-01-22 00:00:00+00:00,short_pullback_restart,25.483310109999998,0.07675773992404786,25.483310109999998,0.07675773992404786,0.0,same,trailing_stop_loss,trailing_stop_loss,1,1,2,2
DualTrendCombinedShortPullbackShapePartialLadderA1FourStepPostTp1LooseA1Roi50Strategy,XRP/USDT:USDT,2024-04-25 11:00:00+00:00,short_compression_breakdown,-8.16281255,-0.0295598879410047,-8.16433974,-0.029559887953197594,-0.0015271900000008998,loss_to_more_loss,trailing_stop_loss,trailing_stop_loss,0,0,1,1
DualTrendCombinedShortPullbackShapePartialLadderA1FourStepPostTp1LooseA1Roi50Strategy,XRP/USDT:USDT,2024-04-30 09:00:00+00:00,short_pullback_restart,0.04336822,0.0001985420739916774,0.04337816,0.0001985420739916774,9.939999999999949e-06,other,trailing_stop_loss,trailing_stop_loss,0,0,1,1
DualTrendCombinedShortPullbackShapePartialLadderA1FourStepPostTp1LooseA1Roi50Strategy,XRP/USDT:USDT,2024-05-10 15:00:00+00:00,short_pullback_restart,0.15606778,0.000716801008306038,0.15610361,0.0007168009786463064,3.583000000001446e-05,profit_to_less_profit,trailing_stop_loss,trailing_stop_loss,0,0,1,1
DualTrendCombinedShortPullbackShapePartialLadderA1FourStepPostTp1LooseA1Roi50Strategy,XRP/USDT:USDT,2024-06-13 16:00:00+00:00,short_compression_breakdown,0.25088488,0.0006371437271863342,0.25094608,0.0006371437299857318,6.1200000000039e-05,profit_to_more_profit,trailing_stop_loss,trailing_stop_loss,0,0,1,1
DualTrendCombinedShortPullbackShapePartialLadderA1FourStepPostTp1LooseA1Roi50Strategy,XRP/USDT:USDT,2024-06-26 11:00:00+00:00,short_pullback_restart,-6.33238417,-0.01669307274376742,-6.33395587,-0.016693072740581804,-0.0015716999999995096,loss_to_less_loss,stop_loss,stop_loss,0,0,1,1
DualTrendCombinedShortPullbackShapePartialLadderA1FourStepPostTp1LooseA1Roi50Strategy,XRP/USDT:USDT,2024-06-29 23:00:00+00:00,short_pullback_restart,-4.40937002,-0.011781398283344909,-4.41048139,-0.011781398276918478,-0.001111370000000278,loss_to_less_loss,stop_loss,stop_loss,0,0,1,1
DualTrendCombinedShortPullbackShapePartialLadderA1FourStepPostTp1LooseA1Roi50Strategy,XRP/USDT:USDT,2024-09-29 00:00:00+00:00,long_1d_center_compression,-0.19773192,-0.000479790472161655,-0.19784976,-0.00047979047736432934,-0.00011784000000000794,loss_to_more_loss,trailing_stop_loss,trailing_stop_loss,0,0,1,1
DualTrendCombinedShortPullbackShapePartialLadderA1FourStepPostTp1LooseA1Roi50Strategy,XRP/USDT:USDT,2024-10-09 21:00:00+00:00,short_pullback_restart,-9.07784473,-0.02455980256012889,-9.08297418,-0.02455980255922363,-0.005129450000000091,loss_to_less_loss,stop_loss,stop_loss,0,0,1,1
DualTrendCombinedShortPullbackShapePartialLadderA1FourStepPostTp1LooseA1Roi50Strategy,XRP/USDT:USDT,2024-10-23 08:00:00+00:00,short_compression_breakdown,0.1368566,0.00034010983296203556,0.13692817,0.00034010981378750104,7.156999999999303e-05,profit_to_less_profit,trailing_stop_loss,trailing_stop_loss,0,0,1,1
DualTrendCombinedShortPullbackShapePartialLadderA1FourStepPostTp1LooseA1Roi50Strategy,XRP/USDT:USDT,2024-11-03 03:00:00+00:00,short_pullback_restart,-9.15561141,-0.024463074790796683,-9.16050353,-0.024463074778196914,-0.004892119999999167,loss_to_less_loss,stop_loss,stop_loss,0,0,1,1
DualTrendCombinedShortPullbackShapePartialLadderA1FourStepPostTp1LooseA1Roi50Strategy,XRP/USDT:USDT,2024-11-23 00:00:00+00:00,long_1d_center_compression,20.29041847,0.048741064965719574,20.297606,0.04874106494761822,0.007187529999999498,profit_to_less_profit,trailing_stop_loss,trailing_stop_loss,0,0,1,1
DualTrendCombinedShortPullbackShapePartialLadderA1FourStepPostTp1LooseA1Roi50Strategy,XRP/USDT:USDT,2024-11-30 00:00:00+00:00,long_1d_center_compression,-0.02620753,-6.236429824957444e-05,-0.02621877,-6.236429101475598e-05,-1.1239999999999167e-05,loss_to_less_loss,trailing_stop_loss,trailing_stop_loss,0,0,1,1
DualTrendCombinedShortPullbackShapePartialLadderA1FourStepPostTp1LooseA1Roi50Strategy,XRP/USDT:USDT,2025-03-28 05:00:00+00:00,short_compression_breakdown,19.63716386,0.07572494376966173,20.38374909,0.07574922647121743,0.7465852299999973,profit_to_more_profit,trailing_stop_loss,trailing_stop_loss,1,1,2,2
DualTrendCombinedShortPullbackShapePartialLadderA1FourStepPostTp1LooseA1Roi50Strategy,XRP/USDT:USDT,2025-05-30 17:00:00+00:00,short_pullback_restart,0.01822418,6.076580616221224e-05,0.01890399,6.0765801043084707e-05,0.0006798099999999994,profit_to_less_profit,trailing_stop_loss,trailing_stop_loss,0,0,1,1
DualTrendCombinedShortPullbackShapePartialLadderA1FourStepPostTp1LooseA1Roi50Strategy,XRP/USDT:USDT,2025-06-05 07:00:00+00:00,short_pullback_restart,0.01043333,2.4415434604583556e-05,0.01081757,2.441542241323678e-05,0.00038424000000000097,profit_to_less_profit,trailing_stop_loss,trailing_stop_loss,0,0,1,1
DualTrendCombinedShortPullbackShapePartialLadderA1FourStepPostTp1LooseA1Roi50Strategy,XRP/USDT:USDT,2025-08-22 04:00:00+00:00,short_compression_breakdown,-12.40281506,-0.0337126498165759,-12.86076515,-0.03371264980471931,-0.45795009000000064,loss_to_less_loss,stop_loss,stop_loss,0,0,1,1
DualTrendCombinedShortPullbackShapePartialLadderA1FourStepPostTp1LooseA1Roi50Strategy,XRP/USDT:USDT,2025-09-04 20:00:00+00:00,short_pullback_restart,-12.19566523,-0.02806808966248804,-12.64851323,-0.028068089652060348,-0.45284800000000125,loss_to_less_loss,stop_loss,stop_loss,0,0,1,1
DualTrendCombinedShortPullbackShapePartialLadderA1FourStepPostTp1LooseA1Roi50Strategy,XRP/USDT:USDT,2025-10-09 17:00:00+00:00,short_compression_breakdown,21.69880166,0.049171247497785155,22.51762437,0.04917124751055762,0.8188227099999992,profit_to_more_profit,trailing_stop_loss,trailing_stop_loss,0,0,1,1
DualTrendCombinedShortPullbackShapePartialLadderA1FourStepPostTp1LooseA1Roi50Strategy,XRP/USDT:USDT,2025-10-19 09:00:00+00:00,short_pullback_restart,-11.75984648,-0.020795508435670122,-12.210471,-0.02079550842682838,-0.45062451999999986,loss_to_less_loss,stop_loss,stop_loss,0,0,1,1
DualTrendCombinedShortPullbackShapePartialLadderA1FourStepPostTp1LooseA1Roi50Strategy,XRP/USDT:USDT,2025-11-20 16:00:00+00:00,short_pullback_restart,27.36324525,0.07586547305898611,28.406769249999996,0.0758660375284496,1.043523999999998,profit_to_more_profit,trailing_stop_loss,trailing_stop_loss,1,1,2,2
DualTrendCombinedShortPullbackShapePartialLadderA1FourStepPostTp1LooseA1Roi50Strategy,XRP/USDT:USDT,2025-12-05 10:00:00+00:00,short_compression_breakdown,-0.11628696,-0.00025926485003788556,-0.12076363,-0.0002592648395101129,-0.004476670000000002,loss_to_less_loss,trailing_stop_loss,trailing_stop_loss,0,0,1,1
DualTrendCombinedShortPullbackShapePartialLadderA1FourStepPostTp1LooseA1Roi50Strategy,XRP/USDT:USDT,2025-12-14 11:00:00+00:00,short_pullback_restart,-0.10405487,-0.00017574774758489673,-0.1080353,-0.0001757477420283529,-0.003980430000000007,loss_to_less_loss,trailing_stop_loss,trailing_stop_loss,0,0,1,1
DualTrendCombinedShortPullbackShapePartialLadderA1FourStepPostTp1LooseA1Roi50Strategy,XRP/USDT:USDT,2025-12-28 19:00:00+00:00,short_pullback_restart,-8.2679407,-0.014136308428504624,-8.58523243,-0.014136308428499401,-0.3172917299999991,loss_to_less_loss,stop_loss,stop_loss,0,0,1,1
DualTrendCombinedShortPullbackShapePartialLadderA1FourStepPostTp1LooseA1Roi50Strategy,XRP/USDT:USDT,2026-01-22 14:00:00+00:00,short_pullback_restart,0.07309763,0.00012561645161696054,0.07590721,0.00012561644468603382,0.002809580000000006,profit_to_less_profit,trailing_stop_loss,trailing_stop_loss,0,0,1,1
DualTrendCombinedShortPullbackShapePartialLadderA1FourStepPostTp1LooseA1Roi50Strategy,XRP/USDT:USDT,2026-03-22 00:00:00+00:00,short_pullback_restart,-0.00612054,-1.1947363021522357e-05,-0.00631055,-1.1947371020971662e-05,-0.00019001,loss_to_more_loss,trailing_stop_loss,trailing_stop_loss,0,0,1,1
DualTrendCombinedShortPullbackShapePartialLadderA1FourStepPostTp1LooseA1Roi50Strategy,XRP/USDT:USDT,2026-03-24 17:00:00+00:00,short_compression_breakdown,-14.78755371,-0.03368306890445496,-15.24615506,-0.033683068906146876,-0.45860135000000035,loss_to_more_loss,stop_loss,stop_loss,0,0,1,1
DualTrendCombinedShortPullbackShapePartialLadderA1FourStepPostTp1LooseA1Roi50Strategy,XRP/USDT:USDT,2026-03-26 06:00:00+00:00,short_pullback_restart,16.25899793,0.02940249716903231,16.76071814,0.029402497174168315,0.501720210000002,profit_to_more_profit,stale_low_profit_240h,stale_low_profit_240h,0,0,1,1
DualTrendCombinedShortPullbackShapePartialLadderA1FourStepPostTp1LooseA1Roi50Strategy,ZEC/USDT:USDT,2023-07-30 07:00:00+00:00,short_pullback_restart,0.21434249,0.0006325363655283083,0.21434249,0.0006325363655283083,0.0,same,trailing_stop_loss,trailing_stop_loss,0,0,1,1
DualTrendCombinedShortPullbackShapePartialLadderA1FourStepPostTp1LooseA1Roi50Strategy,ZEC/USDT:USDT,2023-08-04 09:00:00+00:00,short_pullback_restart,0.14277446,0.00043539097267674727,0.14277446,0.00043539097267674727,0.0,same,trailing_stop_loss,trailing_stop_loss,0,0,1,1
DualTrendCombinedShortPullbackShapePartialLadderA1FourStepPostTp1LooseA1Roi50Strategy,ZEC/USDT:USDT,2023-08-24 15:00:00+00:00,short_pullback_restart,0.01778779,7.801995992259719e-05,0.01778779,7.801995992259719e-05,0.0,same,trailing_stop_loss,trailing_stop_loss,0,0,1,1
DualTrendCombinedShortPullbackShapePartialLadderA1FourStepPostTp1LooseA1Roi50Strategy,ZEC/USDT:USDT,2023-12-31 21:00:00+00:00,short_pullback_restart,0.14921737,0.0008446218163848083,0.14921737,0.0008446218163848083,0.0,same,trailing_stop_loss,trailing_stop_loss,0,0,1,1
DualTrendCombinedShortPullbackShapePartialLadderA1FourStepPostTp1LooseA1Roi50Strategy,ZEC/USDT:USDT,2024-02-04 23:00:00+00:00,short_compression_breakdown,21.6016285,0.07527779188665326,21.6016285,0.07527779188665326,0.0,same,trailing_stop_loss,trailing_stop_loss,1,1,2,2
DualTrendCombinedShortPullbackShapePartialLadderA1FourStepPostTp1LooseA1Roi50Strategy,ZEC/USDT:USDT,2024-04-12 14:00:00+00:00,short_pullback_restart,39.638654020000004,0.15340795009134744,39.958063210000006,0.15464411489788993,0.3194091900000018,bigwin_more_profit,trailing_stop_loss,trailing_stop_loss,3,3,4,4
DualTrendCombinedShortPullbackShapePartialLadderA1FourStepPostTp1LooseA1Roi50Strategy,ZEC/USDT:USDT,2024-08-31 16:00:00+00:00,short_pullback_restart,30.04589387,0.07766838997387747,30.062696369999998,0.07766613066017129,0.016802499999997167,profit_to_less_profit,trailing_stop_loss,trailing_stop_loss,1,1,2,2
DualTrendCombinedShortPullbackShapePartialLadderA1FourStepPostTp1LooseA1Roi50Strategy,ZEC/USDT:USDT,2024-09-30 16:00:00+00:00,short_compression_breakdown,0.07847313,0.00037821752089200046,0.0785153,0.000378217507164863,4.2169999999994157e-05,profit_to_less_profit,trailing_stop_loss,trailing_stop_loss,0,0,1,1
DualTrendCombinedShortPullbackShapePartialLadderA1FourStepPostTp1LooseA1Roi50Strategy,ZEC/USDT:USDT,2025-01-26 22:00:00+00:00,short_pullback_restart,25.27340333,0.07663479360901237,25.2874702,0.07663479570950797,0.01406687000000062,profit_to_more_profit,trailing_stop_loss,trailing_stop_loss,1,1,2,2
DualTrendCombinedShortPullbackShapePartialLadderA1FourStepPostTp1LooseA1Roi50Strategy,ZEC/USDT:USDT,2025-03-09 03:00:00+00:00,short_pullback_restart,-0.04321408,-0.00015122601041522198,-0.04487207,-0.0001512260108525133,-0.001657989999999998,loss_to_more_loss,trailing_stop_loss,trailing_stop_loss,0,0,1,1
DualTrendCombinedShortPullbackShapePartialLadderA1FourStepPostTp1LooseA1Roi50Strategy,ZEC/USDT:USDT,2025-04-18 07:00:00+00:00,short_pullback_restart,-11.08922504,-0.03697495298373531,-11.50051503,-0.03697495300659853,-0.4112899900000002,loss_to_more_loss,stop_loss,stop_loss,0,0,1,1
DualTrendCombinedShortPullbackShapePartialLadderA1FourStepPostTp1LooseB1Roi50Strategy,ADA/USDT:USDT,2023-08-06 14:00:00+00:00,short_pullback_restart,-4.91750183,-0.014517619749620615,-4.91750183,-0.014517619749620615,0.0,same,stop_loss,stop_loss,0,0,1,1
DualTrendCombinedShortPullbackShapePartialLadderA1FourStepPostTp1LooseB1Roi50Strategy,ADA/USDT:USDT,2023-08-15 19:00:00+00:00,short_pullback_restart,37.97819922,0.11263685369886527,37.97819922,0.11263685369886527,0.0,same,trailing_stop_loss,trailing_stop_loss,1,1,2,2
DualTrendCombinedShortPullbackShapePartialLadderA1FourStepPostTp1LooseB1Roi50Strategy,ADA/USDT:USDT,2023-08-26 09:00:00+00:00,short_pullback_restart,-4.69587693,-0.013108860368117233,-4.69587693,-0.013108860368117233,0.0,same,stop_loss,stop_loss,0,0,1,1
DualTrendCombinedShortPullbackShapePartialLadderA1FourStepPostTp1LooseB1Roi50Strategy,ADA/USDT:USDT,2023-09-26 16:00:00+00:00,short_pullback_restart,-3.65746123,-0.010547163388594804,-3.65746123,-0.010547163388594804,0.0,same,trailing_stop_loss,trailing_stop_loss,0,0,1,1
DualTrendCombinedShortPullbackShapePartialLadderA1FourStepPostTp1LooseB1Roi50Strategy,ADA/USDT:USDT,2023-10-12 10:00:00+00:00,short_pullback_restart,-6.77054113,-0.01961621454600035,-6.77054113,-0.01961621454600035,0.0,same,stop_loss,stop_loss,0,0,1,1
DualTrendCombinedShortPullbackShapePartialLadderA1FourStepPostTp1LooseB1Roi50Strategy,ADA/USDT:USDT,2023-11-03 00:00:00+00:00,long_1d_center_compression,-7.05627641,-0.02087548127335924,-7.05627641,-0.02087548127335924,0.0,same,stop_loss,stop_loss,0,0,1,1
DualTrendCombinedShortPullbackShapePartialLadderA1FourStepPostTp1LooseB1Roi50Strategy,ADA/USDT:USDT,2024-01-18 11:00:00+00:00,short_pullback_restart,0.17231248,0.0006514049307637775,0.17231248,0.0006514049307637775,0.0,same,trailing_stop_loss,trailing_stop_loss,0,0,1,1
DualTrendCombinedShortPullbackShapePartialLadderA1FourStepPostTp1LooseB1Roi50Strategy,ADA/USDT:USDT,2024-04-25 11:00:00+00:00,short_compression_breakdown,0.11950865,0.000538092149733104,0.11950865,0.000538092149733104,0.0,same,trailing_stop_loss,trailing_stop_loss,0,0,1,1
DualTrendCombinedShortPullbackShapePartialLadderA1FourStepPostTp1LooseB1Roi50Strategy,ADA/USDT:USDT,2024-05-08 00:00:00+00:00,short_compression_breakdown,-8.75122514,-0.03481574550059143,-8.75122514,-0.03481574550059143,0.0,same,stop_loss,stop_loss,0,0,1,1
DualTrendCombinedShortPullbackShapePartialLadderA1FourStepPostTp1LooseB1Roi50Strategy,ADA/USDT:USDT,2024-06-02 18:00:00+00:00,short_pullback_restart,-8.419323,-0.022944595893452345,-8.419323,-0.022944595893452345,0.0,same,trailing_stop_loss,trailing_stop_loss,0,0,1,1
DualTrendCombinedShortPullbackShapePartialLadderA1FourStepPostTp1LooseB1Roi50Strategy,ADA/USDT:USDT,2024-06-10 07:00:00+00:00,short_pullback_restart,-8.14383118,-0.020555274180898316,-8.15282989,-0.020555274184715002,-0.008998710000000187,loss_to_more_loss,stop_loss,stop_loss,0,0,1,1
DualTrendCombinedShortPullbackShapePartialLadderA1FourStepPostTp1LooseB1Roi50Strategy,ADA/USDT:USDT,2024-06-14 16:05:00+00:00,short_compression_breakdown,-0.296228,-0.0010005002501250625,-0.296228,-0.0010005002501250625,0.0,same,trailing_stop_loss,trailing_stop_loss,0,0,1,1
DualTrendCombinedShortPullbackShapePartialLadderA1FourStepPostTp1LooseB1Roi50Strategy,ADA/USDT:USDT,2024-07-07 14:00:00+00:00,short_pullback_restart,0.03492316,0.00019164116423558592,0.03492316,0.00019164116423558592,0.0,same,trailing_stop_loss,trailing_stop_loss,0,0,1,1
DualTrendCombinedShortPullbackShapePartialLadderA1FourStepPostTp1LooseB1Roi50Strategy,ADA/USDT:USDT,2024-08-30 12:00:00+00:00,short_pullback_restart,19.09422551,0.07494657639822012,18.95378698,0.0749112601303656,-0.14043853000000084,profit_to_less_profit,trailing_stop_loss,trailing_stop_loss,1,1,2,2
DualTrendCombinedShortPullbackShapePartialLadderA1FourStepPostTp1LooseB1Roi50Strategy,ADA/USDT:USDT,2024-10-09 13:00:00+00:00,short_compression_breakdown,0.10007546,0.00028710864610844924,0.09939268,0.00028710863467780977,-0.0006827800000000078,profit_to_less_profit,trailing_stop_loss,trailing_stop_loss,0,0,1,1
DualTrendCombinedShortPullbackShapePartialLadderA1FourStepPostTp1LooseB1Roi50Strategy,ADA/USDT:USDT,2024-12-03 00:00:00+00:00,long_1d_center_compression,20.40033665,0.04854143771934053,20.22497559,0.0485414377194093,-0.17536106000000018,profit_to_more_profit,trailing_stop_loss,trailing_stop_loss,0,0,1,1
DualTrendCombinedShortPullbackShapePartialLadderA1FourStepPostTp1LooseB1Roi50Strategy,ADA/USDT:USDT,2025-03-18 14:00:00+00:00,short_compression_breakdown,-9.93460439,-0.043301766897075676,-10.23115975,-0.04330176691855323,-0.29655535999999927,loss_to_more_loss,trailing_stop_loss,trailing_stop_loss,0,0,1,1
DualTrendCombinedShortPullbackShapePartialLadderA1FourStepPostTp1LooseB1Roi50Strategy,ADA/USDT:USDT,2025-03-23 19:00:00+00:00,short_pullback_restart,-10.65687772,-0.03430321889417303,-10.98990515,-0.0343032188980747,-0.33302742999999957,loss_to_more_loss,stop_loss,stop_loss,0,0,1,1
DualTrendCombinedShortPullbackShapePartialLadderA1FourStepPostTp1LooseB1Roi50Strategy,ADA/USDT:USDT,2025-04-06 08:00:00+00:00,short_compression_breakdown,25.645581789999998,0.07545393083303753,26.41593873,0.07545538284670712,0.7703569400000028,profit_to_more_profit,trailing_stop_loss,trailing_stop_loss,1,1,2,2
DualTrendCombinedShortPullbackShapePartialLadderA1FourStepPostTp1LooseB1Roi50Strategy,ADA/USDT:USDT,2025-06-02 09:00:00+00:00,short_pullback_restart,-10.86952871,-0.029765852707692532,-11.20920149,-0.029765852728438492,-0.339672779999999,loss_to_more_loss,stop_loss,stop_loss,0,0,1,1
DualTrendCombinedShortPullbackShapePartialLadderA1FourStepPostTp1LooseB1Roi50Strategy,ADA/USDT:USDT,2025-06-12 20:00:00+00:00,short_compression_breakdown,30.56852161,0.11800039167833808,32.11081227,0.12053665491518438,1.5422906599999955,bigwin_more_profit,trailing_stop_loss,trailing_stop_loss,2,2,3,3
DualTrendCombinedShortPullbackShapePartialLadderA1FourStepPostTp1LooseB1Roi50Strategy,ADA/USDT:USDT,2025-11-02 15:00:00+00:00,short_pullback_restart,27.156036559999997,0.07613075891035202,27.978041259999998,0.07613205837138566,0.8220047000000008,profit_to_more_profit,trailing_stop_loss,trailing_stop_loss,1,1,2,2
DualTrendCombinedShortPullbackShapePartialLadderA1FourStepPostTp1LooseB1Roi50Strategy,ADA/USDT:USDT,2025-11-11 20:00:00+00:00,short_compression_breakdown,0.01832521,6.433460178246166e-05,0.01890352,6.433460050705825e-05,0.0005783099999999985,profit_to_less_profit,trailing_stop_loss,trailing_stop_loss,0,0,1,1
DualTrendCombinedShortPullbackShapePartialLadderA1FourStepPostTp1LooseB1Roi50Strategy,ADA/USDT:USDT,2025-12-21 02:00:00+00:00,short_pullback_restart,0.06104607,0.00013600869431562554,0.06295533,0.00013600869474237126,0.001909260000000003,profit_to_more_profit,trailing_stop_loss,trailing_stop_loss,0,0,1,1
DualTrendCombinedShortPullbackShapePartialLadderA1FourStepPostTp1LooseB1Roi50Strategy,ADA/USDT:USDT,2025-12-23 14:00:00+00:00,short_compression_breakdown,0.08541105,0.00022720222041720998,0.08803655,0.00022720220033628068,0.002625500000000003,profit_to_less_profit,trailing_stop_loss,trailing_stop_loss,0,0,1,1
DualTrendCombinedShortPullbackShapePartialLadderA1FourStepPostTp1LooseB1Roi50Strategy,ADA/USDT:USDT,2026-01-20 09:00:00+00:00,short_pullback_restart,0.07793284,0.00021225515731736801,0.08038019,0.00021225515412994175,0.002447350000000001,profit_to_less_profit,trailing_stop_loss,trailing_stop_loss,0,0,1,1
DualTrendCombinedShortPullbackShapePartialLadderA1FourStepPostTp1LooseB1Roi50Strategy,ADA/USDT:USDT,2026-01-22 15:00:00+00:00,short_pullback_restart,-11.90051583,-0.029336495677391747,-12.27830998,-0.02933649566942743,-0.3777941499999997,loss_to_less_loss,trailing_stop_loss,trailing_stop_loss,0,0,1,1
DualTrendCombinedShortPullbackShapePartialLadderA1FourStepPostTp1LooseB1Roi50Strategy,ADA/USDT:USDT,2026-01-29 03:00:00+00:00,short_pullback_restart,63.07904661,0.1656947242603419,65.04655466999999,0.1656806499647365,1.967508059999993,bigwin_less_profit,trailing_stop_loss,trailing_stop_loss,3,3,4,4
DualTrendCombinedShortPullbackShapePartialLadderA1FourStepPostTp1LooseB1Roi50Strategy,ADA/USDT:USDT,2026-04-13 00:00:00+00:00,short_compression_breakdown,-15.29107832,-0.02426210146595232,-15.67435637,-0.024262101454492296,-0.3832780499999995,loss_to_less_loss,stop_loss,stop_loss,0,0,1,1
DualTrendCombinedShortPullbackShapePartialLadderA1FourStepPostTp1LooseB1Roi50Strategy,BNB/USDT:USDT,2024-02-09 00:00:00+00:00,long_1d_center_compression,1.29508053,0.003694222256497909,1.29508053,0.003694222256497909,0.0,same,trailing_stop_loss,trailing_stop_loss,0,0,1,1
DualTrendCombinedShortPullbackShapePartialLadderA1FourStepPostTp1LooseB1Roi50Strategy,BNB/USDT:USDT,2024-06-04 00:00:00+00:00,long_1d_center_compression,28.72211646,0.07386472716218635,28.72211646,0.07386472716218635,0.0,same,trailing_stop_loss,trailing_stop_loss,0,0,1,1
DualTrendCombinedShortPullbackShapePartialLadderA1FourStepPostTp1LooseB1Roi50Strategy,BNB/USDT:USDT,2024-07-04 02:00:00+00:00,short_compression_breakdown,13.6541672,0.07945101207642458,13.6541672,0.07945101207642458,0.0,same,trailing_stop_loss,trailing_stop_loss,1,1,2,2
DualTrendCombinedShortPullbackShapePartialLadderA1FourStepPostTp1LooseB1Roi50Strategy,BNB/USDT:USDT,2024-08-03 16:00:00+00:00,short_pullback_restart,34.53755669,0.11806252204027752,35.28412979,0.12061459322077736,0.7465730999999991,bigwin_more_profit,trailing_stop_loss,trailing_stop_loss,2,2,3,3
DualTrendCombinedShortPullbackShapePartialLadderA1FourStepPostTp1LooseB1Roi50Strategy,BNB/USDT:USDT,2024-08-31 17:00:00+00:00,short_pullback_restart,-0.01505543,-3.923185656970638e-05,-0.01505543,-3.923185656970638e-05,0.0,same,trailing_stop_loss,trailing_stop_loss,0,0,1,1
DualTrendCombinedShortPullbackShapePartialLadderA1FourStepPostTp1LooseB1Roi50Strategy,BNB/USDT:USDT,2024-11-24 00:00:00+00:00,long_1d_center_compression,-0.20770461,-0.0004981743507325784,-0.20770461,-0.0004981743507325784,0.0,same,trailing_stop_loss,trailing_stop_loss,0,0,1,1
DualTrendCombinedShortPullbackShapePartialLadderA1FourStepPostTp1LooseB1Roi50Strategy,BNB/USDT:USDT,2025-01-28 22:00:00+00:00,short_pullback_restart,-9.80077175,-0.02697160292525803,-9.80077175,-0.02697160292525803,0.0,same,stop_loss,stop_loss,0,0,1,1
DualTrendCombinedShortPullbackShapePartialLadderA1FourStepPostTp1LooseB1Roi50Strategy,BNB/USDT:USDT,2025-05-22 00:00:00+00:00,long_1d_center_compression,0.0044311,9.006912983775932e-06,0.0046132,9.00691298377593e-06,0.00018209999999999928,profit_to_less_profit,trailing_stop_loss,trailing_stop_loss,0,0,1,1
DualTrendCombinedShortPullbackShapePartialLadderA1FourStepPostTp1LooseB1Roi50Strategy,BNB/USDT:USDT,2025-07-11 00:00:00+00:00,long_1d_center_compression,-0.05479269,-0.0001139970178520989,-0.0579237,-0.00011399701616519479,-0.0031310100000000035,loss_to_less_loss,trailing_stop_loss,trailing_stop_loss,0,0,1,1
DualTrendCombinedShortPullbackShapePartialLadderA1FourStepPostTp1LooseB1Roi50Strategy,BNB/USDT:USDT,2025-08-14 00:00:00+00:00,long_1d_center_compression,-0.12023959,-0.00021795793755197116,-0.12393927,-0.00021795793809307478,-0.0036996800000000107,loss_to_more_loss,trailing_stop_loss,trailing_stop_loss,0,0,1,1
DualTrendCombinedShortPullbackShapePartialLadderA1FourStepPostTp1LooseB1Roi50Strategy,BNB/USDT:USDT,2025-10-03 00:00:00+00:00,long_1d_center_compression,61.12492776,0.11429211330535909,63.6500995,0.11663343512264548,2.5251717400000047,bigwin_more_profit,trailing_stop_loss,trailing_stop_loss,0,0,1,1
DualTrendCombinedShortPullbackShapePartialLadderA1FourStepPostTp1LooseB1Roi50Strategy,BNB/USDT:USDT,2025-11-20 17:00:00+00:00,short_pullback_restart,13.82823198,0.049097027434339476,14.26036423,0.04909702743649129,0.43213225000000044,profit_to_more_profit,trailing_stop_loss,trailing_stop_loss,0,0,1,1
DualTrendCombinedShortPullbackShapePartialLadderA1FourStepPostTp1LooseB1Roi50Strategy,BNB/USDT:USDT,2025-11-25 15:00:00+00:00,short_pullback_restart,-12.6922725,-0.03015297005961308,-13.1999634,-0.03015297005961308,-0.5076909000000001,other,stop_loss,stop_loss,0,0,1,1
DualTrendCombinedShortPullbackShapePartialLadderA1FourStepPostTp1LooseB1Roi50Strategy,BNB/USDT:USDT,2025-12-17 16:00:00+00:00,short_pullback_restart,0.0042076,7.356016590511494e-06,0.0043332,7.356016590511493e-06,0.00012560000000000002,profit_to_less_profit,trailing_stop_loss,trailing_stop_loss,0,0,1,1
DualTrendCombinedShortPullbackShapePartialLadderA1FourStepPostTp1LooseB1Roi50Strategy,BNB/USDT:USDT,2026-01-31 09:00:00+00:00,short_pullback_restart,70.98423771,0.17691318913136336,73.28869186,0.17892886861442653,2.304454149999998,bigwin_more_profit,trailing_stop_loss,trailing_stop_loss,3,3,4,4
DualTrendCombinedShortPullbackShapePartialLadderA1FourStepPostTp1LooseB1Roi50Strategy,BTC/USDT:USDT,2023-08-17 14:00:00+00:00,short_compression_breakdown,15.34289383,0.049148967124105276,15.34289383,0.049148967124105276,0.0,same,trailing_stop_loss,trailing_stop_loss,0,0,1,1
DualTrendCombinedShortPullbackShapePartialLadderA1FourStepPostTp1LooseB1Roi50Strategy,BTC/USDT:USDT,2023-09-04 22:00:00+00:00,short_pullback_restart,-4.44146419,-0.013319072265917425,-4.44146419,-0.013319072265917425,0.0,same,trailing_stop_loss,trailing_stop_loss,0,0,1,1
DualTrendCombinedShortPullbackShapePartialLadderA1FourStepPostTp1LooseB1Roi50Strategy,BTC/USDT:USDT,2023-10-24 00:00:00+00:00,long_1d_center_compression,31.33409579,0.09469201358080105,31.33409579,0.09469201358080105,0.0,same,swing_exit_long_1d,swing_exit_long_1d,0,0,1,1
DualTrendCombinedShortPullbackShapePartialLadderA1FourStepPostTp1LooseB1Roi50Strategy,BTC/USDT:USDT,2024-01-03 00:00:00+00:00,long_1d_center_compression,-6.72809798,-0.021358001854785612,-6.72809798,-0.021358001854785612,0.0,same,stop_loss,stop_loss,0,0,1,1
DualTrendCombinedShortPullbackShapePartialLadderA1FourStepPostTp1LooseB1Roi50Strategy,BTC/USDT:USDT,2024-01-19 17:00:00+00:00,short_compression_breakdown,-6.367124,-0.0315294722142182,-6.367124,-0.0315294722142182,0.0,same,stop_loss,stop_loss,0,0,1,1
DualTrendCombinedShortPullbackShapePartialLadderA1FourStepPostTp1LooseB1Roi50Strategy,BTC/USDT:USDT,2024-01-22 02:00:00+00:00,short_pullback_restart,0.41660114,0.0012595812555525052,0.41660114,0.0012595812555525052,0.0,same,trailing_stop_loss,trailing_stop_loss,0,0,1,1
DualTrendCombinedShortPullbackShapePartialLadderA1FourStepPostTp1LooseB1Roi50Strategy,BTC/USDT:USDT,2024-02-08 00:00:00+00:00,long_1d_center_compression,41.15192068,0.13256030522511064,41.15192068,0.13256030522511064,0.0,same,structure_exit_long_1d,structure_exit_long_1d,0,0,1,1
DualTrendCombinedShortPullbackShapePartialLadderA1FourStepPostTp1LooseB1Roi50Strategy,BTC/USDT:USDT,2024-02-27 00:00:00+00:00,long_1d_center_compression,52.757755700000004,0.16122346213442101,52.757755700000004,0.16122346213442101,0.0,same,swing_exit_long_1d,swing_exit_long_1d,0,0,1,1
DualTrendCombinedShortPullbackShapePartialLadderA1FourStepPostTp1LooseB1Roi50Strategy,BTC/USDT:USDT,2024-04-09 00:00:00+00:00,long_1d_center_compression,-7.59676278,-0.02118623431875916,-7.59676278,-0.02118623431875916,0.0,same,stop_loss,stop_loss,0,0,1,1
DualTrendCombinedShortPullbackShapePartialLadderA1FourStepPostTp1LooseB1Roi50Strategy,BTC/USDT:USDT,2024-04-25 11:00:00+00:00,short_compression_breakdown,-8.59375245,-0.022588977327449064,-8.59375245,-0.022588977327449064,0.0,same,stop_loss,stop_loss,0,0,1,1
DualTrendCombinedShortPullbackShapePartialLadderA1FourStepPostTp1LooseB1Roi50Strategy,BTC/USDT:USDT,2024-05-08 23:00:00+00:00,short_compression_breakdown,-8.63036954,-0.028205579528708738,-8.63036954,-0.028205579528708738,0.0,same,trailing_stop_loss,trailing_stop_loss,0,0,1,1
DualTrendCombinedShortPullbackShapePartialLadderA1FourStepPostTp1LooseB1Roi50Strategy,BTC/USDT:USDT,2024-06-21 09:00:00+00:00,short_compression_breakdown,2.05461284,0.006462896802979756,2.05461284,0.006462896802979756,0.0,same,stale_flat_120h,stale_flat_120h,0,0,1,1
DualTrendCombinedShortPullbackShapePartialLadderA1FourStepPostTp1LooseB1Roi50Strategy,BTC/USDT:USDT,2024-10-29 00:00:00+00:00,long_1d_center_compression,-0.32275572,-0.0009224903747034402,-0.32275572,-0.0009224903747034402,0.0,same,trailing_stop_loss,trailing_stop_loss,0,0,1,1
DualTrendCombinedShortPullbackShapePartialLadderA1FourStepPostTp1LooseB1Roi50Strategy,BTC/USDT:USDT,2024-11-22 00:00:00+00:00,long_1d_center_compression,-8.59833651,-0.02184181931875102,-8.59833651,-0.02184181931875102,0.0,same,stop_loss,stop_loss,0,0,1,1
DualTrendCombinedShortPullbackShapePartialLadderA1FourStepPostTp1LooseB1Roi50Strategy,BTC/USDT:USDT,2025-01-12 10:00:00+00:00,short_pullback_restart,-5.1458204,-0.013713093875017578,-5.1458204,-0.013713093875017578,0.0,same,trailing_stop_loss,trailing_stop_loss,0,0,1,1
DualTrendCombinedShortPullbackShapePartialLadderA1FourStepPostTp1LooseB1Roi50Strategy,BTC/USDT:USDT,2025-02-09 14:00:00+00:00,short_pullback_restart,-6.53732393,-0.01706203397257164,-6.53732393,-0.01706203397257164,0.0,same,stop_loss,stop_loss,0,0,1,1
DualTrendCombinedShortPullbackShapePartialLadderA1FourStepPostTp1LooseB1Roi50Strategy,BTC/USDT:USDT,2025-03-13 14:00:00+00:00,short_pullback_restart,0.02118621,8.645001317012255e-05,0.02118621,8.645001317012255e-05,0.0,same,trailing_stop_loss,trailing_stop_loss,0,0,1,1
DualTrendCombinedShortPullbackShapePartialLadderA1FourStepPostTp1LooseB1Roi50Strategy,BTC/USDT:USDT,2025-04-03 13:00:00+00:00,short_pullback_restart,-8.74925839,-0.02671648582570567,-10.93657299,-0.02671648583181281,-2.1873146000000006,loss_to_more_loss,stop_loss,stop_loss,0,0,1,1
DualTrendCombinedShortPullbackShapePartialLadderA1FourStepPostTp1LooseB1Roi50Strategy,BTC/USDT:USDT,2025-04-08 15:00:00+00:00,short_pullback_restart,0.05361599,0.00017096678307894548,0.05361599,0.00017096678307894548,0.0,same,trailing_stop_loss,trailing_stop_loss,0,0,1,1
DualTrendCombinedShortPullbackShapePartialLadderA1FourStepPostTp1LooseB1Roi50Strategy,BTC/USDT:USDT,2025-05-09 00:00:00+00:00,long_1d_center_compression,-0.36050498,-0.0008726431239373145,-0.45063123,-0.0008726431336197675,-0.09012625000000002,loss_to_more_loss,trailing_stop_loss,trailing_stop_loss,0,0,1,1
DualTrendCombinedShortPullbackShapePartialLadderA1FourStepPostTp1LooseB1Roi50Strategy,BTC/USDT:USDT,2025-05-22 00:00:00+00:00,long_1d_center_compression,-0.20637944,-0.00047047955162931774,-0.20637944,-0.00047047955162931774,0.0,same,trailing_stop_loss,trailing_stop_loss,0,0,1,1
DualTrendCombinedShortPullbackShapePartialLadderA1FourStepPostTp1LooseB1Roi50Strategy,BTC/USDT:USDT,2025-07-10 00:00:00+00:00,long_1d_center_compression,33.42199527,0.0751019620172162,33.42199527,0.0751019620172162,0.0,same,trailing_stop_loss,trailing_stop_loss,0,0,1,1
DualTrendCombinedShortPullbackShapePartialLadderA1FourStepPostTp1LooseB1Roi50Strategy,BTC/USDT:USDT,2025-08-11 00:00:00+00:00,long_1d_center_compression,-0.09637531,-0.0002019347283239961,-0.09637531,-0.0002019347283239961,0.0,same,trailing_stop_loss,trailing_stop_loss,0,0,1,1
DualTrendCombinedShortPullbackShapePartialLadderA1FourStepPostTp1LooseB1Roi50Strategy,BTC/USDT:USDT,2025-08-21 17:00:00+00:00,short_pullback_restart,-9.18356549,-0.016356197854906048,-9.18356549,-0.016356197854906048,0.0,same,trailing_stop_loss,trailing_stop_loss,0,0,1,1
DualTrendCombinedShortPullbackShapePartialLadderA1FourStepPostTp1LooseB1Roi50Strategy,BTC/USDT:USDT,2025-08-29 02:00:00+00:00,short_pullback_restart,0.34474146,0.0007738701300392175,0.43092683,0.0007738701390183536,0.08618536999999998,profit_to_more_profit,trailing_stop_loss,trailing_stop_loss,0,0,1,1
DualTrendCombinedShortPullbackShapePartialLadderA1FourStepPostTp1LooseB1Roi50Strategy,BTC/USDT:USDT,2025-11-04 06:00:00+00:00,short_pullback_restart,0.07719916,0.00024716650806928646,0.07719916,0.00024716650806928646,0.0,same,trailing_stop_loss,trailing_stop_loss,0,0,1,1
DualTrendCombinedShortPullbackShapePartialLadderA1FourStepPostTp1LooseB1Roi50Strategy,BTC/USDT:USDT,2026-03-27 09:00:00+00:00,short_compression_breakdown,-0.11586883,-0.00021348782681814663,-0.11586883,-0.00021348782681814663,0.0,same,trailing_stop_loss,trailing_stop_loss,0,0,1,1
DualTrendCombinedShortPullbackShapePartialLadderA1FourStepPostTp1LooseB1Roi50Strategy,BTC/USDT:USDT,2026-04-18 00:00:00+00:00,long_1d_center_compression,-12.81344285,-0.02078238928804727,-12.81344285,-0.02078238928804727,0.0,same,stop_loss,stop_loss,0,0,1,1
DualTrendCombinedShortPullbackShapePartialLadderA1FourStepPostTp1LooseB1Roi50Strategy,DOGE/USDT:USDT,2023-09-04 22:00:00+00:00,short_pullback_restart,-7.42540546,-0.021052578539344193,-7.42540546,-0.021052578539344193,0.0,same,stop_loss,stop_loss,0,0,1,1
DualTrendCombinedShortPullbackShapePartialLadderA1FourStepPostTp1LooseB1Roi50Strategy,DOGE/USDT:USDT,2023-11-07 00:00:00+00:00,long_1d_center_compression,-7.04014738,-0.020967051464674365,-7.04014738,-0.020967051464674365,0.0,same,stop_loss,stop_loss,0,0,1,1
DualTrendCombinedShortPullbackShapePartialLadderA1FourStepPostTp1LooseB1Roi50Strategy,DOGE/USDT:USDT,2024-06-14 16:05:00+00:00,short_pullback_restart,-0.29352868,-0.0010724784448696634,-0.29367775,-0.001072478426600947,-0.0001490700000000289,loss_to_less_loss,trailing_stop_loss,trailing_stop_loss,0,0,1,1
DualTrendCombinedShortPullbackShapePartialLadderA1FourStepPostTp1LooseB1Roi50Strategy,DOGE/USDT:USDT,2024-06-19 15:00:00+00:00,short_pullback_restart,-8.56581869,-0.04324826871187089,-8.57108672,-0.04324826870594374,-0.005268029999999868,loss_to_less_loss,stop_loss,stop_loss,0,0,1,1
DualTrendCombinedShortPullbackShapePartialLadderA1FourStepPostTp1LooseB1Roi50Strategy,DOGE/USDT:USDT,2024-06-27 06:00:00+00:00,short_compression_breakdown,-8.36503545,-0.031770294398113255,-8.36887615,-0.03177029441406166,-0.003840699999999586,loss_to_more_loss,stop_loss,stop_loss,0,0,1,1
DualTrendCombinedShortPullbackShapePartialLadderA1FourStepPostTp1LooseB1Roi50Strategy,DOGE/USDT:USDT,2024-07-10 01:00:00+00:00,short_pullback_restart,-8.42115874,-0.03357716022323605,-8.42471648,-0.03357716024317224,-0.0035577400000015302,loss_to_more_loss,stop_loss,stop_loss,0,0,1,1
DualTrendCombinedShortPullbackShapePartialLadderA1FourStepPostTp1LooseB1Roi50Strategy,DOGE/USDT:USDT,2024-08-03 16:00:00+00:00,short_pullback_restart,14.97797356,0.07498119795834615,14.98341142,0.07496695639185773,0.005437859999998906,profit_to_less_profit,trailing_stop_loss,trailing_stop_loss,1,1,2,2
DualTrendCombinedShortPullbackShapePartialLadderA1FourStepPostTp1LooseB1Roi50Strategy,DOGE/USDT:USDT,2024-10-29 00:00:00+00:00,long_1d_center_compression,30.146365239999998,0.0748498573398035,29.95296433,0.07484985731405286,-0.1934009099999976,profit_to_less_profit,trailing_stop_loss,trailing_stop_loss,0,0,1,1
DualTrendCombinedShortPullbackShapePartialLadderA1FourStepPostTp1LooseB1Roi50Strategy,DOGE/USDT:USDT,2025-02-01 20:00:00+00:00,short_compression_breakdown,42.05665764,0.19760980713130613,33.21018669,0.1572060414098024,-8.846470949999997,bigwin_less_profit,partial_exit,trailing_stop_loss,3,3,4,4
DualTrendCombinedShortPullbackShapePartialLadderA1FourStepPostTp1LooseB1Roi50Strategy,DOGE/USDT:USDT,2025-03-09 03:00:00+00:00,short_compression_breakdown,20.12009392,0.07502447220626055,20.74677544,0.07502502719400674,0.6266815200000018,profit_to_more_profit,trailing_stop_loss,trailing_stop_loss,1,1,2,2
DualTrendCombinedShortPullbackShapePartialLadderA1FourStepPostTp1LooseB1Roi50Strategy,DOGE/USDT:USDT,2025-06-04 14:00:00+00:00,short_pullback_restart,0.05630761,0.00015984660467614585,0.05802318,0.00015984659193597436,0.0017155699999999996,profit_to_less_profit,trailing_stop_loss,trailing_stop_loss,0,0,1,1
DualTrendCombinedShortPullbackShapePartialLadderA1FourStepPostTp1LooseB1Roi50Strategy,DOGE/USDT:USDT,2025-06-12 16:00:00+00:00,short_compression_breakdown,33.29047293,0.11654985770049031,35.03635341,0.11910002135808018,1.7458804799999967,bigwin_more_profit,trailing_stop_loss,trailing_stop_loss,2,2,3,3
DualTrendCombinedShortPullbackShapePartialLadderA1FourStepPostTp1LooseB1Roi50Strategy,DOGE/USDT:USDT,2025-09-01 00:00:00+00:00,short_pullback_restart,0.06122437,0.00012953983148285053,0.06313244,0.00012953981799831212,0.0019080699999999978,profit_to_less_profit,trailing_stop_loss,trailing_stop_loss,0,0,1,1
DualTrendCombinedShortPullbackShapePartialLadderA1FourStepPostTp1LooseB1Roi50Strategy,DOGE/USDT:USDT,2025-11-06 06:00:00+00:00,short_pullback_restart,0.03140484,8.855775809487462e-05,0.03239032,8.855776571547941e-05,0.000985479999999997,profit_to_more_profit,trailing_stop_loss,trailing_stop_loss,0,0,1,1
DualTrendCombinedShortPullbackShapePartialLadderA1FourStepPostTp1LooseB1Roi50Strategy,DOGE/USDT:USDT,2025-11-19 06:00:00+00:00,short_pullback_restart,0.03308753,0.00012205847524852616,0.03411794,0.00012205848416144241,0.0010304100000000024,profit_to_more_profit,trailing_stop_loss,trailing_stop_loss,0,0,1,1
DualTrendCombinedShortPullbackShapePartialLadderA1FourStepPostTp1LooseB1Roi50Strategy,DOGE/USDT:USDT,2025-12-07 14:00:00+00:00,short_pullback_restart,0.0081216,1.361126326242939e-05,0.0083754,1.3611263262429391e-05,0.0002538000000000002,profit_to_more_profit,trailing_stop_loss,trailing_stop_loss,0,0,1,1
DualTrendCombinedShortPullbackShapePartialLadderA1FourStepPostTp1LooseB1Roi50Strategy,ETH/USDT:USDT,2023-08-02 15:00:00+00:00,short_pullback_restart,-0.11730039,-0.0003464629838291412,-0.11730039,-0.0003464629838291412,0.0,same,stale_loss_72h,stale_loss_72h,0,0,1,1
DualTrendCombinedShortPullbackShapePartialLadderA1FourStepPostTp1LooseB1Roi50Strategy,ETH/USDT:USDT,2023-08-17 15:00:00+00:00,short_pullback_restart,15.36835732,0.049122786869939934,15.36835732,0.049122786869939934,0.0,same,trailing_stop_loss,trailing_stop_loss,0,0,1,1
DualTrendCombinedShortPullbackShapePartialLadderA1FourStepPostTp1LooseB1Roi50Strategy,ETH/USDT:USDT,2023-08-24 15:00:00+00:00,short_pullback_restart,-3.25691529,-0.009128082323787043,-3.25691529,-0.009128082323787043,0.0,same,stale_loss_72h,stale_loss_72h,0,0,1,1
DualTrendCombinedShortPullbackShapePartialLadderA1FourStepPostTp1LooseB1Roi50Strategy,ETH/USDT:USDT,2023-09-01 15:00:00+00:00,short_compression_breakdown,-0.18283509,-0.0005148530379058603,-0.18283509,-0.0005148530379058603,0.0,same,stale_loss_72h,stale_loss_72h,0,0,1,1
DualTrendCombinedShortPullbackShapePartialLadderA1FourStepPostTp1LooseB1Roi50Strategy,ETH/USDT:USDT,2023-10-12 10:00:00+00:00,short_pullback_restart,-6.86649557,-0.019902485915930454,-6.86649557,-0.019902485915930454,0.0,same,stop_loss,stop_loss,0,0,1,1
DualTrendCombinedShortPullbackShapePartialLadderA1FourStepPostTp1LooseB1Roi50Strategy,ETH/USDT:USDT,2023-11-10 00:00:00+00:00,long_1d_center_compression,-7.3152735,-0.021661210467422,-7.3152735,-0.021661210467422,0.0,same,stop_loss,stop_loss,0,0,1,1
DualTrendCombinedShortPullbackShapePartialLadderA1FourStepPostTp1LooseB1Roi50Strategy,ETH/USDT:USDT,2023-12-05 00:00:00+00:00,long_1d_center_compression,-7.14616422,-0.021082396203979042,-7.14616422,-0.021082396203979042,0.0,same,stop_loss,stop_loss,0,0,1,1
DualTrendCombinedShortPullbackShapePartialLadderA1FourStepPostTp1LooseB1Roi50Strategy,ETH/USDT:USDT,2024-01-29 14:00:00+00:00,short_pullback_restart,-5.77264479,-0.01716158049161727,-5.77264479,-0.01716158049161727,0.0,same,stop_loss,stop_loss,0,0,1,1
DualTrendCombinedShortPullbackShapePartialLadderA1FourStepPostTp1LooseB1Roi50Strategy,ETH/USDT:USDT,2024-05-10 15:00:00+00:00,short_pullback_restart,0.11183251,0.0005525718415154928,0.11183251,0.0005525718415154928,0.0,same,trailing_stop_loss,trailing_stop_loss,0,0,1,1
DualTrendCombinedShortPullbackShapePartialLadderA1FourStepPostTp1LooseB1Roi50Strategy,ETH/USDT:USDT,2024-06-21 09:00:00+00:00,short_compression_breakdown,-8.40251765,-0.02480836696361732,-8.40251765,-0.02480836696361732,0.0,same,trailing_stop_loss,trailing_stop_loss,0,0,1,1
DualTrendCombinedShortPullbackShapePartialLadderA1FourStepPostTp1LooseB1Roi50Strategy,ETH/USDT:USDT,2024-07-04 02:00:00+00:00,short_compression_breakdown,16.90032815,0.08105640029151072,16.90032815,0.08105640029151072,0.0,same,trailing_stop_loss,trailing_stop_loss,1,1,2,2
DualTrendCombinedShortPullbackShapePartialLadderA1FourStepPostTp1LooseB1Roi50Strategy,ETH/USDT:USDT,2024-07-07 08:00:00+00:00,short_pullback_restart,0.08301306,0.00027657389424387384,0.08301306,0.00027657389424387384,0.0,same,trailing_stop_loss,trailing_stop_loss,0,0,1,1
DualTrendCombinedShortPullbackShapePartialLadderA1FourStepPostTp1LooseB1Roi50Strategy,ETH/USDT:USDT,2024-09-03 09:00:00+00:00,short_pullback_restart,22.68290909,0.07506437065288481,22.55907878,0.07527670149277259,-0.12383030999999889,profit_to_more_profit,trailing_stop_loss,trailing_stop_loss,1,1,2,2
DualTrendCombinedShortPullbackShapePartialLadderA1FourStepPostTp1LooseB1Roi50Strategy,ETH/USDT:USDT,2025-01-28 17:00:00+00:00,short_pullback_restart,0.0371712,9.840413203702896e-05,0.03686144,9.840413203702896e-05,-0.0003097599999999992,other,trailing_stop_loss,trailing_stop_loss,0,0,1,1
DualTrendCombinedShortPullbackShapePartialLadderA1FourStepPostTp1LooseB1Roi50Strategy,ETH/USDT:USDT,2025-02-01 20:00:00+00:00,short_compression_breakdown,53.66044341,0.19767748352399467,52.70059655,0.19645275230792203,-0.959846859999999,bigwin_less_profit,partial_exit,partial_exit,3,3,4,4
DualTrendCombinedShortPullbackShapePartialLadderA1FourStepPostTp1LooseB1Roi50Strategy,ETH/USDT:USDT,2025-04-05 13:00:00+00:00,short_pullback_restart,55.53036949,0.11622736286697803,58.398008110000006,0.11866070620442107,2.867638620000008,bigwin_more_profit,trailing_stop_loss,trailing_stop_loss,2,2,3,3
DualTrendCombinedShortPullbackShapePartialLadderA1FourStepPostTp1LooseB1Roi50Strategy,ETH/USDT:USDT,2025-06-11 00:00:00+00:00,long_1d_center_compression,-10.20155989,-0.021176824122746612,-10.49985112,-0.02117682413312582,-0.29829123000000024,loss_to_more_loss,stop_loss,stop_loss,0,0,1,1
DualTrendCombinedShortPullbackShapePartialLadderA1FourStepPostTp1LooseB1Roi50Strategy,ETH/USDT:USDT,2025-07-10 00:00:00+00:00,long_1d_center_compression,86.09980334,0.17370590849409467,89.10406373,0.17393670761052948,3.004260389999999,bigwin_more_profit,swing_exit_long_1d,swing_exit_long_1d,0,0,1,1
DualTrendCombinedShortPullbackShapePartialLadderA1FourStepPostTp1LooseB1Roi50Strategy,ETH/USDT:USDT,2025-08-08 00:00:00+00:00,long_1d_center_compression,68.58375439,0.12709429940228129,70.57737275,0.12710453486811077,1.9936183599999993,bigwin_more_profit,swing_exit_long_1d,swing_exit_long_1d,0,0,1,1
DualTrendCombinedShortPullbackShapePartialLadderA1FourStepPostTp1LooseB1Roi50Strategy,ETH/USDT:USDT,2025-09-13 00:00:00+00:00,long_1d_center_compression,-11.53015671,-0.021272756377397284,-11.8309434,-0.021272756365201744,-0.3007866900000007,loss_to_less_loss,stop_loss,stop_loss,0,0,1,1
DualTrendCombinedShortPullbackShapePartialLadderA1FourStepPostTp1LooseB1Roi50Strategy,ETH/USDT:USDT,2025-10-21 05:00:00+00:00,short_compression_breakdown,-12.13432881,-0.042621478136970224,-12.46228364,-0.04262147812772689,-0.32795483000000125,loss_to_less_loss,trailing_stop_loss,trailing_stop_loss,0,0,1,1
DualTrendCombinedShortPullbackShapePartialLadderA1FourStepPostTp1LooseB1Roi50Strategy,ETH/USDT:USDT,2025-10-29 16:00:00+00:00,short_compression_breakdown,0.0216322,4.214559173819359e-05,0.0222978,4.214558010666868e-05,0.0006655999999999988,profit_to_less_profit,trailing_stop_loss,trailing_stop_loss,0,0,1,1
DualTrendCombinedShortPullbackShapePartialLadderA1FourStepPostTp1LooseB1Roi50Strategy,ETH/USDT:USDT,2025-10-30 13:00:00+00:00,short_compression_breakdown,-0.00945179,-2.950409583740978e-05,-0.00978935,-2.950408399710359e-05,-0.00033756000000000064,loss_to_less_loss,trailing_stop_loss,trailing_stop_loss,0,0,1,1
DualTrendCombinedShortPullbackShapePartialLadderA1FourStepPostTp1LooseB1Roi50Strategy,ETH/USDT:USDT,2025-11-06 13:00:00+00:00,short_pullback_restart,0.00063221,1.834304598996675e-06,0.00065063,1.8343218432652438e-06,1.8420000000000003e-05,profit_to_more_profit,trailing_stop_loss,trailing_stop_loss,0,0,1,1
DualTrendCombinedShortPullbackShapePartialLadderA1FourStepPostTp1LooseB1Roi50Strategy,ETH/USDT:USDT,2025-11-20 16:00:00+00:00,short_pullback_restart,23.757568199999998,0.07887367566312894,24.68923754,0.07887367565937053,0.9316693400000027,profit_to_less_profit,trailing_stop_loss,trailing_stop_loss,1,1,2,2
DualTrendCombinedShortPullbackShapePartialLadderA1FourStepPostTp1LooseB1Roi50Strategy,ETH/USDT:USDT,2026-01-25 04:00:00+00:00,short_pullback_restart,0.02708182,4.5375795554163364e-05,0.02788227,4.537579900137998e-05,0.0008004500000000012,profit_to_more_profit,trailing_stop_loss,trailing_stop_loss,0,0,1,1
DualTrendCombinedShortPullbackShapePartialLadderA1FourStepPostTp1LooseB1Roi50Strategy,LINK/USDT:USDT,2023-06-19 11:00:00+00:00,short_compression_breakdown,-6.9212246,-0.025567502156155036,-6.9212246,-0.025567502156155036,0.0,same,trailing_stop_loss,trailing_stop_loss,0,0,1,1
DualTrendCombinedShortPullbackShapePartialLadderA1FourStepPostTp1LooseB1Roi50Strategy,LINK/USDT:USDT,2023-08-21 11:00:00+00:00,short_pullback_restart,0.05106105,0.0001414494731068272,0.05106105,0.0001414494731068272,0.0,same,trailing_stop_loss,trailing_stop_loss,0,0,1,1
DualTrendCombinedShortPullbackShapePartialLadderA1FourStepPostTp1LooseB1Roi50Strategy,LINK/USDT:USDT,2024-02-12 00:00:00+00:00,long_1d_center_compression,-0.02061304,-5.845147012627458e-05,-0.02061304,-5.845147012627458e-05,0.0,same,trailing_stop_loss,trailing_stop_loss,0,0,1,1
DualTrendCombinedShortPullbackShapePartialLadderA1FourStepPostTp1LooseB1Roi50Strategy,LINK/USDT:USDT,2024-04-27 17:00:00+00:00,short_compression_breakdown,-8.81015779,-0.03309540787113439,-8.8147488,-0.033095407852351856,-0.004591010000000395,loss_to_less_loss,stop_loss,stop_loss,0,0,1,1
DualTrendCombinedShortPullbackShapePartialLadderA1FourStepPostTp1LooseB1Roi50Strategy,LINK/USDT:USDT,2024-04-28 23:00:00+00:00,short_pullback_restart,22.29406587,0.07467317949873753,22.30792313,0.07468493731406022,0.013857259999998206,profit_to_more_profit,trailing_stop_loss,trailing_stop_loss,1,1,2,2
DualTrendCombinedShortPullbackShapePartialLadderA1FourStepPostTp1LooseB1Roi50Strategy,LINK/USDT:USDT,2024-05-11 21:00:00+00:00,short_pullback_restart,0.07631289,0.00019772340674194619,0.07633929,0.00019772341526200148,2.640000000000975e-05,profit_to_more_profit,trailing_stop_loss,trailing_stop_loss,0,0,1,1
DualTrendCombinedShortPullbackShapePartialLadderA1FourStepPostTp1LooseB1Roi50Strategy,LINK/USDT:USDT,2024-06-13 16:00:00+00:00,short_compression_breakdown,0.1003877,0.0004628752826643059,0.10045756,0.00046287528625553096,6.986000000000492e-05,profit_to_more_profit,trailing_stop_loss,trailing_stop_loss,0,0,1,1
DualTrendCombinedShortPullbackShapePartialLadderA1FourStepPostTp1LooseB1Roi50Strategy,LINK/USDT:USDT,2024-06-15 21:00:00+00:00,short_pullback_restart,-7.74784908,-0.019680802570759555,-7.75075744,-0.01968080259169088,-0.0029083600000001653,loss_to_more_loss,trailing_stop_loss,trailing_stop_loss,0,0,1,1
DualTrendCombinedShortPullbackShapePartialLadderA1FourStepPostTp1LooseB1Roi50Strategy,LINK/USDT:USDT,2024-07-11 04:00:00+00:00,short_pullback_restart,-8.3364692,-0.03501673755582046,-8.3408847,-0.03501673754425761,-0.00441550000000035,loss_to_less_loss,stop_loss,stop_loss,0,0,1,1
DualTrendCombinedShortPullbackShapePartialLadderA1FourStepPostTp1LooseB1Roi50Strategy,LINK/USDT:USDT,2024-07-25 19:00:00+00:00,short_compression_breakdown,-8.13398522,-0.044913188909659646,-8.13398522,-0.044913188909659646,0.0,same,trailing_stop_loss,trailing_stop_loss,0,0,1,1
DualTrendCombinedShortPullbackShapePartialLadderA1FourStepPostTp1LooseB1Roi50Strategy,LINK/USDT:USDT,2024-07-31 17:00:00+00:00,short_compression_breakdown,-0.0138002,-5.7982986430965395e-05,-0.01380773,-5.7982974419831134e-05,-7.530000000000384e-06,loss_to_less_loss,trailing_stop_loss,trailing_stop_loss,0,0,1,1
DualTrendCombinedShortPullbackShapePartialLadderA1FourStepPostTp1LooseB1Roi50Strategy,LINK/USDT:USDT,2024-09-05 15:00:00+00:00,short_pullback_restart,0.02164432,9.27976789287621e-05,0.02149556,9.279767121442401e-05,-0.00014876000000000125,profit_to_less_profit,trailing_stop_loss,trailing_stop_loss,0,0,1,1
DualTrendCombinedShortPullbackShapePartialLadderA1FourStepPostTp1LooseB1Roi50Strategy,LINK/USDT:USDT,2024-10-09 21:00:00+00:00,short_compression_breakdown,-8.92485632,-0.03941012625303386,-8.86738254,-0.039410126234144166,0.057473780000000474,loss_to_less_loss,trailing_stop_loss,trailing_stop_loss,0,0,1,1
DualTrendCombinedShortPullbackShapePartialLadderA1FourStepPostTp1LooseB1Roi50Strategy,LINK/USDT:USDT,2024-10-13 15:00:00+00:00,short_pullback_restart,-8.85912146,-0.03514096915867038,-8.80262196,-0.035140969155106005,0.056499500000001035,loss_to_less_loss,stop_loss,stop_loss,0,0,1,1
DualTrendCombinedShortPullbackShapePartialLadderA1FourStepPostTp1LooseB1Roi50Strategy,LINK/USDT:USDT,2025-06-01 10:00:00+00:00,short_pullback_restart,-10.32293156,-0.038947575976310315,-10.63671464,-0.03894757596921722,-0.31378307999999855,loss_to_less_loss,trailing_stop_loss,trailing_stop_loss,0,0,1,1
DualTrendCombinedShortPullbackShapePartialLadderA1FourStepPostTp1LooseB1Roi50Strategy,LINK/USDT:USDT,2025-07-01 19:00:00+00:00,short_compression_breakdown,-10.99540538,-0.03452560029713567,-11.32792772,-0.03452560029676698,-0.3325223400000006,loss_to_less_loss,stop_loss,stop_loss,0,0,1,1
DualTrendCombinedShortPullbackShapePartialLadderA1FourStepPostTp1LooseB1Roi50Strategy,NEAR/USDT:USDT,2023-07-05 11:00:00+00:00,short_compression_breakdown,0.00634236,4.069214291639856e-05,0.00634236,4.069214291639856e-05,0.0,same,trailing_stop_loss,trailing_stop_loss,0,0,1,1
DualTrendCombinedShortPullbackShapePartialLadderA1FourStepPostTp1LooseB1Roi50Strategy,NEAR/USDT:USDT,2023-07-10 01:00:00+00:00,short_compression_breakdown,-7.31778422,-0.0397528692566336,-7.31778422,-0.0397528692566336,0.0,same,stop_loss,stop_loss,0,0,1,1
DualTrendCombinedShortPullbackShapePartialLadderA1FourStepPostTp1LooseB1Roi50Strategy,NEAR/USDT:USDT,2023-07-27 19:00:00+00:00,short_pullback_restart,-7.28130984,-0.027591380964883075,-7.28130984,-0.027591380964883075,0.0,same,stop_loss,stop_loss,0,0,1,1
DualTrendCombinedShortPullbackShapePartialLadderA1FourStepPostTp1LooseB1Roi50Strategy,NEAR/USDT:USDT,2023-07-31 20:00:00+00:00,short_compression_breakdown,0.124304,0.0005711158297738142,0.124304,0.0005711158297738142,0.0,same,trailing_stop_loss,trailing_stop_loss,0,0,1,1
DualTrendCombinedShortPullbackShapePartialLadderA1FourStepPostTp1LooseB1Roi50Strategy,NEAR/USDT:USDT,2023-08-06 14:00:00+00:00,short_pullback_restart,0.24869029,0.000857083255307107,0.24869029,0.000857083255307107,0.0,same,trailing_stop_loss,trailing_stop_loss,0,0,1,1
DualTrendCombinedShortPullbackShapePartialLadderA1FourStepPostTp1LooseB1Roi50Strategy,NEAR/USDT:USDT,2023-08-21 11:00:00+00:00,short_pullback_restart,0.176915,0.0007587273425816599,0.176915,0.0007587273425816599,0.0,same,trailing_stop_loss,trailing_stop_loss,0,0,1,1
DualTrendCombinedShortPullbackShapePartialLadderA1FourStepPostTp1LooseB1Roi50Strategy,NEAR/USDT:USDT,2023-08-22 18:00:00+00:00,short_pullback_restart,-7.943466,-0.03373076183868501,-7.943466,-0.03373076183868501,0.0,same,stop_loss,stop_loss,0,0,1,1
DualTrendCombinedShortPullbackShapePartialLadderA1FourStepPostTp1LooseB1Roi50Strategy,NEAR/USDT:USDT,2023-12-03 00:00:00+00:00,long_1d_center_compression,-7.13044943,-0.020970125808074808,-7.13044943,-0.020970125808074808,0.0,same,stop_loss,stop_loss,0,0,1,1
DualTrendCombinedShortPullbackShapePartialLadderA1FourStepPostTp1LooseB1Roi50Strategy,NEAR/USDT:USDT,2024-01-21 16:00:00+00:00,short_pullback_restart,17.5641723,0.07507341079811214,17.5641723,0.07507341079811214,0.0,same,trailing_stop_loss,trailing_stop_loss,1,1,2,2
DualTrendCombinedShortPullbackShapePartialLadderA1FourStepPostTp1LooseB1Roi50Strategy,NEAR/USDT:USDT,2024-03-26 00:00:00+00:00,long_1d_center_compression,-0.83422107,-0.0021494229942154103,-0.83422107,-0.0021494229942154103,0.0,same,trailing_stop_loss,trailing_stop_loss,0,0,1,1
DualTrendCombinedShortPullbackShapePartialLadderA1FourStepPostTp1LooseB1Roi50Strategy,NEAR/USDT:USDT,2024-08-19 00:00:00+00:00,short_pullback_restart,-8.38534946,-0.045804706468784276,-8.38534946,-0.045804706468784276,0.0,same,stop_loss,stop_loss,0,0,1,1
DualTrendCombinedShortPullbackShapePartialLadderA1FourStepPostTp1LooseB1Roi50Strategy,NEAR/USDT:USDT,2024-11-02 13:00:00+00:00,short_compression_breakdown,0.04522736,0.00017478594987985636,0.04522736,0.00017478594987985636,0.0,same,trailing_stop_loss,trailing_stop_loss,0,0,1,1
DualTrendCombinedShortPullbackShapePartialLadderA1FourStepPostTp1LooseB1Roi50Strategy,NEAR/USDT:USDT,2024-12-30 14:00:00+00:00,short_pullback_restart,0.06513573,0.000348842501095098,0.0633753,0.0003488424743169763,-0.0017604300000000073,profit_to_less_profit,trailing_stop_loss,trailing_stop_loss,0,0,1,1
DualTrendCombinedShortPullbackShapePartialLadderA1FourStepPostTp1LooseB1Roi50Strategy,NEAR/USDT:USDT,2025-01-15 10:00:00+00:00,short_pullback_restart,-9.195912,-0.04270885442721361,-9.195912,-0.04270885442721361,0.0,same,stop_loss,stop_loss,0,0,1,1
DualTrendCombinedShortPullbackShapePartialLadderA1FourStepPostTp1LooseB1Roi50Strategy,NEAR/USDT:USDT,2025-01-26 22:00:00+00:00,short_pullback_restart,20.59220651,0.07789463486185572,20.59220651,0.07789463486185572,0.0,same,trailing_stop_loss,trailing_stop_loss,1,1,2,2
DualTrendCombinedShortPullbackShapePartialLadderA1FourStepPostTp1LooseB1Roi50Strategy,NEAR/USDT:USDT,2025-05-06 11:00:00+00:00,short_compression_breakdown,-11.1780932,-0.03486457810777417,-11.49520223,-0.034864578117023655,-0.317109030000001,loss_to_more_loss,stop_loss,stop_loss,0,0,1,1
DualTrendCombinedShortPullbackShapePartialLadderA1FourStepPostTp1LooseB1Roi50Strategy,NEAR/USDT:USDT,2025-06-01 10:00:00+00:00,short_pullback_restart,-9.94183814,-0.03658799214953611,-10.28764121,-0.03658799216468989,-0.34580307000000055,loss_to_more_loss,trailing_stop_loss,trailing_stop_loss,0,0,1,1
DualTrendCombinedShortPullbackShapePartialLadderA1FourStepPostTp1LooseB1Roi50Strategy,NEAR/USDT:USDT,2025-06-02 10:00:00+00:00,short_pullback_restart,-10.62931018,-0.044240899799263135,-10.94503226,-0.044240899780853576,-0.31572208000000046,loss_to_less_loss,stop_loss,stop_loss,0,0,1,1
DualTrendCombinedShortPullbackShapePartialLadderA1FourStepPostTp1LooseB1Roi50Strategy,NEAR/USDT:USDT,2025-06-21 14:00:00+00:00,short_pullback_restart,21.72130528,0.07513179200869423,22.333173029999998,0.07513179199400574,0.6118677499999983,profit_to_less_profit,trailing_stop_loss,trailing_stop_loss,1,1,2,2
DualTrendCombinedShortPullbackShapePartialLadderA1FourStepPostTp1LooseB1Roi50Strategy,NEAR/USDT:USDT,2025-08-21 12:00:00+00:00,short_pullback_restart,0.1283081,0.00040741854199973827,0.1323493,0.00040741854199973827,0.004041199999999995,other,trailing_stop_loss,trailing_stop_loss,0,0,1,1
DualTrendCombinedShortPullbackShapePartialLadderA1FourStepPostTp1LooseB1Roi50Strategy,NEAR/USDT:USDT,2025-08-22 12:00:00+00:00,short_compression_breakdown,-12.1001775,-0.03465805131706575,-12.4339755,-0.03465805131706576,-0.3337980000000016,loss_to_more_loss,stop_loss,stop_loss,0,0,1,1
DualTrendCombinedShortPullbackShapePartialLadderA1FourStepPostTp1LooseB1Roi50Strategy,NEAR/USDT:USDT,2025-08-31 23:00:00+00:00,short_pullback_restart,0.05008762,9.099070593136403e-05,0.05161868,9.099070131281153e-05,0.0015310600000000008,profit_to_less_profit,trailing_stop_loss,trailing_stop_loss,0,0,1,1
DualTrendCombinedShortPullbackShapePartialLadderA1FourStepPostTp1LooseB1Roi50Strategy,NEAR/USDT:USDT,2025-11-02 15:00:00+00:00,short_pullback_restart,-12.01334389,-0.03908160941255228,-12.34474648,-0.03908160941233394,-0.3314025899999997,loss_to_less_loss,stop_loss,stop_loss,0,0,1,1
DualTrendCombinedShortPullbackShapePartialLadderA1FourStepPostTp1LooseB1Roi50Strategy,NEAR/USDT:USDT,2025-11-28 02:00:00+00:00,short_pullback_restart,-12.45367712,-0.04095474261276367,-12.91492442,-0.04095474261041469,-0.46124730000000014,loss_to_less_loss,stop_loss,stop_loss,0,0,1,1
DualTrendCombinedShortPullbackShapePartialLadderA1FourStepPostTp1LooseB1Roi50Strategy,NEAR/USDT:USDT,2025-11-29 15:00:00+00:00,short_compression_breakdown,36.53103479,0.0752475380819902,37.65222972,0.07525047542618353,1.1211949300000015,profit_to_more_profit,trailing_stop_loss,trailing_stop_loss,1,1,2,2
DualTrendCombinedShortPullbackShapePartialLadderA1FourStepPostTp1LooseB1Roi50Strategy,NEAR/USDT:USDT,2025-12-14 18:00:00+00:00,short_compression_breakdown,-11.91427183,-0.03199821743861666,-12.32159736,-0.03199821743173593,-0.4073255299999996,loss_to_less_loss,trailing_stop_loss,trailing_stop_loss,0,0,1,1
DualTrendCombinedShortPullbackShapePartialLadderA1FourStepPostTp1LooseB1Roi50Strategy,NEAR/USDT:USDT,2025-12-31 11:00:00+00:00,short_compression_breakdown,0.2457286,0.00043475070868767714,0.2528984,0.00043475070868767725,0.007169800000000032,profit_to_more_profit,trailing_stop_loss,trailing_stop_loss,0,0,1,1
DualTrendCombinedShortPullbackShapePartialLadderA1FourStepPostTp1LooseB1Roi50Strategy,NEAR/USDT:USDT,2026-01-20 07:00:00+00:00,short_pullback_restart,0.13765821,0.0004411501394515323,0.14178795,0.0004411501198501081,0.004129739999999993,profit_to_less_profit,trailing_stop_loss,trailing_stop_loss,0,0,1,1
DualTrendCombinedShortPullbackShapePartialLadderA1FourStepPostTp1LooseB1Roi50Strategy,NEAR/USDT:USDT,2026-04-02 02:00:00+00:00,short_pullback_restart,0.25147507,0.0007652792847133791,0.25773957,0.0007652792742525108,0.006264499999999951,profit_to_less_profit,trailing_stop_loss,trailing_stop_loss,0,0,1,1
DualTrendCombinedShortPullbackShapePartialLadderA1FourStepPostTp1LooseB1Roi50Strategy,PAXG/USDT:USDT,2025-06-14 00:00:00+00:00,long_1d_center_compression,-9.88326922,-0.020690681329398494,-10.16974079,-0.020690681326155036,-0.2864715699999998,loss_to_less_loss,stop_loss,stop_loss,0,0,1,1
DualTrendCombinedShortPullbackShapePartialLadderA1FourStepPostTp1LooseB1Roi50Strategy,PAXG/USDT:USDT,2025-09-23 00:00:00+00:00,long_1d_center_compression,-1.27803356,-0.0023782830688962283,-1.32272005,-0.0023782830722911003,-0.044686490000000134,loss_to_more_loss,trailing_stop_loss,trailing_stop_loss,0,0,1,1
DualTrendCombinedShortPullbackShapePartialLadderA1FourStepPostTp1LooseB1Roi50Strategy,PAXG/USDT:USDT,2025-11-11 00:00:00+00:00,long_1d_center_compression,-0.13469675,-0.0002425195829257406,-0.13968552,-0.00024251958549786315,-0.0049887700000000035,loss_to_more_loss,trailing_stop_loss,trailing_stop_loss,0,0,1,1
DualTrendCombinedShortPullbackShapePartialLadderA1FourStepPostTp1LooseB1Roi50Strategy,PAXG/USDT:USDT,2025-12-12 00:00:00+00:00,long_1d_center_compression,25.40321115,0.04296294593464907,26.13953611,0.04296294593321986,0.736324960000001,profit_to_less_profit,swing_exit_long_1d,swing_exit_long_1d,0,0,1,1
DualTrendCombinedShortPullbackShapePartialLadderA1FourStepPostTp1LooseB1Roi50Strategy,PAXG/USDT:USDT,2026-01-07 00:00:00+00:00,long_1d_center_compression,71.93358242,0.12175514789867557,74.12722285,0.12175054108712577,2.193640430000002,bigwin_less_profit,swing_exit_long_1d,swing_exit_long_1d,0,0,1,1
DualTrendCombinedShortPullbackShapePartialLadderA1FourStepPostTp1LooseB1Roi50Strategy,SOL/USDT:USDT,2023-08-24 15:00:00+00:00,short_pullback_restart,-0.24604371,-0.001221779420785025,-0.24604371,-0.001221779420785025,0.0,same,trailing_stop_loss,trailing_stop_loss,0,0,1,1
DualTrendCombinedShortPullbackShapePartialLadderA1FourStepPostTp1LooseB1Roi50Strategy,SOL/USDT:USDT,2023-09-01 15:00:00+00:00,short_compression_breakdown,-7.91989713,-0.03148533334926607,-7.91989713,-0.03148533334926607,0.0,same,stop_loss,stop_loss,0,0,1,1
DualTrendCombinedShortPullbackShapePartialLadderA1FourStepPostTp1LooseB1Roi50Strategy,SOL/USDT:USDT,2024-02-09 00:00:00+00:00,long_1d_center_compression,26.087363500000002,0.0753069710925,26.087363500000002,0.0753069710925,0.0,same,trailing_stop_loss,trailing_stop_loss,0,0,1,1
DualTrendCombinedShortPullbackShapePartialLadderA1FourStepPostTp1LooseB1Roi50Strategy,SOL/USDT:USDT,2024-06-06 00:00:00+00:00,long_1d_center_compression,-8.53396113,-0.021541771669139818,-8.53396113,-0.021541771669139818,0.0,same,stop_loss,stop_loss,0,0,1,1
DualTrendCombinedShortPullbackShapePartialLadderA1FourStepPostTp1LooseB1Roi50Strategy,SOL/USDT:USDT,2024-06-13 16:00:00+00:00,short_compression_breakdown,0.16676815,0.0008742770359846302,0.16676815,0.0008742770359846302,0.0,same,trailing_stop_loss,trailing_stop_loss,0,0,1,1
DualTrendCombinedShortPullbackShapePartialLadderA1FourStepPostTp1LooseB1Roi50Strategy,SOL/USDT:USDT,2024-06-21 09:00:00+00:00,short_compression_breakdown,-8.46443668,-0.03968386915514242,-8.46443668,-0.03968386915514242,0.0,same,stop_loss,stop_loss,0,0,1,1
DualTrendCombinedShortPullbackShapePartialLadderA1FourStepPostTp1LooseB1Roi50Strategy,SOL/USDT:USDT,2024-10-21 00:00:00+00:00,long_1d_center_compression,-0.07947336,-0.00019769054667505577,-0.07881108,-0.00019769054165823474,0.0006622800000000012,loss_to_less_loss,trailing_stop_loss,trailing_stop_loss,0,0,1,1
DualTrendCombinedShortPullbackShapePartialLadderA1FourStepPostTp1LooseB1Roi50Strategy,SOL/USDT:USDT,2024-12-18 20:00:00+00:00,short_compression_breakdown,0.00065656,2.6769553822954782e-06,0.0006509,2.6769553822954782e-06,-5.659999999999997e-06,other,trailing_stop_loss,trailing_stop_loss,0,0,1,1
DualTrendCombinedShortPullbackShapePartialLadderA1FourStepPostTp1LooseB1Roi50Strategy,SOL/USDT:USDT,2025-02-05 16:00:00+00:00,short_compression_breakdown,-0.03759996,-0.0001504548564060684,-0.03729673,-0.00015045483818802456,0.00030323000000000155,loss_to_less_loss,trailing_stop_loss,trailing_stop_loss,0,0,1,1
DualTrendCombinedShortPullbackShapePartialLadderA1FourStepPostTp1LooseB1Roi50Strategy,SOL/USDT:USDT,2025-02-06 15:00:00+00:00,short_pullback_restart,0.02048699,9.814682741600448e-05,0.02029553,9.814686221630305e-05,-0.00019146000000000093,profit_to_more_profit,trailing_stop_loss,trailing_stop_loss,0,0,1,1
DualTrendCombinedShortPullbackShapePartialLadderA1FourStepPostTp1LooseB1Roi50Strategy,SOL/USDT:USDT,2025-02-16 14:00:00+00:00,short_pullback_restart,46.99336837,0.14863255543712697,47.39785812000001,0.15082044915290255,0.4044897500000104,bigwin_more_profit,trailing_stop_loss,trailing_stop_loss,3,3,4,4
DualTrendCombinedShortPullbackShapePartialLadderA1FourStepPostTp1LooseB1Roi50Strategy,SOL/USDT:USDT,2025-03-18 14:00:00+00:00,short_compression_breakdown,-8.63449108,-0.03285943235594488,-8.91561405,-0.03285943237291581,-0.2811229700000002,loss_to_more_loss,trailing_stop_loss,trailing_stop_loss,0,0,1,1
DualTrendCombinedShortPullbackShapePartialLadderA1FourStepPostTp1LooseB1Roi50Strategy,SOL/USDT:USDT,2025-03-30 14:00:00+00:00,short_pullback_restart,-10.66751748,-0.028364240600920534,-10.98229669,-0.02836424061557008,-0.3147792099999993,loss_to_more_loss,stop_loss,stop_loss,0,0,1,1
DualTrendCombinedShortPullbackShapePartialLadderA1FourStepPostTp1LooseB1Roi50Strategy,SOL/USDT:USDT,2025-04-05 14:00:00+00:00,short_pullback_restart,17.2750017,0.07563540707059865,17.809280100000002,0.07563540705746372,0.5342784000000016,profit_to_less_profit,trailing_stop_loss,trailing_stop_loss,1,1,2,2
DualTrendCombinedShortPullbackShapePartialLadderA1FourStepPostTp1LooseB1Roi50Strategy,SOL/USDT:USDT,2025-05-09 00:00:00+00:00,long_1d_center_compression,-10.50992561,-0.021017484516731515,-10.85564684,-0.021017484502847728,-0.34572123000000055,loss_to_less_loss,stop_loss,stop_loss,0,0,1,1
DualTrendCombinedShortPullbackShapePartialLadderA1FourStepPostTp1LooseB1Roi50Strategy,SOL/USDT:USDT,2025-06-05 14:00:00+00:00,short_pullback_restart,-0.03853389,-0.00011454302596716776,-0.03973807,-0.00011454301425721317,-0.0012041799999999991,loss_to_less_loss,trailing_stop_loss,trailing_stop_loss,0,0,1,1
DualTrendCombinedShortPullbackShapePartialLadderA1FourStepPostTp1LooseB1Roi50Strategy,SOL/USDT:USDT,2025-06-19 15:00:00+00:00,short_pullback_restart,-10.70533437,-0.030930916492069166,-11.01499281,-0.030930916513999995,-0.30965844000000153,loss_to_more_loss,stop_loss,stop_loss,0,0,1,1
DualTrendCombinedShortPullbackShapePartialLadderA1FourStepPostTp1LooseB1Roi50Strategy,SOL/USDT:USDT,2025-09-11 00:00:00+00:00,long_1d_center_compression,-0.00171133,-3.156237175798068e-06,-0.0017679,-3.156232011706927e-06,-5.656999999999993e-05,loss_to_less_loss,trailing_stop_loss,trailing_stop_loss,0,0,1,1
DualTrendCombinedShortPullbackShapePartialLadderA1FourStepPostTp1LooseB1Roi50Strategy,SOL/USDT:USDT,2025-10-19 09:00:00+00:00,short_pullback_restart,-12.648285,-0.022915059224527516,-13.02773355,-0.02291505922452752,-0.3794485500000011,loss_to_more_loss,stop_loss,stop_loss,0,0,1,1
DualTrendCombinedShortPullbackShapePartialLadderA1FourStepPostTp1LooseB1Roi50Strategy,SOL/USDT:USDT,2025-10-20 17:00:00+00:00,short_pullback_restart,-0.0233789,-7.751331195993941e-05,-0.02410495,-7.751330297207222e-05,-0.0007260499999999989,loss_to_less_loss,trailing_stop_loss,trailing_stop_loss,0,0,1,1
DualTrendCombinedShortPullbackShapePartialLadderA1FourStepPostTp1LooseB1Roi50Strategy,SOL/USDT:USDT,2025-12-21 02:00:00+00:00,short_pullback_restart,-8.65150548,-0.014726264834068328,-8.92761736,-0.014726264838981783,-0.2761118799999984,loss_to_more_loss,stop_loss,stop_loss,0,0,1,1
DualTrendCombinedShortPullbackShapePartialLadderA1FourStepPostTp1LooseB1Roi50Strategy,SOL/USDT:USDT,2026-01-27 14:00:00+00:00,short_pullback_restart,-11.06370898,-0.018535842348839086,-11.40588555,-0.018535842354702896,-0.34217657000000123,loss_to_more_loss,stop_loss,stop_loss,0,0,1,1
DualTrendCombinedShortPullbackShapePartialLadderA1FourStepPostTp1LooseB1Roi50Strategy,SUI/USDT:USDT,2023-07-30 20:00:00+00:00,short_pullback_restart,-0.45279074,-0.0018114209405415607,-0.45279074,-0.0018114209405415607,0.0,same,trailing_stop_loss,trailing_stop_loss,0,0,1,1
DualTrendCombinedShortPullbackShapePartialLadderA1FourStepPostTp1LooseB1Roi50Strategy,SUI/USDT:USDT,2023-09-11 09:00:00+00:00,short_compression_breakdown,-0.01087749,-7.03639569383376e-05,-0.01087749,-7.03639569383376e-05,0.0,same,trailing_stop_loss,trailing_stop_loss,0,0,1,1
DualTrendCombinedShortPullbackShapePartialLadderA1FourStepPostTp1LooseB1Roi50Strategy,SUI/USDT:USDT,2023-09-17 17:00:00+00:00,short_compression_breakdown,0.03501217,0.00013907224851406622,0.03501217,0.00013907224851406622,0.0,same,trailing_stop_loss,trailing_stop_loss,0,0,1,1
DualTrendCombinedShortPullbackShapePartialLadderA1FourStepPostTp1LooseB1Roi50Strategy,SUI/USDT:USDT,2023-10-09 09:00:00+00:00,short_pullback_restart,-0.9846396,-0.0033338347495426033,-0.9846396,-0.0033338347495426033,0.0,same,trailing_stop_loss,trailing_stop_loss,0,0,1,1
DualTrendCombinedShortPullbackShapePartialLadderA1FourStepPostTp1LooseB1Roi50Strategy,SUI/USDT:USDT,2024-03-28 00:00:00+00:00,long_1d_center_compression,-0.76645977,-0.001942550516302003,-0.76645977,-0.001942550516302003,0.0,same,trailing_stop_loss,trailing_stop_loss,0,0,1,1
DualTrendCombinedShortPullbackShapePartialLadderA1FourStepPostTp1LooseB1Roi50Strategy,SUI/USDT:USDT,2024-05-05 02:00:00+00:00,short_compression_breakdown,-7.2333989,-0.030794884430546225,-7.23668831,-0.030794884457038357,-0.003289409999999826,loss_to_more_loss,trailing_stop_loss,trailing_stop_loss,0,0,1,1
DualTrendCombinedShortPullbackShapePartialLadderA1FourStepPostTp1LooseB1Roi50Strategy,SUI/USDT:USDT,2024-06-02 10:00:00+00:00,short_pullback_restart,-8.89121643,-0.02247737474904935,-8.89576088,-0.02247737474904289,-0.004544449999999145,loss_to_less_loss,stop_loss,stop_loss,0,0,1,1
DualTrendCombinedShortPullbackShapePartialLadderA1FourStepPostTp1LooseB1Roi50Strategy,SUI/USDT:USDT,2024-06-29 23:00:00+00:00,short_pullback_restart,-8.2442906,-0.029192905275321306,-8.24657497,-0.029192905276037347,-0.0022843699999999245,loss_to_more_loss,stop_loss,stop_loss,0,0,1,1
DualTrendCombinedShortPullbackShapePartialLadderA1FourStepPostTp1LooseB1Roi50Strategy,SUI/USDT:USDT,2024-07-30 15:00:00+00:00,short_compression_breakdown,0.01558414,6.969891557654674e-05,0.01558919,6.969891580835372e-05,5.049999999999499e-06,profit_to_more_profit,trailing_stop_loss,trailing_stop_loss,0,0,1,1
DualTrendCombinedShortPullbackShapePartialLadderA1FourStepPostTp1LooseB1Roi50Strategy,SUI/USDT:USDT,2025-01-26 21:00:00+00:00,short_pullback_restart,25.57075843,0.07549587371116741,25.38605456,0.07549564336655301,-0.18470386999999988,profit_to_less_profit,trailing_stop_loss,trailing_stop_loss,1,1,2,2
DualTrendCombinedShortPullbackShapePartialLadderA1FourStepPostTp1LooseB1Roi50Strategy,SUI/USDT:USDT,2025-04-19 17:00:00+00:00,short_pullback_restart,-10.24528137,-0.020154341474630237,-10.55302449,-0.020154341474630237,-0.3077431199999996,other,trailing_stop_loss,trailing_stop_loss,0,0,1,1
DualTrendCombinedShortPullbackShapePartialLadderA1FourStepPostTp1LooseB1Roi50Strategy,SUI/USDT:USDT,2025-06-04 11:00:00+00:00,short_pullback_restart,0.05083221,0.00011787887630999669,0.05238752,0.00011787886756134672,0.0015553099999999973,profit_to_less_profit,trailing_stop_loss,trailing_stop_loss,0,0,1,1
DualTrendCombinedShortPullbackShapePartialLadderA1FourStepPostTp1LooseB1Roi50Strategy,SUI/USDT:USDT,2025-08-29 08:00:00+00:00,short_compression_breakdown,0.02977794,0.00011399396765010398,0.03069536,0.00011399396583853337,0.0009174200000000021,profit_to_less_profit,trailing_stop_loss,trailing_stop_loss,0,0,1,1
DualTrendCombinedShortPullbackShapePartialLadderA1FourStepPostTp1LooseB1Roi50Strategy,SUI/USDT:USDT,2025-09-24 04:00:00+00:00,short_pullback_restart,-11.79909764,-0.046995830449038226,-12.16830017,-0.04699583043468734,-0.3692025300000008,loss_to_less_loss,stop_loss,stop_loss,0,0,1,1
DualTrendCombinedShortPullbackShapePartialLadderA1FourStepPostTp1LooseB1Roi50Strategy,SUI/USDT:USDT,2025-09-25 01:00:00+00:00,short_pullback_restart,3.08451465,0.008444272506519206,3.18037708,0.00844427250729584,0.09586242999999994,profit_to_more_profit,stale_flat_120h,stale_flat_120h,0,0,1,1
DualTrendCombinedShortPullbackShapePartialLadderA1FourStepPostTp1LooseB1Roi50Strategy,SUI/USDT:USDT,2025-11-19 06:00:00+00:00,short_pullback_restart,0.07792882,0.0003248494446945053,0.08040526,0.00032484944529547453,0.0024764400000000103,profit_to_more_profit,trailing_stop_loss,trailing_stop_loss,0,0,1,1
DualTrendCombinedShortPullbackShapePartialLadderA1FourStepPostTp1LooseB1Roi50Strategy,SUI/USDT:USDT,2025-12-11 15:00:00+00:00,short_compression_breakdown,-13.25771697,-0.028985674178288554,-13.67326395,-0.028985674176761733,-0.41554698000000023,loss_to_less_loss,stop_loss,stop_loss,0,0,1,1
DualTrendCombinedShortPullbackShapePartialLadderA1FourStepPostTp1LooseB1Roi50Strategy,SUI/USDT:USDT,2026-03-22 00:00:00+00:00,short_pullback_restart,0.01050856,2.8945814684021573e-05,0.0107621,2.8945805847534574e-05,0.00025354,profit_to_less_profit,trailing_stop_loss,trailing_stop_loss,0,0,1,1
DualTrendCombinedShortPullbackShapePartialLadderA1FourStepPostTp1LooseB1Roi50Strategy,TAO/USDT:USDT,2024-06-10 05:00:00+00:00,short_pullback_restart,0.02549886,0.00010541758258828341,0.02549886,0.00010541758258828341,0.0,same,trailing_stop_loss,trailing_stop_loss,0,0,1,1
DualTrendCombinedShortPullbackShapePartialLadderA1FourStepPostTp1LooseB1Roi50Strategy,TAO/USDT:USDT,2024-06-22 20:00:00+00:00,short_pullback_restart,-8.39779569,-0.03385775268632348,-8.39779569,-0.03385775268632348,0.0,same,stop_loss,stop_loss,0,0,1,1
DualTrendCombinedShortPullbackShapePartialLadderA1FourStepPostTp1LooseB1Roi50Strategy,TAO/USDT:USDT,2024-11-02 13:00:00+00:00,short_pullback_restart,18.10706765,0.07515247231024974,17.993917879999998,0.07510478689372765,-0.11314977000000326,profit_to_less_profit,trailing_stop_loss,trailing_stop_loss,1,1,2,2
DualTrendCombinedShortPullbackShapePartialLadderA1FourStepPostTp1LooseB1Roi50Strategy,TAO/USDT:USDT,2025-01-15 10:00:00+00:00,short_pullback_restart,-9.30005818,-0.04995236814482479,-9.2395372,-0.049952368177192646,0.0605209800000015,loss_to_more_loss,stop_loss,stop_loss,0,0,1,1
DualTrendCombinedShortPullbackShapePartialLadderA1FourStepPostTp1LooseB1Roi50Strategy,TAO/USDT:USDT,2025-08-28 17:00:00+00:00,short_pullback_restart,0.08908409,0.00025575281596958003,0.09185224,0.0002557528168347872,0.002768149999999997,profit_to_more_profit,trailing_stop_loss,trailing_stop_loss,0,0,1,1
DualTrendCombinedShortPullbackShapePartialLadderA1FourStepPostTp1LooseB1Roi50Strategy,TAO/USDT:USDT,2025-09-04 16:00:00+00:00,short_compression_breakdown,-11.13869987,-0.03088317975811889,-11.47711523,-0.030883179756413755,-0.33841536000000083,loss_to_less_loss,trailing_stop_loss,trailing_stop_loss,0,0,1,1
DualTrendCombinedShortPullbackShapePartialLadderA1FourStepPostTp1LooseB1Roi50Strategy,TAO/USDT:USDT,2025-09-23 18:00:00+00:00,short_pullback_restart,3.0023754,0.009962590796834628,3.09773774,0.009962590818055523,0.09536233999999988,profit_to_more_profit,stale_flat_120h,stale_flat_120h,0,0,1,1
DualTrendCombinedShortPullbackShapePartialLadderA1FourStepPostTp1LooseB1Roi50Strategy,TAO/USDT:USDT,2025-11-29 18:00:00+00:00,short_compression_breakdown,34.77525322,0.0744760951005769,35.86836371,0.07447658597947342,1.0931104899999937,profit_to_more_profit,trailing_stop_loss,trailing_stop_loss,1,1,2,2
DualTrendCombinedShortPullbackShapePartialLadderA1FourStepPostTp1LooseB1Roi50Strategy,TAO/USDT:USDT,2025-12-17 06:00:00+00:00,short_pullback_restart,0.02202805,8.267083044692441e-05,0.02271773,8.267082033079623e-05,0.0006896799999999981,profit_to_less_profit,trailing_stop_loss,trailing_stop_loss,0,0,1,1
DualTrendCombinedShortPullbackShapePartialLadderA1FourStepPostTp1LooseB1Roi50Strategy,TAO/USDT:USDT,2026-01-25 05:00:00+00:00,short_pullback_restart,-0.0109748,-1.8372716215132625e-05,-0.01131654,-1.837270673122716e-05,-0.0003417400000000001,loss_to_less_loss,trailing_stop_loss,trailing_stop_loss,0,0,1,1
DualTrendCombinedShortPullbackShapePartialLadderA1FourStepPostTp1LooseB1Roi50Strategy,TAO/USDT:USDT,2026-01-29 02:00:00+00:00,short_pullback_restart,52.90774326,0.15202127371857332,54.36191747,0.15151869262783085,1.454174210000005,bigwin_less_profit,trailing_stop_loss,trailing_stop_loss,3,3,4,4
DualTrendCombinedShortPullbackShapePartialLadderA1FourStepPostTp1LooseB1Roi50Strategy,TAO/USDT:USDT,2026-04-30 15:00:00+00:00,short_compression_breakdown,-10.60159338,-0.019683787060910524,-10.86955645,-0.019683787064588936,-0.26796306999999864,loss_to_more_loss,trailing_stop_loss,trailing_stop_loss,0,0,1,1
DualTrendCombinedShortPullbackShapePartialLadderA1FourStepPostTp1LooseB1Roi50Strategy,XRP/USDT:USDT,2023-08-22 14:00:00+00:00,short_pullback_restart,0.0509367,0.00014106252317818883,0.0509367,0.00014106252317818883,0.0,same,trailing_stop_loss,trailing_stop_loss,0,0,1,1
DualTrendCombinedShortPullbackShapePartialLadderA1FourStepPostTp1LooseB1Roi50Strategy,XRP/USDT:USDT,2023-09-01 15:00:00+00:00,short_compression_breakdown,0.04077401,0.00011469659422106272,0.04077401,0.00011469659422106272,0.0,same,trailing_stop_loss,trailing_stop_loss,0,0,1,1
DualTrendCombinedShortPullbackShapePartialLadderA1FourStepPostTp1LooseB1Roi50Strategy,XRP/USDT:USDT,2023-09-06 15:00:00+00:00,short_pullback_restart,-5.08308727,-0.01451640481634462,-5.08308727,-0.01451640481634462,0.0,same,stop_loss,stop_loss,0,0,1,1
DualTrendCombinedShortPullbackShapePartialLadderA1FourStepPostTp1LooseB1Roi50Strategy,XRP/USDT:USDT,2023-10-12 09:00:00+00:00,short_pullback_restart,-7.5713528,-0.028183832759026643,-7.5713528,-0.028183832759026643,0.0,same,stop_loss,stop_loss,0,0,1,1
DualTrendCombinedShortPullbackShapePartialLadderA1FourStepPostTp1LooseB1Roi50Strategy,XRP/USDT:USDT,2024-01-19 15:00:00+00:00,short_compression_breakdown,0.06733255,0.00020153326753760798,0.06733255,0.00020153326753760798,0.0,same,trailing_stop_loss,trailing_stop_loss,0,0,1,1
DualTrendCombinedShortPullbackShapePartialLadderA1FourStepPostTp1LooseB1Roi50Strategy,XRP/USDT:USDT,2024-01-22 00:00:00+00:00,short_pullback_restart,25.483310109999998,0.07675773992404786,25.483310109999998,0.07675773992404786,0.0,same,trailing_stop_loss,trailing_stop_loss,1,1,2,2
DualTrendCombinedShortPullbackShapePartialLadderA1FourStepPostTp1LooseB1Roi50Strategy,XRP/USDT:USDT,2024-04-25 11:00:00+00:00,short_compression_breakdown,-8.16281255,-0.0295598879410047,-8.16586693,-0.029559887965385914,-0.003054380000000023,loss_to_more_loss,trailing_stop_loss,trailing_stop_loss,0,0,1,1
DualTrendCombinedShortPullbackShapePartialLadderA1FourStepPostTp1LooseB1Roi50Strategy,XRP/USDT:USDT,2024-04-30 09:00:00+00:00,short_pullback_restart,0.04336822,0.0001985420739916774,0.04337816,0.0001985420739916774,9.939999999999949e-06,other,trailing_stop_loss,trailing_stop_loss,0,0,1,1
DualTrendCombinedShortPullbackShapePartialLadderA1FourStepPostTp1LooseB1Roi50Strategy,XRP/USDT:USDT,2024-05-10 15:00:00+00:00,short_pullback_restart,0.15606778,0.000716801008306038,0.15613945,0.000716800994907934,7.167000000002366e-05,profit_to_less_profit,trailing_stop_loss,trailing_stop_loss,0,0,1,1
DualTrendCombinedShortPullbackShapePartialLadderA1FourStepPostTp1LooseB1Roi50Strategy,XRP/USDT:USDT,2024-06-13 16:00:00+00:00,short_compression_breakdown,0.25088488,0.0006371437271863342,0.25100728,0.000637143732783764,0.0001224000000000225,profit_to_more_profit,trailing_stop_loss,trailing_stop_loss,0,0,1,1
DualTrendCombinedShortPullbackShapePartialLadderA1FourStepPostTp1LooseB1Roi50Strategy,XRP/USDT:USDT,2024-06-26 11:00:00+00:00,short_pullback_restart,-6.33238417,-0.01669307274376742,-6.33552758,-0.016693072763746125,-0.0031434099999998466,loss_to_more_loss,stop_loss,stop_loss,0,0,1,1
DualTrendCombinedShortPullbackShapePartialLadderA1FourStepPostTp1LooseB1Roi50Strategy,XRP/USDT:USDT,2024-06-29 23:00:00+00:00,short_pullback_restart,-4.40937002,-0.011781398283344909,-4.41103708,-0.01178139828706093,-0.0016670599999999425,loss_to_more_loss,stop_loss,stop_loss,0,0,1,1
DualTrendCombinedShortPullbackShapePartialLadderA1FourStepPostTp1LooseB1Roi50Strategy,XRP/USDT:USDT,2024-09-29 00:00:00+00:00,long_1d_center_compression,-0.19773192,-0.000479790472161655,-0.19643571,-0.0004797904877946979,0.001296209999999992,loss_to_more_loss,trailing_stop_loss,trailing_stop_loss,0,0,1,1
DualTrendCombinedShortPullbackShapePartialLadderA1FourStepPostTp1LooseB1Roi50Strategy,XRP/USDT:USDT,2024-10-09 21:00:00+00:00,short_pullback_restart,-9.07784473,-0.02455980256012889,-9.01885605,-0.024559802556997575,0.05898868000000057,loss_to_less_loss,stop_loss,stop_loss,0,0,1,1
DualTrendCombinedShortPullbackShapePartialLadderA1FourStepPostTp1LooseB1Roi50Strategy,XRP/USDT:USDT,2024-10-23 08:00:00+00:00,short_compression_breakdown,0.1368566,0.00034010983296203556,0.13596187,0.00034010981168874444,-0.0008947299999999825,profit_to_less_profit,trailing_stop_loss,trailing_stop_loss,0,0,1,1
DualTrendCombinedShortPullbackShapePartialLadderA1FourStepPostTp1LooseB1Roi50Strategy,XRP/USDT:USDT,2024-11-03 03:00:00+00:00,short_pullback_restart,-9.15561141,-0.024463074790796683,-9.09568288,-0.024463074784872252,0.059928530000000535,loss_to_less_loss,stop_loss,stop_loss,0,0,1,1
DualTrendCombinedShortPullbackShapePartialLadderA1FourStepPostTp1LooseB1Roi50Strategy,XRP/USDT:USDT,2024-11-23 00:00:00+00:00,long_1d_center_compression,20.29041847,0.048741064965719574,20.15385525,0.048741064949331,-0.13656321999999932,profit_to_less_profit,trailing_stop_loss,trailing_stop_loss,0,0,1,1
DualTrendCombinedShortPullbackShapePartialLadderA1FourStepPostTp1LooseB1Roi50Strategy,XRP/USDT:USDT,2024-11-30 00:00:00+00:00,long_1d_center_compression,-0.02620753,-6.236429824957444e-05,-0.02602764,-6.236429505274592e-05,0.00017988999999999852,loss_to_less_loss,trailing_stop_loss,trailing_stop_loss,0,0,1,1
DualTrendCombinedShortPullbackShapePartialLadderA1FourStepPostTp1LooseB1Roi50Strategy,XRP/USDT:USDT,2025-03-28 05:00:00+00:00,short_compression_breakdown,19.63716386,0.07572494376966173,20.24602105,0.07574922645023503,0.6088571899999984,profit_to_more_profit,trailing_stop_loss,trailing_stop_loss,1,1,2,2
DualTrendCombinedShortPullbackShapePartialLadderA1FourStepPostTp1LooseB1Roi50Strategy,XRP/USDT:USDT,2025-05-30 17:00:00+00:00,short_pullback_restart,0.01822418,6.076580616221224e-05,0.01878633,6.0765800036474127e-05,0.0005621500000000008,profit_to_less_profit,trailing_stop_loss,trailing_stop_loss,0,0,1,1
DualTrendCombinedShortPullbackShapePartialLadderA1FourStepPostTp1LooseB1Roi50Strategy,XRP/USDT:USDT,2025-06-05 07:00:00+00:00,short_pullback_restart,0.01043333,2.4415434604583556e-05,0.0107482,2.4415439693861377e-05,0.0003148700000000001,profit_to_more_profit,trailing_stop_loss,trailing_stop_loss,0,0,1,1
DualTrendCombinedShortPullbackShapePartialLadderA1FourStepPostTp1LooseB1Roi50Strategy,XRP/USDT:USDT,2025-08-22 04:00:00+00:00,short_compression_breakdown,-12.40281506,-0.0337126498165759,-12.78444014,-0.03371264981982145,-0.3816250799999992,loss_to_more_loss,stop_loss,stop_loss,0,0,1,1
DualTrendCombinedShortPullbackShapePartialLadderA1FourStepPostTp1LooseB1Roi50Strategy,XRP/USDT:USDT,2025-09-04 20:00:00+00:00,short_pullback_restart,-12.19566523,-0.02806808966248804,-12.57824371,-0.02806808964747342,-0.38257848000000116,loss_to_less_loss,stop_loss,stop_loss,0,0,1,1
DualTrendCombinedShortPullbackShapePartialLadderA1FourStepPostTp1LooseB1Roi50Strategy,XRP/USDT:USDT,2025-10-09 17:00:00+00:00,short_compression_breakdown,21.69880166,0.049171247497785155,22.35385983,0.04917124751247733,0.6550581700000002,profit_to_more_profit,trailing_stop_loss,trailing_stop_loss,0,0,1,1
DualTrendCombinedShortPullbackShapePartialLadderA1FourStepPostTp1LooseB1Roi50Strategy,XRP/USDT:USDT,2025-10-19 09:00:00+00:00,short_pullback_restart,-11.75984648,-0.020795508435670122,-12.12809878,-0.020795508435401653,-0.3682523,loss_to_less_loss,stop_loss,stop_loss,0,0,1,1
DualTrendCombinedShortPullbackShapePartialLadderA1FourStepPostTp1LooseB1Roi50Strategy,XRP/USDT:USDT,2025-11-20 16:00:00+00:00,short_pullback_restart,27.36324525,0.07586547305898611,28.21703761,0.07586593799265878,0.8537923599999999,profit_to_more_profit,trailing_stop_loss,trailing_stop_loss,1,1,2,2
DualTrendCombinedShortPullbackShapePartialLadderA1FourStepPostTp1LooseB1Roi50Strategy,XRP/USDT:USDT,2025-12-05 10:00:00+00:00,short_compression_breakdown,-0.11628696,-0.00025926485003788556,-0.11991093,-0.00025926483939561274,-0.003623970000000004,loss_to_less_loss,trailing_stop_loss,trailing_stop_loss,0,0,1,1
DualTrendCombinedShortPullbackShapePartialLadderA1FourStepPostTp1LooseB1Roi50Strategy,XRP/USDT:USDT,2025-12-14 11:00:00+00:00,short_pullback_restart,-0.10405487,-0.00017574774758489673,-0.10729558,-0.00017574775274169815,-0.0032407100000000078,loss_to_more_loss,trailing_stop_loss,trailing_stop_loss,0,0,1,1
DualTrendCombinedShortPullbackShapePartialLadderA1FourStepPostTp1LooseB1Roi50Strategy,XRP/USDT:USDT,2025-12-28 19:00:00+00:00,short_pullback_restart,-8.2679407,-0.014136308428504624,-8.52754303,-0.01413630843754245,-0.2596023299999999,loss_to_more_loss,stop_loss,stop_loss,0,0,1,1
DualTrendCombinedShortPullbackShapePartialLadderA1FourStepPostTp1LooseB1Roi50Strategy,XRP/USDT:USDT,2026-01-22 14:00:00+00:00,short_pullback_restart,0.07309763,0.00012561645161696054,0.07537436,0.00012561644825952862,0.0022767300000000046,profit_to_less_profit,trailing_stop_loss,trailing_stop_loss,0,0,1,1
DualTrendCombinedShortPullbackShapePartialLadderA1FourStepPostTp1LooseB1Roi50Strategy,XRP/USDT:USDT,2026-03-22 00:00:00+00:00,short_pullback_restart,-0.00612054,-1.1947363021522357e-05,-0.00626683,-1.1947367536235829e-05,-0.0001462900000000003,loss_to_more_loss,trailing_stop_loss,trailing_stop_loss,0,0,1,1
DualTrendCombinedShortPullbackShapePartialLadderA1FourStepPostTp1LooseB1Roi50Strategy,XRP/USDT:USDT,2026-03-24 17:00:00+00:00,short_compression_breakdown,-14.78755371,-0.03368306890445496,-15.14320373,-0.033683068891249925,-0.35565002000000057,loss_to_less_loss,stop_loss,stop_loss,0,0,1,1
DualTrendCombinedShortPullbackShapePartialLadderA1FourStepPostTp1LooseB1Roi50Strategy,XRP/USDT:USDT,2026-03-26 06:00:00+00:00,short_pullback_restart,16.25899793,0.02940249716903231,16.64650541,0.029402497174318757,0.38750748,profit_to_more_profit,stale_low_profit_240h,stale_low_profit_240h,0,0,1,1
DualTrendCombinedShortPullbackShapePartialLadderA1FourStepPostTp1LooseB1Roi50Strategy,ZEC/USDT:USDT,2023-07-30 07:00:00+00:00,short_pullback_restart,0.21434249,0.0006325363655283083,0.21434249,0.0006325363655283083,0.0,same,trailing_stop_loss,trailing_stop_loss,0,0,1,1
DualTrendCombinedShortPullbackShapePartialLadderA1FourStepPostTp1LooseB1Roi50Strategy,ZEC/USDT:USDT,2023-08-04 09:00:00+00:00,short_pullback_restart,0.14277446,0.00043539097267674727,0.14277446,0.00043539097267674727,0.0,same,trailing_stop_loss,trailing_stop_loss,0,0,1,1
DualTrendCombinedShortPullbackShapePartialLadderA1FourStepPostTp1LooseB1Roi50Strategy,ZEC/USDT:USDT,2023-08-24 15:00:00+00:00,short_pullback_restart,0.01778779,7.801995992259719e-05,0.01778779,7.801995992259719e-05,0.0,same,trailing_stop_loss,trailing_stop_loss,0,0,1,1
DualTrendCombinedShortPullbackShapePartialLadderA1FourStepPostTp1LooseB1Roi50Strategy,ZEC/USDT:USDT,2023-12-31 21:00:00+00:00,short_pullback_restart,0.14921737,0.0008446218163848083,0.14921737,0.0008446218163848083,0.0,same,trailing_stop_loss,trailing_stop_loss,0,0,1,1
DualTrendCombinedShortPullbackShapePartialLadderA1FourStepPostTp1LooseB1Roi50Strategy,ZEC/USDT:USDT,2024-02-04 23:00:00+00:00,short_compression_breakdown,21.6016285,0.07527779188665326,21.6016285,0.07527779188665326,0.0,same,trailing_stop_loss,trailing_stop_loss,1,1,2,2
DualTrendCombinedShortPullbackShapePartialLadderA1FourStepPostTp1LooseB1Roi50Strategy,ZEC/USDT:USDT,2024-04-12 14:00:00+00:00,short_pullback_restart,39.638654020000004,0.15340795009134744,40.128347090000005,0.15530314083129373,0.4896930700000013,bigwin_more_profit,trailing_stop_loss,trailing_stop_loss,3,3,4,4
DualTrendCombinedShortPullbackShapePartialLadderA1FourStepPostTp1LooseB1Roi50Strategy,ZEC/USDT:USDT,2024-08-31 16:00:00+00:00,short_pullback_restart,30.04589387,0.07766838997387747,29.84892129,0.07766838996622746,-0.19697258000000062,profit_to_less_profit,trailing_stop_loss,trailing_stop_loss,1,1,2,2
DualTrendCombinedShortPullbackShapePartialLadderA1FourStepPostTp1LooseB1Roi50Strategy,ZEC/USDT:USDT,2024-09-30 16:00:00+00:00,short_compression_breakdown,0.07847313,0.00037821752089200046,0.07795651,0.0003782175083180006,-0.0005166199999999954,profit_to_less_profit,trailing_stop_loss,trailing_stop_loss,0,0,1,1
DualTrendCombinedShortPullbackShapePartialLadderA1FourStepPostTp1LooseB1Roi50Strategy,ZEC/USDT:USDT,2025-01-26 22:00:00+00:00,short_pullback_restart,25.27340333,0.07663479360901237,25.1046009,0.07663476824999292,-0.1688024299999995,profit_to_less_profit,trailing_stop_loss,trailing_stop_loss,1,1,2,2
DualTrendCombinedShortPullbackShapePartialLadderA1FourStepPostTp1LooseB1Roi50Strategy,ZEC/USDT:USDT,2025-03-09 03:00:00+00:00,short_pullback_restart,-0.04321408,-0.00015122601041522198,-0.04455787,-0.0001512259984036183,-0.0013437899999999975,loss_to_less_loss,trailing_stop_loss,trailing_stop_loss,0,0,1,1
DualTrendCombinedShortPullbackShapePartialLadderA1FourStepPostTp1LooseB1Roi50Strategy,ZEC/USDT:USDT,2025-04-18 07:00:00+00:00,short_pullback_restart,-11.08922504,-0.03697495298373531,-11.42472175,-0.03697495299373825,-0.33549670999999925,loss_to_more_loss,stop_loss,stop_loss,0,0,1,1
