strategy_label,rule,terms,selected,coverage,hit_rate_reach10,lift_vs_base,selected_avg_final_profit,base_avg_final_profit,proxy_full_profit_from_reach5
Baseline,pair_4h_ema50_slope_3 <= -0.005 AND pair_1h_ret_6h <= -0.02,2,28,0.6829268292682927,0.5357142857142857,0.07229965156794421,0.06281252836824992,0.055243053880348544,0.05875001937343897
Baseline,pair_1h_ret_6h <= -0.02 AND pair_1h_range_position_24h <= 0.4,2,28,0.6829268292682927,0.5357142857142857,0.07229965156794421,0.06279068278812597,0.055243053880348544,0.058735100440671394
Baseline,pair_4h_ema50_slope_3 <= -0.005 AND pair_1h_range_position_24h <= 0.3,2,29,0.7073170731707317,0.4827586206896552,0.019343986543313707,0.060801353459910765,0.055243053880348544,0.05763998171554664
Baseline,pair_1h_ret_6h <= -0.02 AND btc_1d_close_vs_ema50 <= -0.01,2,25,0.6097560975609756,0.52,0.05658536585365853,0.06233821696599136,0.055243053880348544,0.05752330302804351
Baseline,pair_1h_ret_6h <= -0.02 AND btc_1d_close_vs_ema50 <= 0.0,2,27,0.6585365853658537,0.5185185185185185,0.055103884372177,0.061424211595818554,0.055243053880348544,0.05752326129480734
Baseline,pair_4h_ema50_slope_3 <= -0.0075 AND pair_1h_range_position_24h <= 0.4,2,16,0.3902439024390244,0.5625,0.09908536585365851,0.06886018663072074,0.055243053880348544,0.057360072831500776
Baseline,pair_1h_ret_6h <= -0.01 AND pair_1h_range_position_24h <= 0.3,2,30,0.7317073170731707,0.4666666666666667,0.0032520325203251876,0.05882640467932139,0.055243053880348544,0.05645834488730834
Baseline,pair_4h_ema50_slope_3 <= -0.005 AND btc_1d_close_vs_ema50 <= -0.01,2,30,0.7317073170731707,0.4666666666666667,0.0032520325203251876,0.05874720429010257,0.055243053880348544,0.05640039338300189
Baseline,pair_1h_ret_6h <= -0.01 AND pair_1h_range_position_24h <= 0.2,2,23,0.5609756097560976,0.4782608695652174,0.01484623541887592,0.06138916605507049,0.055243053880348544,0.05638904437235662
Baseline,pair_1h_range_position_24h <= 0.2,1,25,0.6097560975609756,0.48,0.016585365853658496,0.06047642453111656,0.055243053880348544,0.056388063738485705
Baseline,pair_4h_ema50_slope_3 <= -0.0025 AND pair_1h_range_position_24h <= 0.2,2,25,0.6097560975609756,0.48,0.016585365853658496,0.06047642453111656,0.055243053880348544,0.056388063738485705
Baseline,pair_4h_close_vs_ema50 <= -0.02 AND pair_1h_range_position_24h <= 0.2,2,25,0.6097560975609756,0.48,0.016585365853658496,0.06047642453111656,0.055243053880348544,0.056388063738485705
Baseline,pair_4h_close_vs_ema50 <= -0.01 AND pair_1h_range_position_24h <= 0.2,2,25,0.6097560975609756,0.48,0.016585365853658496,0.06047642453111656,0.055243053880348544,0.056388063738485705
Baseline,pair_4h_close_vs_ema50 <= 0.0 AND pair_1h_range_position_24h <= 0.2,2,25,0.6097560975609756,0.48,0.016585365853658496,0.06047642453111656,0.055243053880348544,0.056388063738485705
Baseline,pair_4h_ema50_slope_3 <= -0.005 AND pair_1h_range_position_24h <= 0.2,2,23,0.5609756097560976,0.4782608695652174,0.01484623541887592,0.06137849546700659,0.055243053880348544,0.05638305843271102
Baseline,pair_1h_ret_6h <= -0.02 AND pair_1h_range_position_24h <= 0.2,2,20,0.4878048780487805,0.5,0.036585365853658514,0.06307677023487715,0.055243053880348544,0.056378912309696175
Baseline,adverse_before_5pct <= 0.016 AND pair_1h_range_position_24h <= 0.2,2,21,0.5121951219512195,0.5714285714285714,0.10801393728222991,0.062345207980008366,0.055243053880348544,0.05632315530683355
Baseline,pair_1h_ret_6h <= -0.02 AND pair_1h_range_position_24h <= 0.5,2,30,0.7317073170731707,0.5,0.036585365853658514,0.05863685904706505,0.055243053880348544,0.05631965296126712
Baseline,pair_1h_ret_6h <= -0.02 AND btc_1d_close_vs_ema50 <= -0.02,2,24,0.5853658536585366,0.5,0.036585365853658514,0.06076770588323297,0.055243053880348544,0.05630304734628272
Baseline,pair_1h_ret_6h <= -0.02 AND pair_1h_range_position_24h <= 0.3,2,24,0.5853658536585366,0.5,0.036585365853658514,0.060753620773389604,0.055243053880348544,0.056294802403935376
Baseline,pair_1h_ret_6h <= -0.02 AND btc_1d_close_vs_ema50 <= -0.03,2,21,0.5121951219512195,0.5238095238095238,0.06039488966318235,0.06228106842826259,0.055243053880348544,0.056290303341305234
Baseline,adverse_before_5pct <= 0.016 AND pair_1h_range_position_24h <= 0.3,2,27,0.6585365853658537,0.5555555555555556,0.0921409214092141,0.059524804688385835,0.055243053880348544,0.05627243235576629
Baseline,adverse_before_5pct <= 0.016 AND pair_1h_ret_6h <= -0.02,2,26,0.6341463414634146,0.5769230769230769,0.11350844277673539,0.0598681387121012,0.055243053880348544,0.05625784406133247
Baseline,pair_1h_ret_6h <= -0.02 AND btc_4h_trend_down == 1,2,25,0.6097560975609756,0.52,0.05658536585365853,0.060050211053048565,0.055243053880348544,0.056128177471371075
Baseline,pair_4h_ema50_slope_3 <= -0.0075 AND pair_1h_range_position_24h <= 0.2,2,12,0.2926829268292683,0.5833333333333334,0.11991869918699188,0.07087056646569283,0.055243053880348544,0.05610845847776376
Baseline,hours_to_5pct <= 32 AND pair_4h_ema50_slope_3 <= -0.005,2,26,0.6341463414634146,0.5384615384615384,0.07504690431519695,0.059554324208216554,0.055243053880348544,0.05605883974179586
Baseline,hours_to_5pct <= 28 AND pair_1h_range_position_24h <= 0.3,2,18,0.43902439024390244,0.5555555555555556,0.0921409214092141,0.06374705304403594,0.055243053880348544,0.05603529158030846
Baseline,hours_to_5pct <= 28 AND pair_4h_ema50_slope_3 <= -0.005,2,24,0.5853658536585366,0.5416666666666666,0.07825203252032514,0.060299442523673474,0.055243053880348544,0.056028941965077156
Baseline,hours_to_5pct <= 28 AND btc_1d_close_vs_ema50 <= -0.01,2,22,0.5365853658536586,0.5454545454545454,0.08203991130820393,0.06122079445470832,0.055243053880348544,0.05602091409764837
Baseline,hours_to_5pct <= 28 AND pair_1h_range_position_24h <= 0.4,2,24,0.5853658536585366,0.5416666666666666,0.07825203252032514,0.06027395601352886,0.055243053880348544,0.05601402303230958
Baseline,pair_4h_ema50_slope_3 <= -0.01 AND pair_1h_range_position_24h <= 0.4,2,10,0.24390243902439024,0.7,0.23658536585365847,0.0746403868543826,0.055243053880348544,0.056009850452288436
Baseline,pair_1h_ret_6h <= -0.015 AND btc_1d_close_vs_ema50 <= -0.01,2,28,0.6829268292682927,0.4642857142857143,0.0008710801393728151,0.05764702179690907,0.055243053880348544,0.05522235634910863
Baseline,pair_1h_ret_6h <= -0.015 AND btc_1d_close_vs_ema50 <= 0.0,2,30,0.7317073170731707,0.4666666666666667,0.0032520325203251876,0.05713716330835905,0.055243053880348544,0.055222314615872486
Baseline,pair_1h_ret_6h <= -0.015 AND pair_1h_range_position_24h <= 0.3,2,26,0.6341463414634146,0.46153846153846156,-0.0018761726078799223,0.05820963597187671,0.055243053880348544,0.05520611061631206
Baseline,pair_4h_ema50_slope_3 <= -0.005 AND btc_1d_close_vs_ema50 <= -0.02,2,28,0.6829268292682927,0.4642857142857143,0.0008710801393728151,0.057583999053075936,0.055243053880348544,0.05517931642649088
Baseline,pair_1h_ret_6h <= -0.015 AND pair_1h_range_position_24h <= 0.2,2,21,0.5121951219512195,0.47619047619047616,0.012775842044134678,0.06009419425229563,0.055243053880348544,0.05517019705605385
Baseline,pair_4h_close_vs_ema50 <= -0.03 AND pair_1h_range_position_24h <= 0.2,2,24,0.5853658536585366,0.4583333333333333,-0.005081300813008172,0.058829649475848074,0.055243053880348544,0.05516857530293546
Baseline,pair_1h_ret_6h <= -0.005 AND pair_1h_range_position_24h <= 0.2,2,24,0.5853658536585366,0.4583333333333333,-0.005081300813008172,0.058829649475848074,0.055243053880348544,0.05516857530293546
Baseline,pair_1h_range_position_24h <= 0.3 AND btc_4h_trend_down == 1,2,26,0.6341463414634146,0.46153846153846156,-0.0018761726078799223,0.057957785132601414,0.055243053880348544,0.05504640032799114
Baseline,adverse_before_5pct <= 0.016 AND pair_4h_ema50_slope_3 <= -0.005,2,30,0.7317073170731707,0.5333333333333333,0.06991869918699184,0.056853711632038194,0.055243053880348544,0.05501491095027185
Baseline,pair_1h_range_position_24h <= 0.2 AND btc_4h_trend_down == 1,2,19,0.4634146341463415,0.47368421052631576,0.010269576379974277,0.0607400574912956,0.055243053880348544,0.05497709981303943
Baseline,pair_4h_ema50_slope_3 <= -0.0075,1,18,0.43902439024390244,0.5,0.036585365853658514,0.061262757746442,0.055243053880348544,0.054944625352096495
Baseline,pair_4h_ema50_slope_3 <= -0.0075 AND pair_4h_close_vs_ema50 <= -0.03,2,18,0.43902439024390244,0.5,0.036585365853658514,0.061262757746442,0.055243053880348544,0.054944625352096495
Baseline,pair_4h_ema50_slope_3 <= -0.0075 AND pair_4h_close_vs_ema50 <= -0.02,2,18,0.43902439024390244,0.5,0.036585365853658514,0.061262757746442,0.055243053880348544,0.054944625352096495
Baseline,pair_4h_ema50_slope_3 <= -0.0075 AND pair_4h_close_vs_ema50 <= -0.01,2,18,0.43902439024390244,0.5,0.036585365853658514,0.061262757746442,0.055243053880348544,0.054944625352096495
Baseline,pair_4h_ema50_slope_3 <= -0.0075 AND pair_4h_close_vs_ema50 <= 0.0,2,18,0.43902439024390244,0.5,0.036585365853658514,0.061262757746442,0.055243053880348544,0.054944625352096495
Baseline,pair_4h_ema50_slope_3 <= -0.0075 AND pair_1h_ret_6h <= -0.01,2,18,0.43902439024390244,0.5,0.036585365853658514,0.061262757746442,0.055243053880348544,0.054944625352096495
Baseline,pair_4h_ema50_slope_3 <= -0.0075 AND pair_1h_ret_6h <= -0.005,2,18,0.43902439024390244,0.5,0.036585365853658514,0.061262757746442,0.055243053880348544,0.054944625352096495
Baseline,pair_4h_ema50_slope_3 <= -0.0075 AND pair_1h_range_position_24h <= 0.5,2,18,0.43902439024390244,0.5,0.036585365853658514,0.061262757746442,0.055243053880348544,0.054944625352096495
Baseline,pair_4h_ema50_slope_3 <= -0.0075 AND pair_1h_ret_6h <= -0.015,2,17,0.4146341463414634,0.5294117647058824,0.06599713055954087,0.06192329218654102,0.055243053880348544,0.05494380407734628
Baseline,hours_to_5pct <= 32 AND pair_1h_range_position_24h <= 0.2,2,15,0.36585365853658536,0.5333333333333333,0.06991869918699184,0.06347065807657547,0.055243053880348544,0.05492828954021055
Baseline,pair_4h_ema50_slope_3 <= -0.0075 AND btc_1d_close_vs_ema50 <= -0.01,2,14,0.34146341463414637,0.5,0.036585365853658514,0.06442563923458712,0.055243053880348544,0.054925828031322434
Baseline,pair_4h_ema50_slope_3 <= -0.0075 AND btc_1d_close_vs_ema50 <= 0.0,2,14,0.34146341463414637,0.5,0.036585365853658514,0.06442563923458712,0.055243053880348544,0.054925828031322434
Baseline,pair_4h_ema50_slope_3 <= -0.0075 AND btc_1d_close_vs_ema50 <= -0.02,2,13,0.3170731707317073,0.5384615384615384,0.07504690431519695,0.06553271361688162,0.055243053880348544,0.05492500675657222
Baseline,pair_4h_ema50_slope_3 <= -0.0075 AND pair_1h_range_position_24h <= 0.3,2,14,0.34146341463414637,0.5,0.036585365853658514,0.06441839199971582,0.055243053880348544,0.05492335336575663
Baseline,pair_4h_ema50_slope_3 <= -0.0075 AND btc_1d_close_vs_ema50 <= -0.03,2,12,0.2926829268292683,0.5833333333333334,0.11991869918699188,0.06681063302678932,0.055243053880348544,0.05492018527613347
Baseline,adverse_before_5pct <= 0.014 AND pair_1h_range_position_24h <= 0.2,2,18,0.43902439024390244,0.6111111111111112,0.14769647696476967,0.06119617959047289,0.055243053880348544,0.05491539591776858
Baseline,hours_to_5pct <= 28 AND pair_1h_range_position_24h <= 0.2,2,13,0.3170731707317073,0.5384615384615384,0.07504690431519695,0.06544877402332037,0.055243053880348544,0.05489839176349183
Baseline,hours_to_5pct <= 32 AND pair_1h_range_position_24h <= 0.3,2,21,0.5121951219512195,0.5238095238095238,0.06039488966318235,0.05952286810261306,0.055243053880348544,0.05487756658914327
Baseline,hours_to_5pct <= 32 AND pair_1h_ret_6h <= -0.02,2,24,0.5853658536585366,0.5416666666666666,0.07825203252032514,0.05832400540506307,0.055243053880348544,0.054872588529793015
Baseline,adverse_before_5pct <= 0.014 AND pair_1h_range_position_24h <= 0.3,2,24,0.5853658536585366,0.5833333333333334,0.11991869918699188,0.0583104829847814,0.055243053880348544,0.05486467296670131
Baseline,hours_to_5pct <= 32 AND pair_1h_range_position_24h <= 0.4,2,27,0.6585365853658537,0.5185185185185185,0.055103884372177,0.057374378506922966,0.055243053880348544,0.0548562980411444
Baseline,adverse_before_5pct <= 0.014 AND pair_1h_ret_6h <= -0.02,2,24,0.5853658536585366,0.5833333333333334,0.11991869918699188,0.058286964326155245,0.055243053880348544,0.054850905947017706
Baseline,hours_to_5pct <= 28 AND pair_1h_ret_6h <= -0.02,2,22,0.5365853658536586,0.5454545454545454,0.08203991130820393,0.05902501458527484,0.055243053880348544,0.054842690753074304
Baseline,hours_to_5pct <= 24 AND pair_4h_ema50_slope_3 <= -0.005,2,21,0.5121951219512195,0.5238095238095238,0.06039488966318235,0.0594508135006071,0.055243053880348544,0.05484066057348169
Baseline,adverse_before_5pct <= 0.01 AND pair_1h_ret_6h <= -0.02,2,20,0.4878048780487805,0.6,0.1365853658536585,0.05991748067395013,0.055243053880348544,0.05483779545070739
Baseline,hours_to_5pct <= 24 AND pair_1h_range_position_24h <= 0.4,2,21,0.5121951219512195,0.5238095238095238,0.06039488966318235,0.05942168606044183,0.055243053880348544,0.054825741640714104
Baseline,pair_4h_ema50_slope_3 <= -0.0075 AND pair_1h_ret_6h <= -0.02,2,16,0.3902439024390244,0.5625,0.09908536585365851,0.06236093781652618,0.055243053880348544,0.05482378061132729
Baseline,hours_to_5pct <= 28,1,27,0.6585365853658537,0.5185185185185185,0.055103884372177,0.0573207492405927,0.055243053880348544,0.05482098120721958
Baseline,hours_to_5pct <= 28 AND pair_4h_ema50_slope_3 <= -0.0025,2,27,0.6585365853658537,0.5185185185185185,0.055103884372177,0.0573207492405927,0.055243053880348544,0.05482098120721958
Baseline,hours_to_5pct <= 28 AND pair_4h_close_vs_ema50 <= -0.03,2,27,0.6585365853658537,0.5185185185185185,0.055103884372177,0.0573207492405927,0.055243053880348544,0.05482098120721958
Baseline,hours_to_5pct <= 28 AND pair_4h_close_vs_ema50 <= -0.02,2,27,0.6585365853658537,0.5185185185185185,0.055103884372177,0.0573207492405927,0.055243053880348544,0.05482098120721958
Baseline,hours_to_5pct <= 28 AND pair_4h_close_vs_ema50 <= -0.01,2,27,0.6585365853658537,0.5185185185185185,0.055103884372177,0.0573207492405927,0.055243053880348544,0.05482098120721958
Baseline,hours_to_5pct <= 28 AND pair_4h_close_vs_ema50 <= 0.0,2,27,0.6585365853658537,0.5185185185185185,0.055103884372177,0.0573207492405927,0.055243053880348544,0.05482098120721958
Baseline,hours_to_5pct <= 28 AND pair_1h_ret_6h <= -0.01,2,27,0.6585365853658537,0.5185185185185185,0.055103884372177,0.0573207492405927,0.055243053880348544,0.05482098120721958
Baseline,hours_to_5pct <= 28 AND pair_1h_ret_6h <= -0.005,2,27,0.6585365853658537,0.5185185185185185,0.055103884372177,0.0573207492405927,0.055243053880348544,0.05482098120721958
Baseline,hours_to_5pct <= 24 AND pair_1h_range_position_24h <= 0.3,2,17,0.4146341463414634,0.5294117647058824,0.06599713055954087,0.06161748172549077,0.055243053880348544,0.054817004617886425
Baseline,hours_to_5pct <= 28 AND btc_1d_close_vs_ema50 <= 0.0,2,23,0.5609756097560976,0.5217391304347826,0.05832449628844111,0.058560414754098546,0.055243053880348544,0.054802183886445525
Baseline,hours_to_5pct <= 28 AND btc_1d_close_vs_ema50 <= -0.02,2,20,0.4878048780487805,0.55,0.08658536585365856,0.0598396661393316,0.055243053880348544,0.05479983714113738
Baseline,pair_4h_ema50_slope_3 <= -0.01,1,11,0.2682926829268293,0.6363636363636364,0.17294900221729487,0.06786599091388887,0.055243053880348544,0.05479331463543359
Baseline,pair_4h_ema50_slope_3 <= -0.01 AND pair_4h_close_vs_ema50 <= -0.03,2,11,0.2682926829268293,0.6363636363636364,0.17294900221729487,0.06786599091388887,0.055243053880348544,0.05479331463543359
Baseline,pair_4h_ema50_slope_3 <= -0.01 AND pair_4h_close_vs_ema50 <= -0.02,2,11,0.2682926829268293,0.6363636363636364,0.17294900221729487,0.06786599091388887,0.055243053880348544,0.05479331463543359
Baseline,pair_4h_ema50_slope_3 <= -0.01 AND pair_4h_close_vs_ema50 <= -0.01,2,11,0.2682926829268293,0.6363636363636364,0.17294900221729487,0.06786599091388887,0.055243053880348544,0.05479331463543359
Baseline,pair_4h_ema50_slope_3 <= -0.01 AND pair_4h_close_vs_ema50 <= 0.0,2,11,0.2682926829268293,0.6363636363636364,0.17294900221729487,0.06786599091388887,0.055243053880348544,0.05479331463543359
Baseline,pair_4h_ema50_slope_3 <= -0.01 AND pair_1h_ret_6h <= -0.02,2,11,0.2682926829268293,0.6363636363636364,0.17294900221729487,0.06786599091388887,0.055243053880348544,0.05479331463543359
Baseline,pair_4h_ema50_slope_3 <= -0.01 AND pair_1h_ret_6h <= -0.015,2,11,0.2682926829268293,0.6363636363636364,0.17294900221729487,0.06786599091388887,0.055243053880348544,0.05479331463543359
Baseline,pair_4h_ema50_slope_3 <= -0.01 AND pair_1h_ret_6h <= -0.01,2,11,0.2682926829268293,0.6363636363636364,0.17294900221729487,0.06786599091388887,0.055243053880348544,0.05479331463543359
Baseline,pair_4h_ema50_slope_3 <= -0.01 AND pair_1h_ret_6h <= -0.005,2,11,0.2682926829268293,0.6363636363636364,0.17294900221729487,0.06786599091388887,0.055243053880348544,0.05479331463543359
Baseline,pair_4h_ema50_slope_3 <= -0.01 AND pair_1h_range_position_24h <= 0.5,2,11,0.2682926829268293,0.6363636363636364,0.17294900221729487,0.06786599091388887,0.055243053880348544,0.05479331463543359
Baseline,pair_4h_ema50_slope_3 <= -0.01 AND btc_4h_trend_down == 1,2,9,0.21951219512195122,0.6666666666666666,0.20325203252032514,0.07182363489697863,0.055243053880348544,0.0547905540017758
Baseline,pair_4h_ema50_slope_3 <= -0.01 AND btc_1d_close_vs_ema50 <= -0.02,2,9,0.21951219512195122,0.6666666666666666,0.20325203252032514,0.07182363489697863,0.055243053880348544,0.0547905540017758
Baseline,pair_4h_ema50_slope_3 <= -0.01 AND btc_1d_close_vs_ema50 <= -0.01,2,9,0.21951219512195122,0.6666666666666666,0.20325203252032514,0.07182363489697863,0.055243053880348544,0.0547905540017758
Baseline,pair_4h_ema50_slope_3 <= -0.01 AND btc_1d_close_vs_ema50 <= 0.0,2,9,0.21951219512195122,0.6666666666666666,0.20325203252032514,0.07182363489697863,0.055243053880348544,0.0547905540017758
Baseline,adverse_before_5pct <= 0.01 AND hours_to_5pct <= 28,2,20,0.4878048780487805,0.6,0.1365853658536585,0.05981679055858916,0.055243053880348544,0.05478867832126301
Baseline,pair_4h_ema50_slope_3 <= -0.01 AND btc_1d_close_vs_ema50 <= -0.03,2,8,0.1951219512195122,0.75,0.2865853658536585,0.0745268791718523,0.055243053880348544,0.05478573252133704
Baseline,pair_1h_range_position_24h <= 0.3 AND btc_1d_close_vs_ema50 <= -0.01,2,26,0.6341463414634146,0.4230769230769231,-0.040337711069418414,0.056339559664607436,0.055243053880348544,0.054020208567799835
Baseline,pair_1h_range_position_24h <= 0.3 AND btc_1d_close_vs_ema50 <= 0.0,2,28,0.6829268292682927,0.42857142857142855,-0.03484320557491294,0.055886672864896805,0.055243053880348544,0.05402016683456367
Baseline,pair_1h_ret_6h <= -0.015 AND btc_1d_close_vs_ema50 <= -0.02,2,27,0.6585365853658537,0.4444444444444444,-0.018970189701897067,0.05607726397634302,0.055243053880348544,0.05400210066734784
Baseline,pair_1h_ret_6h <= -0.015 AND btc_1d_close_vs_ema50 <= -0.03,2,24,0.5853658536585366,0.4583333333333333,-0.005081300813008172,0.05681515096488269,0.055243053880348544,0.053989356662370355
Baseline,pair_4h_ema50_slope_3 <= -0.005 AND btc_1d_close_vs_ema50 <= -0.03,2,26,0.6341463414634146,0.46153846153846156,-0.0018761726078799223,0.056239047118633936,0.055243053880348544,0.053956468904499566
Baseline,pair_1h_range_position_24h <= 0.2 AND btc_1d_close_vs_ema50 <= 0.0,2,21,0.5121951219512195,0.42857142857142855,-0.03484320557491294,0.05771359614781381,0.055243053880348544,0.05395086631961195
Baseline,adverse_before_5pct <= 0.016 AND pair_1h_ret_6h <= -0.015,2,28,0.6829268292682927,0.5357142857142857,0.07229965156794421,0.055618279663268676,0.055243053880348544,0.053836873916378605
Baseline,pair_1h_ret_6h <= -0.015 AND btc_4h_trend_down == 1,2,28,0.6829268292682927,0.4642857142857143,0.0008710801393728151,0.05560415937463873,0.055243053880348544,0.053827230792436204
Baseline,pair_4h_ema50_slope_3 <= -0.0075 AND btc_4h_trend_down == 1,2,15,0.36585365853658536,0.4666666666666667,0.0032520325203251876,0.06018690474131282,0.055243053880348544,0.053726916368772984
Baseline,adverse_before_5pct <= 0.012 AND pair_1h_range_position_24h <= 0.2,2,17,0.4146341463414634,0.5882352941176471,0.12482065997130559,0.05892783752708861,0.055243053880348544,0.05370178629171967
Baseline,hours_to_5pct <= 24 AND pair_1h_range_position_24h <= 0.2,2,12,0.2926829268292683,0.5,0.036585365853658514,0.0625736914036551,0.055243053880348544,0.053680104801069786
Baseline,hours_to_5pct <= 32,1,30,0.7317073170731707,0.5,0.036585365853658514,0.055006450161941015,0.055243053880348544,0.0536632562160544
Baseline,hours_to_5pct <= 32 AND pair_4h_ema50_slope_3 <= -0.0025,2,30,0.7317073170731707,0.5,0.036585365853658514,0.055006450161941015,0.055243053880348544,0.0536632562160544
Baseline,hours_to_5pct <= 32 AND pair_4h_close_vs_ema50 <= -0.03,2,30,0.7317073170731707,0.5,0.036585365853658514,0.055006450161941015,0.055243053880348544,0.0536632562160544
Baseline,hours_to_5pct <= 32 AND pair_4h_close_vs_ema50 <= -0.02,2,30,0.7317073170731707,0.5,0.036585365853658514,0.055006450161941015,0.055243053880348544,0.0536632562160544
Baseline,hours_to_5pct <= 32 AND pair_4h_close_vs_ema50 <= -0.01,2,30,0.7317073170731707,0.5,0.036585365853658514,0.055006450161941015,0.055243053880348544,0.0536632562160544
Baseline,hours_to_5pct <= 32 AND pair_4h_close_vs_ema50 <= 0.0,2,30,0.7317073170731707,0.5,0.036585365853658514,0.055006450161941015,0.055243053880348544,0.0536632562160544
Baseline,hours_to_5pct <= 32 AND pair_1h_ret_6h <= -0.01,2,30,0.7317073170731707,0.5,0.036585365853658514,0.055006450161941015,0.055243053880348544,0.0536632562160544
Baseline,hours_to_5pct <= 32 AND pair_1h_ret_6h <= -0.005,2,30,0.7317073170731707,0.5,0.036585365853658514,0.055006450161941015,0.055243053880348544,0.0536632562160544
Baseline,hours_to_5pct <= 32 AND pair_1h_ret_6h <= -0.015,2,25,0.6097560975609756,0.52,0.05658536585365853,0.0560029471671096,0.055243053880348544,0.05366033363848147
Baseline,adverse_before_5pct <= 0.012 AND pair_1h_range_position_24h <= 0.3,2,23,0.5609756097560976,0.5652173913043478,0.1018027571580063,0.05650841725942385,0.055243053880348544,0.0536510633406524
Baseline,hours_to_5pct <= 32 AND btc_1d_close_vs_ema50 <= -0.01,2,24,0.5853658536585366,0.5,0.036585365853658514,0.05622602190704903,0.055243053880348544,0.05364450062851651
Baseline,hours_to_5pct <= 32 AND btc_1d_close_vs_ema50 <= 0.0,2,26,0.6341463414634146,0.5,0.036585365853658514,0.055747031334865145,0.055243053880348544,0.05364445889528033
Baseline,adverse_before_5pct <= 0.012 AND pair_1h_ret_6h <= -0.02,2,23,0.5609756097560976,0.5652173913043478,0.1018027571580063,0.056483876050422634,0.055243053880348544,0.053637296320968794
Baseline,hours_to_5pct <= 28 AND pair_1h_ret_6h <= -0.015,2,23,0.5609756097560976,0.5217391304347826,0.05832449628844111,0.056471646536185784,0.055243053880348544,0.05363043586176276
Baseline,adverse_before_5pct <= 0.014 AND pair_1h_range_position_24h <= 0.4,2,29,0.7073170731707317,0.5517241379310345,0.08830950378469299,0.055123725177252815,0.055243053880348544,0.053624098296105656
Baseline,hours_to_5pct <= 28 AND pair_4h_ema50_slope_3 <= -0.0075,2,16,0.3902439024390244,0.5,0.036585365853658514,0.05925316766632324,0.055243053880348544,0.053610992260028585
Baseline,hours_to_5pct <= 32 AND pair_4h_ema50_slope_3 <= -0.0075,2,16,0.3902439024390244,0.5,0.036585365853658514,0.05925316766632324,0.055243053880348544,0.053610992260028585
Baseline,hours_to_5pct <= 24 AND btc_1d_close_vs_ema50 <= -0.01,2,18,0.43902439024390244,0.5,0.036585365853658514,0.058223294951182364,0.055243053880348544,0.0536102270517386
Baseline,adverse_before_5pct <= 0.014 AND pair_4h_ema50_slope_3 <= -0.005,2,27,0.6585365853658537,0.5555555555555556,0.0921409214092141,0.05547752644479563,0.055243053880348544,0.053607151561206885
Baseline,hours_to_5pct <= 28 AND pair_1h_range_position_24h <= 0.5,2,26,0.6341463414634146,0.5,0.036585365853658514,0.05567467683342757,0.055243053880348544,0.05359857555290529
Baseline,adverse_before_5pct <= 0.01 AND hours_to_5pct <= 24,2,17,0.4146341463414634,0.5882352941176471,0.12482065997130559,0.058675834900938285,0.055243053880348544,0.05359729739795002
Baseline,hours_to_5pct <= 28 AND btc_4h_trend_down == 1,2,22,0.5365853658536586,0.5,0.036585365853658514,0.05670042443971143,0.055243053880348544,0.05359534969935736
Baseline,adverse_before_5pct <= 0.01 AND pair_4h_ema50_slope_3 <= -0.005,2,23,0.5609756097560976,0.5652173913043478,0.1018027571580063,0.056406768854815596,0.055243053880348544,0.05359404106489655
Baseline,adverse_before_5pct <= 0.016 AND pair_4h_ema50_slope_3 <= -0.0075,2,14,0.34146341463414637,0.5714285714285714,0.10801393728222991,0.06052124763931672,0.055243053880348544,0.05359262114513254
Baseline,adverse_before_5pct <= 0.014 AND pair_4h_ema50_slope_3 <= -0.0075,2,13,0.3170731707317073,0.6153846153846154,0.15196998123827393,0.061327984206590434,0.055243053880348544,0.05359179987038234
Baseline,adverse_before_5pct <= 0.016 AND hours_to_5pct <= 28,2,24,0.5853658536585366,0.5416666666666666,0.07825203252032514,0.05613120912988582,0.055243053880348544,0.05358900046627463
Baseline,adverse_before_5pct <= 0.012 AND hours_to_5pct <= 28,2,23,0.5609756097560976,0.5652173913043478,0.1018027571580063,0.05639631942836962,0.055243053880348544,0.053588179191524414
Baseline,adverse_before_5pct <= 0.014 AND hours_to_5pct <= 28,2,23,0.5609756097560976,0.5652173913043478,0.1018027571580063,0.05639631942836962,0.055243053880348544,0.053588179191524414
Baseline,hours_to_5pct <= 28 AND pair_4h_ema50_slope_3 <= -0.01,2,10,0.24390243902439024,0.6,0.1365853658536585,0.0646767905384772,0.055243053880348544,0.05357970500938468
Baseline,hours_to_5pct <= 32 AND pair_4h_ema50_slope_3 <= -0.01,2,10,0.24390243902439024,0.6,0.1365853658536585,0.0646767905384772,0.055243053880348544,0.05357970500938468
Baseline,adverse_before_5pct <= 0.01 AND pair_4h_ema50_slope_3 <= -0.0075,2,9,0.21951219512195122,0.6666666666666666,0.20325203252032514,0.06630291825966136,0.055243053880348544,0.05357868937407201
Baseline,pair_4h_ema50_slope_3 <= -0.01 AND pair_1h_range_position_24h <= 0.3,2,8,0.1951219512195122,0.625,0.1615853658536585,0.06831229630603948,0.055243053880348544,0.053573130986544294
Baseline,adverse_before_5pct <= 0.014 AND pair_4h_ema50_slope_3 <= -0.01,2,9,0.21951219512195122,0.6666666666666666,0.20325203252032514,0.0662596298142578,0.055243053880348544,0.053569187032398054
Baseline,adverse_before_5pct <= 0.016 AND pair_4h_ema50_slope_3 <= -0.01,2,9,0.21951219512195122,0.6666666666666666,0.20325203252032514,0.0662596298142578,0.055243053880348544,0.053569187032398054
Baseline,hours_to_5pct <= 28 AND btc_1d_close_vs_ema50 <= -0.03,2,16,0.3902439024390244,0.5625,0.09908536585365851,0.05914573442993126,0.055243053880348544,0.05356906709460732
Baseline,pair_1h_range_position_24h <= 0.3 AND btc_1d_close_vs_ema50 <= -0.02,2,24,0.5853658536585366,0.4166666666666667,-0.0467479674796748,0.05478184983595177,0.055243053880348544,0.05279913161128884
Baseline,pair_1h_range_position_24h <= 0.3 AND btc_1d_close_vs_ema50 <= -0.03,2,21,0.5121951219512195,0.42857142857142855,-0.03484320557491294,0.055448640761047455,0.055243053880348544,0.05279076721907309
Baseline,pair_1h_range_position_24h <= 0.4 AND btc_1d_close_vs_ema50 <= -0.02,2,30,0.7317073170731707,0.43333333333333335,-0.03008130081300814,0.053796412853162945,0.055243053880348544,0.05277786306328996
Baseline,pair_1h_ret_6h <= -0.01 AND btc_1d_close_vs_ema50 <= -0.03,2,27,0.6585365853658537,0.4444444444444444,-0.018970189701897067,0.05421150773589858,0.055243053880348544,0.05277343192364053
Baseline,pair_1h_range_position_24h <= 0.4 AND btc_1d_close_vs_ema50 <= -0.03,2,27,0.6585365853658537,0.4444444444444444,-0.018970189701897067,0.05420553501903861,0.055243053880348544,0.052769498671074215
Baseline,pair_1h_range_position_24h <= 0.2 AND btc_1d_close_vs_ema50 <= -0.01,2,20,0.4878048780487805,0.4,-0.06341463414634146,0.055600964575372835,0.055243053880348544,0.052732177841645286
Baseline,pair_1h_range_position_24h <= 0.2 AND btc_1d_close_vs_ema50 <= -0.02,2,19,0.4634146341463415,0.42105263157894735,-0.04236200256739414,0.055893979960142,0.055243053880348544,0.05273135656689507
Baseline,pair_1h_range_position_24h <= 0.2 AND btc_1d_close_vs_ema50 <= -0.03,2,16,0.3902439024390244,0.4375,-0.025914634146341486,0.056977667447615774,0.055243053880348544,0.05272299217467933
Baseline,adverse_before_5pct <= 0.016 AND btc_1d_close_vs_ema50 <= -0.01,2,28,0.6829268292682927,0.5,0.036585365853658514,0.05380798018988186,0.055243053880348544,0.05260057183699249
Baseline,adverse_before_5pct <= 0.016 AND btc_1d_close_vs_ema50 <= 0.0,2,30,0.7317073170731707,0.5,0.036585365853658514,0.053554057808466976,0.055243053880348544,0.052600530103756316
Baseline,btc_4h_trend_down == 1 AND btc_1d_close_vs_ema50 <= -0.02,2,29,0.7073170731707317,0.4482758620689655,-0.015138772077375962,0.05365827552877125,0.055243053880348544,0.05258756073986259
Baseline,adverse_before_5pct <= 0.01 AND pair_1h_range_position_24h <= 0.2,2,16,0.3902439024390244,0.5625,0.09908536585365851,0.0563725222265133,0.055243053880348544,0.052486837942053964
Baseline,hours_to_5pct <= 32 AND pair_1h_range_position_24h <= 0.5,2,29,0.7073170731707317,0.4827586206896552,0.019343986543313707,0.05345085769073601,0.055243053880348544,0.0524408505617401
Baseline,hours_to_5pct <= 32 AND btc_4h_trend_down == 1,2,25,0.6097560975609756,0.48,0.016585365853658496,0.05399770452143514,0.055243053880348544,0.05243762470819215
Baseline,adverse_before_5pct <= 0.01 AND pair_1h_range_position_24h <= 0.3,2,22,0.5365853658536586,0.5454545454545454,0.08203991130820393,0.05454003248320249,0.055243053880348544,0.0524361149909867
Baseline,adverse_before_5pct <= 0.014 AND pair_1h_ret_6h <= -0.01,2,30,0.7317073170731707,0.5333333333333333,0.06991869918699184,0.05332378404334497,0.055243053880348544,0.052432037104886565
Baseline,adverse_before_5pct <= 0.016 AND hours_to_5pct <= 32,2,27,0.6585365853658537,0.5185185185185185,0.055103884372177,0.05369193683257359,0.055243053880348544,0.05243127547510944
Baseline,adverse_before_5pct <= 0.014 AND pair_1h_ret_6h <= -0.015,2,26,0.6341463414634146,0.5384615384615384,0.07504690431519695,0.05383182184171606,0.055243053880348544,0.05242993580206384
Baseline,hours_to_5pct <= 32 AND btc_1d_close_vs_ema50 <= -0.02,2,22,0.5365853658536586,0.5,0.036585365853658514,0.054516380479646624,0.055243053880348544,0.05242342367200551
Baseline,adverse_before_5pct <= 0.01 AND pair_1h_ret_6h <= -0.01,2,26,0.6341463414634146,0.5384615384615384,0.07504690431519695,0.05381446119044715,0.055243053880348544,0.05241892660857625
Baseline,adverse_before_5pct <= 0.01,1,28,0.6829268292682927,0.5357142857142857,0.07229965156794421,0.053540563748675656,0.055243053880348544,0.05241794597470533
Baseline,adverse_before_5pct <= 0.01 AND pair_4h_ema50_slope_3 <= -0.0025,2,28,0.6829268292682927,0.5357142857142857,0.07229965156794421,0.053540563748675656,0.055243053880348544,0.05241794597470533
Baseline,adverse_before_5pct <= 0.01 AND pair_4h_close_vs_ema50 <= -0.02,2,28,0.6829268292682927,0.5357142857142857,0.07229965156794421,0.053540563748675656,0.055243053880348544,0.05241794597470533
Baseline,adverse_before_5pct <= 0.01 AND pair_4h_close_vs_ema50 <= -0.01,2,28,0.6829268292682927,0.5357142857142857,0.07229965156794421,0.053540563748675656,0.055243053880348544,0.05241794597470533
Baseline,adverse_before_5pct <= 0.01 AND pair_4h_close_vs_ema50 <= 0.0,2,28,0.6829268292682927,0.5357142857142857,0.07229965156794421,0.053540563748675656,0.055243053880348544,0.05241794597470533
Baseline,adverse_before_5pct <= 0.01 AND pair_1h_ret_6h <= -0.015,2,22,0.5365853658536586,0.5454545454545454,0.08203991130820393,0.05450408352435883,0.055243053880348544,0.05241682530575352
Baseline,adverse_before_5pct <= 0.01 AND btc_1d_close_vs_ema50 <= -0.01,2,24,0.5853658536585366,0.5416666666666666,0.07825203252032514,0.0541246463243627,0.055243053880348544,0.05241442711670012
Baseline,adverse_before_5pct <= 0.01 AND hours_to_5pct <= 32,2,22,0.5365853658536586,0.5454545454545454,0.08203991130820393,0.0544955844971535,0.055243053880348544,0.052412264852131143
Baseline,adverse_before_5pct <= 0.014 AND btc_1d_close_vs_ema50 <= -0.01,2,26,0.6341463414634146,0.5384615384615384,0.07504690431519695,0.05380275146006392,0.055243053880348544,0.05241150092589419
Baseline,adverse_before_5pct <= 0.012 AND pair_1h_range_position_24h <= 0.4,2,28,0.6829268292682927,0.5357142857142857,0.07229965156794421,0.053529644124011656,0.055243053880348544,0.05241048867005674
Baseline,hours_to_5pct <= 24,1,23,0.5609756097560976,0.4782608695652174,0.01484623541887592,0.054296611331030545,0.055243053880348544,0.052410294161309816
Baseline,hours_to_5pct <= 24 AND pair_4h_ema50_slope_3 <= -0.0025,2,23,0.5609756097560976,0.4782608695652174,0.01484623541887592,0.054296611331030545,0.055243053880348544,0.052410294161309816
Baseline,hours_to_5pct <= 24 AND pair_4h_close_vs_ema50 <= -0.03,2,23,0.5609756097560976,0.4782608695652174,0.01484623541887592,0.054296611331030545,0.055243053880348544,0.052410294161309816
Baseline,hours_to_5pct <= 24 AND pair_4h_close_vs_ema50 <= -0.02,2,23,0.5609756097560976,0.4782608695652174,0.01484623541887592,0.054296611331030545,0.055243053880348544,0.052410294161309816
Baseline,hours_to_5pct <= 24 AND pair_4h_close_vs_ema50 <= -0.01,2,23,0.5609756097560976,0.4782608695652174,0.01484623541887592,0.054296611331030545,0.055243053880348544,0.052410294161309816
Baseline,hours_to_5pct <= 24 AND pair_4h_close_vs_ema50 <= 0.0,2,23,0.5609756097560976,0.4782608695652174,0.01484623541887592,0.054296611331030545,0.055243053880348544,0.052410294161309816
Baseline,hours_to_5pct <= 24 AND pair_1h_ret_6h <= -0.01,2,23,0.5609756097560976,0.4782608695652174,0.01484623541887592,0.054296611331030545,0.055243053880348544,0.052410294161309816
Baseline,hours_to_5pct <= 24 AND pair_1h_ret_6h <= -0.005,2,23,0.5609756097560976,0.4782608695652174,0.01484623541887592,0.054296611331030545,0.055243053880348544,0.052410294161309816
Baseline,hours_to_5pct <= 24 AND pair_1h_range_position_24h <= 0.5,2,23,0.5609756097560976,0.4782608695652174,0.01484623541887592,0.054296611331030545,0.055243053880348544,0.052410294161309816
Baseline,hours_to_5pct <= 24 AND btc_4h_trend_down == 1,2,19,0.4634146341463415,0.47368421052631576,0.010269576379974277,0.05519420003253879,0.055243053880348544,0.05240706830776188
Baseline,hours_to_5pct <= 20 AND pair_4h_ema50_slope_3 <= -0.005,2,19,0.4634146341463415,0.47368421052631576,0.010269576379974277,0.05518180217992745,0.055243053880348544,0.0524013229614298
Baseline,adverse_before_5pct <= 0.016 AND hours_to_5pct <= 24,2,21,0.5121951219512195,0.5238095238095238,0.06039488966318235,0.05468106672673464,0.055243053880348544,0.05239761954296164
Baseline,adverse_before_5pct <= 0.012 AND hours_to_5pct <= 24,2,20,0.4878048780487805,0.55,0.08658536585365856,0.05491343644983343,0.055243053880348544,0.052396798268211434
Baseline,adverse_before_5pct <= 0.014 AND hours_to_5pct <= 24,2,20,0.4878048780487805,0.55,0.08658536585365856,0.05491343644983343,0.055243053880348544,0.052396798268211434
Baseline,adverse_before_5pct <= 0.012 AND pair_4h_ema50_slope_3 <= -0.005,2,26,0.6341463414634146,0.5384615384615384,0.07504690431519695,0.05377443151313372,0.055243053880348544,0.05239354193515796
Baseline,hours_to_5pct <= 24 AND btc_1d_close_vs_ema50 <= 0.0,2,19,0.4634146341463415,0.47368421052631576,0.010269576379974277,0.055160598445366645,0.055243053880348544,0.05239149684053577
Baseline,hours_to_5pct <= 24 AND btc_1d_close_vs_ema50 <= -0.02,2,16,0.3902439024390244,0.5,0.036585365853658514,0.05612219711902073,0.055243053880348544,0.0523891500952276
Baseline,hours_to_5pct <= 20 AND pair_1h_range_position_24h <= 0.4,2,19,0.4634146341463415,0.47368421052631576,0.010269576379974277,0.05514960869342899,0.055243053880348544,0.052386404028662216
Baseline,hours_to_5pct <= 24 AND btc_1d_close_vs_ema50 <= -0.03,2,13,0.3170731707317073,0.5384615384615384,0.07504690431519695,0.057508631832575846,0.055243053880348544,0.052380785703011856
Baseline,adverse_before_5pct <= 0.012 AND pair_4h_ema50_slope_3 <= -0.0075,2,12,0.2926829268292683,0.5833333333333334,0.11991869918699188,0.05812548333480585,0.055243053880348544,0.05237819024433343
Baseline,hours_to_5pct <= 20 AND pair_1h_range_position_24h <= 0.3,2,15,0.36585365853658536,0.4666666666666667,0.0032520325203251876,0.056498956482614375,0.055243053880348544,0.05237766700583452
Baseline,adverse_before_5pct <= 0.012 AND pair_4h_ema50_slope_3 <= -0.01,2,8,0.1951219512195122,0.625,0.1615853658536585,0.06207233420753935,0.055243053880348544,0.05235557740634914
Baseline,btc_1d_close_vs_ema50 <= -0.03,1,28,0.6829268292682927,0.42857142857142855,-0.03484320557491294,0.052273981322249786,0.055243053880348544,0.05155296285421937
Baseline,pair_4h_ema50_slope_3 <= -0.0025 AND btc_1d_close_vs_ema50 <= -0.03,2,28,0.6829268292682927,0.42857142857142855,-0.03484320557491294,0.052273981322249786,0.055243053880348544,0.05155296285421937
Baseline,pair_4h_close_vs_ema50 <= -0.03 AND btc_1d_close_vs_ema50 <= -0.03,2,28,0.6829268292682927,0.42857142857142855,-0.03484320557491294,0.052273981322249786,0.055243053880348544,0.05155296285421937
Baseline,pair_4h_close_vs_ema50 <= -0.02 AND btc_1d_close_vs_ema50 <= -0.03,2,28,0.6829268292682927,0.42857142857142855,-0.03484320557491294,0.052273981322249786,0.055243053880348544,0.05155296285421937
Baseline,pair_4h_close_vs_ema50 <= -0.01 AND btc_1d_close_vs_ema50 <= -0.03,2,28,0.6829268292682927,0.42857142857142855,-0.03484320557491294,0.052273981322249786,0.055243053880348544,0.05155296285421937
Baseline,pair_4h_close_vs_ema50 <= 0.0 AND btc_1d_close_vs_ema50 <= -0.03,2,28,0.6829268292682927,0.42857142857142855,-0.03484320557491294,0.052273981322249786,0.055243053880348544,0.05155296285421937
Baseline,pair_1h_ret_6h <= -0.005 AND btc_1d_close_vs_ema50 <= -0.03,2,28,0.6829268292682927,0.42857142857142855,-0.03484320557491294,0.052273981322249786,0.055243053880348544,0.05155296285421937
Baseline,pair_1h_range_position_24h <= 0.5 AND btc_1d_close_vs_ema50 <= -0.03,2,28,0.6829268292682927,0.42857142857142855,-0.03484320557491294,0.052273981322249786,0.055243053880348544,0.05155296285421937
Baseline,adverse_before_5pct <= 0.016 AND btc_1d_close_vs_ema50 <= -0.02,2,26,0.6341463414634146,0.5,0.036585365853658514,0.052175357311528496,0.055243053880348544,0.051379494880481484
Baseline,btc_4h_trend_down == 1 AND btc_1d_close_vs_ema50 <= -0.03,2,27,0.6585365853658537,0.4444444444444444,-0.018970189701897067,0.05207234229380453,0.055243053880348544,0.051364713217871276
Baseline,hours_to_5pct <= 20 AND pair_1h_range_position_24h <= 0.2,2,10,0.24390243902439024,0.4,-0.06341463414634146,0.05508714547497338,0.055243053880348544,0.05124076718901789
Baseline,adverse_before_5pct <= 0.012 AND pair_1h_ret_6h <= -0.01,2,29,0.7073170731707317,0.5172413793103449,0.053826745164003376,0.05172260436663255,0.055243053880348544,0.05121842747883766
Baseline,adverse_before_5pct <= 0.012 AND pair_1h_ret_6h <= -0.015,2,25,0.6097560975609756,0.52,0.05658536585365853,0.051994774928664486,0.055243053880348544,0.05121632617601493
Baseline,adverse_before_5pct <= 0.012 AND hours_to_5pct <= 32,2,25,0.6097560975609756,0.52,0.05658536585365853,0.051987295784723796,0.055243053880348544,0.05121176572239256
Baseline,adverse_before_5pct <= 0.014 AND hours_to_5pct <= 32,2,25,0.6097560975609756,0.52,0.05658536585365853,0.051987295784723796,0.055243053880348544,0.05121176572239256
Baseline,adverse_before_5pct <= 0.016 AND btc_4h_trend_down == 1,2,28,0.6829268292682927,0.5,0.036585365853658514,0.05176511776761151,0.055243053880348544,0.05120544628032006
Baseline,adverse_before_5pct <= 0.01 AND pair_4h_close_vs_ema50 <= -0.03,2,27,0.6585365853658537,0.5185185185185185,0.055103884372177,0.051819879966865115,0.055243053880348544,0.05119845753915508
Baseline,adverse_before_5pct <= 0.01 AND pair_1h_ret_6h <= -0.005,2,27,0.6585365853658537,0.5185185185185185,0.055103884372177,0.051819879966865115,0.055243053880348544,0.05119845753915508
Baseline,adverse_before_5pct <= 0.012 AND btc_1d_close_vs_ema50 <= -0.01,2,25,0.6097560975609756,0.52,0.05658536585365853,0.05196454173174625,0.055243053880348544,0.051197891299845276
Baseline,adverse_before_5pct <= 0.01 AND btc_1d_close_vs_ema50 <= 0.0,2,25,0.6097560975609756,0.52,0.05658536585365853,0.05196094292501554,0.055243053880348544,0.05119569690549729
Baseline,adverse_before_5pct <= 0.01 AND pair_1h_range_position_24h <= 0.4,2,27,0.6585365853658537,0.5185185185185185,0.055103884372177,0.05181545011614935,0.055243053880348544,0.05119554032039104
Baseline,adverse_before_5pct <= 0.01 AND pair_1h_range_position_24h <= 0.5,2,27,0.6585365853658537,0.5185185185185185,0.055103884372177,0.05181545011614935,0.055243053880348544,0.05119554032039104
Baseline,adverse_before_5pct <= 0.01 AND btc_1d_close_vs_ema50 <= -0.02,2,23,0.5609756097560976,0.5217391304347826,0.05832449628844111,0.05212874038402227,0.055243053880348544,0.05119417143493933
Baseline,adverse_before_5pct <= 0.014 AND btc_1d_close_vs_ema50 <= 0.0,2,27,0.6585365853658537,0.5185185185185185,0.055103884372177,0.05181124441860538,0.055243053880348544,0.05119277071469135
Baseline,hours_to_5pct <= 32 AND btc_1d_close_vs_ema50 <= -0.03,2,18,0.43902439024390244,0.5,0.036585365853658514,0.0527165999246941,0.055243053880348544,0.05119265362547546
Baseline,adverse_before_5pct <= 0.014 AND btc_1d_close_vs_ema50 <= -0.02,2,25,0.6097560975609756,0.52,0.05658536585365853,0.05195364220037877,0.055243053880348544,0.0511912452441334
Baseline,adverse_before_5pct <= 0.01 AND btc_4h_trend_down == 1,2,23,0.5609756097560976,0.5217391304347826,0.05832449628844111,0.052117336939969595,0.055243053880348544,0.05118777438095855
Baseline,hours_to_5pct <= 24 AND pair_1h_ret_6h <= -0.02,2,19,0.4634146341463415,0.47368421052631576,0.010269576379974277,0.05255212487175729,0.055243053880348544,0.051182692013741184
Baseline,hours_to_5pct <= 24 AND pair_4h_ema50_slope_3 <= -0.0075,2,14,0.34146341463414637,0.42857142857142855,-0.03484320557491294,0.05343638329824286,0.055243053880348544,0.051173399175009765
Baseline,hours_to_5pct <= 20 AND btc_1d_close_vs_ema50 <= -0.01,2,16,0.3902439024390244,0.4375,-0.025914634146341486,0.0530004041891972,0.055243053880348544,0.051170889439686715
Baseline,adverse_before_5pct <= 0.01 AND hours_to_5pct <= 20,2,15,0.36585365853658536,0.5333333333333333,0.06991869918699184,0.05316509008145489,0.055243053880348544,0.051157959785898134
Baseline,hours_to_5pct <= 24 AND pair_4h_ema50_slope_3 <= -0.01,2,8,0.1951219512195122,0.5,0.036585365853658514,0.055853323612375036,0.055243053880348544,0.05114211192436586
Baseline,adverse_before_5pct <= 0.016 AND btc_1d_close_vs_ema50 <= -0.03,2,23,0.5609756097560976,0.4782608695652174,0.01484623541887592,0.05027371299521733,0.055243053880348544,0.050153546314390215
Baseline,adverse_before_5pct <= 0.012 AND pair_4h_close_vs_ema50 <= -0.03,2,30,0.7317073170731707,0.5,0.036585365853658514,0.049997209826202545,0.055243053880348544,0.04999795840941649
Baseline,adverse_before_5pct <= 0.012 AND pair_1h_ret_6h <= -0.005,2,30,0.7317073170731707,0.5,0.036585365853658514,0.049997209826202545,0.055243053880348544,0.04999795840941649
Baseline,adverse_before_5pct <= 0.012 AND pair_1h_range_position_24h <= 0.5,2,30,0.7317073170731707,0.5,0.036585365853658514,0.049993222960558345,0.055243053880348544,0.04999504119065245
Baseline,adverse_before_5pct <= 0.014 AND btc_4h_trend_down == 1,2,26,0.6341463414634146,0.5,0.036585365853658514,0.04997782298583578,0.055243053880348544,0.04998593652760318
Baseline,adverse_before_5pct <= 0.012 AND btc_1d_close_vs_ema50 <= 0.0,2,26,0.6341463414634146,0.5,0.036585365853658514,0.049967138639782305,0.055243053880348544,0.04997916108864244
Baseline,adverse_before_5pct <= 0.012 AND btc_1d_close_vs_ema50 <= -0.02,2,24,0.5853658536585366,0.5,0.036585365853658514,0.049961794180894324,0.055243053880348544,0.049977635618084486
Baseline,hours_to_5pct <= 20,1,21,0.5121951219512195,0.42857142857142855,-0.03484320557491294,0.04994329611997976,0.055243053880348544,0.049970956549257935
Baseline,hours_to_5pct <= 20 AND pair_4h_ema50_slope_3 <= -0.0025,2,21,0.5121951219512195,0.42857142857142855,-0.03484320557491294,0.04994329611997976,0.055243053880348544,0.049970956549257935
Baseline,hours_to_5pct <= 20 AND pair_4h_close_vs_ema50 <= -0.03,2,21,0.5121951219512195,0.42857142857142855,-0.03484320557491294,0.04994329611997976,0.055243053880348544,0.049970956549257935
Baseline,hours_to_5pct <= 20 AND pair_4h_close_vs_ema50 <= -0.02,2,21,0.5121951219512195,0.42857142857142855,-0.03484320557491294,0.04994329611997976,0.055243053880348544,0.049970956549257935
Baseline,hours_to_5pct <= 20 AND pair_4h_close_vs_ema50 <= -0.01,2,21,0.5121951219512195,0.42857142857142855,-0.03484320557491294,0.04994329611997976,0.055243053880348544,0.049970956549257935
Baseline,hours_to_5pct <= 20 AND pair_4h_close_vs_ema50 <= 0.0,2,21,0.5121951219512195,0.42857142857142855,-0.03484320557491294,0.04994329611997976,0.055243053880348544,0.049970956549257935
Baseline,hours_to_5pct <= 20 AND pair_1h_ret_6h <= -0.01,2,21,0.5121951219512195,0.42857142857142855,-0.03484320557491294,0.04994329611997976,0.055243053880348544,0.049970956549257935
Baseline,hours_to_5pct <= 20 AND pair_1h_ret_6h <= -0.005,2,21,0.5121951219512195,0.42857142857142855,-0.03484320557491294,0.04994329611997976,0.055243053880348544,0.049970956549257935
Baseline,hours_to_5pct <= 20 AND pair_1h_range_position_24h <= 0.5,2,21,0.5121951219512195,0.42857142857142855,-0.03484320557491294,0.04994329611997976,0.055243053880348544,0.049970956549257935
Baseline,hours_to_5pct <= 24 AND pair_1h_ret_6h <= -0.015,2,20,0.4878048780487805,0.45,-0.013414634146341475,0.049939396100980755,0.055243053880348544,0.04997043712242964
Baseline,adverse_before_5pct <= 0.01 AND btc_1d_close_vs_ema50 <= -0.03,2,20,0.4878048780487805,0.5,0.036585365853658514,0.04993485688113849,0.055243053880348544,0.04996822286884804
Baseline,hours_to_5pct <= 20 AND btc_4h_trend_down == 1,2,17,0.4146341463414634,0.4117647058823529,-0.051649928263988565,0.04992217403082996,0.055243053880348544,0.049967730695709985
Baseline,adverse_before_5pct <= 0.014 AND btc_1d_close_vs_ema50 <= -0.03,2,22,0.5365853658536586,0.5,0.036585365853658514,0.04993532562726031,0.055243053880348544,0.04996529667804212
Baseline,adverse_before_5pct <= 0.016 AND hours_to_5pct <= 20,2,19,0.4634146341463415,0.47368421052631576,0.010269576379974277,0.04990997679827894,0.055243053880348544,0.04995828193090976
Baseline,adverse_before_5pct <= 0.012 AND hours_to_5pct <= 20,2,18,0.43902439024390244,0.5,0.036585365853658514,0.04990310482791895,0.055243053880348544,0.049957460656159546
Baseline,adverse_before_5pct <= 0.014 AND hours_to_5pct <= 20,2,18,0.43902439024390244,0.5,0.036585365853658514,0.04990310482791895,0.055243053880348544,0.049957460656159546
Baseline,hours_to_5pct <= 20 AND btc_1d_close_vs_ema50 <= 0.0,2,17,0.4146341463414634,0.4117647058823529,-0.051649928263988565,0.049884619315755226,0.055243053880348544,0.04995215922848389
Baseline,hours_to_5pct <= 20 AND btc_1d_close_vs_ema50 <= -0.02,2,14,0.34146341463414637,0.42857142857142855,-0.03484320557491294,0.04985302227215744,0.055243053880348544,0.04994981248317571
Baseline,hours_to_5pct <= 20 AND btc_1d_close_vs_ema50 <= -0.03,2,11,0.2682926829268293,0.45454545454545453,-0.008869179600886956,0.0497817610663053,0.055243053880348544,0.04994144809095996
Baseline,adverse_before_5pct <= 0.012 AND btc_4h_trend_down == 1,2,25,0.6097560975609756,0.48,0.016585365853658496,0.04798661611854899,0.055243053880348544,0.04877232690155427
Baseline,adverse_before_5pct <= 0.012 AND btc_1d_close_vs_ema50 <= -0.03,2,21,0.5121951219512195,0.47619047619047616,0.012775842044134678,0.04756281757770102,0.055243053880348544,0.0487516870519932
Baseline,hours_to_5pct <= 20 AND pair_1h_ret_6h <= -0.02,2,17,0.4146341463414634,0.4117647058823529,-0.051649928263988565,0.04696926649819183,0.055243053880348544,0.048743354401689296
Baseline,hours_to_5pct <= 16 AND pair_4h_ema50_slope_3 <= -0.005,2,13,0.3170731707317073,0.38461538461538464,-0.07879924953095685,0.046013391240073205,0.055243053880348544,0.048735953320023215
Baseline,hours_to_5pct <= 20 AND pair_4h_ema50_slope_3 <= -0.0075,2,12,0.2926829268292683,0.3333333333333333,-0.13008130081300817,0.045674710340106055,0.055243053880348544,0.04873406156295788
Baseline,hours_to_5pct <= 16 AND pair_4h_ema50_slope_3 <= -0.0075,2,9,0.21951219512195122,0.3333333333333333,-0.13008130081300817,0.04420178404254824,0.055243053880348544,0.048727220887388636
Baseline,hours_to_5pct <= 16 AND pair_1h_range_position_24h <= 0.4,2,13,0.3170731707317073,0.38461538461538464,-0.07879924953095685,0.045966339221344694,0.055243053880348544,0.04872103438725564
Baseline,hours_to_5pct <= 16 AND pair_1h_range_position_24h <= 0.3,2,9,0.21951219512195122,0.3333333333333333,-0.13008130081300817,0.044133799104616206,0.055243053880348544,0.04871229736442795
Baseline,hours_to_5pct <= 20 AND pair_1h_ret_6h <= -0.015,2,18,0.43902439024390244,0.3888888888888889,-0.07452574525745259,0.04437639332919375,0.055243053880348544,0.04753109951037774
Baseline,hours_to_5pct <= 16 AND pair_1h_ret_6h <= -0.02,2,14,0.34146341463414637,0.35714285714285715,-0.10627177700348434,0.04273082241183419,0.055243053880348544,0.047517841799162894
Baseline,hours_to_5pct <= 16 AND btc_1d_close_vs_ema50 <= -0.01,2,10,0.24390243902439024,0.3,-0.1634146341463415,0.03977263117294854,0.055243053880348544,0.04750551979828013
Baseline,adverse_before_5pct <= 0.01 AND hours_to_5pct <= 16,2,10,0.24390243902439024,0.4,-0.06341463414634146,0.039722986818891214,0.055243053880348544,0.04749341141924176
Baseline,hours_to_5pct <= 16,1,15,0.36585365853658536,0.3333333333333333,-0.13008130081300817,0.03990193754812701,0.055243053880348544,0.046305586907851345
Baseline,hours_to_5pct <= 16 AND pair_4h_ema50_slope_3 <= -0.0025,2,15,0.36585365853658536,0.3333333333333333,-0.13008130081300817,0.03990193754812701,0.055243053880348544,0.046305586907851345
Baseline,hours_to_5pct <= 16 AND pair_4h_close_vs_ema50 <= -0.03,2,15,0.36585365853658536,0.3333333333333333,-0.13008130081300817,0.03990193754812701,0.055243053880348544,0.046305586907851345
Baseline,hours_to_5pct <= 16 AND pair_4h_close_vs_ema50 <= -0.02,2,15,0.36585365853658536,0.3333333333333333,-0.13008130081300817,0.03990193754812701,0.055243053880348544,0.046305586907851345
Baseline,hours_to_5pct <= 16 AND pair_4h_close_vs_ema50 <= -0.01,2,15,0.36585365853658536,0.3333333333333333,-0.13008130081300817,0.03990193754812701,0.055243053880348544,0.046305586907851345
Baseline,hours_to_5pct <= 16 AND pair_4h_close_vs_ema50 <= 0.0,2,15,0.36585365853658536,0.3333333333333333,-0.13008130081300817,0.03990193754812701,0.055243053880348544,0.046305586907851345
Baseline,hours_to_5pct <= 16 AND pair_1h_ret_6h <= -0.015,2,15,0.36585365853658536,0.3333333333333333,-0.13008130081300817,0.03990193754812701,0.055243053880348544,0.046305586907851345
Baseline,hours_to_5pct <= 16 AND pair_1h_ret_6h <= -0.01,2,15,0.36585365853658536,0.3333333333333333,-0.13008130081300817,0.03990193754812701,0.055243053880348544,0.046305586907851345
Baseline,hours_to_5pct <= 16 AND pair_1h_ret_6h <= -0.005,2,15,0.36585365853658536,0.3333333333333333,-0.13008130081300817,0.03990193754812701,0.055243053880348544,0.046305586907851345
Baseline,hours_to_5pct <= 16 AND pair_1h_range_position_24h <= 0.5,2,15,0.36585365853658536,0.3333333333333333,-0.13008130081300817,0.03990193754812701,0.055243053880348544,0.046305586907851345
Baseline,hours_to_5pct <= 16 AND btc_4h_trend_down == 1,2,11,0.2682926829268293,0.2727272727272727,-0.19068736141906878,0.0362178912024036,0.055243053880348544,0.0463023610543034
Baseline,adverse_before_5pct <= 0.012 AND hours_to_5pct <= 16,2,13,0.3170731707317073,0.38461538461538464,-0.07879924953095685,0.03830841568227923,0.055243053880348544,0.04629291228950318
Baseline,adverse_before_5pct <= 0.014 AND hours_to_5pct <= 16,2,13,0.3170731707317073,0.38461538461538464,-0.07879924953095685,0.03830841568227923,0.055243053880348544,0.04629291228950318
Baseline,adverse_before_5pct <= 0.016 AND hours_to_5pct <= 16,2,13,0.3170731707317073,0.38461538461538464,-0.07879924953095685,0.03830841568227923,0.055243053880348544,0.04629291228950318
Baseline,hours_to_5pct <= 16 AND btc_1d_close_vs_ema50 <= 0.0,2,11,0.2682926829268293,0.2727272727272727,-0.19068736141906878,0.03615985209728809,0.055243053880348544,0.04628678958707729
Baseline,hours_to_5pct <= 16 AND btc_1d_close_vs_ema50 <= -0.02,2,9,0.21951219512195122,0.2222222222222222,-0.24119241192411928,0.033077314308588096,0.055243053880348544,0.04628526411651934
Guard,pair_4h_ema50_slope_3 <= -0.005 AND pair_1h_ret_6h <= -0.02,2,27,0.675,0.5555555555555556,0.0805555555555556,0.06513773085065339,0.05662332869330988,0.06021796832419104
Guard,pair_1h_ret_6h <= -0.02 AND pair_1h_range_position_24h <= 0.4,2,27,0.675,0.5555555555555556,0.0805555555555556,0.06511507617448077,0.05662332869330988,0.06020267641777451
Guard,pair_4h_ema50_slope_3 <= -0.005 AND pair_1h_range_position_24h <= 0.3,2,28,0.7,0.5,0.025000000000000022,0.0629716853201344,0.05662332869330988,0.059080179724094094
Guard,pair_1h_ret_6h <= -0.02,1,30,0.75,0.5333333333333333,0.05833333333333335,0.06197307806315876,0.05662332869330988,0.05897980854736906
Guard,pair_4h_ema50_slope_3 <= -0.0025 AND pair_1h_ret_6h <= -0.02,2,30,0.75,0.5333333333333333,0.05833333333333335,0.06197307806315876,0.05662332869330988,0.05897980854736906
Guard,pair_4h_close_vs_ema50 <= -0.03 AND pair_1h_ret_6h <= -0.02,2,30,0.75,0.5333333333333333,0.05833333333333335,0.06197307806315876,0.05662332869330988,0.05897980854736906
Guard,pair_4h_close_vs_ema50 <= -0.02 AND pair_1h_ret_6h <= -0.02,2,30,0.75,0.5333333333333333,0.05833333333333335,0.06197307806315876,0.05662332869330988,0.05897980854736906
Guard,pair_4h_close_vs_ema50 <= -0.01 AND pair_1h_ret_6h <= -0.02,2,30,0.75,0.5333333333333333,0.05833333333333335,0.06197307806315876,0.05662332869330988,0.05897980854736906
Guard,pair_4h_close_vs_ema50 <= 0.0 AND pair_1h_ret_6h <= -0.02,2,30,0.75,0.5333333333333333,0.05833333333333335,0.06197307806315876,0.05662332869330988,0.05897980854736906
Guard,pair_1h_ret_6h <= -0.02 AND btc_1d_close_vs_ema50 <= 0.0,2,26,0.65,0.5384615384615384,0.06346153846153846,0.06378544814337996,0.05662332869330988,0.058960541293196965
Guard,pair_1h_ret_6h <= -0.01 AND pair_1h_range_position_24h <= 0.3,2,29,0.725,0.4827586206896552,0.007758620689655216,0.06085379582806642,0.05662332869330988,0.05786900197534815
Guard,pair_4h_ema50_slope_3 <= -0.005 AND pair_1h_ret_6h <= -0.015,2,30,0.75,0.5,0.025000000000000022,0.06047933063752011,0.05662332869330988,0.057859497978140086
Guard,pair_1h_ret_6h <= -0.015 AND pair_1h_range_position_24h <= 0.4,2,30,0.75,0.5,0.025000000000000022,0.06045894142896475,0.05662332869330988,0.05784420607172356
Guard,pair_1h_ret_6h <= -0.02 AND pair_1h_range_position_24h <= 0.5,2,29,0.725,0.5172413793103449,0.042241379310344884,0.06065771414027162,0.05662332869330988,0.05772684275169693
Guard,pair_1h_ret_6h <= -0.02 AND btc_1d_close_vs_ema50 <= -0.01,2,25,0.625,0.52,0.04500000000000004,0.0623382169652498,0.05662332869330988,0.05771138560328113
Guard,pair_1h_ret_6h <= -0.02 AND pair_1h_range_position_24h <= 0.3,2,23,0.575,0.5217391304347826,0.046739130434782616,0.06339368857415313,0.05662332869330988,0.05770137093013805
Guard,adverse_before_5pct <= 0.016 AND pair_1h_range_position_24h <= 0.3,2,26,0.65,0.5769230769230769,0.1019230769230769,0.06181298712442048,0.05662332869330988,0.05767844163087331
Guard,adverse_before_5pct <= 0.016 AND pair_1h_ret_6h <= -0.02,2,25,0.625,0.6,0.125,0.06226158180770882,0.05662332869330988,0.057663488629818
Guard,pair_4h_ema50_slope_3 <= -0.0075 AND pair_1h_range_position_24h <= 0.4,2,16,0.4,0.5625,0.08750000000000002,0.0688601866327529,0.05662332869330988,0.057544074653101164
Guard,pair_1h_ret_6h <= -0.02 AND btc_4h_trend_down == 1,2,24,0.6,0.5416666666666666,0.06666666666666665,0.06255096729029132,0.05662332869330988,0.0575305803741748
Guard,hours_to_5pct <= 32 AND pair_4h_ema50_slope_3 <= -0.005,2,25,0.625,0.56,0.08500000000000008,0.06193521472367345,0.05662332869330988,0.0574595092022959
Guard,hours_to_5pct <= 28 AND pair_1h_range_position_24h <= 0.3,2,17,0.425,0.5882352941176471,0.1132352941176471,0.0674949937328459,0.05662332869330988,0.05743537233645951
Guard,hours_to_5pct <= 28 AND pair_4h_ema50_slope_3 <= -0.005,2,23,0.575,0.5652173913043478,0.0902173913043478,0.06291976344549431,0.05662332869330988,0.05742886398115923
Guard,hours_to_5pct <= 28 AND pair_1h_range_position_24h <= 0.4,2,23,0.575,0.5652173913043478,0.0902173913043478,0.06289316882563947,0.05662332869330988,0.0574135720747427
Guard,pair_4h_close_vs_ema50 <= -0.03 AND pair_1h_range_position_24h <= 0.3,2,30,0.75,0.4666666666666667,-0.008333333333333304,0.05882402823865752,0.05662332869330988,0.05661802117899314
Guard,pair_1h_ret_6h <= -0.005 AND pair_1h_range_position_24h <= 0.3,2,30,0.75,0.4666666666666667,-0.008333333333333304,0.05882402823865752,0.05662332869330988,0.05661802117899314
Guard,pair_1h_ret_6h <= -0.015 AND btc_1d_close_vs_ema50 <= 0.0,2,29,0.725,0.4827586206896552,0.007758620689655216,0.05910630475468414,0.05662332869330988,0.056602070947146
Guard,pair_1h_ret_6h <= -0.015 AND pair_1h_range_position_24h <= 0.3,2,25,0.625,0.48,0.0050000000000000044,0.0605367389562903,0.05662332869330988,0.05658546184768143
Guard,pair_4h_ema50_slope_3 <= -0.005 AND btc_1d_close_vs_ema50 <= -0.01,2,30,0.75,0.4666666666666667,-0.008333333333333304,0.05874720428891454,0.05662332869330988,0.05656040321668591
Guard,pair_1h_ret_6h <= -0.01 AND pair_1h_range_position_24h <= 0.2,2,23,0.575,0.4782608695652174,0.003260869565217428,0.06138916605511683,0.05662332869330988,0.05654877048169218
Guard,pair_1h_range_position_24h <= 0.2,1,25,0.625,0.48,0.0050000000000000044,0.06047642453084186,0.05662332869330988,0.05654776533177617
Guard,pair_4h_ema50_slope_3 <= -0.0025 AND pair_1h_range_position_24h <= 0.2,2,25,0.625,0.48,0.0050000000000000044,0.06047642453084186,0.05662332869330988,0.05654776533177617
Guard,pair_4h_close_vs_ema50 <= -0.02 AND pair_1h_range_position_24h <= 0.2,2,25,0.625,0.48,0.0050000000000000044,0.06047642453084186,0.05662332869330988,0.05654776533177617
Guard,pair_4h_close_vs_ema50 <= -0.01 AND pair_1h_range_position_24h <= 0.2,2,25,0.625,0.48,0.0050000000000000044,0.06047642453084186,0.05662332869330988,0.05654776533177617
Guard,pair_4h_close_vs_ema50 <= 0.0 AND pair_1h_range_position_24h <= 0.2,2,25,0.625,0.48,0.0050000000000000044,0.06047642453084186,0.05662332869330988,0.05654776533177617
Guard,pair_4h_ema50_slope_3 <= -0.005 AND pair_1h_range_position_24h <= 0.2,2,23,0.575,0.4782608695652174,0.003260869565217428,0.06137849546670802,0.05662332869330988,0.05654263489335711
Guard,pair_1h_ret_6h <= -0.02 AND pair_1h_range_position_24h <= 0.2,2,20,0.5,0.5,0.025000000000000022,0.06307677023521586,0.05662332869330988,0.056538385117607934
Guard,adverse_before_5pct <= 0.016 AND pair_1h_range_position_24h <= 0.2,2,21,0.525,0.5714285714285714,0.09642857142857142,0.06234520798073675,0.05662332869330988,0.0564812341898868
Guard,pair_1h_ret_6h <= -0.02 AND btc_1d_close_vs_ema50 <= -0.02,2,24,0.6,0.5,0.025000000000000022,0.06076770588273822,0.05662332869330988,0.05646062352964294
Guard,pair_1h_ret_6h <= -0.02 AND btc_1d_close_vs_ema50 <= -0.03,2,21,0.525,0.5238095238095238,0.04880952380952386,0.06228106842769715,0.05662332869330988,0.05644756092454101
Guard,pair_1h_range_position_24h <= 0.3 AND btc_4h_trend_down == 1,2,25,0.625,0.48,0.0050000000000000044,0.060274814082353606,0.05662332869330988,0.056421758801471
Guard,adverse_before_5pct <= 0.016 AND pair_4h_ema50_slope_3 <= -0.005,2,29,0.725,0.5517241379310345,0.0767241379310345,0.058813078883521816,0.05662332869330988,0.05638948219055332
Guard,pair_4h_ema50_slope_3 <= -0.0075 AND pair_1h_range_position_24h <= 0.2,2,12,0.3,0.5833333333333334,0.10833333333333339,0.07087056646840238,0.05662332869330988,0.05626116994052072
Guard,hours_to_5pct <= 32 AND pair_1h_range_position_24h <= 0.3,2,20,0.5,0.55,0.07500000000000007,0.062497408441030376,0.05662332869330988,0.056248704220515186
Guard,hours_to_5pct <= 32 AND pair_1h_ret_6h <= -0.02,2,23,0.575,0.5652173913043478,0.0902173913043478,0.06085843775665998,0.05662332869330988,0.05624360171007949
Guard,adverse_before_5pct <= 0.014 AND pair_1h_range_position_24h <= 0.3,2,23,0.575,0.6086956521739131,0.1336956521739131,0.06084432740362038,0.05662332869330988,0.05623548825708171
Guard,hours_to_5pct <= 32 AND pair_1h_range_position_24h <= 0.4,2,26,0.65,0.5384615384615384,0.06346153846153846,0.05957985224430519,0.05662332869330988,0.05622690395879838
Guard,adverse_before_5pct <= 0.014 AND pair_1h_ret_6h <= -0.02,2,23,0.575,0.6086956521739131,0.1336956521739131,0.060819786195905,0.05662332869330988,0.056221377062645385
Guard,hours_to_5pct <= 28 AND pair_1h_ret_6h <= -0.02,2,21,0.525,0.5714285714285714,0.09642857142857142,0.06183420283608155,0.05662332869330988,0.05621295648894281
Guard,hours_to_5pct <= 24 AND pair_4h_ema50_slope_3 <= -0.005,2,20,0.5,0.55,0.07500000000000007,0.06242175110914294,0.05662332869330988,0.05621087555457147
Guard,adverse_before_5pct <= 0.01 AND pair_1h_ret_6h <= -0.02,2,19,0.475,0.631578947368421,0.15657894736842104,0.06306934484903899,0.05662332869330988,0.05620793880329352
Guard,hours_to_5pct <= 24 AND pair_1h_range_position_24h <= 0.4,2,20,0.5,0.55,0.07500000000000007,0.06239116729630989,0.05662332869330988,0.05619558364815495
Guard,hours_to_5pct <= 28,1,26,0.65,0.5384615384615384,0.06346153846153846,0.059524160314365,0.05662332869330988,0.05619070420433725
Guard,hours_to_5pct <= 28 AND pair_4h_ema50_slope_3 <= -0.0025,2,26,0.65,0.5384615384615384,0.06346153846153846,0.059524160314365,0.05662332869330988,0.05619070420433725
Guard,hours_to_5pct <= 28 AND pair_4h_close_vs_ema50 <= -0.03,2,26,0.65,0.5384615384615384,0.06346153846153846,0.059524160314365,0.05662332869330988,0.05619070420433725
Guard,hours_to_5pct <= 28 AND pair_4h_close_vs_ema50 <= -0.02,2,26,0.65,0.5384615384615384,0.06346153846153846,0.059524160314365,0.05662332869330988,0.05619070420433725
Guard,hours_to_5pct <= 28 AND pair_4h_close_vs_ema50 <= -0.01,2,26,0.65,0.5384615384615384,0.06346153846153846,0.059524160314365,0.05662332869330988,0.05619070420433725
Guard,hours_to_5pct <= 28 AND pair_4h_close_vs_ema50 <= 0.0,2,26,0.65,0.5384615384615384,0.06346153846153846,0.059524160314365,0.05662332869330988,0.05619070420433725
Guard,hours_to_5pct <= 28 AND pair_1h_ret_6h <= -0.01,2,26,0.65,0.5384615384615384,0.06346153846153846,0.059524160314365,0.05662332869330988,0.05619070420433725
Guard,hours_to_5pct <= 28 AND pair_1h_ret_6h <= -0.005,2,26,0.65,0.5384615384615384,0.06346153846153846,0.059524160314365,0.05662332869330988,0.05619070420433725
Guard,hours_to_5pct <= 24 AND pair_1h_range_position_24h <= 0.3,2,16,0.4,0.5625,0.08750000000000002,0.0654665704994363,0.05662332869330988,0.056186628199774526
Guard,hours_to_5pct <= 28 AND btc_1d_close_vs_ema50 <= -0.01,2,22,0.55,0.5454545454545454,0.07045454545454544,0.06122079445484574,0.05662332869330988,0.05617143695016515
Guard,hours_to_5pct <= 28 AND btc_1d_close_vs_ema50 <= 0.0,2,22,0.55,0.5454545454545454,0.07045454545454544,0.06122079445484574,0.05662332869330988,0.05617143695016515
Guard,pair_4h_ema50_slope_3 <= -0.01 AND pair_1h_range_position_24h <= 0.4,2,10,0.25,0.7,0.22499999999999998,0.07464038685334674,0.05662332869330988,0.05616009671333668
Guard,adverse_before_5pct <= 0.01 AND hours_to_5pct <= 28,2,19,0.475,0.631578947368421,0.15657894736842104,0.06296335525349551,0.05662332869330988,0.05615759374541037
Guard,pair_1h_range_position_24h <= 0.3 AND btc_1d_close_vs_ema50 <= 0.0,2,27,0.675,0.4444444444444444,-0.030555555555555558,0.05795536217882645,0.05662332869330988,0.05536986947070786
Guard,pair_1h_ret_6h <= -0.015 AND btc_1d_close_vs_ema50 <= -0.01,2,28,0.7,0.4642857142857143,-0.010714285714285676,0.0576470217960431,0.05662332869330988,0.05535291525723017
Guard,pair_4h_ema50_slope_3 <= -0.005 AND btc_1d_close_vs_ema50 <= -0.02,2,28,0.7,0.4642857142857143,-0.010714285714285676,0.05758399905204108,0.05662332869330988,0.05530879933642876
Guard,pair_1h_ret_6h <= -0.015 AND pair_1h_range_position_24h <= 0.2,2,21,0.525,0.47619047619047616,0.0011904761904761862,0.06009419425234638,0.05662332869330988,0.05529945198248185
Guard,pair_4h_close_vs_ema50 <= -0.03 AND pair_1h_range_position_24h <= 0.2,2,24,0.6,0.4583333333333333,-0.016666666666666663,0.058829649475561914,0.05662332869330988,0.05529778968533715
Guard,pair_1h_ret_6h <= -0.005 AND pair_1h_range_position_24h <= 0.2,2,24,0.6,0.4583333333333333,-0.016666666666666663,0.058829649475561914,0.05662332869330988,0.05529778968533715
Guard,adverse_before_5pct <= 0.016 AND pair_1h_ret_6h <= -0.015,2,27,0.675,0.5555555555555556,0.0805555555555556,0.057677028490514946,0.05662332869330988,0.055181994231097584
Guard,pair_1h_ret_6h <= -0.015 AND btc_4h_trend_down == 1,2,27,0.675,0.48148148148148145,0.006481481481481477,0.057662385226850126,0.05662332869330988,0.05517211002812383
Guard,pair_1h_range_position_24h <= 0.2 AND btc_4h_trend_down == 1,2,19,0.475,0.47368421052631576,-0.0013157894736842146,0.06074005749013689,0.05662332869330988,0.05510152730781502
Guard,pair_4h_ema50_slope_3 <= -0.0075,1,18,0.45,0.5,0.025000000000000022,0.061262757748941264,0.05662332869330988,0.055068240987023565
Guard,pair_4h_ema50_slope_3 <= -0.0075 AND pair_4h_close_vs_ema50 <= -0.03,2,18,0.45,0.5,0.025000000000000022,0.061262757748941264,0.05662332869330988,0.055068240987023565
Guard,pair_4h_ema50_slope_3 <= -0.0075 AND pair_4h_close_vs_ema50 <= -0.02,2,18,0.45,0.5,0.025000000000000022,0.061262757748941264,0.05662332869330988,0.055068240987023565
Guard,pair_4h_ema50_slope_3 <= -0.0075 AND pair_4h_close_vs_ema50 <= -0.01,2,18,0.45,0.5,0.025000000000000022,0.061262757748941264,0.05662332869330988,0.055068240987023565
Guard,pair_4h_ema50_slope_3 <= -0.0075 AND pair_4h_close_vs_ema50 <= 0.0,2,18,0.45,0.5,0.025000000000000022,0.061262757748941264,0.05662332869330988,0.055068240987023565
Guard,pair_4h_ema50_slope_3 <= -0.0075 AND pair_1h_ret_6h <= -0.01,2,18,0.45,0.5,0.025000000000000022,0.061262757748941264,0.05662332869330988,0.055068240987023565
Guard,pair_4h_ema50_slope_3 <= -0.0075 AND pair_1h_ret_6h <= -0.005,2,18,0.45,0.5,0.025000000000000022,0.061262757748941264,0.05662332869330988,0.055068240987023565
Guard,pair_4h_ema50_slope_3 <= -0.0075 AND pair_1h_range_position_24h <= 0.5,2,18,0.45,0.5,0.025000000000000022,0.061262757748941264,0.05662332869330988,0.055068240987023565
Guard,pair_4h_ema50_slope_3 <= -0.0075 AND pair_1h_ret_6h <= -0.015,2,17,0.425,0.5294117647058824,0.05441176470588238,0.0619232921891873,0.05662332869330988,0.05506739918040461
Guard,hours_to_5pct <= 32 AND pair_1h_range_position_24h <= 0.2,2,15,0.375,0.5333333333333333,0.05833333333333335,0.06347065807874312,0.05662332869330988,0.055051496779528676
Guard,pair_4h_ema50_slope_3 <= -0.0075 AND btc_1d_close_vs_ema50 <= -0.01,2,14,0.35,0.5,0.025000000000000022,0.06442563923671847,0.05662332869330988,0.05504897373285147
Guard,pair_4h_ema50_slope_3 <= -0.0075 AND btc_1d_close_vs_ema50 <= 0.0,2,14,0.35,0.5,0.025000000000000022,0.06442563923671847,0.05662332869330988,0.05504897373285147
Guard,pair_4h_ema50_slope_3 <= -0.0075 AND btc_1d_close_vs_ema50 <= -0.02,2,13,0.325,0.5384615384615384,0.06346153846153846,0.06553271361917692,0.05662332869330988,0.0550481319262325
Guard,pair_4h_ema50_slope_3 <= -0.0075 AND pair_1h_range_position_24h <= 0.3,2,14,0.35,0.5,0.025000000000000022,0.06441839200203829,0.05662332869330988,0.05504643720071341
Guard,pair_4h_ema50_slope_3 <= -0.0075 AND btc_1d_close_vs_ema50 <= -0.03,2,12,0.3,0.5833333333333334,0.10833333333333339,0.0668106330292759,0.05662332869330988,0.05504318990878278
Guard,adverse_before_5pct <= 0.014 AND pair_1h_range_position_24h <= 0.2,2,18,0.45,0.6111111111111112,0.13611111111111118,0.06119617959132267,0.05662332869330988,0.05503828081609521
Guard,hours_to_5pct <= 28 AND pair_1h_range_position_24h <= 0.2,2,13,0.325,0.5384615384615384,0.06346153846153846,0.0654487740258215,0.05662332869330988,0.055020851558391995
Guard,hours_to_5pct <= 32,1,29,0.725,0.5172413793103449,0.042241379310344884,0.05690211874261095,0.05662332869330988,0.05500403608839295
Guard,hours_to_5pct <= 32 AND pair_4h_ema50_slope_3 <= -0.0025,2,29,0.725,0.5172413793103449,0.042241379310344884,0.05690211874261095,0.05662332869330988,0.05500403608839295
Guard,hours_to_5pct <= 32 AND pair_4h_close_vs_ema50 <= -0.03,2,29,0.725,0.5172413793103449,0.042241379310344884,0.05690211874261095,0.05662332869330988,0.05500403608839295
Guard,hours_to_5pct <= 32 AND pair_4h_close_vs_ema50 <= -0.02,2,29,0.725,0.5172413793103449,0.042241379310344884,0.05690211874261095,0.05662332869330988,0.05500403608839295
Guard,hours_to_5pct <= 32 AND pair_4h_close_vs_ema50 <= -0.01,2,29,0.725,0.5172413793103449,0.042241379310344884,0.05690211874261095,0.05662332869330988,0.05500403608839295
Guard,hours_to_5pct <= 32 AND pair_4h_close_vs_ema50 <= 0.0,2,29,0.725,0.5172413793103449,0.042241379310344884,0.05690211874261095,0.05662332869330988,0.05500403608839295
Guard,hours_to_5pct <= 32 AND pair_1h_ret_6h <= -0.01,2,29,0.725,0.5172413793103449,0.042241379310344884,0.05690211874261095,0.05662332869330988,0.05500403608839295
Guard,hours_to_5pct <= 32 AND pair_1h_ret_6h <= -0.005,2,29,0.725,0.5172413793103449,0.042241379310344884,0.05690211874261095,0.05662332869330988,0.05500403608839295
Guard,hours_to_5pct <= 32 AND pair_1h_ret_6h <= -0.015,2,24,0.6,0.5416666666666666,0.06666666666666665,0.05833506741080858,0.05662332869330988,0.05500104044648515
Guard,adverse_before_5pct <= 0.012 AND pair_1h_range_position_24h <= 0.3,2,22,0.55,0.5909090909090909,0.11590909090909096,0.05907552434614833,0.05662332869330988,0.05499153839038158
Guard,hours_to_5pct <= 32 AND btc_1d_close_vs_ema50 <= 0.0,2,25,0.625,0.52,0.04500000000000004,0.057975630134753334,0.05662332869330988,0.054984768834220835
Guard,adverse_before_5pct <= 0.012 AND pair_1h_ret_6h <= -0.02,2,22,0.55,0.5909090909090909,0.11590909090909096,0.05904986762899134,0.05662332869330988,0.05497742719594524
Guard,hours_to_5pct <= 28 AND pair_1h_ret_6h <= -0.015,2,22,0.55,0.5454545454545454,0.07045454545454544,0.05903708222790631,0.05662332869330988,0.05497039522534847
Guard,adverse_before_5pct <= 0.014 AND pair_1h_range_position_24h <= 0.4,2,28,0.7,0.5714285714285714,0.09642857142857142,0.05709128459957601,0.05662332869330988,0.05496389921970322
Guard,adverse_before_5pct <= 0.014 AND pair_4h_ema50_slope_3 <= -0.005,2,26,0.65,0.5769230769230769,0.1019230769230769,0.05761004433347959,0.05662332869330988,0.05494652881676173
Guard,pair_4h_ema50_slope_3 <= -0.0075 AND pair_1h_ret_6h <= -0.02,2,16,0.4,0.5625,0.08750000000000002,0.06236093781933785,0.05662332869330988,0.054944375127735146
Guard,hours_to_5pct <= 28 AND pair_1h_range_position_24h <= 0.5,2,25,0.625,0.52,0.04500000000000004,0.057900381453864176,0.05662332869330988,0.054937738408665115
Guard,adverse_before_5pct <= 0.01 AND hours_to_5pct <= 24,2,16,0.4,0.625,0.15000000000000002,0.06234107074703042,0.05662332869330988,0.05493642829881218
Guard,hours_to_5pct <= 28 AND btc_4h_trend_down == 1,2,21,0.525,0.5238095238095238,0.04880952380952386,0.059398917920761476,0.05662332869330988,0.05493443190839977
Guard,adverse_before_5pct <= 0.01 AND pair_4h_ema50_slope_3 <= -0.005,2,22,0.55,0.5909090909090909,0.11590909090909096,0.05896925555892704,0.05662332869330988,0.05493309055740987
Guard,adverse_before_5pct <= 0.016 AND hours_to_5pct <= 28,2,23,0.575,0.5652173913043478,0.0902173913043478,0.05857030251248879,0.05662332869330988,0.05492792394468106
Guard,adverse_before_5pct <= 0.012 AND hours_to_5pct <= 28,2,22,0.55,0.5909090909090909,0.11590909090909096,0.058958331160112884,0.05662332869330988,0.05492708213806209
Guard,adverse_before_5pct <= 0.014 AND hours_to_5pct <= 28,2,22,0.55,0.5909090909090909,0.11590909090909096,0.058958331160112884,0.05662332869330988,0.05492708213806209
Guard,hours_to_5pct <= 28 AND btc_1d_close_vs_ema50 <= -0.02,2,20,0.5,0.55,0.07500000000000007,0.059839666139815985,0.05662332869330988,0.054919833069908
Guard,pair_4h_ema50_slope_3 <= -0.01,1,11,0.275,0.6363636363636364,0.16136363636363638,0.06786599091408102,0.05662332869330988,0.054913147501372286
Guard,pair_4h_ema50_slope_3 <= -0.01 AND pair_4h_close_vs_ema50 <= -0.03,2,11,0.275,0.6363636363636364,0.16136363636363638,0.06786599091408102,0.05662332869330988,0.054913147501372286
Guard,pair_4h_ema50_slope_3 <= -0.01 AND pair_4h_close_vs_ema50 <= -0.02,2,11,0.275,0.6363636363636364,0.16136363636363638,0.06786599091408102,0.05662332869330988,0.054913147501372286
Guard,pair_4h_ema50_slope_3 <= -0.01 AND pair_4h_close_vs_ema50 <= -0.01,2,11,0.275,0.6363636363636364,0.16136363636363638,0.06786599091408102,0.05662332869330988,0.054913147501372286
Guard,pair_4h_ema50_slope_3 <= -0.01 AND pair_4h_close_vs_ema50 <= 0.0,2,11,0.275,0.6363636363636364,0.16136363636363638,0.06786599091408102,0.05662332869330988,0.054913147501372286
Guard,pair_4h_ema50_slope_3 <= -0.01 AND pair_1h_ret_6h <= -0.02,2,11,0.275,0.6363636363636364,0.16136363636363638,0.06786599091408102,0.05662332869330988,0.054913147501372286
Guard,pair_4h_ema50_slope_3 <= -0.01 AND pair_1h_ret_6h <= -0.015,2,11,0.275,0.6363636363636364,0.16136363636363638,0.06786599091408102,0.05662332869330988,0.054913147501372286
Guard,pair_4h_ema50_slope_3 <= -0.01 AND pair_1h_ret_6h <= -0.01,2,11,0.275,0.6363636363636364,0.16136363636363638,0.06786599091408102,0.05662332869330988,0.054913147501372286
Guard,pair_4h_ema50_slope_3 <= -0.01 AND pair_1h_ret_6h <= -0.005,2,11,0.275,0.6363636363636364,0.16136363636363638,0.06786599091408102,0.05662332869330988,0.054913147501372286
Guard,pair_4h_ema50_slope_3 <= -0.01 AND pair_1h_range_position_24h <= 0.5,2,11,0.275,0.6363636363636364,0.16136363636363638,0.06786599091408102,0.05662332869330988,0.054913147501372286
Guard,pair_4h_ema50_slope_3 <= -0.01 AND btc_4h_trend_down == 1,2,9,0.225,0.6666666666666666,0.19166666666666665,0.07182363489696136,0.05662332869330988,0.054910317851816305
Guard,pair_4h_ema50_slope_3 <= -0.01 AND btc_1d_close_vs_ema50 <= -0.02,2,9,0.225,0.6666666666666666,0.19166666666666665,0.07182363489696136,0.05662332869330988,0.054910317851816305
Guard,pair_4h_ema50_slope_3 <= -0.01 AND btc_1d_close_vs_ema50 <= -0.01,2,9,0.225,0.6666666666666666,0.19166666666666665,0.07182363489696136,0.05662332869330988,0.054910317851816305
Guard,pair_4h_ema50_slope_3 <= -0.01 AND btc_1d_close_vs_ema50 <= 0.0,2,9,0.225,0.6666666666666666,0.19166666666666665,0.07182363489696136,0.05662332869330988,0.054910317851816305
Guard,pair_4h_ema50_slope_3 <= -0.01 AND btc_1d_close_vs_ema50 <= -0.03,2,8,0.2,0.75,0.275,0.07452687917183286,0.05662332869330988,0.054905375834366575
Guard,pair_1h_range_position_24h <= 0.3 AND btc_1d_close_vs_ema50 <= -0.01,2,26,0.65,0.4230769230769231,-0.051923076923076905,0.05633955966275694,0.05662332869330988,0.05412071378079201
Guard,pair_1h_ret_6h <= -0.015 AND btc_1d_close_vs_ema50 <= -0.02,2,27,0.675,0.4444444444444444,-0.030555555555555558,0.05607726397569182,0.05662332869330988,0.05410215318359198
Guard,pair_1h_ret_6h <= -0.015 AND btc_1d_close_vs_ema50 <= -0.03,2,24,0.6,0.4583333333333333,-0.016666666666666663,0.05681515096415008,0.05662332869330988,0.054089090578490054
Guard,pair_4h_ema50_slope_3 <= -0.005 AND btc_1d_close_vs_ema50 <= -0.03,2,26,0.65,0.46153846153846156,-0.013461538461538414,0.05623904711751947,0.05662332869330988,0.05405538062638765
Guard,pair_1h_range_position_24h <= 0.2 AND btc_1d_close_vs_ema50 <= 0.0,2,21,0.525,0.42857142857142855,-0.04642857142857143,0.05771359614676545,0.05662332869330988,0.05404963797705187
Guard,adverse_before_5pct <= 0.016 AND btc_1d_close_vs_ema50 <= 0.0,2,29,0.725,0.5172413793103449,0.042241379310344884,0.05539964389307345,0.05662332869330988,0.053914741822478254
Guard,pair_4h_ema50_slope_3 <= -0.0075 AND btc_4h_trend_down == 1,2,15,0.375,0.4666666666666667,-0.008333333333333304,0.06018690474330209,0.05662332869330988,0.053820089278738284
Guard,adverse_before_5pct <= 0.012 AND pair_1h_range_position_24h <= 0.2,2,17,0.425,0.5882352941176471,0.1132352941176471,0.05892783752798839,0.05662332869330988,0.05379433094939508
Guard,hours_to_5pct <= 24 AND pair_1h_range_position_24h <= 0.2,2,12,0.3,0.5,0.025000000000000022,0.06257369140569001,0.05662332869330988,0.053772107421707
Guard,hours_to_5pct <= 32 AND pair_1h_range_position_24h <= 0.5,2,28,0.7,0.5,0.025000000000000022,0.05535867184674398,0.05662332869330988,0.05375107029272079
Guard,hours_to_5pct <= 32 AND btc_4h_trend_down == 1,2,24,0.6,0.5,0.025000000000000022,0.05624627298742576,0.05662332869330988,0.05374776379245545
Guard,adverse_before_5pct <= 0.01 AND pair_1h_range_position_24h <= 0.3,2,21,0.525,0.5714285714285714,0.09642857142857142,0.05713565015552814,0.05662332869330988,0.053746216331652275
Guard,adverse_before_5pct <= 0.014 AND pair_1h_ret_6h <= -0.01,2,29,0.725,0.5517241379310345,0.0767241379310345,0.05516142965408797,0.05662332869330988,0.05374203649921379
Guard,adverse_before_5pct <= 0.016 AND hours_to_5pct <= 32,2,26,0.65,0.5384615384615384,0.06346153846153846,0.05575577819805652,0.05662332869330988,0.05374125582873675
Guard,adverse_before_5pct <= 0.014 AND pair_1h_ret_6h <= -0.015,2,25,0.625,0.56,0.08500000000000008,0.055983812262279935,0.05662332869330988,0.05373988266392495
Guard,hours_to_5pct <= 32 AND btc_1d_close_vs_ema50 <= -0.01,2,24,0.6,0.5,0.025000000000000022,0.056226021907174996,0.05662332869330988,0.05373561314430499
Guard,adverse_before_5pct <= 0.01 AND pair_1h_ret_6h <= -0.01,2,25,0.625,0.56,0.08500000000000008,0.05596575718377908,0.05662332869330988,0.053728598239861924
Guard,adverse_before_5pct <= 0.01,1,27,0.675,0.5555555555555556,0.0805555555555556,0.0555223601332532,0.05662332869330988,0.053727593089945916
Guard,adverse_before_5pct <= 0.01 AND pair_4h_ema50_slope_3 <= -0.0025,2,27,0.675,0.5555555555555556,0.0805555555555556,0.0555223601332532,0.05662332869330988,0.053727593089945916
Guard,adverse_before_5pct <= 0.01 AND pair_4h_close_vs_ema50 <= -0.02,2,27,0.675,0.5555555555555556,0.0805555555555556,0.0555223601332532,0.05662332869330988,0.053727593089945916
Guard,adverse_before_5pct <= 0.01 AND pair_4h_close_vs_ema50 <= -0.01,2,27,0.675,0.5555555555555556,0.0805555555555556,0.0555223601332532,0.05662332869330988,0.053727593089945916
Guard,adverse_before_5pct <= 0.01 AND pair_4h_close_vs_ema50 <= 0.0,2,27,0.675,0.5555555555555556,0.0805555555555556,0.0555223601332532,0.05662332869330988,0.053727593089945916
Guard,adverse_before_5pct <= 0.01 AND pair_1h_ret_6h <= -0.015,2,21,0.525,0.5714285714285714,0.09642857142857142,0.057097989342044006,0.05662332869330988,0.0537264444045731
Guard,adverse_before_5pct <= 0.01 AND hours_to_5pct <= 32,2,21,0.525,0.5714285714285714,0.09642857142857142,0.057089085599143274,0.05662332869330988,0.053721769939550225
Guard,adverse_before_5pct <= 0.012 AND pair_1h_range_position_24h <= 0.4,2,27,0.675,0.5555555555555556,0.0805555555555556,0.05551103607852307,0.05662332869330988,0.053719949353003074
Guard,hours_to_5pct <= 24,1,22,0.55,0.5,0.025000000000000022,0.05676318178559519,0.05662332869330988,0.05371974998207736
Guard,hours_to_5pct <= 24 AND pair_4h_ema50_slope_3 <= -0.0025,2,22,0.55,0.5,0.025000000000000022,0.05676318178559519,0.05662332869330988,0.05371974998207736
Guard,hours_to_5pct <= 24 AND pair_4h_close_vs_ema50 <= -0.03,2,22,0.55,0.5,0.025000000000000022,0.05676318178559519,0.05662332869330988,0.05371974998207736
Guard,hours_to_5pct <= 24 AND pair_4h_close_vs_ema50 <= -0.02,2,22,0.55,0.5,0.025000000000000022,0.05676318178559519,0.05662332869330988,0.05371974998207736
Guard,hours_to_5pct <= 24 AND pair_4h_close_vs_ema50 <= -0.01,2,22,0.55,0.5,0.025000000000000022,0.05676318178559519,0.05662332869330988,0.05371974998207736
Guard,hours_to_5pct <= 24 AND pair_4h_close_vs_ema50 <= 0.0,2,22,0.55,0.5,0.025000000000000022,0.05676318178559519,0.05662332869330988,0.05371974998207736
Guard,hours_to_5pct <= 24 AND pair_1h_ret_6h <= -0.01,2,22,0.55,0.5,0.025000000000000022,0.05676318178559519,0.05662332869330988,0.05371974998207736
Guard,hours_to_5pct <= 24 AND pair_1h_ret_6h <= -0.005,2,22,0.55,0.5,0.025000000000000022,0.05676318178559519,0.05662332869330988,0.05371974998207736
Guard,hours_to_5pct <= 24 AND pair_1h_range_position_24h <= 0.5,2,22,0.55,0.5,0.025000000000000022,0.05676318178559519,0.05662332869330988,0.05371974998207736
Guard,hours_to_5pct <= 24 AND btc_4h_trend_down == 1,2,18,0.45,0.5,0.025000000000000022,0.0582587632929156,0.05662332869330988,0.053716443481812017
Guard,hours_to_5pct <= 20 AND pair_4h_ema50_slope_3 <= -0.005,2,18,0.45,0.5,0.025000000000000022,0.05824567667274749,0.05662332869330988,0.053710554502736374
Guard,adverse_before_5pct <= 0.016 AND hours_to_5pct <= 24,2,20,0.5,0.55,0.07500000000000007,0.05741351699616572,0.05662332869330988,0.05370675849808286
Guard,adverse_before_5pct <= 0.012 AND hours_to_5pct <= 24,2,19,0.475,0.5789473684210527,0.10394736842105268,0.05780192987676609,0.05662332869330988,0.05370591669146389
Guard,adverse_before_5pct <= 0.014 AND hours_to_5pct <= 24,2,19,0.475,0.5789473684210527,0.10394736842105268,0.05780192987676609,0.05662332869330988,0.05370591669146389
Guard,adverse_before_5pct <= 0.012 AND pair_4h_ema50_slope_3 <= -0.005,2,25,0.625,0.56,0.08500000000000008,0.05592412632009855,0.05662332869330988,0.053702578950061586
Guard,hours_to_5pct <= 28 AND pair_4h_ema50_slope_3 <= -0.0075,2,16,0.4,0.5,0.025000000000000022,0.059253167669134924,0.05662332869330988,0.05370126706765397
Guard,hours_to_5pct <= 32 AND pair_4h_ema50_slope_3 <= -0.0075,2,16,0.4,0.5,0.025000000000000022,0.059253167669134924,0.05662332869330988,0.05370126706765397
Guard,hours_to_5pct <= 24 AND btc_1d_close_vs_ema50 <= -0.01,2,18,0.45,0.5,0.025000000000000022,0.058223294950900555,0.05662332869330988,0.05370048272790525
Guard,hours_to_5pct <= 24 AND btc_1d_close_vs_ema50 <= 0.0,2,18,0.45,0.5,0.025000000000000022,0.058223294950900555,0.05662332869330988,0.05370048272790525
Guard,hours_to_5pct <= 20 AND pair_1h_range_position_24h <= 0.4,2,18,0.45,0.5,0.025000000000000022,0.05821169465848855,0.05662332869330988,0.05369526259631985
Guard,hours_to_5pct <= 20 AND pair_1h_range_position_24h <= 0.3,2,14,0.35,0.5,0.025000000000000022,0.060532306136969784,0.05662332869330988,0.05368630714793943
Guard,adverse_before_5pct <= 0.016 AND pair_4h_ema50_slope_3 <= -0.0075,2,14,0.35,0.5714285714285714,0.09642857142857142,0.06052124764199401,0.05662332869330988,0.053682436674697895
Guard,adverse_before_5pct <= 0.014 AND pair_4h_ema50_slope_3 <= -0.0075,2,13,0.325,0.6153846153846154,0.14038461538461544,0.06132798420947368,0.05662332869330988,0.053681594868078955
Guard,hours_to_5pct <= 28 AND pair_4h_ema50_slope_3 <= -0.01,2,10,0.25,0.6,0.125,0.06467679053868858,0.05662332869330988,0.05366919763467215
Guard,hours_to_5pct <= 32 AND pair_4h_ema50_slope_3 <= -0.01,2,10,0.25,0.6,0.125,0.06467679053868858,0.05662332869330988,0.05366919763467215
Guard,adverse_before_5pct <= 0.01 AND pair_4h_ema50_slope_3 <= -0.0075,2,9,0.225,0.6666666666666666,0.19166666666666665,0.06630291826100926,0.05662332869330988,0.05366815660872708
Guard,pair_4h_ema50_slope_3 <= -0.01 AND pair_1h_range_position_24h <= 0.3,2,8,0.2,0.625,0.15000000000000002,0.06831229630474465,0.05662332869330988,0.05366245926094894
Guard,adverse_before_5pct <= 0.014 AND pair_4h_ema50_slope_3 <= -0.01,2,9,0.225,0.6666666666666666,0.19166666666666665,0.06625962981449264,0.05662332869330988,0.053658416708260846
Guard,adverse_before_5pct <= 0.016 AND pair_4h_ema50_slope_3 <= -0.01,2,9,0.225,0.6666666666666666,0.19166666666666665,0.06625962981449264,0.05662332869330988,0.053658416708260846
Guard,hours_to_5pct <= 28 AND btc_1d_close_vs_ema50 <= -0.03,2,16,0.4,0.5625,0.08750000000000002,0.059145734430536764,0.05662332869330988,0.05365829377221472
Guard,pair_1h_range_position_24h <= 0.3 AND btc_1d_close_vs_ema50 <= -0.02,2,24,0.6,0.4166666666666667,-0.05833333333333329,0.05478184983422476,0.05662332869330988,0.05286910990053486
Guard,pair_1h_range_position_24h <= 0.3 AND btc_1d_close_vs_ema50 <= -0.03,2,21,0.525,0.42857142857142855,-0.04642857142857143,0.05544864075907373,0.05662332869330988,0.052860536398513715
Guard,pair_1h_range_position_24h <= 0.4 AND btc_1d_close_vs_ema50 <= -0.02,2,30,0.75,0.43333333333333335,-0.04166666666666663,0.053796412851757396,0.05662332869330988,0.05284730963881805
Guard,pair_1h_ret_6h <= -0.01 AND btc_1d_close_vs_ema50 <= -0.03,2,27,0.675,0.4444444444444444,-0.030555555555555558,0.054211507735092604,0.05662332869330988,0.05284276772118751
Guard,pair_1h_range_position_24h <= 0.4 AND btc_1d_close_vs_ema50 <= -0.03,2,27,0.675,0.4444444444444444,-0.030555555555555558,0.05420553501747688,0.05662332869330988,0.05283873613679689
Guard,pair_1h_range_position_24h <= 0.2 AND btc_1d_close_vs_ema50 <= -0.01,2,20,0.5,0.4,-0.07499999999999996,0.05560096457427206,0.05662332869330988,0.05280048228713603
Guard,pair_1h_range_position_24h <= 0.2 AND btc_1d_close_vs_ema50 <= -0.02,2,19,0.475,0.42105263157894735,-0.05394736842105263,0.055893979958983285,0.05662332869330988,0.052799640480517065
Guard,pair_1h_range_position_24h <= 0.2 AND btc_1d_close_vs_ema50 <= -0.03,2,16,0.4,0.4375,-0.03749999999999998,0.056977667446239805,0.05662332869330988,0.05279106697849593
Guard,adverse_before_5pct <= 0.016 AND btc_1d_close_vs_ema50 <= -0.01,2,28,0.7,0.5,0.025000000000000022,0.053807980189374875,0.05662332869330988,0.05266558613256241
Guard,btc_4h_trend_down == 1 AND btc_1d_close_vs_ema50 <= -0.02,2,29,0.725,0.4482758620689655,-0.026724137931034453,0.053658275527747296,0.05662332869330988,0.0526522497576168
Guard,adverse_before_5pct <= 0.01 AND pair_1h_range_position_24h <= 0.2,2,16,0.4,0.5625,0.08750000000000002,0.056372522226664376,0.05662332869330988,0.05254900889066576
Guard,adverse_before_5pct <= 0.012 AND pair_1h_ret_6h <= -0.01,2,28,0.7,0.5357142857142857,0.06071428571428572,0.0535686951893052,0.05662332869330988,0.05249808663251365
Guard,adverse_before_5pct <= 0.012,1,30,0.75,0.5333333333333333,0.05833333333333335,0.053329441976796836,0.05662332869330988,0.05249708148259763
Guard,adverse_before_5pct <= 0.012 AND pair_4h_ema50_slope_3 <= -0.0025,2,30,0.75,0.5333333333333333,0.05833333333333335,0.053329441976796836,0.05662332869330988,0.05249708148259763
Guard,adverse_before_5pct <= 0.012 AND pair_4h_close_vs_ema50 <= -0.02,2,30,0.75,0.5333333333333333,0.05833333333333335,0.053329441976796836,0.05662332869330988,0.05249708148259763
Guard,adverse_before_5pct <= 0.012 AND pair_4h_close_vs_ema50 <= -0.01,2,30,0.75,0.5333333333333333,0.05833333333333335,0.053329441976796836,0.05662332869330988,0.05249708148259763
Guard,adverse_before_5pct <= 0.012 AND pair_4h_close_vs_ema50 <= 0.0,2,30,0.75,0.5333333333333333,0.05833333333333335,0.053329441976796836,0.05662332869330988,0.05249708148259763
Guard,adverse_before_5pct <= 0.012 AND pair_1h_ret_6h <= -0.015,2,24,0.6,0.5416666666666666,0.06666666666666665,0.054159887995374696,0.05662332869330988,0.05249593279722482
Guard,adverse_before_5pct <= 0.012 AND hours_to_5pct <= 32,2,24,0.6,0.5416666666666666,0.06666666666666665,0.05415209722033656,0.05662332869330988,0.05249125833220194
Guard,adverse_before_5pct <= 0.014 AND hours_to_5pct <= 32,2,24,0.6,0.5416666666666666,0.06666666666666665,0.05415209722033656,0.05662332869330988,0.05249125833220194
Guard,adverse_before_5pct <= 0.014 AND pair_4h_close_vs_ema50 <= -0.03,2,30,0.75,0.5333333333333333,0.05833333333333335,0.053321407603811675,0.05662332869330988,0.05249105570285876
Guard,adverse_before_5pct <= 0.014 AND pair_1h_ret_6h <= -0.005,2,30,0.75,0.5333333333333333,0.05833333333333335,0.053321407603811675,0.05662332869330988,0.05249105570285876
Guard,adverse_before_5pct <= 0.014 AND pair_1h_range_position_24h <= 0.5,2,30,0.75,0.5333333333333333,0.05833333333333335,0.05331742073816749,0.05662332869330988,0.05248806555362562
Guard,adverse_before_5pct <= 0.016 AND btc_4h_trend_down == 1,2,27,0.675,0.5185185185185185,0.04351851851851851,0.053681156894009,0.05662332869330988,0.052484780903456076
Guard,hours_to_5pct <= 32 AND btc_1d_close_vs_ema50 <= -0.02,2,22,0.55,0.5,0.025000000000000022,0.05451638048008697,0.05662332869330988,0.05248400926404784
Guard,adverse_before_5pct <= 0.01 AND pair_4h_close_vs_ema50 <= -0.03,2,26,0.65,0.5384615384615384,0.06346153846153846,0.05381171914385678,0.05662332869330988,0.05247761744350691
Guard,adverse_before_5pct <= 0.01 AND pair_1h_ret_6h <= -0.005,2,26,0.65,0.5384615384615384,0.06346153846153846,0.05381171914385678,0.05662332869330988,0.05247761744350691
Guard,adverse_before_5pct <= 0.01 AND btc_1d_close_vs_ema50 <= -0.01,2,24,0.6,0.5416666666666666,0.06666666666666665,0.054124646323251556,0.05662332869330988,0.05247478779395094
Guard,adverse_before_5pct <= 0.01 AND btc_1d_close_vs_ema50 <= 0.0,2,24,0.6,0.5416666666666666,0.06666666666666665,0.054124646323251556,0.05662332869330988,0.05247478779395094
Guard,adverse_before_5pct <= 0.01 AND pair_1h_range_position_24h <= 0.4,2,26,0.65,0.5384615384615384,0.06346153846153846,0.05380711891426733,0.05662332869330988,0.05247462729427377
Guard,adverse_before_5pct <= 0.01 AND pair_1h_range_position_24h <= 0.5,2,26,0.65,0.5384615384615384,0.06346153846153846,0.05380711891426733,0.05662332869330988,0.05247462729427377
Guard,adverse_before_5pct <= 0.014 AND btc_1d_close_vs_ema50 <= -0.01,2,26,0.65,0.5384615384615384,0.06346153846153846,0.05380275145951793,0.05662332869330988,0.05247178844868665
Guard,adverse_before_5pct <= 0.014 AND btc_1d_close_vs_ema50 <= 0.0,2,26,0.65,0.5384615384615384,0.06346153846153846,0.05380275145951793,0.05662332869330988,0.05247178844868665
Guard,adverse_before_5pct <= 0.01 AND btc_4h_trend_down == 1,2,22,0.55,0.5454545454545454,0.07045454545454544,0.054484849465997694,0.05662332869330988,0.05246666720629874
Guard,hours_to_5pct <= 24 AND pair_1h_ret_6h <= -0.02,2,18,0.45,0.5,0.025000000000000022,0.05546990617983106,0.05662332869330988,0.05246145778092398
Guard,hours_to_5pct <= 24 AND btc_1d_close_vs_ema50 <= -0.02,2,16,0.4,0.5,0.025000000000000022,0.05612219711912023,0.05662332869330988,0.052448878847648095
Guard,hours_to_5pct <= 24 AND btc_1d_close_vs_ema50 <= -0.03,2,13,0.325,0.5384615384615384,0.06346153846153846,0.05750863183269831,0.05662332869330988,0.05244030534562696
Guard,adverse_before_5pct <= 0.012 AND pair_4h_ema50_slope_3 <= -0.0075,2,12,0.3,0.5833333333333334,0.10833333333333339,0.05812548333792935,0.05662332869330988,0.052437645001378805
Guard,adverse_before_5pct <= 0.01 AND hours_to_5pct <= 20,2,14,0.35,0.5714285714285714,0.09642857142857142,0.05696030641993449,0.05662332869330988,0.05243610724697707
Guard,adverse_before_5pct <= 0.012 AND pair_4h_ema50_slope_3 <= -0.01,2,8,0.2,0.625,0.15000000000000002,0.062072334207803545,0.05662332869330988,0.05241446684156072
Guard,btc_1d_close_vs_ema50 <= -0.03,1,28,0.7,0.42857142857142855,-0.04642857142857143,0.05227398132118927,0.05662332869330988,0.05159178692483248
Guard,pair_4h_ema50_slope_3 <= -0.0025 AND btc_1d_close_vs_ema50 <= -0.03,2,28,0.7,0.42857142857142855,-0.04642857142857143,0.05227398132118927,0.05662332869330988,0.05159178692483248
Guard,pair_4h_close_vs_ema50 <= -0.03 AND btc_1d_close_vs_ema50 <= -0.03,2,28,0.7,0.42857142857142855,-0.04642857142857143,0.05227398132118927,0.05662332869330988,0.05159178692483248
Guard,pair_4h_close_vs_ema50 <= -0.02 AND btc_1d_close_vs_ema50 <= -0.03,2,28,0.7,0.42857142857142855,-0.04642857142857143,0.05227398132118927,0.05662332869330988,0.05159178692483248
Guard,pair_4h_close_vs_ema50 <= -0.01 AND btc_1d_close_vs_ema50 <= -0.03,2,28,0.7,0.42857142857142855,-0.04642857142857143,0.05227398132118927,0.05662332869330988,0.05159178692483248
Guard,pair_4h_close_vs_ema50 <= 0.0 AND btc_1d_close_vs_ema50 <= -0.03,2,28,0.7,0.42857142857142855,-0.04642857142857143,0.05227398132118927,0.05662332869330988,0.05159178692483248
Guard,pair_1h_ret_6h <= -0.005 AND btc_1d_close_vs_ema50 <= -0.03,2,28,0.7,0.42857142857142855,-0.04642857142857143,0.05227398132118927,0.05662332869330988,0.05159178692483248
Guard,pair_1h_range_position_24h <= 0.5 AND btc_1d_close_vs_ema50 <= -0.03,2,28,0.7,0.42857142857142855,-0.04642857142857143,0.05227398132118927,0.05662332869330988,0.05159178692483248
Guard,adverse_before_5pct <= 0.016 AND btc_1d_close_vs_ema50 <= -0.02,2,26,0.65,0.5,0.025000000000000022,0.05217535731123886,0.05662332869330988,0.05141398225230526
Guard,btc_4h_trend_down == 1 AND btc_1d_close_vs_ema50 <= -0.03,2,27,0.675,0.4444444444444444,-0.030555555555555558,0.052072342292704736,0.05662332869330988,0.0513988310475757
Guard,hours_to_5pct <= 20 AND pair_1h_range_position_24h <= 0.2,2,10,0.25,0.4,-0.07499999999999996,0.055087145479487606,0.05662332869330988,0.05127178636987191
Guard,adverse_before_5pct <= 0.012 AND pair_4h_close_vs_ema50 <= -0.03,2,29,0.725,0.5172413793103449,0.042241379310344884,0.05172014598090845,0.05662332869330988,0.05124710583615862
Guard,adverse_before_5pct <= 0.012 AND pair_1h_ret_6h <= -0.005,2,29,0.725,0.5172413793103449,0.042241379310344884,0.05172014598090845,0.05662332869330988,0.05124710583615862
Guard,adverse_before_5pct <= 0.012 AND pair_1h_range_position_24h <= 0.5,2,29,0.725,0.5172413793103449,0.042241379310344884,0.05171602163713859,0.05662332869330988,0.05124411568692548
Guard,adverse_before_5pct <= 0.014 AND btc_4h_trend_down == 1,2,25,0.625,0.52,0.04500000000000004,0.05197565345107405,0.05662332869330988,0.05123478340692128
Guard,adverse_before_5pct <= 0.012 AND btc_1d_close_vs_ema50 <= -0.01,2,25,0.625,0.52,0.04500000000000004,0.051964541731178426,0.05662332869330988,0.05122783858198652
Guard,adverse_before_5pct <= 0.012 AND btc_1d_close_vs_ema50 <= 0.0,2,25,0.625,0.52,0.04500000000000004,0.051964541731178426,0.05662332869330988,0.05122783858198652
Guard,adverse_before_5pct <= 0.01 AND btc_1d_close_vs_ema50 <= -0.02,2,23,0.575,0.5217391304347826,0.046739130434782616,0.05212874038315257,0.05662332869330988,0.051224025720312726
Guard,hours_to_5pct <= 32 AND btc_1d_close_vs_ema50 <= -0.03,2,18,0.45,0.5,0.025000000000000022,0.05271659992523233,0.05662332869330988,0.05122246996635456
Guard,adverse_before_5pct <= 0.014 AND btc_1d_close_vs_ema50 <= -0.02,2,25,0.625,0.52,0.04500000000000004,0.05195364220007754,0.05662332869330988,0.05122102637504846
Guard,hours_to_5pct <= 20,1,20,0.5,0.45,-0.024999999999999967,0.05243885786048452,0.05662332869330988,0.05121942893024226
Guard,hours_to_5pct <= 20 AND pair_4h_ema50_slope_3 <= -0.0025,2,20,0.5,0.45,-0.024999999999999967,0.05243885786048452,0.05662332869330988,0.05121942893024226
Guard,hours_to_5pct <= 20 AND pair_4h_close_vs_ema50 <= -0.03,2,20,0.5,0.45,-0.024999999999999967,0.05243885786048452,0.05662332869330988,0.05121942893024226
Guard,hours_to_5pct <= 20 AND pair_4h_close_vs_ema50 <= -0.02,2,20,0.5,0.45,-0.024999999999999967,0.05243885786048452,0.05662332869330988,0.05121942893024226
Guard,hours_to_5pct <= 20 AND pair_4h_close_vs_ema50 <= -0.01,2,20,0.5,0.45,-0.024999999999999967,0.05243885786048452,0.05662332869330988,0.05121942893024226
Guard,hours_to_5pct <= 20 AND pair_4h_close_vs_ema50 <= 0.0,2,20,0.5,0.45,-0.024999999999999967,0.05243885786048452,0.05662332869330988,0.05121942893024226
Guard,hours_to_5pct <= 20 AND pair_1h_ret_6h <= -0.01,2,20,0.5,0.45,-0.024999999999999967,0.05243885786048452,0.05662332869330988,0.05121942893024226
Guard,hours_to_5pct <= 20 AND pair_1h_ret_6h <= -0.005,2,20,0.5,0.45,-0.024999999999999967,0.05243885786048452,0.05662332869330988,0.05121942893024226
Guard,hours_to_5pct <= 20 AND pair_1h_range_position_24h <= 0.5,2,20,0.5,0.45,-0.024999999999999967,0.05243885786048452,0.05662332869330988,0.05121942893024226
Guard,hours_to_5pct <= 24 AND pair_1h_ret_6h <= -0.015,2,19,0.475,0.47368421052631576,-0.0013157894736842146,0.05256609793122028,0.05662332869330988,0.05121889651732964
Guard,hours_to_5pct <= 20 AND btc_4h_trend_down == 1,2,16,0.4,0.4375,-0.03749999999999998,0.0530403060749423,0.05662332869330988,0.05121612242997693
Guard,adverse_before_5pct <= 0.016 AND hours_to_5pct <= 20,2,18,0.45,0.5,0.025000000000000022,0.052680972102772776,0.05662332869330988,0.051206437446247755
Guard,adverse_before_5pct <= 0.012 AND hours_to_5pct <= 20,2,17,0.425,0.5294117647058824,0.05441176470588238,0.05283669562265598,0.05662332869330988,0.0512055956396288
Guard,adverse_before_5pct <= 0.014 AND hours_to_5pct <= 20,2,17,0.425,0.5294117647058824,0.05441176470588238,0.05283669562265598,0.05662332869330988,0.0512055956396288
Guard,hours_to_5pct <= 24 AND pair_4h_ema50_slope_3 <= -0.0075,2,14,0.35,0.42857142857142855,-0.04642857142857143,0.053436383300877945,0.05662332869330988,0.05120273415530728
Guard,hours_to_5pct <= 20 AND btc_1d_close_vs_ema50 <= -0.01,2,16,0.4,0.4375,-0.03749999999999998,0.053000404190175376,0.05662332869330988,0.05120016167607015
Guard,hours_to_5pct <= 20 AND btc_1d_close_vs_ema50 <= 0.0,2,16,0.4,0.4375,-0.03749999999999998,0.053000404190175376,0.05662332869330988,0.05120016167607015
Guard,hours_to_5pct <= 24 AND pair_4h_ema50_slope_3 <= -0.01,2,8,0.2,0.5,0.025000000000000022,0.05585332361162727,0.05662332869330988,0.051170664722325454
Guard,adverse_before_5pct <= 0.016 AND btc_1d_close_vs_ema50 <= -0.03,2,23,0.575,0.4782608695652174,0.003260869565217428,0.050273712994889905,0.05662332869330988,0.0501573849720617
Guard,adverse_before_5pct <= 0.012 AND btc_4h_trend_down == 1,2,24,0.6,0.5,0.025000000000000022,0.049984722567035234,0.05662332869330988,0.049990833540221144
Guard,adverse_before_5pct <= 0.012 AND btc_1d_close_vs_ema50 <= -0.02,2,24,0.6,0.5,0.025000000000000022,0.04996179418058055,0.05662332869330988,0.04997707650834833
Guard,adverse_before_5pct <= 0.01 AND btc_1d_close_vs_ema50 <= -0.03,2,20,0.5,0.5,0.025000000000000022,0.04993485688013835,0.05662332869330988,0.04996742844006917
Guard,adverse_before_5pct <= 0.014 AND btc_1d_close_vs_ema50 <= -0.03,2,22,0.55,0.5,0.025000000000000022,0.04993532562691802,0.05662332869330988,0.049964429094804905
Guard,hours_to_5pct <= 20 AND pair_1h_ret_6h <= -0.02,2,16,0.4,0.4375,-0.03749999999999998,0.049902841822722185,0.05662332869330988,0.049961136729088876
Guard,hours_to_5pct <= 16 AND pair_4h_ema50_slope_3 <= -0.005,2,12,0.3,0.4166666666666667,-0.05833333333333329,0.04984516873406069,0.05662332869330988,0.04995355062021821
Guard,hours_to_5pct <= 20 AND btc_1d_close_vs_ema50 <= -0.02,2,14,0.35,0.42857142857142855,-0.04642857142857143,0.04985302227375142,0.05662332869330988,0.049948557795812996
Guard,hours_to_5pct <= 20 AND btc_1d_close_vs_ema50 <= -0.03,2,11,0.275,0.45454545454545453,-0.020454545454545447,0.049781761068334006,0.05662332869330988,0.04993998429379186
Guard,hours_to_5pct <= 16 AND pair_1h_range_position_24h <= 0.4,2,12,0.3,0.4166666666666667,-0.05833333333333329,0.04979419571267226,0.05662332869330988,0.049938258713801684
Guard,hours_to_5pct <= 16 AND pair_1h_range_position_24h <= 0.3,2,8,0.2,0.375,-0.09999999999999998,0.04964651632710627,0.05662332869330988,0.049929303265421256
Guard,adverse_before_5pct <= 0.012 AND btc_1d_close_vs_ema50 <= -0.03,2,21,0.525,0.47619047619047616,0.0011904761904761862,0.047562817577342424,0.05662332869330988,0.048720479228104775
Guard,hours_to_5pct <= 20 AND pair_1h_ret_6h <= -0.015,2,17,0.425,0.4117647058823529,-0.06323529411764706,0.046984883448222436,0.05662332869330988,0.04871857546549454
Guard,hours_to_5pct <= 16 AND pair_1h_ret_6h <= -0.02,2,13,0.325,0.38461538461538464,-0.09038461538461534,0.046015342496364395,0.05662332869330988,0.048704986311318435
Guard,hours_to_5pct <= 20 AND pair_4h_ema50_slope_3 <= -0.0075,2,12,0.3,0.3333333333333333,-0.14166666666666666,0.04567471034490727,0.05662332869330988,0.04870241310347219
Guard,hours_to_5pct <= 16 AND pair_4h_ema50_slope_3 <= -0.0075,2,9,0.225,0.3333333333333333,-0.14166666666666666,0.04420178404645099,0.05662332869330988,0.04869540141045147
Guard,adverse_before_5pct <= 0.01 AND hours_to_5pct <= 16,2,9,0.225,0.4444444444444444,-0.030555555555555558,0.044133089649234965,0.05662332869330988,0.04867994517107786
Guard,hours_to_5pct <= 16,1,14,0.35,0.35714285714285715,-0.11785714285714283,0.04274978585064025,0.05662332869330988,0.04746242504772409
Guard,hours_to_5pct <= 16 AND pair_4h_ema50_slope_3 <= -0.0025,2,14,0.35,0.35714285714285715,-0.11785714285714283,0.04274978585064025,0.05662332869330988,0.04746242504772409
Guard,hours_to_5pct <= 16 AND pair_4h_close_vs_ema50 <= -0.03,2,14,0.35,0.35714285714285715,-0.11785714285714283,0.04274978585064025,0.05662332869330988,0.04746242504772409
Guard,hours_to_5pct <= 16 AND pair_4h_close_vs_ema50 <= -0.02,2,14,0.35,0.35714285714285715,-0.11785714285714283,0.04274978585064025,0.05662332869330988,0.04746242504772409
Guard,hours_to_5pct <= 16 AND pair_4h_close_vs_ema50 <= -0.01,2,14,0.35,0.35714285714285715,-0.11785714285714283,0.04274978585064025,0.05662332869330988,0.04746242504772409
Guard,hours_to_5pct <= 16 AND pair_4h_close_vs_ema50 <= 0.0,2,14,0.35,0.35714285714285715,-0.11785714285714283,0.04274978585064025,0.05662332869330988,0.04746242504772409
Guard,hours_to_5pct <= 16 AND pair_1h_ret_6h <= -0.015,2,14,0.35,0.35714285714285715,-0.11785714285714283,0.04274978585064025,0.05662332869330988,0.04746242504772409
Guard,hours_to_5pct <= 16 AND pair_1h_ret_6h <= -0.01,2,14,0.35,0.35714285714285715,-0.11785714285714283,0.04274978585064025,0.05662332869330988,0.04746242504772409
Guard,hours_to_5pct <= 16 AND pair_1h_ret_6h <= -0.005,2,14,0.35,0.35714285714285715,-0.11785714285714283,0.04274978585064025,0.05662332869330988,0.04746242504772409
Guard,hours_to_5pct <= 16 AND pair_1h_range_position_24h <= 0.5,2,14,0.35,0.35714285714285715,-0.11785714285714283,0.04274978585064025,0.05662332869330988,0.04746242504772409
Guard,hours_to_5pct <= 16 AND btc_4h_trend_down == 1,2,10,0.25,0.3,-0.175,0.03983647418983501,0.05662332869330988,0.04745911854745875
Guard,adverse_before_5pct <= 0.012 AND hours_to_5pct <= 16,2,12,0.3,0.4166666666666667,-0.05833333333333329,0.04149811187909862,0.05662332869330988,0.04744943356372959
Guard,adverse_before_5pct <= 0.014 AND hours_to_5pct <= 16,2,12,0.3,0.4166666666666667,-0.05833333333333329,0.04149811187909862,0.05662332869330988,0.04744943356372959
Guard,adverse_before_5pct <= 0.016 AND hours_to_5pct <= 16,2,12,0.3,0.4166666666666667,-0.05833333333333329,0.04149811187909862,0.05662332869330988,0.04744943356372959
Guard,hours_to_5pct <= 16 AND btc_1d_close_vs_ema50 <= -0.01,2,10,0.25,0.3,-0.175,0.03977263117420794,0.05662332869330988,0.04744315779355199
Guard,hours_to_5pct <= 16 AND btc_1d_close_vs_ema50 <= 0.0,2,10,0.25,0.3,-0.175,0.03977263117420794,0.05662332869330988,0.04744315779355199
Guard,hours_to_5pct <= 16 AND btc_1d_close_vs_ema50 <= -0.02,2,9,0.225,0.2222222222222222,-0.25277777777777777,0.03307731431072796,0.05662332869330988,0.04619239571991379
