period,model,group_type,group_value,trades,profit_abs,profit_pct,pf,maxdd_pct,winrate_pct,avg_profit_pct,median_profit_pct,avg_duration_h,median_duration_h,max_duration_h,best_trade_abs,worst_trade_abs,avg_mae_pct,avg_mfe_pct,activated_count,top5_winner_share_pct,exit_reason_distribution
3y,baseline,all,all,291,1993.44535252,199.344535252,2.004806433085237,8.871870754878184,35.051546391752574,1.528046729873395,-1.5875278987957862,49.419243986254294,31.0,429.0,95.28293221,-23.48846993,2.4174162879213514,5.601145857669673,0,11.175170138892538,"{""force_exit"": 1, ""roi"": 89, ""stale_flat_120h"": 10, ""stale_loss_72h"": 33, ""stale_low_profit_240h"": 1, ""stop_loss"": 119, ""swing_exit_long_1d"": 5, ""trailing_stop_loss"": 33}"
3y,baseline,entry_tag,long_1d_center_compression,47,495.31027501,49.531027501000004,2.5309403413333147,6.687264243110967,34.04255319148936,1.9449200320075288,-2.0967051464794806,75.53191489361703,37.0,429.0,84.78698857,-19.22016428,2.1317209802375334,5.575076988668296,0,44.719626491199136,"{""roi"": 15, ""stop_loss"": 27, ""swing_exit_long_1d"": 5}"
3y,baseline,entry_tag,short_compression_breakdown,78,459.24198438999997,45.924198438999994,1.9101434188221962,9.230786378755134,35.8974358974359,1.529618046523218,-1.3084750244020822,45.756410256410255,30.5,233.0,86.93554841,-22.51784396,2.518241643341112,5.6297957436841415,0,35.99050726841127,"{""force_exit"": 1, ""roi"": 24, ""stale_flat_120h"": 3, ""stale_loss_72h"": 13, ""stop_loss"": 22, ""trailing_stop_loss"": 15}"
3y,baseline,entry_tag,short_pullback_restart,166,1038.89309312,103.889309312,1.89885626373829,10.707821861885856,34.93975903614458,1.40927800759032,-1.4517012271657177,43.74698795180723,30.0,266.0,95.28293221,-23.48846993,2.450930153815316,5.595064807874108,0,18.05184118774278,"{""roi"": 50, ""stale_flat_120h"": 7, ""stale_loss_72h"": 20, ""stale_low_profit_240h"": 1, ""stop_loss"": 70, ""trailing_stop_loss"": 18}"
3y,baseline,pair,ADA/USDT:USDT,32,285.96224325000003,28.596224325,2.5229048844661617,4.7015174340708965,34.375,1.8016767038070638,-0.571239573456884,44.40625,37.0,118.0,95.26620232,-22.25873017,2.292910773015798,5.9613801370004476,0,61.21684148875611,"{""force_exit"": 1, ""roi"": 10, ""stale_loss_72h"": 6, ""stop_loss"": 10, ""trailing_stop_loss"": 5}"
3y,baseline,pair,BNB/USDT:USDT,19,176.21677136,17.621677136,2.3487565591470676,7.022077069461403,47.368421052631575,2.385326820807991,-1.1497042202794163,55.8421052631579,32.0,154.0,72.03827001,-22.48258298,2.125090307541211,6.336927886437534,0,80.80350778196014,"{""roi"": 7, ""stale_flat_120h"": 2, ""stale_loss_72h"": 1, ""stop_loss"": 8, ""swing_exit_long_1d"": 1}"
3y,baseline,pair,BTC/USDT:USDT,37,212.33815955999998,21.233815955999997,1.8891766908911003,5.501924134043989,32.432432432432435,1.158802509574693,-1.5077925834035404,63.891891891891895,42.0,386.0,86.93554841,-23.4204542,1.8811742209096776,4.793004810935048,0,68.84306531867024,"{""roi"": 9, ""stale_flat_120h"": 3, ""stale_loss_72h"": 3, ""stop_loss"": 14, ""swing_exit_long_1d"": 3, ""trailing_stop_loss"": 5}"
3y,baseline,pair,DOGE/USDT:USDT,20,155.95187936,15.595187935999999,2.208723006576497,4.765647855447206,40.0,2.423890564294385,-1.1482851964274063,30.8,22.5,119.0,46.20826718,-23.11526256,2.301524418319971,6.058825563679981,0,71.69214630139564,"{""roi"": 8, ""stale_loss_72h"": 2, ""stop_loss"": 9, ""trailing_stop_loss"": 1}"
3y,baseline,pair,ETH/USDT:USDT,30,345.7585169,34.57585169,2.972056349959398,3.9596167467859016,36.666666666666664,2.3398752321038376,-0.9439456999549072,39.7,27.5,133.0,71.55867291,-21.11515786,1.9522560973897538,5.537367193310375,0,62.353182221552416,"{""roi"": 11, ""stale_loss_72h"": 5, ""stop_loss"": 9, ""trailing_stop_loss"": 5}"
3y,baseline,pair,LINK/USDT:USDT,20,26.092477020000004,2.6092477020000002,1.1639648705262482,4.121331682117781,25.0,0.3103878194327519,-2.37820286210962,31.45,25.0,107.0,47.28804312,-23.48846993,3.313968306506428,4.242983911950911,0,100.0,"{""roi"": 5, ""stale_loss_72h"": 2, ""stop_loss"": 9, ""trailing_stop_loss"": 4}"
3y,baseline,pair,NEAR/USDT:USDT,23,51.99372546,5.199372546,1.2525607640812777,5.515258383000003,26.08695652173913,0.11837564777232201,-3.199821744734933,32.78260869565217,23.0,223.0,67.5537128,-19.82609891,3.048180858994535,4.895378505709311,0,90.69992895820172,"{""roi"": 6, ""stale_loss_72h"": 1, ""stop_loss"": 12, ""trailing_stop_loss"": 4}"
3y,baseline,pair,PAXG/USDT:USDT,5,73.35454153,7.3354541530000015,2.5682074292319244,4.677604516000008,40.0,1.5537358840839413,-2.069068133904396,280.0,383.0,429.0,84.78698857,-16.94112652,4.822792641509092,7.451214087343505,0,100.0,"{""roi"": 1, ""stop_loss"": 3, ""swing_exit_long_1d"": 1}"
3y,baseline,pair,SOL/USDT:USDT,25,166.29090954,16.629090954,1.8169638604898541,4.148552524811212,32.0,1.3522124246656526,-2.117777510719016,36.72,23.0,119.0,95.28293221,-22.51784396,2.682831883040169,5.567994152581872,0,76.24375150228316,"{""roi"": 8, ""stale_loss_72h"": 2, ""stop_loss"": 13, ""trailing_stop_loss"": 2}"
3y,baseline,pair,SUI/USDT:USDT,19,96.00427292,9.600427292000001,1.7676508911554372,3.5701948572769266,36.84210526315789,1.5478107835607124,-2.146291834938216,47.10526315789474,29.0,196.0,56.58170375,-22.17036223,2.501304231468452,6.298684577464671,0,88.81410551387526,"{""roi"": 6, ""stale_flat_120h"": 1, ""stale_loss_72h"": 2, ""stop_loss"": 7, ""trailing_stop_loss"": 3}"
3y,baseline,pair,TAO/USDT:USDT,12,87.74828186,8.774828186,2.0205993362931984,4.556069147935299,50.0,1.7502893072920336,-0.5948390602679174,45.25,28.5,143.0,64.91884228,-21.48366959,2.9428646649011725,5.747490193733684,0,97.97119059838802,"{""roi"": 4, ""stale_flat_120h"": 2, ""stale_loss_72h"": 1, ""stop_loss"": 3, ""trailing_stop_loss"": 2}"
3y,baseline,pair,XRP/USDT:USDT,36,93.37940647999999,9.337940647999998,1.3700681882303887,6.696330896510953,25.0,0.28888006275072114,-1.6643434419810088,57.5,41.0,266.0,82.20453635,-22.44004946,2.269196101713725,4.639322402246217,0,80.17156989273188,"{""roi"": 6, ""stale_flat_120h"": 2, ""stale_loss_72h"": 6, ""stale_low_profit_240h"": 1, ""stop_loss"": 20, ""trailing_stop_loss"": 1}"
3y,baseline,pair,ZEC/USDT:USDT,13,222.35416727999998,22.235416727999997,6.095641593869291,2.831284469539431,61.53846153846154,5.29392523185002,9.99092848145256,39.92307692307692,39.0,73.0,52.34289356,-19.33195112,1.8010891949702539,9.5814724137651,0,74.46876607438699,"{""roi"": 8, ""stale_loss_72h"": 2, ""stop_loss"": 2, ""trailing_stop_loss"": 1}"
3y,baseline,side,long,47,495.31027501,49.531027501000004,2.5309403413333147,6.687264243110967,34.04255319148936,1.9449200320075288,-2.0967051464794806,75.53191489361703,37.0,429.0,84.78698857,-19.22016428,2.1317209802375334,5.575076988668296,0,44.719626491199136,"{""roi"": 15, ""stop_loss"": 27, ""swing_exit_long_1d"": 5}"
3y,baseline,side,short,244,1498.13507751,149.813507751,1.902286386600793,11.442216859642933,35.24590163934426,1.4477473642983776,-1.4517012271657177,44.38934426229508,30.0,266.0,95.28293221,-23.48846993,2.4724477611227424,5.60616732014125,0,13.550513277348578,"{""force_exit"": 1, ""roi"": 74, ""stale_flat_120h"": 10, ""stale_loss_72h"": 33, ""stale_low_profit_240h"": 1, ""stop_loss"": 92, ""trailing_stop_loss"": 33}"
3y,baseline,month,2023-08,17,16.685342520000003,1.6685342520000004,1.213616979743309,4.113081364000005,17.647058823529413,0.10992639425935695,-1.5875278987957862,46.411764705882355,43.0,119.0,33.18063122,-8.10275442,2.009639239023953,5.251832437312354,0,100.0,"{""roi"": 3, ""stale_loss_72h"": 4, ""stop_loss"": 9, ""trailing_stop_loss"": 1}"
3y,baseline,month,2023-09,9,-42.39026643,-4.239026643,0.0,4.2390266430000105,0.0,-1.5553386223306822,-1.4516404810934107,43.666666666666664,43.0,75.0,-0.32414622,-7.84673411,2.36686480228571,2.1074218087885996,0,0.0,"{""stale_loss_72h"": 2, ""stop_loss"": 4, ""trailing_stop_loss"": 3}"
3y,baseline,month,2023-10,3,14.725063429999999,1.4725063429999998,2.043479979388266,1.4111495880000007,33.33333333333333,1.7305409433893624,-1.9902485917121613,88.66666666666667,35.0,196.0,28.83655931,-7.3982703,1.783839463588083,5.640653136531786,0,100.0,"{""roi"": 1, ""stop_loss"": 2}"
3y,baseline,month,2023-11,5,6.152276299999998,0.6152276299999998,1.2283853634216,1.4287156409999966,20.0,0.4210837772314434,-2.0875481253971624,99.2,12.0,386.0,33.0904137,-7.54531354,2.0211737086180785,3.1905315640962426,0,100.0,"{""roi"": 1, ""stop_loss"": 3, ""swing_exit_long_1d"": 1}"
3y,baseline,month,2023-12,2,-14.40832326,-1.440832326,0.0,1.4408323259999976,0.0,-2.1026261009236924,-2.1026261009236924,5.5,5.5,7.0,-7.19348981,-7.21483345,2.4040175155503616,0.29587898336548213,0,0.0,"{""stop_loss"": 2}"
3y,baseline,month,2024-01,10,48.1739188,4.81739188,2.7482809424534578,1.2694726994585805,30.0,2.0326286284811896,-0.3914382146174391,63.2,47.5,230.0,33.92511114,-6.72809798,1.8931282075268068,7.513003364686645,0,100.0,"{""roi"": 3, ""stale_loss_72h"": 3, ""stop_loss"": 4}"
3y,baseline,month,2024-02,5,172.67581158,17.267581158,inf,0.0,100.0,10.003151388267,9.999958456846775,89.2,96.0,154.0,38.17695437,29.68355745,0.4971298816673061,11.294343033376808,0,100.0,"{""roi"": 5}"
3y,baseline,month,2024-03,2,-18.37861829,-1.837861829,0.0,1.8378618289999964,0.0,-2.2318441347752733,-2.2318441347752733,19.5,19.5,39.0,-8.86558658,-9.51303171,3.16191246309447,6.5175078198042575,0,0.0,"{""stop_loss"": 2}"
3y,baseline,month,2024-04,6,-8.768852590000002,-0.876885259,0.7536915445853892,2.7475828855196984,16.666666666666664,-0.25353590421827954,-2.188760582310411,16.666666666666668,6.5,73.0,26.83225,-9.05807259,2.553701605870377,4.639984204352335,0,100.0,"{""roi"": 1, ""stale_loss_72h"": 1, ""stop_loss"": 3, ""trailing_stop_loss"": 1}"
3y,baseline,month,2024-05,8,-18.10183478,-1.810183478,0.628711696310539,4.730414067391705,12.5,-1.0396741058249777,-2.5424651294030842,40.125,34.5,73.0,30.65228594,-8.96616751,3.1092040678123016,3.3228658563143822,0,100.0,"{""roi"": 1, ""stale_loss_72h"": 2, ""stop_loss"": 2, ""trailing_stop_loss"": 3}"
3y,baseline,month,2024-06,17,-45.027603860000006,-4.502760386000001,0.5853790949864067,7.1920422599497975,11.76470588235294,-0.8762725688302798,-2.1541771658136715,25.647058823529413,19.0,76.0,38.88295192,-9.00028322,2.6767047742897945,2.5789609535990285,0,100.0,"{""roi"": 2, ""stale_loss_72h"": 2, ""stop_loss"": 11, ""trailing_stop_loss"": 2}"
3y,baseline,month,2024-07,8,-3.131567420000003,-0.3131567420000003,0.9272776059702117,4.140848446782646,37.5,0.17727464126667242,-3.0753727472736587,42.75,21.0,233.0,21.81235975,-8.71854665,3.0580040080068875,5.883971207734004,0,100.0,"{""roi"": 2, ""stale_flat_120h"": 1, ""stop_loss"": 4, ""trailing_stop_loss"": 1}"
3y,baseline,month,2024-08,6,82.86698749,8.286698749000001,5.585656793397898,1.6414104051186416,66.66666666666666,5.124512095058813,10.00064210467848,38.833333333333336,28.5,72.0,31.910817,-9.15032465,2.2683160348420923,7.9944833800097514,0,100.0,"{""roi"": 4, ""stop_loss"": 2}"
3y,baseline,month,2024-09,5,141.98744143,14.198744143,760.7622238494938,0.01636213017845165,80.0,7.990419972586167,9.999324135741443,95.0,108.0,145.0,41.22620402,-0.18688405,0.7201216459370717,10.026722706214358,0,100.0,"{""roi"": 4, ""stale_loss_72h"": 1}"
3y,baseline,month,2024-10,9,9.05263617,0.9052636169999999,1.1506673025354215,4.934030197741126,33.33333333333333,0.46827569026353344,-2.184348116558171,46.77777777777778,42.0,138.0,41.47454494,-10.28070083,2.809307607145101,5.20722742989354,0,100.0,"{""roi"": 2, ""stale_flat_120h"": 1, ""stop_loss"": 5, ""trailing_stop_loss"": 1}"
3y,baseline,month,2024-11,8,26.109751170000003,2.6109751170000006,1.5466786192759245,2.7508247863762003,25.0,1.075616029572826,-1.8739813804116057,41.625,43.5,96.0,46.79668642,-10.35829685,1.6658553083226468,6.095965780249148,0,100.0,"{""roi"": 2, ""stale_loss_72h"": 1, ""stop_loss"": 4, ""swing_exit_long_1d"": 1}"
3y,baseline,month,2024-12,2,75.44750724000001,7.544750724,inf,0.0,100.0,10.000217659106152,10.000217659106152,13.0,13.0,23.0,47.32611587,28.12139137,1.034470648123071,11.009693336554577,0,100.0,"{""roi"": 2}"
3y,baseline,month,2025-01,9,47.62380247,4.762380247,1.780943012519358,3.8007851340000003,33.33333333333333,1.0527893241244892,-2.5485540357887193,15.222222222222221,8.0,54.0,39.37516336,-11.58273025,2.715417152335612,4.582816819968013,0,100.0,"{""roi"": 3, ""stop_loss"": 3, ""trailing_stop_loss"": 3}"
3y,baseline,month,2025-02,14,297.25583937,29.725583937,13.734519547398678,2.0381050543186983,64.28571428571429,5.891727790116715,9.9994897004239,42.57142857142857,36.0,107.0,43.55340217,-11.64792486,1.396298654277089,10.147514226687672,0,61.778312030174376,"{""roi"": 9, ""stale_loss_72h"": 3, ""stop_loss"": 2}"
3y,baseline,month,2025-03,12,64.6851826,6.46851826,1.6449761889332914,6.108654953786814,33.33333333333333,1.3651253173186497,-2.2029573711030643,25.25,16.0,76.0,59.84298186,-14.1650642,2.9357149525429773,4.71404776774736,0,100.0,"{""roi"": 4, ""stale_loss_72h"": 1, ""stop_loss"": 5, ""trailing_stop_loss"": 2}"
3y,baseline,month,2025-04,7,85.80854121,8.580854121,2.6006966259485895,3.5943719003106125,42.857142857142854,2.663375602516768,-2.1711180785981643,18.142857142857142,19.0,30.0,63.58485955,-14.75962589,2.812745943635438,5.612443155614064,0,100.0,"{""roi"": 3, ""stop_loss"": 3, ""trailing_stop_loss"": 1}"
3y,baseline,month,2025-05,5,-67.86532462,-6.786532462,0.0,6.786532461999991,0.0,-2.403955122518287,-2.1450386898922007,37.8,36.0,90.0,-11.76171956,-14.82484701,2.549928445082637,1.8826727891336592,0,0.0,"{""stop_loss"": 5}"
3y,baseline,month,2025-06,16,81.83784923,8.183784923000001,1.5976799434294153,4.367852915000004,31.25,1.1928824746636328,-2.0933752736084887,45.875,32.5,119.0,56.58170375,-15.2189362,2.754583278595163,5.145642232967103,0,100.0,"{""roi"": 5, ""stale_loss_72h"": 2, ""stop_loss"": 6, ""trailing_stop_loss"": 3}"
3y,baseline,month,2025-07,4,112.21947399,11.221947399,6.208366406000073,1.4914735360000009,50.0,3.849458159256549,4.425149067331229,81.0,100.0,104.0,67.01222052,-14.91473536,1.7267502246765618,6.225936523671036,0,100.0,"{""roi"": 2, ""stop_loss"": 1, ""swing_exit_long_1d"": 1}"
3y,baseline,month,2025-08,6,2.3598461499999974,0.23598461499999973,1.034102401160421,6.457773009487084,16.666666666666664,-0.4092414354682846,-1.8768286505288816,37.833333333333336,24.0,110.0,71.55867291,-16.10457832,3.6538412771281816,4.11523383999492,0,100.0,"{""roi"": 1, ""stop_loss"": 3, ""swing_exit_long_1d"": 1, ""trailing_stop_loss"": 1}"
3y,baseline,month,2025-09,9,18.803797290000006,1.8803797290000008,1.3065601017702864,4.517462824781622,55.55555555555556,-0.05274320256381628,0.0715392892018517,71.88888888888889,74.0,143.0,70.78766382,-15.90647583,2.545844155953052,4.496242500000803,0,100.0,"{""roi"": 1, ""stale_flat_120h"": 4, ""stop_loss"": 3, ""trailing_stop_loss"": 1}"
3y,baseline,month,2025-10,8,42.75914575,4.275914575000001,1.4834226393195533,7.3332562712994624,25.0,0.4705983193312582,-2.1855283825677945,89.625,24.5,429.0,72.03827001,-16.99086285,4.60357643154315,6.7207094095084114,0,100.0,"{""roi"": 2, ""stale_loss_72h"": 1, ""stop_loss"": 4, ""trailing_stop_loss"": 1}"
3y,baseline,month,2025-11,13,167.30028024,16.730028024000003,2.6543404012471408,3.0766489440586153,53.84615384615385,3.100935511305911,0.4146374497774663,49.46153846153846,33.0,133.0,68.30530612,-17.7691815,2.578452232959332,7.58182091408514,0,87.04549430795878,"{""roi"": 6, ""stale_flat_120h"": 1, ""stop_loss"": 6}"
3y,baseline,month,2025-12,13,176.34059331,17.634059331000003,2.5146238176885745,6.359418882774828,38.46153846153847,2.0870040808627977,-1.4136308431383535,71.15384615384616,37.0,417.0,82.20453635,-18.97823107,2.2086891815211134,5.174802065891888,0,100.0,"{""roi"": 4, ""stale_loss_72h"": 1, ""stop_loss"": 6, ""swing_exit_long_1d"": 1, ""trailing_stop_loss"": 1}"
3y,baseline,month,2026-01,12,365.51952319000003,36.551952319,6.599273611224373,3.7096105759999998,66.66666666666666,4.971332919947677,9.9820087417685,83.16666666666667,43.0,383.0,86.93554841,-19.33195112,1.6501387451886564,7.665227484823794,0,77.86425473825943,"{""roi"": 7, ""stale_flat_120h"": 1, ""stop_loss"": 2, ""trailing_stop_loss"": 2}"
3y,baseline,month,2026-02,12,43.6415289,4.36415289,1.395368878824089,7.533421372537807,33.33333333333333,0.9810586017092979,-0.5991470725407559,51.166666666666664,59.0,121.0,53.49429112,-22.38113319,2.854014037285494,6.4918644091853475,0,100.0,"{""roi"": 3, ""stale_flat_120h"": 1, ""stale_loss_72h"": 4, ""stop_loss"": 2, ""trailing_stop_loss"": 2}"
3y,baseline,month,2026-03,7,-59.86089363,-5.9860893630000005,0.4664984566997306,10.662283926337217,14.285714285714285,-0.9102156336637706,-2.901615189945651,40.0,38.0,76.0,52.34289356,-22.51784396,2.6809248553957996,4.255540751720165,0,100.0,"{""roi"": 1, ""stale_loss_72h"": 1, ""stop_loss"": 5}"
3y,baseline,month,2026-04,6,-33.167546449999996,-3.3167546449999996,0.4693764424828426,4.113699060540572,33.33333333333333,-0.8729974184617031,-1.1040338087899966,94.16666666666667,74.0,266.0,23.93708145,-22.25873017,1.9823386949647956,4.282902752282883,0,100.0,"{""stale_flat_120h"": 1, ""stale_loss_72h"": 1, ""stale_low_profit_240h"": 1, ""stop_loss"": 2, ""trailing_stop_loss"": 1}"
3y,baseline,month,2026-05,4,-36.19888878,-3.6198888780000003,0.0,3.6198888780000065,0.0,-1.5404313168800987,-1.032347340364716,49.0,43.0,98.0,-0.32324129,-19.52740337,2.71262713747447,2.912688347903087,0,0.0,"{""stale_loss_72h"": 2, ""trailing_stop_loss"": 2}"
3y,baseline,month,2026-06,12,240.7129328,24.07129328,3.144848493381192,7.441797692731162,50.0,3.019569578828072,0.07837086864376291,33.333333333333336,35.5,73.0,95.28293221,-23.48846993,2.487478658601844,5.40814304989196,0,98.27520367881316,"{""force_exit"": 1, ""roi"": 5, ""stale_loss_72h"": 1, ""stop_loss"": 4, ""trailing_stop_loss"": 1}"
3y,baseline,market_period,pressure_202603_202605,17,-129.22732886,-12.922732885999999,0.38728514837176947,17.2539030320964,17.647058823529413,-1.0453658361139415,-2.078238929345367,61.23529411764706,38.0,266.0,52.34289356,-22.51784396,2.441824394556309,3.9492326569029883,0,100.0,"{""roi"": 1, ""stale_flat_120h"": 1, ""stale_loss_72h"": 4, ""stale_low_profit_240h"": 1, ""stop_loss"": 7, ""trailing_stop_loss"": 3}"
3y,baseline,market_period,strong_202601_202602,24,409.16105209,40.916105208999994,3.3292570722094217,5.690539631949864,50.0,2.976195760828487,0.2676159816333858,67.16666666666667,47.5,383.0,86.93554841,-22.38113319,2.2520763912370754,7.078545947004571,0,57.97997010116216,"{""roi"": 10, ""stale_flat_120h"": 2, ""stale_loss_72h"": 4, ""stop_loss"": 4, ""trailing_stop_loss"": 4}"
3y,baseline,market_period,repair_202606,12,240.7129328,24.07129328,3.144848493381192,7.441797692731162,50.0,3.019569578828072,0.07837086864376291,33.333333333333336,35.5,73.0,95.28293221,-23.48846993,2.487478658601844,5.40814304989196,0,98.27520367881316,"{""force_exit"": 1, ""roi"": 5, ""stale_loss_72h"": 1, ""stop_loss"": 4, ""trailing_stop_loss"": 1}"
3y,A_giveback50_floor1,all,all,291,215.38830706000078,21.538830706000077,1.1487983906117791,15.38944617389541,57.0446735395189,0.11423443905383149,1.4809412793239143,22.34020618556701,12.0,336.0,57.582189599999985,-23.48846993,1.965420527429743,3.052059913528498,166,11.581929215547927,"{""counterfactual_A_giveback50_floor1"": 164, ""max_hold_14d"": 2, ""stale_loss_72h"": 8, ""stop_loss"": 91, ""swing_exit_long_1d"": 1, ""trailing_stop_loss"": 25}"
3y,A_giveback50_floor1,entry_tag,long_1d_center_compression,47,172.29022885000072,17.229022885000074,1.7814608765606903,7.309395100763877,55.319148936170215,0.6783714742223991,1.4258089782378418,44.4468085106383,13.0,336.0,57.582189599999985,-19.22016428,1.5350306351468288,3.4806358750960253,26,45.09670503827506,"{""counterfactual_A_giveback50_floor1"": 24, ""max_hold_14d"": 2, ""stop_loss"": 20, ""swing_exit_long_1d"": 1}"
3y,A_giveback50_floor1,entry_tag,short_compression_breakdown,78,-25.263451389999705,-2.5263451389999707,0.9379027546478896,7.895426602587497,58.97435897435898,-0.053132241079670635,1.4929403140770843,18.474358974358974,12.5,75.0,27.630910440000054,-22.51784396,2.1998497494989144,3.0332929769637484,46,26.406108136690904,"{""counterfactual_A_giveback50_floor1"": 46, ""stale_loss_72h"": 1, ""stop_loss"": 18, ""trailing_stop_loss"": 13}"
3y,A_giveback50_floor1,entry_tag,short_pullback_restart,166,68.36152959999977,6.8361529599999775,1.0833464933782384,15.775778554826408,56.62650602409639,0.03315106795437661,1.4817186225738048,17.897590361445783,11.5,108.0,31.344687599999894,-23.48846993,1.9771244166821622,2.9395343162898038,94,14.308532579470437,"{""counterfactual_A_giveback50_floor1"": 94, ""stale_loss_72h"": 7, ""stop_loss"": 53, ""trailing_stop_loss"": 12}"
3y,A_giveback50_floor1,pair,ADA/USDT:USDT,32,79.51053690000003,7.951053690000004,1.692870498466084,4.255087065330764,65.625,0.4093663644028421,1.4929403140770843,13.53125,12.0,48.0,23.003259099999987,-22.25873017,1.8312277544303797,3.0290460659923353,21,42.68429839865049,"{""counterfactual_A_giveback50_floor1"": 21, ""stop_loss"": 8, ""trailing_stop_loss"": 3}"
3y,A_giveback50_floor1,pair,BNB/USDT:USDT,19,32.204770450000105,3.2204770450000106,1.3050693933781852,3.6600238159026217,63.1578947368421,0.2753186643449559,1.5782056599559864,29.0,13.0,91.0,31.344687599999894,-22.48258298,1.7633420927766439,3.4962540468727097,12,66.15607430403017,"{""counterfactual_A_giveback50_floor1"": 12, ""stop_loss"": 7}"
3y,A_giveback50_floor1,pair,BTC/USDT:USDT,37,42.40309375000019,4.240309375000019,1.2012370441781064,5.883671119122259,48.64864864864865,0.41488817999946465,-1.3319072265917424,33.86486486486486,19.0,336.0,57.582189599999985,-23.4204542,1.667342923077383,3.436871082757803,18,51.60745767786206,"{""counterfactual_A_giveback50_floor1"": 17, ""max_hold_14d"": 1, ""stop_loss"": 14, ""swing_exit_long_1d"": 1, ""trailing_stop_loss"": 4}"
3y,A_giveback50_floor1,pair,DOGE/USDT:USDT,20,-9.067803279999993,-0.9067803279999993,0.9043894861094919,4.0728777690000015,60.0,0.011027636437631983,1.4529095571130846,10.8,7.0,50.0,14.063965750000007,-23.11526256,1.9520132773109318,2.741943311015876,12,62.0860148965597,"{""counterfactual_A_giveback50_floor1"": 12, ""stop_loss"": 7, ""trailing_stop_loss"": 1}"
3y,A_giveback50_floor1,pair,ETH/USDT:USDT,30,39.19967125000023,3.9199671250000225,1.3420364858771696,4.060952491788298,53.333333333333336,0.20416729577724127,1.447282171828058,22.566666666666666,13.0,108.0,28.702969020000108,-21.11515786,1.5565110953045165,2.698591506749896,16,55.271142207827104,"{""counterfactual_A_giveback50_floor1"": 16, ""stale_loss_72h"": 5, ""stop_loss"": 6, ""trailing_stop_loss"": 3}"
3y,A_giveback50_floor1,pair,LINK/USDT:USDT,20,-75.98391616999994,-7.5983916169999945,0.4942146679032281,8.352937324702825,40.0,-0.9706325429990468,-2.37820286210962,19.9,21.0,67.0,15.929474679999998,-23.48846993,3.1041443810212868,2.8130105421716736,8,78.99768597909214,"{""counterfactual_A_giveback50_floor1"": 8, ""stop_loss"": 8, ""trailing_stop_loss"": 4}"
3y,A_giveback50_floor1,pair,NEAR/USDT:USDT,23,-66.38542468000001,-6.638542468000002,0.558178008037062,7.351497161181894,52.17391304347826,-0.6614724076304949,1.4356058049274416,14.521739130434783,13.0,32.0,13.09259999999998,-19.82609891,2.480693389481449,2.760713467041758,12,59.29135060188846,"{""counterfactual_A_giveback50_floor1"": 12, ""stop_loss"": 8, ""trailing_stop_loss"": 3}"
3y,A_giveback50_floor1,pair,PAXG/USDT:USDT,5,67.54531195000011,6.754531195000012,5.937877424537708,1.3679017550000026,80.0,1.6112964903495877,1.4171783455457498,165.4,166.0,336.0,47.152798079999975,-13.67901755,1.174669588653788,3.301436256966011,4,100.0,"{""counterfactual_A_giveback50_floor1"": 3, ""max_hold_14d"": 1, ""stop_loss"": 1}"
3y,A_giveback50_floor1,pair,SOL/USDT:USDT,25,-82.19902964000005,-8.219902964000005,0.5380477866263618,10.021244968577637,48.0,-0.5791004215099985,-1.4726264836892875,15.36,12.0,60.0,16.767149600000003,-22.51784396,2.298097805419709,2.5724520626050023,12,66.4994083395354,"{""counterfactual_A_giveback50_floor1"": 12, ""stop_loss"": 11, ""trailing_stop_loss"": 2}"
3y,A_giveback50_floor1,pair,SUI/USDT:USDT,19,20.89724884999997,2.089724884999997,1.282402976886482,2.4226426011097093,68.42105263157895,0.49065893642988767,1.9324274948618447,7.842105263157895,4.0,25.0,11.039161140000031,-18.4078471,1.7753654316520369,3.268169753248807,13,50.63516757319808,"{""counterfactual_A_giveback50_floor1"": 13, ""stop_loss"": 5, ""trailing_stop_loss"": 1}"
3y,A_giveback50_floor1,pair,TAO/USDT:USDT,12,36.042306260000124,3.604230626000012,1.7283813822483656,2.08900889357089,66.66666666666666,0.4278903016891772,1.6092308814509517,12.166666666666666,10.0,34.0,27.630910440000054,-15.42980066,2.433676162589096,3.390917675873656,8,77.99510838847448,"{""counterfactual_A_giveback50_floor1"": 8, ""stop_loss"": 2, ""trailing_stop_loss"": 2}"
3y,A_giveback50_floor1,pair,XRP/USDT:USDT,36,105.26697324000008,10.52669732400001,1.68659576007359,3.3932658439999956,58.333333333333336,0.24316375468203832,1.51117421989218,23.75,15.5,83.0,27.81395463000005,-21.81164172,1.816506346588357,3.012324845835295,21,43.80651018283396,"{""counterfactual_A_giveback50_floor1"": 21, ""stale_loss_72h"": 1, ""stop_loss"": 13, ""trailing_stop_loss"": 1}"
3y,A_giveback50_floor1,pair,ZEC/USDT:USDT,13,25.954568179999953,2.5954568179999953,1.6805362008948441,3.2447286117307272,69.23076923076923,0.8501119199740581,1.7605378361475885,21.384615384615383,10.0,73.0,9.370384920000015,-19.33195112,1.6624911331853909,3.84809669553637,9,64.69785953768461,"{""counterfactual_A_giveback50_floor1"": 9, ""stale_loss_72h"": 2, ""stop_loss"": 1, ""trailing_stop_loss"": 1}"
3y,A_giveback50_floor1,side,long,47,172.29022885000072,17.229022885000074,1.7814608765606903,7.309395100763877,55.319148936170215,0.6783714742223991,1.4258089782378418,44.4468085106383,13.0,336.0,57.582189599999985,-19.22016428,1.5350306351468288,3.4806358750960253,26,45.09670503827506,"{""counterfactual_A_giveback50_floor1"": 24, ""max_hold_14d"": 2, ""stop_loss"": 20, ""swing_exit_long_1d"": 1}"
3y,A_giveback50_floor1,side,short,244,43.09807821000006,4.309807821000007,1.035123448876633,16.894033584095055,57.377049180327866,0.005568698673000851,1.4857394313853245,18.081967213114755,12.0,108.0,31.344687599999894,-23.48846993,2.0483234984842387,2.9695063471609826,140,10.606500365961438,"{""counterfactual_A_giveback50_floor1"": 140, ""stale_loss_72h"": 8, ""stop_loss"": 71, ""trailing_stop_loss"": 25}"
3y,A_giveback50_floor1,month,2023-07,2,10.314631119999994,1.0314631119999993,inf,0.0,100.0,1.76334509269559,1.76334509269559,6.0,6.0,12.0,5.355472480000025,4.959158639999969,0.43997288558008985,3.7266901853911767,2,100.0,"{""counterfactual_A_giveback50_floor1"": 2}"
3y,A_giveback50_floor1,month,2023-08,15,18.65947052000002,1.8659470520000019,1.5535235594496133,2.045727985876217,46.666666666666664,0.47263784982225027,-0.14121958828705303,32.8,21.0,108.0,20.65587260000001,-7.92131236,1.418935406947305,3.353488144725002,7,86.91983883148319,"{""counterfactual_A_giveback50_floor1"": 7, ""stale_loss_72h"": 4, ""stop_loss"": 4}"
3y,A_giveback50_floor1,month,2023-09,9,-28.455253740000018,-2.8455253740000015,0.20751879356042902,3.233670795000012,22.22222222222222,-0.8375805155390728,-1.3319072265917424,32.77777777777778,30.0,75.0,4.514085799999977,-7.84673411,1.6090795935941018,2.033838291496474,2,100.0,"{""counterfactual_A_giveback50_floor1"": 2, ""stale_loss_72h"": 1, ""stop_loss"": 4, ""trailing_stop_loss"": 2}"
3y,A_giveback50_floor1,month,2023-10,4,1.6256366199999768,0.16256366199999767,1.1151994539646195,1.3965723439369604,50.0,0.10289007671428385,-0.19400256881973799,17.75,18.0,35.0,10.437872499999976,-7.3982703,1.5196689186077945,3.3916348894584907,2,100.0,"{""counterfactual_A_giveback50_floor1"": 2, ""stop_loss"": 2}"
3y,A_giveback50_floor1,month,2023-11,4,-26.938137400000002,-2.6938137400000004,0.0,2.693813740000007,0.0,-1.9736359631086962,-2.0921266359383215,27.5,6.5,97.0,-5.10566745,-7.54531354,2.3446778148558662,1.1052352660291747,0,0.0,"{""stop_loss"": 3, ""swing_exit_long_1d"": 1}"
3y,A_giveback50_floor1,month,2023-12,3,-7.19575105000001,-0.719575105000001,0.5005837306568031,1.4408323259999976,33.33333333333333,-0.05469755906016127,-2.097012581701798,4.0,4.0,7.0,7.2125722099999905,-7.21483345,1.974782532873208,2.9580256720215936,1,100.0,"{""counterfactual_A_giveback50_floor1"": 1, ""stop_loss"": 2}"
3y,A_giveback50_floor1,month,2024-01,9,10.126904640000028,1.0126904640000027,1.5323840294693074,0.672809798000003,66.66666666666666,0.35279062787336485,1.5102470265324643,7.666666666666667,9.0,16.0,6.914016050000042,-6.72809798,1.6251236504147855,2.63167723912032,6,88.95666822097222,"{""counterfactual_A_giveback50_floor1"": 6, ""stop_loss"": 3}"
3y,A_giveback50_floor1,month,2024-02,5,87.96751014000003,8.796751014000002,inf,0.0,100.0,5.012797491145617,2.4700934579439284,96.0,40.0,336.0,57.582189599999985,5.4704204399999785,0.4971298816673061,7.644914889434393,5,100.0,"{""counterfactual_A_giveback50_floor1"": 4, ""max_hold_14d"": 1}"
3y,A_giveback50_floor1,month,2024-03,2,17.42097114000004,1.7420971140000043,inf,0.0,100.0,2.1165287088297458,2.1165287088297458,0.5,0.5,1.0,8.912200000000011,8.508771140000032,1.8147274764992982,4.433057417659491,2,100.0,"{""counterfactual_A_giveback50_floor1"": 2}"
3y,A_giveback50_floor1,month,2024-04,7,-16.78122019000001,-1.6781220190000008,0.5011598822873693,2.103463064465687,42.857142857142854,-0.5436133960920938,-2.118623431875916,10.142857142857142,7.0,38.0,8.648539999999974,-9.05807259,2.2944114326449063,2.342079159173286,3,100.0,"{""counterfactual_A_giveback50_floor1"": 3, ""stop_loss"": 3, ""trailing_stop_loss"": 1}"
3y,A_giveback50_floor1,month,2024-05,7,-23.897519170000002,-2.3897519170000003,0.3999667848393232,3.9202518326919003,14.285714285714285,-1.3060485394658843,-2.2643723059352947,42.42857142857143,35.0,73.0,15.929474679999998,-8.96616751,2.9715661924357466,3.121634788644153,1,100.0,"{""counterfactual_A_giveback50_floor1"": 1, ""stale_loss_72h"": 2, ""stop_loss"": 1, ""trailing_stop_loss"": 3}"
3y,A_giveback50_floor1,month,2024-06,18,-60.58933691999996,-6.058933691999996,0.38348922683635245,6.0589336920000045,33.33333333333333,-1.057875013977735,-2.10485229179878,18.555555555555557,14.0,72.0,9.033751650000005,-9.00028322,2.3569505125726344,1.9538615089741698,6,90.32560780306824,"{""counterfactual_A_giveback50_floor1"": 6, ""stop_loss"": 10, ""trailing_stop_loss"": 2}"
3y,A_giveback50_floor1,month,2024-07,8,-3.940304749999949,-0.3940304749999949,0.8463146899939179,2.5212145862335658,62.5,-0.2136447546878356,1.673014550703087,10.125,8.5,17.0,5.918330080000031,-8.67375793,2.436283042421142,2.723987610549007,5,100.0,"{""counterfactual_A_giveback50_floor1"": 5, ""stop_loss"": 2, ""trailing_stop_loss"": 1}"
3y,A_giveback50_floor1,month,2024-08,6,5.598813470000017,0.5598813470000017,1.3098246696462987,1.7736195711842238,66.66666666666666,-0.04504391532915123,1.7216012102262568,16.833333333333332,23.0,27.0,8.104702740000015,-9.15032465,2.190600106487221,3.750874978916449,4,100.0,"{""counterfactual_A_giveback50_floor1"": 4, ""stop_loss"": 2}"
3y,A_giveback50_floor1,month,2024-09,5,33.90957239999995,3.3909572399999948,inf,0.0,100.0,1.7354060968860585,1.7677568165622628,16.2,14.0,27.0,8.911534419999992,5.219675399999974,0.5874783610926535,3.6708121937721225,5,100.0,"{""counterfactual_A_giveback50_floor1"": 5}"
3y,A_giveback50_floor1,month,2024-10,9,-18.18093288999985,-1.8180932889999848,0.6363064809080685,4.974595202716309,44.44444444444444,-0.6824819151524324,-2.117777510719016,28.555555555555557,23.0,58.0,10.74066060000002,-10.28070083,2.452917053977523,2.90837494191301,4,100.0,"{""counterfactual_A_giveback50_floor1"": 4, ""stop_loss"": 4, ""trailing_stop_loss"": 1}"
3y,A_giveback50_floor1,month,2024-11,7,33.92073184000005,3.3920731840000053,2.7967310983914406,1.0136322183932431,71.42857142857143,1.222869420080122,1.7563738276264056,16.571428571428573,6.0,63.0,23.289574139999957,-10.28080009,1.387162876593613,4.350731170323171,5,100.0,"{""counterfactual_A_giveback50_floor1"": 5, ""stop_loss"": 2}"
3y,A_giveback50_floor1,month,2024-12,3,28.289280000000026,2.828928000000003,inf,0.0,100.0,2.4975573944066443,1.642919389978215,11.666666666666666,4.0,30.0,20.395285200000057,3.566893000000003,1.6865441740771605,5.195114788813287,3,100.0,"{""counterfactual_A_giveback50_floor1"": 3}"
3y,A_giveback50_floor1,month,2025-01,8,-11.85573590000001,-1.1855735900000008,0.6997558708112487,2.7904256329999955,50.0,-0.7685848052053253,0.04338010959324201,3.25,3.0,6.0,10.130644859999968,-11.58273025,2.25281023416891,2.0886804753347294,4,100.0,"{""counterfactual_A_giveback50_floor1"": 4, ""stop_loss"": 3, ""trailing_stop_loss"": 1}"
3y,A_giveback50_floor1,month,2025-02,15,84.14262546000008,8.414262546000009,11.296889233174932,0.7994249768558874,93.33333333333333,1.6567878166651915,1.8783512720156463,8.066666666666666,7.0,22.0,10.150236720000022,-8.17165491,0.8903284258591053,3.810196830594184,14,51.093988200907035,"{""counterfactual_A_giveback50_floor1"": 14, ""stop_loss"": 1}"
3y,A_giveback50_floor1,month,2025-03,11,-55.59959315,-5.5599593149999995,0.3969314545205907,6.078183650370655,36.36363636363637,-1.2307332808102986,-2.492033418283945,9.727272727272727,7.0,25.0,18.999519700000004,-14.1650642,2.765877396066514,2.062200041503269,4,100.0,"{""counterfactual_A_giveback50_floor1"": 4, ""stop_loss"": 5, ""trailing_stop_loss"": 2}"
3y,A_giveback50_floor1,month,2025-04,7,-12.214257990000021,-1.2214257990000021,0.7130881769535744,2.894869981241167,57.14285714285714,-0.24517895850244206,1.4125391849529854,13.142857142857142,10.0,24.0,10.343157839999956,-14.75962589,2.182239943447488,2.350013137605564,4,100.0,"{""counterfactual_A_giveback50_floor1"": 4, ""stop_loss"": 3}"
3y,A_giveback50_floor1,month,2025-05,6,-61.46641912,-6.146641912,0.09428829134509488,6.786532461999991,16.666666666666664,-1.7307639958267955,-2.1233935703753146,33.333333333333336,24.5,90.0,6.3989055,-14.82484701,2.528347262113969,2.14729120348827,1,100.0,"{""counterfactual_A_giveback50_floor1"": 1, ""stop_loss"": 5}"
3y,A_giveback50_floor1,month,2025-06,15,-17.174415200000027,-1.7174415200000026,0.8259082213749736,4.058941167,53.333333333333336,-0.15215814516468223,1.4016927042892091,18.533333333333335,9.0,86.0,14.063965750000007,-15.2189362,2.1257964509037164,3.048687762045002,8,75.84165166414792,"{""counterfactual_A_giveback50_floor1"": 8, ""stop_loss"": 5, ""trailing_stop_loss"": 2}"
3y,A_giveback50_floor1,month,2025-07,4,40.559142860000165,4.055914286000017,3.7194007725256855,1.4914735360000009,75.0,1.2616590499055973,2.1068850576735025,37.0,21.0,86.0,28.702969020000108,-14.91473536,1.5639205583498816,4.656447429478841,3,100.0,"{""counterfactual_A_giveback50_floor1"": 3, ""stop_loss"": 1}"
3y,A_giveback50_floor1,month,2025-08,9,17.825293020000082,1.7825293020000081,1.4168289258930493,3.291484962182175,66.66666666666666,0.44927835181389186,1.5181624257199458,26.666666666666668,17.0,78.0,15.155368200000051,-16.10457832,2.398807093296904,3.170221062938846,6,88.65319764236428,"{""counterfactual_A_giveback50_floor1"": 6, ""stop_loss"": 2, ""trailing_stop_loss"": 1}"
3y,A_giveback50_floor1,month,2025-09,8,-19.91429962999986,-1.991429962999986,0.6753352725992541,4.457089530999997,50.0,-0.7281415838715698,-0.32336062321801906,37.5,18.0,177.0,16.767149600000003,-15.90647583,2.48361378456434,2.268895289778586,4,100.0,"{""counterfactual_A_giveback50_floor1"": 4, ""stop_loss"": 3, ""trailing_stop_loss"": 1}"
3y,A_giveback50_floor1,month,2025-10,7,-19.38743977999999,-1.938743977999999,0.7043626210754396,6.34670279928031,42.857142857142854,-0.8185558274865615,-2.0795508426828375,12.857142857142858,13.0,26.0,18.17909939999999,-16.99086285,2.686190392313391,2.650649633770227,3,100.0,"{""counterfactual_A_giveback50_floor1"": 3, ""stop_loss"": 3, ""trailing_stop_loss"": 1}"
3y,A_giveback50_floor1,month,2025-11,13,29.560932309999924,2.956093230999992,1.5781184271416007,3.3326871746067,76.92307692307693,0.47430149563985546,1.4364947369678738,15.692307692307692,10.0,62.0,10.724068899999985,-17.7691815,2.002398399344548,2.9667414416902846,10,59.96957831420904,"{""counterfactual_A_giveback50_floor1"": 10, ""stop_loss"": 3}"
3y,A_giveback50_floor1,month,2025-12,12,47.06484922000002,4.706484922000002,1.605897580103625,5.111863134599832,58.333333333333336,0.5695641885402964,1.5003348855165797,45.25,16.5,336.0,47.152798079999975,-18.4078471,1.8142974142879025,3.122668214484463,7,88.26438365372825,"{""counterfactual_A_giveback50_floor1"": 6, ""max_hold_14d"": 1, ""stop_loss"": 4, ""trailing_stop_loss"": 1}"
3y,A_giveback50_floor1,month,2026-01,12,84.65275179000035,8.465275179000036,3.2305990067445842,1.9129353288233262,83.33333333333334,1.040137730972121,1.6649799056185297,28.833333333333332,10.5,166.0,24.924996630000035,-19.33195112,1.2467432329233727,3.598685751536521,10,63.22349313523902,"{""counterfactual_A_giveback50_floor1"": 10, ""stop_loss"": 1, ""trailing_stop_loss"": 1}"
3y,A_giveback50_floor1,month,2026-02,12,89.85023265,8.985023265,3.065698717776076,4.025018639689526,83.33333333333334,1.2280617128678504,1.9318592128865806,16.583333333333332,12.0,54.0,23.003259099999987,-22.38113319,1.8336969751310395,3.9947986925712065,10,64.59598757429023,"{""counterfactual_A_giveback50_floor1"": 10, ""stop_loss"": 1, ""trailing_stop_loss"": 1}"
3y,A_giveback50_floor1,month,2026-03,9,7.823204649999836,0.7823204649999835,1.1170926870983646,4.3146682447446425,66.66666666666666,0.11142225203467022,1.5795682124849049,22.11111111111111,23.0,41.0,14.790223599999914,-22.51784396,1.6978166949228872,2.978438158433837,6,87.44509867193781,"{""counterfactual_A_giveback50_floor1"": 6, ""stop_loss"": 3}"
3y,A_giveback50_floor1,month,2026-04,4,-29.960305760000104,-2.9960305760000105,0.5112909386668579,4.100655678875717,25.0,-1.3437573499321833,-2.2522245379966015,31.0,24.0,64.0,31.344687599999894,-22.25873017,2.630002484604458,2.480630145074981,1,100.0,"{""counterfactual_A_giveback50_floor1"": 1, ""stop_loss"": 2, ""trailing_stop_loss"": 1}"
3y,A_giveback50_floor1,month,2026-05,4,14.78968526000004,1.4789685260000038,1.4230797533838133,1.9401234542007892,50.0,-0.2084675375208399,0.15707471043872467,27.75,18.0,63.0,27.81395463000005,-19.52740337,2.598599894332353,2.912688347903087,2,100.0,"{""counterfactual_A_giveback50_floor1"": 2, ""trailing_stop_loss"": 2}"
3y,A_giveback50_floor1,month,2026-06,12,-35.16300941000005,-3.516300941000005,0.6866835243187762,9.398918211351031,50.0,-0.21745894849822014,0.23602309163751783,21.5,12.5,73.0,16.340776200000008,-23.48846993,2.487478658601844,2.9295302187748544,6,89.66414007039386,"{""counterfactual_A_giveback50_floor1"": 6, ""stale_loss_72h"": 1, ""stop_loss"": 4, ""trailing_stop_loss"": 1}"
3y,A_giveback50_floor1,market_period,pressure_202603_202605,17,-7.347415850000228,-0.7347415850000228,0.9549443573902245,5.582886474568216,52.94117647058824,-0.3062411342058859,1.4873015873015885,25.529411764705884,23.0,64.0,31.344687599999894,-22.51784396,2.1291035158854843,2.845836317518635,9,70.4154102835633,"{""counterfactual_A_giveback50_floor1"": 9, ""stop_loss"": 5, ""trailing_stop_loss"": 3}"
3y,A_giveback50_floor1,market_period,strong_202601_202602,24,174.50298444000035,17.450298444000033,3.1425349478230644,3.732623008799295,83.33333333333334,1.1340997219199855,1.8002726881158297,22.708333333333332,11.5,166.0,24.924996630000035,-22.38113319,1.540220104027206,3.796742222053864,20,39.31819072815328,"{""counterfactual_A_giveback50_floor1"": 20, ""stop_loss"": 2, ""trailing_stop_loss"": 2}"
3y,A_giveback50_floor1,market_period,repair_202606,12,-35.16300941000005,-3.516300941000005,0.6866835243187762,9.398918211351031,50.0,-0.21745894849822014,0.23602309163751783,21.5,12.5,73.0,16.340776200000008,-23.48846993,2.487478658601844,2.9295302187748544,6,89.66414007039386,"{""counterfactual_A_giveback50_floor1"": 6, ""stale_loss_72h"": 1, ""stop_loss"": 4, ""trailing_stop_loss"": 1}"
3y,B_giveback60_floor1.5,all,all,291,1313.7811683900002,131.37811683900003,1.7269957173335053,12.966785382223666,44.329896907216494,0.7427768537253102,-1.1497042202794163,44.934707903780065,24.0,336.0,272.33932980000003,-23.48846993,2.2217740705398734,5.662743205644245,127,29.042587764283333,"{""counterfactual_B_giveback60_floor1.5"": 116, ""force_exit"": 1, ""max_hold_14d"": 11, ""stale_flat_120h"": 1, ""stale_loss_72h"": 17, ""stop_loss"": 110, ""swing_exit_long_1d"": 3, ""trailing_stop_loss"": 32}"
3y,B_giveback60_floor1.5,entry_tag,long_1d_center_compression,47,305.15675952000015,30.515675952000016,2.117842988225918,7.071213927472615,44.680851063829785,1.2629728886440488,-1.544169535874263,68.63829787234043,20.0,336.0,76.00517899999996,-19.22016428,1.5958894510545605,5.34303648038754,21,52.4984663212708,"{""counterfactual_B_giveback60_floor1.5"": 16, ""max_hold_14d"": 5, ""stop_loss"": 23, ""swing_exit_long_1d"": 3}"
3y,B_giveback60_floor1.5,entry_tag,short_compression_breakdown,78,136.4622653300002,13.646226533000021,1.2964270452125832,9.643662591504569,44.871794871794876,0.4121753941892381,-0.4023993798349982,35.52564102564103,25.0,336.0,98.0099889,-22.51784396,2.4338545121926596,5.477932079520031,34,39.71271317887082,"{""counterfactual_B_giveback60_floor1.5"": 33, ""force_exit"": 1, ""max_hold_14d"": 1, ""stale_loss_72h"": 7, ""stop_loss"": 22, ""trailing_stop_loss"": 14}"
3y,B_giveback60_floor1.5,entry_tag,short_pullback_restart,166,872.1621435399999,87.21621435399999,1.8122253655274476,19.59829977447603,43.97590361445783,0.7508352886809302,-1.2092615500294674,42.644578313253014,24.0,336.0,272.33932980000003,-23.48846993,2.2993301107018755,5.840101542540353,72,46.57843176066575,"{""counterfactual_B_giveback60_floor1.5"": 67, ""max_hold_14d"": 5, ""stale_flat_120h"": 1, ""stale_loss_72h"": 10, ""stop_loss"": 65, ""trailing_stop_loss"": 18}"
3y,B_giveback60_floor1.5,pair,ADA/USDT:USDT,32,561.49816642,56.149816642,4.634603413114058,2.9038157779783953,53.125,2.860694695559501,1.6904033427982954,58.78125,21.5,336.0,272.33932980000003,-22.25873017,2.0749193811587014,7.9040407875625665,16,80.42243945385027,"{""counterfactual_B_giveback60_floor1.5"": 13, ""force_exit"": 1, ""max_hold_14d"": 3, ""stale_loss_72h"": 2, ""stop_loss"": 9, ""trailing_stop_loss"": 4}"
3y,B_giveback60_floor1.5,pair,BNB/USDT:USDT,19,264.71384562000003,26.471384562000004,3.3593736717936835,4.731712703400985,57.89473684210527,3.180069407755231,2.185872252852735,71.47368421052632,41.0,336.0,146.58920570000006,-22.48258298,1.797622022529629,8.569451125777006,11,80.39746693120564,"{""counterfactual_B_giveback60_floor1.5"": 9, ""max_hold_14d"": 2, ""stop_loss"": 7, ""swing_exit_long_1d"": 1}"
3y,B_giveback60_floor1.5,pair,BTC/USDT:USDT,37,13.025549599999964,1.3025549599999964,1.0558262245837706,7.480478973306762,40.54054054054054,0.3042912502537974,-1.5077925834035404,45.270270270270274,23.0,336.0,57.582189599999985,-23.4204542,1.8357377813103777,4.477172724873125,14,64.24936196100747,"{""counterfactual_B_giveback60_floor1.5"": 13, ""max_hold_14d"": 1, ""stale_flat_120h"": 1, ""stale_loss_72h"": 1, ""stop_loss"": 14, ""swing_exit_long_1d"": 2, ""trailing_stop_loss"": 5}"
3y,B_giveback60_floor1.5,pair,DOGE/USDT:USDT,20,8.517938130000127,0.8517938130000128,1.0679863165208812,4.79289869002087,45.0,0.25607228056971976,-1.088512229400935,28.85,20.0,167.0,38.83546871999998,-23.11526256,2.2798791289211624,5.59192198697889,9,74.50470472688376,"{""counterfactual_B_giveback60_floor1.5"": 9, ""stale_loss_72h"": 1, ""stop_loss"": 9, ""trailing_stop_loss"": 1}"
3y,B_giveback60_floor1.5,pair,ETH/USDT:USDT,30,144.11176191000015,14.411176191000017,1.9134953097558969,4.002953945953687,43.333333333333336,0.8955244034463847,-0.4152173299256356,38.666666666666664,23.0,245.0,64.11068280000003,-21.11515786,1.8227250998041773,6.268432204724307,13,69.00824797673751,"{""counterfactual_B_giveback60_floor1.5"": 13, ""stale_loss_72h"": 5, ""stop_loss"": 7, ""trailing_stop_loss"": 5}"
3y,B_giveback60_floor1.5,pair,LINK/USDT:USDT,20,-79.32108386000003,-7.932108386000003,0.49796368361887045,7.932108385999993,30.0,-1.0603318944060875,-2.37820286210962,32.3,26.5,157.0,33.639364799999996,-23.48846993,3.313968306506428,3.852557791058712,6,92.91332853916742,"{""counterfactual_B_giveback60_floor1.5"": 6, ""stale_loss_72h"": 1, ""stop_loss"": 9, ""trailing_stop_loss"": 4}"
3y,B_giveback60_floor1.5,pair,NEAR/USDT:USDT,23,-86.83070470000003,-8.683070470000002,0.5466660098989619,8.809335755828945,34.78260869565217,-1.1388738683938395,-3.199821744734933,24.304347826086957,23.0,107.0,23.282457000000022,-19.82609891,2.909766284037794,4.374913020290671,8,75.5664037182036,"{""counterfactual_B_giveback60_floor1.5"": 8, ""stop_loss"": 11, ""trailing_stop_loss"": 4}"
3y,B_giveback60_floor1.5,pair,PAXG/USDT:USDT,5,117.36947196000007,11.736947196000006,4.933963198499947,1.5720341602551444,60.0,2.834932417073266,5.709105431309905,235.8,336.0,336.0,58.66583052000008,-16.15590109,1.4410567522652138,4.697952575691012,3,100.0,"{""max_hold_14d"": 3, ""stop_loss"": 2}"
3y,B_giveback60_floor1.5,pair,SOL/USDT:USDT,25,154.62665897000002,15.462665897000003,1.859576916840491,4.556270444766406,44.0,0.7857855629654201,-1.4726264836892875,41.56,21.0,336.0,168.1756512,-22.51784396,2.334400126387771,6.057574703157259,11,88.3365698639616,"{""counterfactual_B_giveback60_floor1.5"": 10, ""max_hold_14d"": 1, ""stale_loss_72h"": 1, ""stop_loss"": 11, ""trailing_stop_loss"": 2}"
3y,B_giveback60_floor1.5,pair,SUI/USDT:USDT,19,-34.010030479999955,-3.4010030479999953,0.7145160095906848,4.0313423554041306,42.10526315789473,-0.4457015101446282,-2.146291834938216,24.42105263157895,15.0,73.0,23.314648739999996,-22.17036223,2.4403318880192764,4.32460295293282,8,75.63240550603273,"{""counterfactual_B_giveback60_floor1.5"": 8, ""stale_loss_72h"": 1, ""stop_loss"": 7, ""trailing_stop_loss"": 3}"
3y,B_giveback60_floor1.5,pair,TAO/USDT:USDT,12,171.92469744999997,17.192469744999997,3.4226207784295277,2.106237635439601,58.333333333333336,2.7260762798473013,2.136883269730871,48.583333333333336,18.5,336.0,177.43605795,-21.48366959,2.7384112774507923,7.001258458832014,7,94.83964905347759,"{""counterfactual_B_giveback60_floor1.5"": 6, ""max_hold_14d"": 1, ""stop_loss"": 3, ""trailing_stop_loss"": 2}"
3y,B_giveback60_floor1.5,pair,XRP/USDT:USDT,36,-0.10268416000000802,-0.010268416000000802,0.9995556547629819,6.716921966000007,36.11111111111111,-0.3508418428621094,-1.5555100450389454,35.333333333333336,31.5,90.0,31.115090240000086,-22.44004946,2.14744350705347,4.135381295515725,13,52.310803167436504,"{""counterfactual_B_giveback60_floor1.5"": 13, ""stale_loss_72h"": 3, ""stop_loss"": 19, ""trailing_stop_loss"": 1}"
3y,B_giveback60_floor1.5,pair,ZEC/USDT:USDT,13,78.25758153000004,7.825758153000003,2.7934118004531485,3.1433179313648663,61.53846153846154,1.7619782179946084,3.06959483685909,52.53846153846154,39.0,233.0,32.06348441999998,-19.33195112,1.7290690293238724,7.607925350275178,8,83.80187688384103,"{""counterfactual_B_giveback60_floor1.5"": 8, ""stale_loss_72h"": 2, ""stop_loss"": 2, ""trailing_stop_loss"": 1}"
3y,B_giveback60_floor1.5,side,long,47,305.15675952000015,30.515675952000016,2.117842988225918,7.071213927472615,44.680851063829785,1.2629728886440488,-1.544169535874263,68.63829787234043,20.0,336.0,76.00517899999996,-19.22016428,1.5958894510545605,5.34303648038754,21,52.4984663212708,"{""counterfactual_B_giveback60_floor1.5"": 16, ""max_hold_14d"": 5, ""stop_loss"": 23, ""swing_exit_long_1d"": 3}"
3y,B_giveback60_floor1.5,side,short,244,1008.6244088700001,100.862440887,1.6574482424933175,16.54460858791381,44.26229508196721,0.6425751584745696,-0.982787002990207,40.368852459016395,24.0,336.0,272.33932980000003,-23.48846993,2.342333812817782,5.724326058460085,106,35.64592346641573,"{""counterfactual_B_giveback60_floor1.5"": 100, ""force_exit"": 1, ""max_hold_14d"": 6, ""stale_flat_120h"": 1, ""stale_loss_72h"": 17, ""stop_loss"": 87, ""trailing_stop_loss"": 32}"
3y,B_giveback60_floor1.5,month,2023-08,17,-19.920986729999953,-1.9920986729999954,0.7154386057260846,4.113081364000005,23.52941176470588,-0.43118111320587615,-1.451761973238025,42.64705882352941,34.0,108.0,19.245967919999995,-8.04651781,1.8071052085967483,4.568044601647498,4,100.0,"{""counterfactual_B_giveback60_floor1.5"": 4, ""stale_loss_72h"": 4, ""stop_loss"": 8, ""trailing_stop_loss"": 1}"
3y,B_giveback60_floor1.5,month,2023-09,9,-42.39026643,-4.239026643,0.0,4.2390266430000105,0.0,-1.5553386223306822,-1.4516404810934107,43.666666666666664,43.0,75.0,-0.32414622,-7.84673411,2.36686480228571,2.1074218087885996,0,0.0,"{""stale_loss_72h"": 2, ""stop_loss"": 4, ""trailing_stop_loss"": 3}"
3y,B_giveback60_floor1.5,month,2023-10,4,2.754361619999937,0.2754361619999937,1.1951856588006131,1.3995437351209956,50.0,0.16446799910432175,0.3009481477552063,18.75,20.0,35.0,8.57325999999994,-7.3982703,1.5196689186077945,4.223103716936268,2,100.0,"{""counterfactual_B_giveback60_floor1.5"": 2, ""stop_loss"": 2}"
3y,B_giveback60_floor1.5,month,2023-11,4,-26.938137400000002,-2.6938137400000004,0.0,2.693813740000007,0.0,-1.9736359631086962,-2.0921266359383215,27.5,6.5,97.0,-5.10566745,-7.54531354,2.3446778148558662,1.1052352660291747,0,0.0,"{""stop_loss"": 3, ""swing_exit_long_1d"": 1}"
3y,B_giveback60_floor1.5,month,2023-12,3,-8.67396104999999,-0.867396104999999,0.3979895582936838,1.4408323259999976,33.33333333333333,-0.330774860704618,-2.097012581701798,4.0,4.0,7.0,5.73436221000001,-7.21483345,1.974782532873208,2.9580256720215936,1,100.0,"{""counterfactual_B_giveback60_floor1.5"": 1, ""stop_loss"": 2}"
3y,B_giveback60_floor1.5,month,2024-01,9,21.79293799,2.179293799,1.8815505259923127,1.309522198000002,55.55555555555556,1.004593173803154,2.05919487648674,29.88888888888889,19.0,107.0,16.445996999999995,-6.72809798,1.8332656767386297,5.7625745311446455,5,100.0,"{""counterfactual_B_giveback60_floor1.5"": 5, ""stop_loss"": 4}"
3y,B_giveback60_floor1.5,month,2024-02,5,162.55142613999993,16.255142613999993,inf,0.0,100.0,9.17149622729883,4.2364485981308455,152.2,66.0,336.0,76.00517899999996,7.633456440000021,0.4971298816673061,12.851668756510673,5,100.0,"{""counterfactual_B_giveback60_floor1.5"": 3, ""max_hold_14d"": 2}"
3y,B_giveback60_floor1.5,month,2024-03,2,5.024113419999988,0.5024113419999988,1.566698365039258,0.8744133193186608,50.0,0.6194814283753947,0.6194814283753947,7.0,7.0,14.0,13.889699999999989,-8.86558658,1.8147274764992982,6.5175078198042575,1,100.0,"{""counterfactual_B_giveback60_floor1.5"": 1, ""stop_loss"": 1}"
3y,B_giveback60_floor1.5,month,2024-04,6,-28.73606259000002,-2.873606259000002,0.19283222991886495,2.873606258999996,16.666666666666664,-1.4916774392927783,-2.188760582310411,16.5,6.5,73.0,6.865039999999978,-9.05807259,2.553701605870377,2.2200146921572137,1,100.0,"{""counterfactual_B_giveback60_floor1.5"": 1, ""stale_loss_72h"": 1, ""stop_loss"": 3, ""trailing_stop_loss"": 1}"
3y,B_giveback60_floor1.5,month,2024-05,8,-36.07186204000002,-3.6071862040000022,0.2601269080994305,4.814355174302099,12.5,-1.7729197434852664,-2.5424651294030842,41.375,34.5,73.0,12.682258679999983,-8.96616751,3.1092040678123016,3.3228658563143822,1,100.0,"{""counterfactual_B_giveback60_floor1.5"": 1, ""stale_loss_72h"": 2, ""stop_loss"": 2, ""trailing_stop_loss"": 3}"
3y,B_giveback60_floor1.5,month,2024-06,18,-69.35856957999998,-6.935856957999997,0.36133592675460063,7.1667846545071425,16.666666666666664,-1.3013994245341325,-2.10485229179878,31.11111111111111,16.5,90.0,23.503666800000037,-9.00028322,2.5905035244815253,2.8657561922129537,3,100.0,"{""counterfactual_B_giveback60_floor1.5"": 3, ""stale_loss_72h"": 2, ""stop_loss"": 11, ""trailing_stop_loss"": 2}"
3y,B_giveback60_floor1.5,month,2024-07,7,6.79098996000001,0.679098996000001,1.2648717455802894,2.483344285584287,57.14285714285714,0.5761620128053211,2.3205289412516934,17.571428571428573,13.0,46.0,11.001764400000008,-8.67375793,2.5793690991089786,5.8526295026363915,4,100.0,"{""counterfactual_B_giveback60_floor1.5"": 4, ""stop_loss"": 2, ""trailing_stop_loss"": 1}"
3y,B_giveback60_floor1.5,month,2024-08,6,33.788962160000025,3.3788962160000025,2.8697986805610207,1.7179958739947834,66.66666666666666,1.5808677652791903,2.2991324280478143,34.166666666666664,28.0,56.0,32.04711000000001,-9.15032465,2.2683160348420923,8.598307193678906,4,100.0,"{""counterfactual_B_giveback60_floor1.5"": 4, ""stop_loss"": 2}"
3y,B_giveback60_floor1.5,month,2024-09,6,91.34701899999999,9.1347019,inf,0.0,100.0,4.113378604557654,3.2164208917186246,95.0,65.5,233.0,32.06348441999998,9.309869800000019,0.6509628134900547,10.533446511394134,6,89.80823906251388,"{""counterfactual_B_giveback60_floor1.5"": 6}"
3y,B_giveback60_floor1.5,month,2024-10,9,-2.515094889999908,-0.25150948899999076,0.9496877461168491,4.96350610104068,44.44444444444444,-0.22829563654005375,-2.117777510719016,34.333333333333336,25.0,63.0,18.414075120000014,-10.28070083,2.452917053977523,4.5347902119716474,4,100.0,"{""counterfactual_B_giveback60_floor1.5"": 4, ""stop_loss"": 4, ""trailing_stop_loss"": 1}"
3y,B_giveback60_floor1.5,month,2024-11,7,13.817695030000051,1.381769503000005,1.4773378879249766,1.8079314862603335,57.14285714285714,0.6117846177660967,2.185872252852735,19.142857142857142,13.0,63.0,18.538096140000047,-10.28080009,1.387162876593613,5.04826332379593,4,100.0,"{""counterfactual_B_giveback60_floor1.5"": 4, ""stop_loss"": 3}"
3y,B_giveback60_floor1.5,month,2024-12,2,22.489197000000036,2.2489197000000036,inf,0.0,100.0,2.828551963472356,2.828551963472356,4.0,4.0,7.0,16.221625200000027,6.26757180000001,1.034470648123071,7.321379908680882,2,100.0,"{""counterfactual_B_giveback60_floor1.5"": 2}"
3y,B_giveback60_floor1.5,month,2025-01,9,-22.28347294000002,-2.228347294000002,0.6345919144503537,3.8007851340000003,33.33333333333333,-1.072425584010052,-2.5485540357887193,19.444444444444443,6.0,54.0,17.197400039999994,-11.58273025,2.715417152335612,4.058822511850992,3,100.0,"{""counterfactual_B_giveback60_floor1.5"": 3, ""stop_loss"": 3, ""trailing_stop_loss"": 3}"
3y,B_giveback60_floor1.5,month,2025-02,13,94.23791295999997,9.423791295999997,5.358567475550327,1.8636758015822283,76.92307692307693,2.141240052590172,2.1618473895582295,26.846153846153847,24.0,73.0,44.28008200000001,-11.64792486,1.4835229375544292,7.576051417685444,10,72.29863130779768,"{""counterfactual_B_giveback60_floor1.5"": 10, ""stale_loss_72h"": 1, ""stop_loss"": 2}"
3y,B_giveback60_floor1.5,month,2025-03,13,38.55635437,3.8556354370000006,1.418206739142381,4.977299603297035,46.15384615384615,0.8952261144533109,-1.9138813239221835,39.15384615384615,23.0,167.0,38.83546871999998,-14.1650642,2.4430990458668265,6.955141865007049,6,90.40065181147054,"{""counterfactual_B_giveback60_floor1.5"": 6, ""stop_loss"": 5, ""trailing_stop_loss"": 2}"
3y,B_giveback60_floor1.5,month,2025-04,7,63.07389950000008,6.307389950000008,2.1765982347606276,3.668420414863518,42.857142857142854,1.8839966848830885,-2.1711180785981643,33.42857142857143,26.0,100.0,57.850311840000046,-14.75962589,2.812745943635438,9.861983553102771,3,100.0,"{""counterfactual_B_giveback60_floor1.5"": 3, ""stop_loss"": 3, ""trailing_stop_loss"": 1}"
3y,B_giveback60_floor1.5,month,2025-05,5,-67.86532462,-6.786532462,0.0,6.786532461999991,0.0,-2.403955122518287,-2.1450386898922007,37.8,36.0,90.0,-11.76171956,-14.82484701,2.549928445082637,1.8826727891336592,0,0.0,"{""stop_loss"": 5}"
3y,B_giveback60_floor1.5,month,2025-06,16,-26.33619868999997,-2.6336198689999972,0.7742478790934479,4.367852915000004,43.75,-0.4646661985441932,-1.4294317556230713,25.25,17.0,86.0,23.314648739999996,-15.2189362,2.4253510661546964,4.010811786391743,7,78.10957674328091,"{""counterfactual_B_giveback60_floor1.5"": 7, ""stale_loss_72h"": 1, ""stop_loss"": 5, ""trailing_stop_loss"": 3}"
3y,B_giveback60_floor1.5,month,2025-07,4,15.735698030000098,1.5735698030000098,1.7303302901038133,1.4914735360000009,50.0,0.24308492752992428,0.5082794242695272,41.5,21.0,104.0,22.828419020000087,-14.91473536,1.7267502246765618,4.656447429478841,2,100.0,"{""counterfactual_B_giveback60_floor1.5"": 2, ""stop_loss"": 1, ""swing_exit_long_1d"": 1}"
3y,B_giveback60_floor1.5,month,2025-08,6,-5.088143959999966,-0.5088143959999967,0.9264706614514288,4.121271751757275,16.666666666666664,-0.5819633579827739,-1.8768286505288816,71.0,24.0,245.0,64.11068280000003,-16.10457832,3.6538412771281816,6.1141762887377995,1,100.0,"{""counterfactual_B_giveback60_floor1.5"": 1, ""stop_loss"": 3, ""swing_exit_long_1d"": 1, ""trailing_stop_loss"": 1}"
3y,B_giveback60_floor1.5,month,2025-09,10,14.130772150000027,1.4130772150000028,1.2303753269399733,4.456298936849514,60.0,0.19367035659279827,1.107059257134509,52.8,41.5,121.0,31.6633896,-15.90647583,2.3660965960124205,4.50567985194453,5,99.3665770862422,"{""counterfactual_B_giveback60_floor1.5"": 5, ""stale_flat_120h"": 1, ""stop_loss"": 3, ""trailing_stop_loss"": 1}"
3y,B_giveback60_floor1.5,month,2025-10,8,39.49737221999998,3.9497372219999978,1.6022919854314328,6.033530010806986,50.0,0.36624080489743394,-0.039826296299027564,55.0,17.5,336.0,41.385762000000014,-16.99086285,2.463269362177305,4.467553123324498,4,100.0,"{""counterfactual_B_giveback60_floor1.5"": 3, ""max_hold_14d"": 1, ""stop_loss"": 3, ""trailing_stop_loss"": 1}"
3y,B_giveback60_floor1.5,month,2025-11,12,54.87977240999993,5.487977240999993,1.5426758674813266,4.923318857361624,50.0,1.5955910659601371,-0.09841706018672836,49.583333333333336,18.0,336.0,98.0099889,-17.7691815,2.650103270223461,6.781539168069279,6,94.85657785212892,"{""counterfactual_B_giveback60_floor1.5"": 5, ""max_hold_14d"": 1, ""stop_loss"": 6}"
3y,B_giveback60_floor1.5,month,2025-12,13,24.025816620000022,2.402581662000002,1.2080522781973815,6.89004273407047,46.15384615384615,0.243534682964806,-1.4136308431383535,54.15384615384615,33.0,336.0,47.152798079999975,-18.97823107,2.1213975636454934,4.293761118643027,6,93.14952369651289,"{""counterfactual_B_giveback60_floor1.5"": 5, ""max_hold_14d"": 1, ""stop_loss"": 6, ""trailing_stop_loss"": 1}"
3y,B_giveback60_floor1.5,month,2026-01,9,80.95151016000014,8.095151016000015,2.4345968058434435,3.6049617620816674,66.66666666666666,0.8940800623855356,2.040239466401957,64.33333333333333,28.0,336.0,58.66583052000008,-19.33195112,1.7979303528302613,4.82610061104841,6,93.61882397150988,"{""counterfactual_B_giveback60_floor1.5"": 5, ""max_hold_14d"": 1, ""stop_loss"": 1, ""trailing_stop_loss"": 2}"
3y,B_giveback60_floor1.5,month,2026-02,15,600.3286415299998,60.03286415299998,10.172339765410213,2.731429129963721,73.33333333333333,7.327820372128597,2.272757231783224,95.13333333333334,35.0,336.0,177.43605795,-22.38113319,1.9462764954334264,13.938175280453358,11,86.18647758508169,"{""counterfactual_B_giveback60_floor1.5"": 8, ""max_hold_14d"": 3, ""stale_loss_72h"": 1, ""stop_loss"": 2, ""trailing_stop_loss"": 1}"
3y,B_giveback60_floor1.5,month,2026-03,9,-35.18576067000003,-3.5185760670000032,0.686412004878068,10.841123082255768,33.33333333333333,-0.6043369818404818,-2.7242796990634597,51.55555555555556,41.0,90.0,27.885899999999946,-22.51784396,2.1540586627970337,5.027380768247165,3,100.0,"{""counterfactual_B_giveback60_floor1.5"": 3, ""stale_loss_72h"": 1, ""stop_loss"": 5}"
3y,B_giveback60_floor1.5,month,2026-04,4,-36.42365576000002,-3.6423655760000013,0.40586151692228134,4.127026341762472,25.0,-1.5099851044467059,-2.2522245379966015,34.25,24.0,77.0,24.881337599999984,-22.25873017,2.630002484604458,2.480630145074981,1,100.0,"{""counterfactual_B_giveback60_floor1.5"": 1, ""stop_loss"": 2, ""trailing_stop_loss"": 1}"
3y,B_giveback60_floor1.5,month,2026-05,4,-13.220091689999926,-1.3220091689999924,0.6252855776027963,3.5280445320000013,25.0,-0.9382813344463672,-1.0010173890128058,40.75,38.5,74.0,22.060353630000073,-19.52740337,2.707063751968944,2.912688347903087,1,100.0,"{""counterfactual_B_giveback60_floor1.5"": 1, ""stale_loss_72h"": 1, ""trailing_stop_loss"": 2}"
3y,B_giveback60_floor1.5,month,2026-06,12,369.01430516,36.901430516,4.288065029377322,9.715931209886968,50.0,3.257878043777719,0.07837086864376291,74.08333333333333,13.5,336.0,272.33932980000003,-23.48846993,2.487478658601844,7.763638432654472,5,98.73504177877135,"{""counterfactual_B_giveback60_floor1.5"": 3, ""force_exit"": 1, ""max_hold_14d"": 2, ""stale_loss_72h"": 1, ""stop_loss"": 4, ""trailing_stop_loss"": 1}"
3y,B_giveback60_floor1.5,market_period,pressure_202603_202605,17,-84.82950811999997,-8.482950811999997,0.5937074445938221,13.102662008917351,29.411764705882355,-0.8960057995374487,-2.078238929345367,44.94117647058823,39.0,90.0,27.885899999999946,-22.51784396,2.3961642889098185,3.930570640360986,5,100.0,"{""counterfactual_B_giveback60_floor1.5"": 5, ""stale_loss_72h"": 2, ""stop_loss"": 7, ""trailing_stop_loss"": 3}"
3y,B_giveback60_floor1.5,market_period,strong_202601_202602,24,681.28015169,68.128015169,6.589855763938858,3.6049617620816674,70.83333333333334,4.915167755974949,2.217644294944259,83.58333333333333,31.5,336.0,177.43605795,-22.38113319,1.8906466919572396,10.521147279426502,17,73.00793504938848,"{""counterfactual_B_giveback60_floor1.5"": 13, ""max_hold_14d"": 4, ""stale_loss_72h"": 1, ""stop_loss"": 3, ""trailing_stop_loss"": 3}"
3y,B_giveback60_floor1.5,market_period,repair_202606,12,369.01430516,36.901430516,4.288065029377322,9.715931209886968,50.0,3.257878043777719,0.07837086864376291,74.08333333333333,13.5,336.0,272.33932980000003,-23.48846993,2.487478658601844,7.763638432654472,5,98.73504177877135,"{""counterfactual_B_giveback60_floor1.5"": 3, ""force_exit"": 1, ""max_hold_14d"": 2, ""stale_loss_72h"": 1, ""stop_loss"": 4, ""trailing_stop_loss"": 1}"
3y,C_giveback70_floor2,all,all,291,1547.1233399999999,154.712334,1.798930828766113,14.026591920225032,37.80068728522337,0.9713919390256818,-1.4726264836892875,71.7147766323024,39.0,429.0,272.33932980000003,-23.48846993,2.4627072086695176,7.550724917250209,98,27.626138363345415,"{""counterfactual_C_giveback70_floor2"": 82, ""force_exit"": 1, ""max_hold_14d"": 16, ""roi"": 1, ""stale_flat_120h"": 8, ""stale_loss_72h"": 28, ""stale_low_profit_240h"": 1, ""stop_loss"": 116, ""swing_exit_long_1d"": 5, ""trailing_stop_loss"": 33}"
3y,C_giveback70_floor2,entry_tag,long_1d_center_compression,47,372.25452523999996,37.225452524,2.2248179057922695,7.744750486094025,38.297872340425535,1.7087648580695902,-2.078238929345367,105.08510638297872,36.0,429.0,122.5153181,-19.22016428,2.5301969087067824,7.004210162160047,16,58.27222366289829,"{""counterfactual_C_giveback70_floor2"": 11, ""max_hold_14d"": 5, ""roi"": 1, ""stop_loss"": 25, ""swing_exit_long_1d"": 5}"
3y,C_giveback70_floor2,entry_tag,short_compression_breakdown,78,316.3993457,31.63993457,1.6330938799049637,10.655060381804363,37.17948717948718,0.8955481836991143,-0.9179548589748721,64.5,47.5,336.0,197.84821200000002,-22.51784396,2.5152554990506197,8.090003671483677,26,57.9701233320104,"{""counterfactual_C_giveback70_floor2"": 22, ""force_exit"": 1, ""max_hold_14d"": 4, ""stale_flat_120h"": 2, ""stale_loss_72h"": 12, ""stop_loss"": 22, ""trailing_stop_loss"": 15}"
3y,C_giveback70_floor2,entry_tag,short_pullback_restart,166,858.4694690599999,85.846946906,1.7578303986882502,21.151367463694033,37.95180722891566,0.7982551060160948,-1.432635662115882,65.6566265060241,37.5,336.0,272.33932980000003,-23.48846993,2.4189073137810997,7.452064981461216,56,45.518500634692096,"{""counterfactual_C_giveback70_floor2"": 49, ""max_hold_14d"": 7, ""stale_flat_120h"": 6, ""stale_loss_72h"": 16, ""stale_low_profit_240h"": 1, ""stop_loss"": 69, ""trailing_stop_loss"": 18}"
3y,C_giveback70_floor2,pair,ADA/USDT:USDT,32,446.8111352000001,44.68111352000001,3.389299286472797,5.480399977765335,37.5,2.115040503316518,-0.5400478190258101,70.96875,36.5,336.0,272.33932980000003,-22.25873017,2.292910773015798,8.526611566189873,11,87.9924586989926,"{""counterfactual_C_giveback70_floor2"": 8, ""force_exit"": 1, ""max_hold_14d"": 3, ""stale_loss_72h"": 5, ""stop_loss"": 10, ""trailing_stop_loss"": 5}"
3y,C_giveback70_floor2,pair,BNB/USDT:USDT,19,218.01649869999997,21.80164987,2.668690104548418,7.186890519011882,47.368421052631575,2.5358658036647497,-1.1497042202794163,102.15789473684211,63.0,336.0,146.58920570000006,-22.48258298,3.383817328777465,9.908430521754898,7,90.97957997326569,"{""counterfactual_C_giveback70_floor2"": 5, ""max_hold_14d"": 2, ""stale_flat_120h"": 2, ""stale_loss_72h"": 1, ""stop_loss"": 8, ""swing_exit_long_1d"": 1}"
3y,C_giveback70_floor2,pair,BTC/USDT:USDT,37,299.7831065200001,29.97831065200001,2.2563399857275863,6.711548702876223,35.13513513513514,1.5547061617883817,-1.5077925834035404,88.56756756756756,51.0,336.0,197.84821200000002,-23.4204542,1.8811742209096776,6.314560763522308,11,85.19154936138762,"{""counterfactual_C_giveback70_floor2"": 6, ""max_hold_14d"": 5, ""stale_flat_120h"": 2, ""stale_loss_72h"": 2, ""stop_loss"": 14, ""swing_exit_long_1d"": 3, ""trailing_stop_loss"": 5}"
3y,C_giveback70_floor2,pair,DOGE/USDT:USDT,20,25.434293540000013,2.5434293540000015,1.1971314221026517,5.4023119600829155,40.0,0.777294842390756,-1.1482851964274063,49.65,37.5,168.0,29.02698072000001,-23.11526256,2.301524418319971,9.258826933525986,8,74.50252717989062,"{""counterfactual_C_giveback70_floor2"": 8, ""stale_loss_72h"": 2, ""stop_loss"": 9, ""trailing_stop_loss"": 1}"
3y,C_giveback70_floor2,pair,ETH/USDT:USDT,30,147.57916579999997,14.757916579999996,1.841727439274543,4.376313695220623,36.666666666666664,0.8160009380356663,-0.9439456999549072,66.56666666666666,45.0,336.0,94.83683020999997,-21.11515786,2.008151116729595,7.769705887714772,11,74.2949960087697,"{""counterfactual_C_giveback70_floor2"": 10, ""max_hold_14d"": 1, ""stale_loss_72h"": 5, ""stop_loss"": 9, ""trailing_stop_loss"": 5}"
3y,C_giveback70_floor2,pair,LINK/USDT:USDT,20,-34.683063859999955,-3.468306385999995,0.7804851273613718,4.312134941406215,30.0,-0.19186729555913878,-2.37820286210962,52.9,34.5,336.0,49.30734773999999,-23.48846993,3.313968306506428,6.302468572503082,6,94.74156536989192,"{""counterfactual_C_giveback70_floor2"": 5, ""max_hold_14d"": 1, ""stale_loss_72h"": 1, ""stop_loss"": 9, ""trailing_stop_loss"": 4}"
3y,C_giveback70_floor2,pair,NEAR/USDT:USDT,23,39.28439529999995,3.928439529999995,1.2050997021340013,8.525402679000013,34.78260869565217,0.0005312742592568329,-3.199821744734933,48.130434782608695,24.0,336.0,103.80643199999997,-19.82609891,2.92090741430546,7.136912390297122,8,86.90241624994194,"{""counterfactual_C_giveback70_floor2"": 7, ""max_hold_14d"": 1, ""stop_loss"": 11, ""trailing_stop_loss"": 4}"
3y,C_giveback70_floor2,pair,PAXG/USDT:USDT,5,73.35454153,7.3354541530000015,2.5682074292319244,4.677604516000008,40.0,1.5537358840839413,-2.069068133904396,280.0,383.0,429.0,84.78698857,-16.94112652,4.822792641509092,7.451214087343505,0,100.0,"{""roi"": 1, ""stop_loss"": 3, ""swing_exit_long_1d"": 1}"
3y,C_giveback70_floor2,pair,SOL/USDT:USDT,25,223.64167589999994,22.364167589999994,2.1859557919728867,4.3091480676058795,36.0,1.5477393156335604,-2.1017484508584285,82.6,41.0,336.0,168.1756512,-22.51784396,2.4721232670782705,8.924932272360383,9,85.63389327993913,"{""counterfactual_C_giveback70_floor2"": 7, ""max_hold_14d"": 2, ""stale_loss_72h"": 2, ""stop_loss"": 12, ""trailing_stop_loss"": 2}"
3y,C_giveback70_floor2,pair,SUI/USDT:USDT,19,-1.0081970100000792,-0.10081970100000792,0.9915370818117079,3.9033647420669624,42.10526315789473,0.25974478405479823,-2.146291834938216,63.21052631578947,29.0,310.0,24.813716289999984,-22.17036223,2.4403318880192764,7.9367182865371415,7,77.48582280043036,"{""counterfactual_C_giveback70_floor2"": 7, ""stale_flat_120h"": 1, ""stale_loss_72h"": 1, ""stop_loss"": 7, ""trailing_stop_loss"": 3}"
3y,C_giveback70_floor2,pair,TAO/USDT:USDT,12,138.98047252999996,13.898047252999996,2.6164804029797453,2.6030486902793326,50.0,2.2697873596704854,-0.5330429712243594,68.5,30.5,336.0,177.43605795,-21.48366959,2.973682169243639,8.154311632786289,5,98.37015831850972,"{""counterfactual_C_giveback70_floor2"": 4, ""max_hold_14d"": 1, ""stale_flat_120h"": 1, ""stale_loss_72h"": 1, ""stop_loss"": 3, ""trailing_stop_loss"": 2}"
3y,C_giveback70_floor2,pair,XRP/USDT:USDT,36,-92.23524468,-9.223524467999999,0.619234524703397,13.538647716999991,27.77777777777778,-0.7089645991547553,-1.5555100450389454,54.69444444444444,36.5,266.0,28.08967647,-22.44004946,2.1999440241513977,4.634000991269943,7,72.9711390191037,"{""counterfactual_C_giveback70_floor2"": 7, ""stale_flat_120h"": 2, ""stale_loss_72h"": 6, ""stale_low_profit_240h"": 1, ""stop_loss"": 19, ""trailing_stop_loss"": 1}"
3y,C_giveback70_floor2,pair,ZEC/USDT:USDT,13,62.164560529999996,6.216456053,2.42461157430156,3.16967327853959,61.53846153846154,1.5365650426234398,2.5547842401500946,59.07692307692308,64.0,236.0,23.944444419999975,-19.33195112,1.7290690293238724,9.091660072317078,8,79.00861636815597,"{""counterfactual_C_giveback70_floor2"": 8, ""stale_loss_72h"": 2, ""stop_loss"": 2, ""trailing_stop_loss"": 1}"
3y,C_giveback70_floor2,side,long,47,372.25452523999996,37.225452524,2.2248179057922695,7.744750486094025,38.297872340425535,1.7087648580695902,-2.078238929345367,105.08510638297872,36.0,429.0,122.5153181,-19.22016428,2.5301969087067824,7.004210162160047,16,58.27222366289829,"{""counterfactual_C_giveback70_floor2"": 11, ""max_hold_14d"": 5, ""roi"": 1, ""stop_loss"": 25, ""swing_exit_long_1d"": 5}"
3y,C_giveback70_floor2,side,short,244,1174.86881476,117.48688147600002,1.7196456105449536,21.59267893664477,37.704918032786885,0.8293569915049289,-1.3924701153200556,65.28688524590164,40.5,336.0,272.33932980000003,-23.48846993,2.4497071434984052,7.655996202042167,82,34.27999534614017,"{""counterfactual_C_giveback70_floor2"": 71, ""force_exit"": 1, ""max_hold_14d"": 11, ""stale_flat_120h"": 8, ""stale_loss_72h"": 28, ""stale_low_profit_240h"": 1, ""stop_loss"": 91, ""trailing_stop_loss"": 33}"
3y,C_giveback70_floor2,month,2023-08,17,-32.653906509999956,-3.2653906509999957,0.5819427214559474,4.113081364000005,17.647058823529413,-0.8122077892354467,-1.5875278987957862,46.411764705882355,43.0,119.0,18.827745300000018,-8.10275442,2.009639239023953,5.251832437312354,3,100.0,"{""counterfactual_C_giveback70_floor2"": 3, ""stale_loss_72h"": 4, ""stop_loss"": 9, ""trailing_stop_loss"": 1}"
3y,C_giveback70_floor2,month,2023-09,9,-42.39026643,-4.239026643,0.0,4.2390266430000105,0.0,-1.5553386223306822,-1.4516404810934107,43.666666666666664,43.0,75.0,-0.32414622,-7.84673411,2.36686480228571,2.1074218087885996,0,0.0,"{""stale_loss_72h"": 2, ""stop_loss"": 4, ""trailing_stop_loss"": 3}"
3y,C_giveback70_floor2,month,2023-10,3,-0.7818733800000075,-0.07818733800000074,0.9445931610192975,1.4111495880000007,33.33333333333333,-0.06278404829484725,-1.9902485917121613,126.66666666666667,35.0,310.0,13.329622499999992,-7.3982703,1.783839463588083,6.153473649352298,1,100.0,"{""counterfactual_C_giveback70_floor2"": 1, ""stop_loss"": 2}"
3y,C_giveback70_floor2,month,2023-11,5,-8.616877400000032,-0.8616877400000031,0.6801234891615027,1.4287156409999966,20.0,-0.4710137472058316,-2.0875481253971624,89.2,12.0,336.0,18.32125999999997,-7.54531354,2.0211737086180785,2.65349340723587,1,100.0,"{""max_hold_14d"": 1, ""stop_loss"": 3, ""swing_exit_long_1d"": 1}"
3y,C_giveback70_floor2,month,2023-12,3,-10.152171049999993,-1.0152171049999994,0.295395385930563,1.4408323259999976,33.33333333333333,-0.6068521623490789,-2.097012581701798,4.0,4.0,7.0,4.256152210000008,-7.21483345,1.974782532873208,2.9580256720215936,1,100.0,"{""counterfactual_C_giveback70_floor2"": 1, ""stop_loss"": 2}"
3y,C_giveback70_floor2,month,2024-01,9,1.417025729999963,0.1417025729999963,1.052901894703962,1.309522198000002,33.33333333333333,0.1026298394093208,-0.4998501985260918,56.111111111111114,36.0,114.0,12.274497000000006,-6.72809798,1.87541192826069,6.193600250367986,3,100.0,"{""counterfactual_C_giveback70_floor2"": 3, ""stale_loss_72h"": 2, ""stop_loss"": 4}"
3y,C_giveback70_floor2,month,2024-02,4,157.96186203999994,15.796186203999996,inf,0.0,100.0,11.18459336281746,10.418895942159612,236.5,270.5,336.0,76.00517899999996,9.34658300000002,0.613753445830981,16.959304565287393,4,100.0,"{""counterfactual_C_giveback70_floor2"": 2, ""max_hold_14d"": 2}"
3y,C_giveback70_floor2,month,2024-03,3,123.96443151999996,12.396443151999996,14.982654210343288,0.7826051956911769,66.66666666666666,10.824954471633953,2.513941018766748,116.66666666666667,14.0,336.0,122.5153181,-8.86558658,1.2200301926704011,15.58314308085327,2,100.0,"{""counterfactual_C_giveback70_floor2"": 1, ""max_hold_14d"": 1, ""stop_loss"": 1}"
3y,C_giveback70_floor2,month,2024-04,6,-18.80381259000001,-1.880381259000001,0.47181937574928323,2.7749034066740283,16.666666666666664,-0.8762048783171678,-2.188760582310411,16.666666666666668,6.5,73.0,16.79728999999999,-9.05807259,2.553701605870377,4.639984204352335,1,100.0,"{""counterfactual_C_giveback70_floor2"": 1, ""stale_loss_72h"": 1, ""stop_loss"": 3, ""trailing_stop_loss"": 1}"
3y,C_giveback70_floor2,month,2024-05,8,-39.319078039999994,-3.9319078039999997,0.19352297899466675,4.8298423037266645,12.5,-1.9053055742334075,-2.5424651294030842,41.375,34.5,73.0,9.435042680000008,-8.96616751,3.1092040678123016,3.3228658563143822,1,100.0,"{""counterfactual_C_giveback70_floor2"": 1, ""stale_loss_72h"": 2, ""stop_loss"": 2, ""trailing_stop_loss"": 3}"
3y,C_giveback70_floor2,month,2024-06,18,-73.98470957999999,-7.398470957999999,0.3187377383303767,7.398470957999996,16.666666666666664,-1.3429282898757022,-2.10485229179878,38.0,19.5,150.0,17.53058680000003,-9.00028322,2.6277024312383417,3.27229821919539,3,100.0,"{""counterfactual_C_giveback70_floor2"": 3, ""stale_loss_72h"": 2, ""stop_loss"": 11, ""trailing_stop_loss"": 2}"
3y,C_giveback70_floor2,month,2024-07,7,-26.72325538999998,-2.6723255389999983,0.3794228743667791,3.464591099250159,28.57142857142857,-1.4788432622535403,-3.357716024317224,31.571428571428573,18.0,103.0,8.206994400000012,-8.71854665,3.2913113595430072,6.216748714732272,2,100.0,"{""counterfactual_C_giveback70_floor2"": 2, ""stop_loss"": 4, ""trailing_stop_loss"": 1}"
3y,C_giveback70_floor2,month,2024-08,6,97.34473415999997,9.734473415999997,6.386819951143806,0.8582922286299555,66.66666666666666,6.198098074655209,7.789937018925024,120.83333333333333,76.0,336.0,49.30734773999999,-9.15032465,2.2683160348420923,22.00753805837524,4,100.0,"{""counterfactual_C_giveback70_floor2"": 3, ""max_hold_14d"": 1, ""stop_loss"": 2}"
3y,C_giveback70_floor2,month,2024-09,6,81.131643,8.113164300000001,inf,0.0,100.0,3.657799584668082,3.6421890917292483,152.33333333333334,162.0,236.0,23.944444419999975,7.925315399999987,0.7684789719618442,12.525998615560276,6,90.23153592489186,"{""counterfactual_C_giveback70_floor2"": 6}"
3y,C_giveback70_floor2,month,2024-10,8,-23.246075849999983,-2.324607584999998,0.534982765619541,4.956195471656916,37.5,-0.8229057769751393,-2.2868788829468194,51.25,40.5,138.0,13.70693112000001,-10.28070083,2.7225535087470525,5.032856364036167,2,100.0,"{""counterfactual_C_giveback70_floor2"": 2, ""stale_flat_120h"": 1, ""stop_loss"": 4, ""trailing_stop_loss"": 1}"
3y,C_giveback70_floor2,month,2024-11,8,-13.551664219999996,-1.3551664219999995,0.6844455582119839,2.858263958640124,37.5,-0.15907067375416584,-1.4872071118622041,38.0,31.0,96.0,13.786618140000002,-10.35829685,1.6367404014903488,5.886306680050659,3,100.0,"{""counterfactual_C_giveback70_floor2"": 3, ""stop_loss"": 4, ""swing_exit_long_1d"": 1}"
3y,C_giveback70_floor2,month,2024-12,2,26.26627700000011,2.626627700000011,inf,0.0,100.0,3.8003470349092776,3.8003470349092776,30.0,30.0,59.0,14.218311800000022,12.047965200000085,1.034470648123071,13.001156783030886,2,100.0,"{""counterfactual_C_giveback70_floor2"": 2}"
3y,C_giveback70_floor2,month,2025-01,9,-19.399666940000017,-1.9399666940000018,0.6818810435907678,3.8007851340000003,33.33333333333333,-1.0062589328183904,-2.5485540357887193,31.11111111111111,23.0,105.0,16.82309286000001,-11.58273025,2.715417152335612,5.315246869214491,3,100.0,"{""counterfactual_C_giveback70_floor2"": 3, ""stop_loss"": 3, ""trailing_stop_loss"": 3}"
3y,C_giveback70_floor2,month,2025-02,9,70.80228817000003,7.080228817000002,4.1883350384325295,1.8598411301470614,55.55555555555556,2.5653557193041556,2.5668061075088975,56.0,50.0,82.0,33.130181999999984,-11.64792486,1.7629931306458237,13.177660956038649,5,100.0,"{""counterfactual_C_giveback70_floor2"": 5, ""stale_loss_72h"": 2, ""stop_loss"": 2}"
3y,C_giveback70_floor2,month,2025-03,17,147.47866073000006,14.747866073000008,2.4705102578874274,4.783193196527312,52.94117647058824,2.54016167744055,2.5547842401500946,77.11764705882354,46.0,336.0,94.88773040000001,-14.1650642,2.3874513526339887,10.897172886445608,9,78.44521893658046,"{""counterfactual_C_giveback70_floor2"": 8, ""max_hold_14d"": 1, ""stale_loss_72h"": 1, ""stop_loss"": 5, ""trailing_stop_loss"": 2}"
3y,C_giveback70_floor2,month,2025-04,7,33.554963499999985,3.355496349999999,1.6259437126058334,2.770226869237709,42.857142857142854,0.9967330336142565,-2.1711180785981643,33.857142857142854,26.0,103.0,43.22869584000001,-14.75962589,2.812745943635438,9.861983553102771,3,100.0,"{""counterfactual_C_giveback70_floor2"": 3, ""stop_loss"": 3, ""trailing_stop_loss"": 1}"
3y,C_giveback70_floor2,month,2025-05,5,-67.86532462,-6.786532462,0.0,6.786532461999991,0.0,-2.403955122518287,-2.1450386898922007,37.8,36.0,90.0,-11.76171956,-14.82484701,2.549928445082637,1.8826727891336592,0,0.0,"{""stop_loss"": 5}"
3y,C_giveback70_floor2,month,2025-06,16,-42.75205583000007,-4.275205583000006,0.6494396369613424,4.367852915000004,37.5,-0.6338818996258203,-1.506995925183188,41.0,37.5,90.0,17.344480739999995,-15.2189362,2.4253510661546964,5.040418907980308,6,89.24480183314078,"{""counterfactual_C_giveback70_floor2"": 6, ""stale_loss_72h"": 2, ""stop_loss"": 5, ""trailing_stop_loss"": 3}"
3y,C_giveback70_floor2,month,2025-07,4,41.68586803000005,4.1685868030000055,2.9347379463902326,1.4914735360000009,50.0,1.2162887881784792,0.6907757239024039,120.25,62.5,336.0,46.278001199999984,-14.91473536,1.7267502246765618,5.960406609261539,2,100.0,"{""counterfactual_C_giveback70_floor2"": 1, ""max_hold_14d"": 1, ""stop_loss"": 1, ""swing_exit_long_1d"": 1}"
3y,C_giveback70_floor2,month,2025-08,6,-21.294623960000038,-2.129462396000004,0.6922690028567179,4.18665913531409,16.666666666666664,-0.9596115004451642,-1.8768286505288816,76.66666666666667,24.0,279.0,47.904202799999965,-16.10457832,3.6538412771281816,6.1141762887377995,1,100.0,"{""counterfactual_C_giveback70_floor2"": 1, ""stop_loss"": 3, ""swing_exit_long_1d"": 1, ""trailing_stop_loss"": 1}"
3y,C_giveback70_floor2,month,2025-09,10,-9.777887450000067,-0.9777887450000068,0.8405901677442287,4.485990060395046,60.0,-0.32327164662649543,0.2840527592560426,75.2,99.0,125.0,23.57062959999998,-15.90647583,2.3660965960124205,4.87991244832151,3,99.07285624491962,"{""counterfactual_C_giveback70_floor2"": 3, ""stale_flat_120h"": 3, ""stop_loss"": 3, ""trailing_stop_loss"": 1}"
3y,C_giveback70_floor2,month,2025-10,7,-6.195258510000025,-0.6195258510000026,0.9249237684032269,7.666794394983853,28.57142857142857,-0.5333581875840191,-2.2915059224527514,96.57142857142857,22.0,429.0,53.13599939999993,-16.99086285,8.405368824821851,8.319318586256307,2,100.0,"{""counterfactual_C_giveback70_floor2"": 2, ""stop_loss"": 4, ""trailing_stop_loss"": 1}"
3y,C_giveback70_floor2,month,2025-11,13,159.69632679999987,15.969632679999988,2.579149090348268,3.378944845552953,53.84615384615385,2.8018010371776105,0.4146374497774663,102.92307692307692,70.0,336.0,98.0099889,-17.7691815,2.578452232959332,10.063208225304704,6,94.07250209938198,"{""counterfactual_C_giveback70_floor2"": 4, ""max_hold_14d"": 2, ""stale_flat_120h"": 1, ""stop_loss"": 6}"
3y,C_giveback70_floor2,month,2025-12,13,7.539726789999989,0.7539726789999989,1.0647601868670304,7.048479240279542,38.46153846153847,0.06546293360434685,-1.4136308431383535,77.61538461538461,37.0,417.0,35.34359812,-18.97823107,2.2086891815211134,5.579261253094227,4,100.0,"{""counterfactual_C_giveback70_floor2"": 4, ""stale_loss_72h"": 1, ""stop_loss"": 6, ""swing_exit_long_1d"": 1, ""trailing_stop_loss"": 1}"
3y,C_giveback70_floor2,month,2026-01,7,44.453064360000006,4.445306436000001,1.6809619033115886,3.7096105759999998,42.857142857142854,0.5584391779150597,-1.024057766112928,92.85714285714286,37.0,383.0,84.78698857,-19.33195112,2.463878144714382,6.217256775733239,1,100.0,"{""counterfactual_C_giveback70_floor2"": 1, ""roi"": 1, ""stale_flat_120h"": 1, ""stop_loss"": 2, ""trailing_stop_loss"": 2}"
3y,C_giveback70_floor2,month,2026-02,17,782.27915426,78.22791542600001,8.087030173849676,4.5364946886893724,52.94117647058824,8.134779042082195,0.6318677262188902,153.05882352941177,74.0,336.0,197.84821200000002,-22.38113319,2.1648639045111255,17.3756073971472,8,85.98283367676173,"{""counterfactual_C_giveback70_floor2"": 3, ""max_hold_14d"": 5, ""stale_flat_120h"": 1, ""stale_loss_72h"": 4, ""stop_loss"": 2, ""trailing_stop_loss"": 2}"
3y,C_giveback70_floor2,month,2026-03,7,-91.50257326999997,-9.150257326999997,0.18449657037819656,10.992814122272044,14.285714285714285,-1.7741063876418044,-2.901615189945651,45.57142857142857,39.0,76.0,20.701213920000026,-22.51784396,2.6809248553957996,4.382100144235081,1,100.0,"{""counterfactual_C_giveback70_floor2"": 1, ""stale_loss_72h"": 1, ""stop_loss"": 5}"
3y,C_giveback70_floor2,month,2026-04,6,-33.167546449999996,-3.3167546449999996,0.4693764424828426,4.113699060540572,33.33333333333333,-0.8729974184617031,-1.1040338087899966,94.16666666666667,74.0,266.0,23.93708145,-22.25873017,1.9823386949647956,4.282902752282883,0,100.0,"{""stale_flat_120h"": 1, ""stale_loss_72h"": 1, ""stale_low_profit_240h"": 1, ""stop_loss"": 2, ""trailing_stop_loss"": 1}"
3y,C_giveback70_floor2,month,2026-05,4,-36.19888878,-3.6198888780000003,0.0,3.6198888780000065,0.0,-1.5404313168800987,-1.032347340364716,49.0,43.0,98.0,-0.32324129,-19.52740337,2.71262713747447,2.912688347903087,0,0.0,"{""stale_loss_72h"": 2, ""trailing_stop_loss"": 2}"
3y,C_giveback70_floor2,month,2026-06,12,389.92483016000006,38.99248301600001,4.474386169335864,9.521064912410528,50.0,3.585358452959171,0.07837086864376291,89.5,50.5,336.0,272.33932980000003,-23.48846993,2.487478658601844,9.338292712271246,5,98.78771681594058,"{""counterfactual_C_giveback70_floor2"": 3, ""force_exit"": 1, ""max_hold_14d"": 2, ""stale_loss_72h"": 1, ""stop_loss"": 4, ""trailing_stop_loss"": 1}"
3y,C_giveback70_floor2,market_period,pressure_202603_202605,17,-160.86900849999998,-16.086900849999996,0.23726017132613164,17.788773045804465,17.647058823529413,-1.4010855583401909,-2.078238929345367,63.529411764705884,39.0,266.0,23.93708145,-22.51784396,2.441824394556309,4.001345347938543,1,100.0,"{""counterfactual_C_giveback70_floor2"": 1, ""stale_flat_120h"": 1, ""stale_loss_72h"": 4, ""stale_low_profit_240h"": 1, ""stop_loss"": 7, ""trailing_stop_loss"": 3}"
3y,C_giveback70_floor2,market_period,strong_202601_202602,24,826.7322186200001,82.67322186200002,5.706390936301645,4.430991812023308,50.0,5.925013248366781,0.2676159816333858,135.5,73.0,383.0,197.84821200000002,-22.38113319,2.2520763912370754,14.12108846590146,9,76.57022230150872,"{""counterfactual_C_giveback70_floor2"": 4, ""max_hold_14d"": 5, ""roi"": 1, ""stale_flat_120h"": 2, ""stale_loss_72h"": 4, ""stop_loss"": 4, ""trailing_stop_loss"": 4}"
3y,C_giveback70_floor2,market_period,repair_202606,12,389.92483016000006,38.99248301600001,4.474386169335864,9.521064912410528,50.0,3.585358452959171,0.07837086864376291,89.5,50.5,336.0,272.33932980000003,-23.48846993,2.487478658601844,9.338292712271246,5,98.78771681594058,"{""counterfactual_C_giveback70_floor2"": 3, ""force_exit"": 1, ""max_hold_14d"": 2, ""stale_loss_72h"": 1, ""stop_loss"": 4, ""trailing_stop_loss"": 1}"
3y,D_atr1h_1.5,all,all,291,792.8898271334313,79.28898271334313,1.438754582964302,12.684638952832511,44.329896907216494,0.45770249859411616,-1.1497042202794163,28.99656357388316,19.0,325.0,58.15245551159962,-23.48846993,2.2217740705398734,3.840264705613668,127,9.94983957570102,"{""counterfactual_D_atr1h_1.5"": 127, ""force_exit"": 1, ""stale_flat_120h"": 1, ""stale_loss_72h"": 17, ""stop_loss"": 110, ""swing_exit_long_1d"": 3, ""trailing_stop_loss"": 32}"
3y,D_atr1h_1.5,entry_tag,long_1d_center_compression,47,246.04728549170082,24.604728549170083,1.9013145679340329,7.479021177611749,44.680851063829785,0.9045709947591276,-1.544169535874263,46.46808510638298,16.0,325.0,44.80884182824193,-19.22016428,1.5958894510545605,3.906235173167861,21,39.68063963181433,"{""counterfactual_D_atr1h_1.5"": 21, ""stop_loss"": 23, ""swing_exit_long_1d"": 3}"
3y,D_atr1h_1.5,entry_tag,short_compression_breakdown,78,209.94679768098553,20.994679768098553,1.4560521455357733,9.450166342995265,44.871794871794876,0.47072670292010943,-0.4023993798349982,27.923076923076923,20.0,79.0,58.15245551159962,-22.51784396,2.4338545121926596,3.941334917842632,34,33.40501671796135,"{""counterfactual_D_atr1h_1.5"": 34, ""force_exit"": 1, ""stale_loss_72h"": 7, ""stop_loss"": 22, ""trailing_stop_loss"": 14}"
3y,D_atr1h_1.5,entry_tag,short_pullback_restart,166,336.8957439607449,33.68957439607449,1.313743574873022,11.961087871338375,43.97590361445783,0.32505968379180883,-1.2092615500294674,24.55421686746988,19.0,121.0,56.17670922649177,-23.48846993,2.2993301107018755,3.7740954976082084,72,17.137220605016285,"{""counterfactual_D_atr1h_1.5"": 72, ""stale_flat_120h"": 1, ""stale_loss_72h"": 10, ""stop_loss"": 65, ""trailing_stop_loss"": 18}"
3y,D_atr1h_1.5,pair,ADA/USDT:USDT,32,200.81144601260374,20.081144601260373,2.2998617105435692,2.8949809296918882,53.125,1.0832181706519328,2.1736982559025844,25.5625,14.5,73.0,58.15245551159962,-22.25873017,2.0749193811587014,4.1963582157807675,16,57.02905858554188,"{""counterfactual_D_atr1h_1.5"": 16, ""force_exit"": 1, ""stale_loss_72h"": 2, ""stop_loss"": 9, ""trailing_stop_loss"": 4}"
3y,D_atr1h_1.5,pair,BNB/USDT:USDT,19,124.91217000539562,12.491217000539562,2.113332340086258,4.683364252314376,57.89473684210527,1.3862173543428766,3.3953693812073547,32.73684210526316,24.0,144.0,52.05963335958513,-22.48258298,1.797622022529629,4.326600614267685,11,61.05872170796768,"{""counterfactual_D_atr1h_1.5"": 11, ""stop_loss"": 7, ""swing_exit_long_1d"": 1}"
3y,D_atr1h_1.5,pair,BTC/USDT:USDT,37,55.6951032238442,5.569510322384421,1.2387037350647088,5.879505725650573,40.54054054054054,0.4974381883448717,-1.5077925834035404,31.37837837837838,21.0,121.0,45.86651807843035,-23.4204542,1.8357377813103777,3.49169785372077,14,55.13133511989169,"{""counterfactual_D_atr1h_1.5"": 14, ""stale_flat_120h"": 1, ""stale_loss_72h"": 1, ""stop_loss"": 14, ""swing_exit_long_1d"": 2, ""trailing_stop_loss"": 5}"
3y,D_atr1h_1.5,pair,DOGE/USDT:USDT,20,7.00785931020035,0.700785931020035,1.0559335526891267,4.0728777690000015,45.0,0.21817111242486126,-1.088512229400935,19.2,11.5,73.0,21.957147022173718,-23.11526256,2.2798791289211624,3.781598820965599,9,70.54376163281802,"{""counterfactual_D_atr1h_1.5"": 9, ""stale_loss_72h"": 1, ""stop_loss"": 9, ""trailing_stop_loss"": 1}"
3y,D_atr1h_1.5,pair,ETH/USDT:USDT,30,175.93429545142166,17.59342954514217,2.1152119132403007,3.9189002679186373,43.333333333333336,1.105302091022278,-0.4152173299256356,27.166666666666668,18.5,108.0,44.80884182824193,-21.11515786,1.8227250998041773,4.126764447601004,13,59.820015472451026,"{""counterfactual_D_atr1h_1.5"": 13, ""stale_loss_72h"": 5, ""stop_loss"": 7, ""trailing_stop_loss"": 5}"
3y,D_atr1h_1.5,pair,LINK/USDT:USDT,20,-84.25841120558056,-8.425841120558056,0.4667145186715288,8.425841120558028,30.0,-1.1092176409687264,-2.37820286210962,23.25,22.5,76.0,16.087626584102797,-23.48846993,3.313968306506428,2.8092163115119617,6,91.12210193086693,"{""counterfactual_D_atr1h_1.5"": 6, ""stale_loss_72h"": 1, ""stop_loss"": 9, ""trailing_stop_loss"": 4}"
3y,D_atr1h_1.5,pair,NEAR/USDT:USDT,23,-47.00872111293339,-4.7008721112933385,0.7545724040211205,6.682673983534507,34.78260869565217,-0.7992066604750327,-3.199821744734933,19.47826086956522,21.0,54.0,44.12351373250888,-19.82609891,2.909766284037794,3.7634856295423385,8,76.33217323521325,"{""counterfactual_D_atr1h_1.5"": 8, ""stop_loss"": 11, ""trailing_stop_loss"": 4}"
3y,D_atr1h_1.5,pair,PAXG/USDT:USDT,5,86.86311964939469,8.686311964939469,3.9114582378292924,1.5841807903985663,60.0,2.078807131253311,4.62208582108391,215.4,265.0,325.0,42.579347288123394,-16.15590109,1.4410567522652138,4.0044722589113615,3,100.0,"{""counterfactual_D_atr1h_1.5"": 3, ""stop_loss"": 2}"
3y,D_atr1h_1.5,pair,SOL/USDT:USDT,25,19.662864627391077,1.9662864627391075,1.1093067952528417,5.502989263050432,44.0,0.21874532345227254,-1.4726264836892875,21.44,19.0,73.0,46.44322430582751,-22.51784396,2.334400126387771,3.5093492436022826,11,70.28308522405592,"{""counterfactual_D_atr1h_1.5"": 11, ""stale_loss_72h"": 1, ""stop_loss"": 11, ""trailing_stop_loss"": 2}"
3y,D_atr1h_1.5,pair,SUI/USDT:USDT,19,11.384377706920677,1.1384377706920679,1.0955617366473636,3.85738141546434,42.10526315789473,0.18108155466925152,-2.146291834938216,21.31578947368421,14.0,73.0,35.69274305970082,-22.17036223,2.4403318880192764,4.094810358579649,8,76.3718866067125,"{""counterfactual_D_atr1h_1.5"": 8, ""stale_loss_72h"": 1, ""stop_loss"": 7, ""trailing_stop_loss"": 3}"
3y,D_atr1h_1.5,pair,TAO/USDT:USDT,12,53.87420711560833,5.387420711560833,1.7591508114629442,2.005117115526568,58.333333333333336,0.7805004874100212,3.1422081002564526,19.833333333333332,12.0,79.0,40.63760736655619,-21.48366959,2.7384112774507923,3.979252850100476,7,86.18996705673972,"{""counterfactual_D_atr1h_1.5"": 7, ""stop_loss"": 3, ""trailing_stop_loss"": 2}"
3y,D_atr1h_1.5,pair,XRP/USDT:USDT,36,126.00109382666668,12.60010938266667,1.5452446209905275,6.139061629565356,36.11111111111111,0.1718005305544052,-1.5555100450389454,31.305555555555557,28.0,76.0,44.58984611230736,-22.44004946,2.14744350705347,3.692981063217769,13,54.67242486965159,"{""counterfactual_D_atr1h_1.5"": 13, ""stale_loss_72h"": 3, ""stop_loss"": 19, ""trailing_stop_loss"": 1}"
3y,D_atr1h_1.5,pair,ZEC/USDT:USDT,13,62.01042252249815,6.201042252249815,2.4210792274522497,3.1651795947812547,61.53846153846154,1.690360056132136,3.5093536971683847,26.307692307692307,13.0,73.0,19.020083984634688,-19.33195112,1.7290690293238724,4.876929764470043,8,70.21102654001203,"{""counterfactual_D_atr1h_1.5"": 8, ""stale_loss_72h"": 2, ""stop_loss"": 2, ""trailing_stop_loss"": 1}"
3y,D_atr1h_1.5,side,long,47,246.04728549170082,24.604728549170083,1.9013145679340329,7.479021177611749,44.680851063829785,0.9045709947591276,-1.544169535874263,46.46808510638298,16.0,325.0,44.80884182824193,-19.22016428,1.5958894510545605,3.906235173167861,21,39.68063963181433,"{""counterfactual_D_atr1h_1.5"": 21, ""stop_loss"": 23, ""swing_exit_long_1d"": 3}"
3y,D_atr1h_1.5,side,short,244,546.8425416417305,54.684254164173055,1.3564465273309407,13.30823253436553,44.26229508196721,0.3716253702344623,-0.982787002990207,25.631147540983605,20.0,121.0,58.15245551159962,-23.48846993,2.342333812817782,3.8275572794864257,106,12.431496020445454,"{""counterfactual_D_atr1h_1.5"": 106, ""force_exit"": 1, ""stale_flat_120h"": 1, ""stale_loss_72h"": 17, ""stop_loss"": 87, ""trailing_stop_loss"": 32}"
3y,D_atr1h_1.5,month,2023-08,17,26.45629049686824,2.645629049686824,1.3779149603953667,4.113081364000005,23.52941176470588,0.4863389320827814,-1.451761973238025,39.35294117647059,32.0,108.0,41.096787988790844,-8.04651781,1.8071052085967483,4.397987027938807,4,100.0,"{""counterfactual_D_atr1h_1.5"": 4, ""stale_loss_72h"": 4, ""stop_loss"": 8, ""trailing_stop_loss"": 1}"
3y,D_atr1h_1.5,month,2023-09,9,-42.39026643,-4.239026643,0.0,4.2390266430000105,0.0,-1.5553386223306822,-1.4516404810934107,43.666666666666664,43.0,75.0,-0.32414622,-7.84673411,2.36686480228571,2.1074218087885996,0,0.0,"{""stale_loss_72h"": 2, ""stop_loss"": 4, ""trailing_stop_loss"": 3}"
3y,D_atr1h_1.5,month,2023-10,4,12.996119778527229,1.2996119778527229,1.9209597543054544,1.389029706096269,50.0,1.0230818225870681,0.6954657851083283,18.0,18.5,35.0,15.924700390963856,-7.3982703,1.5196689186077945,4.223103716936268,2,100.0,"{""counterfactual_D_atr1h_1.5"": 2, ""stop_loss"": 2}"
3y,D_atr1h_1.5,month,2023-11,4,-26.938137400000002,-2.6938137400000004,0.0,2.693813740000007,0.0,-1.9736359631086962,-2.0921266359383215,27.5,6.5,97.0,-5.10566745,-7.54531354,2.3446778148558662,1.1052352660291747,0,0.0,"{""stop_loss"": 3, ""swing_exit_long_1d"": 1}"
3y,D_atr1h_1.5,month,2023-12,3,-4.366221466623666,-0.4366221466623666,0.6969653312301056,1.4408323259999976,33.33333333333333,0.47375840612862463,-2.097012581701798,4.0,4.0,7.0,10.042101793376334,-7.21483345,1.974782532873208,2.9580256720215936,1,100.0,"{""counterfactual_D_atr1h_1.5"": 1, ""stop_loss"": 2}"
3y,D_atr1h_1.5,month,2024-01,9,36.30140766947756,3.6301407669477563,2.4684355565079694,1.2031365191314007,55.55555555555556,1.5495660365159427,3.5476858656586305,16.444444444444443,17.0,32.0,16.14832082194437,-6.72809798,1.8332656767386297,4.326898512050085,5,100.0,"{""counterfactual_D_atr1h_1.5"": 5, ""stop_loss"": 4}"
3y,D_atr1h_1.5,month,2024-02,5,72.71402368403821,7.2714023684038205,inf,0.0,100.0,4.177018929260788,4.114125169001815,47.4,32.0,144.0,18.68749940461339,10.320162231899957,0.4971298816673061,5.727319643005552,5,100.0,"{""counterfactual_D_atr1h_1.5"": 5}"
3y,D_atr1h_1.5,month,2024-03,2,7.7304219039735305,0.773042190397353,1.8719583114119822,0.8720855193225734,50.0,0.9492777340021972,0.9492777340021972,4.0,4.0,8.0,16.59600848397353,-8.86558658,1.8147274764992982,5.887481010152786,1,100.0,"{""counterfactual_D_atr1h_1.5"": 1, ""stop_loss"": 1}"
3y,D_atr1h_1.5,month,2024-04,7,-11.258047924645771,-1.125804792464577,0.6837724928270047,2.7906332717965685,28.57142857142857,-0.43654919855621066,-2.118623431875916,19.428571428571427,7.0,73.0,13.234290038861097,-9.05807259,2.5444582204315878,2.827354673317189,2,100.0,"{""counterfactual_D_atr1h_1.5"": 2, ""stale_loss_72h"": 1, ""stop_loss"": 3, ""trailing_stop_loss"": 1}"
3y,D_atr1h_1.5,month,2024-05,7,-48.75412072,-4.8754120720000005,0.0,4.875412071999994,0.0,-2.6171006474032397,-2.8205579528708737,37.714285714285715,34.0,73.0,-1.8453505,-8.96616751,3.1978049478142228,2.284580055809097,0,0.0,"{""stale_loss_72h"": 2, ""stop_loss"": 2, ""trailing_stop_loss"": 3}"
3y,D_atr1h_1.5,month,2024-06,18,-69.55849058562393,-6.955849058562393,0.3594950242597497,6.976873231161679,16.666666666666664,-1.2754307263663407,-2.10485229179878,26.27777777777778,14.0,79.0,17.747668788971517,-9.00028322,2.5905035244815253,2.2125358624829996,3,100.0,"{""counterfactual_D_atr1h_1.5"": 3, ""stale_loss_72h"": 2, ""stop_loss"": 11, ""trailing_stop_loss"": 2}"
3y,D_atr1h_1.5,month,2024-07,7,8.903255591316306,0.8903255591316306,1.3472573017645013,2.4782739427899934,57.14285714285714,0.5409578000182643,3.2739829567960697,12.714285714285714,10.0,22.0,13.587720958832497,-8.67375793,2.5793690991089786,3.4993186125003115,4,100.0,"{""counterfactual_D_atr1h_1.5"": 4, ""stop_loss"": 2, ""trailing_stop_loss"": 1}"
3y,D_atr1h_1.5,month,2024-08,6,29.22172240425293,2.9221722404252928,2.617058781991086,1.725488048406413,66.66666666666666,1.4475358259855395,3.2415772485687664,26.0,24.0,38.0,21.88388483179837,-9.15032465,2.2683160348420923,5.016976262351217,4,100.0,"{""counterfactual_D_atr1h_1.5"": 4, ""stop_loss"": 2}"
3y,D_atr1h_1.5,month,2024-09,6,109.2766013304868,10.92766013304868,inf,0.0,100.0,4.899548762851969,4.76433957049057,31.333333333333332,30.0,58.0,28.980395841651788,13.659941121874517,0.6509628134900547,6.8179717876264565,6,87.49966511077466,"{""counterfactual_D_atr1h_1.5"": 6}"
3y,D_atr1h_1.5,month,2024-10,9,23.476172013808267,2.3476172013808267,1.4696201050940414,4.94110282899802,44.44444444444444,0.5333768859955769,-2.117777510719016,29.11111111111111,22.0,63.0,26.890740587961787,-10.28070083,2.452917053977523,4.084590926508127,4,100.0,"{""counterfactual_D_atr1h_1.5"": 4, ""stop_loss"": 4, ""trailing_stop_loss"": 1}"
3y,D_atr1h_1.5,month,2024-11,7,30.761363621998647,3.0761363621998647,2.062663802402432,1.7787413057575883,57.14285714285714,1.2493014250493824,3.5259731630695943,18.285714285714285,13.0,63.0,22.237308544902575,-10.28080009,1.387162876593613,4.894825913786977,4,100.0,"{""counterfactual_D_atr1h_1.5"": 4, ""stop_loss"": 3}"
3y,D_atr1h_1.5,month,2024-12,2,24.348958001262453,2.4348958001262453,inf,0.0,100.0,3.2037542872136378,3.2037542872136378,3.5,3.5,6.0,15.600974531094597,8.747983470167856,1.034470648123071,7.321379908680882,2,100.0,"{""counterfactual_D_atr1h_1.5"": 2}"
3y,D_atr1h_1.5,month,2025-01,9,-21.500905744779327,-2.150090574477933,0.6474245811262129,3.8007851340000003,33.33333333333333,-1.055291282475338,-2.5485540357887193,13.555555555555555,5.0,54.0,13.462721623483766,-11.58273025,2.715417152335612,2.8572964475414833,3,100.0,"{""counterfactual_D_atr1h_1.5"": 3, ""stop_loss"": 3, ""trailing_stop_loss"": 3}"
3y,D_atr1h_1.5,month,2025-02,15,122.34517834432368,12.234517834432367,6.6585475884670275,1.9105974005277657,80.0,2.275104953931986,3.1081778946192795,20.133333333333333,15.0,73.0,16.087626584102797,-11.64792486,1.3747622951829779,5.177553897393784,12,51.141714168746034,"{""counterfactual_D_atr1h_1.5"": 12, ""stale_loss_72h"": 1, ""stop_loss"": 2}"
3y,D_atr1h_1.5,month,2025-03,11,-26.191701331823026,-2.6191701331823025,0.7159081509247767,5.348042716430975,36.36363636363637,-0.5759874547834093,-2.492033418283945,10.363636363636363,10.0,25.0,28.8278104707975,-14.1650642,2.765877396066514,2.6173981192256437,4,100.0,"{""counterfactual_D_atr1h_1.5"": 4, ""stop_loss"": 5, ""trailing_stop_loss"": 2}"
3y,D_atr1h_1.5,month,2025-04,7,23.393757953385283,2.3393757953385284,1.4363937306963317,3.805243994367934,42.857142857142854,0.6932457881046566,-2.1711180785981643,17.285714285714285,19.0,28.0,34.07741662319385,-14.75962589,2.812745943635438,4.1486310422385015,3,100.0,"{""counterfactual_D_atr1h_1.5"": 3, ""stop_loss"": 3, ""trailing_stop_loss"": 1}"
3y,D_atr1h_1.5,month,2025-05,5,-67.86532462,-6.786532462,0.0,6.786532461999991,0.0,-2.403955122518287,-2.1450386898922007,37.8,36.0,90.0,-11.76171956,-14.82484701,2.549928445082637,1.8826727891336592,0,0.0,"{""stop_loss"": 5}"
3y,D_atr1h_1.5,month,2025-06,16,33.63798104383071,3.3637981043830716,1.2883425073240584,4.367852915000004,43.75,0.34586853853253435,-1.4294317556230713,23.8125,13.0,86.0,35.69274305970082,-15.2189362,2.4253510661546964,3.896670717348044,7,78.17250070436533,"{""counterfactual_D_atr1h_1.5"": 7, ""stale_loss_72h"": 1, ""stop_loss"": 5, ""trailing_stop_loss"": 3}"
3y,D_atr1h_1.5,month,2025-07,4,53.049654371702374,5.304965437170237,3.462157661727332,1.4914735360000009,50.0,1.6380670562069688,1.6573772294109956,41.5,21.0,104.0,44.80884182824193,-14.91473536,1.7267502246765618,4.656447429478841,2,100.0,"{""counterfactual_D_atr1h_1.5"": 2, ""stop_loss"": 1, ""swing_exit_long_1d"": 1}"
3y,D_atr1h_1.5,month,2025-08,6,-24.749527218917557,-2.4749527218917557,0.6423418087021111,6.625388785305801,16.666666666666664,-1.0401186678323733,-1.8768286505288816,35.0,24.0,110.0,44.449299541082446,-16.10457832,3.6538412771281816,3.6664568468519465,1,100.0,"{""counterfactual_D_atr1h_1.5"": 1, ""stop_loss"": 3, ""swing_exit_long_1d"": 1, ""trailing_stop_loss"": 1}"
3y,D_atr1h_1.5,month,2025-09,10,36.38031058432637,3.6380310584326363,1.593111675432538,2.9926922216197847,60.0,0.739880937064821,1.776572260865108,40.8,24.0,121.0,31.872516265502306,-15.90647583,2.3660965960124205,3.6319149917037867,5,99.51080144811918,"{""counterfactual_D_atr1h_1.5"": 5, ""stale_flat_120h"": 1, ""stop_loss"": 3, ""trailing_stop_loss"": 1}"
3y,D_atr1h_1.5,month,2025-10,8,46.82291681065136,4.682291681065136,1.7139985762216876,6.0778231385731525,50.0,0.4706619769250731,0.6579092692622586,51.75,17.5,316.0,33.50586988390295,-16.99086285,2.463269362177305,3.3146732712779174,4,100.0,"{""counterfactual_D_atr1h_1.5"": 4, ""stop_loss"": 3, ""trailing_stop_loss"": 1}"
3y,D_atr1h_1.5,month,2025-11,12,-22.05510449445142,-2.205510449445142,0.7819092091982358,3.6167465246844976,50.0,-0.01605580814190281,0.29797313440838624,23.583333333333332,14.0,85.0,15.400068487695902,-17.7691815,2.650103270223461,4.008316876251501,6,87.15840490094442,"{""counterfactual_D_atr1h_1.5"": 6, ""stop_loss"": 6}"
3y,D_atr1h_1.5,month,2025-12,13,91.43143153559825,9.143143153559825,1.791753218244164,6.639127464029294,46.15384615384615,1.0473031121339902,-1.4136308431383535,47.23076923076923,31.0,265.0,44.58984611230736,-18.97823107,2.1213975636454934,4.180722210821006,6,93.38363381583127,"{""counterfactual_D_atr1h_1.5"": 6, ""stop_loss"": 6, ""trailing_stop_loss"": 1}"
3y,D_atr1h_1.5,month,2026-01,12,189.85927225557498,18.985927225557496,4.364625378813416,3.654460177731688,75.0,2.128574061906044,3.550799682589426,47.416666666666664,14.0,325.0,45.86651807843035,-19.33195112,1.4885805747650687,4.810825859107382,9,74.00980696662373,"{""counterfactual_D_atr1h_1.5"": 9, ""stop_loss"": 1, ""trailing_stop_loss"": 2}"
3y,D_atr1h_1.5,month,2026-02,12,142.7712291519694,14.27712291519694,3.181382216196762,4.034132610949008,66.66666666666666,1.792712407479921,3.7043658136131983,24.166666666666668,23.5,73.0,42.48347796697268,-22.38113319,2.2927128091494104,4.973564284294589,8,73.45397321348257,"{""counterfactual_D_atr1h_1.5"": 8, ""stale_loss_72h"": 1, ""stop_loss"": 2, ""trailing_stop_loss"": 1}"
3y,D_atr1h_1.5,month,2026-03,9,-2.274200712286601,-0.2274200712286601,0.9797315155821292,10.934277165010233,33.33333333333333,-0.27172045073951273,-2.7242796990634597,39.77777777777778,39.0,76.0,58.15245551159962,-22.51784396,2.1540586627970337,4.02436154431485,3,100.0,"{""counterfactual_D_atr1h_1.5"": 3, ""stale_loss_72h"": 1, ""stop_loss"": 5}"
3y,D_atr1h_1.5,month,2026-04,4,-9.24536000041487,-0.9245360000414868,0.8491907511330514,5.8271405361530855,25.0,-0.8109997368513453,-2.2522245379966015,21.0,21.0,30.0,52.05963335958513,-22.25873017,2.630002484604458,2.480630145074981,1,100.0,"{""counterfactual_D_atr1h_1.5"": 1, ""stop_loss"": 2, ""trailing_stop_loss"": 1}"
3y,D_atr1h_1.5,month,2026-05,4,4.296348033269155,0.4296348033269155,1.1217770352471603,3.5280445320000013,25.0,-0.47927937097380224,-1.0010173890128058,37.5,32.0,74.0,39.57679335326915,-19.52740337,2.707063751968944,2.7736037102649282,1,100.0,"{""counterfactual_D_atr1h_1.5"": 1, ""stale_loss_72h"": 1, ""trailing_stop_loss"": 2}"
3y,D_atr1h_1.5,month,2026-06,12,43.86281920235565,4.386281920235565,1.390835260022324,8.730158473152184,50.0,0.5064406244405754,0.07837086864376291,25.916666666666668,13.5,73.0,56.17670922649177,-23.48846993,2.487478658601844,3.6609507764378875,5,96.10002473478647,"{""counterfactual_D_atr1h_1.5"": 5, ""force_exit"": 1, ""stale_loss_72h"": 1, ""stop_loss"": 4, ""trailing_stop_loss"": 1}"
3y,D_atr1h_1.5,market_period,pressure_202603_202605,17,-7.223212679432315,-0.7223212679432315,0.965404284395739,10.934277165010233,29.411764705882355,-0.4474470875268356,-2.078238929345367,34.8235294117647,35.0,76.0,58.15245551159962,-22.51784396,2.3961642889098185,3.3668346658937227,5,100.0,"{""counterfactual_D_atr1h_1.5"": 5, ""stale_loss_72h"": 2, ""stop_loss"": 7, ""trailing_stop_loss"": 3}"
3y,D_atr1h_1.5,market_period,strong_202601_202602,24,332.6305014075444,33.263050140754444,3.7292098866266246,3.654460177731688,70.83333333333334,1.9606432346929825,3.7043658136131983,35.791666666666664,19.5,325.0,45.86651807843035,-22.38113319,1.8906466919572396,4.892195071700986,17,44.42950710642542,"{""counterfactual_D_atr1h_1.5"": 17, ""stale_loss_72h"": 1, ""stop_loss"": 3, ""trailing_stop_loss"": 3}"
3y,D_atr1h_1.5,market_period,repair_202606,12,43.86281920235565,4.386281920235565,1.390835260022324,8.730158473152184,50.0,0.5064406244405754,0.07837086864376291,25.916666666666668,13.5,73.0,56.17670922649177,-23.48846993,2.487478658601844,3.6609507764378875,5,96.10002473478647,"{""counterfactual_D_atr1h_1.5"": 5, ""force_exit"": 1, ""stale_loss_72h"": 1, ""stop_loss"": 4, ""trailing_stop_loss"": 1}"
3y,D_atr1h_2.0,all,all,291,663.9024974346835,66.39024974346835,1.3673779804238722,12.999478476498222,44.329896907216494,0.3963280642233988,-1.1497042202794163,29.804123711340207,19.0,327.0,53.83530734879948,-23.48846993,2.2217740705398734,4.0958807903147365,127,9.938303229951178,"{""counterfactual_D_atr1h_2.0"": 127, ""force_exit"": 1, ""stale_flat_120h"": 1, ""stale_loss_72h"": 17, ""stop_loss"": 110, ""swing_exit_long_1d"": 3, ""trailing_stop_loss"": 32}"
3y,D_atr1h_2.0,entry_tag,long_1d_center_compression,47,227.74956461094212,22.774956461094213,1.8342867917207697,8.33266872076498,44.680851063829785,0.8144397227449831,-1.544169535874263,47.723404255319146,16.0,327.0,49.47434903918911,-19.22016428,1.5958894510545605,4.1347209075435964,21,42.67507969058508,"{""counterfactual_D_atr1h_2.0"": 21, ""stop_loss"": 23, ""swing_exit_long_1d"": 3}"
3y,D_atr1h_2.0,entry_tag,short_compression_breakdown,78,181.24186370024327,18.12418637002433,1.3936985070236396,9.763644130979221,44.871794871794876,0.4690930174552945,-0.4023993798349982,28.55128205128205,20.0,82.0,53.83530734879948,-22.51784396,2.4338545121926596,4.264733258887386,34,31.633649684423066,"{""counterfactual_D_atr1h_2.0"": 34, ""force_exit"": 1, ""stale_loss_72h"": 7, ""stop_loss"": 22, ""trailing_stop_loss"": 14}"
3y,D_atr1h_2.0,entry_tag,short_pullback_restart,166,254.91106912349812,25.491106912349814,1.237393055671339,15.518421427167937,43.97590361445783,0.24375629131615587,-1.2092615500294674,25.319277108433734,19.5,121.0,51.29003570198901,-23.48846993,2.2993301107018755,4.005543573095321,72,16.554110314015713,"{""counterfactual_D_atr1h_2.0"": 72, ""stale_flat_120h"": 1, ""stale_loss_72h"": 10, ""stop_loss"": 65, ""trailing_stop_loss"": 18}"
3y,D_atr1h_2.0,pair,ADA/USDT:USDT,32,161.02915649144097,16.102915649144098,2.0423491238204377,4.055554204636501,53.125,0.8200182984720251,1.3178079581569895,25.90625,16.0,73.0,53.83530734879948,-22.25873017,2.0749193811587014,4.288884369312702,16,58.140785906800474,"{""counterfactual_D_atr1h_2.0"": 16, ""force_exit"": 1, ""stale_loss_72h"": 2, ""stop_loss"": 9, ""trailing_stop_loss"": 4}"
3y,D_atr1h_2.0,pair,BNB/USDT:USDT,19,121.66109724774765,12.166109724774765,2.0843557844719687,4.669395097838238,57.89473684210527,1.5559257030466507,2.8105772998724814,33.78947368421053,24.0,144.0,47.51890585421694,-22.48258298,1.797622022529629,4.90513381937245,11,58.34841484181397,"{""counterfactual_D_atr1h_2.0"": 11, ""stop_loss"": 7, ""swing_exit_long_1d"": 1}"
3y,D_atr1h_2.0,pair,BTC/USDT:USDT,37,40.78406777146646,4.078406777146646,1.1747965035463543,5.958720559215436,40.54054054054054,0.44341834706179983,-1.5077925834035404,32.21621621621622,21.0,121.0,41.51595343790712,-23.4204542,1.8357377813103777,3.6782471759029347,14,53.84543535441153,"{""counterfactual_D_atr1h_2.0"": 14, ""stale_flat_120h"": 1, ""stale_loss_72h"": 1, ""stop_loss"": 14, ""swing_exit_long_1d"": 2, ""trailing_stop_loss"": 5}"
3y,D_atr1h_2.0,pair,DOGE/USDT:USDT,20,15.506782605477008,1.550678260547701,1.1237681014286067,4.233545932490982,45.0,0.33071586775371975,-1.088512229400935,19.6,14.0,73.0,29.252372285587473,-23.11526256,2.2798791289211624,4.284090388251707,9,73.88542530416852,"{""counterfactual_D_atr1h_2.0"": 9, ""stale_loss_72h"": 1, ""stop_loss"": 9, ""trailing_stop_loss"": 1}"
3y,D_atr1h_2.0,pair,ETH/USDT:USDT,30,143.34365983440657,14.334365983440655,1.9086264660600805,3.9283053717068674,43.333333333333336,0.9543170691978609,-0.4152173299256356,27.4,20.0,108.0,40.49654512144326,-21.11515786,1.8227250998041773,4.291078064338974,13,59.912131232547836,"{""counterfactual_D_atr1h_2.0"": 13, ""stale_loss_72h"": 5, ""stop_loss"": 7, ""trailing_stop_loss"": 5}"
3y,D_atr1h_2.0,pair,LINK/USDT:USDT,20,-67.2435997156206,-6.724359971562061,0.5744040870518013,6.752281542444323,30.0,-0.8535681169302549,-2.37820286210962,24.5,23.5,76.0,37.411728552114404,-23.48846993,3.313968306506428,3.3478859371470264,6,91.83702230509955,"{""counterfactual_D_atr1h_2.0"": 6, ""stale_loss_72h"": 1, ""stop_loss"": 9, ""trailing_stop_loss"": 4}"
3y,D_atr1h_2.0,pair,NEAR/USDT:USDT,23,-51.26108143967419,-5.12610814396742,0.7323712773467591,6.203914238939441,34.78260869565217,-0.7436091277449133,-3.199821744734933,20.217391304347824,21.0,54.0,39.09153264334518,-19.82609891,2.909766284037794,4.168013432622473,8,81.7408947513947,"{""counterfactual_D_atr1h_2.0"": 8, ""stop_loss"": 11, ""trailing_stop_loss"": 4}"
3y,D_atr1h_2.0,pair,PAXG/USDT:USDT,5,86.76934357057894,8.676934357057894,3.908315072602422,1.5845442898729591,60.0,2.0751242936697287,4.589812552314492,217.0,269.0,327.0,43.46084245069974,-16.15590109,1.4410567522652138,4.099575733162223,3,100.0,"{""counterfactual_D_atr1h_2.0"": 3, ""stop_loss"": 2}"
3y,D_atr1h_2.0,pair,SOL/USDT:USDT,25,20.88409365080355,2.088409365080355,1.1160956652038163,5.480232164636072,44.0,0.16876175513494837,-1.4726264836892875,24.12,19.0,73.0,49.47434903918911,-22.51784396,2.334400126387771,3.731001389858094,11,73.57765182437548,"{""counterfactual_D_atr1h_2.0"": 11, ""stale_loss_72h"": 1, ""stop_loss"": 11, ""trailing_stop_loss"": 2}"
3y,D_atr1h_2.0,pair,SUI/USDT:USDT,19,-8.224711745427994,-0.8224711745427995,0.9309608519630134,3.9306506371065817,42.10526315789473,-0.0917502529343812,-2.146291834938216,21.94736842105263,14.0,73.0,31.324118499601056,-22.17036223,2.4403318880192764,4.125690408491893,8,78.34974694663714,"{""counterfactual_D_atr1h_2.0"": 8, ""stale_loss_72h"": 1, ""stop_loss"": 7, ""trailing_stop_loss"": 3}"
3y,D_atr1h_2.0,pair,TAO/USDT:USDT,12,38.94214984821059,3.8942149848210588,1.5487405985194669,2.027103050321362,58.333333333333336,0.5138529815948311,2.434470123499284,20.75,12.0,86.0,35.54636634207496,-21.48366959,2.7384112774507923,4.158267937842776,7,85.88901189120108,"{""counterfactual_D_atr1h_2.0"": 7, ""stop_loss"": 3, ""trailing_stop_loss"": 2}"
3y,D_atr1h_2.0,pair,XRP/USDT:USDT,36,85.07636787192304,8.507636787192304,1.3681510258902212,6.31265451742047,36.11111111111111,-0.031993144424464534,-1.5555100450389454,31.444444444444443,28.0,77.0,40.78514364619007,-22.44004946,2.14744350705347,3.713572127559805,13,57.74771256200053,"{""counterfactual_D_atr1h_2.0"": 13, ""stale_loss_72h"": 3, ""stop_loss"": 19, ""trailing_stop_loss"": 1}"
3y,D_atr1h_2.0,pair,ZEC/USDT:USDT,13,76.63517144335152,7.663517144335152,2.756231384988172,3.1280358481207498,61.53846153846154,1.8604972048948318,3.261389946297065,27.307692307692307,13.0,73.0,29.04563081176155,-19.33195112,1.7290690293238724,5.5676385906738695,8,78.26332784745613,"{""counterfactual_D_atr1h_2.0"": 8, ""stale_loss_72h"": 2, ""stop_loss"": 2, ""trailing_stop_loss"": 1}"
3y,D_atr1h_2.0,side,long,47,227.74956461094212,22.774956461094213,1.8342867917207697,8.33266872076498,44.680851063829785,0.8144397227449831,-1.544169535874263,47.723404255319146,16.0,327.0,49.47434903918911,-19.22016428,1.5958894510545605,4.1347209075435964,21,42.67507969058508,"{""counterfactual_D_atr1h_2.0"": 21, ""stop_loss"": 23, ""swing_exit_long_1d"": 3}"
3y,D_atr1h_2.0,side,short,244,436.15293282374137,43.61529328237413,1.2842960933937035,13.20785440170483,44.26229508196721,0.3157901627868641,-0.982787002990207,26.352459016393443,20.0,121.0,53.83530734879948,-23.48846993,2.342333812817782,4.088399292323932,106,11.97358603655108,"{""counterfactual_D_atr1h_2.0"": 106, ""force_exit"": 1, ""stale_flat_120h"": 1, ""stale_loss_72h"": 17, ""stop_loss"": 87, ""trailing_stop_loss"": 32}"
3y,D_atr1h_2.0,month,2023-08,17,21.0381888195477,2.10381888195477,1.3005200708493418,4.113081364000005,23.52941176470588,0.3896156831688866,-1.451761973238025,40.294117647058826,34.0,108.0,38.605350678387765,-8.04651781,1.8071052085967483,4.397987027938807,4,100.0,"{""counterfactual_D_atr1h_2.0"": 4, ""stale_loss_72h"": 4, ""stop_loss"": 8, ""trailing_stop_loss"": 1}"
3y,D_atr1h_2.0,month,2023-09,9,-42.39026643,-4.239026643,0.0,4.2390266430000105,0.0,-1.5553386223306822,-1.4516404810934107,43.666666666666664,43.0,75.0,-0.32414622,-7.84673411,2.36686480228571,2.1074218087885996,0,0.0,"{""stale_loss_72h"": 2, ""stop_loss"": 4, ""trailing_stop_loss"": 3}"
3y,D_atr1h_2.0,month,2023-10,4,7.86090003381996,0.786090003381996,1.5570564666330724,1.3914217534014415,50.0,0.6155930030411496,0.18317455306877495,18.75,20.0,35.0,14.178184687951825,-7.3982703,1.5196689186077945,4.223103716936268,2,100.0,"{""counterfactual_D_atr1h_2.0"": 2, ""stop_loss"": 2}"
3y,D_atr1h_2.0,month,2023-11,4,-26.938137400000002,-2.6938137400000004,0.0,2.693813740000007,0.0,-1.9736359631086962,-2.0921266359383215,27.5,6.5,97.0,-5.10566745,-7.54531354,2.3446778148558662,1.1052352660291747,0,0.0,"{""stop_loss"": 3, ""swing_exit_long_1d"": 1}"
3y,D_atr1h_2.0,month,2023-12,3,-5.88672827216489,-0.5886728272164891,0.5914355774826716,1.4408323259999976,33.33333333333333,0.189781558450785,-2.097012581701798,4.0,4.0,7.0,8.52159498783511,-7.21483345,1.974782532873208,2.9580256720215936,1,100.0,"{""counterfactual_D_atr1h_2.0"": 1, ""stop_loss"": 2}"
3y,D_atr1h_2.0,month,2024-01,9,37.53729690012326,3.753729690012326,2.5184287608131384,1.2051511515002786,55.55555555555556,1.6062398732479366,2.9310294160390558,17.77777777777778,18.0,37.0,20.956873024675186,-6.72809798,1.8332656767386297,4.7904519141783375,5,100.0,"{""counterfactual_D_atr1h_2.0"": 5, ""stop_loss"": 4}"
3y,D_atr1h_2.0,month,2024-02,5,71.08954428624867,7.108954428624867,inf,0.0,100.0,4.066095841995862,3.7766842683674695,48.8,38.0,144.0,20.041974724490316,8.66504776330475,0.4971298816673061,6.188535670510666,5,100.0,"{""counterfactual_D_atr1h_2.0"": 5}"
3y,D_atr1h_2.0,month,2024-03,2,7.406887597535812,0.7406887597535813,1.8354650344563903,0.8723631511494875,50.0,0.9098511794765187,0.9098511794765187,7.0,7.0,14.0,16.272474177535813,-8.86558658,1.8147274764992982,6.5175078198042575,1,100.0,"{""counterfactual_D_atr1h_2.0"": 1, ""stop_loss"": 1}"
3y,D_atr1h_2.0,month,2024-04,7,-11.343368262032481,-1.134336826203248,0.6813759283618728,2.7966317455787335,28.57142857142857,-0.4545615218193125,-2.118623431875916,20.857142857142858,7.0,73.0,15.30139482597666,-9.05807259,2.5444582204315878,3.032452223483637,2,100.0,"{""counterfactual_D_atr1h_2.0"": 2, ""stale_loss_72h"": 1, ""stop_loss"": 3, ""trailing_stop_loss"": 1}"
3y,D_atr1h_2.0,month,2024-05,7,-48.75412072,-4.8754120720000005,0.0,4.875412071999994,0.0,-2.6171006474032397,-2.8205579528708737,37.714285714285715,34.0,73.0,-1.8453505,-8.96616751,3.1978049478142228,2.284580055809097,0,0.0,"{""stale_loss_72h"": 2, ""stop_loss"": 2, ""trailing_stop_loss"": 3}"
3y,D_atr1h_2.0,month,2024-06,18,-71.24712474768158,-7.124712474768158,0.34394582855557454,7.12471247476816,16.666666666666664,-1.3081240305977724,-2.10485229179878,26.444444444444443,14.0,82.0,16.303998574506934,-9.00028322,2.5905035244815253,2.2962880440570306,3,100.0,"{""counterfactual_D_atr1h_2.0"": 3, ""stale_loss_72h"": 2, ""stop_loss"": 11, ""trailing_stop_loss"": 2}"
3y,D_atr1h_2.0,month,2024-07,7,23.495109982523584,2.3495109982523585,1.9163893379798045,2.443804927291857,57.14285714285714,1.6667811331919469,2.517149980024649,13.285714285714286,10.0,24.0,17.341269476712064,-8.67375793,2.5793690991089786,5.256098232085706,4,100.0,"{""counterfactual_D_atr1h_2.0"": 4, ""stop_loss"": 2, ""trailing_stop_loss"": 1}"
3y,D_atr1h_2.0,month,2024-08,6,25.537519262398618,2.553751926239862,2.413183973971296,1.7315794600085577,66.66666666666666,1.2063546528437135,3.033149009515477,27.666666666666668,24.5,45.0,20.08294310906449,-9.15032465,2.2683160348420923,5.191362065295261,4,100.0,"{""counterfactual_D_atr1h_2.0"": 4, ""stop_loss"": 2}"
3y,D_atr1h_2.0,month,2024-09,6,119.39538964955814,11.939538964955814,inf,0.0,100.0,5.3121696774457305,5.409031349742089,33.5,34.5,58.0,29.04563081176155,12.347237526215169,0.6509628134900547,7.931573032439681,6,89.65853073350989,"{""counterfactual_D_atr1h_2.0"": 6}"
3y,D_atr1h_2.0,month,2024-10,9,28.49231494336584,2.849231494336584,1.5699636180125867,4.9517078833098305,44.44444444444444,0.6280687892254575,-2.117777510719016,29.22222222222222,22.0,63.0,29.252372285587473,-10.28070083,2.452917053977523,4.5347902119716474,4,100.0,"{""counterfactual_D_atr1h_2.0"": 4, ""stop_loss"": 4, ""trailing_stop_loss"": 1}"
3y,D_atr1h_2.0,month,2024-11,7,16.352872260730855,1.6352872260730855,1.564916615216697,1.8035031379804622,57.14285714285714,0.7823253405039398,2.697802451446828,19.142857142857142,13.0,63.0,13.967423346536796,-10.28080009,1.387162876593613,5.04826332379593,4,100.0,"{""counterfactual_D_atr1h_2.0"": 4, ""stop_loss"": 3}"
3y,D_atr1h_2.0,month,2024-12,2,13.33582865214342,1.333582865214342,inf,0.0,100.0,1.862542946835813,1.862542946835813,4.0,4.0,7.0,7.046770974792761,6.28905767735066,1.034470648123071,7.321379908680882,2,100.0,"{""counterfactual_D_atr1h_2.0"": 2}"
3y,D_atr1h_2.0,month,2025-01,9,-3.7924090161208133,-0.3792409016120813,0.937811447886367,3.8007851340000003,33.33333333333333,-0.46290258283507063,-2.5485540357887193,14.444444444444445,6.0,54.0,24.208154434303378,-11.58273025,2.715417152335612,3.7659790258034107,3,100.0,"{""counterfactual_D_atr1h_2.0"": 3, ""stop_loss"": 3, ""trailing_stop_loss"": 3}"
3y,D_atr1h_2.0,month,2025-02,15,131.11129829488954,13.111129829488954,7.063986589641923,1.9128226868798202,80.0,2.4064532492442616,2.932500427264753,22.333333333333332,18.0,73.0,37.411728552114404,-11.64792486,1.3747622951829779,5.97355944340508,12,59.62162311227773,"{""counterfactual_D_atr1h_2.0"": 12, ""stale_loss_72h"": 1, ""stop_loss"": 2}"
3y,D_atr1h_2.0,month,2025-03,11,-20.470569857941335,-2.0470569857941334,0.7779631812042618,5.4794348209896215,36.36363636363637,-0.3843992802384448,-2.492033418283945,10.909090909090908,12.0,25.0,25.726557394396746,-14.1650642,2.765877396066514,3.0813030594063227,4,100.0,"{""counterfactual_D_atr1h_2.0"": 4, ""stop_loss"": 5, ""trailing_stop_loss"": 2}"
3y,D_atr1h_2.0,month,2025-04,7,14.790938771180446,1.4790938771180446,1.2759143256811547,3.836265155217738,42.857142857142854,0.4262523569289466,-2.1711180785981643,17.285714285714285,19.0,28.0,30.380586217591862,-14.75962589,2.812745943635438,4.1486310422385015,3,100.0,"{""counterfactual_D_atr1h_2.0"": 3, ""stop_loss"": 3, ""trailing_stop_loss"": 1}"
3y,D_atr1h_2.0,month,2025-05,5,-67.86532462,-6.786532462,0.0,6.786532461999991,0.0,-2.403955122518287,-2.1450386898922007,37.8,36.0,90.0,-11.76171956,-14.82484701,2.549928445082637,1.8826727891336592,0,0.0,"{""stop_loss"": 5}"
3y,D_atr1h_2.0,month,2025-06,16,10.300062288440841,1.030006228844084,1.0882914400235,4.367852915000004,43.75,0.025231553606028086,-1.4294317556230713,23.8125,13.0,86.0,31.324118499601056,-15.2189362,2.4253510661546964,3.896670717348044,7,78.89058613808359,"{""counterfactual_D_atr1h_2.0"": 7, ""stale_loss_72h"": 1, ""stop_loss"": 5, ""trailing_stop_loss"": 3}"
3y,D_atr1h_2.0,month,2025-07,4,46.17829981893646,4.617829981893646,3.1432421389230565,1.4914735360000009,50.0,1.381235604149639,1.473844063920202,41.5,21.0,104.0,40.3865494309892,-14.91473536,1.7267502246765618,4.656447429478841,2,100.0,"{""counterfactual_D_atr1h_2.0"": 2, ""stop_loss"": 1, ""swing_exit_long_1d"": 1}"
3y,D_atr1h_2.0,month,2025-08,6,-28.70228163855674,-2.8702281638556744,0.5852201116342057,6.650558051773562,16.666666666666664,-1.132226908745066,-1.8768286505288816,35.0,24.0,110.0,40.49654512144326,-16.10457832,3.6538412771281816,3.6664568468519465,1,100.0,"{""counterfactual_D_atr1h_2.0"": 1, ""stop_loss"": 3, ""swing_exit_long_1d"": 1, ""trailing_stop_loss"": 1}"
3y,D_atr1h_2.0,month,2025-09,10,49.09951739744109,4.909951739744109,1.800474117971705,2.945254501996608,60.0,0.8647085720008391,1.4390984558418587,45.1,31.0,121.0,49.47434903918911,-15.90647583,2.3660965960124205,4.062537486662048,5,99.56714294483501,"{""counterfactual_D_atr1h_2.0"": 5, ""stale_flat_120h"": 1, ""stop_loss"": 3, ""trailing_stop_loss"": 1}"
3y,D_atr1h_2.0,month,2025-10,8,35.17508109752661,3.517508109752661,1.5363817449408277,6.121463682820578,50.0,0.25260168786954823,0.36551322859482194,52.125,17.5,318.0,33.27191837673194,-16.99086285,2.463269362177305,3.329582749446182,4,100.0,"{""counterfactual_D_atr1h_2.0"": 4, ""stop_loss"": 3, ""trailing_stop_loss"": 1}"
3y,D_atr1h_2.0,month,2025-11,12,-27.193139747132776,-2.7193139747132773,0.7311020061896747,3.5299848383674024,50.0,-0.12423444690389125,0.030558213000416723,24.916666666666668,15.5,85.0,20.184129804554825,-17.7691815,2.650103270223461,4.329643571883577,6,87.69541791198891,"{""counterfactual_D_atr1h_2.0"": 6, ""stop_loss"": 6}"
3y,D_atr1h_2.0,month,2025-12,13,69.80736141390074,6.980736141390073,1.604498935741483,6.701668867066189,46.15384615384615,0.7750645660276934,-1.4136308431383535,47.61538461538461,32.0,269.0,40.78514364619007,-18.97823107,2.1213975636454934,4.184081132431141,6,94.56220341319698,"{""counterfactual_D_atr1h_2.0"": 6, ""stop_loss"": 6, ""trailing_stop_loss"": 1}"
3y,D_atr1h_2.0,month,2026-01,12,167.33273107222564,16.733273107222566,3.965417211301032,3.6654416027599344,75.0,1.7947629133688006,2.9345074974068153,48.0,16.0,327.0,43.46084245069974,-19.33195112,1.4885805747650687,4.8986470158815285,9,77.41186795595524,"{""counterfactual_D_atr1h_2.0"": 9, ""stop_loss"": 1, ""trailing_stop_loss"": 2}"
3y,D_atr1h_2.0,month,2026-02,12,123.52113104762797,12.352113104762799,2.887262582190136,4.062286607276053,66.66666666666666,1.5258428157450947,3.0149947612739574,25.5,24.5,73.0,38.01670939929686,-22.38113319,2.2927128091494104,5.212840330438301,8,77.54588120135078,"{""counterfactual_D_atr1h_2.0"": 8, ""stale_loss_72h"": 1, ""stop_loss"": 2, ""trailing_stop_loss"": 1}"
3y,D_atr1h_2.0,month,2026-03,9,-7.417885095567766,-0.7417885095567767,0.9338891736068881,10.914622883822302,33.33333333333333,-0.3208293088389042,-2.7242796990634597,40.22222222222222,39.0,76.0,53.83530734879948,-22.51784396,2.1540586627970337,4.144392079279394,3,100.0,"{""counterfactual_D_atr1h_2.0"": 3, ""stale_loss_72h"": 1, ""stop_loss"": 5}"
3y,D_atr1h_2.0,month,2026-04,4,-13.786087505783058,-1.3786087505783058,0.7751229263687003,5.852399705378848,25.0,-0.9277804986977087,-2.2522245379966015,21.5,22.0,30.0,47.51890585421694,-22.25873017,2.630002484604458,2.480630145074981,1,100.0,"{""counterfactual_D_atr1h_2.0"": 1, ""stop_loss"": 2, ""trailing_stop_loss"": 1}"
3y,D_atr1h_2.0,month,2026-05,4,0.3972092743589076,0.039720927435890764,1.0112586241686052,3.5280445320000013,25.0,-0.5814526650030852,-1.0010173890128058,37.5,32.0,74.0,35.677654594358906,-19.52740337,2.707063751968944,2.7736037102649282,1,100.0,"{""counterfactual_D_atr1h_2.0"": 1, ""stale_loss_72h"": 1, ""trailing_stop_loss"": 2}"
3y,D_atr1h_2.0,month,2026-06,12,20.434457883140844,2.0434457883140844,1.1820791915660465,8.913824987002206,50.0,0.2000373501770508,0.07837086864376291,25.916666666666668,13.5,73.0,51.29003570198901,-23.48846993,2.487478658601844,3.6609507764378875,5,95.41128618896695,"{""counterfactual_D_atr1h_2.0"": 5, ""force_exit"": 1, ""stale_loss_72h"": 1, ""stop_loss"": 4, ""trailing_stop_loss"": 1}"
3y,D_atr1h_2.0,market_period,pressure_202603_202605,17,-20.806763326991916,-2.0806763326991917,0.900345608159173,10.914622883822302,29.411764705882355,-0.5249644961384302,-2.078238929345367,35.1764705882353,35.0,76.0,53.83530734879948,-22.51784396,2.3961642889098185,3.430380243227893,5,100.0,"{""counterfactual_D_atr1h_2.0"": 5, ""stale_loss_72h"": 2, ""stop_loss"": 7, ""trailing_stop_loss"": 3}"
3y,D_atr1h_2.0,market_period,strong_202601_202602,24,290.8538621198536,29.08538621198536,3.38643549735225,3.6654416027599344,70.83333333333334,1.6603028645569478,3.0149947612739574,36.75,22.0,327.0,43.46084245069974,-22.38113319,1.8906466919572396,5.055743673159915,17,46.62115164423127,"{""counterfactual_D_atr1h_2.0"": 17, ""stale_loss_72h"": 1, ""stop_loss"": 3, ""trailing_stop_loss"": 3}"
3y,D_atr1h_2.0,market_period,repair_202606,12,20.434457883140844,2.0434457883140844,1.1820791915660465,8.913824987002206,50.0,0.2000373501770508,0.07837086864376291,25.916666666666668,13.5,73.0,51.29003570198901,-23.48846993,2.487478658601844,3.6609507764378875,5,95.41128618896695,"{""counterfactual_D_atr1h_2.0"": 5, ""force_exit"": 1, ""stale_loss_72h"": 1, ""stop_loss"": 4, ""trailing_stop_loss"": 1}"
3y,D_atr1h_2.5,all,all,291,827.5766015453987,82.75766015453986,1.4579489031847055,12.362096142196265,44.329896907216494,0.5384803942986648,-1.1497042202794163,31.415807560137456,22.0,335.0,116.78949651940532,-23.48846993,2.2283694048119713,4.599872934055669,127,13.243071331062605,"{""counterfactual_D_atr1h_2.5"": 127, ""force_exit"": 1, ""stale_flat_120h"": 1, ""stale_loss_72h"": 17, ""stop_loss"": 110, ""swing_exit_long_1d"": 3, ""trailing_stop_loss"": 32}"
3y,D_atr1h_2.5,entry_tag,long_1d_center_compression,47,199.85903030264018,19.98590303026402,1.732118849370581,8.892503407939039,44.680851063829785,0.7074050256497245,-1.544169535874263,48.702127659574465,19.0,335.0,51.38700624133988,-19.22016428,1.6367243930371236,4.372797866413618,21,45.43723226787465,"{""counterfactual_D_atr1h_2.5"": 21, ""stop_loss"": 23, ""swing_exit_long_1d"": 3}"
3y,D_atr1h_2.5,entry_tag,short_compression_breakdown,78,218.62980923510807,21.862980923510808,1.4749136194554022,8.644089669078372,44.871794871794876,0.6915738002675527,-0.4023993798349982,30.23076923076923,23.0,84.0,49.51815918599935,-22.51784396,2.4338545121926596,4.887799691476183,34,27.89775174966517,"{""counterfactual_D_atr1h_2.5"": 34, ""force_exit"": 1, ""stale_loss_72h"": 7, ""stop_loss"": 22, ""trailing_stop_loss"": 14}"
3y,D_atr1h_2.5,entry_tag,short_pullback_restart,166,409.08776200765044,40.90877620076505,1.3809744088190068,15.300206287502855,43.97590361445783,0.41871688020786313,-1.2092615500294674,27.07831325301205,22.0,121.0,116.78949651940532,-23.48846993,2.2993301107018755,4.5288743864675745,72,22.712110845854966,"{""counterfactual_D_atr1h_2.5"": 72, ""stale_flat_120h"": 1, ""stale_loss_72h"": 10, ""stop_loss"": 65, ""trailing_stop_loss"": 18}"
3y,D_atr1h_2.5,pair,ADA/USDT:USDT,32,180.3368680366448,18.03368680366448,2.1673288271898126,4.597188512171483,53.125,1.0232495181339891,0.7569973791843565,28.6875,19.0,79.0,49.51815918599935,-22.25873017,2.134895702195591,4.9162804348259606,16,57.99524378096616,"{""counterfactual_D_atr1h_2.5"": 16, ""force_exit"": 1, ""stale_loss_72h"": 2, ""stop_loss"": 9, ""trailing_stop_loss"": 4}"
3y,D_atr1h_2.5,pair,BNB/USDT:USDT,19,145.4077565551929,14.540775655519289,2.296007889906108,4.768562684135039,57.89473684210527,1.8323349198955112,2.225785218537607,34.94736842105263,25.0,144.0,44.1907309466265,-22.48258298,1.797622022529629,5.6015334481445125,11,66.24173352446228,"{""counterfactual_D_atr1h_2.5"": 11, ""stop_loss"": 7, ""swing_exit_long_1d"": 1}"
3y,D_atr1h_2.5,pair,BTC/USDT:USDT,37,85.6375451445451,8.56375451445451,1.3670340964378336,6.259855098777053,40.54054054054054,0.6561284333067193,-1.5077925834035404,33.891891891891895,21.0,121.0,84.81903374095876,-23.4204542,1.8357377813103777,4.148443474939082,14,62.47985524939267,"{""counterfactual_D_atr1h_2.5"": 14, ""stale_flat_120h"": 1, ""stale_loss_72h"": 1, ""stop_loss"": 14, ""swing_exit_long_1d"": 2, ""trailing_stop_loss"": 5}"
3y,D_atr1h_2.5,pair,DOGE/USDT:USDT,20,8.138061939579568,0.8138061939579568,1.0649543171653424,4.9694465045271174,45.0,0.3436870228569004,-1.088512229400935,21.0,19.5,73.0,29.26581844822067,-23.11526256,2.2798791289211624,4.770568855300066,9,73.37044424596056,"{""counterfactual_D_atr1h_2.5"": 9, ""stale_loss_72h"": 1, ""stop_loss"": 9, ""trailing_stop_loss"": 1}"
3y,D_atr1h_2.5,pair,ETH/USDT:USDT,30,175.41200191480766,17.541200191480765,2.1119012001542257,3.9377557273619272,43.333333333333336,1.2369619913876706,-0.4152173299256356,29.0,22.5,108.0,44.59096376041464,-21.11515786,1.8227250998041773,4.961358065496636,13,55.31170361071236,"{""counterfactual_D_atr1h_2.5"": 13, ""stale_loss_72h"": 5, ""stop_loss"": 7, ""trailing_stop_loss"": 5}"
3y,D_atr1h_2.5,pair,LINK/USDT:USDT,20,-61.7114712621828,-6.17114712621828,0.6094178470177277,6.1757462222654,30.0,-0.82142821933813,-2.37820286210962,26.95,26.0,76.0,33.915371490143016,-23.48846993,3.313968306506428,3.5684553139102992,6,91.53668153288926,"{""counterfactual_D_atr1h_2.5"": 6, ""stale_loss_72h"": 1, ""stop_loss"": 9, ""trailing_stop_loss"": 4}"
3y,D_atr1h_2.5,pair,NEAR/USDT:USDT,23,-62.794936598865426,-6.279493659886542,0.6721542308696089,7.0401386936971235,34.78260869565217,-0.8978329435162179,-3.199821744734933,20.869565217391305,21.0,54.0,34.059551554181475,-19.82609891,2.909766284037794,4.3668355056239365,8,84.49552347544774,"{""counterfactual_D_atr1h_2.5"": 8, ""stop_loss"": 11, ""trailing_stop_loss"": 4}"
3y,D_atr1h_2.5,pair,PAXG/USDT:USDT,5,92.68395984340798,9.268395984340797,4.106559832180859,1.5858839533703424,60.0,2.2104422401268375,4.470998384748816,218.8,270.0,335.0,51.38700624133988,-16.15590109,1.4410567522652138,4.349503079863763,3,100.0,"{""counterfactual_D_atr1h_2.5"": 3, ""stop_loss"": 2}"
3y,D_atr1h_2.5,pair,SOL/USDT:USDT,25,107.9100481883112,10.79100481883112,1.5998770660615105,4.4276404356157615,44.0,1.0192765642229538,-1.4726264836892875,26.52,21.0,73.0,116.78949651940532,-22.51784396,2.334400126387771,5.073177863461832,11,84.05791754315946,"{""counterfactual_D_atr1h_2.5"": 11, ""stale_loss_72h"": 1, ""stop_loss"": 11, ""trailing_stop_loss"": 2}"
3y,D_atr1h_2.5,pair,SUI/USDT:USDT,19,-22.86043428403657,-2.2860434284036573,0.8081069640400781,3.9871770273607936,42.10526315789473,-0.22608774795003733,-2.146291834938216,22.63157894736842,14.0,73.0,26.95549393950137,-22.17036223,2.4403318880192764,4.366647389139963,8,78.35512334895857,"{""counterfactual_D_atr1h_2.5"": 8, ""stale_loss_72h"": 1, ""stop_loss"": 7, ""trailing_stop_loss"": 3}"
3y,D_atr1h_2.5,pair,TAO/USDT:USDT,12,32.33022821192084,3.2330228211920837,1.4555708621232066,2.289623556244064,58.333333333333336,0.34601717946298965,1.75111877792957,20.916666666666668,12.5,86.0,30.455125317593737,-21.48366959,2.7384112774507923,4.430522231905923,7,89.0039854872689,"{""counterfactual_D_atr1h_2.5"": 7, ""stop_loss"": 3, ""trailing_stop_loss"": 2}"
3y,D_atr1h_2.5,pair,XRP/USDT:USDT,36,43.40694637706807,4.3406946377068065,1.1878349092610154,7.521242316411667,36.11111111111111,-0.24044016640123878,-1.5555100450389454,31.944444444444443,28.0,82.0,43.812035978297075,-22.44004946,2.14744350705347,3.7350430075057264,13,62.01543289711678,"{""counterfactual_D_atr1h_2.5"": 13, ""stale_loss_72h"": 3, ""stop_loss"": 19, ""trailing_stop_loss"": 1}"
3y,D_atr1h_2.5,pair,ZEC/USDT:USDT,13,103.68002747900542,10.368002747900542,3.376012408214718,3.0924692777298946,61.53846153846154,2.3249229446814876,3.169651437757344,31.46153846153846,25.0,73.0,35.365276461526285,-19.33195112,1.7290690293238724,6.6223835690168515,8,85.62072471772983,"{""counterfactual_D_atr1h_2.5"": 8, ""stale_loss_72h"": 2, ""stop_loss"": 2, ""trailing_stop_loss"": 1}"
3y,D_atr1h_2.5,side,long,47,199.85903030264018,19.98590303026402,1.732118849370581,8.892503407939039,44.680851063829785,0.7074050256497245,-1.544169535874263,48.702127659574465,19.0,335.0,51.38700624133988,-19.22016428,1.6367243930371236,4.372797866413618,21,45.43723226787465,"{""counterfactual_D_atr1h_2.5"": 21, ""stop_loss"": 23, ""swing_exit_long_1d"": 3}"
3y,D_atr1h_2.5,side,short,244,627.7175712427585,62.77175712427585,1.4091630247755749,13.440855025250423,44.26229508196721,0.5059416333416983,-0.982787002990207,28.08606557377049,22.0,121.0,116.78949651940532,-23.48846993,2.342333812817782,4.6436128036424575,106,15.825251036036555,"{""counterfactual_D_atr1h_2.5"": 106, ""force_exit"": 1, ""stale_flat_120h"": 1, ""stale_loss_72h"": 17, ""stop_loss"": 87, ""trailing_stop_loss"": 32}"
3y,D_atr1h_2.5,month,2023-08,17,20.77371537400605,2.077371537400605,1.2967421991288401,4.113081364000005,23.52941176470588,0.38001723307666113,-1.451761973238025,41.588235294117645,34.0,108.0,36.11391336798473,-8.04651781,1.8071052085967483,4.533213532333669,4,100.0,"{""counterfactual_D_atr1h_2.5"": 4, ""stale_loss_72h"": 4, ""stop_loss"": 8, ""trailing_stop_loss"": 1}"
3y,D_atr1h_2.5,month,2023-09,9,-42.39026643,-4.239026643,0.0,4.2390266430000105,0.0,-1.5553386223306822,-1.4516404810934107,43.666666666666664,43.0,75.0,-0.32414622,-7.84673411,2.36686480228571,2.1074218087885996,0,0.0,"{""stale_loss_72h"": 2, ""stop_loss"": 4, ""trailing_stop_loss"": 3}"
3y,D_atr1h_2.5,month,2023-10,4,5.1999178329344184,0.5199917832934419,1.3684880665489318,1.393822053605666,50.0,0.3951270370827715,0.04492902820430311,21.25,25.0,35.0,12.431668984939792,-7.3982703,1.5196689186077945,4.223103716936268,2,100.0,"{""counterfactual_D_atr1h_2.5"": 2, ""stop_loss"": 2}"
3y,D_atr1h_2.5,month,2023-11,4,-26.938137400000002,-2.6938137400000004,0.0,2.693813740000007,0.0,-1.9736359631086962,-2.0921266359383215,27.5,6.5,97.0,-5.10566745,-7.54531354,2.3446778148558662,1.1052352660291747,0,0.0,"{""stop_loss"": 3, ""swing_exit_long_1d"": 1}"
3y,D_atr1h_2.5,month,2023-12,3,-7.407235077706136,-0.7407235077706136,0.4859058237352363,1.4408323259999976,33.33333333333333,-0.09419528922705878,-2.097012581701798,4.0,4.0,7.0,7.001088182293865,-7.21483345,1.974782532873208,2.9580256720215936,1,100.0,"{""counterfactual_D_atr1h_2.5"": 1, ""stop_loss"": 2}"
3y,D_atr1h_2.5,month,2024-01,9,31.857478846966718,3.185747884696672,2.288673296240242,1.2059573586831651,55.55555555555556,1.3847160345707872,2.684835627645728,20.0,19.0,39.0,19.79951384590307,-6.72809798,1.8332656767386297,4.8849263139202606,5,100.0,"{""counterfactual_D_atr1h_2.5"": 5, ""stop_loss"": 4}"
3y,D_atr1h_2.5,month,2024-02,5,76.17456264387317,7.617456264387318,inf,0.0,100.0,4.4862446494457116,4.498344259366947,51.8,38.0,144.0,20.81954377519327,8.092118228414307,0.4971298816673061,7.328722586398519,5,100.0,"{""counterfactual_D_atr1h_2.5"": 5}"
3y,D_atr1h_2.5,month,2024-03,2,2.640081141919749,0.2640081141919749,1.2977897872968207,0.876474236666098,50.0,0.32895836256010824,0.32895836256010824,7.0,7.0,14.0,11.50566772191975,-8.86558658,1.8147274764992982,6.5175078198042575,1,100.0,"{""counterfactual_D_atr1h_2.5"": 1, ""stop_loss"": 1}"
3y,D_atr1h_2.5,month,2024-04,7,-15.654673350040614,-1.5654673350040615,0.5602756035303846,2.8797188212511404,28.57142857142857,-0.669475877712387,-2.118623431875916,20.857142857142858,7.0,73.0,13.142514862470833,-9.05807259,2.5444582204315878,3.032452223483637,2,100.0,"{""counterfactual_D_atr1h_2.5"": 2, ""stale_loss_72h"": 1, ""stop_loss"": 3, ""trailing_stop_loss"": 1}"
3y,D_atr1h_2.5,month,2024-05,7,-48.75412072,-4.8754120720000005,0.0,4.875412071999994,0.0,-2.6171006474032397,-2.8205579528708737,37.714285714285715,34.0,73.0,-1.8453505,-8.96616751,3.1978049478142228,2.284580055809097,0,0.0,"{""stale_loss_72h"": 2, ""stop_loss"": 2, ""trailing_stop_loss"": 3}"
3y,D_atr1h_2.5,month,2024-06,18,-45.19975166065665,-4.519975166065665,0.5837939323131656,6.803481901139666,16.666666666666664,-0.9472028022754261,-2.10485229179878,27.166666666666668,16.5,84.0,42.023719229729146,-9.00028322,2.5905035244815253,2.828267757793785,3,100.0,"{""counterfactual_D_atr1h_2.5"": 3, ""stale_loss_72h"": 2, ""stop_loss"": 11, ""trailing_stop_loss"": 2}"
3y,D_atr1h_2.5,month,2024-07,7,19.255472787728223,1.9255472787728223,1.7510290427905935,2.4537206160622964,57.14285714285714,1.4220190626884321,3.10149773502556,14.0,12.0,24.0,15.78834074589008,-8.67375793,2.5793690991089786,5.512847941236426,4,100.0,"{""counterfactual_D_atr1h_2.5"": 4, ""stop_loss"": 2, ""trailing_stop_loss"": 1}"
3y,D_atr1h_2.5,month,2024-08,6,26.114288031049853,2.6114288031049853,2.445100949624652,1.7306230004115157,66.66666666666666,1.2852306924136978,3.2748088344767625,29.0,24.5,52.0,18.282001386330617,-9.15032465,2.2683160348420923,5.890309046488069,4,100.0,"{""counterfactual_D_atr1h_2.5"": 4, ""stop_loss"": 2}"
3y,D_atr1h_2.5,month,2024-09,6,107.14972439162408,10.714972439162409,inf,0.0,100.0,4.778967311731169,4.7525599484803465,34.5,35.0,58.0,25.75396740970195,10.74188475776894,0.6509628134900547,7.931573032439681,6,89.97488344579574,"{""counterfactual_D_atr1h_2.5"": 6}"
3y,D_atr1h_2.5,month,2024-10,9,15.138644494093427,1.5138644494093427,1.3028352243336716,4.962358558644951,44.44444444444444,0.23042110574578675,-2.117777510719016,29.666666666666668,22.0,63.0,22.415961981149657,-10.28070083,2.452917053977523,4.5347902119716474,4,100.0,"{""counterfactual_D_atr1h_2.5"": 4, ""stop_loss"": 4, ""trailing_stop_loss"": 1}"
3y,D_atr1h_2.5,month,2024-11,7,0.3819395684135305,0.03819395684135305,1.013194257544812,1.8317683538748468,57.14285714285714,0.2131506329106936,1.2179018787800435,19.142857142857142,13.0,63.0,9.485345069447774,-10.28080009,1.387162876593613,5.04826332379593,4,100.0,"{""counterfactual_D_atr1h_2.5"": 4, ""stop_loss"": 3}"
3y,D_atr1h_2.5,month,2024-12,2,5.579921044468609,0.5579921044468609,inf,0.0,100.0,0.8662446820236531,0.8662446820236531,10.0,10.0,13.0,3.8385841466883326,1.7413368977802766,1.994091784713305,8.118987087145483,2,100.0,"{""counterfactual_D_atr1h_2.5"": 2}"
3y,D_atr1h_2.5,month,2025-01,9,-6.363919972679994,-0.6363919972679994,0.8956433846703542,3.8007851340000003,33.33333333333333,-0.5659668101682258,-2.5485540357887193,15.88888888888889,6.0,54.0,27.163496347617762,-11.58273025,2.715417152335612,4.058822511850992,3,100.0,"{""counterfactual_D_atr1h_2.5"": 3, ""stop_loss"": 3, ""trailing_stop_loss"": 3}"
3y,D_atr1h_2.5,month,2025-02,15,167.09969768848322,16.70996976884832,8.728474502915343,1.8576996415435012,80.0,3.354290791680719,2.562588636680399,26.866666666666667,22.0,73.0,33.915371490143016,-11.64792486,1.3747622951829779,7.711065595693518,12,68.82810336602509,"{""counterfactual_D_atr1h_2.5"": 12, ""stale_loss_72h"": 1, ""stop_loss"": 2}"
3y,D_atr1h_2.5,month,2025-03,11,-16.001913552425734,-1.6001913552425733,0.8264330693047772,5.633056312091167,36.36363636363637,-0.2270428049777996,-2.492033418283945,13.090909090909092,16.0,25.0,29.26581844822067,-14.1650642,2.765877396066514,3.6053485362615856,4,100.0,"{""counterfactual_D_atr1h_2.5"": 4, ""stop_loss"": 5, ""trailing_stop_loss"": 2}"
3y,D_atr1h_2.5,month,2025-04,7,6.188119588975585,0.6188119588975585,1.1154349206659773,3.867796255444688,42.857142857142854,0.1592589257532355,-2.1711180785981643,17.285714285714285,19.0,28.0,26.683755811989805,-14.75962589,2.812745943635438,4.1486310422385015,3,100.0,"{""counterfactual_D_atr1h_2.5"": 3, ""stop_loss"": 3, ""trailing_stop_loss"": 1}"
3y,D_atr1h_2.5,month,2025-05,5,-67.86532462,-6.786532462,0.0,6.786532461999991,0.0,-2.403955122518287,-2.1450386898922007,37.8,36.0,90.0,-11.76171956,-14.82484701,2.549928445082637,1.8826727891336592,0,0.0,"{""stop_loss"": 5}"
3y,D_atr1h_2.5,month,2025-06,16,-13.03785646694885,-1.3037856466948852,0.8882403727229432,4.367852915000004,43.75,-0.2954054313204759,-1.4294317556230713,23.8125,13.0,86.0,26.95549393950137,-15.2189362,2.4253510661546964,3.896670717348044,7,80.1004030469655,"{""counterfactual_D_atr1h_2.5"": 7, ""stale_loss_72h"": 1, ""stop_loss"": 5, ""trailing_stop_loss"": 3}"
3y,D_atr1h_2.5,month,2025-07,4,39.30694526617055,3.930694526617055,2.8243266161187814,1.4914735360000009,50.0,1.1244041520923096,1.290310898429408,41.5,21.0,104.0,35.96425703373647,-14.91473536,1.7267502246765618,4.656447429478841,2,100.0,"{""counterfactual_D_atr1h_2.5"": 2, ""stop_loss"": 1, ""swing_exit_long_1d"": 1}"
3y,D_atr1h_2.5,month,2025-08,6,-32.65503605819592,-3.2655036058195916,0.5280984145663005,6.675919279121638,16.666666666666664,-1.2243351496577584,-1.8768286505288816,35.0,24.0,110.0,36.543790701804085,-16.10457832,3.6538412771281816,3.6664568468519465,1,100.0,"{""counterfactual_D_atr1h_2.5"": 1, ""stop_loss"": 3, ""swing_exit_long_1d"": 1, ""trailing_stop_loss"": 1}"
3y,D_atr1h_2.5,month,2025-09,10,34.856760733144775,3.4856760733144774,1.5682730968078515,2.966377362993651,60.0,0.560310742156866,1.0848684075940982,45.7,31.5,121.0,46.172448898986424,-15.90647583,2.3660965960124205,4.100987561177697,5,99.50305343744508,"{""counterfactual_D_atr1h_2.5"": 5, ""stale_flat_120h"": 1, ""stop_loss"": 3, ""trailing_stop_loss"": 1}"
3y,D_atr1h_2.5,month,2025-10,8,23.928633081070725,2.3928633081070725,1.36488563965176,6.16937435539419,50.0,0.04254045614496044,0.07311718792738464,52.375,17.5,318.0,32.410624970914945,-16.99086285,2.463269362177305,3.329582749446182,4,100.0,"{""counterfactual_D_atr1h_2.5"": 4, ""stop_loss"": 3, ""trailing_stop_loss"": 1}"
3y,D_atr1h_2.5,month,2025-11,12,16.245655102126534,1.6245655102126535,1.1606443428643396,4.854273972461377,50.0,0.6807429489029095,-0.16493241564668615,29.0,18.0,85.0,37.731382039378396,-17.7691815,2.650103270223461,5.676380928757268,6,94.29492309853819,"{""counterfactual_D_atr1h_2.5"": 6, ""stop_loss"": 6}"
3y,D_atr1h_2.5,month,2025-12,13,69.77336403150952,6.977336403150952,1.6042045343910056,6.76539977087371,46.15384615384615,0.8357512202097471,-1.4136308431383535,50.15384615384615,33.0,270.0,43.812035978297075,-18.97823107,2.1213975636454934,4.420013002330601,6,91.05189922441458,"{""counterfactual_D_atr1h_2.5"": 6, ""stop_loss"": 6, ""trailing_stop_loss"": 1}"
3y,D_atr1h_2.5,month,2026-01,12,181.22077958531312,18.122077958531314,4.211536770984291,3.651476360076921,75.0,2.0087042260644807,2.820770259634318,49.583333333333336,17.5,335.0,51.38700624133988,-19.33195112,1.4885805747650687,5.682273285254909,9,78.74682457557638,"{""counterfactual_D_atr1h_2.5"": 9, ""stop_loss"": 1, ""trailing_stop_loss"": 2}"
3y,D_atr1h_2.5,month,2026-02,12,271.05071547940526,27.105071547940522,5.14134706233302,3.5412973636645395,66.66666666666666,4.0838910988533454,2.8806615980428862,30.583333333333332,25.0,73.0,116.78949651940532,-22.38113319,2.2927128091494104,8.805864434682265,8,85.74541228645354,"{""counterfactual_D_atr1h_2.5"": 8, ""stale_loss_72h"": 1, ""stop_loss"": 2, ""trailing_stop_loss"": 1}"
3y,D_atr1h_2.5,month,2026-03,9,0.11366435999071023,0.011366435999071023,1.0010130171435143,10.761658989646483,33.33333333333333,-0.10100054335944865,-2.7242796990634597,42.77777777777778,39.0,76.0,49.51815918599935,-22.51784396,2.1540586627970337,4.4532572633931755,3,100.0,"{""counterfactual_D_atr1h_2.5"": 3, ""stale_loss_72h"": 1, ""stop_loss"": 5}"
3y,D_atr1h_2.5,month,2026-04,4,-17.114262413373496,-1.7114262413373498,0.7208341201038261,5.871053203510336,25.0,-1.0133762101353294,-2.2522245379966015,22.25,23.5,30.0,44.1907309466265,-22.25873017,2.630002484604458,2.480630145074981,1,100.0,"{""counterfactual_D_atr1h_2.5"": 1, ""stop_loss"": 2, ""trailing_stop_loss"": 1}"
3y,D_atr1h_2.5,month,2026-05,4,-3.5019294845513396,-0.35019294845513393,0.90074021309005,3.5280445320000013,25.0,-0.6836259590323682,-1.0010173890128058,37.5,32.0,74.0,31.77851583544866,-19.52740337,2.707063751968944,2.7736037102649282,1,100.0,"{""counterfactual_D_atr1h_2.5"": 1, ""stale_loss_72h"": 1, ""trailing_stop_loss"": 2}"
3y,D_atr1h_2.5,month,2026-06,12,50.41094767870962,5.041094767870962,1.4491817033712715,8.680170055227645,50.0,0.7553357930427199,-0.04077225942727919,30.333333333333332,29.0,73.0,46.40336217748638,-23.48846993,2.487478658601844,4.600545913142113,5,96.95351905287558,"{""counterfactual_D_atr1h_2.5"": 5, ""force_exit"": 1, ""stale_loss_72h"": 1, ""stop_loss"": 4, ""trailing_stop_loss"": 1}"
3y,D_atr1h_2.5,market_period,pressure_202603_202605,17,-20.502527537934125,-2.0502527537934125,0.9018027513033657,10.761658989646483,29.411764705882355,-0.45276550393563697,-2.078238929345367,36.705882352941174,35.0,76.0,49.51815918599935,-22.51784396,2.3961642889098185,3.5938971054057776,5,100.0,"{""counterfactual_D_atr1h_2.5"": 5, ""stale_loss_72h"": 2, ""stop_loss"": 7, ""trailing_stop_loss"": 3}"
3y,D_atr1h_2.5,market_period,strong_202601_202602,24,452.27149506471835,45.22714950647184,4.710855831160521,3.651476360076921,70.83333333333334,3.0462976624589135,2.820770259634318,40.083333333333336,22.5,335.0,116.78949651940532,-22.38113319,1.8906466919572396,7.2440688599685865,17,57.50174527681766,"{""counterfactual_D_atr1h_2.5"": 17, ""stale_loss_72h"": 1, ""stop_loss"": 3, ""trailing_stop_loss"": 3}"
3y,D_atr1h_2.5,market_period,repair_202606,12,50.41094767870962,5.041094767870962,1.4491817033712715,8.680170055227645,50.0,0.7553357930427199,-0.04077225942727919,30.333333333333332,29.0,73.0,46.40336217748638,-23.48846993,2.487478658601844,4.600545913142113,5,96.95351905287558,"{""counterfactual_D_atr1h_2.5"": 5, ""force_exit"": 1, ""stale_loss_72h"": 1, ""stop_loss"": 4, ""trailing_stop_loss"": 1}"
3y,D_atr1h_3.0,all,all,291,915.6145999565829,91.5614599956583,1.5062762032908596,11.085524651307587,43.29896907216495,0.6218310429621772,-1.1497042202794163,33.63230240549828,24.0,336.0,109.09542122328641,-23.48846993,2.2293995431951776,5.048076290127409,127,14.047075999268968,"{""counterfactual_D_atr1h_3.0"": 126, ""force_exit"": 1, ""max_hold_14d"": 1, ""stale_flat_120h"": 1, ""stale_loss_72h"": 17, ""stop_loss"": 110, ""swing_exit_long_1d"": 3, ""trailing_stop_loss"": 32}"
3y,D_atr1h_3.0,entry_tag,long_1d_center_compression,47,184.5641043454005,18.45641043454005,1.6737687443375227,9.09903115927009,40.42553191489361,0.6875560780021268,-1.544169535874263,51.170212765957444,19.0,336.0,49.8161853856078,-19.22016428,1.6367243930371236,4.632562634149083,21,46.56435753734328,"{""counterfactual_D_atr1h_3.0"": 20, ""max_hold_14d"": 1, ""stop_loss"": 23, ""swing_exit_long_1d"": 3}"
3y,D_atr1h_3.0,entry_tag,short_compression_breakdown,78,237.8795235194347,23.78795235194347,1.5167283725132568,8.975197902132978,44.871794871794876,0.7684009084676199,-0.4023993798349982,31.615384615384617,24.0,93.0,48.40978716812087,-22.51784396,2.4338545121926596,5.374200457139162,34,31.947745240876145,"{""counterfactual_D_atr1h_3.0"": 34, ""force_exit"": 1, ""stale_loss_72h"": 7, ""stop_loss"": 22, ""trailing_stop_loss"": 14}"
3y,D_atr1h_3.0,entry_tag,short_pullback_restart,166,493.1709720917477,49.31709720917476,1.4590870403661822,14.779949589108893,43.373493975903614,0.5343519697314414,-1.2092615500294674,29.6144578313253,24.0,121.0,109.09542122328641,-23.48846993,2.3011359556989426,5.012482656416956,72,24.413613709841243,"{""counterfactual_D_atr1h_3.0"": 72, ""stale_flat_120h"": 1, ""stale_loss_72h"": 10, ""stop_loss"": 65, ""trailing_stop_loss"": 18}"
3y,D_atr1h_3.0,pair,ADA/USDT:USDT,32,190.5408419445642,19.05408419445642,2.2296147272508557,4.991184071125566,50.0,1.0136145543055814,0.5246115892855293,30.96875,19.0,93.0,68.382562300997,-22.25873017,2.134895702195591,5.258638503782538,16,60.89595442023173,"{""counterfactual_D_atr1h_3.0"": 16, ""force_exit"": 1, ""stale_loss_72h"": 2, ""stop_loss"": 9, ""trailing_stop_loss"": 4}"
3y,D_atr1h_3.0,pair,BNB/USDT:USDT,19,137.24359730051688,13.724359730051688,2.223241381026688,5.120739046154387,57.89473684210527,1.808152647054925,1.640993137202733,37.10526315789474,27.0,158.0,41.15120018624104,-22.48258298,1.797622022529629,6.025837757609076,11,72.14306211812539,"{""counterfactual_D_atr1h_3.0"": 11, ""stop_loss"": 7, ""swing_exit_long_1d"": 1}"
3y,D_atr1h_3.0,pair,BTC/USDT:USDT,37,58.60361125241948,5.8603611252419485,1.2511693144370328,6.670561250249856,40.54054054054054,0.5003062118623107,-1.5077925834035404,34.729729729729726,21.0,121.0,78.56840196915056,-23.4204542,1.8357377813103777,4.1808078860131985,14,62.956728351099,"{""counterfactual_D_atr1h_3.0"": 14, ""stale_flat_120h"": 1, ""stale_loss_72h"": 1, ""stop_loss"": 14, ""swing_exit_long_1d"": 2, ""trailing_stop_loss"": 5}"
3y,D_atr1h_3.0,pair,DOGE/USDT:USDT,20,47.73337916679053,4.773337916679052,1.3809861700233554,5.2385555870418115,45.0,1.1091320415915993,-1.088512229400935,23.1,23.0,73.0,46.5433288888438,-23.11526256,2.2798791289211624,6.33238472434997,9,80.25201181200443,"{""counterfactual_D_atr1h_3.0"": 9, ""stale_loss_72h"": 1, ""stop_loss"": 9, ""trailing_stop_loss"": 1}"
3y,D_atr1h_3.0,pair,ETH/USDT:USDT,30,155.34408537023867,15.534408537023866,1.984694736246824,3.9472516622597196,43.333333333333336,1.0974708849558756,-0.4152173299256356,30.9,24.0,108.0,50.56176931483951,-21.11515786,1.8227250998041773,5.002290800690226,13,56.36522891415988,"{""counterfactual_D_atr1h_3.0"": 13, ""stale_loss_72h"": 5, ""stop_loss"": 7, ""trailing_stop_loss"": 5}"
3y,D_atr1h_3.0,pair,LINK/USDT:USDT,20,-67.70285668277445,-6.770285668277445,0.5714973734160015,6.7702856682774275,30.0,-0.8971514957018255,-2.37820286210962,28.2,26.5,76.0,30.4190144281716,-23.48846993,3.313968306506428,3.7026447663307596,6,94.31828360455312,"{""counterfactual_D_atr1h_3.0"": 6, ""stale_loss_72h"": 1, ""stop_loss"": 9, ""trailing_stop_loss"": 4}"
3y,D_atr1h_3.0,pair,NEAR/USDT:USDT,23,-84.22880646562204,-8.422880646562204,0.5612799878219327,8.665731100160206,30.434782608695656,-1.0593402565924515,-3.199821744734933,21.565217391304348,21.0,54.0,29.02757046501776,-19.82609891,2.909766284037794,4.573735093292135,8,90.52366347232024,"{""counterfactual_D_atr1h_3.0"": 8, ""stop_loss"": 11, ""trailing_stop_loss"": 4}"
3y,D_atr1h_3.0,pair,PAXG/USDT:USDT,5,98.54748002685979,9.854748002685978,4.3030919646865105,1.5720341602551444,60.0,2.3835139973245316,4.521838448865751,224.0,278.0,336.0,49.8161853856078,-16.15590109,1.4410567522652138,4.581454802044227,3,100.0,"{""counterfactual_D_atr1h_3.0"": 2, ""max_hold_14d"": 1, ""stop_loss"": 2}"
3y,D_atr1h_3.0,pair,SOL/USDT:USDT,25,188.38205683671603,18.838205683671603,2.0472247714748284,4.228128658751172,44.0,1.7256180672714556,-1.4726264836892875,31.72,22.0,73.0,109.09542122328641,-22.51784396,2.334400126387771,6.293441421909772,11,81.87388795545128,"{""counterfactual_D_atr1h_3.0"": 11, ""stale_loss_72h"": 1, ""stop_loss"": 11, ""trailing_stop_loss"": 2}"
3y,D_atr1h_3.0,pair,SUI/USDT:USDT,19,14.4414247571538,1.44414247571538,1.1212229306672514,3.846204186058583,42.10526315789473,0.1971915660448955,-2.146291834938216,26.42105263157895,17.0,73.0,35.20477274394736,-22.17036223,2.4403318880192764,5.243671752899732,8,82.97269528484468,"{""counterfactual_D_atr1h_3.0"": 8, ""stale_loss_72h"": 1, ""stop_loss"": 7, ""trailing_stop_loss"": 3}"
3y,D_atr1h_3.0,pair,TAO/USDT:USDT,12,11.492582432485758,1.1492582432485758,1.161943975541102,2.8484058323041217,58.333333333333336,-0.0009340230714598533,0.746065075495628,23.5,17.5,87.0,25.36388429311239,-21.48366959,2.7633921332435505,4.662567777074502,7,93.01074593053661,"{""counterfactual_D_atr1h_3.0"": 7, ""stop_loss"": 3, ""trailing_stop_loss"": 2}"
3y,D_atr1h_3.0,pair,XRP/USDT:USDT,36,53.1211022449325,5.31211022449325,1.2294065766454685,6.659840293130697,33.33333333333333,-0.16678802271429063,-1.5555100450389454,33.361111111111114,30.5,83.0,47.27319426830977,-22.44004946,2.14744350705347,4.088151068170224,13,62.85469542016268,"{""counterfactual_D_atr1h_3.0"": 13, ""stale_loss_72h"": 3, ""stop_loss"": 19, ""trailing_stop_loss"": 1}"
3y,D_atr1h_3.0,pair,ZEC/USDT:USDT,13,112.09610177230174,11.209610177230173,3.5688817335375553,3.1055077051944933,61.53846153846154,2.3125339798254188,2.2387843068792677,35.30769230769231,25.0,73.0,48.40978716812087,-19.33195112,1.7290690293238724,7.120801038988554,8,90.1476491818356,"{""counterfactual_D_atr1h_3.0"": 8, ""stale_loss_72h"": 2, ""stop_loss"": 2, ""trailing_stop_loss"": 1}"
3y,D_atr1h_3.0,side,long,47,184.5641043454005,18.45641043454005,1.6737687443375227,9.09903115927009,40.42553191489361,0.6875560780021268,-1.544169535874263,51.170212765957444,19.0,336.0,49.8161853856078,-19.22016428,1.6367243930371236,4.632562634149083,21,46.56435753734328,"{""counterfactual_D_atr1h_3.0"": 20, ""max_hold_14d"": 1, ""stop_loss"": 23, ""swing_exit_long_1d"": 3}"
3y,D_atr1h_3.0,side,short,244,731.0504956111824,73.10504956111824,1.4763785777653815,13.40924030332816,43.85245901639344,0.6091708927700558,-0.982787002990207,30.25409836065574,24.0,121.0,109.09542122328641,-23.48846993,2.3435623794961145,5.128113756647824,106,16.889735730636392,"{""counterfactual_D_atr1h_3.0"": 106, ""force_exit"": 1, ""stale_flat_120h"": 1, ""stale_loss_72h"": 17, ""stop_loss"": 87, ""trailing_stop_loss"": 32}"
3y,D_atr1h_3.0,month,2023-08,17,14.073471449919664,1.4073471449919666,1.2010325448403771,4.113081364000005,23.52941176470588,0.250615436329628,-1.451761973238025,41.705882352941174,34.0,108.0,33.62247605758166,-8.04651781,1.8071052085967483,4.533213532333669,4,100.0,"{""counterfactual_D_atr1h_3.0"": 4, ""stale_loss_72h"": 4, ""stop_loss"": 8, ""trailing_stop_loss"": 1}"
3y,D_atr1h_3.0,month,2023-09,9,-42.39026643,-4.239026643,0.0,4.2390266430000105,0.0,-1.5553386223306822,-1.4516404810934107,43.666666666666664,43.0,75.0,-0.32414622,-7.84673411,2.36686480228571,2.1074218087885996,0,0.0,"{""stale_loss_72h"": 2, ""stop_loss"": 4, ""trailing_stop_loss"": 3}"
3y,D_atr1h_3.0,month,2023-10,4,0.4434990755213142,0.04434990755213142,1.031428211388268,1.3962306494932397,50.0,0.016271055059843942,-0.41009652878926817,21.25,25.0,35.0,10.685153281927763,-7.3982703,1.5196689186077945,4.223103716936268,2,100.0,"{""counterfactual_D_atr1h_3.0"": 2, ""stop_loss"": 2}"
3y,D_atr1h_3.0,month,2023-11,4,-26.938137400000002,-2.6938137400000004,0.0,2.693813740000007,0.0,-1.9736359631086962,-2.0921266359383215,27.5,6.5,97.0,-5.10566745,-7.54531354,2.3446778148558662,1.1052352660291747,0,0.0,"{""stop_loss"": 3, ""swing_exit_long_1d"": 1}"
3y,D_atr1h_3.0,month,2023-12,3,-8.927741883247359,-0.8927741883247359,0.38037606998780243,1.4408323259999976,33.33333333333333,-0.3781721369048984,-2.097012581701798,4.0,4.0,7.0,5.4805813767526415,-7.21483345,1.974782532873208,2.9580256720215936,1,100.0,"{""counterfactual_D_atr1h_3.0"": 1, ""stop_loss"": 2}"
3y,D_atr1h_3.0,month,2024-01,9,38.757471531811646,3.8757471531811647,2.5677862907093347,1.309522198000002,55.55555555555556,1.700311146979273,2.2274718841308108,23.0,19.0,47.0,26.668711582292993,-6.72809798,1.8332656767386297,5.7625745311446455,5,100.0,"{""counterfactual_D_atr1h_3.0"": 5, ""stop_loss"": 4}"
3y,D_atr1h_3.0,month,2024-02,5,104.52060714568302,10.452060714568303,inf,0.0,100.0,6.069692889003176,6.011877586616401,66.2,57.0,158.0,38.370791896435485,10.368456332356521,0.4971298816673061,9.538559680931426,5,100.0,"{""counterfactual_D_atr1h_3.0"": 5}"
3y,D_atr1h_3.0,month,2024-03,2,-2.8606914065034257,-0.28606914065034256,0.6773263245821884,0.8812667435848853,50.0,-0.3413770686394012,-0.3413770686394012,8.0,8.0,16.0,6.004895173496575,-8.86558658,1.8147274764992982,6.5175078198042575,1,100.0,"{""counterfactual_D_atr1h_3.0"": 1, ""stop_loss"": 1}"
3y,D_atr1h_3.0,month,2024-04,6,-30.94961333701372,-3.094961333701372,0.13065576385527,3.0949613337013715,16.666666666666664,-1.6288447223468692,-2.188760582310411,16.5,6.5,73.0,4.651489252986281,-9.05807259,2.553701605870377,2.2200146921572137,1,100.0,"{""counterfactual_D_atr1h_3.0"": 1, ""stale_loss_72h"": 1, ""stop_loss"": 3, ""trailing_stop_loss"": 1}"
3y,D_atr1h_3.0,month,2024-05,8,-30.027772142895962,-3.0027772142895963,0.38409776036473736,4.785791668989104,12.5,-1.5265080905048136,-2.5424651294030842,40.625,34.5,73.0,18.726348577104037,-8.96616751,3.1092040678123016,3.3228658563143822,1,100.0,"{""counterfactual_D_atr1h_3.0"": 1, ""stale_loss_72h"": 2, ""stop_loss"": 2, ""trailing_stop_loss"": 3}"
3y,D_atr1h_3.0,month,2024-06,18,-50.49525334163842,-5.0495253341638415,0.5350321615048341,7.2322522976543056,16.666666666666664,-1.051680640248671,-2.10485229179878,28.61111111111111,16.5,85.0,41.05060070980848,-9.00028322,2.6071574283433643,2.828267757793785,3,100.0,"{""counterfactual_D_atr1h_3.0"": 3, ""stale_loss_72h"": 2, ""stop_loss"": 11, ""trailing_stop_loss"": 2}"
3y,D_atr1h_3.0,month,2024-07,7,12.76362298213505,1.276362298213505,1.4978247824131383,2.469060705385128,57.14285714285714,0.9834334741222681,2.23934063065692,14.571428571428571,14.0,24.0,14.235412015068095,-8.67375793,2.5793690991089786,5.512847941236426,4,100.0,"{""counterfactual_D_atr1h_3.0"": 4, ""stop_loss"": 2, ""trailing_stop_loss"": 1}"
3y,D_atr1h_3.0,month,2024-08,6,24.13161542118648,2.413161542118648,2.3353846874810436,1.7339153152350633,66.66666666666666,1.2314626333800411,3.2644681536546587,30.833333333333332,27.0,55.0,15.384940067080848,-9.15032465,2.2683160348420923,6.514517477825142,4,100.0,"{""counterfactual_D_atr1h_3.0"": 4, ""stop_loss"": 2}"
3y,D_atr1h_3.0,month,2024-09,6,108.54879727329272,10.854879727329273,inf,0.0,100.0,4.816577301178949,4.093880359998063,42.5,45.0,81.0,36.669100760540765,10.713324469130637,0.6509628134900547,8.519119399457585,6,90.13040702592241,"{""counterfactual_D_atr1h_3.0"": 6}"
3y,D_atr1h_3.0,month,2024-10,9,3.6892702970991715,0.36892702970991714,1.0738005967763815,4.973055150018004,44.44444444444444,-0.11624533307778823,-2.117777510719016,29.77777777777778,22.0,63.0,19.590685655923604,-10.28070083,2.452917053977523,4.5347902119716474,4,100.0,"{""counterfactual_D_atr1h_3.0"": 4, ""stop_loss"": 4, ""trailing_stop_loss"": 1}"
3y,D_atr1h_3.0,month,2024-11,7,-9.433213379049526,-0.9433213379049525,0.6793084719627819,2.43758092652684,42.857142857142854,-0.0479268462123371,-0.1,20.857142857142858,13.0,63.0,11.109242517229575,-10.28080009,1.387162876593613,5.446055686942065,4,100.0,"{""counterfactual_D_atr1h_3.0"": 4, ""stop_loss"": 3}"
3y,D_atr1h_3.0,month,2024-12,2,1.6400729178999764,0.16400729178999765,4.467276114616237,0.04730147999999872,50.0,0.32552892072882933,0.32552892072882933,11.0,11.0,13.0,2.1130877178999765,-0.4730148,1.994091784713305,8.118987087145483,2,100.0,"{""counterfactual_D_atr1h_3.0"": 2}"
3y,D_atr1h_3.0,month,2025-01,9,9.405797620450976,0.9405797620450975,1.154237829570403,3.8007851340000003,33.33333333333333,-0.15121884187209897,-2.5485540357887193,18.555555555555557,16.0,54.0,30.76031587749521,-11.58273025,2.715417152335612,5.083859908550273,3,100.0,"{""counterfactual_D_atr1h_3.0"": 3, ""stop_loss"": 3, ""trailing_stop_loss"": 3}"
3y,D_atr1h_3.0,month,2025-02,15,245.5694185743468,24.55694185743468,12.357752386157605,1.821277617440558,80.0,4.9454255516124315,2.933186724788312,34.2,29.0,73.0,46.5433288888438,-11.64792486,1.3747622951829779,10.534359594081572,12,67.12110791860971,"{""counterfactual_D_atr1h_3.0"": 12, ""stale_loss_72h"": 1, ""stop_loss"": 2}"
3y,D_atr1h_3.0,month,2025-03,11,-13.737620146871663,-1.3737620146871663,0.8509930355430573,5.109221853940813,36.36363636363637,-0.1393390359122105,-2.492033418283945,16.0,19.0,44.0,27.278115025157813,-14.1650642,2.765877396066514,3.974757921019051,4,100.0,"{""counterfactual_D_atr1h_3.0"": 4, ""stop_loss"": 5, ""trailing_stop_loss"": 2}"
3y,D_atr1h_3.0,month,2025-04,7,25.75609832611898,2.575609832611898,1.4804614914419982,3.7968131643625185,42.857142857142854,1.2114116691759416,-2.1711180785981643,20.142857142857142,19.0,47.0,35.34410280427346,-14.75962589,2.812745943635438,5.999382379363895,3,100.0,"{""counterfactual_D_atr1h_3.0"": 3, ""stop_loss"": 3, ""trailing_stop_loss"": 1}"
3y,D_atr1h_3.0,month,2025-05,5,-67.86532462,-6.786532462,0.0,6.786532461999991,0.0,-2.403955122518287,-2.1450386898922007,37.8,36.0,90.0,-11.76171956,-14.82484701,2.549928445082637,1.8826727891336592,0,0.0,"{""stop_loss"": 5}"
3y,D_atr1h_3.0,month,2025-06,16,-23.757871857792995,-2.3757871857793,0.7963491229977935,4.367852915000004,43.75,-0.4767161701340385,-1.4294317556230713,24.4375,13.0,86.0,35.20477274394736,-15.2189362,2.4253510661546964,4.010811786391743,7,84.45649519551654,"{""counterfactual_D_atr1h_3.0"": 7, ""stale_loss_72h"": 1, ""stop_loss"": 5, ""trailing_stop_loss"": 3}"
3y,D_atr1h_3.0,month,2025-07,4,32.43559071340465,3.243559071340465,2.5054110933145064,1.4914735360000009,50.0,0.8675727000349801,1.1067777329386144,41.5,21.0,104.0,31.541964636483748,-14.91473536,1.7267502246765618,4.656447429478841,2,100.0,"{""counterfactual_D_atr1h_3.0"": 2, ""stop_loss"": 1, ""swing_exit_long_1d"": 1}"
3y,D_atr1h_3.0,month,2025-08,6,-36.60779047783502,-3.6607790477835014,0.47097671749839626,6.701474671826491,16.666666666666664,-1.316443390570449,-1.8768286505288816,35.0,24.0,110.0,32.591036282164985,-16.10457832,3.6538412771281816,3.6664568468519465,1,100.0,"{""counterfactual_D_atr1h_3.0"": 1, ""stop_loss"": 3, ""swing_exit_long_1d"": 1, ""trailing_stop_loss"": 1}"
3y,D_atr1h_3.0,month,2025-09,10,26.87867858892227,2.687867858892227,1.438205662217646,2.988404108701822,60.0,0.38259635721482427,0.6868751796696855,48.6,42.0,121.0,42.87054875878365,-15.90647583,2.3660965960124205,4.257845610629891,5,99.45811093289376,"{""counterfactual_D_atr1h_3.0"": 5, ""stale_flat_120h"": 1, ""stop_loss"": 3, ""trailing_stop_loss"": 1}"
3y,D_atr1h_3.0,month,2025-10,8,57.52141208573204,5.752141208573204,1.8771389979304094,5.9591084092485325,50.0,0.7439426355329903,-0.2192788527400522,54.875,17.5,336.0,47.27319426830977,-16.99086285,2.463269362177305,4.467553123324498,4,100.0,"{""counterfactual_D_atr1h_3.0"": 3, ""max_hold_14d"": 1, ""stop_loss"": 3, ""trailing_stop_loss"": 1}"
3y,D_atr1h_3.0,month,2025-11,12,11.778767484963145,1.1778767484963144,1.1164737494720094,4.87513566474274,50.0,0.5850269226702016,-0.4808478219810062,32.916666666666664,25.5,93.0,35.64350444732971,-17.7691815,2.650103270223461,5.740266094537159,6,96.15937451068378,"{""counterfactual_D_atr1h_3.0"": 6, ""stop_loss"": 6}"
3y,D_atr1h_3.0,month,2025-12,13,48.12755441515872,4.812755441515872,1.4167619980836355,6.830354436675577,46.15384615384615,0.5725608226083453,-1.4136308431383535,51.07692307692308,33.0,278.0,39.71358780943581,-18.97823107,2.1213975636454934,4.431401003939291,6,91.90972923134714,"{""counterfactual_D_atr1h_3.0"": 6, ""stop_loss"": 6, ""trailing_stop_loss"": 1}"
3y,D_atr1h_3.0,month,2026-01,12,164.01589309064198,16.4015893090642,3.883662836426126,3.710142475929746,66.66666666666666,1.8057092056369357,2.912438168753175,50.916666666666664,21.5,335.0,49.8161853856078,-19.33195112,1.4885805747650687,5.970039647507573,9,79.36300602023884,"{""counterfactual_D_atr1h_3.0"": 9, ""stop_loss"": 1, ""trailing_stop_loss"": 2}"
3y,D_atr1h_3.0,month,2026-02,12,229.77143151573267,22.97714315157327,4.510646490022024,3.617427868511208,66.66666666666666,3.4828625757191305,2.2142988597447193,31.916666666666668,25.0,73.0,109.09542122328641,-22.38113319,2.2927128091494104,8.805864434682265,8,88.59920152648863,"{""counterfactual_D_atr1h_3.0"": 8, ""stale_loss_72h"": 1, ""stop_loss"": 2, ""trailing_stop_loss"": 1}"
3y,D_atr1h_3.0,month,2026-03,9,7.968666905454859,0.796866690545486,1.0710195894899799,10.62776041522516,33.33333333333333,0.11209571119450303,-2.7242796990634597,45.0,41.0,76.0,48.40978716812087,-22.51784396,2.1540586627970337,4.838459858865162,3,100.0,"{""counterfactual_D_atr1h_3.0"": 3, ""stale_loss_72h"": 1, ""stop_loss"": 5}"
3y,D_atr1h_3.0,month,2026-04,4,-20.153793173758956,-2.0153793173758956,0.671253643966483,5.888193122097327,25.0,-1.0915484231636663,-2.2522245379966015,22.5,24.0,30.0,41.15120018624104,-22.25873017,2.630002484604458,2.480630145074981,1,100.0,"{""counterfactual_D_atr1h_3.0"": 1, ""stop_loss"": 2, ""trailing_stop_loss"": 1}"
3y,D_atr1h_3.0,month,2026-05,4,0.522941970801185,0.052294197080118496,1.0148224311246077,3.5280445320000013,25.0,-0.5781579569772848,-1.0010173890128058,40.0,37.0,74.0,35.80338729080118,-19.52740337,2.707063751968944,2.912688347903087,1,100.0,"{""counterfactual_D_atr1h_3.0"": 1, ""stale_loss_72h"": 1, ""trailing_stop_loss"": 2}"
3y,D_atr1h_3.0,month,2026-06,12,111.43901016691262,11.143901016691263,1.9929661455248318,8.240417020019644,50.0,1.2861379205418135,-0.46025100850738254,35.083333333333336,39.5,73.0,76.05420172333432,-23.48846993,2.487478658601844,5.371975814221652,5,99.83252105244046,"{""counterfactual_D_atr1h_3.0"": 5, ""force_exit"": 1, ""stale_loss_72h"": 1, ""stop_loss"": 4, ""trailing_stop_loss"": 1}"
3y,D_atr1h_3.0,market_period,pressure_202603_202605,17,-11.662184297502911,-1.166218429750291,0.9441437447315207,10.62776041522516,29.411764705882355,-0.3335273011654869,-2.078238929345367,38.529411764705884,38.0,76.0,48.40978716812087,-22.51784396,2.3961642889098185,3.8305536883352196,5,100.0,"{""counterfactual_D_atr1h_3.0"": 5, ""stale_loss_72h"": 2, ""stop_loss"": 7, ""trailing_stop_loss"": 3}"
3y,D_atr1h_3.0,market_period,strong_202601_202602,24,393.7873246063746,39.37873246063746,4.219123027929547,3.710142475929746,66.66666666666666,2.644285890678033,2.5773096742034665,41.416666666666664,23.0,335.0,109.09542122328641,-22.38113319,1.8906466919572396,7.387952041094918,17,59.4550613804224,"{""counterfactual_D_atr1h_3.0"": 17, ""stale_loss_72h"": 1, ""stop_loss"": 3, ""trailing_stop_loss"": 3}"
3y,D_atr1h_3.0,market_period,repair_202606,12,111.43901016691262,11.143901016691263,1.9929661455248318,8.240417020019644,50.0,1.2861379205418135,-0.46025100850738254,35.083333333333336,39.5,73.0,76.05420172333432,-23.48846993,2.487478658601844,5.371975814221652,5,99.83252105244046,"{""counterfactual_D_atr1h_3.0"": 5, ""force_exit"": 1, ""stale_loss_72h"": 1, ""stop_loss"": 4, ""trailing_stop_loss"": 1}"
3y,D_atr4h_1.5,all,all,291,926.3361352413137,92.63361352413138,1.5125285585682755,13.384266885763225,43.986254295532646,0.651326918401753,-1.1497042202794163,31.986254295532646,22.0,336.0,125.68108858163657,-23.48846993,2.2228042089230797,4.690268492466645,127,11.73502075275959,"{""counterfactual_D_atr4h_1.5"": 126, ""force_exit"": 1, ""max_hold_14d"": 1, ""stale_flat_120h"": 1, ""stale_loss_72h"": 17, ""stop_loss"": 110, ""swing_exit_long_1d"": 3, ""trailing_stop_loss"": 32}"
3y,D_atr4h_1.5,entry_tag,long_1d_center_compression,47,224.03735200778303,22.403735200778303,1.8206883027481755,8.477904775059303,44.680851063829785,0.7899870134295639,-1.544169535874263,48.361702127659576,18.0,336.0,52.71323296819616,-19.22016428,1.5958894510545605,4.227653613185077,21,43.78438591406993,"{""counterfactual_D_atr4h_1.5"": 20, ""max_hold_14d"": 1, ""stop_loss"": 23, ""swing_exit_long_1d"": 3}"
3y,D_atr4h_1.5,entry_tag,short_compression_breakdown,78,262.3634935902037,26.236349359020366,1.5699131183886121,9.851650103305921,44.871794871794876,0.8548336984779747,-0.4023993798349982,31.78205128205128,24.0,127.0,47.58796126725266,-22.51784396,2.4338545121926596,4.985856029192741,34,30.106726462212023,"{""counterfactual_D_atr4h_1.5"": 34, ""force_exit"": 1, ""stale_loss_72h"": 7, ""stop_loss"": 22, ""trailing_stop_loss"": 14}"
3y,D_atr4h_1.5,entry_tag,short_pullback_restart,166,439.93528964332705,43.993528964332704,1.4096078096008868,13.866061716311417,43.373493975903614,0.5164440671231242,-1.2092615500294674,27.44578313253012,23.0,121.0,125.68108858163657,-23.48846993,2.3011359556989426,4.682359284403984,72,20.263954921808537,"{""counterfactual_D_atr4h_1.5"": 72, ""stale_flat_120h"": 1, ""stale_loss_72h"": 10, ""stop_loss"": 65, ""trailing_stop_loss"": 18}"
3y,D_atr4h_1.5,pair,ADA/USDT:USDT,32,200.39596982407886,20.039596982407886,2.297172314098149,4.249925320417786,53.125,1.1877323084602127,1.2181673579768093,29.59375,19.0,127.0,47.58796126725266,-22.25873017,2.0749193811587014,5.041399899212633,16,59.97509275951152,"{""counterfactual_D_atr4h_1.5"": 16, ""force_exit"": 1, ""stale_loss_72h"": 2, ""stop_loss"": 9, ""trailing_stop_loss"": 4}"
3y,D_atr4h_1.5,pair,BNB/USDT:USDT,19,126.41102291504113,12.641102291504113,2.126691498103196,4.690725820604325,57.89473684210527,1.6276760266999777,2.5610461438468404,34.578947368421055,24.0,146.0,44.37805018616199,-22.48258298,1.797622022529629,5.273202914733905,11,62.62101297452084,"{""counterfactual_D_atr4h_1.5"": 11, ""stop_loss"": 7, ""swing_exit_long_1d"": 1}"
3y,D_atr4h_1.5,pair,BTC/USDT:USDT,37,68.59561601720162,6.859561601720163,1.2939940641919938,6.332645532429197,40.54054054054054,0.6073730214424033,-1.5077925834035404,33.189189189189186,21.0,121.0,48.424725781918035,-23.4204542,1.8357377813103777,3.8724721498907533,14,57.44007744102318,"{""counterfactual_D_atr4h_1.5"": 14, ""stale_flat_120h"": 1, ""stale_loss_72h"": 1, ""stop_loss"": 14, ""swing_exit_long_1d"": 2, ""trailing_stop_loss"": 5}"
3y,D_atr4h_1.5,pair,DOGE/USDT:USDT,20,11.078331415338896,1.1078331415338896,1.088422213760132,5.335534195039987,45.0,0.4442175611122962,-1.088512229400935,21.75,19.5,73.0,26.61586680053539,-23.11526256,2.2798791289211624,4.957831384701188,9,74.20748909710984,"{""counterfactual_D_atr4h_1.5"": 9, ""stale_loss_72h"": 1, ""stop_loss"": 9, ""trailing_stop_loss"": 1}"
3y,D_atr4h_1.5,pair,ETH/USDT:USDT,30,187.13328881402722,18.71332888140272,2.1862000669838966,3.9079454777703,43.333333333333336,1.3742496179654737,-0.4152173299256356,29.1,23.0,108.0,44.01386019190302,-21.11515786,1.8227250998041773,4.961358065496636,13,57.27838046213441,"{""counterfactual_D_atr4h_1.5"": 13, ""stale_loss_72h"": 5, ""stop_loss"": 7, ""trailing_stop_loss"": 5}"
3y,D_atr4h_1.5,pair,LINK/USDT:USDT,20,-74.95856375736118,-7.495856375736118,0.5255747980400122,7.495856375736105,30.0,-1.010849949057418,-2.37820286210962,26.65,23.5,76.0,35.427651300106824,-23.48846993,3.313968306506428,3.488306557818994,6,95.60987567105377,"{""counterfactual_D_atr4h_1.5"": 6, ""stale_loss_72h"": 1, ""stop_loss"": 9, ""trailing_stop_loss"": 4}"
3y,D_atr4h_1.5,pair,NEAR/USDT:USDT,23,-52.213714954731344,-5.221371495473134,0.7273976778121599,7.18880926273377,34.78260869565217,-0.734960437325096,-3.199821744734933,21.391304347826086,21.0,54.0,35.863434917091794,-19.82609891,2.909766284037794,4.573735093292135,8,87.26696296659647,"{""counterfactual_D_atr4h_1.5"": 8, ""stop_loss"": 11, ""trailing_stop_loss"": 4}"
3y,D_atr4h_1.5,pair,PAXG/USDT:USDT,5,103.16961944651361,10.31696194465136,4.458015779811546,1.5720341602551444,60.0,2.4938456656568992,4.731641889325886,222.4,270.0,336.0,52.71323296819616,-16.15590109,1.4410567522652138,4.5518459978616335,3,100.0,"{""counterfactual_D_atr4h_1.5"": 2, ""max_hold_14d"": 1, ""stop_loss"": 2}"
3y,D_atr4h_1.5,pair,SOL/USDT:USDT,25,144.34534957768673,14.434534957768674,1.8024226312380163,4.311827699632017,44.0,1.4639647387665715,-1.4726264836892875,27.48,21.0,73.0,125.68108858163657,-22.51784396,2.334400126387771,5.591388237856942,11,87.26861438479231,"{""counterfactual_D_atr4h_1.5"": 11, ""stale_loss_72h"": 1, ""stop_loss"": 11, ""trailing_stop_loss"": 2}"
3y,D_atr4h_1.5,pair,SUI/USDT:USDT,19,20.947877285282782,2.0947877285282783,1.175838819124963,3.8226294993263195,42.10526315789473,0.37189951079324196,-2.146291834938216,24.157894736842106,15.0,73.0,35.43627890206843,-22.17036223,2.4403318880192764,5.06499608978283,8,79.21259669270465,"{""counterfactual_D_atr4h_1.5"": 8, ""stale_loss_72h"": 1, ""stop_loss"": 7, ""trailing_stop_loss"": 3}"
3y,D_atr4h_1.5,pair,TAO/USDT:USDT,12,27.1598743424055,2.71598743424055,1.3813870689425343,2.8387511564935677,50.0,0.24744229243512905,0.6143303959241786,23.166666666666668,16.5,86.0,32.701745703765305,-21.48366959,2.7633921332435505,4.662567777074502,7,92.98281457701161,"{""counterfactual_D_atr4h_1.5"": 7, ""stop_loss"": 3, ""trailing_stop_loss"": 2}"
3y,D_atr4h_1.5,pair,XRP/USDT:USDT,36,61.44787677557086,6.144787677557086,1.2659034399277413,6.38275867872585,36.11111111111111,-0.08295506337637353,-1.5555100450389454,32.94444444444444,30.5,82.0,41.04890583096109,-22.44004946,2.14744350705347,3.8479180972927294,13,55.90474548988086,"{""counterfactual_D_atr4h_1.5"": 13, ""stale_loss_72h"": 3, ""stop_loss"": 19, ""trailing_stop_loss"": 1}"
3y,D_atr4h_1.5,pair,ZEC/USDT:USDT,13,102.82358754025906,10.282358754025905,3.3563855623232657,3.126177668344523,61.53846153846154,2.232456894749061,3.3189729885384303,32.38461538461539,25.0,73.0,46.39566672359398,-19.33195112,1.7290690293238724,6.45052885977136,8,83.18149143862922,"{""counterfactual_D_atr4h_1.5"": 8, ""stale_loss_72h"": 2, ""stop_loss"": 2, ""trailing_stop_loss"": 1}"
3y,D_atr4h_1.5,side,long,47,224.03735200778303,22.403735200778303,1.8206883027481755,8.477904775059303,44.680851063829785,0.7899870134295639,-1.544169535874263,48.361702127659576,18.0,336.0,52.71323296819616,-19.22016428,1.5958894510545605,4.227653613185077,21,43.78438591406993,"{""counterfactual_D_atr4h_1.5"": 20, ""max_hold_14d"": 1, ""stop_loss"": 23, ""swing_exit_long_1d"": 3}"
3y,D_atr4h_1.5,side,short,244,702.2987832335308,70.22987832335308,1.4577033528224674,13.636788776117562,43.85245901639344,0.62461780173656,-0.982787002990207,28.831967213114755,23.0,127.0,125.68108858163657,-23.48846993,2.3435623794961145,4.779378735606946,106,14.052219366124788,"{""counterfactual_D_atr4h_1.5"": 106, ""force_exit"": 1, ""stale_flat_120h"": 1, ""stale_loss_72h"": 17, ""stop_loss"": 87, ""trailing_stop_loss"": 32}"
3y,D_atr4h_1.5,month,2023-08,17,29.236553878802013,2.9236553878802014,1.4176296409548566,4.113081364000005,23.52941176470588,0.5239705613688448,-1.451761973238025,41.64705882352941,34.0,108.0,44.01386019190302,-8.04651781,1.8071052085967483,4.432818097252636,4,100.0,"{""counterfactual_D_atr4h_1.5"": 4, ""stale_loss_72h"": 4, ""stop_loss"": 8, ""trailing_stop_loss"": 1}"
3y,D_atr4h_1.5,month,2023-09,9,-42.39026643,-4.239026643,0.0,4.2390266430000105,0.0,-1.5553386223306822,-1.4516404810934107,43.666666666666664,43.0,75.0,-0.32414622,-7.84673411,2.36686480228571,2.1074218087885996,0,0.0,"{""stale_loss_72h"": 2, ""stop_loss"": 4, ""trailing_stop_loss"": 3}"
3y,D_atr4h_1.5,month,2023-10,4,10.318786071378426,1.0318786071378425,1.7312326176562953,1.3916187285019277,50.0,0.7997913045090792,0.5764497454788491,18.0,18.5,35.0,14.034633982756132,-7.3982703,1.5196689186077945,4.223103716936268,2,100.0,"{""counterfactual_D_atr4h_1.5"": 2, ""stop_loss"": 2}"
3y,D_atr4h_1.5,month,2023-11,4,-26.938137400000002,-2.6938137400000004,0.0,2.693813740000007,0.0,-1.9736359631086962,-2.0921266359383215,27.5,6.5,97.0,-5.10566745,-7.54531354,2.3446778148558662,1.1052352660291747,0,0.0,"{""stop_loss"": 3, ""swing_exit_long_1d"": 1}"
3y,D_atr4h_1.5,month,2023-12,3,-6.295514492019017,-0.6295514492019016,0.5630640444126864,1.4408323259999976,33.33333333333333,0.11343476298412829,-2.097012581701798,4.0,4.0,7.0,8.112808767980983,-7.21483345,1.974782532873208,2.9580256720215936,1,100.0,"{""counterfactual_D_atr4h_1.5"": 1, ""stop_loss"": 2}"
3y,D_atr4h_1.5,month,2024-01,9,48.75669500877021,4.875669500877021,2.9722668944568564,1.198004315587389,55.55555555555556,2.1207667272713175,3.0443096290929144,22.11111111111111,19.0,47.0,28.910813768156853,-6.72809798,1.8332656767386297,5.7625745311446455,5,100.0,"{""counterfactual_D_atr4h_1.5"": 5, ""stop_loss"": 4}"
3y,D_atr4h_1.5,month,2024-02,5,74.63993149650963,7.463993149650963,inf,0.0,100.0,4.231407899535565,4.076922043873286,49.4,38.0,146.0,23.209410254196012,7.5928245284796585,0.4971298816673061,6.609832838841173,5,100.0,"{""counterfactual_D_atr4h_1.5"": 5}"
3y,D_atr4h_1.5,month,2024-03,2,3.0190588026473026,0.30190588026473025,1.3405368359334553,0.8761459737979782,50.0,0.37514135801801163,0.37514135801801163,7.0,7.0,14.0,11.884645382647303,-8.86558658,1.8147274764992982,6.5175078198042575,1,100.0,"{""counterfactual_D_atr4h_1.5"": 1, ""stop_loss"": 1}"
3y,D_atr4h_1.5,month,2024-04,7,-13.727495433425041,-1.372749543342504,0.6144081380984825,2.796714499026144,28.57142857142857,-0.5658387977827333,-2.118623431875916,20.857142857142858,7.0,73.0,12.946897406601998,-9.05807259,2.5444582204315878,3.032452223483637,2,100.0,"{""counterfactual_D_atr4h_1.5"": 2, ""stale_loss_72h"": 1, ""stop_loss"": 3, ""trailing_stop_loss"": 1}"
3y,D_atr4h_1.5,month,2024-05,7,-48.75412072,-4.8754120720000005,0.0,4.875412071999994,0.0,-2.6171006474032397,-2.8205579528708737,37.714285714285715,34.0,73.0,-1.8453505,-8.96616751,3.1978049478142228,2.284580055809097,0,0.0,"{""stale_loss_72h"": 2, ""stop_loss"": 2, ""trailing_stop_loss"": 3}"
3y,D_atr4h_1.5,month,2024-06,18,-75.77435780895482,-7.577435780895482,0.30384175719589174,7.577435780895485,11.11111111111111,-1.4162087881991512,-2.10485229179878,26.88888888888889,14.0,82.0,17.432875146527277,-9.00028322,2.6071574283433643,2.2962880440570306,3,100.0,"{""counterfactual_D_atr4h_1.5"": 3, ""stale_loss_72h"": 2, ""stop_loss"": 11, ""trailing_stop_loss"": 2}"
3y,D_atr4h_1.5,month,2024-07,7,22.22832966878746,2.2228329668787463,1.8669805897792644,2.446759275153992,57.14285714285714,1.67631779048234,2.6681983874236446,14.428571428571429,13.0,24.0,18.541996080812247,-8.67375793,2.5793690991089786,5.512847941236426,4,100.0,"{""counterfactual_D_atr4h_1.5"": 4, ""stop_loss"": 2, ""trailing_stop_loss"": 1}"
3y,D_atr4h_1.5,month,2024-08,6,31.527885347916467,3.1527885347916467,2.7446762095049,1.7216968315932102,66.66666666666666,1.7270094963951197,4.2903195495067505,30.0,26.5,52.0,17.171468855109904,-9.15032465,2.2683160348420923,6.514517477825142,4,100.0,"{""counterfactual_D_atr4h_1.5"": 4, ""stop_loss"": 2}"
3y,D_atr4h_1.5,month,2024-09,6,110.16750738842792,11.016750738842793,inf,0.0,100.0,4.872046197006759,4.950598178011622,34.666666666666664,35.0,58.0,26.500977934447725,10.69214361279345,0.6509628134900547,7.931573032439681,6,90.29464869791856,"{""counterfactual_D_atr4h_1.5"": 6}"
3y,D_atr4h_1.5,month,2024-10,9,24.78265026877314,2.478265026877314,1.4957550497110261,4.954014215643596,44.44444444444444,0.5177230277549993,-2.117777510719016,29.666666666666668,22.0,63.0,26.61586680053539,-10.28070083,2.452917053977523,4.5347902119716474,4,100.0,"{""counterfactual_D_atr4h_1.5"": 4, ""stop_loss"": 4, ""trailing_stop_loss"": 1}"
3y,D_atr4h_1.5,month,2024-11,7,7.727703036950747,0.7727703036950747,1.2669566406090729,1.8186586387280699,57.14285714285714,0.5122648548958222,1.783553348784534,20.714285714285715,13.0,63.0,12.127358586750438,-10.28080009,1.387162876593613,5.446055686942065,4,100.0,"{""counterfactual_D_atr4h_1.5"": 4, ""stop_loss"": 3}"
3y,D_atr4h_1.5,month,2024-12,2,10.200551728016993,1.0200551728016993,inf,0.0,100.0,1.3732344275425425,1.3732344275425425,4.0,4.0,7.0,6.104141403470604,4.0964103245463885,1.034470648123071,7.321379908680882,2,100.0,"{""counterfactual_D_atr4h_1.5"": 2}"
3y,D_atr4h_1.5,month,2025-01,9,19.57913972820828,1.9579139728208281,1.321061980960388,3.8007851340000003,33.33333333333333,0.1611352000292718,-2.5485540357887193,17.444444444444443,15.0,54.0,35.43627890206843,-11.58273025,2.715417152335612,5.083859908550273,3,100.0,"{""counterfactual_D_atr4h_1.5"": 3, ""stop_loss"": 3, ""trailing_stop_loss"": 3}"
3y,D_atr4h_1.5,month,2025-02,15,175.71638501554983,17.571638501554983,9.12700214376707,1.8675340970053658,80.0,3.463520740898197,2.230184976144459,28.533333333333335,22.0,73.0,35.427651300106824,-11.64792486,1.3747622951829779,7.980618178488248,12,71.22726203029747,"{""counterfactual_D_atr4h_1.5"": 12, ""stale_loss_72h"": 1, ""stop_loss"": 2}"
3y,D_atr4h_1.5,month,2025-03,11,-13.644345836175376,-1.3644345836175376,0.8520047480340184,5.112960546312534,36.36363636363637,-0.12684317846091944,-2.492033418283945,16.727272727272727,19.0,44.0,26.39730674465533,-14.1650642,2.765877396066514,3.974757921019051,4,100.0,"{""counterfactual_D_atr4h_1.5"": 4, ""stop_loss"": 5, ""trailing_stop_loss"": 2}"
3y,D_atr4h_1.5,month,2025-04,7,37.0110604803012,3.70110604803012,1.6904147162764398,3.7571535637666527,42.857142857142854,1.6565801732156233,-2.1711180785981643,19.142857142857142,19.0,40.0,43.085309199595024,-14.75962589,2.812745943635438,5.999382379363895,3,100.0,"{""counterfactual_D_atr4h_1.5"": 3, ""stop_loss"": 3, ""trailing_stop_loss"": 1}"
3y,D_atr4h_1.5,month,2025-05,5,-67.86532462,-6.786532462,0.0,6.786532461999991,0.0,-2.403955122518287,-2.1450386898922007,37.8,36.0,90.0,-11.76171956,-14.82484701,2.549928445082637,1.8826727891336592,0,0.0,"{""stop_loss"": 5}"
3y,D_atr4h_1.5,month,2025-06,16,-10.406886764094757,-1.0406886764094756,0.9107928677679368,4.367852915000004,43.75,-0.26080349679793474,-1.4294317556230713,23.8125,13.0,86.0,28.380955342721204,-15.2189362,2.4253510661546964,3.896670717348044,7,81.14848706366459,"{""counterfactual_D_atr4h_1.5"": 7, ""stale_loss_72h"": 1, ""stop_loss"": 5, ""trailing_stop_loss"": 3}"
3y,D_atr4h_1.5,month,2025-07,4,47.31549962247696,4.731549962247696,3.1960222228343222,1.4914735360000009,50.0,1.4237750719266886,1.5219672217775029,41.5,21.0,104.0,40.88159497103767,-14.91473536,1.7267502246765618,4.656447429478841,2,100.0,"{""counterfactual_D_atr4h_1.5"": 2, ""stop_loss"": 1, ""swing_exit_long_1d"": 1}"
3y,D_atr4h_1.5,month,2025-08,6,-33.58966807958941,-3.3589668079589408,0.5145919424893237,6.681944262464248,16.666666666666664,-1.2461142186946572,-1.8768286505288816,35.0,24.0,110.0,35.609158680410594,-16.10457832,3.6538412771281816,3.6664568468519465,1,100.0,"{""counterfactual_D_atr4h_1.5"": 1, ""stop_loss"": 3, ""swing_exit_long_1d"": 1, ""trailing_stop_loss"": 1}"
3y,D_atr4h_1.5,month,2025-09,10,30.63117740188565,3.063117740188565,1.4993830084873119,2.979885229985877,60.0,0.48181725224285393,1.0684876967882981,45.7,31.5,121.0,43.73298829533449,-15.90647583,2.3660965960124205,4.100987561177697,5,99.48022091740769,"{""counterfactual_D_atr4h_1.5"": 5, ""stale_flat_120h"": 1, ""stop_loss"": 3, ""trailing_stop_loss"": 1}"
3y,D_atr4h_1.5,month,2025-10,8,33.161738152212884,3.3161738152212883,1.5056804538996647,6.099191385217106,50.0,0.20215576322992757,0.24074765058200143,54.75,17.5,336.0,41.385762000000014,-16.99086285,2.463269362177305,3.4560470731948505,4,100.0,"{""counterfactual_D_atr4h_1.5"": 3, ""max_hold_14d"": 1, ""stop_loss"": 3, ""trailing_stop_loss"": 1}"
3y,D_atr4h_1.5,month,2025-11,12,33.89041549098493,3.3890415490984926,1.3351236679422092,4.821085572228204,50.0,1.0327781392282862,-0.27787149663894306,32.583333333333336,15.5,127.0,46.215996114777035,-17.7691815,2.650103270223461,5.9269294669770405,6,95.66534125644293,"{""counterfactual_D_atr4h_1.5"": 6, ""stop_loss"": 6}"
3y,D_atr4h_1.5,month,2025-12,13,58.018478231256,5.8018478231256,1.5024127489389782,6.73975484285908,46.15384615384615,0.6224676787333987,-1.4136308431383535,48.84615384615385,33.0,270.0,41.04890583096109,-18.97823107,2.1213975636454934,4.243538953819845,6,94.91648128686859,"{""counterfactual_D_atr4h_1.5"": 6, ""stop_loss"": 6, ""trailing_stop_loss"": 1}"
3y,D_atr4h_1.5,month,2026-01,12,206.57847262673027,20.657847262673027,4.660917707409992,3.6445115158741563,75.0,2.3680659881663413,3.4612319946999204,50.25,21.5,335.0,52.71323296819616,-19.33195112,1.4885805747650687,5.970039647507573,9,76.79549510983627,"{""counterfactual_D_atr4h_1.5"": 9, ""stop_loss"": 1, ""trailing_stop_loss"": 2}"
3y,D_atr4h_1.5,month,2026-02,12,225.71802809322656,22.571802809322655,4.448715089743091,3.6403324136909574,66.66666666666666,3.4420148043670813,2.2959543029726506,30.666666666666668,25.0,73.0,125.68108858163657,-22.38113319,2.2927128091494104,8.05752525501721,8,87.45646398974817,"{""counterfactual_D_atr4h_1.5"": 8, ""stale_loss_72h"": 1, ""stop_loss"": 2, ""trailing_stop_loss"": 1}"
3y,D_atr4h_1.5,month,2026-03,9,4.291036570855634,0.4291036570855634,1.0382432418576872,10.648216911952515,33.33333333333333,0.04283663888998477,-2.7242796990634597,46.333333333333336,41.0,76.0,47.58796126725266,-22.51784396,2.1540586627970337,4.838459858865162,3,100.0,"{""counterfactual_D_atr4h_1.5"": 3, ""stale_loss_72h"": 1, ""stop_loss"": 5}"
3y,D_atr4h_1.5,month,2026-04,4,-19.364619837814722,-1.9364619837814723,0.6841265486466938,5.883733361129297,25.0,-1.0712520580346316,-2.2522245379966015,22.5,24.0,30.0,41.940373522185276,-22.25873017,2.630002484604458,2.480630145074981,1,100.0,"{""counterfactual_D_atr4h_1.5"": 1, ""stop_loss"": 2, ""trailing_stop_loss"": 1}"
3y,D_atr4h_1.5,month,2026-05,4,-2.6512819886381602,-0.265128198863816,0.9248512323302454,3.5280445320000013,25.0,-0.6613355348927816,-1.0010173890128058,37.5,32.0,74.0,32.62916333136184,-19.52740337,2.707063751968944,2.7736037102649282,1,100.0,"{""counterfactual_D_atr4h_1.5"": 1, ""stale_loss_72h"": 1, ""trailing_stop_loss"": 2}"
3y,D_atr4h_1.5,month,2026-06,12,43.221070541356546,4.322107054135654,1.3851170228147824,8.735088579086419,50.0,0.6427413192712849,0.07837086864376291,29.333333333333332,23.5,73.0,44.29360376626436,-23.48846993,2.487478658601844,4.466964652989938,5,96.0839243018969,"{""counterfactual_D_atr4h_1.5"": 5, ""force_exit"": 1, ""stale_loss_72h"": 1, ""stop_loss"": 4, ""trailing_stop_loss"": 1}"
3y,D_atr4h_1.5,market_period,pressure_202603_202605,17,-17.724865255597248,-1.7724865255597249,0.915106418055147,10.648216911952515,29.411764705882355,-0.38498944833528176,-2.078238929345367,38.64705882352941,38.0,76.0,47.58796126725266,-22.51784396,2.3961642889098185,3.7978278912438883,5,100.0,"{""counterfactual_D_atr4h_1.5"": 5, ""stale_loss_72h"": 2, ""stop_loss"": 7, ""trailing_stop_loss"": 3}"
3y,D_atr4h_1.5,market_period,strong_202601_202602,24,432.29650071995684,43.229650071995685,4.5469624064134,3.6445115158741563,70.83333333333334,2.9050403962667115,2.994958580248378,40.458333333333336,23.0,335.0,125.68108858163657,-22.38113319,1.8906466919572396,7.013782451262391,17,56.113741918005346,"{""counterfactual_D_atr4h_1.5"": 17, ""stale_loss_72h"": 1, ""stop_loss"": 3, ""trailing_stop_loss"": 3}"
3y,D_atr4h_1.5,market_period,repair_202606,12,43.221070541356546,4.322107054135654,1.3851170228147824,8.735088579086419,50.0,0.6427413192712849,0.07837086864376291,29.333333333333332,23.5,73.0,44.29360376626436,-23.48846993,2.487478658601844,4.466964652989938,5,96.0839243018969,"{""counterfactual_D_atr4h_1.5"": 5, ""force_exit"": 1, ""stale_loss_72h"": 1, ""stop_loss"": 4, ""trailing_stop_loss"": 1}"
3y,D_atr4h_2.0,all,all,291,1047.1641732151477,104.71641732151478,1.578361556466468,11.13112440615648,41.23711340206185,0.695948494304371,-1.1497042202794163,35.75945017182131,24.0,336.0,132.15778526173244,-23.48846993,2.233173572104239,5.303347444376742,127,17.156352563855883,"{""counterfactual_D_atr4h_2.0"": 126, ""force_exit"": 1, ""max_hold_14d"": 1, ""stale_flat_120h"": 1, ""stale_loss_72h"": 17, ""stop_loss"": 110, ""swing_exit_long_1d"": 3, ""trailing_stop_loss"": 32}"
3y,D_atr4h_2.0,entry_tag,long_1d_center_compression,47,205.1383009880858,20.51383009880858,1.7488767979152269,9.056271548015696,40.42553191489361,0.756965827553227,-1.544169535874263,52.276595744680854,19.0,336.0,50.53727378426151,-19.22016428,1.6367243930371236,4.69352788738434,21,46.202285874584284,"{""counterfactual_D_atr4h_2.0"": 20, ""max_hold_14d"": 1, ""stop_loss"": 23, ""swing_exit_long_1d"": 3}"
3y,D_atr4h_2.0,entry_tag,short_compression_breakdown,78,265.3795935247723,26.53795935247723,1.5751015171461016,9.08175243396578,41.02564102564102,0.86674551308967,-0.4023993798349982,34.48717948717949,25.0,198.0,64.70734128188057,-22.51784396,2.4338545121926596,5.574734813851338,34,35.557785778046295,"{""counterfactual_D_atr4h_2.0"": 34, ""force_exit"": 1, ""stale_loss_72h"": 7, ""stop_loss"": 22, ""trailing_stop_loss"": 14}"
3y,D_atr4h_2.0,entry_tag,short_pullback_restart,166,576.6462787022896,57.664627870228955,1.5363183925976396,16.648118613085945,41.566265060240966,0.5984184814853977,-1.2092615500294674,31.680722891566266,25.5,121.0,132.15778526173244,-23.48846993,2.307751873846755,5.348487832085323,72,29.61960895213912,"{""counterfactual_D_atr4h_2.0"": 72, ""stale_flat_120h"": 1, ""stale_loss_72h"": 10, ""stop_loss"": 65, ""trailing_stop_loss"": 18}"
3y,D_atr4h_2.0,pair,ADA/USDT:USDT,32,230.89558412094405,23.089558412094405,2.4900354579880726,5.439237080920258,50.0,1.3350821903842132,0.39804755012104037,35.09375,22.0,198.0,64.70734128188057,-22.25873017,2.134895702195591,5.898861973038836,16,68.7826031370901,"{""counterfactual_D_atr4h_2.0"": 16, ""force_exit"": 1, ""stale_loss_72h"": 2, ""stop_loss"": 9, ""trailing_stop_loss"": 4}"
3y,D_atr4h_2.0,pair,BNB/USDT:USDT,19,126.52028733494078,12.652028733494078,2.1276653632781413,5.3149221591085345,57.89473684210527,1.7782050818967172,1.6981463167251216,37.21052631578947,25.0,158.0,42.66607680197566,-22.48258298,1.797622022529629,6.025837757609076,11,73.67779869696919,"{""counterfactual_D_atr4h_2.0"": 11, ""stop_loss"": 7, ""swing_exit_long_1d"": 1}"
3y,D_atr4h_2.0,pair,BTC/USDT:USDT,37,61.777395186211656,6.177739518621165,1.2647718402504728,7.539308232926127,40.54054054054054,0.5300282526372708,-1.5077925834035404,35.32432432432432,23.0,121.0,84.85580090936537,-23.4204542,1.8357377813103777,4.147541159775158,14,67.93981651553203,"{""counterfactual_D_atr4h_2.0"": 14, ""stale_flat_120h"": 1, ""stale_loss_72h"": 1, ""stop_loss"": 14, ""swing_exit_long_1d"": 2, ""trailing_stop_loss"": 5}"
3y,D_atr4h_2.0,pair,DOGE/USDT:USDT,20,20.3928727824936,2.03928727824936,1.1622828639704752,6.3269130093468355,40.0,0.7095847243055489,-1.088512229400935,23.95,23.0,73.0,36.56001833785288,-23.11526256,2.2798791289211624,5.991778278464826,9,85.72389193788433,"{""counterfactual_D_atr4h_2.0"": 9, ""stale_loss_72h"": 1, ""stop_loss"": 9, ""trailing_stop_loss"": 1}"
3y,D_atr4h_2.0,pair,ETH/USDT:USDT,30,194.13428872229997,19.413428872229996,2.230577989334208,3.9136425857844963,43.333333333333336,1.3930822781713559,-0.4152173299256356,34.13333333333333,25.0,108.0,45.84668116676045,-21.11515786,1.8593331802220732,5.471959272179246,13,58.544805248903565,"{""counterfactual_D_atr4h_2.0"": 13, ""stale_loss_72h"": 5, ""stop_loss"": 7, ""trailing_stop_loss"": 5}"
3y,D_atr4h_2.0,pair,LINK/USDT:USDT,20,-63.89858931162611,-6.38985893116261,0.595575213563914,6.3898589311626095,30.0,-0.9070764062737959,-2.37820286210962,30.7,26.5,89.0,30.10448280014238,-23.48846993,3.313968306506428,4.044876510812275,6,96.25750336838993,"{""counterfactual_D_atr4h_2.0"": 6, ""stale_loss_72h"": 1, ""stop_loss"": 9, ""trailing_stop_loss"": 4}"
3y,D_atr4h_2.0,pair,NEAR/USDT:USDT,23,3.7561003646238893,0.37561003646238894,1.0195642852707691,6.921569711936695,30.434782608695656,-0.25181673695056567,-3.199821744734933,26.391304347826086,24.0,67.0,92.74055554078588,-19.82609891,2.909766284037794,5.693323995991845,8,92.70774823764347,"{""counterfactual_D_atr4h_2.0"": 8, ""stop_loss"": 11, ""trailing_stop_loss"": 4}"
3y,D_atr4h_2.0,pair,PAXG/USDT:USDT,5,100.22681883974197,10.022681883974197,4.359379660092881,1.5720341602551444,60.0,2.4238400826054436,4.63837962621517,224.0,278.0,336.0,50.53727378426151,-16.15590109,1.4410567522652138,4.581454802044227,3,100.0,"{""counterfactual_D_atr4h_2.0"": 2, ""max_hold_14d"": 1, ""stop_loss"": 2}"
3y,D_atr4h_2.0,pair,SOL/USDT:USDT,25,226.4861505067276,22.64861505067276,2.255058453051407,4.326134622787517,36.0,1.7272625658861922,-1.4726264836892875,33.88,22.0,84.0,132.15778526173244,-22.51784396,2.334400126387771,6.567855484409772,11,87.48387478903041,"{""counterfactual_D_atr4h_2.0"": 11, ""stale_loss_72h"": 1, ""stop_loss"": 11, ""trailing_stop_loss"": 2}"
3y,D_atr4h_2.0,pair,SUI/USDT:USDT,19,1.1716772913053795,0.11716772913053794,1.0098079747985622,4.064161715344501,36.84210526315789,0.034362790362078205,-2.146291834938216,27.63157894736842,19.0,73.0,29.199944013091773,-22.17036223,2.4403318880192764,5.383695643981714,8,87.00087008174495,"{""counterfactual_D_atr4h_2.0"": 8, ""stale_loss_72h"": 1, ""stop_loss"": 7, ""trailing_stop_loss"": 3}"
3y,D_atr4h_2.0,pair,TAO/USDT:USDT,12,7.105122923070014,0.7105122923070014,1.0990496267981558,3.5836909309626477,41.66666666666667,-0.1280605036344664,-0.1,26.25,21.5,106.0,25.69173141598421,-21.48366959,2.7633921332435505,4.990353209155723,7,100.0,"{""counterfactual_D_atr4h_2.0"": 7, ""stop_loss"": 3, ""trailing_stop_loss"": 2}"
3y,D_atr4h_2.0,pair,XRP/USDT:USDT,36,47.312588333254716,4.731258833325472,1.20432217072084,6.637583916301128,33.33333333333333,-0.16185695216244528,-1.5555100450389454,34.916666666666664,30.5,89.0,55.548000984028896,-22.44004946,2.14744350705347,4.135381295515725,13,64.43207131853515,"{""counterfactual_D_atr4h_2.0"": 13, ""stale_loss_72h"": 3, ""stop_loss"": 19, ""trailing_stop_loss"": 1}"
3y,D_atr4h_2.0,pair,ZEC/USDT:USDT,13,91.28387612116018,9.128387612116018,3.0919325313424624,3.1352517301993883,61.53846153846154,1.9815776027036822,2.2521584949371336,37.0,25.0,73.0,38.012142503723744,-19.33195112,1.7290690293238724,7.120801038988554,8,86.64007216661923,"{""counterfactual_D_atr4h_2.0"": 8, ""stale_loss_72h"": 2, ""stop_loss"": 2, ""trailing_stop_loss"": 1}"
3y,D_atr4h_2.0,side,long,47,205.1383009880858,20.51383009880858,1.7488767979152269,9.056271548015696,40.42553191489361,0.756965827553227,-1.544169535874263,52.276595744680854,19.0,336.0,50.53727378426151,-19.22016428,1.6367243930371236,4.69352788738434,21,46.202285874584284,"{""counterfactual_D_atr4h_2.0"": 20, ""max_hold_14d"": 1, ""stop_loss"": 23, ""swing_exit_long_1d"": 3}"
3y,D_atr4h_2.0,side,short,244,842.0258722270619,84.2025872227062,1.5479648288655832,13.678038488287122,41.39344262295082,0.684195155522829,-0.982787002990207,32.57786885245902,25.0,198.0,132.15778526173244,-23.48846993,2.3480633729901177,5.420812686912163,106,20.611660175464976,"{""counterfactual_D_atr4h_2.0"": 106, ""force_exit"": 1, ""stale_flat_120h"": 1, ""stale_loss_72h"": 17, ""stop_loss"": 87, ""trailing_stop_loss"": 32}"
3y,D_atr4h_2.0,month,2023-08,17,28.04559242057931,2.8045592420579313,1.4006173484579203,4.113081364000005,23.52941176470588,0.4798992114277826,-1.451761973238025,42.11764705882353,34.0,108.0,42.49478028253738,-8.04651781,1.8071052085967483,4.533213532333669,4,100.0,"{""counterfactual_D_atr4h_2.0"": 4, ""stale_loss_72h"": 4, ""stop_loss"": 8, ""trailing_stop_loss"": 1}"
3y,D_atr4h_2.0,month,2023-09,9,-42.39026643,-4.239026643,0.0,4.2390266430000105,0.0,-1.5553386223306822,-1.4516404810934107,43.666666666666664,43.0,75.0,-0.32414622,-7.84673411,2.36686480228571,2.1074218087885996,0,0.0,"{""stale_loss_72h"": 2, ""stop_loss"": 4, ""trailing_stop_loss"": 3}"
3y,D_atr4h_2.0,month,2023-10,4,1.6301021815869836,0.16301021815869834,1.1155159024563301,1.3948878513196719,50.0,0.11673096438132663,-0.3777961955488681,21.25,25.0,35.0,11.658096143674834,-7.3982703,1.5196689186077945,4.223103716936268,2,100.0,"{""counterfactual_D_atr4h_2.0"": 2, ""stop_loss"": 2}"
3y,D_atr4h_2.0,month,2023-11,4,-26.938137400000002,-2.6938137400000004,0.0,2.693813740000007,0.0,-1.9736359631086962,-2.0921266359383215,27.5,6.5,97.0,-5.10566745,-7.54531354,2.3446778148558662,1.1052352660291747,0,0.0,"{""stop_loss"": 3, ""swing_exit_long_1d"": 1}"
3y,D_atr4h_2.0,month,2023-12,3,-8.459118972692018,-0.8459118972692017,0.41290052839278,1.4408323259999976,33.33333333333333,-0.2906499657418755,-2.097012581701798,4.0,4.0,7.0,5.949204287307983,-7.21483345,1.974782532873208,2.9580256720215936,1,100.0,"{""counterfactual_D_atr4h_2.0"": 1, ""stop_loss"": 2}"
3y,D_atr4h_2.0,month,2024-01,9,33.309074876026045,3.3309074876026044,2.3473920997137703,1.309522198000002,55.55555555555556,1.4540421747006569,1.6824383786639394,23.77777777777778,26.0,47.0,24.72275269087577,-6.72809798,1.8332656767386297,5.7625745311446455,5,100.0,"{""counterfactual_D_atr4h_2.0"": 5, ""stop_loss"": 4}"
3y,D_atr4h_2.0,month,2024-02,5,105.54186678738184,10.554186678738184,inf,0.0,100.0,6.087551320547466,5.932341028493926,70.2,59.0,158.0,40.90377426990704,11.86650225054264,0.4971298816673061,9.538559680931426,5,100.0,"{""counterfactual_D_atr4h_2.0"": 5}"
3y,D_atr4h_2.0,month,2024-03,2,-7.015167692946328,-0.7015167692946328,0.20871928443269144,0.884921183129185,50.0,-0.8476500745427527,-0.8476500745427527,15.5,15.5,31.0,1.8504188870536722,-8.86558658,1.8147274764992982,6.5175078198042575,1,100.0,"{""counterfactual_D_atr4h_2.0"": 1, ""stop_loss"": 1}"
3y,D_atr4h_2.0,month,2024-04,6,-29.55416959003602,-2.9554169590036024,0.1698524079325145,2.9554169590036055,16.666666666666664,-1.5423731437368096,-2.188760582310411,16.5,6.5,73.0,6.046932999963977,-9.05807259,2.553701605870377,2.2200146921572137,1,100.0,"{""counterfactual_D_atr4h_2.0"": 1, ""stale_loss_72h"": 1, ""stop_loss"": 3, ""trailing_stop_loss"": 1}"
3y,D_atr4h_2.0,month,2024-05,8,-32.67955387515738,-3.2679553875157383,0.32970683518549193,4.798281770932746,12.5,-1.6346186466206296,-2.5424651294030842,41.375,34.5,73.0,16.074566844842618,-8.96616751,3.1092040678123016,3.3228658563143822,1,100.0,"{""counterfactual_D_atr4h_2.0"": 1, ""stale_loss_72h"": 2, ""stop_loss"": 2, ""trailing_stop_loss"": 3}"
3y,D_atr4h_2.0,month,2024-06,18,-50.5181900493213,-5.051819004932129,0.5358765757797902,7.380677969790785,11.11111111111111,-1.0608045398359005,-2.10485229179878,27.5,16.5,82.0,42.66607680197566,-9.00028322,2.6071574283433643,2.759886153860035,3,100.0,"{""counterfactual_D_atr4h_2.0"": 3, ""stale_loss_72h"": 2, ""stop_loss"": 11, ""trailing_stop_loss"": 2}"
3y,D_atr4h_2.0,month,2024-07,7,11.697775658236491,1.1697775658236491,1.456253105401987,2.471597627193395,57.14285714285714,0.994123256000715,0.8927308631941994,15.142857142857142,16.0,24.0,16.87166664108298,-8.67375793,2.736260872328533,5.512847941236426,4,100.0,"{""counterfactual_D_atr4h_2.0"": 4, ""stop_loss"": 2, ""trailing_stop_loss"": 1}"
3y,D_atr4h_2.0,month,2024-08,6,24.39820224927093,2.439820224927093,2.3501369517573747,1.7334719073882658,66.66666666666666,1.3062799493765087,2.9018665783229127,31.666666666666668,27.5,55.0,14.971087516478025,-9.15032465,2.2683160348420923,7.033183420771888,4,100.0,"{""counterfactual_D_atr4h_2.0"": 4, ""stop_loss"": 2}"
3y,D_atr4h_2.0,month,2024-09,6,99.5096344848206,9.95096344848206,inf,0.0,100.0,4.34958727291596,3.8809447183630876,46.0,48.5,86.0,32.521560494656654,8.806915026023079,0.6509628134900547,8.519119399457585,6,91.1496860865603,"{""counterfactual_D_atr4h_2.0"": 6}"
3y,D_atr4h_2.0,month,2024-10,9,9.38657465503085,0.938657465503085,1.187770142993324,4.969012244286765,44.44444444444444,0.0483532030194751,-2.117777510719016,29.666666666666668,22.0,63.0,22.184262881270488,-10.28070083,2.452917053977523,4.5347902119716474,4,100.0,"{""counterfactual_D_atr4h_2.0"": 4, ""stop_loss"": 4, ""trailing_stop_loss"": 1}"
3y,D_atr4h_2.0,month,2024-11,7,-4.408720199998909,-0.44087201999989084,0.8501211452752429,1.8404203733034548,42.857142857142854,0.17794692287951605,-0.1,29.0,31.0,67.0,12.42370525983593,-10.28080009,1.387162876593613,5.9673511616536885,4,100.0,"{""counterfactual_D_atr4h_2.0"": 4, ""stop_loss"": 3}"
3y,D_atr4h_2.0,month,2024-12,2,-0.7543630000000001,-0.07543630000000001,0.0,0.0754363000000012,0.0,-0.1,-0.1,12.0,12.0,13.0,-0.28134820000000005,-0.4730148,1.994091784713305,8.118987087145483,2,0.0,"{""counterfactual_D_atr4h_2.0"": 2}"
3y,D_atr4h_2.0,month,2025-01,9,0.297316652265569,0.029731665226556903,1.0048754477813633,3.8007851340000003,33.33333333333333,-0.43441067213287843,-2.5485540357887193,19.333333333333332,17.0,54.0,28.249660249424604,-11.58273025,2.715417152335612,5.083859908550273,3,100.0,"{""counterfactual_D_atr4h_2.0"": 3, ""stop_loss"": 3, ""trailing_stop_loss"": 3}"
3y,D_atr4h_2.0,month,2025-02,15,240.09753150412476,24.00975315041248,11.957520731771622,1.5600047511082202,73.33333333333333,4.686040033975405,5.566359468616865,40.4,30.0,89.0,36.56001833785288,-11.64792486,1.3747622951829779,10.677362874835026,12,63.14731999842228,"{""counterfactual_D_atr4h_2.0"": 12, ""stale_loss_72h"": 1, ""stop_loss"": 2}"
3y,D_atr4h_2.0,month,2025-03,11,-36.84964339823372,-3.684964339823372,0.6003053334283666,5.208636966483244,36.36363636363637,-0.6565584888218302,-2.492033418283945,16.818181818181817,19.0,45.0,20.012676179540456,-14.1650642,2.765877396066514,3.974757921019051,4,100.0,"{""counterfactual_D_atr4h_2.0"": 4, ""stop_loss"": 5, ""trailing_stop_loss"": 2}"
3y,D_atr4h_2.0,month,2025-04,7,85.91196911569881,8.591196911569881,2.602625999147883,3.5940418577131,42.857142857142854,2.92879531996248,-2.1711180785981643,22.0,22.0,47.0,60.42709079128406,-14.75962589,2.812745943635438,8.136924567214866,3,100.0,"{""counterfactual_D_atr4h_2.0"": 3, ""stop_loss"": 3, ""trailing_stop_loss"": 1}"
3y,D_atr4h_2.0,month,2025-05,5,-67.86532462,-6.786532462,0.0,6.786532461999991,0.0,-2.403955122518287,-2.1450386898922007,37.8,36.0,90.0,-11.76171956,-14.82484701,2.549928445082637,1.8826727891336592,0,0.0,"{""stop_loss"": 5}"
3y,D_atr4h_2.0,month,2025-06,16,-22.38793872963345,-2.238793872963345,0.8080920974802724,4.367852915000004,43.75,-0.41371425632194325,-1.4294317556230713,27.125,25.0,86.0,29.199944013091773,-15.2189362,2.4253510661546964,4.351386160471272,7,86.65973612037055,"{""counterfactual_D_atr4h_2.0"": 7, ""stale_loss_72h"": 1, ""stop_loss"": 5, ""trailing_stop_loss"": 3}"
3y,D_atr4h_2.0,month,2025-07,4,38.53276015330264,3.853276015330264,2.7883948870657127,1.4914735360000009,50.0,1.0955129584426007,1.2932973870755422,41.5,21.0,104.0,35.15022028805027,-14.91473536,1.7267502246765618,4.656447429478841,2,100.0,"{""counterfactual_D_atr4h_2.0"": 2, ""stop_loss"": 1, ""swing_exit_long_1d"": 1}"
3y,D_atr4h_2.0,month,2025-08,6,-23.352145593239555,-2.3352145593239557,0.6625355271667968,6.616536439433047,16.666666666666664,-1.007556472016356,-1.8768286505288816,40.5,24.0,110.0,45.84668116676045,-16.10457832,3.6538412771281816,4.144017997194797,1,100.0,"{""counterfactual_D_atr4h_2.0"": 1, ""stop_loss"": 3, ""swing_exit_long_1d"": 1, ""trailing_stop_loss"": 1}"
3y,D_atr4h_2.0,month,2025-09,10,18.199070923417263,1.8199070923417264,1.2967011901034728,4.434140398902244,60.0,0.22599192111714111,0.4949857037394392,50.9,42.0,121.0,36.815216556128426,-15.90647583,2.3660965960124205,4.446783596307173,5,99.39897647156178,"{""counterfactual_D_atr4h_2.0"": 5, ""stale_flat_120h"": 1, ""stop_loss"": 3, ""trailing_stop_loss"": 1}"
3y,D_atr4h_2.0,month,2025-10,8,59.48210745699964,5.948210745699964,1.907037470704986,5.912440081176537,50.0,0.802784776362057,-0.19070226297885795,55.0,17.5,336.0,55.548000984028896,-16.99086285,2.463269362177305,4.467553123324498,4,100.0,"{""counterfactual_D_atr4h_2.0"": 3, ""max_hold_14d"": 1, ""stop_loss"": 3, ""trailing_stop_loss"": 1}"
3y,D_atr4h_2.0,month,2025-11,12,29.229386133426477,2.9229386133426476,1.2870349263325693,4.898289994546189,33.33333333333333,0.9317738559611036,-1.1113360737067142,43.666666666666664,27.0,198.0,64.70734128188057,-17.7691815,2.650103270223461,6.509702137945805,6,100.0,"{""counterfactual_D_atr4h_2.0"": 6, ""stop_loss"": 6}"
3y,D_atr4h_2.0,month,2025-12,13,34.1441861697884,3.41441861697884,1.2956726021918668,6.839098896609018,46.15384615384615,0.38284628626390815,-1.4136308431383535,51.23076923076923,33.0,278.0,38.13870169548044,-18.97823107,2.1213975636454934,4.431401003939291,6,93.01436363116915,"{""counterfactual_D_atr4h_2.0"": 6, ""stop_loss"": 6, ""trailing_stop_loss"": 1}"
3y,D_atr4h_2.0,month,2026-01,12,185.35934159605017,18.535934159605016,4.258914942160823,3.7075498868992764,66.66666666666666,2.2070513158054994,3.536032700381182,51.416666666666664,22.5,335.0,50.53727378426151,-19.33195112,1.4885805747650687,6.5530205462291695,9,72.4886890767829,"{""counterfactual_D_atr4h_2.0"": 9, ""stop_loss"": 1, ""trailing_stop_loss"": 2}"
3y,D_atr4h_2.0,month,2026-02,12,276.559768148557,27.6559768148557,5.192240664571431,3.4140460104774206,58.333333333333336,4.446460737346113,1.0449139069286502,35.083333333333336,29.5,73.0,115.82149377551548,-22.38113319,2.2927128091494104,10.193554972502223,8,95.36686500344037,"{""counterfactual_D_atr4h_2.0"": 8, ""stale_loss_72h"": 1, ""stop_loss"": 2, ""trailing_stop_loss"": 1}"
3y,D_atr4h_2.0,month,2026-03,9,-1.061488542615316,-0.10614885426153159,0.990539637126349,10.73421743229755,33.33333333333333,-0.08105603247076515,-2.7242796990634597,51.0,41.0,89.0,39.74931502300343,-22.51784396,2.1540586627970337,5.027380768247165,3,100.0,"{""counterfactual_D_atr4h_2.0"": 3, ""stale_loss_72h"": 1, ""stop_loss"": 5}"
3y,D_atr4h_2.0,month,2026-04,4,-24.615384189596348,-2.461538418959635,0.5984766845165783,5.9135340817256274,25.0,-1.2062939121322087,-2.2522245379966015,24.75,24.0,39.0,36.68960917040365,-22.25873017,2.630002484604458,2.480630145074981,1,100.0,"{""counterfactual_D_atr4h_2.0"": 1, ""stop_loss"": 2, ""trailing_stop_loss"": 1}"
3y,D_atr4h_2.0,month,2026-05,4,-5.250116114250815,-0.5250116114250816,0.8511890633286707,3.5280445320000013,25.0,-0.7294355589411098,-1.0010173890128058,40.25,37.5,74.0,30.030329205749183,-19.52740337,2.707063751968944,2.912688347903087,1,100.0,"{""counterfactual_D_atr4h_2.0"": 1, ""stale_loss_72h"": 1, ""trailing_stop_loss"": 2}"
3y,D_atr4h_2.0,month,2026-06,12,149.93164044630507,14.993164044630507,2.335950874681994,7.985254216648287,50.0,1.5261881306175253,-0.14795337445960255,38.0,48.0,84.0,132.15778526173244,-23.48846993,2.487478658601844,5.943671777763317,5,98.55641855615633,"{""counterfactual_D_atr4h_2.0"": 5, ""force_exit"": 1, ""stale_loss_72h"": 1, ""stop_loss"": 4, ""trailing_stop_loss"": 1}"
3y,D_atr4h_2.0,market_period,pressure_202603_202605,17,-30.92698884646248,-3.0926988846462478,0.851874594018952,10.73421743229755,29.411764705882355,-0.4983777750900094,-2.078238929345367,42.294117647058826,39.0,89.0,39.74931502300343,-22.51784396,2.3961642889098185,3.930570640360986,5,100.0,"{""counterfactual_D_atr4h_2.0"": 5, ""stale_loss_72h"": 2, ""stop_loss"": 7, ""trailing_stop_loss"": 3}"
3y,D_atr4h_2.0,market_period,strong_202601_202602,24,461.91910974460717,46.19191097446071,4.7601151557657815,3.7075498868992764,62.5,3.326756026575806,2.145647271616557,43.25,23.5,335.0,115.82149377551548,-22.38113319,1.8906466919572396,8.373287759365697,17,65.44588345955232,"{""counterfactual_D_atr4h_2.0"": 17, ""stale_loss_72h"": 1, ""stop_loss"": 3, ""trailing_stop_loss"": 3}"
3y,D_atr4h_2.0,market_period,repair_202606,12,149.93164044630507,14.993164044630507,2.335950874681994,7.985254216648287,50.0,1.5261881306175253,-0.14795337445960255,38.0,48.0,84.0,132.15778526173244,-23.48846993,2.487478658601844,5.943671777763317,5,98.55641855615633,"{""counterfactual_D_atr4h_2.0"": 5, ""force_exit"": 1, ""stale_loss_72h"": 1, ""stop_loss"": 4, ""trailing_stop_loss"": 1}"
3y,D_atr4h_2.5,all,all,291,1383.3057844285277,138.33057844285278,1.7630040422914877,12.111955657711482,39.175257731958766,0.9163175392364543,-1.1497042202794163,42.649484536082475,31.0,336.0,275.90137672173375,-23.48846993,2.25490930107558,6.036273300327603,127,22.24522203605072,"{""counterfactual_D_atr4h_2.5"": 125, ""force_exit"": 1, ""max_hold_14d"": 2, ""stale_flat_120h"": 1, ""stale_loss_72h"": 17, ""stop_loss"": 110, ""swing_exit_long_1d"": 3, ""trailing_stop_loss"": 32}"
3y,D_atr4h_2.5,entry_tag,long_1d_center_compression,47,257.78758476350225,25.778758476350227,1.9380230157984837,9.360713836972968,36.17021276595745,0.8657424240350041,-1.544169535874263,61.08510638297872,32.0,336.0,117.54257374712796,-19.22016428,1.6367243930371236,5.1786925346149015,21,56.6729199924105,"{""counterfactual_D_atr4h_2.5"": 19, ""max_hold_14d"": 2, ""stop_loss"": 23, ""swing_exit_long_1d"": 3}"
3y,D_atr4h_2.5,entry_tag,short_compression_breakdown,78,234.86263947351833,23.486263947351834,1.5089685250028464,9.562779747833556,41.02564102564102,1.0038731376424816,-0.4023993798349982,39.93589743589744,29.0,209.0,62.01946373736862,-22.51784396,2.4338545121926596,6.240805767847486,34,37.95162529915029,"{""counterfactual_D_atr4h_2.5"": 34, ""force_exit"": 1, ""stale_loss_72h"": 7, ""stop_loss"": 22, ""trailing_stop_loss"": 14}"
3y,D_atr4h_2.5,entry_tag,short_pullback_restart,166,890.655560191507,89.0655560191507,1.827205037724033,16.6926179227735,39.1566265060241,0.8894964171810208,-1.2092615500294674,38.704819277108435,32.5,162.0,275.90137672173375,-23.48846993,2.345854868609768,6.182976695038122,72,34.3929034595386,"{""counterfactual_D_atr4h_2.5"": 72, ""stale_flat_120h"": 1, ""stale_loss_72h"": 10, ""stop_loss"": 65, ""trailing_stop_loss"": 18}"
3y,D_atr4h_2.5,pair,ADA/USDT:USDT,32,460.8411494676699,46.08411494676699,3.970281568604464,4.89284135042196,46.875,2.173365668459614,-0.0983178814760593,45.40625,28.5,209.0,275.90137672173375,-22.25873017,2.2217743879580176,7.4724551603165015,16,80.9778825123028,"{""counterfactual_D_atr4h_2.5"": 16, ""force_exit"": 1, ""stale_loss_72h"": 2, ""stop_loss"": 9, ""trailing_stop_loss"": 4}"
3y,D_atr4h_2.5,pair,BNB/USDT:USDT,19,136.04320211578295,13.604320211578294,2.207357275149099,5.737385048624419,52.63157894736842,1.992213637421231,1.0193668698948901,48.21052631578947,35.0,164.0,44.90387706219026,-22.48258298,1.797622022529629,6.934888859371683,11,79.90200534496043,"{""counterfactual_D_atr4h_2.5"": 11, ""stop_loss"": 7, ""swing_exit_long_1d"": 1}"
3y,D_atr4h_2.5,pair,BTC/USDT:USDT,37,68.74920479241437,6.874920479241438,1.2946523305778188,5.8118650093495505,40.54054054054054,0.6107193607384742,-1.5077925834035404,42.648648648648646,32.0,134.0,77.05170298670676,-23.4204542,1.8357377813103777,4.546175208444536,14,64.27704659683596,"{""counterfactual_D_atr4h_2.5"": 14, ""stale_flat_120h"": 1, ""stale_loss_72h"": 1, ""stop_loss"": 14, ""swing_exit_long_1d"": 2, ""trailing_stop_loss"": 5}"
3y,D_atr4h_2.5,pair,DOGE/USDT:USDT,20,110.55577660555723,11.055577660555722,1.8761207478051687,6.08925452847384,35.0,2.132742478936892,-1.088512229400935,37.1,33.0,128.0,62.86009493123021,-23.11526256,2.2798791289211624,8.242367591950028,9,90.568986486649,"{""counterfactual_D_atr4h_2.5"": 9, ""stale_loss_72h"": 1, ""stop_loss"": 9, ""trailing_stop_loss"": 1}"
3y,D_atr4h_2.5,pair,ETH/USDT:USDT,30,264.8393105153933,26.483931051539333,2.6787628212184775,3.9193563288442617,43.333333333333336,1.6149700706873105,-0.4152173299256356,38.833333333333336,27.5,156.0,117.54257374712796,-21.11515786,1.8593331802220732,6.220277238342245,13,73.51552710665061,"{""counterfactual_D_atr4h_2.5"": 13, ""stale_loss_72h"": 5, ""stop_loss"": 7, ""trailing_stop_loss"": 5}"
3y,D_atr4h_2.5,pair,LINK/USDT:USDT,20,-61.51152468282855,-6.151152468282855,0.6106833421331145,6.15115246828284,30.0,-0.9270062064469787,-2.37820286210962,33.05,31.5,105.0,38.55263482557775,-23.48846993,3.313968306506428,4.502864675870085,6,98.93133231989482,"{""counterfactual_D_atr4h_2.5"": 6, ""stale_loss_72h"": 1, ""stop_loss"": 9, ""trailing_stop_loss"": 4}"
3y,D_atr4h_2.5,pair,NEAR/USDT:USDT,23,-23.950618358186052,-2.395061835818605,0.8755151841538639,8.59617666241686,26.08695652173913,-0.5170206985838308,-3.199821744734933,31.347826086956523,27.0,88.0,81.83724717598237,-19.82609891,2.909766284037794,5.7838667197300175,8,94.49535504810417,"{""counterfactual_D_atr4h_2.5"": 8, ""stop_loss"": 11, ""trailing_stop_loss"": 4}"
3y,D_atr4h_2.5,pair,PAXG/USDT:USDT,5,106.58377147935083,10.658377147935083,4.572450549151249,1.5720341602551444,60.0,2.5725838255383255,4.422919424900002,224.2,278.0,336.0,58.66583052000008,-16.15590109,1.4410567522652138,4.596983751333334,3,100.0,"{""counterfactual_D_atr4h_2.5"": 1, ""max_hold_14d"": 2, ""stop_loss"": 2}"
3y,D_atr4h_2.5,pair,SOL/USDT:USDT,25,188.98445966454324,18.898445966454325,2.0458041936349636,4.39330748109438,32.0,1.3552312888898612,-1.4726264836892875,38.04,22.0,119.0,120.82531877716558,-22.51784396,2.4721232670782705,6.680554250880519,11,89.91677405970432,"{""counterfactual_D_atr4h_2.5"": 11, ""stale_loss_72h"": 1, ""stop_loss"": 11, ""trailing_stop_loss"": 2}"
3y,D_atr4h_2.5,pair,SUI/USDT:USDT,19,19.876595147743885,1.9876595147743883,1.1663846741222592,3.8676930655406636,36.84210526315789,0.7154286750879536,-2.146291834938216,34.78947368421053,19.0,130.0,53.8240256715082,-22.17036223,2.4403318880192764,6.575874601514876,8,91.52150522063265,"{""counterfactual_D_atr4h_2.5"": 8, ""stale_loss_72h"": 1, ""stop_loss"": 7, ""trailing_stop_loss"": 3}"
3y,D_atr4h_2.5,pair,TAO/USDT:USDT,12,47.35842081000552,4.735842081000552,1.6602044690529048,3.4507111033835005,41.66666666666667,0.5854389612573682,-0.1,41.083333333333336,21.5,124.0,74.00221623119582,-21.48366959,2.7718838556602203,6.242444656598539,7,100.0,"{""counterfactual_D_atr4h_2.5"": 7, ""stop_loss"": 3, ""trailing_stop_loss"": 2}"
3y,D_atr4h_2.5,pair,XRP/USDT:USDT,36,-13.361221784266297,-1.3361221784266297,0.9424345048171144,7.342042644568698,30.555555555555557,-0.38973255308101307,-1.5555100450389454,37.166666666666664,33.0,90.0,49.7660646700361,-22.44004946,2.14744350705347,4.24313772532156,13,66.52639047030469,"{""counterfactual_D_atr4h_2.5"": 13, ""stale_loss_72h"": 3, ""stop_loss"": 19, ""trailing_stop_loss"": 1}"
3y,D_atr4h_2.5,pair,ZEC/USDT:USDT,13,78.2972586553473,7.829725865534732,2.794321072416512,3.147764180354442,61.53846153846154,1.7421487511540716,1.1775566069136518,47.0,64.0,94.0,39.41737325123574,-19.33195112,1.7290690293238724,7.7170008243087445,8,92.76150179879258,"{""counterfactual_D_atr4h_2.5"": 8, ""stale_loss_72h"": 2, ""stop_loss"": 2, ""trailing_stop_loss"": 1}"
3y,D_atr4h_2.5,side,long,47,257.78758476350225,25.778758476350227,1.9380230157984837,9.360713836972968,36.17021276595745,0.8657424240350041,-1.544169535874263,61.08510638297872,32.0,336.0,117.54257374712796,-19.22016428,1.6367243930371236,5.1786925346149015,21,56.6729199924105,"{""counterfactual_D_atr4h_2.5"": 19, ""max_hold_14d"": 2, ""stop_loss"": 23, ""swing_exit_long_1d"": 3}"
3y,D_atr4h_2.5,side,short,244,1125.5181996650253,112.55181996650253,1.7317335939912808,15.280087174660672,39.75409836065574,0.9260594671646025,-0.982787002990207,39.09836065573771,30.5,209.0,275.90137672173375,-23.48846993,2.3739859022141347,6.201463037985378,106,25.402246588037514,"{""counterfactual_D_atr4h_2.5"": 106, ""force_exit"": 1, ""stale_flat_120h"": 1, ""stale_loss_72h"": 17, ""stop_loss"": 87, ""trailing_stop_loss"": 32}"
3y,D_atr4h_2.5,month,2023-08,17,24.279830281267756,2.427983028126776,1.3468253079636279,4.113081364000005,23.52941176470588,0.40215272619222187,-1.451761973238025,45.11764705882353,34.0,119.0,40.9757003731717,-8.04651781,2.009639239023953,4.5879932339193985,4,100.0,"{""counterfactual_D_atr4h_2.5"": 4, ""stale_loss_72h"": 4, ""stop_loss"": 8, ""trailing_stop_loss"": 1}"
3y,D_atr4h_2.5,month,2023-09,9,-42.39026643,-4.239026643,0.0,4.2390266430000105,0.0,-1.5553386223306822,-1.4516404810934107,43.666666666666664,43.0,75.0,-0.32414622,-7.84673411,2.36686480228571,2.1074218087885996,0,0.0,"{""stale_loss_72h"": 2, ""stop_loss"": 4, ""trailing_stop_loss"": 3}"
3y,D_atr4h_2.5,month,2023-10,4,1.6925431909983821,0.1692543190998382,1.1199407352268866,1.3981723696313952,50.0,0.0951513114400982,-0.009080762203536819,39.75,35.0,89.0,9.281558304593535,-7.3982703,1.5196689186077945,4.223103716936268,2,100.0,"{""counterfactual_D_atr4h_2.5"": 2, ""stop_loss"": 2}"
3y,D_atr4h_2.5,month,2023-11,4,-26.938137400000002,-2.6938137400000004,0.0,2.693813740000007,0.0,-1.9736359631086962,-2.0921266359383215,27.5,6.5,97.0,-5.10566745,-7.54531354,2.3446778148558662,1.1052352660291747,0,0.0,"{""stop_loss"": 3, ""swing_exit_long_1d"": 1}"
3y,D_atr4h_2.5,month,2023-12,3,-10.622723453365017,-1.0622723453365017,0.26273701237287367,1.4408323259999976,33.33333333333333,-0.6947346944678792,-2.097012581701798,4.0,4.0,7.0,3.785599806634983,-7.21483345,1.974782532873208,2.9580256720215936,1,100.0,"{""counterfactual_D_atr4h_2.5"": 1, ""stop_loss"": 2}"
3y,D_atr4h_2.5,month,2024-01,9,29.336969365136124,2.9336969365136123,2.186715659298589,1.309522198000002,55.55555555555556,1.1799263777418747,0.37556670368099787,35.111111111111114,36.0,79.0,21.859612514176817,-6.72809798,1.8332656767386297,6.193600250367986,5,100.0,"{""counterfactual_D_atr4h_2.5"": 5, ""stop_loss"": 4}"
3y,D_atr4h_2.5,month,2024-02,5,107.32475685911213,10.732475685911211,inf,0.0,100.0,6.16113114473724,5.433137177648733,87.8,74.0,164.0,37.32454507534624,8.477692703178349,0.4971298816673061,10.701928608247218,5,100.0,"{""counterfactual_D_atr4h_2.5"": 5}"
3y,D_atr4h_2.5,month,2024-03,2,-9.27588658,-0.927588658,0.0,0.9275886580000019,0.0,-1.123145917469108,-1.123145917469108,16.0,16.0,32.0,-0.4103,-8.86558658,1.8147274764992982,6.5175078198042575,1,0.0,"{""counterfactual_D_atr4h_2.5"": 1, ""stop_loss"": 1}"
3y,D_atr4h_2.5,month,2024-04,6,-32.43394634004504,-3.243394634004504,0.08896230789336791,3.2433946340045052,16.666666666666664,-1.720824508872209,-2.188760582310411,16.5,6.5,73.0,3.1671562499549575,-9.05807259,2.553701605870377,2.2200146921572137,1,100.0,"{""counterfactual_D_atr4h_2.5"": 1, ""stale_loss_72h"": 1, ""stop_loss"": 3, ""trailing_stop_loss"": 1}"
3y,D_atr4h_2.5,month,2024-05,8,-36.70230083394672,-3.6702300833946726,0.24719592329986081,4.817354187010816,12.5,-1.798622118526684,-2.5424651294030842,41.375,34.5,73.0,12.051819886053275,-8.96616751,3.1092040678123016,3.3228658563143822,1,100.0,"{""counterfactual_D_atr4h_2.5"": 1, ""stale_loss_72h"": 2, ""stop_loss"": 2, ""trailing_stop_loss"": 3}"
3y,D_atr4h_2.5,month,2024-06,18,-52.72194777828156,-5.272194777828156,0.5156300946149226,6.506943354004273,11.11111111111111,-1.0892121337239213,-2.10485229179878,31.22222222222222,16.5,89.0,39.487045541616695,-9.00028322,2.6071574283433643,2.8657561922129537,3,100.0,"{""counterfactual_D_atr4h_2.5"": 3, ""stale_loss_72h"": 2, ""stop_loss"": 11, ""trailing_stop_loss"": 2}"
3y,D_atr4h_2.5,month,2024-07,7,2.6631062982264835,0.26631062982264836,1.103102664470792,2.493313105423476,42.857142857142854,0.4264986498583423,-0.1,15.428571428571429,18.0,24.0,15.201337201353736,-8.67375793,3.133420578671054,5.512847941236426,4,100.0,"{""counterfactual_D_atr4h_2.5"": 4, ""stop_loss"": 2, ""trailing_stop_loss"": 1}"
3y,D_atr4h_2.5,month,2024-08,6,109.40655161521768,10.940655161521768,7.054291483892829,1.6027734316829731,66.66666666666666,6.900074165239256,6.621195419543882,45.5,31.0,130.0,53.8240256715082,-9.15032465,2.2683160348420923,13.840169609636238,4,100.0,"{""counterfactual_D_atr4h_2.5"": 4, ""stop_loss"": 2}"
3y,D_atr4h_2.5,month,2024-09,6,101.2005216919587,10.12005216919587,inf,0.0,100.0,4.660375075226476,3.4693416443037335,65.33333333333333,59.0,117.0,39.41737325123574,6.250572758162561,0.6509628134900547,9.974987652904534,6,93.82357654519954,"{""counterfactual_D_atr4h_2.5"": 6}"
3y,D_atr4h_2.5,month,2024-10,9,-0.5850020399079661,-0.05850020399079661,0.9882975504140872,4.939054280414446,44.44444444444444,-0.08431836605829707,-2.117777510719016,40.44444444444444,39.0,85.0,19.182629721588143,-10.28070083,2.452917053977523,5.06464958012431,4,100.0,"{""counterfactual_D_atr4h_2.5"": 4, ""stop_loss"": 4, ""trailing_stop_loss"": 1}"
3y,D_atr4h_2.5,month,2024-11,7,-12.451547159324045,-1.2451547159324046,0.5835193575777076,1.9476715787165901,28.57142857142857,-0.10898806043948382,-0.1,35.57142857142857,31.0,73.0,9.272425319452422,-10.28080009,1.40172011502219,6.0964675372810735,4,100.0,"{""counterfactual_D_atr4h_2.5"": 4, ""stop_loss"": 3}"
3y,D_atr4h_2.5,month,2024-12,2,-0.7543630000000001,-0.07543630000000001,0.0,0.0754363000000012,0.0,-0.1,-0.1,12.0,12.0,13.0,-0.28134820000000005,-0.4730148,1.994091784713305,8.118987087145483,2,0.0,"{""counterfactual_D_atr4h_2.5"": 2}"
3y,D_atr4h_2.5,month,2025-01,9,-7.322004668764332,-0.7322004668764331,0.8799325529013009,3.8007851340000003,33.33333333333333,-0.6276904720106466,-2.5485540357887193,28.555555555555557,18.0,88.0,21.06304159678077,-11.58273025,2.715417152335612,5.315246869214491,3,100.0,"{""counterfactual_D_atr4h_2.5"": 3, ""stop_loss"": 3, ""trailing_stop_loss"": 3}"
3y,D_atr4h_2.5,month,2025-02,12,181.3093551826582,18.13093551826582,9.27455828401131,1.7713168004170734,66.66666666666666,4.714430987954356,3.7367059153468736,49.75,44.5,105.0,51.47101033693206,-11.64792486,1.4182746602965584,11.955115086351187,9,84.38334500640607,"{""counterfactual_D_atr4h_2.5"": 9, ""stale_loss_72h"": 1, ""stop_loss"": 2}"
3y,D_atr4h_2.5,month,2025-03,14,83.6222030054078,8.362220300540779,1.9070195927549727,4.9142365608819505,50.0,1.6458515947113048,-0.7002356138336021,34.0,27.5,128.0,62.86009493123021,-14.1650642,2.4304849900655445,7.5573039641387965,7,96.45286870096628,"{""counterfactual_D_atr4h_2.5"": 7, ""stop_loss"": 5, ""trailing_stop_loss"": 2}"
3y,D_atr4h_2.5,month,2025-04,7,113.8820907460061,11.38820907460061,3.124388503085975,3.506958681796949,42.857142857142854,3.294606658654943,-2.1711180785981643,24.714285714285715,26.0,47.0,90.78816085023395,-14.75962589,2.812745943635438,9.655294458019428,3,100.0,"{""counterfactual_D_atr4h_2.5"": 3, ""stop_loss"": 3, ""trailing_stop_loss"": 1}"
3y,D_atr4h_2.5,month,2025-05,5,-67.86532462,-6.786532462,0.0,6.786532461999991,0.0,-2.403955122518287,-2.1450386898922007,37.8,36.0,90.0,-11.76171956,-14.82484701,2.549928445082637,1.8826727891336592,0,0.0,"{""stop_loss"": 5}"
3y,D_atr4h_2.5,month,2025-06,16,-17.270214469549522,-1.7270214469549523,0.8522757588577607,4.367852915000004,37.5,-0.2926387440313116,-1.4294317556230713,39.75,35.0,94.0,26.73789539883989,-15.2189362,2.4253510661546964,4.859859173495162,7,92.86263393115718,"{""counterfactual_D_atr4h_2.5"": 7, ""stale_loss_72h"": 1, ""stop_loss"": 5, ""trailing_stop_loss"": 3}"
3y,D_atr4h_2.5,month,2025-07,4,29.750020684128305,2.9750020684128304,2.3807675512971023,1.4914735360000009,50.0,0.7672508449585128,1.0646275523735822,41.5,21.0,104.0,29.41884560506286,-14.91473536,1.7267502246765618,4.656447429478841,2,100.0,"{""counterfactual_D_atr4h_2.5"": 2, ""stop_loss"": 1, ""swing_exit_long_1d"": 1}"
3y,D_atr4h_2.5,month,2025-08,6,48.34374698712796,4.834374698712796,1.6986209051606753,6.192052847523816,16.666666666666664,0.6631222105327694,-1.8768286505288816,56.166666666666664,24.0,156.0,117.54257374712796,-16.10457832,3.6538412771281816,6.1141762887377995,1,100.0,"{""counterfactual_D_atr4h_2.5"": 1, ""stop_loss"": 3, ""swing_exit_long_1d"": 1, ""trailing_stop_loss"": 1}"
3y,D_atr4h_2.5,month,2025-09,10,22.86637958329336,2.2866379583293357,1.3727927686127706,4.4700236834236655,60.0,0.2328166700086897,0.40867648065335427,69.0,82.0,124.0,44.7631187304221,-15.90647583,2.3660965960124205,4.764860287367709,5,99.43229018798404,"{""counterfactual_D_atr4h_2.5"": 5, ""stale_flat_120h"": 1, ""stop_loss"": 3, ""trailing_stop_loss"": 1}"
3y,D_atr4h_2.5,month,2025-10,8,50.49019059518031,5.049019059518031,1.7699205144332164,5.931990954985227,50.0,0.6200108630734709,-0.26687674581857257,56.875,19.5,336.0,49.7660646700361,-16.99086285,2.463269362177305,4.709323755182303,4,100.0,"{""counterfactual_D_atr4h_2.5"": 3, ""max_hold_14d"": 1, ""stop_loss"": 3, ""trailing_stop_loss"": 1}"
3y,D_atr4h_2.5,month,2025-11,12,11.913610341255655,1.1913610341255656,1.116992613223122,4.978985313660586,33.33333333333333,0.59546904105751,-1.1113360737067142,45.083333333333336,27.5,209.0,62.01946373736862,-17.7691815,2.650103270223461,6.509702137945805,6,100.0,"{""counterfactual_D_atr4h_2.5"": 6, ""stop_loss"": 6}"
3y,D_atr4h_2.5,month,2025-12,13,9.499516800708683,0.9499516800708683,1.082261350089408,6.941415429420539,46.15384615384615,0.1481808436279116,-1.4136308431383535,53.23076923076923,33.0,278.0,36.367097599350735,-18.97823107,2.1213975636454934,4.707877013272808,6,96.20287509011366,"{""counterfactual_D_atr4h_2.5"": 6, ""stop_loss"": 6, ""trailing_stop_loss"": 1}"
3y,D_atr4h_2.5,month,2026-01,10,165.3034280663968,16.53034280663968,3.9062997692880597,3.67857328613428,60.0,2.564807296777849,1.9852596752005427,65.3,32.0,336.0,74.00221623119582,-19.33195112,1.650636783016554,7.609318805158776,7,94.34145602712472,"{""counterfactual_D_atr4h_2.5"": 6, ""max_hold_14d"": 1, ""stop_loss"": 1, ""trailing_stop_loss"": 2}"
3y,D_atr4h_2.5,month,2026-02,14,342.38530109273853,34.23853010927385,6.149057200451123,3.15874038220844,57.14285714285714,4.712799336104384,0.5032316062686705,43.857142857142854,42.0,109.0,105.96189896939431,-22.38113319,2.062082341200586,11.321427123266893,10,95.30242288234169,"{""counterfactual_D_atr4h_2.5"": 10, ""stale_loss_72h"": 1, ""stop_loss"": 2, ""trailing_stop_loss"": 1}"
3y,D_atr4h_2.5,month,2026-03,9,-28.42136655785697,-2.842136655785697,0.7466986875431422,10.824570442062338,33.33333333333333,-0.5012278029888737,-2.7242796990634597,51.55555555555556,41.0,90.0,29.347824436822194,-22.51784396,2.1540586627970337,5.027380768247165,3,100.0,"{""counterfactual_D_atr4h_2.5"": 3, ""stale_loss_72h"": 1, ""stop_loss"": 5}"
3y,D_atr4h_2.5,month,2026-04,4,-25.95302504853609,-2.595302504853609,0.5766572406894704,4.084474428450261,25.0,-1.2406960466798402,-2.2522245379966015,29.5,24.0,58.0,35.35196831146391,-22.25873017,2.630002484604458,2.480630145074981,1,100.0,"{""counterfactual_D_atr4h_2.5"": 1, ""stop_loss"": 2, ""trailing_stop_loss"": 1}"
3y,D_atr4h_2.5,month,2026-05,4,-11.888023720313427,-1.1888023720313428,0.6630421296418765,3.5280445320000013,25.0,-0.9033757358644365,-1.0010173890128058,40.5,38.0,74.0,23.39242159968657,-19.52740337,2.707063751968944,2.912688347903087,1,100.0,"{""counterfactual_D_atr4h_2.5"": 1, ""stale_loss_72h"": 1, ""trailing_stop_loss"": 2}"
3y,D_atr4h_2.5,month,2026-06,12,331.6317421415993,33.16317421415993,3.940666515698697,6.966927684764677,41.66666666666667,2.97071730490977,-0.5445586021178257,46.75,50.0,162.0,275.90137672173375,-23.48846993,2.487478658601844,8.035915861025364,5,100.0,"{""counterfactual_D_atr4h_2.5"": 5, ""force_exit"": 1, ""stale_loss_72h"": 1, ""stop_loss"": 4, ""trailing_stop_loss"": 1}"
3y,D_atr4h_2.5,market_period,pressure_202603_202605,17,-66.26241532670649,-6.626241532670648,0.6826348914768046,11.560976624040961,29.411764705882355,-0.7698433739457041,-2.078238929345367,43.76470588235294,39.0,90.0,35.35196831146391,-22.51784396,2.3961642889098185,3.930570640360986,5,100.0,"{""counterfactual_D_atr4h_2.5"": 5, ""stale_loss_72h"": 2, ""stop_loss"": 7, ""trailing_stop_loss"": 3}"
3y,D_atr4h_2.5,market_period,strong_202601_202602,24,507.68872915913533,50.76887291591353,5.115092262968612,3.67857328613428,58.333333333333336,3.817802653051661,1.03824942254684,52.791666666666664,35.0,336.0,105.96189896939431,-22.38113319,1.8906466919572396,9.774715324055178,17,66.87286252858283,"{""counterfactual_D_atr4h_2.5"": 16, ""max_hold_14d"": 1, ""stale_loss_72h"": 1, ""stop_loss"": 3, ""trailing_stop_loss"": 3}"
3y,D_atr4h_2.5,market_period,repair_202606,12,331.6317421415993,33.16317421415993,3.940666515698697,6.966927684764677,41.66666666666667,2.97071730490977,-0.5445586021178257,46.75,50.0,162.0,275.90137672173375,-23.48846993,2.487478658601844,8.035915861025364,5,100.0,"{""counterfactual_D_atr4h_2.5"": 5, ""force_exit"": 1, ""stale_loss_72h"": 1, ""stop_loss"": 4, ""trailing_stop_loss"": 1}"
3y,D_atr4h_3.0,all,all,291,1444.8466435309188,144.4846643530919,1.7957483016956748,13.961306040571534,37.45704467353952,0.9133047355285211,-1.1497042202794163,49.41237113402062,33.0,336.0,265.49028921124597,-23.48846993,2.26440970300536,6.549698611774701,127,26.89930160175531,"{""counterfactual_D_atr4h_3.0"": 125, ""force_exit"": 1, ""max_hold_14d"": 2, ""stale_flat_120h"": 1, ""stale_loss_72h"": 17, ""stop_loss"": 110, ""swing_exit_long_1d"": 3, ""trailing_stop_loss"": 32}"
3y,D_atr4h_3.0,entry_tag,long_1d_center_compression,47,209.92414552850173,20.99241455285017,1.7638602156043173,9.485030585263251,36.17021276595745,0.6962003632623152,-1.544169535874263,66.14893617021276,32.0,336.0,108.78117593655355,-19.22016428,1.6367243930371236,5.3000843615022415,21,61.47405023047606,"{""counterfactual_D_atr4h_3.0"": 19, ""max_hold_14d"": 2, ""stop_loss"": 23, ""swing_exit_long_1d"": 3}"
3y,D_atr4h_3.0,entry_tag,short_compression_breakdown,78,516.7227945413358,51.67227945413359,2.117389447262009,9.968464345126094,38.46153846153847,1.7085893947274398,-0.4023993798349982,51.32051282051282,30.0,309.0,195.27139873652322,-22.51784396,2.4559142175200877,7.558926732075067,34,46.86388413387469,"{""counterfactual_D_atr4h_3.0"": 34, ""force_exit"": 1, ""stale_loss_72h"": 7, ""stop_loss"": 22, ""trailing_stop_loss"": 14}"
3y,D_atr4h_3.0,entry_tag,short_pullback_restart,166,718.1997034610812,71.81997034610812,1.6659551914605952,23.123858446856396,37.34939759036144,0.6010860733537984,-1.2092615500294674,43.77710843373494,34.5,175.0,265.49028921124597,-23.48846993,2.3521437839472776,6.429289433337213,72,41.40295594185759,"{""counterfactual_D_atr4h_3.0"": 72, ""stale_flat_120h"": 1, ""stale_loss_72h"": 10, ""stop_loss"": 65, ""trailing_stop_loss"": 18}"
3y,D_atr4h_3.0,pair,ADA/USDT:USDT,32,424.50969079213104,42.4509690792131,3.7187775447063514,5.516937773395041,40.625,2.002040610974171,-0.1,53.75,30.5,309.0,265.49028921124597,-22.25873017,2.275544919693624,7.7520984622200775,16,85.61069266675815,"{""counterfactual_D_atr4h_3.0"": 16, ""force_exit"": 1, ""stale_loss_72h"": 2, ""stop_loss"": 9, ""trailing_stop_loss"": 4}"
3y,D_atr4h_3.0,pair,BNB/USDT:USDT,19,191.2664589791827,19.12664589791827,2.697453067474748,7.026528311432621,52.63157894736842,2.3908457752667087,0.46085547799118376,58.578947368421055,35.0,240.0,129.0690535328578,-22.48258298,1.797622022529629,7.931688235338296,11,89.698747040034,"{""counterfactual_D_atr4h_3.0"": 11, ""stop_loss"": 7, ""swing_exit_long_1d"": 1}"
3y,D_atr4h_3.0,pair,BTC/USDT:USDT,37,208.6685154770585,20.86685154770585,1.8927385263478715,6.874073670170754,37.83783783783784,0.9839835484652254,-1.5077925834035404,53.21621621621622,36.0,230.0,195.27139873652322,-23.4204542,1.8357377813103777,5.3531016777165235,14,81.89580357469454,"{""counterfactual_D_atr4h_3.0"": 14, ""stale_flat_120h"": 1, ""stale_loss_72h"": 1, ""stop_loss"": 14, ""swing_exit_long_1d"": 2, ""trailing_stop_loss"": 5}"
3y,D_atr4h_3.0,pair,DOGE/USDT:USDT,20,126.78094943189267,12.678094943189267,2.0047002846356534,6.006838777594899,35.0,2.276511882757911,-1.088512229400935,47.85,34.5,262.0,63.10470159560076,-23.11526256,2.2798791289211624,9.307610230971875,9,90.45943818218112,"{""counterfactual_D_atr4h_3.0"": 9, ""stale_loss_72h"": 1, ""stop_loss"": 9, ""trailing_stop_loss"": 1}"
3y,D_atr4h_3.0,pair,ETH/USDT:USDT,30,232.59385223099224,23.259385223099223,2.4714523940346713,3.925086779915389,40.0,1.5373637809405682,-0.4152173299256356,42.43333333333333,30.0,156.0,108.78117593655355,-21.11515786,1.8593331802220732,6.5833345100243825,13,77.09104648248362,"{""counterfactual_D_atr4h_3.0"": 13, ""stale_loss_72h"": 5, ""stop_loss"": 7, ""trailing_stop_loss"": 5}"
3y,D_atr4h_3.0,pair,LINK/USDT:USDT,20,-41.227950118933194,-4.122795011893319,0.7394780100862586,6.558967042019116,25.0,-0.2612385695845552,-2.37820286210962,38.0,34.5,105.0,54.3069300480042,-23.48846993,3.313968306506428,5.696509852051036,6,100.0,"{""counterfactual_D_atr4h_3.0"": 6, ""stale_loss_72h"": 1, ""stop_loss"": 9, ""trailing_stop_loss"": 4}"
3y,D_atr4h_3.0,pair,NEAR/USDT:USDT,23,-27.765255268170424,-2.776525526817043,0.8556883735823122,8.558859770229185,26.08695652173913,-0.6951590540686838,-3.199821744734933,34.65217391304348,27.0,104.0,62.696117153516454,-19.82609891,2.909766284037794,6.047866906632804,8,96.54792470973842,"{""counterfactual_D_atr4h_3.0"": 8, ""stop_loss"": 11, ""trailing_stop_loss"": 4}"
3y,D_atr4h_3.0,pair,PAXG/USDT:USDT,5,104.81216738322094,10.481216738322093,4.513070327019365,1.5720341602551444,60.0,2.5294917852752876,4.207459223584811,224.2,278.0,336.0,58.66583052000008,-16.15590109,1.4410567522652138,4.596983751333334,3,100.0,"{""counterfactual_D_atr4h_3.0"": 1, ""max_hold_14d"": 2, ""stop_loss"": 2}"
3y,D_atr4h_3.0,pair,SOL/USDT:USDT,25,231.2782187110573,23.12782187110573,2.2816133911524203,4.4163305987212835,36.0,1.4716394925391871,-1.4726264836892875,47.68,41.0,175.0,178.4545391601128,-22.51784396,2.4721232670782705,7.419243781082578,11,91.11465953710842,"{""counterfactual_D_atr4h_3.0"": 11, ""stale_loss_72h"": 1, ""stop_loss"": 11, ""trailing_stop_loss"": 2}"
3y,D_atr4h_3.0,pair,SUI/USDT:USDT,19,-15.709599645537665,-1.5709599645537666,0.8684967622379413,4.341500639984737,36.84210526315789,0.22856684059506485,-2.146291834938216,38.73684210526316,23.0,153.0,49.26228391856061,-22.17036223,2.4403318880192764,6.857148469761974,8,90.73077870290149,"{""counterfactual_D_atr4h_3.0"": 8, ""stale_loss_72h"": 1, ""stop_loss"": 7, ""trailing_stop_loss"": 3}"
3y,D_atr4h_3.0,pair,TAO/USDT:USDT,12,18.901847975093354,1.8901847975093353,1.263502969336316,3.5436697048158288,41.66666666666667,0.06002024571572161,-0.1,45.166666666666664,21.5,125.0,66.03809396692375,-21.48366959,2.7718838556602203,6.242444656598539,7,100.0,"{""counterfactual_D_atr4h_3.0"": 7, ""stop_loss"": 3, ""trailing_stop_loss"": 2}"
3y,D_atr4h_3.0,pair,XRP/USDT:USDT,36,-66.3622367203697,-6.63622367203697,0.7153271438319373,10.063421312036484,27.77777777777778,-0.5965760799092105,-1.5555100450389454,40.94444444444444,33.0,107.0,43.9841283560433,-22.44004946,2.1764423944430966,4.288825261663918,13,70.9272907346164,"{""counterfactual_D_atr4h_3.0"": 13, ""stale_loss_72h"": 3, ""stop_loss"": 19, ""trailing_stop_loss"": 1}"
3y,D_atr4h_3.0,pair,ZEC/USDT:USDT,13,57.09998430330097,5.7099984303300975,2.308547793749198,3.1840147462302135,61.53846153846154,1.262344287170885,0.9087939322657237,55.76923076923077,66.0,125.0,33.49799197480555,-19.33195112,1.7290690293238724,8.029696258955399,8,88.14633663764742,"{""counterfactual_D_atr4h_3.0"": 8, ""stale_loss_72h"": 2, ""stop_loss"": 2, ""trailing_stop_loss"": 1}"
3y,D_atr4h_3.0,side,long,47,209.92414552850173,20.99241455285017,1.7638602156043173,9.485030585263251,36.17021276595745,0.6962003632623152,-1.544169535874263,66.14893617021276,32.0,336.0,108.78117593655355,-19.22016428,1.6367243930371236,5.3000843615022415,21,61.47405023047606,"{""counterfactual_D_atr4h_3.0"": 19, ""max_hold_14d"": 2, ""stop_loss"": 23, ""swing_exit_long_1d"": 3}"
3y,D_atr4h_3.0,side,short,244,1234.922498002417,123.4922498002417,1.8014355983662405,18.226894875540975,37.704918032786885,0.9551240203502903,-0.982787002990207,46.18852459016394,33.0,309.0,265.49028921124597,-23.48846993,2.3853162995976023,6.790402996048495,106,31.140007027236848,"{""counterfactual_D_atr4h_3.0"": 106, ""force_exit"": 1, ""stale_flat_120h"": 1, ""stale_loss_72h"": 17, ""stop_loss"": 87, ""trailing_stop_loss"": 32}"
3y,D_atr4h_3.0,month,2023-08,17,15.809956541755065,1.5809956541755064,1.2258373713063477,4.113081364000005,23.52941176470588,0.23023791855176987,-1.451761973238025,45.294117647058826,34.0,119.0,39.456620463806054,-8.04651781,2.009639239023953,4.5879932339193985,4,100.0,"{""counterfactual_D_atr4h_3.0"": 4, ""stale_loss_72h"": 4, ""stop_loss"": 8, ""trailing_stop_loss"": 1}"
3y,D_atr4h_3.0,month,2023-09,9,-42.39026643,-4.239026643,0.0,4.2390266430000105,0.0,-1.5553386223306822,-1.4516404810934107,43.666666666666664,43.0,75.0,-0.32414622,-7.84673411,2.36686480228571,2.1074218087885996,0,0.0,"{""stale_loss_72h"": 2, ""stop_loss"": 4, ""trailing_stop_loss"": 3}"
3y,D_atr4h_3.0,month,2023-10,4,-3.765350494801893,-0.3765350494801893,0.7331714138018164,1.4014723924482948,50.0,-0.34369981571136093,-0.4749082772786738,39.75,35.0,89.0,6.905020465512275,-7.3982703,1.5196689186077945,4.223103716936268,2,100.0,"{""counterfactual_D_atr4h_3.0"": 2, ""stop_loss"": 2}"
3y,D_atr4h_3.0,month,2023-11,4,-26.938137400000002,-2.6938137400000004,0.0,2.693813740000007,0.0,-1.9736359631086962,-2.0921266359383215,27.5,6.5,97.0,-5.10566745,-7.54531354,2.3446778148558662,1.1052352660291747,0,0.0,"{""stop_loss"": 3, ""swing_exit_long_1d"": 1}"
3y,D_atr4h_3.0,month,2023-12,3,-12.78632793403804,-1.278632793403804,0.11257349635296568,1.4408323259999976,33.33333333333333,-1.0988194231938873,-2.097012581701798,4.0,4.0,7.0,1.6219953259619606,-7.21483345,1.974782532873208,2.9580256720215936,1,100.0,"{""counterfactual_D_atr4h_3.0"": 1, ""stop_loss"": 2}"
3y,D_atr4h_3.0,month,2024-01,9,22.15889447136664,2.215889447136664,1.8896383322107448,1.603236692063399,44.44444444444444,0.8527862879932382,-0.1,49.888888888888886,38.0,107.0,18.730829711382885,-6.72809798,1.8332656767386297,6.193600250367986,5,100.0,"{""counterfactual_D_atr4h_3.0"": 5, ""stop_loss"": 4}"
3y,D_atr4h_3.0,month,2024-02,5,112.08750142871052,11.208750142871052,inf,0.0,100.0,6.383946176356769,4.371540314113063,124.2,83.0,240.0,51.48740374697996,3.5732313531253306,0.4971298816673061,11.84301178098822,5,100.0,"{""counterfactual_D_atr4h_3.0"": 5}"
3y,D_atr4h_3.0,month,2024-03,2,-9.27588658,-0.927588658,0.0,0.9275886580000019,0.0,-1.123145917469108,-1.123145917469108,16.0,16.0,32.0,-0.4103,-8.86558658,1.8147274764992982,6.5175078198042575,1,0.0,"{""counterfactual_D_atr4h_3.0"": 1, ""stop_loss"": 1}"
3y,D_atr4h_3.0,month,2024-04,6,-35.31372309005406,-3.531372309005406,0.008072207854221336,3.5313723090054054,16.666666666666664,-1.8992758740076083,-2.188760582310411,16.5,6.5,73.0,0.2873794999459375,-9.05807259,2.553701605870377,2.2200146921572137,1,100.0,"{""counterfactual_D_atr4h_3.0"": 1, ""stale_loss_72h"": 1, ""stop_loss"": 3, ""trailing_stop_loss"": 1}"
3y,D_atr4h_3.0,month,2024-05,8,-40.72504779273607,-4.072504779273607,0.16468501141422964,4.836578827872545,12.5,-1.9626255904327383,-2.5424651294030842,41.375,34.5,73.0,8.02907292726393,-8.96616751,3.1092040678123016,3.3228658563143822,1,100.0,"{""counterfactual_D_atr4h_3.0"": 1, ""stale_loss_72h"": 2, ""stop_loss"": 2, ""trailing_stop_loss"": 3}"
3y,D_atr4h_3.0,month,2024-06,18,-60.21032162308946,-6.021032162308947,0.4468325049289082,6.881062616138292,11.11111111111111,-1.207411483165071,-2.10485229179878,31.555555555555557,16.5,90.0,35.51602528994006,-9.00028322,2.6071574283433643,2.8657561922129537,3,100.0,"{""counterfactual_D_atr4h_3.0"": 3, ""stale_loss_72h"": 2, ""stop_loss"": 11, ""trailing_stop_loss"": 2}"
3y,D_atr4h_3.0,month,2024-07,7,-3.047926805507222,-0.3047926805507222,0.8834086587012743,2.5551869500613438,28.57142857142857,0.06604974155566137,-0.1,15.428571428571429,18.0,24.0,13.53100776162447,-8.67375793,3.133420578671054,5.512847941236426,4,100.0,"{""counterfactual_D_atr4h_3.0"": 4, ""stop_loss"": 2, ""trailing_stop_loss"": 1}"
3y,D_atr4h_3.0,month,2024-08,6,150.4031020624315,15.040310206243149,9.322940505155152,1.5465392482825095,66.66666666666666,9.700665176073759,11.973821661748286,64.33333333333333,40.5,153.0,54.3069300480042,-9.15032465,2.2683160348420923,19.64422297087375,4,100.0,"{""counterfactual_D_atr4h_3.0"": 4, ""stop_loss"": 2}"
3y,D_atr4h_3.0,month,2024-09,6,75.17657609419824,7.517657609419824,inf,0.0,100.0,3.5427573596375574,2.4197135852809044,75.16666666666667,70.5,144.0,33.49799197480555,1.8923195998905555,0.6509628134900547,9.974987652904534,6,97.48283348589935,"{""counterfactual_D_atr4h_3.0"": 6}"
3y,D_atr4h_3.0,month,2024-10,9,-12.870461916920116,-1.2870461916920115,0.742537766613834,4.949321467580105,44.44444444444444,-0.450839243967768,-2.117777510719016,46.888888888888886,48.0,92.0,16.1809965619057,-10.28070083,2.452917053977523,5.06464958012431,4,100.0,"{""counterfactual_D_atr4h_3.0"": 4, ""stop_loss"": 4, ""trailing_stop_loss"": 1}"
3y,D_atr4h_3.0,month,2024-11,7,-20.120341197188882,-2.0120341197188885,0.3270127382294032,2.012034119718874,28.57142857142857,-0.4987625584622602,-0.1,35.714285714285715,31.0,73.0,5.68324318334292,-10.28080009,1.40172011502219,6.0964675372810735,4,100.0,"{""counterfactual_D_atr4h_3.0"": 4, ""stop_loss"": 3}"
3y,D_atr4h_3.0,month,2024-12,2,-0.7543630000000001,-0.07543630000000001,0.0,0.0754363000000012,0.0,-0.1,-0.1,12.0,12.0,13.0,-0.28134820000000005,-0.4730148,1.994091784713305,8.118987087145483,2,0.0,"{""counterfactual_D_atr4h_3.0"": 2}"
3y,D_atr4h_3.0,month,2025-01,9,-25.683787353910848,-2.568378735391085,0.5788329946626009,3.9917035996152324,33.33333333333333,-1.1674166423997216,-2.5485540357887193,31.0,23.0,104.0,14.23324864224141,-11.58273025,2.715417152335612,5.315246869214491,3,100.0,"{""counterfactual_D_atr4h_3.0"": 3, ""stop_loss"": 3, ""trailing_stop_loss"": 3}"
3y,D_atr4h_3.0,month,2025-02,11,182.50670659656976,18.250670659656976,9.234266721531988,1.8524486882827769,54.54545454545454,5.346839464420679,2.2190229398794457,61.0,60.0,108.0,52.76020142624353,-11.64792486,1.4063856879342207,13.745643086427739,8,95.82360500310156,"{""counterfactual_D_atr4h_3.0"": 8, ""stale_loss_72h"": 1, ""stop_loss"": 2}"
3y,D_atr4h_3.0,month,2025-03,14,68.06551088558035,6.806551088558035,1.7382818168531842,5.905201872791285,50.0,1.3687813752117408,-0.701782124074624,45.857142857142854,35.5,130.0,55.89483457347626,-14.1650642,2.532964444082565,7.908655364793233,7,92.1460976065949,"{""counterfactual_D_atr4h_3.0"": 7, ""stop_loss"": 5, ""trailing_stop_loss"": 2}"
3y,D_atr4h_3.0,month,2025-04,8,95.36604741691116,9.536604741691116,2.7789850308341224,3.564127363434228,50.0,2.546930291940181,0.8023193021232691,35.375,28.0,100.0,73.56750799548693,-14.75962589,2.4754453256865063,9.830919261875666,4,100.0,"{""counterfactual_D_atr4h_3.0"": 4, ""stop_loss"": 3, ""trailing_stop_loss"": 1}"
3y,D_atr4h_3.0,month,2025-05,5,-67.86532462,-6.786532462,0.0,6.786532461999991,0.0,-2.403955122518287,-2.1450386898922007,37.8,36.0,90.0,-11.76171956,-14.82484701,2.549928445082637,1.8826727891336592,0,0.0,"{""stop_loss"": 5}"
3y,D_atr4h_3.0,month,2025-06,16,10.572804306012651,1.057280430601265,1.0906293662235536,4.367852915000004,43.75,0.20390944004609454,-1.4294317556230713,53.5625,40.5,262.0,63.10470159560076,-15.2189362,2.4253510661546964,5.977868453214686,7,93.43402976272795,"{""counterfactual_D_atr4h_3.0"": 7, ""stale_loss_72h"": 1, ""stop_loss"": 5, ""trailing_stop_loss"": 3}"
3y,D_atr4h_3.0,month,2025-07,4,20.967281214953974,2.0967281214953974,1.9731402155284927,1.4914735360000009,50.0,0.43898873147442474,0.8359577176716217,41.5,21.0,104.0,23.687470922075455,-14.91473536,1.7267502246765618,4.656447429478841,2,100.0,"{""counterfactual_D_atr4h_3.0"": 2, ""stop_loss"": 1, ""swing_exit_long_1d"": 1}"
3y,D_atr4h_3.0,month,2025-08,6,39.58234917655355,3.9582349176553553,1.5720089635888728,6.240981382241617,16.666666666666664,0.45896155328101157,-1.8768286505288816,56.166666666666664,24.0,156.0,108.78117593655355,-16.10457832,3.6538412771281816,6.1141762887377995,1,100.0,"{""counterfactual_D_atr4h_3.0"": 1, ""stop_loss"": 3, ""swing_exit_long_1d"": 1, ""trailing_stop_loss"": 1}"
3y,D_atr4h_3.0,month,2025-09,10,2.6776335177717017,0.2677633517771702,1.0436537147817564,4.490859270591609,60.0,-0.15663754671887392,0.3500901718992184,74.0,98.0,125.0,37.67175255650651,-15.90647583,2.3660965960124205,4.87991244832151,5,99.25325046654099,"{""counterfactual_D_atr4h_3.0"": 5, ""stale_flat_120h"": 1, ""stop_loss"": 3, ""trailing_stop_loss"": 1}"
3y,D_atr4h_3.0,month,2025-10,7,26.814190786852272,2.681419078685227,1.4088872575318505,6.003193672661812,42.857142857142854,0.2027922105016549,-2.0795508426828375,58.714285714285715,17.0,336.0,43.9841283560433,-16.99086285,2.5732984177206766,4.396499727121506,3,100.0,"{""counterfactual_D_atr4h_3.0"": 2, ""max_hold_14d"": 1, ""stop_loss"": 3, ""trailing_stop_loss"": 1}"
3y,D_atr4h_3.0,month,2025-11,13,41.0526045079744,4.10526045079744,1.4014971146494133,5.011087770134775,30.76923076923077,1.0672455138988768,-0.1,56.0,31.0,309.0,93.42931915493988,-17.7691815,2.5764850166196336,7.22800794368246,7,100.0,"{""counterfactual_D_atr4h_3.0"": 7, ""stop_loss"": 6}"
3y,D_atr4h_3.0,month,2025-12,13,17.571219476317356,1.7571219476317357,1.152158501023056,6.793494764511476,46.15384615384615,0.20230782528576935,-1.4136308431383535,61.46153846153846,37.0,278.0,50.62013773060492,-18.97823107,2.2086891815211134,5.174954267023892,6,98.63817176755664,"{""counterfactual_D_atr4h_3.0"": 6, ""stop_loss"": 6, ""trailing_stop_loss"": 1}"
3y,D_atr4h_3.0,month,2026-01,8,35.69843369946841,3.569843369946841,1.6276358018603045,3.67857328613428,50.0,0.3454439539499757,0.08798230105773884,72.25,32.0,336.0,58.66583052000008,-19.33195112,2.0176560569282045,5.667062282468773,5,100.0,"{""counterfactual_D_atr4h_3.0"": 4, ""max_hold_14d"": 1, ""stop_loss"": 1, ""trailing_stop_loss"": 2}"
3y,D_atr4h_3.0,month,2026-02,16,625.4160748677522,62.54160748677522,10.15552407981687,2.7423424346123246,50.0,6.535817085043105,0.4966229273719649,66.8125,54.5,190.0,195.27139873652322,-22.38113319,1.9290061300456895,14.521670072518639,12,80.90091704119389,"{""counterfactual_D_atr4h_3.0"": 12, ""stale_loss_72h"": 1, ""stop_loss"": 2, ""trailing_stop_loss"": 1}"
3y,D_atr4h_3.0,month,2026-03,9,-51.54462467800531,-5.154462467800531,0.5406159990774433,10.918621971788854,33.33333333333333,-0.86969396212051,-2.7242796990634597,52.888888888888886,41.0,92.0,20.48116179760986,-22.51784396,2.1540586627970337,5.027380768247165,3,100.0,"{""counterfactual_D_atr4h_3.0"": 3, ""stale_loss_72h"": 1, ""stop_loss"": 5}"
3y,D_atr4h_3.0,month,2026-04,4,-29.893671538654633,-2.9893671538654636,0.5123778684207554,4.100385564216093,25.0,-1.3420436168080168,-2.2522245379966015,31.0,24.0,64.0,31.411321821345364,-22.25873017,2.630002484604458,2.480630145074981,1,100.0,"{""counterfactual_D_atr4h_3.0"": 1, ""stop_loss"": 2, ""trailing_stop_loss"": 1}"
3y,D_atr4h_3.0,month,2026-05,4,-20.367098780920802,-2.0367098780920805,0.4227085685515717,3.5280445320000013,25.0,-1.1255619884783152,-1.0010173890128058,40.75,38.5,74.0,14.913346539079196,-19.52740337,2.707063751968944,2.912688347903087,1,100.0,"{""counterfactual_D_atr4h_3.0"": 1, ""stale_loss_72h"": 1, ""trailing_stop_loss"": 2}"
3y,D_atr4h_3.0,month,2026-06,12,366.4724177155663,36.64724177155663,4.249608016241007,6.800632745868647,41.66666666666667,3.1777796014759505,-0.5445586021178257,56.833333333333336,50.5,175.0,265.49028921124597,-23.48846993,2.487478658601844,8.703233569358698,5,100.0,"{""counterfactual_D_atr4h_3.0"": 5, ""force_exit"": 1, ""stale_loss_72h"": 1, ""stop_loss"": 4, ""trailing_stop_loss"": 1}"
3y,D_atr4h_3.0,market_period,pressure_202603_202605,17,-101.80539499758075,-10.180539499758074,0.5124011089491342,13.44462871735797,29.411764705882355,-1.041039298837054,-2.078238929345367,44.88235294117647,39.0,92.0,31.411321821345364,-22.51784396,2.3961642889098185,3.930570640360986,5,100.0,"{""counterfactual_D_atr4h_3.0"": 5, ""stale_loss_72h"": 2, ""stop_loss"": 7, ""trailing_stop_loss"": 3}"
3y,D_atr4h_3.0,market_period,strong_202601_202602,24,661.1145085672206,66.11145085672206,6.280979056974743,3.67857328613428,50.0,4.472359374678728,0.08966441958167953,68.625,40.5,336.0,195.27139873652322,-22.38113319,1.9585561056731946,11.570134142502017,17,71.3759705838427,"{""counterfactual_D_atr4h_3.0"": 16, ""max_hold_14d"": 1, ""stale_loss_72h"": 1, ""stop_loss"": 3, ""trailing_stop_loss"": 3}"
3y,D_atr4h_3.0,market_period,repair_202606,12,366.4724177155663,36.64724177155663,4.249608016241007,6.800632745868647,41.66666666666667,3.1777796014759505,-0.5445586021178257,56.833333333333336,50.5,175.0,265.49028921124597,-23.48846993,2.487478658601844,8.703233569358698,5,100.0,"{""counterfactual_D_atr4h_3.0"": 5, ""force_exit"": 1, ""stale_loss_72h"": 1, ""stop_loss"": 4, ""trailing_stop_loss"": 1}"
3y,E_min24h_profit_protect,all,all,291,1585.1040483900003,158.51040483900002,1.8740095882911436,13.7941984635078,39.175257731958766,0.9111384753579415,-1.1497042202794163,51.756013745704465,29.0,336.0,272.33932980000003,-23.48846993,2.248328018405203,6.3006593934185515,127,28.72139452681468,"{""counterfactual_E_min24h_profit_protect"": 115, ""force_exit"": 1, ""max_hold_14d"": 12, ""stale_flat_120h"": 1, ""stale_loss_72h"": 17, ""stop_loss"": 110, ""swing_exit_long_1d"": 3, ""trailing_stop_loss"": 32}"
3y,E_min24h_profit_protect,entry_tag,long_1d_center_compression,47,552.57259552,55.25725955200001,3.0136765638691694,9.089581820366355,38.297872340425535,2.0602919680619243,-1.544169535874263,87.74468085106383,35.0,336.0,211.61503901999998,-19.22016428,1.6367243930371236,7.047849414203114,21,58.221883533859575,"{""counterfactual_E_min24h_profit_protect"": 15, ""max_hold_14d"": 6, ""stop_loss"": 23, ""swing_exit_long_1d"": 3}"
3y,E_min24h_profit_protect,entry_tag,short_compression_breakdown,78,155.88536533000035,15.588536533000036,1.3374430337402252,9.643662591504569,41.02564102564102,0.5919726391839485,-0.4023993798349982,42.756410256410255,29.5,336.0,98.0099889,-22.51784396,2.4413656145408176,6.151612725682817,34,39.608236106463686,"{""counterfactual_E_min24h_profit_protect"": 33, ""force_exit"": 1, ""max_hold_14d"": 1, ""stale_loss_72h"": 7, ""stop_loss"": 22, ""trailing_stop_loss"": 14}"
3y,E_min24h_profit_protect,entry_tag,short_pullback_restart,166,876.64608754,87.664608754,1.813796613710351,19.128101919485722,38.55421686746988,0.735745228758449,-1.2092615500294674,45.795180722891565,28.0,336.0,272.33932980000003,-23.48846993,2.330788487644491,6.159139568758991,72,46.389612384356035,"{""counterfactual_E_min24h_profit_protect"": 67, ""max_hold_14d"": 5, ""stale_flat_120h"": 1, ""stale_loss_72h"": 10, ""stop_loss"": 65, ""trailing_stop_loss"": 18}"
3y,E_min24h_profit_protect,pair,ADA/USDT:USDT,32,522.17440642,52.217440642,4.348274125787723,5.120372640025792,43.75,2.601568614632942,-0.1,62.28125,27.0,336.0,272.33932980000003,-22.25873017,2.2400826999316537,7.999737044599837,16,84.91211171922811,"{""counterfactual_E_min24h_profit_protect"": 13, ""force_exit"": 1, ""max_hold_14d"": 3, ""stale_loss_72h"": 2, ""stop_loss"": 9, ""trailing_stop_loss"": 4}"
3y,E_min24h_profit_protect,pair,BNB/USDT:USDT,19,310.38840562,31.038840562000004,3.754637452066855,4.499179719162864,52.63157894736842,3.474151224560053,2.2673255072572522,80.73684210526316,46.0,336.0,146.58920570000006,-22.48258298,1.797622022529629,9.605428332638105,11,82.87361412775967,"{""counterfactual_E_min24h_profit_protect"": 9, ""max_hold_14d"": 2, ""stop_loss"": 7, ""swing_exit_long_1d"": 1}"
3y,E_min24h_profit_protect,pair,BTC/USDT:USDT,37,59.341549600000015,5.934154960000002,1.2543320456219806,6.602687389327377,40.54054054054054,0.5901359853924317,-1.5077925834035404,62.0,28.0,336.0,57.582189599999985,-23.4204542,1.8357377813103777,5.191784562719709,14,67.06456414145791,"{""counterfactual_E_min24h_profit_protect"": 13, ""max_hold_14d"": 1, ""stale_flat_120h"": 1, ""stale_loss_72h"": 1, ""stop_loss"": 14, ""swing_exit_long_1d"": 2, ""trailing_stop_loss"": 5}"
3y,E_min24h_profit_protect,pair,DOGE/USDT:USDT,20,30.320254130000155,3.0320254130000155,1.2412832036471613,5.477942320542637,40.0,0.7465267800314487,-1.088512229400935,32.45,27.0,167.0,38.83546871999998,-23.11526256,2.2798791289211624,7.117271840901416,9,79.63955742410194,"{""counterfactual_E_min24h_profit_protect"": 9, ""stale_loss_72h"": 1, ""stop_loss"": 9, ""trailing_stop_loss"": 1}"
3y,E_min24h_profit_protect,pair,ETH/USDT:USDT,30,358.0272459100001,35.80272459100001,3.269462294880951,4.002953945953687,43.333333333333336,2.0085571912259286,-0.4152173299256356,54.06666666666667,30.0,336.0,211.61503901999998,-21.11515786,1.8593331802220732,7.722716327713965,13,78.67164681218117,"{""counterfactual_E_min24h_profit_protect"": 12, ""max_hold_14d"": 1, ""stale_loss_72h"": 5, ""stop_loss"": 7, ""trailing_stop_loss"": 5}"
3y,E_min24h_profit_protect,pair,LINK/USDT:USDT,20,-55.42059586000009,-5.542059586000009,0.6492338424635122,5.906632416999991,30.0,-0.7965951101475817,-2.37820286210962,35.4,28.5,157.0,33.639364799999996,-23.48846993,3.313968306506428,4.511899751704979,6,94.5645085107663,"{""counterfactual_E_min24h_profit_protect"": 6, ""stale_loss_72h"": 1, ""stop_loss"": 9, ""trailing_stop_loss"": 4}"
3y,E_min24h_profit_protect,pair,NEAR/USDT:USDT,23,-72.61390470000003,-7.261390470000004,0.6208904296216368,7.413153450235309,34.78260869565217,-0.9669304754369956,-3.199821744734933,30.130434782608695,24.0,107.0,23.282457000000022,-19.82609891,2.909766284037794,4.804771502682781,8,74.78463350127151,"{""counterfactual_E_min24h_profit_protect"": 8, ""stop_loss"": 11, ""trailing_stop_loss"": 4}"
3y,E_min24h_profit_protect,pair,PAXG/USDT:USDT,5,117.36947196000007,11.736947196000006,4.933963198499947,1.5720341602551444,60.0,2.834932417073266,5.709105431309905,235.8,336.0,336.0,58.66583052000008,-16.15590109,1.4410567522652138,4.697952575691012,3,100.0,"{""max_hold_14d"": 3, ""stop_loss"": 2}"
3y,E_min24h_profit_protect,pair,SOL/USDT:USDT,25,178.13598697000003,17.813598697000003,1.9887199983392108,4.452910614145866,40.0,1.0662603696764343,-1.4726264836892875,49.32,24.0,336.0,168.1756512,-22.51784396,2.334400126387771,6.991530936158676,11,86.98909302009511,"{""counterfactual_E_min24h_profit_protect"": 10, ""max_hold_14d"": 1, ""stale_loss_72h"": 1, ""stop_loss"": 11, ""trailing_stop_loss"": 2}"
3y,E_min24h_profit_protect,pair,SUI/USDT:USDT,19,-37.376074479999964,-3.737607447999997,0.6878829818692235,4.824699146000023,31.57894736842105,-0.556440559905302,-2.146291834938216,25.789473684210527,24.0,73.0,23.314648739999996,-22.17036223,2.4403318880192764,4.810146982948269,8,94.47548557960211,"{""counterfactual_E_min24h_profit_protect"": 8, ""stale_loss_72h"": 1, ""stop_loss"": 7, ""trailing_stop_loss"": 3}"
3y,E_min24h_profit_protect,pair,TAO/USDT:USDT,12,157.51092145,15.751092145000001,3.195795647053353,2.1114008025770628,41.66666666666667,2.4417787503260584,-0.1,50.416666666666664,21.5,336.0,177.43605795,-21.48366959,2.7633921332435505,7.233304004000593,7,100.0,"{""counterfactual_E_min24h_profit_protect"": 6, ""max_hold_14d"": 1, ""stop_loss"": 3, ""trailing_stop_loss"": 2}"
3y,E_min24h_profit_protect,pair,XRP/USDT:USDT,36,-47.96436016,-4.7964360159999995,0.7942481737233288,9.051148489000013,27.77777777777778,-0.540812448540382,-1.5555100450389454,38.25,32.5,114.0,31.115090240000086,-22.44004946,2.1764423944430966,4.24313772532156,13,64.19540344968398,"{""counterfactual_E_min24h_profit_protect"": 13, ""stale_loss_72h"": 3, ""stop_loss"": 19, ""trailing_stop_loss"": 1}"
3y,E_min24h_profit_protect,pair,ZEC/USDT:USDT,13,65.21074153000005,6.521074153000004,2.4792522288575736,3.181590787739277,46.15384615384615,1.3031038607543186,-0.1,52.61538461538461,39.0,233.0,32.06348441999998,-19.33195112,1.7290690293238724,7.607925350275178,8,93.46252062695358,"{""counterfactual_E_min24h_profit_protect"": 8, ""stale_loss_72h"": 2, ""stop_loss"": 2, ""trailing_stop_loss"": 1}"
3y,E_min24h_profit_protect,side,long,47,552.57259552,55.25725955200001,3.0136765638691694,9.089581820366355,38.297872340425535,2.0602919680619243,-1.544169535874263,87.74468085106383,35.0,336.0,211.61503901999998,-19.22016428,1.6367243930371236,7.047849414203114,21,58.221883533859575,"{""counterfactual_E_min24h_profit_protect"": 15, ""max_hold_14d"": 6, ""stop_loss"": 23, ""swing_exit_long_1d"": 3}"
3y,E_min24h_profit_protect,side,short,244,1032.5314528700003,103.25314528700002,1.6708275937235533,17.733576993000053,39.34426229508197,0.6897851386485677,-0.982787002990207,44.82377049180328,28.5,336.0,272.33932980000003,-23.48846993,2.366136913455612,6.156733446792017,106,35.24469369123617,"{""counterfactual_E_min24h_profit_protect"": 100, ""force_exit"": 1, ""max_hold_14d"": 6, ""stale_flat_120h"": 1, ""stale_loss_72h"": 17, ""stop_loss"": 87, ""trailing_stop_loss"": 32}"
3y,E_min24h_profit_protect,month,2023-08,17,-19.920986729999953,-1.9920986729999954,0.7154386057260846,4.113081364000005,23.52941176470588,-0.43118111320587615,-1.451761973238025,60.23529411764706,43.0,288.0,19.245967919999995,-8.04651781,1.8071052085967483,4.568044601647498,4,100.0,"{""counterfactual_E_min24h_profit_protect"": 4, ""stale_loss_72h"": 4, ""stop_loss"": 8, ""trailing_stop_loss"": 1}"
3y,E_min24h_profit_protect,month,2023-09,9,-42.39026643,-4.239026643,0.0,4.2390266430000105,0.0,-1.5553386223306822,-1.4516404810934107,43.666666666666664,43.0,75.0,-0.32414622,-7.84673411,2.36686480228571,2.1074218087885996,0,0.0,"{""stale_loss_72h"": 2, ""stop_loss"": 4, ""trailing_stop_loss"": 3}"
3y,E_min24h_profit_protect,month,2023-10,4,-5.826738380000059,-0.5826738380000059,0.5953653447563749,1.4399998380000056,25.0,-0.5791217444854214,-1.0451242958560807,23.5,29.5,35.0,8.57325999999994,-7.3982703,1.5196689186077945,4.223103716936268,2,100.0,"{""counterfactual_E_min24h_profit_protect"": 2, ""stop_loss"": 2}"
3y,E_min24h_profit_protect,month,2023-11,4,-26.938137400000002,-2.6938137400000004,0.0,2.693813740000007,0.0,-1.9736359631086962,-2.0921266359383215,27.5,6.5,97.0,-5.10566745,-7.54531354,2.3446778148558662,1.1052352660291747,0,0.0,"{""stop_loss"": 3, ""swing_exit_long_1d"": 1}"
3y,E_min24h_profit_protect,month,2023-12,3,-14.58680105,-1.458680105,0.0,1.4586801049999962,0.0,-1.4350840672824619,-2.097012581701798,4.0,4.0,7.0,-0.17847779,-7.21483345,1.974782532873208,2.9580256720215936,1,0.0,"{""counterfactual_E_min24h_profit_protect"": 1, ""stop_loss"": 2}"
3y,E_min24h_profit_protect,month,2024-01,9,27.056473989999958,2.7056473989999956,2.0944668813505762,1.309522198000002,55.55555555555556,1.1770034614924887,2.6259518565705786,41.0,32.0,114.0,16.445996999999995,-6.72809798,1.8332656767386297,6.193600250367986,5,100.0,"{""counterfactual_E_min24h_profit_protect"": 5, ""stop_loss"": 4}"
3y,E_min24h_profit_protect,month,2024-02,4,156.12097603999996,15.612097603999997,inf,0.0,100.0,11.068802961782074,10.2373022505299,203.0,205.0,336.0,76.00517899999996,9.972664439999992,0.613753445830981,15.013167639784678,4,100.0,"{""counterfactual_E_min24h_profit_protect"": 2, ""max_hold_14d"": 2}"
3y,E_min24h_profit_protect,month,2024-03,3,46.189771519999994,4.618977151999999,6.210007381147248,0.840295868073266,66.66666666666666,4.009040270610664,3.3852546916890054,70.33333333333333,24.0,187.0,41.1656581,-8.86558658,1.2200301926704011,13.41847017577051,2,100.0,"{""counterfactual_E_min24h_profit_protect"": 2, ""stop_loss"": 1}"
3y,E_min24h_profit_protect,month,2024-04,6,-35.870062589999996,-3.5870062589999994,0.0,3.587006258999997,0.0,-1.9337506100244843,-2.188760582310411,16.5,6.5,73.0,-0.26896,-9.05807259,2.553701605870377,2.2200146921572137,1,0.0,"{""counterfactual_E_min24h_profit_protect"": 1, ""stale_loss_72h"": 1, ""stop_loss"": 3, ""trailing_stop_loss"": 1}"
3y,E_min24h_profit_protect,month,2024-05,8,-36.07186204000002,-3.6071862040000022,0.2601269080994305,4.814355174302099,12.5,-1.7729197434852664,-2.5424651294030842,41.375,34.5,73.0,12.682258679999983,-8.96616751,3.1092040678123016,3.3228658563143822,1,100.0,"{""counterfactual_E_min24h_profit_protect"": 1, ""stale_loss_72h"": 2, ""stop_loss"": 2, ""trailing_stop_loss"": 3}"
3y,E_min24h_profit_protect,month,2024-06,18,-74.86965757999998,-7.486965757999998,0.31215346764603624,7.486965758000008,11.11111111111111,-1.425354275333831,-2.10485229179878,31.555555555555557,16.5,90.0,23.503666800000037,-9.00028322,2.6071574283433643,2.8657561922129537,3,100.0,"{""counterfactual_E_min24h_profit_protect"": 3, ""stale_loss_72h"": 2, ""stop_loss"": 11, ""trailing_stop_loss"": 2}"
3y,E_min24h_profit_protect,month,2024-07,7,1.1093899600000112,0.11093899600000112,1.0429502423126404,2.4970860863739333,42.857142857142854,0.15092030702444104,-0.1,18.571428571428573,18.0,46.0,11.001764400000008,-8.67375793,3.133420578671054,5.8526295026363915,4,100.0,"{""counterfactual_E_min24h_profit_protect"": 4, ""stop_loss"": 2, ""trailing_stop_loss"": 1}"
3y,E_min24h_profit_protect,month,2024-08,6,33.788962160000025,3.3788962160000025,2.8697986805610207,1.7179958739947834,66.66666666666666,1.5808677652791903,2.2991324280478143,34.166666666666664,28.0,56.0,32.04711000000001,-9.15032465,2.2683160348420923,8.598307193678906,4,100.0,"{""counterfactual_E_min24h_profit_protect"": 4, ""stop_loss"": 2}"
3y,E_min24h_profit_protect,month,2024-09,6,91.34701899999999,9.1347019,inf,0.0,100.0,4.113378604557654,3.2164208917186246,95.0,65.5,233.0,32.06348441999998,9.309869800000019,0.6509628134900547,10.533446511394134,6,89.80823906251388,"{""counterfactual_E_min24h_profit_protect"": 6}"
3y,E_min24h_profit_protect,month,2024-10,9,-2.515094889999908,-0.25150948899999076,0.9496877461168491,4.96350610104068,44.44444444444444,-0.22829563654005375,-2.117777510719016,36.0,35.0,63.0,18.414075120000014,-10.28070083,2.452917053977523,4.5347902119716474,4,100.0,"{""counterfactual_E_min24h_profit_protect"": 4, ""stop_loss"": 4, ""trailing_stop_loss"": 1}"
3y,E_min24h_profit_protect,month,2024-11,7,-10.419176969999997,-1.0419176969999997,0.6514982867227301,2.9325855361076054,28.57142857142857,-0.0014604494923404526,-0.1,24.428571428571427,28.0,63.0,10.286748,-10.28080009,1.387162876593613,5.782494610337509,4,100.0,"{""counterfactual_E_min24h_profit_protect"": 4, ""stop_loss"": 3}"
3y,E_min24h_profit_protect,month,2024-12,2,-0.7543630000000001,-0.07543630000000001,0.0,0.0754363000000012,0.0,-0.1,-0.1,12.0,12.0,13.0,-0.28134820000000005,-0.4730148,1.994091784713305,8.118987087145483,2,0.0,"{""counterfactual_E_min24h_profit_protect"": 2}"
3y,E_min24h_profit_protect,month,2025-01,9,-5.176704940000032,-0.5176704940000032,0.9151115337059841,3.8007851340000003,33.33333333333333,-0.569855841064653,-2.5485540357887193,29.11111111111111,24.0,88.0,22.562098859999985,-11.58273025,2.715417152335612,5.315246869214491,3,100.0,"{""counterfactual_E_min24h_profit_protect"": 3, ""stop_loss"": 3, ""trailing_stop_loss"": 3}"
3y,E_min24h_profit_protect,month,2025-02,13,146.29251696000006,14.629251696000006,7.766128263142843,1.8124960069938387,76.92307692307693,3.640755050594866,2.207048734574349,40.46153846153846,31.0,115.0,44.28008200000001,-11.64792486,1.4835229375544292,11.324838912697173,10,77.05172462286679,"{""counterfactual_E_min24h_profit_protect"": 10, ""stale_loss_72h"": 1, ""stop_loss"": 2}"
3y,E_min24h_profit_protect,month,2025-03,13,38.55635437,3.8556354370000006,1.418206739142381,4.977299603297035,46.15384615384615,0.8952261144533109,-1.9138813239221835,39.38461538461539,24.0,167.0,38.83546871999998,-14.1650642,2.4430990458668265,6.955141865007049,6,90.40065181147054,"{""counterfactual_E_min24h_profit_protect"": 6, ""stop_loss"": 5, ""trailing_stop_loss"": 2}"
3y,E_min24h_profit_protect,month,2025-04,7,63.07389950000008,6.307389950000008,2.1765982347606276,3.668420414863518,42.857142857142854,1.8839966848830885,-2.1711180785981643,33.42857142857143,26.0,100.0,57.850311840000046,-14.75962589,2.812745943635438,9.861983553102771,3,100.0,"{""counterfactual_E_min24h_profit_protect"": 3, ""stop_loss"": 3, ""trailing_stop_loss"": 1}"
3y,E_min24h_profit_protect,month,2025-05,5,-67.86532462,-6.786532462,0.0,6.786532461999991,0.0,-2.403955122518287,-2.1450386898922007,37.8,36.0,90.0,-11.76171956,-14.82484701,2.549928445082637,1.8826727891336592,0,0.0,"{""stop_loss"": 5}"
3y,E_min24h_profit_protect,month,2025-06,16,-8.255934689999933,-0.8255934689999933,0.929230684037892,4.367852915000004,43.75,-0.19693217341362027,-1.4294317556230713,35.5,29.0,86.0,23.314648739999996,-15.2189362,2.4253510661546964,4.680146849218175,7,79.11925983815489,"{""counterfactual_E_min24h_profit_protect"": 7, ""stale_loss_72h"": 1, ""stop_loss"": 5, ""trailing_stop_loss"": 3}"
3y,E_min24h_profit_protect,month,2025-07,4,218.44231803,21.844231803,11.138415289467675,2.154600218999997,50.0,7.811248960682878,1.551446768095685,148.5,119.0,336.0,211.61503901999998,-14.91473536,1.7267502246765618,13.614623663917227,2,100.0,"{""counterfactual_E_min24h_profit_protect"": 1, ""max_hold_14d"": 1, ""stop_loss"": 1, ""swing_exit_long_1d"": 1}"
3y,E_min24h_profit_protect,month,2025-08,6,-5.088143959999966,-0.5088143959999967,0.9264706614514288,4.121271751757275,16.666666666666664,-0.5819633579827739,-1.8768286505288816,71.0,24.0,245.0,64.11068280000003,-16.10457832,3.6538412771281816,6.1141762887377995,1,100.0,"{""counterfactual_E_min24h_profit_protect"": 1, ""stop_loss"": 3, ""swing_exit_long_1d"": 1, ""trailing_stop_loss"": 1}"
3y,E_min24h_profit_protect,month,2025-09,10,14.130772150000027,1.4130772150000028,1.2303753269399733,4.456298936849514,60.0,0.19367035659279827,1.107059257134509,52.8,41.5,121.0,31.6633896,-15.90647583,2.3660965960124205,4.50567985194453,5,99.3665770862422,"{""counterfactual_E_min24h_profit_protect"": 5, ""stale_flat_120h"": 1, ""stop_loss"": 3, ""trailing_stop_loss"": 1}"
3y,E_min24h_profit_protect,month,2025-10,8,96.18609222,9.618609222,2.466733334344204,5.7344425433979325,50.0,1.3504191514154789,0.2900429689801538,76.875,24.5,336.0,71.08799939999996,-16.99086285,2.463269362177305,6.927998989619609,4,100.0,"{""counterfactual_E_min24h_profit_protect"": 3, ""max_hold_14d"": 1, ""stop_loss"": 3, ""trailing_stop_loss"": 1}"
3y,E_min24h_profit_protect,month,2025-11,12,46.09355240999995,4.609355240999995,1.4526423976205414,4.992653040563913,33.33333333333333,1.3506819058281552,-1.1113360737067142,55.0,24.0,336.0,98.0099889,-17.7691815,2.650103270223461,7.255417609688674,6,100.0,"{""counterfactual_E_min24h_profit_protect"": 5, ""max_hold_14d"": 1, ""stop_loss"": 6}"
3y,E_min24h_profit_protect,month,2025-12,13,24.025816620000022,2.402581662000002,1.2080522781973815,6.89004273407047,46.15384615384615,0.243534682964806,-1.4136308431383535,54.15384615384615,33.0,336.0,47.152798079999975,-18.97823107,2.1213975636454934,4.293761118643027,6,93.14952369651289,"{""counterfactual_E_min24h_profit_protect"": 5, ""max_hold_14d"": 1, ""stop_loss"": 6, ""trailing_stop_loss"": 1}"
3y,E_min24h_profit_protect,month,2026-01,8,71.46769351000012,7.146769351000012,2.2665276364554505,3.6049617620816674,62.5,0.7382521244806389,1.9951037178262196,72.375,32.0,336.0,58.66583052000008,-19.33195112,1.8900361436360815,4.729143323171742,5,100.0,"{""counterfactual_E_min24h_profit_protect"": 4, ""max_hold_14d"": 1, ""stop_loss"": 1, ""trailing_stop_loss"": 2}"
3y,E_min24h_profit_protect,month,2026-02,16,571.64051818,57.164051818,9.433150896909654,2.8335161953911325,56.25,6.790889464205541,2.3302501102678215,91.875,30.0,336.0,177.43605795,-22.38113319,1.992816086691751,13.965614987407625,12,89.73854111507075,"{""counterfactual_E_min24h_profit_protect"": 9, ""max_hold_14d"": 3, ""stale_loss_72h"": 1, ""stop_loss"": 2, ""trailing_stop_loss"": 1}"
3y,E_min24h_profit_protect,month,2026-03,9,-35.18576067000003,-3.5185760670000032,0.686412004878068,10.841123082255768,33.33333333333333,-0.6043369818404818,-2.7242796990634597,51.55555555555556,41.0,90.0,27.885899999999946,-22.51784396,2.1540586627970337,5.027380768247165,3,100.0,"{""counterfactual_E_min24h_profit_protect"": 3, ""stale_loss_72h"": 1, ""stop_loss"": 5}"
3y,E_min24h_profit_protect,month,2026-04,4,-36.42365576000002,-3.6423655760000013,0.40586151692228134,4.127026341762472,25.0,-1.5099851044467059,-2.2522245379966015,34.25,24.0,77.0,24.881337599999984,-22.25873017,2.630002484604458,2.480630145074981,1,100.0,"{""counterfactual_E_min24h_profit_protect"": 1, ""stop_loss"": 2, ""trailing_stop_loss"": 1}"
3y,E_min24h_profit_protect,month,2026-05,4,-13.220091689999926,-1.3220091689999924,0.6252855776027963,3.5280445320000013,25.0,-0.9382813344463672,-1.0010173890128058,40.75,38.5,74.0,22.060353630000073,-19.52740337,2.707063751968944,2.912688347903087,1,100.0,"{""counterfactual_E_min24h_profit_protect"": 1, ""stale_loss_72h"": 1, ""trailing_stop_loss"": 2}"
3y,E_min24h_profit_protect,month,2026-06,12,380.96068516,38.096068516,4.378079322000823,9.603636752585537,41.66666666666667,3.46030409258667,-0.5445586021178257,81.91666666666667,48.0,336.0,272.33932980000003,-23.48846993,2.487478658601844,8.703233569358698,5,100.0,"{""counterfactual_E_min24h_profit_protect"": 3, ""force_exit"": 1, ""max_hold_14d"": 2, ""stale_loss_72h"": 1, ""stop_loss"": 4, ""trailing_stop_loss"": 1}"
3y,E_min24h_profit_protect,market_period,pressure_202603_202605,17,-84.82950811999997,-8.482950811999997,0.5937074445938221,13.102662008917351,29.411764705882355,-0.8960057995374487,-2.078238929345367,44.94117647058823,39.0,90.0,27.885899999999946,-22.51784396,2.3961642889098185,3.930570640360986,5,100.0,"{""counterfactual_E_min24h_profit_protect"": 5, ""stale_loss_72h"": 2, ""stop_loss"": 7, ""trailing_stop_loss"": 3}"
3y,E_min24h_profit_protect,market_period,strong_202601_202602,24,643.1082116900001,64.31082116900001,6.177463671237234,3.6049617620816674,58.333333333333336,4.77334368429724,2.1406631998104784,85.375,31.5,336.0,177.43605795,-22.38113319,1.9585561056731946,10.886791099328997,17,76.41769148726483,"{""counterfactual_E_min24h_profit_protect"": 13, ""max_hold_14d"": 4, ""stale_loss_72h"": 1, ""stop_loss"": 3, ""trailing_stop_loss"": 3}"
3y,E_min24h_profit_protect,market_period,repair_202606,12,380.96068516,38.096068516,4.378079322000823,9.603636752585537,41.66666666666667,3.46030409258667,-0.5445586021178257,81.91666666666667,48.0,336.0,272.33932980000003,-23.48846993,2.487478658601844,8.703233569358698,5,100.0,"{""counterfactual_E_min24h_profit_protect"": 3, ""force_exit"": 1, ""max_hold_14d"": 2, ""stale_loss_72h"": 1, ""stop_loss"": 4, ""trailing_stop_loss"": 1}"
