variant,label,window,family,pair,stake_amount,max_stake_amount,amount,open_date,close_date,open_rate,close_rate,fee_open,fee_close,trade_duration,profit_ratio,profit_abs,exit_reason,initial_stop_loss_abs,initial_stop_loss_ratio,stop_loss_abs,stop_loss_ratio,min_rate,max_rate,is_open,enter_tag,leverage,is_short,open_timestamp,close_timestamp,orders,funding_fees,weekday
raw_be_profit_lock_1y,Raw + Breakeven + ProfitLock,1y,profit_lock,SOL/USDT:USDT,247.5457,247.5457,1.73,2025-06-19 15:00:00+00:00,2025-06-19 22:35:00+00:00,143.09,147.37,0.0005,0.0005,455,-0.03093091650426101,-7.65298697,stop_loss,151.67,-0.06,147.37,-0.029975832995732477,142.83,147.43,False,short_pullback_restart,1.0,True,1750345200000,1750372500000,"[{'amount': 1.73, 'safe_price': 143.09, 'ft_order_side': 'sell', 'order_filled_timestamp': 1750345200000, 'ft_is_entry': True, 'ft_order_tag': 'short_pullback_restart', 'cost': 247.66947285}, {'amount': 1.73, 'safe_price': 147.37, 'ft_order_side': 'buy', 'order_filled_timestamp': 1750372500000, 'ft_is_entry': False, 'ft_order_tag': 'stop_loss', 'cost': 255.07757504999998}]",0.0026609303000000007,3
raw_be_profit_lock_1y,Raw + Breakeven + ProfitLock,1y,profit_lock,SOL/USDT:USDT,242.515,242.515,1.75,2025-06-21 18:00:00+00:00,2025-06-21 21:30:00+00:00,138.58,135.22,0.0005,0.0005,210,0.023269680734435624,5.640425,profit_giveback_guard,146.89,-0.06,138.44,-0.02473293856402692,130.46,139.58,False,short_pullback_restart,1.0,True,1750528800000,1750541400000,"[{'amount': 1.75, 'safe_price': 138.58, 'ft_order_side': 'sell', 'order_filled_timestamp': 1750528800000, 'ft_is_entry': True, 'ft_order_tag': 'short_pullback_restart', 'cost': 242.6362575}, {'amount': 1.75, 'safe_price': 135.22, 'ft_order_side': 'buy', 'order_filled_timestamp': 1750541400000, 'ft_is_entry': False, 'ft_order_tag': 'profit_giveback_guard', 'cost': 236.75331749999998}]",0.0,5
raw_be_profit_lock_1y,Raw + Breakeven + ProfitLock,1y,profit_lock,NEAR/USDT:USDT,205.737,205.737,101.0,2025-06-21 14:00:00+00:00,2025-06-22 00:05:00+00:00,2.037,1.981,0.0005,0.0005,605,0.026479493945293805,5.44508774,profit_giveback_guard,2.159,-0.06,2.034,-0.023108597285067756,1.902,2.054,False,short_pullback_restart,1.0,True,1750514400000,1750550700000,"[{'amount': 101.0, 'safe_price': 2.037, 'ft_order_side': 'sell', 'order_filled_timestamp': 1750514400000, 'ft_is_entry': True, 'ft_order_tag': 'short_pullback_restart', 'cost': 205.8398685}, {'amount': 101.0, 'safe_price': 1.981, 'ft_order_side': 'buy', 'order_filled_timestamp': 1750550700000, 'ft_is_entry': False, 'ft_order_tag': 'profit_giveback_guard', 'cost': 200.1810405}]",-0.0080032602,6
raw_be_profit_lock_1y,Raw + Breakeven + ProfitLock,1y,profit_lock,ETH/USDT:USDT,151.7241,151.7241,0.069,2025-06-22 14:00:00+00:00,2025-06-22 14:50:00+00:00,2198.9,2197.38,0.0005,0.0005,50,-0.00030855393133831,-0.04679166,profit_lock_pullback_restart,2330.83,-0.06,2306.19,-0.048794549973850465,2155.1,2212.0,False,short_pullback_restart,1.0,True,1750600800000,1750603800000,"[{'amount': 0.069, 'safe_price': 2198.9, 'ft_order_side': 'sell', 'order_filled_timestamp': 1750600800000, 'ft_is_entry': True, 'ft_order_tag': 'short_pullback_restart', 'cost': 151.79996205}, {'amount': 0.069, 'safe_price': 2197.38, 'ft_order_side': 'buy', 'order_filled_timestamp': 1750603800000, 'ft_is_entry': False, 'ft_order_tag': 'profit_lock_pullback_restart', 'cost': 151.69502961}]",0.0,6
raw_be_profit_lock_1y,Raw + Breakeven + ProfitLock,1y,profit_lock,BNB/USDT:USDT,227.9792,227.9792,0.37,2025-06-22 14:00:00+00:00,2025-06-22 22:40:00+00:00,616.16,614.46,0.0005,0.0005,520,0.001761283783932995,0.4013353,profit_lock_pullback_restart,653.12,-0.06,615.54,-0.02190394289034603,600.91,618.54,False,short_pullback_restart,1.0,True,1750600800000,1750632000000,"[{'amount': 0.37, 'safe_price': 616.16, 'ft_order_side': 'sell', 'order_filled_timestamp': 1750600800000, 'ft_is_entry': True, 'ft_order_tag': 'short_pullback_restart', 'cost': 228.0931896}, {'amount': 0.37, 'safe_price': 614.46, 'ft_order_side': 'buy', 'order_filled_timestamp': 1750632000000, 'ft_is_entry': False, 'ft_order_tag': 'profit_lock_pullback_restart', 'cost': 227.4638751}]",0.0,6
raw_be_profit_lock_1y,Raw + Breakeven + ProfitLock,1y,profit_lock,LINK/USDT:USDT,222.14192,222.14192,17.29,2025-07-01 19:00:00+00:00,2025-07-02 15:10:00+00:00,12.848,13.278,0.0005,0.0005,1210,-0.034525600307995834,-7.66574835,stop_loss,13.618,-0.06,13.278,-0.03354424349546137,12.716,13.315,False,short_compression_breakdown,1.0,True,1751396400000,1751469000000,"[{'amount': 17.29, 'safe_price': 12.848, 'ft_order_side': 'sell', 'order_filled_timestamp': 1751396400000, 'ft_is_entry': True, 'ft_order_tag': 'short_compression_breakdown', 'cost': 222.25299095999998}, {'amount': 17.29, 'safe_price': 13.278, 'ft_order_side': 'buy', 'order_filled_timestamp': 1751469000000, 'ft_is_entry': False, 'ft_order_tag': 'stop_loss', 'cost': 229.69140830999999}]",-0.005189076822634342,2
raw_be_profit_lock_1y,Raw + Breakeven + ProfitLock,1y,profit_lock,BTC/USDT:USDT,333.5994,333.5994,0.003,2025-07-10 00:00:00+00:00,2025-07-10 21:15:00+00:00,111199.8,113622.7,0.0005,0.0005,1275,0.02056320710775675,6.86330349,profit_giveback_guard,104527.9,-0.06,111311.0,-0.021218899072404263,110432.2,117500.0,False,long_1d_center_compression,1.0,False,1752105600000,1752182100000,"[{'amount': 0.003, 'safe_price': 111199.8, 'ft_order_side': 'buy', 'order_filled_timestamp': 1752105600000, 'ft_is_entry': True, 'ft_order_tag': 'long_1d_center_compression', 'cost': 333.76619969999996}, {'amount': 0.003, 'safe_price': 113622.7, 'ft_order_side': 'sell', 'order_filled_timestamp': 1752182100000, 'ft_is_entry': False, 'ft_order_tag': 'profit_giveback_guard', 'cost': 341.03853405}]",-0.068162759289,3
raw_be_profit_lock_1y,Raw + Breakeven + ProfitLock,1y,profit_lock,ETH/USDT:USDT,307.21359,307.21359,0.111,2025-07-10 00:00:00+00:00,2025-07-14 03:40:00+00:00,2767.69,3049.98,0.0005,0.0005,5980,0.10000094532046044,30.73701024,roi,2601.63,-0.06,2770.46,-0.020215697300203006,2754.08,3051.91,False,long_1d_center_compression,1.0,False,1752105600000,1752464400000,"[{'amount': 0.111, 'safe_price': 2767.69, 'ft_order_side': 'buy', 'order_filled_timestamp': 1752105600000, 'ft_is_entry': True, 'ft_order_tag': 'long_1d_center_compression', 'cost': 307.367196795}, {'amount': 0.111, 'safe_price': 3049.98, 'ft_order_side': 'sell', 'order_filled_timestamp': 1752464400000, 'ft_is_entry': False, 'ft_order_tag': 'roi', 'cost': 338.71705389}]",-0.274299075252843,0
raw_be_profit_lock_1y,Raw + Breakeven + ProfitLock,1y,profit_lock,BNB/USDT:USDT,336.287,336.287,0.49,2025-07-11 00:00:00+00:00,2025-07-14 18:55:00+00:00,686.3,689.87,0.0005,0.0005,5455,0.004078224234369596,1.37213952,profit_lock_long_center,645.13,-0.06,686.99,-0.021791140412080523,679.47,708.0,False,long_1d_center_compression,1.0,False,1752192000000,1752519300000,"[{'amount': 0.49, 'safe_price': 686.3, 'ft_order_side': 'buy', 'order_filled_timestamp': 1752192000000, 'ft_is_entry': True, 'ft_order_tag': 'long_1d_center_compression', 'cost': 336.45514349999996}, {'amount': 0.49, 'safe_price': 689.87, 'ft_order_side': 'sell', 'order_filled_timestamp': 1752519300000, 'ft_is_entry': False, 'ft_order_tag': 'profit_lock_long_center', 'cost': 338.20531815}]",-0.03999883328000001,0
raw_be_profit_lock_1y,Raw + Breakeven + ProfitLock,1y,profit_lock,TRX/USDT:USDT,344.9772,344.9772,1213.0,2025-07-03 00:00:00+00:00,2025-07-17 09:35:00+00:00,0.2844,0.31359,0.0005,0.0005,20735,0.1000163150371737,34.52059999,roi,0.26734,-0.06,0.28469,-0.019681818181818356,0.28086,0.31378,False,long_1d_center_compression,1.0,False,1751500800000,1752744900000,"[{'amount': 1213.0, 'safe_price': 0.2844, 'ft_order_side': 'buy', 'order_filled_timestamp': 1751500800000, 'ft_is_entry': True, 'ft_order_tag': 'long_1d_center_compression', 'cost': 345.1496886}, {'amount': 1213.0, 'safe_price': 0.31359, 'ft_order_side': 'sell', 'order_filled_timestamp': 1752744900000, 'ft_is_entry': False, 'ft_order_tag': 'roi', 'cost': 380.574862335}]",-0.5241890745223041,3
raw_be_profit_lock_1y,Raw + Breakeven + ProfitLock,1y,profit_lock,LTC/USDT:USDT,370.5084,370.5084,3.057,2025-08-05 00:00:00+00:00,2025-08-05 07:30:00+00:00,121.2,121.33,0.0005,0.0005,450,-2.7868699350397456e-05,-0.01033075,trailing_stop_loss,113.93,-0.06,121.33,-0.020101768839350664,120.04,125.06,False,long_1d_center_compression,1.0,False,1754352000000,1754379000000,"[{'amount': 3.057, 'safe_price': 121.2, 'ft_order_side': 'buy', 'order_filled_timestamp': 1754352000000, 'ft_is_entry': True, 'ft_order_tag': 'long_1d_center_compression', 'cost': 370.69365419999997}, {'amount': 3.057, 'safe_price': 121.33, 'ft_order_side': 'sell', 'order_filled_timestamp': 1754379000000, 'ft_is_entry': False, 'ft_order_tag': 'trailing_stop_loss', 'cost': 371.09126290499995}]",-0.037033646921481,1
raw_be_profit_lock_1y,Raw + Breakeven + ProfitLock,1y,profit_lock,ETH/USDT:USDT,367.3896,367.3896,0.094,2025-08-08 00:00:00+00:00,2025-08-09 22:20:00+00:00,3908.4,4305.73,0.0005,0.0005,2780,0.09999886953158492,36.75691395,roi,3673.9,-0.06,3912.31,-0.024627121306178834,3876.7,4325.24,False,long_1d_center_compression,1.0,False,1754611200000,1754778000000,"[{'amount': 0.094, 'safe_price': 3908.4, 'ft_order_side': 'buy', 'order_filled_timestamp': 1754611200000, 'ft_is_entry': True, 'ft_order_tag': 'long_1d_center_compression', 'cost': 367.5732948}, {'amount': 0.094, 'safe_price': 4305.73, 'ft_order_side': 'sell', 'order_filled_timestamp': 1754778000000, 'ft_is_entry': False, 'ft_order_tag': 'roi', 'cost': 404.94098930999996}]",-0.20604193660717493,5
raw_be_profit_lock_1y,Raw + Breakeven + ProfitLock,1y,profit_lock,BTC/USDT:USDT,357.7659,357.7659,0.003,2025-08-11 00:00:00+00:00,2025-08-11 13:00:00+00:00,119255.3,119374.6,0.0005,0.0005,780,-0.00020193472133967863,-0.07228148,trailing_stop_loss,112100.0,-0.06,119374.6,-0.01970649554134174,118950.0,122450.0,False,long_1d_center_compression,1.0,False,1754870400000,1754917200000,"[{'amount': 0.003, 'safe_price': 119255.3, 'ft_order_side': 'buy', 'order_filled_timestamp': 1754870400000, 'ft_is_entry': True, 'ft_order_tag': 'long_1d_center_compression', 'cost': 357.94478295}, {'amount': 0.003, 'safe_price': 119374.6, 'ft_order_side': 'sell', 'order_filled_timestamp': 1754917200000, 'ft_is_entry': False, 'ft_order_tag': 'trailing_stop_loss', 'cost': 358.3028619}]",-0.072236634652173,0
raw_be_profit_lock_1y,Raw + Breakeven + ProfitLock,1y,profit_lock,TRX/USDT:USDT,383.04793,383.04793,1087.0,2025-08-13 00:00:00+00:00,2025-08-14 12:30:00+00:00,0.35239,0.35275,0.0005,0.0005,2190,-0.0005413964503220195,-0.20748448,trailing_stop_loss,0.33125,-0.06,0.35275,-0.01994223716381438,0.35,0.37038,False,long_1d_center_compression,1.0,False,1755043200000,1755174600000,"[{'amount': 1087.0, 'safe_price': 0.35239, 'ft_order_side': 'buy', 'order_filled_timestamp': 1755043200000, 'ft_is_entry': True, 'ft_order_tag': 'long_1d_center_compression', 'cost': 383.23945396499994}, {'amount': 1087.0, 'safe_price': 0.35275, 'ft_order_side': 'sell', 'order_filled_timestamp': 1755174600000, 'ft_is_entry': False, 'ft_order_tag': 'trailing_stop_loss', 'cost': 383.630969625}]",-0.215560888424349,3
raw_be_profit_lock_1y,Raw + Breakeven + ProfitLock,1y,profit_lock,BNB/USDT:USDT,381.7305,381.7305,0.45,2025-08-14 00:00:00+00:00,2025-08-14 12:30:00+00:00,848.29,849.14,0.0005,0.0005,750,-0.0002179579294955403,-0.08324279,trailing_stop_loss,797.4,-0.06,849.14,-0.021154952794845028,833.45,870.15,False,long_1d_center_compression,1.0,False,1755129600000,1755174600000,"[{'amount': 0.45, 'safe_price': 848.29, 'ft_order_side': 'buy', 'order_filled_timestamp': 1755129600000, 'ft_is_entry': True, 'ft_order_tag': 'long_1d_center_compression', 'cost': 381.92136525}, {'amount': 0.45, 'safe_price': 849.14, 'ft_order_side': 'sell', 'order_filled_timestamp': 1755174600000, 'ft_is_entry': False, 'ft_order_tag': 'trailing_stop_loss', 'cost': 382.3040565}]",-0.08382104417981442,3
raw_be_profit_lock_1y,Raw + Breakeven + ProfitLock,1y,profit_lock,NEAR/USDT:USDT,213.366,213.366,86.0,2025-08-21 12:00:00+00:00,2025-08-22 02:15:00+00:00,2.481,2.478,0.0005,0.0005,855,0.00040741854199973827,0.0868858,trailing_stop_loss,2.629,-0.06,2.478,-0.022491336633663428,2.424,2.51,False,short_pullback_restart,1.0,True,1755777600000,1755828900000,"[{'amount': 86.0, 'safe_price': 2.481, 'ft_order_side': 'sell', 'order_filled_timestamp': 1755777600000, 'ft_is_entry': True, 'ft_order_tag': 'short_pullback_restart', 'cost': 213.47268299999996}, {'amount': 86.0, 'safe_price': 2.478, 'ft_order_side': 'buy', 'order_filled_timestamp': 1755828900000, 'ft_is_entry': False, 'ft_order_tag': 'trailing_stop_loss', 'cost': 213.214554}]",0.04212280000000001,4
raw_be_profit_lock_1y,Raw + Breakeven + ProfitLock,1y,profit_lock,NEAR/USDT:USDT,238.491,238.491,99.0,2025-08-22 12:00:00+00:00,2025-08-22 12:50:00+00:00,2.409,2.41,0.0005,0.0005,50,-0.0014160255719391451,-0.3375405,profit_lock_compression_breakdown,2.553,-0.06,2.49,-0.033998713447821016,2.367,2.411,False,short_compression_breakdown,1.0,True,1755864000000,1755867000000,"[{'amount': 99.0, 'safe_price': 2.409, 'ft_order_side': 'sell', 'order_filled_timestamp': 1755864000000, 'ft_is_entry': True, 'ft_order_tag': 'short_compression_breakdown', 'cost': 238.61024549999996}, {'amount': 99.0, 'safe_price': 2.41, 'ft_order_side': 'buy', 'order_filled_timestamp': 1755867000000, 'ft_is_entry': False, 'ft_order_tag': 'profit_lock_compression_breakdown', 'cost': 238.709295}]",0.0,4
raw_be_profit_lock_1y,Raw + Breakeven + ProfitLock,1y,profit_lock,XRP/USDT:USDT,250.5789,250.5789,88.5,2025-08-22 04:00:00+00:00,2025-08-22 13:45:00+00:00,2.8314,2.8455,0.0005,0.0005,585,-0.005924757150601197,-1.48387682,profit_lock_compression_breakdown,3.0012,-0.06,2.9241,-0.03276917900230414,2.7812,2.8753,False,short_compression_breakdown,1.0,True,1755835200000,1755870300000,"[{'amount': 88.5, 'safe_price': 2.8314, 'ft_order_side': 'sell', 'order_filled_timestamp': 1755835200000, 'ft_is_entry': True, 'ft_order_tag': 'short_compression_breakdown', 'cost': 250.70418945}, {'amount': 88.5, 'safe_price': 2.8455, 'ft_order_side': 'buy', 'order_filled_timestamp': 1755870300000, 'ft_is_entry': False, 'ft_order_tag': 'profit_lock_compression_breakdown', 'cost': 251.952663375}]",0.015176008527736049,4
raw_be_profit_lock_1y,Raw + Breakeven + ProfitLock,1y,profit_lock,BTC/USDT:USDT,337.0524,337.0524,0.003,2025-08-21 17:00:00+00:00,2025-08-22 14:00:00+00:00,112350.8,114093.8,0.0005,0.0005,1260,-0.01635619787271634,-5.5101393,trailing_stop_loss,119091.8,-0.06,114093.8,-0.016824313695957605,111625.9,114280.0,False,short_pullback_restart,1.0,True,1755795600000,1755871200000,"[{'amount': 0.003, 'safe_price': 112350.8, 'ft_order_side': 'sell', 'order_filled_timestamp': 1755795600000, 'ft_is_entry': True, 'ft_order_tag': 'short_pullback_restart', 'cost': 337.2209262}, {'amount': 0.003, 'safe_price': 114093.8, 'ft_order_side': 'buy', 'order_filled_timestamp': 1755871200000, 'ft_is_entry': False, 'ft_order_tag': 'trailing_stop_loss', 'cost': 342.4525407}]",0.05852760312000001,4
raw_be_profit_lock_1y,Raw + Breakeven + ProfitLock,1y,profit_lock,TAO/USDT:USDT,240.53395,240.53395,0.733,2025-08-28 17:00:00+00:00,2025-08-29 12:30:00+00:00,328.15,327.82,0.0005,0.0005,1170,0.0002557527892187658,0.06148647,trailing_stop_loss,347.83,-0.06,327.82,-0.022302834689867934,315.65,338.0,False,short_pullback_restart,1.0,True,1756400400000,1756470600000,"[{'amount': 0.733, 'safe_price': 328.15, 'ft_order_side': 'sell', 'order_filled_timestamp': 1756400400000, 'ft_is_entry': True, 'ft_order_tag': 'short_pullback_restart', 'cost': 240.65421697499997}, {'amount': 0.733, 'safe_price': 327.82, 'ft_order_side': 'buy', 'order_filled_timestamp': 1756470600000, 'ft_is_entry': False, 'ft_order_tag': 'trailing_stop_loss', 'cost': 240.41220603}]",0.0600094799757895,4
raw_be_profit_lock_1y,Raw + Breakeven + ProfitLock,1y,profit_lock,SUI/USDT:USDT,180.499,180.499,53.8,2025-08-29 08:00:00+00:00,2025-08-29 12:30:00+00:00,3.355,3.3516,0.0005,0.0005,270,0.00011399397170593451,0.02056551,trailing_stop_loss,3.5563,-0.06,3.3516,-0.02034979298587425,3.2848,3.4006,False,short_compression_breakdown,1.0,True,1756454400000,1756470600000,"[{'amount': 53.8, 'safe_price': 3.355, 'ft_order_side': 'sell', 'order_filled_timestamp': 1756454400000, 'ft_is_entry': True, 'ft_order_tag': 'short_compression_breakdown', 'cost': 180.5892495}, {'amount': 53.8, 'safe_price': 3.3516, 'ft_order_side': 'buy', 'order_filled_timestamp': 1756470600000, 'ft_is_entry': False, 'ft_order_tag': 'trailing_stop_loss', 'cost': 180.40623803999998}]",0.018053050097600002,4
raw_be_profit_lock_1y,Raw + Breakeven + ProfitLock,1y,profit_lock,NEAR/USDT:USDT,163.279,163.279,67.0,2025-08-29 08:00:00+00:00,2025-08-29 21:45:00+00:00,2.437,2.434,0.0005,0.0005,825,0.00037875967975597254,0.06181258,profit_lock_pullback_restart,2.583,-0.06,2.557,-0.04953629294525763,2.388,2.51,False,short_pullback_restart,1.0,True,1756454400000,1756503900000,"[{'amount': 67.0, 'safe_price': 2.437, 'ft_order_side': 'sell', 'order_filled_timestamp': 1756454400000, 'ft_is_entry': True, 'ft_order_tag': 'short_pullback_restart', 'cost': 163.3606395}, {'amount': 67.0, 'safe_price': 2.434, 'ft_order_side': 'buy', 'order_filled_timestamp': 1756503900000, 'ft_is_entry': False, 'ft_order_tag': 'profit_lock_pullback_restart', 'cost': 163.159539}]",0.0239910795765317,4
raw_be_profit_lock_1y,Raw + Breakeven + ProfitLock,1y,profit_lock,DOGE/USDT:USDT,326.35024,326.35024,1528.0,2025-09-01 00:00:00+00:00,2025-09-01 07:30:00+00:00,0.21358,0.21336,0.0005,0.0005,450,0.0001295398087460788,0.04225421,trailing_stop_loss,0.22639,-0.06,0.21336,-0.022408452728928108,0.20805,0.21462,False,short_pullback_restart,1.0,True,1756684800000,1756711800000,"[{'amount': 1528.0, 'safe_price': 0.21358, 'ft_order_side': 'sell', 'order_filled_timestamp': 1756684800000, 'ft_is_entry': True, 'ft_order_tag': 'short_pullback_restart', 'cost': 326.51341512}, {'amount': 1528.0, 'safe_price': 0.21336, 'ft_order_side': 'buy', 'order_filled_timestamp': 1756711800000, 'ft_is_entry': False, 'ft_order_tag': 'trailing_stop_loss', 'cost': 326.17708703999995}]",0.032276374220624,0
raw_be_profit_lock_1y,Raw + Breakeven + ProfitLock,1y,profit_lock,XRP/USDT:USDT,47.1648,47.1648,17.0,2025-09-01 00:00:00+00:00,2025-09-01 07:45:00+00:00,2.7744,2.7716,0.0005,0.0005,465,2.9648152320953205e-05,0.00139765,trailing_stop_loss,2.9408,-0.06,2.7716,-0.022626867874405043,2.7,2.7784,False,short_pullback_restart,1.0,True,1756684800000,1756712700000,"[{'amount': 17.0, 'safe_price': 2.7744, 'ft_order_side': 'sell', 'order_filled_timestamp': 1756684800000, 'ft_is_entry': True, 'ft_order_tag': 'short_pullback_restart', 'cost': 47.188382399999995}, {'amount': 17.0, 'safe_price': 2.7716, 'ft_order_side': 'buy', 'order_filled_timestamp': 1756712700000, 'ft_is_entry': False, 'ft_order_tag': 'trailing_stop_loss', 'cost': 47.14075859999999}]",0.000938654693643,0
raw_be_profit_lock_1y,Raw + Breakeven + ProfitLock,1y,profit_lock,NEAR/USDT:USDT,379.99,379.99,158.0,2025-08-31 23:00:00+00:00,2025-09-01 07:50:00+00:00,2.405,2.402,0.0005,0.0005,530,9.099070443666793e-05,0.03455827,trailing_stop_loss,2.549,-0.06,2.402,-0.020643585386575847,2.318,2.407,False,short_pullback_restart,1.0,True,1756681200000,1756713000000,"[{'amount': 158.0, 'safe_price': 2.405, 'ft_order_side': 'sell', 'order_filled_timestamp': 1756681200000, 'ft_is_entry': True, 'ft_order_tag': 'short_pullback_restart', 'cost': 380.1799949999999}, {'amount': 158.0, 'safe_price': 2.402, 'ft_order_side': 'buy', 'order_filled_timestamp': 1756713000000, 'ft_is_entry': False, 'ft_order_tag': 'trailing_stop_loss', 'cost': 379.705758}]",-0.0596887323434088,0
raw_be_profit_lock_1y,Raw + Breakeven + ProfitLock,1y,profit_lock,BTC/USDT:USDT,334.275,334.275,0.003,2025-08-29 02:00:00+00:00,2025-09-02 13:55:00+00:00,111425.0,111148.1,0.0005,0.0005,6475,0.0022597618456225346,0.7550042,profit_lock_pullback_restart,118110.5,-0.06,111313.5,-0.020505487413008616,107211.5,111797.2,False,short_pullback_restart,1.0,True,1756432800000,1756821300000,"[{'amount': 0.003, 'safe_price': 111425.0, 'ft_order_side': 'sell', 'order_filled_timestamp': 1756432800000, 'ft_is_entry': True, 'ft_order_tag': 'short_pullback_restart', 'cost': 334.4421375}, {'amount': 0.003, 'safe_price': 111148.1, 'ft_order_side': 'buy', 'order_filled_timestamp': 1756821300000, 'ft_is_entry': False, 'ft_order_tag': 'profit_lock_pullback_restart', 'cost': 333.61102215}]",0.2581638473450538,1
raw_be_profit_lock_1y,Raw + Breakeven + ProfitLock,1y,profit_lock,TAO/USDT:USDT,249.0258,249.0258,0.795,2025-09-04 16:00:00+00:00,2025-09-05 12:25:00+00:00,313.24,322.66,0.0005,0.0005,1225,-0.03088317975194593,-7.68686319,trailing_stop_loss,332.03,-0.06,322.66,-0.03106905555103423,310.63,322.71,False,short_compression_breakdown,1.0,True,1757001600000,1757075100000,"[{'amount': 0.795, 'safe_price': 313.24, 'ft_order_side': 'sell', 'order_filled_timestamp': 1757001600000, 'ft_is_entry': True, 'ft_order_tag': 'short_compression_breakdown', 'cost': 249.15031290000002}, {'amount': 0.795, 'safe_price': 322.66, 'ft_order_side': 'buy', 'order_filled_timestamp': 1757075100000, 'ft_is_entry': False, 'ft_order_tag': 'trailing_stop_loss', 'cost': 256.64295735}]",0.054807057566425864,4
raw_be_profit_lock_1y,Raw + Breakeven + ProfitLock,1y,profit_lock,XRP/USDT:USDT,300.29649,300.29649,107.9,2025-09-04 20:00:00+00:00,2025-09-05 12:30:00+00:00,2.7831,2.8587,0.0005,0.0005,990,-0.0280680896550013,-8.42453443,stop_loss,2.95,-0.06,2.8587,-0.027180500804257823,2.7765,2.8768,False,short_pullback_restart,1.0,True,1757016000000,1757075400000,"[{'amount': 107.9, 'safe_price': 2.7831, 'ft_order_side': 'sell', 'order_filled_timestamp': 1757016000000, 'ft_is_entry': True, 'ft_order_tag': 'short_pullback_restart', 'cost': 300.446638245}, {'amount': 107.9, 'safe_price': 2.8587, 'ft_order_side': 'buy', 'order_filled_timestamp': 1757075400000, 'ft_is_entry': False, 'ft_order_tag': 'stop_loss', 'cost': 308.607956865}]",0.03708067996610848,4
raw_be_profit_lock_1y,Raw + Breakeven + ProfitLock,1y,profit_lock,SOL/USDT:USDT,373.9798,373.9798,1.67,2025-09-11 00:00:00+00:00,2025-09-11 12:30:00+00:00,223.94,224.17,0.0005,0.0005,750,-3.1562394950006757e-06,-0.00118096,trailing_stop_loss,210.51,-0.06,224.17,-0.02111816593886473,221.59,229.0,False,long_1d_center_compression,1.0,False,1757548800000,1757593800000,"[{'amount': 1.67, 'safe_price': 223.94, 'ft_order_side': 'buy', 'order_filled_timestamp': 1757548800000, 'ft_is_entry': True, 'ft_order_tag': 'long_1d_center_compression', 'cost': 374.1667898999999}, {'amount': 1.67, 'safe_price': 224.17, 'ft_order_side': 'sell', 'order_filled_timestamp': 1757593800000, 'ft_is_entry': False, 'ft_order_tag': 'trailing_stop_loss', 'cost': 374.5510819499999}]",-0.011109108550039522,3
raw_be_profit_lock_1y,Raw + Breakeven + ProfitLock,1y,profit_lock,ETH/USDT:USDT,372.15478,372.15478,0.079,2025-09-13 00:00:00+00:00,2025-09-13 16:45:00+00:00,4710.82,4616.62,0.0005,0.0005,1005,-0.021272756381133927,-7.92071635,stop_loss,4428.18,-0.06,4616.62,-0.019997944890698394,4613.07,4768.0,False,long_1d_center_compression,1.0,False,1757721600000,1757781900000,"[{'amount': 0.079, 'safe_price': 4710.82, 'ft_order_side': 'buy', 'order_filled_timestamp': 1757721600000, 'ft_is_entry': True, 'ft_order_tag': 'long_1d_center_compression', 'cost': 372.34085738999994}, {'amount': 0.079, 'safe_price': 4616.62, 'ft_order_side': 'sell', 'order_filled_timestamp': 1757781900000, 'ft_is_entry': False, 'ft_order_tag': 'stop_loss', 'cost': 364.89533649}]",-0.11048246733525588,5
raw_be_profit_lock_1y,Raw + Breakeven + ProfitLock,1y,profit_lock,BCH/USDT:USDT,372.32976,372.32976,0.604,2025-09-18 00:00:00+00:00,2025-09-18 22:55:00+00:00,616.44,627.7,0.0005,0.0005,1375,0.016941876785624737,6.3111189,profit_giveback_guard,579.46,-0.06,617.06,-0.027736993035641144,612.06,650.89,False,long_1d_center_compression,1.0,False,1758153600000,1758236100000,"[{'amount': 0.604, 'safe_price': 616.44, 'ft_order_side': 'buy', 'order_filled_timestamp': 1758153600000, 'ft_is_entry': True, 'ft_order_tag': 'long_1d_center_compression', 'cost': 372.51592488}, {'amount': 0.604, 'safe_price': 627.7, 'ft_order_side': 'sell', 'order_filled_timestamp': 1758236100000, 'ft_is_entry': False, 'ft_order_tag': 'profit_giveback_guard', 'cost': 379.3203654}]",-0.114190820599396,3
raw_be_profit_lock_1y,Raw + Breakeven + ProfitLock,1y,profit_lock,SUI/USDT:USDT,174.5575,174.5575,53.3,2025-09-24 04:00:00+00:00,2025-09-24 14:45:00+00:00,3.275,3.4257,0.0005,0.0005,645,-0.04699583047041043,-8.19937294,stop_loss,3.4715,-0.06,3.4257,-0.04602209484304187,3.2333,3.4286,False,short_pullback_restart,1.0,True,1758686400000,1758725100000,"[{'amount': 53.3, 'safe_price': 3.275, 'ft_order_side': 'sell', 'order_filled_timestamp': 1758686400000, 'ft_is_entry': True, 'ft_order_tag': 'short_pullback_restart', 'cost': 174.64477874999997}, {'amount': 53.3, 'safe_price': 3.4257, 'ft_order_side': 'buy', 'order_filled_timestamp': 1758725100000, 'ft_is_entry': False, 'ft_order_tag': 'stop_loss', 'cost': 182.68110490499998}]",0.0115107199675,2
raw_be_profit_lock_1y,Raw + Breakeven + ProfitLock,1y,profit_lock,LINK/USDT:USDT,216.35658,216.35658,10.17,2025-09-24 04:00:00+00:00,2025-09-25 12:50:00+00:00,21.274,20.975,0.0005,0.0005,1970,0.013437841930952045,2.90591184,profit_lock_pullback_restart,22.55,-0.06,21.252,-0.02029409505520885,20.355,21.954,False,short_pullback_restart,1.0,True,1758686400000,1758804600000,"[{'amount': 10.17, 'safe_price': 21.274, 'ft_order_side': 'sell', 'order_filled_timestamp': 1758686400000, 'ft_is_entry': True, 'ft_order_tag': 'short_pullback_restart', 'cost': 216.46475829}, {'amount': 10.17, 'safe_price': 20.975, 'ft_order_side': 'buy', 'order_filled_timestamp': 1758804600000, 'ft_is_entry': False, 'ft_order_tag': 'profit_lock_pullback_restart', 'cost': 213.422407875}]",0.07991800141825742,3
raw_be_profit_lock_1y,Raw + Breakeven + ProfitLock,1y,profit_lock,TAO/USDT:USDT,209.45454,209.45454,0.678,2025-09-23 18:00:00+00:00,2025-09-25 13:25:00+00:00,308.93,301.76,0.0005,0.0005,2605,0.022532363790951835,4.71714614,profit_giveback_guard,327.46,-0.06,308.62,-0.030247930297770065,291.61,316.64,False,short_pullback_restart,1.0,True,1758650400000,1758806700000,"[{'amount': 0.678, 'safe_price': 308.93, 'ft_order_side': 'sell', 'order_filled_timestamp': 1758650400000, 'ft_is_entry': True, 'ft_order_tag': 'short_pullback_restart', 'cost': 209.55926727}, {'amount': 0.678, 'safe_price': 301.76, 'ft_order_side': 'buy', 'order_filled_timestamp': 1758806700000, 'ft_is_entry': False, 'ft_order_tag': 'profit_giveback_guard', 'cost': 204.69557664}]",0.062910047190551,3
raw_be_profit_lock_1y,Raw + Breakeven + ProfitLock,1y,profit_lock,SUI/USDT:USDT,253.8856,253.8856,76.0,2025-09-25 01:00:00+00:00,2025-09-25 14:25:00+00:00,3.3406,3.2453,0.0005,0.0005,805,0.027527507621127184,6.98534337,profit_giveback_guard,3.541,-0.06,3.3372,-0.025555268737899706,3.12,3.3656,False,short_pullback_restart,1.0,True,1758762000000,1758810300000,"[{'amount': 76.0, 'safe_price': 3.3406, 'ft_order_side': 'sell', 'order_filled_timestamp': 1758762000000, 'ft_is_entry': True, 'ft_order_tag': 'short_pullback_restart', 'cost': 254.01254279999998}, {'amount': 76.0, 'safe_price': 3.2453, 'ft_order_side': 'buy', 'order_filled_timestamp': 1758810300000, 'ft_is_entry': False, 'ft_order_tag': 'profit_giveback_guard', 'cost': 246.76612139999997}]",-0.0071924272000000004,3
raw_be_profit_lock_1y,Raw + Breakeven + ProfitLock,1y,profit_lock,ETH/USDT:USDT,291.08154,291.08154,0.071,2025-09-25 02:00:00+00:00,2025-09-26 16:20:00+00:00,4099.74,3978.98,0.0005,0.0005,2300,0.028664402590506472,8.33950661,profit_giveback_guard,4345.72,-0.06,4095.64,-0.022504121832480184,3822.0,4137.0,False,short_pullback_restart,1.0,True,1758765600000,1758903600000,"[{'amount': 0.071, 'safe_price': 4099.74, 'ft_order_side': 'sell', 'order_filled_timestamp': 1758765600000, 'ft_is_entry': True, 'ft_order_tag': 'short_pullback_restart', 'cost': 291.22708076999993}, {'amount': 0.071, 'safe_price': 3978.98, 'ft_order_side': 'buy', 'order_filled_timestamp': 1758903600000, 'ft_is_entry': False, 'ft_order_tag': 'profit_giveback_guard', 'cost': 282.64883378999997}]",0.05234116779781065,4
raw_be_profit_lock_1y,Raw + Breakeven + ProfitLock,1y,profit_lock,TRX/USDT:USDT,91.9681,91.9681,274.0,2025-09-25 04:00:00+00:00,2025-09-27 03:30:00+00:00,0.33565,0.33959,0.0005,0.0005,2850,-0.012711958465312069,-1.16851012,stop_loss,0.35578,-0.06,0.33959,-0.01174369540953979,0.32968,0.33985,False,short_pullback_restart,1.0,True,1758772800000,1758943800000,"[{'amount': 274.0, 'safe_price': 0.33565, 'ft_order_side': 'sell', 'order_filled_timestamp': 1758772800000, 'ft_is_entry': True, 'ft_order_tag': 'short_pullback_restart', 'cost': 92.01408405000001}, {'amount': 274.0, 'safe_price': 0.33959, 'ft_order_side': 'buy', 'order_filled_timestamp': 1758943800000, 'ft_is_entry': False, 'ft_order_tag': 'stop_loss', 'cost': 93.09418383}]",0.003557756814902001,5
raw_be_profit_lock_1y,Raw + Breakeven + ProfitLock,1y,profit_lock,SOL/USDT:USDT,23.9712,23.9712,0.12,2025-09-28 12:00:00+00:00,2025-09-28 16:05:00+00:00,199.76,204.25,0.0005,0.0005,245,-0.02347989882339381,-0.56255993,trailing_stop_loss,211.74,-0.06,204.25,-0.030480506219137782,197.85,204.68,False,short_pullback_restart,1.0,True,1759060800000,1759075500000,"[{'amount': 0.12, 'safe_price': 199.76, 'ft_order_side': 'sell', 'order_filled_timestamp': 1759060800000, 'ft_is_entry': True, 'ft_order_tag': 'short_pullback_restart', 'cost': 23.9831856}, {'amount': 0.12, 'safe_price': 204.25, 'ft_order_side': 'buy', 'order_filled_timestamp': 1759075500000, 'ft_is_entry': False, 'ft_order_tag': 'trailing_stop_loss', 'cost': 24.522254999999998}]",0.00048067212,6
raw_be_profit_lock_1y,Raw + Breakeven + ProfitLock,1y,profit_lock,BTC/USDT:USDT,217.5878,217.5878,0.002,2025-09-25 18:00:00+00:00,2025-09-28 18:05:00+00:00,108793.9,110151.6,0.0005,0.0005,4325,-0.013090221309412174,-2.84684832,stale_loss_72h,115321.5,-0.06,112339.2,-0.032587405520897894,108566.0,110350.0,False,short_compression_breakdown,1.0,True,1758823200000,1759082700000,"[{'amount': 0.002, 'safe_price': 108793.9, 'ft_order_side': 'sell', 'order_filled_timestamp': 1758823200000, 'ft_is_entry': True, 'ft_order_tag': 'short_compression_breakdown', 'cost': 217.69659389999998}, {'amount': 0.002, 'safe_price': 110151.6, 'ft_order_side': 'buy', 'order_filled_timestamp': 1759082700000, 'ft_is_entry': False, 'ft_order_tag': 'stale_loss_72h', 'cost': 220.4133516}]",0.08749717932312,6
raw_be_profit_lock_1y,Raw + Breakeven + ProfitLock,1y,profit_lock,XRP/USDT:USDT,163.3392,163.3392,59.7,2025-09-25 18:00:00+00:00,2025-09-28 18:05:00+00:00,2.736,2.8206,0.0005,0.0005,4325,-0.03132180688677133,-5.11352084,stale_loss_72h,2.9001,-0.06,2.8707,-0.02607625609121178,2.6967,2.8336,False,short_compression_breakdown,1.0,True,1758823200000,1759082700000,"[{'amount': 59.7, 'safe_price': 2.736, 'ft_order_side': 'sell', 'order_filled_timestamp': 1758823200000, 'ft_is_entry': True, 'ft_order_tag': 'short_compression_breakdown', 'cost': 163.42086960000003}, {'amount': 59.7, 'safe_price': 2.8206, 'ft_order_side': 'buy', 'order_filled_timestamp': 1759082700000, 'ft_is_entry': False, 'ft_order_tag': 'stale_loss_72h', 'cost': 168.47401491}]",0.10296367182272816,6
raw_be_profit_lock_1y,Raw + Breakeven + ProfitLock,1y,profit_lock,SUI/USDT:USDT,298.281,298.281,95.0,2025-09-28 02:00:00+00:00,2025-09-28 20:15:00+00:00,3.1398,3.2233,0.0005,0.0005,1095,-0.02757040097554552,-8.21961491,trailing_stop_loss,3.3281,-0.06,3.2233,-0.023972540769095607,3.0929,3.2247,False,short_pullback_restart,1.0,True,1759024800000,1759090500000,"[{'amount': 95.0, 'safe_price': 3.1398, 'ft_order_side': 'sell', 'order_filled_timestamp': 1759024800000, 'ft_is_entry': True, 'ft_order_tag': 'short_pullback_restart', 'cost': 298.4301405}, {'amount': 95.0, 'safe_price': 3.2233, 'ft_order_side': 'buy', 'order_filled_timestamp': 1759090500000, 'ft_is_entry': False, 'ft_order_tag': 'trailing_stop_loss', 'cost': 306.36660675}]",0.015132338339999999,6
raw_be_profit_lock_1y,Raw + Breakeven + ProfitLock,1y,profit_lock,SUI/USDT:USDT,211.61808,211.61808,66.9,2025-09-30 16:00:00+00:00,2025-09-30 20:30:00+00:00,3.1632,3.2828,0.0005,0.0005,270,-0.03880209882268289,-8.20712004,stop_loss,3.3529,-0.06,3.2828,-0.03783211023082744,3.151,3.29,False,short_compression_breakdown,1.0,True,1759248000000,1759264200000,"[{'amount': 66.9, 'safe_price': 3.1632, 'ft_order_side': 'sell', 'order_filled_timestamp': 1759248000000, 'ft_is_entry': True, 'ft_order_tag': 'short_compression_breakdown', 'cost': 211.72388904}, {'amount': 66.9, 'safe_price': 3.2828, 'ft_order_side': 'buy', 'order_filled_timestamp': 1759264200000, 'ft_is_entry': False, 'ft_order_tag': 'stop_loss', 'cost': 219.72912966}]",0.0097386640416,1
raw_be_profit_lock_1y,Raw + Breakeven + ProfitLock,1y,profit_lock,TRX/USDT:USDT,379.5636,379.5636,1131.0,2025-09-28 02:00:00+00:00,2025-10-01 08:30:00+00:00,0.3356,0.33531,0.0005,0.0005,4710,-0.00021622918099412482,-0.08203169,stale_loss_72h,0.35573,-0.06,0.33859,-0.008913844504146118,0.33111,0.33774,False,short_pullback_restart,1.0,True,1759024800000,1759307400000,"[{'amount': 1131.0, 'safe_price': 0.3356, 'ft_order_side': 'sell', 'order_filled_timestamp': 1759024800000, 'ft_is_entry': True, 'ft_order_tag': 'short_pullback_restart', 'cost': 379.7533818}, {'amount': 1131.0, 'safe_price': 0.33531, 'ft_order_side': 'buy', 'order_filled_timestamp': 1759307400000, 'ft_is_entry': False, 'ft_order_tag': 'stale_loss_72h', 'cost': 379.42522780499996}]",-0.030622089262900196,2
raw_be_profit_lock_1y,Raw + Breakeven + ProfitLock,1y,profit_lock,BNB/USDT:USDT,370.9094,370.9094,0.34,2025-10-03 00:00:00+00:00,2025-10-06 06:10:00+00:00,1090.91,1201.83,0.0005,0.0005,4690,0.10000306789486725,37.11062395,roi,1025.46,-0.06,1092.01,-0.02116249406154469,1084.5,1204.64,False,long_1d_center_compression,1.0,False,1759449600000,1759731000000,"[{'amount': 0.34, 'safe_price': 1090.91, 'ft_order_side': 'buy', 'order_filled_timestamp': 1759449600000, 'ft_is_entry': True, 'ft_order_tag': 'long_1d_center_compression', 'cost': 371.09485470000004}, {'amount': 0.34, 'safe_price': 1201.83, 'ft_order_side': 'sell', 'order_filled_timestamp': 1759731000000, 'ft_is_entry': False, 'ft_order_tag': 'roi', 'cost': 408.8265111}]",-0.21241025474014838,0
raw_be_profit_lock_1y,Raw + Breakeven + ProfitLock,1y,profit_lock,XRP/USDT:USDT,304.61496,304.61496,109.7,2025-10-09 17:00:00+00:00,2025-10-10 19:25:00+00:00,2.7768,2.6855,0.0005,0.0005,1585,0.03201206288958466,9.74647758,profit_lock_compression_breakdown,2.9434,-0.06,2.774,-0.02320947216996805,2.6297,2.8358,False,short_compression_breakdown,1.0,True,1760029200000,1760124300000,"[{'amount': 109.7, 'safe_price': 2.7768, 'ft_order_side': 'sell', 'order_filled_timestamp': 1760029200000, 'ft_is_entry': True, 'ft_order_tag': 'short_compression_breakdown', 'cost': 304.76726748000004}, {'amount': 109.7, 'safe_price': 2.6855, 'ft_order_side': 'buy', 'order_filled_timestamp': 1760124300000, 'ft_is_entry': False, 'ft_order_tag': 'profit_lock_compression_breakdown', 'cost': 294.746649675}]",0.03047473773077623,4
raw_be_profit_lock_1y,Raw + Breakeven + ProfitLock,1y,profit_lock,SOL/USDT:USDT,377.364,377.364,2.05,2025-10-19 09:00:00+00:00,2025-10-19 09:45:00+00:00,184.08,188.11,0.0005,0.0005,45,-0.022915059224527516,-8.64299475,stop_loss,195.12,-0.06,188.11,-0.02192548397881522,183.06,188.29,False,short_pullback_restart,1.0,True,1760864400000,1760867100000,"[{'amount': 2.05, 'safe_price': 184.08, 'ft_order_side': 'sell', 'order_filled_timestamp': 1760864400000, 'ft_is_entry': True, 'ft_order_tag': 'short_pullback_restart', 'cost': 377.55268199999995}, {'amount': 2.05, 'safe_price': 188.11, 'ft_order_side': 'buy', 'order_filled_timestamp': 1760867100000, 'ft_is_entry': False, 'ft_order_tag': 'stop_loss', 'cost': 385.81831274999996}]",0.0,6
raw_be_profit_lock_1y,Raw + Breakeven + ProfitLock,1y,profit_lock,XRP/USDT:USDT,386.9792,386.9792,166.0,2025-10-19 09:00:00+00:00,2025-10-19 09:50:00+00:00,2.3312,2.3773,0.0005,0.0005,50,-0.020795508426828375,-8.0434055,stop_loss,2.471,-0.06,2.3773,-0.01981123343018032,2.3164,2.3826,False,short_pullback_restart,1.0,True,1760864400000,1760867400000,"[{'amount': 166.0, 'safe_price': 2.3312, 'ft_order_side': 'sell', 'order_filled_timestamp': 1760864400000, 'ft_is_entry': True, 'ft_order_tag': 'short_pullback_restart', 'cost': 387.17268959999996}, {'amount': 166.0, 'safe_price': 2.3773, 'ft_order_side': 'buy', 'order_filled_timestamp': 1760867400000, 'ft_is_entry': False, 'ft_order_tag': 'stop_loss', 'cost': 394.8291159}]",0.0,6
raw_be_profit_lock_1y,Raw + Breakeven + ProfitLock,1y,profit_lock,SOL/USDT:USDT,206.173,206.173,1.1,2025-10-20 17:00:00+00:00,2025-10-21 12:20:00+00:00,187.43,186.71,0.0005,0.0005,1160,0.002753038181869281,0.56731834,profit_lock_pullback_restart,198.67,-0.06,187.24,-0.021174574607329744,182.65,191.07,False,short_pullback_restart,1.0,True,1760979600000,1761049200000,"[{'amount': 1.1, 'safe_price': 187.43, 'ft_order_side': 'sell', 'order_filled_timestamp': 1760979600000, 'ft_is_entry': True, 'ft_order_tag': 'short_pullback_restart', 'cost': 206.27608650000002}, {'amount': 1.1, 'safe_price': 186.71, 'ft_order_side': 'buy', 'order_filled_timestamp': 1761049200000, 'ft_is_entry': False, 'ft_order_tag': 'profit_lock_pullback_restart', 'cost': 205.48369050000002}]",-0.018904658348683365,1
raw_be_profit_lock_1y,Raw + Breakeven + ProfitLock,1y,profit_lock,ETH/USDT:USDT,196.31022,196.31022,0.051,2025-10-21 05:00:00+00:00,2025-10-21 14:55:00+00:00,3849.22,4009.27,0.0005,0.0005,595,-0.04262147811699736,-8.36284823,trailing_stop_loss,4080.17,-0.06,4009.27,-0.04013275177678244,3838.21,4023.58,False,short_compression_breakdown,1.0,True,1761022800000,1761058500000,"[{'amount': 0.051, 'safe_price': 3849.22, 'ft_order_side': 'sell', 'order_filled_timestamp': 1761022800000, 'ft_is_entry': True, 'ft_order_tag': 'short_compression_breakdown', 'cost': 196.40837510999998}, {'amount': 0.051, 'safe_price': 4009.27, 'ft_order_side': 'buy', 'order_filled_timestamp': 1761058500000, 'ft_is_entry': False, 'ft_order_tag': 'trailing_stop_loss', 'cost': 204.575006385}]",9.326025292176568e-05,1
raw_be_profit_lock_1y,Raw + Breakeven + ProfitLock,1y,profit_lock,TRX/USDT:USDT,378.4068,378.4068,1285.0,2025-10-26 05:00:00+00:00,2025-10-26 11:45:00+00:00,0.29448,0.29902,0.0005,0.0005,405,-0.01687120437378402,-6.38098637,stop_loss,0.31214,-0.06,0.29902,-0.01543813174718478,0.29389,0.2994,False,short_pullback_restart,1.0,True,1761454800000,1761479100000,"[{'amount': 1285.0, 'safe_price': 0.29448, 'ft_order_side': 'sell', 'order_filled_timestamp': 1761454800000, 'ft_is_entry': True, 'ft_order_tag': 'short_pullback_restart', 'cost': 378.59600340000003}, {'amount': 1285.0, 'safe_price': 0.29902, 'ft_order_side': 'buy', 'order_filled_timestamp': 1761479100000, 'ft_is_entry': False, 'ft_order_tag': 'stop_loss', 'cost': 384.43282035}]",-0.1657626164535,6
raw_be_profit_lock_1y,Raw + Breakeven + ProfitLock,1y,profit_lock,TRX/USDT:USDT,376.2756,376.2756,1270.0,2025-10-28 06:00:00+00:00,2025-10-29 18:35:00+00:00,0.29628,0.29607,0.0005,0.0005,2195,-0.0010229886360726438,-0.3847332,profit_lock_pullback_restart,0.31405,-0.06,0.30071,-0.01496250873734084,0.28996,0.29966,False,short_pullback_restart,1.0,True,1761631200000,1761762900000,"[{'amount': 1270.0, 'safe_price': 0.29628, 'ft_order_side': 'sell', 'order_filled_timestamp': 1761631200000, 'ft_is_entry': True, 'ft_order_tag': 'short_pullback_restart', 'cost': 376.4637378}, {'amount': 1270.0, 'safe_price': 0.29607, 'ft_order_side': 'buy', 'order_filled_timestamp': 1761762900000, 'ft_is_entry': False, 'ft_order_tag': 'profit_lock_pullback_restart', 'cost': 376.19690445}]",-0.275290946151703,2
raw_be_profit_lock_1y,Raw + Breakeven + ProfitLock,1y,profit_lock,ETH/USDT:USDT,347.62024,347.62024,0.088,2025-10-29 16:00:00+00:00,2025-10-29 18:35:00+00:00,3950.23,4002.06,0.0005,0.0005,155,-0.014095212984895042,-4.89733143,profit_lock_compression_breakdown,4187.24,-0.06,3946.27,-0.024981109581569294,3850.1,4017.11,False,short_compression_breakdown,1.0,True,1761753600000,1761762900000,"[{'amount': 0.088, 'safe_price': 3950.23, 'ft_order_side': 'sell', 'order_filled_timestamp': 1761753600000, 'ft_is_entry': True, 'ft_order_tag': 'short_compression_breakdown', 'cost': 347.79405011999995}, {'amount': 0.088, 'safe_price': 4002.06, 'ft_order_side': 'buy', 'order_filled_timestamp': 1761762900000, 'ft_is_entry': False, 'ft_order_tag': 'profit_lock_compression_breakdown', 'cost': 352.35737063999994}]",0.013609332396,2
raw_be_profit_lock_1y,Raw + Breakeven + ProfitLock,1y,profit_lock,ETH/USDT:USDT,217.49262,217.49262,0.057,2025-10-30 13:00:00+00:00,2025-10-30 21:00:00+00:00,3815.66,3755.01,0.0005,0.0005,480,0.014847188502136217,3.22753935,profit_lock_compression_breakdown,4044.59,-0.06,3811.84,-0.021506741094278636,3677.7,3835.0,False,short_compression_breakdown,1.0,True,1761829200000,1761858000000,"[{'amount': 0.057, 'safe_price': 3815.66, 'ft_order_side': 'sell', 'order_filled_timestamp': 1761829200000, 'ft_is_entry': True, 'ft_order_tag': 'short_compression_breakdown', 'cost': 217.60136630999997}, {'amount': 0.057, 'safe_price': 3755.01, 'ft_order_side': 'buy', 'order_filled_timestamp': 1761858000000, 'ft_is_entry': False, 'ft_order_tag': 'profit_lock_compression_breakdown', 'cost': 214.142587785}]",-0.0137465539524,3
raw_be_profit_lock_1y,Raw + Breakeven + ProfitLock,1y,profit_lock,NEAR/USDT:USDT,207.858,207.858,98.0,2025-11-02 15:00:00+00:00,2025-11-03 00:05:00+00:00,2.121,2.202,0.0005,0.0005,545,-0.03908160942848624,-8.11936346,stop_loss,2.248,-0.06,2.202,-0.03848467228380037,2.101,2.202,False,short_pullback_restart,1.0,True,1762095600000,1762128300000,"[{'amount': 98.0, 'safe_price': 2.121, 'ft_order_side': 'sell', 'order_filled_timestamp': 1762095600000, 'ft_is_entry': True, 'ft_order_tag': 'short_pullback_restart', 'cost': 207.961929}, {'amount': 98.0, 'safe_price': 2.202, 'ft_order_side': 'buy', 'order_filled_timestamp': 1762128300000, 'ft_is_entry': False, 'ft_order_tag': 'stop_loss', 'cost': 215.90389799999997}]",0.030463543533469202,0
raw_be_profit_lock_1y,Raw + Breakeven + ProfitLock,1y,profit_lock,ADA/USDT:USDT,242.3192,242.3192,404.0,2025-11-02 15:00:00+00:00,2025-11-03 15:30:00+00:00,0.5998,0.5392,0.0005,0.0005,1470,0.10003342900704988,24.22790048,roi,0.6357,-0.06,0.5992,-0.020610117526826732,0.5244,0.612,False,short_pullback_restart,1.0,True,1762095600000,1762183800000,"[{'amount': 404.0, 'safe_price': 0.5998, 'ft_order_side': 'sell', 'order_filled_timestamp': 1762095600000, 'ft_is_entry': True, 'ft_order_tag': 'short_pullback_restart', 'cost': 242.4403596}, {'amount': 404.0, 'safe_price': 0.5392, 'ft_order_side': 'buy', 'order_filled_timestamp': 1762183800000, 'ft_is_entry': False, 'ft_order_tag': 'roi', 'cost': 217.9457184}]",-0.024421524135467998,0
raw_be_profit_lock_1y,Raw + Breakeven + ProfitLock,1y,profit_lock,BTC/USDT:USDT,208.3286,208.3286,0.002,2025-11-04 06:00:00+00:00,2025-11-05 03:30:00+00:00,104164.3,102061.9,0.0005,0.0005,1290,0.019393754322946644,4.03825355,profit_giveback_guard,110414.1,-0.06,104060.1,-0.023206840707964638,98888.8,105190.0,False,short_pullback_restart,1.0,True,1762236000000,1762313400000,"[{'amount': 0.002, 'safe_price': 104164.3, 'ft_order_side': 'sell', 'order_filled_timestamp': 1762236000000, 'ft_is_entry': True, 'ft_order_tag': 'short_pullback_restart', 'cost': 208.4327643}, {'amount': 0.002, 'safe_price': 102061.9, 'ft_order_side': 'buy', 'order_filled_timestamp': 1762313400000, 'ft_is_entry': False, 'ft_order_tag': 'profit_giveback_guard', 'cost': 204.22586189999998}]",0.039679748875061274,2
raw_be_profit_lock_1y,Raw + Breakeven + ProfitLock,1y,profit_lock,DOGE/USDT:USDT,244.44889,244.44889,1493.0,2025-11-06 06:00:00+00:00,2025-11-06 18:45:00+00:00,0.16373,0.1613,0.0005,0.0005,765,0.013879073503078815,3.39102775,profit_lock_pullback_restart,0.17355,-0.06,0.16356,-0.020566980720034822,0.15691,0.16441,False,short_pullback_restart,1.0,True,1762408800000,1762454700000,"[{'amount': 1493.0, 'safe_price': 0.16373, 'ft_order_side': 'sell', 'order_filled_timestamp': 1762408800000, 'ft_is_entry': True, 'ft_order_tag': 'short_pullback_restart', 'cost': 244.57111444499998}, {'amount': 1493.0, 'safe_price': 0.1613, 'ft_order_side': 'buy', 'order_filled_timestamp': 1762454700000, 'ft_is_entry': False, 'ft_order_tag': 'profit_lock_pullback_restart', 'cost': 240.94131044999997}]",0.0056726482407582,3
raw_be_profit_lock_1y,Raw + Breakeven + ProfitLock,1y,profit_lock,ETH/USDT:USDT,157.35036,157.35036,0.047,2025-11-06 13:00:00+00:00,2025-11-06 18:45:00+00:00,3347.88,3334.66,0.0005,0.0005,345,0.002952918260725224,0.46441043,profit_lock_pullback_restart,3548.75,-0.06,3344.53,-0.021171938116567368,3245.0,3402.03,False,short_pullback_restart,1.0,True,1762434000000,1762454700000,"[{'amount': 0.047, 'safe_price': 3347.88, 'ft_order_side': 'sell', 'order_filled_timestamp': 1762434000000, 'ft_is_entry': True, 'ft_order_tag': 'short_pullback_restart', 'cost': 157.42903518}, {'amount': 0.047, 'safe_price': 3334.66, 'ft_order_side': 'buy', 'order_filled_timestamp': 1762454700000, 'ft_is_entry': False, 'ft_order_tag': 'profit_lock_pullback_restart', 'cost': 156.80738451}]",0.000110121,3
raw_be_profit_lock_1y,Raw + Breakeven + ProfitLock,1y,profit_lock,BTC/USDT:USDT,307.5213,307.5213,0.003,2025-11-06 13:00:00+00:00,2025-11-06 18:50:00+00:00,102507.1,102241.5,0.0005,0.0005,350,0.0016378669688562868,0.50342714,profit_lock_pullback_restart,108657.5,-0.06,102404.5,-0.021610409783077156,100238.4,103585.0,False,short_pullback_restart,1.0,True,1762434000000,1762455000000,"[{'amount': 0.003, 'safe_price': 102507.1, 'ft_order_side': 'sell', 'order_filled_timestamp': 1762434000000, 'ft_is_entry': True, 'ft_order_tag': 'short_pullback_restart', 'cost': 307.67506065}, {'amount': 0.003, 'safe_price': 102241.5, 'ft_order_side': 'buy', 'order_filled_timestamp': 1762455000000, 'ft_is_entry': False, 'ft_order_tag': 'profit_lock_pullback_restart', 'cost': 306.87786225}]",0.013750035642,3
raw_be_profit_lock_1y,Raw + Breakeven + ProfitLock,1y,profit_lock,TRX/USDT:USDT,382.55118,382.55118,1334.0,2025-11-06 06:00:00+00:00,2025-11-07 17:20:00+00:00,0.28677,0.29056,0.0005,0.0005,2120,-0.014751789936509049,-5.64049299,stop_loss,0.30397,-0.06,0.29056,-0.013220140124795554,0.28171,0.29097,False,short_pullback_restart,1.0,True,1762408800000,1762536000000,"[{'amount': 1334.0, 'safe_price': 0.28677, 'ft_order_side': 'sell', 'order_filled_timestamp': 1762408800000, 'ft_is_entry': True, 'ft_order_tag': 'short_pullback_restart', 'cost': 382.74245559}, {'amount': 1334.0, 'safe_price': 0.29056, 'ft_order_side': 'buy', 'order_filled_timestamp': 1762536000000, 'ft_is_entry': False, 'ft_order_tag': 'stop_loss', 'cost': 387.80084351999994}]",-0.1995538758589256,4
raw_be_profit_lock_1y,Raw + Breakeven + ProfitLock,1y,profit_lock,ADA/USDT:USDT,195.0487,195.0487,347.0,2025-11-11 20:00:00+00:00,2025-11-11 22:35:00+00:00,0.5621,0.5605,0.0005,0.0005,155,0.0018488162423143612,0.3604289,profit_lock_compression_breakdown,0.5958,-0.06,0.5854,-0.04719977156247279,0.553,0.5642,False,short_compression_breakdown,1.0,True,1762891200000,1762900500000,"[{'amount': 347.0, 'safe_price': 0.5621, 'ft_order_side': 'sell', 'order_filled_timestamp': 1762891200000, 'ft_is_entry': True, 'ft_order_tag': 'short_compression_breakdown', 'cost': 195.14622435}, {'amount': 347.0, 'safe_price': 0.5605, 'ft_order_side': 'buy', 'order_filled_timestamp': 1762900500000, 'ft_is_entry': False, 'ft_order_tag': 'profit_lock_compression_breakdown', 'cost': 194.59074675}]",0.0,1
raw_be_profit_lock_1y,Raw + Breakeven + ProfitLock,1y,profit_lock,DOGE/USDT:USDT,185.65867,185.65867,1187.0,2025-11-19 06:00:00+00:00,2025-11-19 21:25:00+00:00,0.15641,0.15306,0.0005,0.0005,925,0.020579292806880676,3.81881377,profit_giveback_guard,0.16579,-0.06,0.15625,-0.02026503428011739,0.14705,0.1597,False,short_pullback_restart,1.0,True,1763532000000,1763587500000,"[{'amount': 1187.0, 'safe_price': 0.15641, 'ft_order_side': 'sell', 'order_filled_timestamp': 1763532000000, 'ft_is_entry': True, 'ft_order_tag': 'short_pullback_restart', 'cost': 185.75149933499998}, {'amount': 1187.0, 'safe_price': 0.15306, 'ft_order_side': 'buy', 'order_filled_timestamp': 1763587500000, 'ft_is_entry': False, 'ft_order_tag': 'profit_giveback_guard', 'cost': 181.77306111}]",0.026034217931599997,2
raw_be_profit_lock_1y,Raw + Breakeven + ProfitLock,1y,profit_lock,SUI/USDT:USDT,164.38964,164.38964,101.3,2025-11-19 06:00:00+00:00,2025-11-19 21:25:00+00:00,1.6228,1.5881,0.0005,0.0005,925,0.0205814038207176,3.38167788,profit_giveback_guard,1.7201,-0.06,1.6211,-0.024958715306315993,1.5084,1.6645,False,short_pullback_restart,1.0,True,1763532000000,1763587500000,"[{'amount': 101.3, 'safe_price': 1.6228, 'ft_order_side': 'sell', 'order_filled_timestamp': 1763532000000, 'ft_is_entry': True, 'ft_order_tag': 'short_pullback_restart', 'cost': 164.47183481999997}, {'amount': 101.3, 'safe_price': 1.5881, 'ft_order_side': 'buy', 'order_filled_timestamp': 1763587500000, 'ft_is_entry': False, 'ft_order_tag': 'profit_giveback_guard', 'cost': 160.954967265}]",0.029199965283600002,2
raw_be_profit_lock_1y,Raw + Breakeven + ProfitLock,1y,profit_lock,ETH/USDT:USDT,206.8164,206.8164,0.07,2025-11-20 16:00:00+00:00,2025-11-20 21:45:00+00:00,2954.52,2887.06,0.0005,0.0005,345,0.021923070052532617,4.5317834,profit_giveback_guard,3131.79,-0.06,2951.56,-0.02286731956833621,2788.01,2960.11,False,short_pullback_restart,1.0,True,1763654400000,1763675100000,"[{'amount': 0.07, 'safe_price': 2954.52, 'ft_order_side': 'sell', 'order_filled_timestamp': 1763654400000, 'ft_is_entry': True, 'ft_order_tag': 'short_pullback_restart', 'cost': 206.9198082}, {'amount': 0.07, 'safe_price': 2887.06, 'ft_order_side': 'buy', 'order_filled_timestamp': 1763675100000, 'ft_is_entry': False, 'ft_order_tag': 'profit_giveback_guard', 'cost': 202.19524710000002}]",0.014038697232,3
raw_be_profit_lock_1y,Raw + Breakeven + ProfitLock,1y,profit_lock,XRP/USDT:USDT,248.70471,248.70471,119.3,2025-11-20 16:00:00+00:00,2025-11-20 22:15:00+00:00,2.0847,2.0375,0.0005,0.0005,375,0.021763354438993892,5.40994243,profit_giveback_guard,2.2097,-0.06,2.0826,-0.025716755319148854,1.9734,2.0872,False,short_pullback_restart,1.0,True,1763654400000,1763676900000,"[{'amount': 119.3, 'safe_price': 2.0847, 'ft_order_side': 'sell', 'order_filled_timestamp': 1763654400000, 'ft_is_entry': True, 'ft_order_tag': 'short_pullback_restart', 'cost': 248.82906235500002}, {'amount': 119.3, 'safe_price': 2.0375, 'ft_order_side': 'buy', 'order_filled_timestamp': 1763676900000, 'ft_is_entry': False, 'ft_order_tag': 'profit_giveback_guard', 'cost': 243.195286875}]",0.024871664,3
raw_be_profit_lock_1y,Raw + Breakeven + ProfitLock,1y,profit_lock,BNB/USDT:USDT,193.732,193.732,0.22,2025-11-20 17:00:00+00:00,2025-11-21 07:30:00+00:00,880.6,848.13,0.0005,0.0005,870,0.03590897765485059,6.9532397,profit_giveback_guard,933.43,-0.06,879.71,-0.020544309230751567,800.0,884.27,False,short_pullback_restart,1.0,True,1763658000000,1763710200000,"[{'amount': 0.22, 'safe_price': 880.6, 'ft_order_side': 'sell', 'order_filled_timestamp': 1763658000000, 'ft_is_entry': True, 'ft_order_tag': 'short_pullback_restart', 'cost': 193.82886599999998}, {'amount': 0.22, 'safe_price': 848.13, 'ft_order_side': 'buy', 'order_filled_timestamp': 1763710200000, 'ft_is_entry': False, 'ft_order_tag': 'profit_giveback_guard', 'cost': 186.6818943}]",0.0,4
raw_be_profit_lock_1y,Raw + Breakeven + ProfitLock,1y,profit_lock,BNB/USDT:USDT,286.3752,286.3752,0.34,2025-11-25 15:00:00+00:00,2025-11-25 23:10:00+00:00,842.28,866.81,0.0005,0.0005,490,-0.03015297005961308,-8.6307453,stop_loss,892.81,-0.06,866.81,-0.029128763825939652,837.54,868.1,False,short_pullback_restart,1.0,True,1764082800000,1764112200000,"[{'amount': 0.34, 'safe_price': 842.28, 'ft_order_side': 'sell', 'order_filled_timestamp': 1764082800000, 'ft_is_entry': True, 'ft_order_tag': 'short_pullback_restart', 'cost': 286.5183876}, {'amount': 0.34, 'safe_price': 866.81, 'ft_order_side': 'buy', 'order_filled_timestamp': 1764112200000, 'ft_is_entry': False, 'ft_order_tag': 'stop_loss', 'cost': 294.8627577}]",0.0,1
raw_be_profit_lock_1y,Raw + Breakeven + ProfitLock,1y,profit_lock,TRX/USDT:USDT,326.38416,326.38416,1136.0,2025-11-18 07:00:00+00:00,2025-11-27 16:00:00+00:00,0.28731,0.27833,0.0005,0.0005,13500,0.030356165985101522,9.90281785,time_decay_profit_exit,0.30454,-0.06,0.28702,-0.021360365810262794,0.27063,0.29298,False,short_pullback_restart,1.0,True,1763449200000,1764259200000,"[{'amount': 1136.0, 'safe_price': 0.28731, 'ft_order_side': 'sell', 'order_filled_timestamp': 1763449200000, 'ft_is_entry': True, 'ft_order_tag': 'short_pullback_restart', 'cost': 326.54735208}, {'amount': 1136.0, 'safe_price': 0.27833, 'ft_order_side': 'buy', 'order_filled_timestamp': 1764259200000, 'ft_is_entry': False, 'ft_order_tag': 'time_decay_profit_exit', 'cost': 316.34097144}]",0.022821374565891207,3
raw_be_profit_lock_1y,Raw + Breakeven + ProfitLock,1y,profit_lock,NEAR/USDT:USDT,206.58,206.58,110.0,2025-11-28 02:00:00+00:00,2025-11-28 15:30:00+00:00,1.878,1.953,0.0005,0.0005,810,-0.04095474259542396,-8.45620051,stop_loss,1.99,-0.06,1.953,-0.040376540317068166,1.865,1.954,False,short_pullback_restart,1.0,True,1764295200000,1764343800000,"[{'amount': 110.0, 'safe_price': 1.878, 'ft_order_side': 'sell', 'order_filled_timestamp': 1764295200000, 'ft_is_entry': True, 'ft_order_tag': 'short_pullback_restart', 'cost': 206.68328999999997}, {'amount': 110.0, 'safe_price': 1.953, 'ft_order_side': 'buy', 'order_filled_timestamp': 1764343800000, 'ft_is_entry': False, 'ft_order_tag': 'stop_loss', 'cost': 214.937415}]",0.004504487394527999,4
raw_be_profit_lock_1y,Raw + Breakeven + ProfitLock,1y,profit_lock,NEAR/USDT:USDT,329.397,329.397,177.0,2025-11-29 15:00:00+00:00,2025-11-30 01:10:00+00:00,1.861,1.857,0.0005,0.0005,610,0.0012306850760207073,0.40518128,profit_lock_compression_breakdown,1.972,-0.06,1.907,-0.025175612694085858,1.829,1.882,False,short_compression_breakdown,1.0,True,1764428400000,1764465000000,"[{'amount': 177.0, 'safe_price': 1.861, 'ft_order_side': 'sell', 'order_filled_timestamp': 1764428400000, 'ft_is_entry': True, 'ft_order_tag': 'short_compression_breakdown', 'cost': 329.5616985}, {'amount': 177.0, 'safe_price': 1.857, 'ft_order_side': 'buy', 'order_filled_timestamp': 1764465000000, 'ft_is_entry': False, 'ft_order_tag': 'profit_lock_compression_breakdown', 'cost': 328.8533445}]",0.026224280038533,6
raw_be_profit_lock_1y,Raw + Breakeven + ProfitLock,1y,profit_lock,TAO/USDT:USDT,316.82677,316.82677,1.079,2025-11-29 18:00:00+00:00,2025-12-01 00:05:00+00:00,293.63,286.96,0.0005,0.0005,1805,0.021660621267376393,6.85923334,profit_giveback_guard,311.24,-0.06,293.33,-0.02122395905862695,278.28,299.16,False,short_compression_breakdown,1.0,True,1764439200000,1764547500000,"[{'amount': 1.079, 'safe_price': 293.63, 'ft_order_side': 'sell', 'order_filled_timestamp': 1764439200000, 'ft_is_entry': True, 'ft_order_tag': 'short_compression_breakdown', 'cost': 316.98518338499997}, {'amount': 1.079, 'safe_price': 286.96, 'ft_order_side': 'buy', 'order_filled_timestamp': 1764547500000, 'ft_is_entry': False, 'ft_order_tag': 'profit_giveback_guard', 'cost': 309.7846549199999}]",-0.024468358716722954,0
raw_be_profit_lock_1y,Raw + Breakeven + ProfitLock,1y,profit_lock,XRP/USDT:USDT,293.68248,293.68248,142.8,2025-12-05 10:00:00+00:00,2025-12-06 06:30:00+00:00,2.0566,2.049,0.0005,0.0005,1230,0.0026174790333660133,0.76832338,profit_lock_compression_breakdown,2.1799,-0.06,2.0545,-0.021652610641471837,2.011,2.0988,False,short_compression_breakdown,1.0,True,1764928800000,1765002600000,"[{'amount': 142.8, 'safe_price': 2.0566, 'ft_order_side': 'sell', 'order_filled_timestamp': 1764928800000, 'ft_is_entry': True, 'ft_order_tag': 'short_compression_breakdown', 'cost': 293.82932123999996}, {'amount': 142.8, 'safe_price': 2.049, 'ft_order_side': 'buy', 'order_filled_timestamp': 1765002600000, 'ft_is_entry': False, 'ft_order_tag': 'profit_lock_compression_breakdown', 'cost': 292.74349859999995}]",-0.02381677879485828,5
raw_be_profit_lock_1y,Raw + Breakeven + ProfitLock,1y,profit_lock,DOGE/USDT:USDT,391.0777,391.0777,2830.0,2025-12-07 14:00:00+00:00,2025-12-07 15:50:00+00:00,0.13819,0.13805,0.0005,0.0005,110,1.3611263262429391e-05,0.0053204,trailing_stop_loss,0.14648,-0.06,0.13805,-0.024275189197210167,0.13478,0.13823,False,short_pullback_restart,1.0,True,1765116000000,1765122600000,"[{'amount': 2830.0, 'safe_price': 0.13819, 'ft_order_side': 'sell', 'order_filled_timestamp': 1765116000000, 'ft_is_entry': True, 'ft_order_tag': 'short_pullback_restart', 'cost': 391.27323885}, {'amount': 2830.0, 'safe_price': 0.13805, 'ft_order_side': 'buy', 'order_filled_timestamp': 1765122600000, 'ft_is_entry': False, 'ft_order_tag': 'trailing_stop_loss', 'cost': 390.87684075}]",0.0,6
raw_be_profit_lock_1y,Raw + Breakeven + ProfitLock,1y,profit_lock,SUI/USDT:USDT,299.83935,299.83935,196.5,2025-12-11 15:00:00+00:00,2025-12-11 18:40:00+00:00,1.5259,1.5685,0.0005,0.0005,220,-0.028985674171356852,-8.68670018,stop_loss,1.6174,-0.06,1.5685,-0.027948758386364014,1.5225,1.5725,False,short_compression_breakdown,1.0,True,1765465200000,1765478400000,"[{'amount': 196.5, 'safe_price': 1.5259, 'ft_order_side': 'sell', 'order_filled_timestamp': 1765465200000, 'ft_is_entry': True, 'ft_order_tag': 'short_compression_breakdown', 'cost': 299.989269675}, {'amount': 196.5, 'safe_price': 1.5685, 'ft_order_side': 'buy', 'order_filled_timestamp': 1765478400000, 'ft_is_entry': False, 'ft_order_tag': 'stop_loss', 'cost': 308.364355125}]",-0.0117753805965,3
raw_be_profit_lock_1y,Raw + Breakeven + ProfitLock,1y,profit_lock,TRX/USDT:USDT,387.83904,387.83904,1392.0,2025-12-12 08:00:00+00:00,2025-12-14 19:15:00+00:00,0.27862,0.27715,0.0005,0.0005,3555,0.002965207245680535,1.14944812,profit_lock_pullback_restart,0.29533,-0.06,0.27834,-0.02196130121897477,0.27034,0.27876,False,short_pullback_restart,1.0,True,1765526400000,1765739700000,"[{'amount': 1392.0, 'safe_price': 0.27862, 'ft_order_side': 'sell', 'order_filled_timestamp': 1765526400000, 'ft_is_entry': True, 'ft_order_tag': 'short_pullback_restart', 'cost': 388.0329595199999}, {'amount': 1392.0, 'safe_price': 0.27715, 'ft_order_side': 'buy', 'order_filled_timestamp': 1765739700000, 'ft_is_entry': False, 'ft_order_tag': 'profit_lock_pullback_restart', 'cost': 385.9856964}]",-0.5099759604222144,6
raw_be_profit_lock_1y,Raw + Breakeven + ProfitLock,1y,profit_lock,XRP/USDT:USDT,388.02555,388.02555,193.5,2025-12-14 11:00:00+00:00,2025-12-15 01:35:00+00:00,2.0053,2.0032,0.0005,0.0005,875,-0.00017574774988052806,-0.06816052,trailing_stop_loss,2.1256,-0.06,2.0032,-0.02944229188078107,1.946,2.009,False,short_pullback_restart,1.0,True,1765710000000,1765762500000,"[{'amount': 193.5, 'safe_price': 2.0053, 'ft_order_side': 'sell', 'order_filled_timestamp': 1765710000000, 'ft_is_entry': True, 'ft_order_tag': 'short_pullback_restart', 'cost': 388.219562775}, {'amount': 193.5, 'safe_price': 2.0032, 'ft_order_side': 'buy', 'order_filled_timestamp': 1765762500000, 'ft_is_entry': False, 'ft_order_tag': 'trailing_stop_loss', 'cost': 387.8130096}]",-0.08668814330991195,0
raw_be_profit_lock_1y,Raw + Breakeven + ProfitLock,1y,profit_lock,NEAR/USDT:USDT,243.576,243.576,153.0,2025-12-14 18:00:00+00:00,2025-12-15 02:15:00+00:00,1.592,1.641,0.0005,0.0005,495,-0.03199821743071753,-7.79010081,trailing_stop_loss,1.687,-0.06,1.641,-0.026437310892168275,1.569,1.644,False,short_compression_breakdown,1.0,True,1765735200000,1765764900000,"[{'amount': 153.0, 'safe_price': 1.592, 'ft_order_side': 'sell', 'order_filled_timestamp': 1765735200000, 'ft_is_entry': True, 'ft_order_tag': 'short_compression_breakdown', 'cost': 243.697788}, {'amount': 153.0, 'safe_price': 1.641, 'ft_order_side': 'buy', 'order_filled_timestamp': 1765764900000, 'ft_is_entry': False, 'ft_order_tag': 'trailing_stop_loss', 'cost': 251.1985365}]",-0.0457763118001443,0
raw_be_profit_lock_1y,Raw + Breakeven + ProfitLock,1y,profit_lock,TAO/USDT:USDT,174.77463,174.77463,0.691,2025-12-17 06:00:00+00:00,2025-12-17 14:55:00+00:00,252.93,252.67,0.0005,0.0005,535,8.267083375997475e-05,0.01444154,trailing_stop_loss,268.1,-0.06,252.67,-0.021330113177041365,243.46,253.74,False,short_pullback_restart,1.0,True,1765951200000,1765983300000,"[{'amount': 0.691, 'safe_price': 252.93, 'ft_order_side': 'sell', 'order_filled_timestamp': 1765951200000, 'ft_is_entry': True, 'ft_order_tag': 'short_pullback_restart', 'cost': 174.862017315}, {'amount': 0.691, 'safe_price': 252.67, 'ft_order_side': 'buy', 'order_filled_timestamp': 1765983300000, 'ft_is_entry': False, 'ft_order_tag': 'trailing_stop_loss', 'cost': 174.68226748499998}]",0.009466337685360645,2
raw_be_profit_lock_1y,Raw + Breakeven + ProfitLock,1y,profit_lock,BNB/USDT:USDT,375.826,375.826,0.44,2025-12-17 16:00:00+00:00,2025-12-18 13:50:00+00:00,854.15,851.11,0.0005,0.0005,1310,0.002562154460125339,0.9624428,profit_lock_pullback_restart,905.39,-0.06,853.29,-0.021299640933572617,830.0,858.32,False,short_pullback_restart,1.0,True,1765987200000,1766065800000,"[{'amount': 0.44, 'safe_price': 854.15, 'ft_order_side': 'sell', 'order_filled_timestamp': 1765987200000, 'ft_is_entry': True, 'ft_order_tag': 'short_pullback_restart', 'cost': 376.01391299999995}, {'amount': 0.44, 'safe_price': 851.11, 'ft_order_side': 'buy', 'order_filled_timestamp': 1766065800000, 'ft_is_entry': False, 'ft_order_tag': 'profit_lock_pullback_restart', 'cost': 374.67564419999997}]",0.0,3
raw_be_profit_lock_1y,Raw + Breakeven + ProfitLock,1y,profit_lock,SUI/USDT:USDT,386.06048,386.06048,267.8,2025-12-21 02:00:00+00:00,2025-12-21 09:30:00+00:00,1.4416,1.4681,0.0005,0.0005,450,-0.019307486300370234,-7.4501305,trailing_stop_loss,1.528,-0.06,1.4681,-0.02257125763090384,1.4344,1.477,False,short_pullback_restart,1.0,True,1766282400000,1766309400000,"[{'amount': 267.8, 'safe_price': 1.4416, 'ft_order_side': 'sell', 'order_filled_timestamp': 1766282400000, 'ft_is_entry': True, 'ft_order_tag': 'short_pullback_restart', 'cost': 386.25351024}, {'amount': 267.8, 'safe_price': 1.4681, 'ft_order_side': 'buy', 'order_filled_timestamp': 1766309400000, 'ft_is_entry': False, 'ft_order_tag': 'trailing_stop_loss', 'cost': 393.35375859}]",0.036178326990416516,6
raw_be_profit_lock_1y,Raw + Breakeven + ProfitLock,1y,profit_lock,LINK/USDT:USDT,37.24942,37.24942,2.99,2025-12-21 02:00:00+00:00,2025-12-21 09:50:00+00:00,12.458,12.691,0.0005,0.0005,470,-0.0196728674285593,-0.7324365,stop_loss,13.205,-0.06,12.691,-0.01877357359203491,12.376,12.706,False,short_pullback_restart,1.0,True,1766282400000,1766310600000,"[{'amount': 2.99, 'safe_price': 12.458, 'ft_order_side': 'sell', 'order_filled_timestamp': 1766282400000, 'ft_is_entry': True, 'ft_order_tag': 'short_pullback_restart', 'cost': 37.26804471}, {'amount': 2.99, 'safe_price': 12.691, 'ft_order_side': 'buy', 'order_filled_timestamp': 1766310600000, 'ft_is_entry': False, 'ft_order_tag': 'stop_loss', 'cost': 37.965063045}]",0.001831257246738816,6
raw_be_profit_lock_1y,Raw + Breakeven + ProfitLock,1y,profit_lock,SOL/USDT:USDT,385.1848,385.1848,3.08,2025-12-21 02:00:00+00:00,2025-12-22 00:10:00+00:00,125.06,126.79,0.0005,0.0005,1330,-0.01472626483882112,-5.66949721,stop_loss,132.56,-0.06,126.79,-0.013866127461943156,123.3,127.64,False,short_pullback_restart,1.0,True,1766282400000,1766362200000,"[{'amount': 3.08, 'safe_price': 125.06, 'ft_order_side': 'sell', 'order_filled_timestamp': 1766282400000, 'ft_is_entry': True, 'ft_order_tag': 'short_pullback_restart', 'cost': 385.37739239999996}, {'amount': 3.08, 'safe_price': 126.79, 'ft_order_side': 'buy', 'order_filled_timestamp': 1766362200000, 'ft_is_entry': False, 'ft_order_tag': 'stop_loss', 'cost': 390.70845660000003}]",0.046751790163683526,0
raw_be_profit_lock_1y,Raw + Breakeven + ProfitLock,1y,profit_lock,ADA/USDT:USDT,294.5712,294.5712,797.0,2025-12-21 02:00:00+00:00,2025-12-22 00:10:00+00:00,0.3696,0.3692,0.0005,0.0005,1330,0.00013600868693565605,0.04004421,trailing_stop_loss,0.3917,-0.06,0.3692,-0.023649570280011023,0.3573,0.3744,False,short_pullback_restart,1.0,True,1766282400000,1766362200000,"[{'amount': 797.0, 'safe_price': 0.3696, 'ft_order_side': 'sell', 'order_filled_timestamp': 1766282400000, 'ft_is_entry': True, 'ft_order_tag': 'short_pullback_restart', 'cost': 294.71848559999995}, {'amount': 797.0, 'safe_price': 0.3692, 'ft_order_side': 'buy', 'order_filled_timestamp': 1766362200000, 'ft_is_entry': False, 'ft_order_tag': 'trailing_stop_loss', 'cost': 294.39952619999997}]",0.015656013351167602,0
raw_be_profit_lock_1y,Raw + Breakeven + ProfitLock,1y,profit_lock,ADA/USDT:USDT,244.9614,244.9614,678.0,2025-12-23 14:00:00+00:00,2025-12-23 15:10:00+00:00,0.3613,0.3607,0.0005,0.0005,70,0.0006618310539161083,0.162042,profit_lock_compression_breakdown,0.3829,-0.06,0.3726,-0.043573259739807746,0.3548,0.3632,False,short_compression_breakdown,1.0,True,1766498400000,1766502600000,"[{'amount': 678.0, 'safe_price': 0.3613, 'ft_order_side': 'sell', 'order_filled_timestamp': 1766498400000, 'ft_is_entry': True, 'ft_order_tag': 'short_compression_breakdown', 'cost': 245.08388069999998}, {'amount': 678.0, 'safe_price': 0.3607, 'ft_order_side': 'buy', 'order_filled_timestamp': 1766502600000, 'ft_is_entry': False, 'ft_order_tag': 'profit_lock_compression_breakdown', 'cost': 244.6768773}]",0.0,1
raw_be_profit_lock_1y,Raw + Breakeven + ProfitLock,1y,profit_lock,ADA/USDT:USDT,243.175,243.175,685.0,2025-12-24 06:00:00+00:00,2025-12-25 10:35:00+00:00,0.355,0.354,0.0005,0.0005,1715,0.0018652853927734916,0.45336398,profit_lock_compression_breakdown,0.3763,-0.06,0.3669,-0.03357257977337902,0.3495,0.3612,False,short_compression_breakdown,1.0,True,1766556000000,1766658900000,"[{'amount': 685.0, 'safe_price': 0.355, 'ft_order_side': 'sell', 'order_filled_timestamp': 1766556000000, 'ft_is_entry': True, 'ft_order_tag': 'short_compression_breakdown', 'cost': 243.29658749999996}, {'amount': 685.0, 'safe_price': 0.354, 'ft_order_side': 'buy', 'order_filled_timestamp': 1766658900000, 'ft_is_entry': False, 'ft_order_tag': 'profit_lock_compression_breakdown', 'cost': 242.61124499999997}]",0.011196475843644499,3
raw_be_profit_lock_1y,Raw + Breakeven + ProfitLock,1y,profit_lock,XRP/USDT:USDT,381.38745,381.38745,205.5,2025-12-28 19:00:00+00:00,2025-12-29 01:40:00+00:00,1.8559,1.8803,0.0005,0.0005,400,-0.014136308432048975,-5.38871492,stop_loss,1.9672,-0.06,1.8803,-0.01316103012090708,1.8528,1.886,False,short_pullback_restart,1.0,True,1766948400000,1766972400000,"[{'amount': 205.5, 'safe_price': 1.8559, 'ft_order_side': 'sell', 'order_filled_timestamp': 1766948400000, 'ft_is_entry': True, 'ft_order_tag': 'short_pullback_restart', 'cost': 381.57814372499996}, {'amount': 205.5, 'safe_price': 1.8803, 'ft_order_side': 'buy', 'order_filled_timestamp': 1766972400000, 'ft_is_entry': False, 'ft_order_tag': 'stop_loss', 'cost': 386.594850825}]",0.00937962828,0
raw_be_profit_lock_1y,Raw + Breakeven + ProfitLock,1y,profit_lock,NEAR/USDT:USDT,363.0,363.0,242.0,2025-12-31 11:00:00+00:00,2025-12-31 20:45:00+00:00,1.5,1.496,0.0005,0.0005,585,0.0017694180423545108,0.6419776,profit_lock_compression_breakdown,1.59,-0.06,1.498,-0.021472392638036686,1.467,1.529,False,short_compression_breakdown,1.0,True,1767178800000,1767213900000,"[{'amount': 242.0, 'safe_price': 1.5, 'ft_order_side': 'sell', 'order_filled_timestamp': 1767178800000, 'ft_is_entry': True, 'ft_order_tag': 'short_compression_breakdown', 'cost': 363.18149999999997}, {'amount': 242.0, 'safe_price': 1.496, 'ft_order_side': 'buy', 'order_filled_timestamp': 1767213900000, 'ft_is_entry': False, 'ft_order_tag': 'profit_lock_compression_breakdown', 'cost': 362.213016}]",0.0364936,2
raw_be_profit_lock_1y,Raw + Breakeven + ProfitLock,1y,profit_lock,TRX/USDT:USDT,379.62744,379.62744,1284.0,2026-01-04 00:00:00+00:00,2026-01-20 08:00:00+00:00,0.29566,0.30658,0.0005,0.0005,23520,0.034810404557732155,13.22159226,time_decay_profit_exit,0.27793,-0.06,0.29596,-0.020598120325633906,0.29076,0.32084,False,long_1d_center_compression,1.0,False,1767484800000,1768896000000,"[{'amount': 1284.0, 'safe_price': 0.29566, 'ft_order_side': 'buy', 'order_filled_timestamp': 1767484800000, 'ft_is_entry': True, 'ft_order_tag': 'long_1d_center_compression', 'cost': 379.81725371999994}, {'amount': 1284.0, 'safe_price': 0.30658, 'ft_order_side': 'sell', 'order_filled_timestamp': 1768896000000, 'ft_is_entry': False, 'ft_order_tag': 'time_decay_profit_exit', 'cost': 393.84554436}]",-0.41304965641771685,1
raw_be_profit_lock_1y,Raw + Breakeven + ProfitLock,1y,profit_lock,ADA/USDT:USDT,238.651,238.651,662.0,2026-01-20 09:00:00+00:00,2026-01-21 00:40:00+00:00,0.3605,0.3556,0.0005,0.0005,940,0.012707407040820483,3.03111908,profit_lock_pullback_restart,0.3821,-0.06,0.3601,-0.021092996881202142,0.3463,0.364,False,short_pullback_restart,1.0,True,1768899600000,1768956000000,"[{'amount': 662.0, 'safe_price': 0.3605, 'ft_order_side': 'sell', 'order_filled_timestamp': 1768899600000, 'ft_is_entry': True, 'ft_order_tag': 'short_pullback_restart', 'cost': 238.77032549999996}, {'amount': 662.0, 'safe_price': 0.3556, 'ft_order_side': 'buy', 'order_filled_timestamp': 1768956000000, 'ft_is_entry': False, 'ft_order_tag': 'profit_lock_pullback_restart', 'cost': 235.52490360000002}]",0.024348179208726804,2
raw_be_profit_lock_1y,Raw + Breakeven + ProfitLock,1y,profit_lock,NEAR/USDT:USDT,199.808,199.808,128.0,2026-01-20 07:00:00+00:00,2026-01-21 01:15:00+00:00,1.561,1.54,0.0005,0.0005,1095,0.012588261970110615,2.51397783,profit_lock_pullback_restart,1.654,-0.06,1.559,-0.027975609756097697,1.487,1.568,False,short_pullback_restart,1.0,True,1768892400000,1768958100000,"[{'amount': 128.0, 'safe_price': 1.561, 'ft_order_side': 'sell', 'order_filled_timestamp': 1768892400000, 'ft_is_entry': True, 'ft_order_tag': 'short_pullback_restart', 'cost': 199.90790399999997}, {'amount': 128.0, 'safe_price': 1.54, 'ft_order_side': 'buy', 'order_filled_timestamp': 1768958100000, 'ft_is_entry': False, 'ft_order_tag': 'profit_lock_pullback_restart', 'cost': 197.21856}]",0.0244418255356672,2
raw_be_profit_lock_1y,Raw + Breakeven + ProfitLock,1y,profit_lock,XRP/USDT:USDT,380.22561,380.22561,197.1,2026-01-22 14:00:00+00:00,2026-01-23 16:00:00+00:00,1.9291,1.9271,0.0005,0.0005,1560,0.00012561644991679498,0.04773871,trailing_stop_loss,2.0448,-0.06,1.9271,-0.021017695364238476,1.8862,1.9349,False,short_pullback_restart,1.0,True,1769090400000,1769184000000,"[{'amount': 197.1, 'safe_price': 1.9291, 'ft_order_side': 'sell', 'order_filled_timestamp': 1769090400000, 'ft_is_entry': True, 'ft_order_tag': 'short_pullback_restart', 'cost': 380.415722805}, {'amount': 197.1, 'safe_price': 1.9271, 'ft_order_side': 'buy', 'order_filled_timestamp': 1769184000000, 'ft_is_entry': False, 'ft_order_tag': 'trailing_stop_loss', 'cost': 380.021325705}]",0.03356721970548885,4
raw_be_profit_lock_1y,Raw + Breakeven + ProfitLock,1y,profit_lock,ADA/USDT:USDT,265.2039,265.2039,741.0,2026-01-22 15:00:00+00:00,2026-01-23 17:25:00+00:00,0.3579,0.368,0.0005,0.0005,1585,-0.02933649567948762,-7.77626299,trailing_stop_loss,0.3793,-0.06,0.368,-0.027359019305571497,0.3522,0.3681,False,short_pullback_restart,1.0,True,1769094000000,1769189100000,"[{'amount': 741.0, 'safe_price': 0.3579, 'ft_order_side': 'sell', 'order_filled_timestamp': 1769094000000, 'ft_is_entry': True, 'ft_order_tag': 'short_pullback_restart', 'cost': 265.33650194999996}, {'amount': 741.0, 'safe_price': 0.368, 'ft_order_side': 'buy', 'order_filled_timestamp': 1769189100000, 'ft_is_entry': False, 'ft_order_tag': 'trailing_stop_loss', 'cost': 272.824344}]",-0.0232170382989051,4
raw_be_profit_lock_1y,Raw + Breakeven + ProfitLock,1y,profit_lock,DOGE/USDT:USDT,264.83704,264.83704,2132.0,2026-01-22 15:00:00+00:00,2026-01-23 17:35:00+00:00,0.12422,0.12774,0.0005,0.0005,1595,-0.029399744426403956,-7.78224822,trailing_stop_loss,0.13167,-0.06,0.12774,-0.028746985682621018,0.12194,0.12783,False,short_pullback_restart,1.0,True,1769094000000,1769189700000,"[{'amount': 2132.0, 'safe_price': 0.12422, 'ft_order_side': 'sell', 'order_filled_timestamp': 1769094000000, 'ft_is_entry': True, 'ft_order_tag': 'short_pullback_restart', 'cost': 264.96945852}, {'amount': 2132.0, 'safe_price': 0.12774, 'ft_order_side': 'buy', 'order_filled_timestamp': 1769189700000, 'ft_is_entry': False, 'ft_order_tag': 'trailing_stop_loss', 'cost': 272.47785084}]",-0.009018861871734002,4
raw_be_profit_lock_1y,Raw + Breakeven + ProfitLock,1y,profit_lock,NEAR/USDT:USDT,133.74,133.74,90.0,2026-01-25 09:00:00+00:00,2026-01-26 01:05:00+00:00,1.486,1.453,0.0005,0.0005,965,0.021285053248921458,2.84523969,profit_giveback_guard,1.575,-0.06,1.484,-0.02098624484181566,1.408,1.511,False,short_pullback_restart,1.0,True,1769331600000,1769389500000,"[{'amount': 90.0, 'safe_price': 1.486, 'ft_order_side': 'sell', 'order_filled_timestamp': 1769331600000, 'ft_is_entry': True, 'ft_order_tag': 'short_pullback_restart', 'cost': 133.80687}, {'amount': 90.0, 'safe_price': 1.453, 'ft_order_side': 'buy', 'order_filled_timestamp': 1769389500000, 'ft_is_entry': False, 'ft_order_tag': 'profit_giveback_guard', 'cost': 130.835385}]",0.0074946905999999985,0
raw_be_profit_lock_1y,Raw + Breakeven + ProfitLock,1y,profit_lock,TAO/USDT:USDT,380.91669,380.91669,1.617,2026-01-25 05:00:00+00:00,2026-01-26 01:10:00+00:00,235.57,230.03,0.0005,0.0005,1210,0.022637184894078507,8.6185701,profit_giveback_guard,249.7,-0.06,235.33,-0.02319317391304354,220.39,237.77,False,short_pullback_restart,1.0,True,1769317200000,1769389800000,"[{'amount': 1.617, 'safe_price': 235.57, 'ft_order_side': 'sell', 'order_filled_timestamp': 1769317200000, 'ft_is_entry': True, 'ft_order_tag': 'short_pullback_restart', 'cost': 381.1071483449999}, {'amount': 1.617, 'safe_price': 230.03, 'ft_order_side': 'buy', 'order_filled_timestamp': 1769389800000, 'ft_is_entry': False, 'ft_order_tag': 'profit_giveback_guard', 'cost': 372.144489255}]",0.03682770273073062,0
raw_be_profit_lock_1y,Raw + Breakeven + ProfitLock,1y,profit_lock,ETH/USDT:USDT,379.45866,379.45866,0.129,2026-01-25 04:00:00+00:00,2026-01-26 01:25:00+00:00,2941.54,2874.66,0.0005,0.0005,1285,0.02173605848872683,8.24381166,profit_giveback_guard,3118.03,-0.06,2938.59,-0.022441272050381045,2784.15,2948.15,False,short_pullback_restart,1.0,True,1769313600000,1769390700000,"[{'amount': 0.129, 'safe_price': 2941.54, 'ft_order_side': 'sell', 'order_filled_timestamp': 1769313600000, 'ft_is_entry': True, 'ft_order_tag': 'short_pullback_restart', 'cost': 379.64838933}, {'amount': 0.129, 'safe_price': 2874.66, 'ft_order_side': 'buy', 'order_filled_timestamp': 1769390700000, 'ft_is_entry': False, 'ft_order_tag': 'profit_giveback_guard', 'cost': 371.01655557}]",-0.008563436495723824,0
raw_be_profit_lock_1y,Raw + Breakeven + ProfitLock,1y,profit_lock,LINK/USDT:USDT,193.62098,193.62098,15.82,2026-01-22 15:00:00+00:00,2026-01-26 07:55:00+00:00,12.239,11.855,0.0005,0.0005,5335,0.030389825079167185,5.88116566,profit_giveback_guard,12.973,-0.06,12.226,-0.021791826842721296,11.355,12.495,False,short_pullback_restart,1.0,True,1769094000000,1769414100000,"[{'amount': 15.82, 'safe_price': 12.239, 'ft_order_side': 'sell', 'order_filled_timestamp': 1769094000000, 'ft_is_entry': True, 'ft_order_tag': 'short_pullback_restart', 'cost': 193.71779049}, {'amount': 15.82, 'safe_price': 11.855, 'ft_order_side': 'buy', 'order_filled_timestamp': 1769414100000, 'ft_is_entry': False, 'ft_order_tag': 'profit_giveback_guard', 'cost': 187.63987305}]",-0.00313079953860411,0
raw_be_profit_lock_1y,Raw + Breakeven + ProfitLock,1y,profit_lock,SOL/USDT:USDT,389.0908,389.0908,3.16,2026-01-27 14:00:00+00:00,2026-01-27 16:00:00+00:00,123.13,125.29,0.0005,0.0005,120,-0.018535842360874206,-7.20851967,stop_loss,130.51,-0.06,125.29,-0.017611653936642213,123.12,125.42,False,short_pullback_restart,1.0,True,1769522400000,1769529600000,"[{'amount': 3.16, 'safe_price': 123.13, 'ft_order_side': 'sell', 'order_filled_timestamp': 1769522400000, 'ft_is_entry': True, 'ft_order_tag': 'short_pullback_restart', 'cost': 389.2853454}, {'amount': 3.16, 'safe_price': 125.29, 'ft_order_side': 'buy', 'order_filled_timestamp': 1769529600000, 'ft_is_entry': False, 'ft_order_tag': 'stop_loss', 'cost': 396.11435819999997}]",0.009583932631846356,1
raw_be_profit_lock_1y,Raw + Breakeven + ProfitLock,1y,profit_lock,ZEC/USDT:USDT,236.50602,236.50602,0.654,2026-01-29 12:00:00+00:00,2026-01-29 16:50:00+00:00,361.63,357.49,0.0005,0.0005,290,0.01055721127948881,2.4955956,profit_lock_compression_breakdown,383.32,-0.06,361.26,-0.024903883798121917,350.05,364.92,False,short_compression_breakdown,1.0,True,1769688000000,1769705400000,"[{'amount': 0.654, 'safe_price': 361.63, 'ft_order_side': 'sell', 'order_filled_timestamp': 1769688000000, 'ft_is_entry': True, 'ft_order_tag': 'short_compression_breakdown', 'cost': 236.62427301}, {'amount': 0.654, 'safe_price': 357.49, 'ft_order_side': 'buy', 'order_filled_timestamp': 1769705400000, 'ft_is_entry': False, 'ft_order_tag': 'profit_lock_compression_breakdown', 'cost': 233.91535922999998}]",0.023187840779544003,3
raw_be_profit_lock_1y,Raw + Breakeven + ProfitLock,1y,profit_lock,SOL/USDT:USDT,64.962,64.962,0.54,2026-01-29 15:00:00+00:00,2026-01-29 16:55:00+00:00,120.3,118.19,0.0005,0.0005,115,0.016482011209724194,1.07016906,profit_lock_compression_breakdown,127.51,-0.06,120.17,-0.02507420675537353,116.03,120.38,False,short_compression_breakdown,1.0,True,1769698800000,1769705700000,"[{'amount': 0.54, 'safe_price': 120.3, 'ft_order_side': 'sell', 'order_filled_timestamp': 1769698800000, 'ft_is_entry': True, 'ft_order_tag': 'short_compression_breakdown', 'cost': 64.994481}, {'amount': 0.54, 'safe_price': 118.19, 'ft_order_side': 'buy', 'order_filled_timestamp': 1769705700000, 'ft_is_entry': False, 'ft_order_tag': 'profit_lock_compression_breakdown', 'cost': 63.8545113}]",-0.0048386433810682795,3
raw_be_profit_lock_1y,Raw + Breakeven + ProfitLock,1y,profit_lock,TAO/USDT:USDT,223.0929,223.0929,0.954,2026-01-29 02:00:00+00:00,2026-01-29 17:20:00+00:00,233.85,224.4,0.0005,0.0005,920,0.03935407355948396,8.77522459,profit_lock_pullback_restart,247.88,-0.06,233.61,-0.020469794260254304,214.16,234.61,False,short_pullback_restart,1.0,True,1769652000000,1769707200000,"[{'amount': 0.954, 'safe_price': 233.85, 'ft_order_side': 'sell', 'order_filled_timestamp': 1769652000000, 'ft_is_entry': True, 'ft_order_tag': 'short_pullback_restart', 'cost': 223.20444644999998}, {'amount': 0.954, 'safe_price': 224.4, 'ft_order_side': 'buy', 'order_filled_timestamp': 1769707200000, 'ft_is_entry': False, 'ft_order_tag': 'profit_lock_pullback_restart', 'cost': 214.1846388}]",-0.02149015980861,3
raw_be_profit_lock_1y,Raw + Breakeven + ProfitLock,1y,profit_lock,XRP/USDT:USDT,249.9249,249.9249,133.4,2026-01-29 03:00:00+00:00,2026-01-29 17:20:00+00:00,1.8735,1.8387,0.0005,0.0005,860,0.017447805122559765,4.35846063,profit_lock_pullback_restart,1.9859,-0.06,1.8716,-0.021351432469304044,1.7845,1.8889,False,short_pullback_restart,1.0,True,1769655600000,1769707200000,"[{'amount': 133.4, 'safe_price': 1.8735, 'ft_order_side': 'sell', 'order_filled_timestamp': 1769655600000, 'ft_is_entry': True, 'ft_order_tag': 'short_pullback_restart', 'cost': 250.04986245}, {'amount': 133.4, 'safe_price': 1.8387, 'ft_order_side': 'buy', 'order_filled_timestamp': 1769707200000, 'ft_is_entry': False, 'ft_order_tag': 'profit_lock_pullback_restart', 'cost': 245.40522129000001}]",-0.03625563358845552,3
raw_be_profit_lock_1y,Raw + Breakeven + ProfitLock,1y,profit_lock,BTC/USDT:USDT,86.9788,86.9788,0.001,2026-01-29 15:00:00+00:00,2026-01-30 04:20:00+00:00,86978.8,83129.7,0.0005,0.0005,800,0.043379960731399284,3.77125036,profit_lock_compression_breakdown,92197.5,-0.06,86891.8,-0.021085474896442413,81000.0,87013.7,False,short_compression_breakdown,1.0,True,1769698800000,1769746800000,"[{'amount': 0.001, 'safe_price': 86978.8, 'ft_order_side': 'sell', 'order_filled_timestamp': 1769698800000, 'ft_is_entry': True, 'ft_order_tag': 'short_compression_breakdown', 'cost': 87.0222894}, {'amount': 0.001, 'safe_price': 83129.7, 'ft_order_side': 'buy', 'order_filled_timestamp': 1769746800000, 'ft_is_entry': False, 'ft_order_tag': 'profit_lock_compression_breakdown', 'cost': 83.17126485}]",0.007204611958849491,4
raw_be_profit_lock_1y,Raw + Breakeven + ProfitLock,1y,profit_lock,ADA/USDT:USDT,244.2288,244.2288,697.0,2026-01-29 03:00:00+00:00,2026-01-30 19:25:00+00:00,0.3504,0.3311,0.0005,0.0005,2425,0.05384045663352369,13.14281542,profit_lock_pullback_restart,0.3714,-0.06,0.35,-0.02085039370078756,0.3157,0.353,False,short_pullback_restart,1.0,True,1769655600000,1769801100000,"[{'amount': 697.0, 'safe_price': 0.3504, 'ft_order_side': 'sell', 'order_filled_timestamp': 1769655600000, 'ft_is_entry': True, 'ft_order_tag': 'short_pullback_restart', 'cost': 244.35091439999997}, {'amount': 697.0, 'safe_price': 0.3311, 'ft_order_side': 'buy', 'order_filled_timestamp': 1769801100000, 'ft_is_entry': False, 'ft_order_tag': 'profit_lock_pullback_restart', 'cost': 230.89208835}]",-0.0717818301458856,4
raw_be_profit_lock_1y,Raw + Breakeven + ProfitLock,1y,profit_lock,LINK/USDT:USDT,192.69162,192.69162,18.42,2026-01-31 09:00:00+00:00,2026-01-31 17:10:00+00:00,10.461,9.86,0.0005,0.0005,490,0.056516667689685024,10.88484311,profit_lock_pullback_restart,11.088,-0.06,10.45,-0.02056044921875011,9.357,10.572,False,short_pullback_restart,1.0,True,1769850000000,1769879400000,"[{'amount': 18.42, 'safe_price': 10.461, 'ft_order_side': 'sell', 'order_filled_timestamp': 1769850000000, 'ft_is_entry': True, 'ft_order_tag': 'short_pullback_restart', 'cost': 192.78796581000003}, {'amount': 18.42, 'safe_price': 9.86, 'ft_order_side': 'buy', 'order_filled_timestamp': 1769879400000, 'ft_is_entry': False, 'ft_order_tag': 'profit_lock_pullback_restart', 'cost': 181.7120106}]",0.0015795175788,5
raw_be_profit_lock_1y,Raw + Breakeven + ProfitLock,1y,profit_lock,BNB/USDT:USDT,259.2623,259.2623,0.31,2026-01-31 09:00:00+00:00,2026-01-31 18:40:00+00:00,836.33,751.94,0.0005,0.0005,580,0.10000560047101138,25.91471815,roi,886.5,-0.06,835.49,-0.021798121491555467,749.21,841.47,False,short_pullback_restart,1.0,True,1769850000000,1769884800000,"[{'amount': 0.31, 'safe_price': 836.33, 'ft_order_side': 'sell', 'order_filled_timestamp': 1769850000000, 'ft_is_entry': True, 'ft_order_tag': 'short_pullback_restart', 'cost': 259.39193115}, {'amount': 0.31, 'safe_price': 751.94, 'ft_order_side': 'buy', 'order_filled_timestamp': 1769884800000, 'ft_is_entry': False, 'ft_order_tag': 'roi', 'cost': 233.2179507}]",0.0,5
raw_be_profit_lock_1y,Raw + Breakeven + ProfitLock,1y,profit_lock,TAO/USDT:USDT,206.94366,206.94366,1.078,2026-02-03 15:00:00+00:00,2026-02-03 19:15:00+00:00,191.97,191.03,0.0005,0.0005,255,0.003952309545029554,0.81749645,profit_lock_pullback_restart,203.48,-0.06,191.77,-0.021726318593500382,184.33,197.18,False,short_pullback_restart,1.0,True,1770130800000,1770146100000,"[{'amount': 1.078, 'safe_price': 191.97, 'ft_order_side': 'sell', 'order_filled_timestamp': 1770130800000, 'ft_is_entry': True, 'ft_order_tag': 'short_pullback_restart', 'cost': 207.04713183}, {'amount': 1.078, 'safe_price': 191.03, 'ft_order_side': 'buy', 'order_filled_timestamp': 1770146100000, 'ft_is_entry': False, 'ft_order_tag': 'profit_lock_pullback_restart', 'cost': 206.03330516999998}]",0.010613449,1
raw_be_profit_lock_1y,Raw + Breakeven + ProfitLock,1y,profit_lock,XRP/USDT:USDT,133.03612,133.03612,85.4,2026-02-03 18:00:00+00:00,2026-02-03 19:15:00+00:00,1.5578,1.5707,0.0005,0.0005,75,-0.009289694275819384,-1.23524695,profit_lock_compression_breakdown,1.6512,-0.06,1.6291,-0.04581120537921812,1.5263,1.5784,False,short_compression_breakdown,1.0,True,1770141600000,1770146100000,"[{'amount': 85.4, 'safe_price': 1.5578, 'ft_order_side': 'sell', 'order_filled_timestamp': 1770141600000, 'ft_is_entry': True, 'ft_order_tag': 'short_compression_breakdown', 'cost': 133.10263806}, {'amount': 85.4, 'safe_price': 1.5707, 'ft_order_side': 'buy', 'order_filled_timestamp': 1770146100000, 'ft_is_entry': False, 'ft_order_tag': 'profit_lock_compression_breakdown', 'cost': 134.20484889000002}]",0.0,1
raw_be_profit_lock_1y,Raw + Breakeven + ProfitLock,1y,profit_lock,SOL/USDT:USDT,195.5132,195.5132,1.94,2026-02-03 15:00:00+00:00,2026-02-03 19:20:00+00:00,100.78,99.38,0.0005,0.0005,260,0.012737984555830658,2.4891989,profit_lock_pullback_restart,106.82,-0.06,100.67,-0.020983875874657665,96.6,102.73,False,short_pullback_restart,1.0,True,1770130800000,1770146400000,"[{'amount': 1.94, 'safe_price': 100.78, 'ft_order_side': 'sell', 'order_filled_timestamp': 1770130800000, 'ft_is_entry': True, 'ft_order_tag': 'short_pullback_restart', 'cost': 195.61095659999998}, {'amount': 1.94, 'safe_price': 99.38, 'ft_order_side': 'buy', 'order_filled_timestamp': 1770146400000, 'ft_is_entry': False, 'ft_order_tag': 'profit_lock_pullback_restart', 'cost': 192.89359859999996}]",-0.03264590399947444,1
raw_be_profit_lock_1y,Raw + Breakeven + ProfitLock,1y,profit_lock,BTC/USDT:USDT,229.3746,229.3746,0.003,2026-02-03 17:00:00+00:00,2026-02-03 20:25:00+00:00,76458.2,75478.7,0.0005,0.0005,205,0.011823238603196066,2.71059465,profit_lock_pullback_restart,81045.6,-0.06,76381.7,-0.020536414736113562,72889.2,76500.0,False,short_pullback_restart,1.0,True,1770138000000,1770150300000,"[{'amount': 0.003, 'safe_price': 76458.2, 'ft_order_side': 'sell', 'order_filled_timestamp': 1770138000000, 'ft_is_entry': True, 'ft_order_tag': 'short_pullback_restart', 'cost': 229.48928729999997}, {'amount': 0.003, 'safe_price': 75478.7, 'ft_order_side': 'buy', 'order_filled_timestamp': 1770150300000, 'ft_is_entry': False, 'ft_order_tag': 'profit_lock_pullback_restart', 'cost': 226.54931804999998}]",0.0,1
raw_be_profit_lock_1y,Raw + Breakeven + ProfitLock,1y,profit_lock,NEAR/USDT:USDT,210.938,210.938,182.0,2026-02-04 14:00:00+00:00,2026-02-04 16:10:00+00:00,1.159,1.157,0.0005,0.0005,130,0.0008009293878846429,0.16886197,trailing_stop_loss,1.228,-0.06,1.157,-0.02373209549071631,1.131,1.167,False,short_pullback_restart,1.0,True,1770213600000,1770221400000,"[{'amount': 182.0, 'safe_price': 1.159, 'ft_order_side': 'sell', 'order_filled_timestamp': 1770213600000, 'ft_is_entry': True, 'ft_order_tag': 'short_pullback_restart', 'cost': 211.04346900000002}, {'amount': 182.0, 'safe_price': 1.157, 'ft_order_side': 'buy', 'order_filled_timestamp': 1770221400000, 'ft_is_entry': False, 'ft_order_tag': 'trailing_stop_loss', 'cost': 210.679287}]",0.015617966,2
raw_be_profit_lock_1y,Raw + Breakeven + ProfitLock,1y,profit_lock,TRX/USDT:USDT,411.52584,411.52584,1452.0,2026-02-01 17:00:00+00:00,2026-02-04 17:05:00+00:00,0.28342,0.28314,0.0005,0.0005,4325,-0.0024271172394189516,-0.99832205,stale_loss_72h,0.30042,-0.06,0.28772,-0.015201674698184897,0.28079,0.28741,False,short_pullback_restart,1.0,True,1769965200000,1770224700000,"[{'amount': 1452.0, 'safe_price': 0.28342, 'ft_order_side': 'sell', 'order_filled_timestamp': 1769965200000, 'ft_is_entry': True, 'ft_order_tag': 'short_pullback_restart', 'cost': 411.73160292}, {'amount': 1452.0, 'safe_price': 0.28314, 'ft_order_side': 'buy', 'order_filled_timestamp': 1770224700000, 'ft_is_entry': False, 'ft_order_tag': 'stale_loss_72h', 'cost': 411.32483964}]",-0.9935594898290688,2
raw_be_profit_lock_1y,Raw + Breakeven + ProfitLock,1y,profit_lock,TRX/USDT:USDT,413.0218,413.0218,1468.0,2026-02-05 03:00:00+00:00,2026-02-06 17:35:00+00:00,0.28135,0.27381,0.0005,0.0005,2315,0.022222534150806963,9.17380186,profit_giveback_guard,0.29823,-0.06,0.28106,-0.02519933615407055,0.26645,0.28221,False,short_pullback_restart,1.0,True,1770260400000,1770399300000,"[{'amount': 1468.0, 'safe_price': 0.28135, 'ft_order_side': 'sell', 'order_filled_timestamp': 1770260400000, 'ft_is_entry': True, 'ft_order_tag': 'short_pullback_restart', 'cost': 413.22831089999994}, {'amount': 1468.0, 'safe_price': 0.27381, 'ft_order_side': 'buy', 'order_filled_timestamp': 1770399300000, 'ft_is_entry': False, 'ft_order_tag': 'profit_giveback_guard', 'cost': 402.15405654}]",-1.487430700139276,4
raw_be_profit_lock_1y,Raw + Breakeven + ProfitLock,1y,profit_lock,BNB/USDT:USDT,246.4215,246.4215,0.39,2026-02-09 08:00:00+00:00,2026-02-09 13:15:00+00:00,631.85,630.14,0.0005,0.0005,315,0.0017085459719651706,0.42081195,profit_lock_pullback_restart,669.76,-0.06,631.21,-0.023425507077192487,615.97,633.51,False,short_pullback_restart,1.0,True,1770624000000,1770642900000,"[{'amount': 0.39, 'safe_price': 631.85, 'ft_order_side': 'sell', 'order_filled_timestamp': 1770624000000, 'ft_is_entry': True, 'ft_order_tag': 'short_pullback_restart', 'cost': 246.54471075}, {'amount': 0.39, 'safe_price': 630.14, 'ft_order_side': 'buy', 'order_filled_timestamp': 1770642900000, 'ft_is_entry': False, 'ft_order_tag': 'profit_lock_pullback_restart', 'cost': 245.8774773}]",0.0,0
raw_be_profit_lock_1y,Raw + Breakeven + ProfitLock,1y,profit_lock,TAO/USDT:USDT,224.13158,224.13158,1.459,2026-02-10 19:00:00+00:00,2026-02-11 02:30:00+00:00,153.62,153.18,0.0005,0.0005,450,0.0019321583279314084,0.43284117,profit_lock_compression_breakdown,162.83,-0.06,159.74,-0.03988359409327802,151.29,154.99,False,short_compression_breakdown,1.0,True,1770750000000,1770777000000,"[{'amount': 1.459, 'safe_price': 153.62, 'ft_order_side': 'sell', 'order_filled_timestamp': 1770750000000, 'ft_is_entry': True, 'ft_order_tag': 'short_compression_breakdown', 'cost': 224.24364579}, {'amount': 1.459, 'safe_price': 153.18, 'ft_order_side': 'buy', 'order_filled_timestamp': 1770777000000, 'ft_is_entry': False, 'ft_order_tag': 'profit_lock_compression_breakdown', 'cost': 223.60136481}]",0.01469177435411623,2
raw_be_profit_lock_1y,Raw + Breakeven + ProfitLock,1y,profit_lock,SUI/USDT:USDT,227.4206,227.4206,247.6,2026-02-10 19:00:00+00:00,2026-02-11 12:25:00+00:00,0.9185,0.9013,0.0005,0.0005,1045,0.017830636525576465,4.05302653,profit_lock_compression_breakdown,0.9736,-0.06,0.9175,-0.023857955813434417,0.883,0.9372,False,short_compression_breakdown,1.0,True,1770750000000,1770812700000,"[{'amount': 247.6, 'safe_price': 0.9185, 'ft_order_side': 'sell', 'order_filled_timestamp': 1770750000000, 'ft_is_entry': True, 'ft_order_tag': 'short_compression_breakdown', 'cost': 227.53431029999996}, {'amount': 247.6, 'safe_price': 0.9013, 'ft_order_side': 'buy', 'order_filled_timestamp': 1770812700000, 'ft_is_entry': False, 'ft_order_tag': 'profit_lock_compression_breakdown', 'cost': 223.27346093999998}]",0.0195977697728,2
raw_be_profit_lock_1y,Raw + Breakeven + ProfitLock,1y,profit_lock,SOL/USDT:USDT,222.9741,222.9741,2.69,2026-02-10 19:00:00+00:00,2026-02-11 13:35:00+00:00,82.89,81.65,0.0005,0.0005,1115,0.013920060116570576,3.10226097,profit_lock_compression_breakdown,87.86,-0.06,82.8,-0.02560205598216503,80.23,84.34,False,short_compression_breakdown,1.0,True,1770750000000,1770816900000,"[{'amount': 2.69, 'safe_price': 82.89, 'ft_order_side': 'sell', 'order_filled_timestamp': 1770750000000, 'ft_is_entry': True, 'ft_order_tag': 'short_compression_breakdown', 'cost': 223.08558705}, {'amount': 2.69, 'safe_price': 81.65, 'ft_order_side': 'buy', 'order_filled_timestamp': 1770816900000, 'ft_is_entry': False, 'ft_order_tag': 'profit_lock_compression_breakdown', 'cost': 219.74831925}]",-0.012032731536000001,2
raw_be_profit_lock_1y,Raw + Breakeven + ProfitLock,1y,profit_lock,LINK/USDT:USDT,127.40464,127.40464,15.16,2026-02-11 05:00:00+00:00,2026-02-11 14:00:00+00:00,8.404,8.395,0.0005,0.0005,540,9.432693224063277e-05,0.01201168,trailing_stop_loss,8.908,-0.06,8.395,-0.020617067833697877,8.188,8.434,False,short_pullback_restart,1.0,True,1770786000000,1770818400000,"[{'amount': 15.16, 'safe_price': 8.404, 'ft_order_side': 'sell', 'order_filled_timestamp': 1770786000000, 'ft_is_entry': True, 'ft_order_tag': 'short_pullback_restart', 'cost': 127.46834231999999}, {'amount': 15.16, 'safe_price': 8.395, 'ft_order_side': 'buy', 'order_filled_timestamp': 1770818400000, 'ft_is_entry': False, 'ft_order_tag': 'trailing_stop_loss', 'cost': 127.33183409999998}]",0.002908098078,2
raw_be_profit_lock_1y,Raw + Breakeven + ProfitLock,1y,profit_lock,ADA/USDT:USDT,197.024,197.024,752.0,2026-02-10 07:00:00+00:00,2026-02-11 14:05:00+00:00,0.262,0.2583,0.0005,0.0005,1865,0.012787132918010086,2.51811239,profit_lock_pullback_restart,0.2777,-0.06,0.2617,-0.021217323449083336,0.2519,0.2661,False,short_pullback_restart,1.0,True,1770706800000,1770818700000,"[{'amount': 752.0, 'safe_price': 0.262, 'ft_order_side': 'sell', 'order_filled_timestamp': 1770706800000, 'ft_is_entry': True, 'ft_order_tag': 'short_pullback_restart', 'cost': 197.122512}, {'amount': 752.0, 'safe_price': 0.2583, 'ft_order_side': 'buy', 'order_filled_timestamp': 1770818700000, 'ft_is_entry': False, 'ft_order_tag': 'profit_lock_pullback_restart', 'cost': 194.33872079999998}]",-0.06865480611583201,2
raw_be_profit_lock_1y,Raw + Breakeven + ProfitLock,1y,profit_lock,DOGE/USDT:USDT,212.79449,212.79449,2281.0,2026-02-10 07:00:00+00:00,2026-02-11 14:15:00+00:00,0.09329,0.09197,0.0005,0.0005,1875,0.012937592200658406,2.75167181,profit_lock_pullback_restart,0.09888,-0.06,0.09319,-0.02346485833516354,0.08921,0.09416,False,short_pullback_restart,1.0,True,1770706800000,1770819300000,"[{'amount': 2281.0, 'safe_price': 0.09329, 'ft_order_side': 'sell', 'order_filled_timestamp': 1770706800000, 'ft_is_entry': True, 'ft_order_tag': 'short_pullback_restart', 'cost': 212.90088724499998}, {'amount': 2281.0, 'safe_price': 0.09197, 'ft_order_side': 'buy', 'order_filled_timestamp': 1770819300000, 'ft_is_entry': False, 'ft_order_tag': 'profit_lock_pullback_restart', 'cost': 209.88846178499998}]",-0.0479591558016442,2
raw_be_profit_lock_1y,Raw + Breakeven + ProfitLock,1y,profit_lock,BTC/USDT:USDT,202.6464,202.6464,0.003,2026-02-11 05:00:00+00:00,2026-02-11 19:05:00+00:00,67548.8,67339.7,0.0005,0.0005,845,0.0020030963300116116,0.4057173,profit_lock_pullback_restart,71601.7,-0.06,67481.2,-0.025222173436785456,65718.5,68821.1,False,short_pullback_restart,1.0,True,1770786000000,1770836700000,"[{'amount': 0.003, 'safe_price': 67548.8, 'ft_order_side': 'sell', 'order_filled_timestamp': 1770786000000, 'ft_is_entry': True, 'ft_order_tag': 'short_pullback_restart', 'cost': 202.7477232}, {'amount': 0.003, 'safe_price': 67339.7, 'ft_order_side': 'buy', 'order_filled_timestamp': 1770836700000, 'ft_is_entry': False, 'ft_order_tag': 'profit_lock_pullback_restart', 'cost': 202.12010955}]",-0.019249953258000004,2
raw_be_profit_lock_1y,Raw + Breakeven + ProfitLock,1y,profit_lock,ETH/USDT:USDT,268.7619,268.7619,0.138,2026-02-17 15:00:00+00:00,2026-02-17 16:35:00+00:00,1947.55,2007.95,0.0005,0.0005,95,-0.03209269713128447,-8.62098161,trailing_stop_loss,2064.4,-0.06,2007.95,-0.020955355233311268,1940.01,2009.89,False,short_pullback_restart,1.0,True,1771340400000,1771346100000,"[{'amount': 0.138, 'safe_price': 1947.55, 'ft_order_side': 'sell', 'order_filled_timestamp': 1771340400000, 'ft_is_entry': True, 'ft_order_tag': 'short_pullback_restart', 'cost': 268.89628095}, {'amount': 0.138, 'safe_price': 2007.95, 'ft_order_side': 'buy', 'order_filled_timestamp': 1771346100000, 'ft_is_entry': False, 'ft_order_tag': 'trailing_stop_loss', 'cost': 277.23564855}]",-0.012852111258000001,1
raw_be_profit_lock_1y,Raw + Breakeven + ProfitLock,1y,profit_lock,LINK/USDT:USDT,204.25035,204.25035,24.33,2026-02-19 14:00:00+00:00,2026-02-20 15:00:00+00:00,8.395,8.763,0.0005,0.0005,1500,-0.04489717550988751,-9.16567868,stop_loss,8.898,-0.06,8.763,-0.04385021543701617,8.338,8.839,False,short_compression_breakdown,1.0,True,1771509600000,1771599600000,"[{'amount': 24.33, 'safe_price': 8.395, 'ft_order_side': 'sell', 'order_filled_timestamp': 1771509600000, 'ft_is_entry': True, 'ft_order_tag': 'short_compression_breakdown', 'cost': 204.35247517499997}, {'amount': 24.33, 'safe_price': 8.763, 'ft_order_side': 'buy', 'order_filled_timestamp': 1771599600000, 'ft_is_entry': False, 'ft_order_tag': 'stop_loss', 'cost': 213.31039189499995}]",-0.0035116135200761196,4
raw_be_profit_lock_1y,Raw + Breakeven + ProfitLock,1y,profit_lock,SUI/USDT:USDT,340.43436,340.43436,367.6,2026-02-22 13:00:00+00:00,2026-02-23 01:00:00+00:00,0.9261,0.9087,0.0005,0.0005,720,0.017726836069208825,6.03180668,profit_lock_compression_breakdown,0.9816,-0.06,0.9251,-0.04586694551209569,0.8846,0.9286,False,short_compression_breakdown,1.0,True,1771765200000,1771808400000,"[{'amount': 367.6, 'safe_price': 0.9261, 'ft_order_side': 'sell', 'order_filled_timestamp': 1771765200000, 'ft_is_entry': True, 'ft_order_tag': 'short_compression_breakdown', 'cost': 340.60457718000004}, {'amount': 367.6, 'safe_price': 0.9087, 'ft_order_side': 'buy', 'order_filled_timestamp': 1771808400000, 'ft_is_entry': False, 'ft_order_tag': 'profit_lock_compression_breakdown', 'cost': 334.20513905999996}]",-0.027197084650268044,0
raw_be_profit_lock_1y,Raw + Breakeven + ProfitLock,1y,profit_lock,ADA/USDT:USDT,328.8124,328.8124,1204.0,2026-02-22 13:00:00+00:00,2026-02-23 01:00:00+00:00,0.2731,0.2681,0.0005,0.0005,720,0.017070573214617323,5.61020964,profit_lock_compression_breakdown,0.2894,-0.06,0.2728,-0.04491344312523937,0.2611,0.2737,False,short_compression_breakdown,1.0,True,1771765200000,1771808400000,"[{'amount': 1204.0, 'safe_price': 0.2731, 'ft_order_side': 'sell', 'order_filled_timestamp': 1771765200000, 'ft_is_entry': True, 'ft_order_tag': 'short_compression_breakdown', 'cost': 328.9768062}, {'amount': 1204.0, 'safe_price': 0.2681, 'ft_order_side': 'buy', 'order_filled_timestamp': 1771808400000, 'ft_is_entry': False, 'ft_order_tag': 'profit_lock_compression_breakdown', 'cost': 322.95379619999994}]",-0.08398795883782079,0
raw_be_profit_lock_1y,Raw + Breakeven + ProfitLock,1y,profit_lock,TAO/USDT:USDT,101.1789,101.1789,0.578,2026-02-22 13:00:00+00:00,2026-02-23 01:05:00+00:00,175.05,169.57,0.0005,0.0005,725,0.03016087822896988,3.05011866,profit_lock_compression_breakdown,185.55,-0.06,174.87,-0.022540930885276644,165.83,177.85,False,short_compression_breakdown,1.0,True,1771765200000,1771808700000,"[{'amount': 0.578, 'safe_price': 175.05, 'ft_order_side': 'sell', 'order_filled_timestamp': 1771765200000, 'ft_is_entry': True, 'ft_order_tag': 'short_compression_breakdown', 'cost': 101.22948944999999}, {'amount': 0.578, 'safe_price': 169.57, 'ft_order_side': 'buy', 'order_filled_timestamp': 1771808700000, 'ft_is_entry': False, 'ft_order_tag': 'profit_lock_compression_breakdown', 'cost': 98.06046572999998}]",-0.017726155411250395,0
raw_be_profit_lock_1y,Raw + Breakeven + ProfitLock,1y,profit_lock,XRP/USDT:USDT,414.82626,414.82626,294.6,2026-02-22 13:00:00+00:00,2026-02-23 07:40:00+00:00,1.4081,1.3749,0.0005,0.0005,1120,0.022271911346315013,9.2343542,profit_giveback_guard,1.4925,-0.06,1.4066,-0.02059921642603202,1.329,1.41,False,short_pullback_restart,1.0,True,1771765200000,1771832400000,"[{'amount': 294.6, 'safe_price': 1.4081, 'ft_order_side': 'sell', 'order_filled_timestamp': 1771765200000, 'ft_is_entry': True, 'ft_order_tag': 'short_pullback_restart', 'cost': 415.03367312999995}, {'amount': 294.6, 'safe_price': 1.3749, 'ft_order_side': 'buy', 'order_filled_timestamp': 1771832400000, 'ft_is_entry': False, 'ft_order_tag': 'profit_giveback_guard', 'cost': 405.24806277}]",-0.13642990356533674,0
raw_be_profit_lock_1y,Raw + Breakeven + ProfitLock,1y,profit_lock,NEAR/USDT:USDT,289.2,289.2,300.0,2026-02-24 14:00:00+00:00,2026-02-24 16:10:00+00:00,0.964,0.988,0.0005,0.0005,130,-0.025993575210841932,-7.51358328,trailing_stop_loss,1.021,-0.06,0.988,-0.02726387134956476,0.951,0.99,False,short_compression_breakdown,1.0,True,1771941600000,1771949400000,"[{'amount': 300.0, 'safe_price': 0.964, 'ft_order_side': 'sell', 'order_filled_timestamp': 1771941600000, 'ft_is_entry': True, 'ft_order_tag': 'short_compression_breakdown', 'cost': 289.34459999999996}, {'amount': 300.0, 'safe_price': 0.988, 'ft_order_side': 'buy', 'order_filled_timestamp': 1771949400000, 'ft_is_entry': False, 'ft_order_tag': 'trailing_stop_loss', 'cost': 296.54819999999995}]",-0.020783279999999998,1
raw_be_profit_lock_1y,Raw + Breakeven + ProfitLock,1y,profit_lock,LINK/USDT:USDT,294.18055,294.18055,36.35,2026-02-24 14:00:00+00:00,2026-02-25 01:10:00+00:00,8.093,8.324,0.0005,0.0005,670,-0.02962436121435533,-8.71055342,trailing_stop_loss,8.578,-0.06,8.324,-0.022308299952257027,8.05,8.508,False,short_compression_breakdown,1.0,True,1771941600000,1771981800000,"[{'amount': 36.35, 'safe_price': 8.093, 'ft_order_side': 'sell', 'order_filled_timestamp': 1771941600000, 'ft_is_entry': True, 'ft_order_tag': 'short_compression_breakdown', 'cost': 294.32764027499996}, {'amount': 36.35, 'safe_price': 8.324, 'ft_order_side': 'buy', 'order_filled_timestamp': 1771981800000, 'ft_is_entry': False, 'ft_order_tag': 'trailing_stop_loss', 'cost': 302.7286887}]",-0.015324444990636368,2
raw_be_profit_lock_1y,Raw + Breakeven + ProfitLock,1y,profit_lock,ZEC/USDT:USDT,219.0276,219.0276,0.99,2026-03-06 13:00:00+00:00,2026-03-06 19:25:00+00:00,221.24,210.68,0.0005,0.0005,385,0.04674521455779107,10.23337291,profit_lock_compression_breakdown,234.51,-0.06,221.01,-0.021013350579757173,205.17,221.81,False,short_compression_breakdown,1.0,True,1772802000000,1772825100000,"[{'amount': 0.99, 'safe_price': 221.24, 'ft_order_side': 'sell', 'order_filled_timestamp': 1772802000000, 'ft_is_entry': True, 'ft_order_tag': 'short_compression_breakdown', 'cost': 219.1371138}, {'amount': 0.99, 'safe_price': 210.68, 'ft_order_side': 'buy', 'order_filled_timestamp': 1772825100000, 'ft_is_entry': False, 'ft_order_tag': 'profit_lock_compression_breakdown', 'cost': 208.6774866}]",-0.007226690132978316,4
raw_be_profit_lock_1y,Raw + Breakeven + ProfitLock,1y,profit_lock,SOL/USDT:USDT,292.7685,292.7685,3.55,2026-03-07 20:00:00+00:00,2026-03-08 14:20:00+00:00,82.47,82.25,0.0005,0.0005,1100,0.0013934088302073253,0.40774224,profit_lock_compression_breakdown,87.41,-0.06,85.0,-0.030738046996966695,81.11,84.07,False,short_compression_breakdown,1.0,True,1772913600000,1772979600000,"[{'amount': 3.55, 'safe_price': 82.47, 'ft_order_side': 'sell', 'order_filled_timestamp': 1772913600000, 'ft_is_entry': True, 'ft_order_tag': 'short_compression_breakdown', 'cost': 292.91488424999994}, {'amount': 3.55, 'safe_price': 82.25, 'ft_order_side': 'buy', 'order_filled_timestamp': 1772979600000, 'ft_is_entry': False, 'ft_order_tag': 'profit_lock_compression_breakdown', 'cost': 292.13349375}]",-0.08087975649870743,6
raw_be_profit_lock_1y,Raw + Breakeven + ProfitLock,1y,profit_lock,SUI/USDT:USDT,228.87965,228.87965,245.5,2026-03-22 00:00:00+00:00,2026-03-23 05:15:00+00:00,0.9323,0.917,0.0005,0.0005,1755,0.015338356987567242,3.50888246,profit_lock_pullback_restart,0.9882,-0.06,0.9313,-0.024381544214694184,0.8929,0.9462,False,short_pullback_restart,1.0,True,1774137600000,1774242900000,"[{'amount': 245.5, 'safe_price': 0.9323, 'ft_order_side': 'sell', 'order_filled_timestamp': 1774137600000, 'ft_is_entry': True, 'ft_order_tag': 'short_pullback_restart', 'cost': 228.99408982499997}, {'amount': 245.5, 'safe_price': 0.917, 'ft_order_side': 'buy', 'order_filled_timestamp': 1774242900000, 'ft_is_entry': False, 'ft_order_tag': 'profit_lock_pullback_restart', 'cost': 225.23606175}]",-0.02026596169053365,0
raw_be_profit_lock_1y,Raw + Breakeven + ProfitLock,1y,profit_lock,XRP/USDT:USDT,323.01814,323.01814,229.4,2026-03-22 00:00:00+00:00,2026-03-23 11:05:00+00:00,1.4081,1.4066,0.0005,0.0005,2105,-1.1947377351020913e-05,-0.00385729,trailing_stop_loss,1.4925,-0.06,1.4066,-0.024165926465234744,1.3608,1.4368,False,short_pullback_restart,1.0,True,1774137600000,1774263900000,"[{'amount': 229.4, 'safe_price': 1.4081, 'ft_order_side': 'sell', 'order_filled_timestamp': 1774137600000, 'ft_is_entry': True, 'ft_order_tag': 'short_pullback_restart', 'cost': 323.1796490699999}, {'amount': 229.4, 'safe_price': 1.4066, 'ft_order_side': 'buy', 'order_filled_timestamp': 1774263900000, 'ft_is_entry': False, 'ft_order_tag': 'trailing_stop_loss', 'cost': 322.83537702}]",-0.025111196450872633,0
raw_be_profit_lock_1y,Raw + Breakeven + ProfitLock,1y,profit_lock,BNB/USDT:USDT,340.3566,340.3566,0.54,2026-03-22 00:00:00+00:00,2026-03-23 11:05:00+00:00,630.29,646.74,0.0005,0.0005,2105,-0.027242796974926996,-9.26762962,stop_loss,668.1,-0.06,646.74,-0.0261010184795889,620.0,648.24,False,short_pullback_restart,1.0,True,1774137600000,1774263900000,"[{'amount': 0.54, 'safe_price': 630.29, 'ft_order_side': 'sell', 'order_filled_timestamp': 1774137600000, 'ft_is_entry': True, 'ft_order_tag': 'short_pullback_restart', 'cost': 340.5267783}, {'amount': 0.54, 'safe_price': 646.74, 'ft_order_side': 'buy', 'order_filled_timestamp': 1774263900000, 'ft_is_entry': False, 'ft_order_tag': 'stop_loss', 'cost': 349.4142198}]",-0.0398315235637345,0
raw_be_profit_lock_1y,Raw + Breakeven + ProfitLock,1y,profit_lock,LINK/USDT:USDT,241.11146,241.11146,27.34,2026-03-22 00:00:00+00:00,2026-03-23 11:05:00+00:00,8.819,8.81,0.0005,0.0005,2105,0.00021438427378203556,0.05166466,trailing_stop_loss,9.348,-0.06,8.81,-0.024439651162790677,8.569,9.134,False,short_pullback_restart,1.0,True,1774137600000,1774263900000,"[{'amount': 27.34, 'safe_price': 8.819, 'ft_order_side': 'sell', 'order_filled_timestamp': 1774137600000, 'ft_is_entry': True, 'ft_order_tag': 'short_pullback_restart', 'cost': 241.23201573}, {'amount': 27.34, 'safe_price': 8.81, 'ft_order_side': 'buy', 'order_filled_timestamp': 1774263900000, 'ft_is_entry': False, 'ft_order_tag': 'trailing_stop_loss', 'cost': 240.9858327}]",0.046593087767075776,0
raw_be_profit_lock_1y,Raw + Breakeven + ProfitLock,1y,profit_lock,XRP/USDT:USDT,275.498,275.498,198.2,2026-03-24 17:00:00+00:00,2026-03-25 11:15:00+00:00,1.39,1.4353,0.0005,0.0005,1095,-0.03368306891178713,-9.27497831,stop_loss,1.4734,-0.06,1.4353,-0.03260072872793085,1.3826,1.4372,False,short_compression_breakdown,1.0,True,1774371600000,1774437300000,"[{'amount': 198.2, 'safe_price': 1.39, 'ft_order_side': 'sell', 'order_filled_timestamp': 1774371600000, 'ft_is_entry': True, 'ft_order_tag': 'short_compression_breakdown', 'cost': 275.635749}, {'amount': 198.2, 'safe_price': 1.4353, 'ft_order_side': 'buy', 'order_filled_timestamp': 1774437300000, 'ft_is_entry': False, 'ft_order_tag': 'stop_loss', 'cost': 284.61869822999995}]",-0.016531076329709855,2
raw_be_profit_lock_1y,Raw + Breakeven + ProfitLock,1y,profit_lock,BTC/USDT:USDT,339.3835,339.3835,0.005,2026-03-27 09:00:00+00:00,2026-03-27 10:35:00+00:00,67876.7,67649.6,0.0005,0.0005,95,0.0023486197513894985,0.79668425,profit_lock_compression_breakdown,71949.3,-0.06,69313.6,-0.0258710457007032,66770.9,67912.1,False,short_compression_breakdown,1.0,True,1774602000000,1774607700000,"[{'amount': 0.005, 'safe_price': 67876.7, 'ft_order_side': 'sell', 'order_filled_timestamp': 1774602000000, 'ft_is_entry': True, 'ft_order_tag': 'short_compression_breakdown', 'cost': 339.55319174999994}, {'amount': 0.005, 'safe_price': 67649.6, 'ft_order_side': 'buy', 'order_filled_timestamp': 1774607700000, 'ft_is_entry': False, 'ft_order_tag': 'profit_lock_compression_breakdown', 'cost': 338.417124}]",0.0,4
raw_be_profit_lock_1y,Raw + Breakeven + ProfitLock,1y,profit_lock,ADA/USDT:USDT,393.876,393.876,1563.0,2026-03-27 09:00:00+00:00,2026-03-27 10:35:00+00:00,0.252,0.2512,0.0005,0.0005,95,0.0021772791157483504,0.8571492,profit_lock_compression_breakdown,0.2671,-0.06,0.2517,-0.02087591240875919,0.2466,0.2521,False,short_compression_breakdown,1.0,True,1774602000000,1774607700000,"[{'amount': 1563.0, 'safe_price': 0.252, 'ft_order_side': 'sell', 'order_filled_timestamp': 1774602000000, 'ft_is_entry': True, 'ft_order_tag': 'short_compression_breakdown', 'cost': 394.07293799999997}, {'amount': 1563.0, 'safe_price': 0.2512, 'ft_order_side': 'buy', 'order_filled_timestamp': 1774607700000, 'ft_is_entry': False, 'ft_order_tag': 'profit_lock_compression_breakdown', 'cost': 392.82191279999995}]",0.0,4
raw_be_profit_lock_1y,Raw + Breakeven + ProfitLock,1y,profit_lock,NEAR/USDT:USDT,415.722,415.722,359.0,2026-03-29 11:00:00+00:00,2026-03-29 22:55:00+00:00,1.158,1.156,0.0005,0.0005,715,0.0008284372003042717,0.34422737,trailing_stop_loss,1.227,-0.06,1.156,-0.024660761736049475,1.129,1.175,False,short_pullback_restart,1.0,True,1774782000000,1774824900000,"[{'amount': 359.0, 'safe_price': 1.158, 'ft_order_side': 'sell', 'order_filled_timestamp': 1774782000000, 'ft_is_entry': True, 'ft_order_tag': 'short_pullback_restart', 'cost': 415.92986099999996}, {'amount': 359.0, 'safe_price': 1.156, 'ft_order_side': 'buy', 'order_filled_timestamp': 1774824900000, 'ft_is_entry': False, 'ft_order_tag': 'trailing_stop_loss', 'cost': 415.21150199999994}]",0.041590373298,6
raw_be_profit_lock_1y,Raw + Breakeven + ProfitLock,1y,profit_lock,ETH/USDT:USDT,194.98962,194.98962,0.098,2026-03-27 11:00:00+00:00,2026-03-29 23:00:00+00:00,1989.69,1987.7,0.0005,0.0005,3600,-0.00039761298679694487,-0.07749164,trailing_stop_loss,2109.07,-0.06,1987.7,-0.02641841118696231,1936.54,2049.36,False,short_pullback_restart,1.0,True,1774609200000,1774825200000,"[{'amount': 0.098, 'safe_price': 1989.69, 'ft_order_side': 'sell', 'order_filled_timestamp': 1774609200000, 'ft_is_entry': True, 'ft_order_tag': 'short_pullback_restart', 'cost': 195.08711481}, {'amount': 0.098, 'safe_price': 1987.7, 'ft_order_side': 'buy', 'order_filled_timestamp': 1774825200000, 'ft_is_entry': False, 'ft_order_tag': 'trailing_stop_loss', 'cost': 194.89199729999999}]",-0.07761953179315212,6
raw_be_profit_lock_1y,Raw + Breakeven + ProfitLock,1y,profit_lock,BNB/USDT:USDT,231.8228,231.8228,0.38,2026-03-29 14:00:00+00:00,2026-03-30 00:15:00+00:00,610.06,609.44,0.0005,0.0005,615,1.6810031085109482e-05,0.003895,trailing_stop_loss,646.66,-0.06,609.44,-0.022549856546031144,596.01,613.56,False,short_pullback_restart,1.0,True,1774792800000,1774829700000,"[{'amount': 0.38, 'safe_price': 610.06, 'ft_order_side': 'sell', 'order_filled_timestamp': 1774792800000, 'ft_is_entry': True, 'ft_order_tag': 'short_pullback_restart', 'cost': 231.93871139999996}, {'amount': 0.38, 'safe_price': 609.44, 'ft_order_side': 'buy', 'order_filled_timestamp': 1774829700000, 'ft_is_entry': False, 'ft_order_tag': 'trailing_stop_loss', 'cost': 231.7029936}]",0.0,0
raw_be_profit_lock_1y,Raw + Breakeven + ProfitLock,1y,profit_lock,XRP/USDT:USDT,347.0,347.0,250.0,2026-03-26 06:00:00+00:00,2026-03-30 00:20:00+00:00,1.388,1.3472,0.0005,0.0005,5420,0.027459274449905067,9.52360405,profit_giveback_guard,1.4712,-0.06,1.3866,-0.024010043571375705,1.2937,1.3922,False,short_pullback_restart,1.0,True,1774504800000,1774830000000,"[{'amount': 250.0, 'safe_price': 1.388, 'ft_order_side': 'sell', 'order_filled_timestamp': 1774504800000, 'ft_is_entry': True, 'ft_order_tag': 'short_pullback_restart', 'cost': 347.1735}, {'amount': 250.0, 'safe_price': 1.3472, 'ft_order_side': 'buy', 'order_filled_timestamp': 1774830000000, 'ft_is_entry': False, 'ft_order_tag': 'profit_giveback_guard', 'cost': 336.9684}]",-0.334495953193675,0
raw_be_profit_lock_1y,Raw + Breakeven + ProfitLock,1y,profit_lock,NEAR/USDT:USDT,208.26,208.26,178.0,2026-04-02 02:00:00+00:00,2026-04-02 14:35:00+00:00,1.17,1.168,0.0005,0.0005,755,0.000765279307280645,0.15929738,trailing_stop_loss,1.24,-0.06,1.168,-0.021704545454545476,1.138,1.171,False,short_pullback_restart,1.0,True,1775095200000,1775140500000,"[{'amount': 178.0, 'safe_price': 1.17, 'ft_order_side': 'sell', 'order_filled_timestamp': 1775095200000, 'ft_is_entry': True, 'ft_order_tag': 'short_pullback_restart', 'cost': 208.36413}, {'amount': 178.0, 'safe_price': 1.168, 'ft_order_side': 'buy', 'order_filled_timestamp': 1775140500000, 'ft_is_entry': False, 'ft_order_tag': 'trailing_stop_loss', 'cost': 208.007952}]",0.0113793758334124,3
raw_be_profit_lock_1y,Raw + Breakeven + ProfitLock,1y,profit_lock,XRP/USDT:USDT,281.93976,281.93976,212.4,2026-04-02 02:00:00+00:00,2026-04-02 20:40:00+00:00,1.3274,1.3217,0.0005,0.0005,1120,0.002901272676337068,0.81757513,profit_lock_pullback_restart,1.407,-0.06,1.326,-0.020526858550099725,1.2791,1.3293,False,short_pullback_restart,1.0,True,1775095200000,1775162400000,"[{'amount': 212.4, 'safe_price': 1.3274, 'ft_order_side': 'sell', 'order_filled_timestamp': 1775095200000, 'ft_is_entry': True, 'ft_order_tag': 'short_pullback_restart', 'cost': 282.08072988}, {'amount': 212.4, 'safe_price': 1.3217, 'ft_order_side': 'buy', 'order_filled_timestamp': 1775162400000, 'ft_is_entry': False, 'ft_order_tag': 'profit_lock_pullback_restart', 'cost': 280.86944454}]",-0.11177045179633871,3
raw_be_profit_lock_1y,Raw + Breakeven + ProfitLock,1y,profit_lock,BNB/USDT:USDT,415.7248,415.7248,0.68,2026-04-01 14:00:00+00:00,2026-04-04 18:55:00+00:00,611.36,593.75,0.0005,0.0005,4615,0.027877009459361203,11.5833696,profit_giveback_guard,648.04,-0.06,610.74,-0.023629665633118302,570.71,619.98,False,short_pullback_restart,1.0,True,1775052000000,1775328900000,"[{'amount': 0.68, 'safe_price': 611.36, 'ft_order_side': 'sell', 'order_filled_timestamp': 1775052000000, 'ft_is_entry': True, 'ft_order_tag': 'short_pullback_restart', 'cost': 415.93266239999997}, {'amount': 0.68, 'safe_price': 593.75, 'ft_order_side': 'buy', 'order_filled_timestamp': 1775328900000, 'ft_is_entry': False, 'ft_order_tag': 'profit_giveback_guard', 'cost': 403.95187500000003}]",0.018306998027657204,5
raw_be_profit_lock_1y,Raw + Breakeven + ProfitLock,1y,profit_lock,XRP/USDT:USDT,424.25472,424.25472,326.4,2026-04-05 06:00:00+00:00,2026-04-05 23:15:00+00:00,1.2998,1.323,0.0005,0.0005,1035,-0.01915994093757836,-8.12463103,stop_loss,1.3777,-0.06,1.323,-0.017866565330447726,1.277,1.3318,False,short_pullback_restart,1.0,True,1775368800000,1775430900000,"[{'amount': 326.4, 'safe_price': 1.2998, 'ft_order_side': 'sell', 'order_filled_timestamp': 1775368800000, 'ft_is_entry': True, 'ft_order_tag': 'short_pullback_restart', 'cost': 424.46684736}, {'amount': 326.4, 'safe_price': 1.323, 'ft_order_side': 'buy', 'order_filled_timestamp': 1775430900000, 'ft_is_entry': False, 'ft_order_tag': 'stop_loss', 'cost': 432.0431135999999}]",-0.12411006967339774,6
raw_be_profit_lock_1y,Raw + Breakeven + ProfitLock,1y,profit_lock,ADA/USDT:USDT,394.4248,394.4248,1672.0,2026-04-13 00:00:00+00:00,2026-04-13 12:50:00+00:00,0.2359,0.2413,0.0005,0.0005,770,-0.024262101463342643,-9.56478973,stop_loss,0.25,-0.06,0.2413,-0.022892263088250653,0.2357,0.2419,False,short_compression_breakdown,1.0,True,1776038400000,1776084600000,"[{'amount': 1672.0, 'safe_price': 0.2359, 'ft_order_side': 'sell', 'order_filled_timestamp': 1776038400000, 'ft_is_entry': True, 'ft_order_tag': 'short_compression_breakdown', 'cost': 394.62201239999996}, {'amount': 1672.0, 'safe_price': 0.2413, 'ft_order_side': 'buy', 'order_filled_timestamp': 1776084600000, 'ft_is_entry': False, 'ft_order_tag': 'stop_loss', 'cost': 403.65532679999995}]",-0.13705052915876959,0
raw_be_profit_lock_1y,Raw + Breakeven + ProfitLock,1y,profit_lock,BTC/USDT:USDT,385.153,385.153,0.005,2026-04-18 00:00:00+00:00,2026-04-18 18:35:00+00:00,77030.6,75490.0,0.0005,0.0005,1115,-0.02078238928480343,-8.00840178,stop_loss,72408.8,-0.06,75490.0,-0.02000004705922065,75481.6,77380.0,False,long_1d_center_compression,1.0,False,1776470400000,1776537300000,"[{'amount': 0.005, 'safe_price': 77030.6, 'ft_order_side': 'buy', 'order_filled_timestamp': 1776470400000, 'ft_is_entry': True, 'ft_order_tag': 'long_1d_center_compression', 'cost': 385.3455765}, {'amount': 0.005, 'safe_price': 75490.0, 'ft_order_side': 'sell', 'order_filled_timestamp': 1776537300000, 'ft_is_entry': False, 'ft_order_tag': 'stop_loss', 'cost': 377.63872499999997}]",0.07589971711763288,5
raw_be_profit_lock_1y,Raw + Breakeven + ProfitLock,1y,profit_lock,TRX/USDT:USDT,417.9699,417.9699,1278.0,2026-04-16 00:00:00+00:00,2026-04-20 14:00:00+00:00,0.32705,0.32738,0.0005,0.0005,6600,0.00013114925687019674,0.05484385,trailing_stop_loss,0.30743,-0.06,0.32738,-0.019946563285834218,0.32291,0.33659,False,long_1d_center_compression,1.0,False,1776297600000,1776693600000,"[{'amount': 1278.0, 'safe_price': 0.32705, 'ft_order_side': 'buy', 'order_filled_timestamp': 1776297600000, 'ft_is_entry': True, 'ft_order_tag': 'long_1d_center_compression', 'cost': 418.17888495}, {'amount': 1278.0, 'safe_price': 0.32738, 'ft_order_side': 'sell', 'order_filled_timestamp': 1776693600000, 'ft_is_entry': False, 'ft_order_tag': 'trailing_stop_loss', 'cost': 418.60083582}]",0.0512846159162436,0
raw_be_profit_lock_1y,Raw + Breakeven + ProfitLock,1y,profit_lock,TAO/USDT:USDT,337.03804,337.03804,1.361,2026-04-30 15:00:00+00:00,2026-05-01 03:00:00+00:00,247.64,252.29,0.0005,0.0005,720,-0.019683787066012648,-6.63086792,trailing_stop_loss,262.49,-0.06,252.29,-0.015218672035330671,247.21,253.83,False,short_compression_breakdown,1.0,True,1777561200000,1777604400000,"[{'amount': 1.361, 'safe_price': 247.64, 'ft_order_side': 'sell', 'order_filled_timestamp': 1777561200000, 'ft_is_entry': True, 'ft_order_tag': 'short_compression_breakdown', 'cost': 337.20655901999993}, {'amount': 1.361, 'safe_price': 252.29, 'ft_order_side': 'buy', 'order_filled_timestamp': 1777604400000, 'ft_is_entry': False, 'ft_order_tag': 'trailing_stop_loss', 'cost': 343.53837334499997}]",0.03798444672419278,4
raw_be_profit_lock_1y,Raw + Breakeven + ProfitLock,1y,profit_lock,XRP/USDT:USDT,413.13762,413.13762,303.8,2026-05-22 07:00:00+00:00,2026-05-23 07:00:00+00:00,1.3599,1.3323,0.0005,0.0005,1440,0.019167254284198215,7.91475446,profit_giveback_guard,1.4414,-0.06,1.3585,-0.023074101965509408,1.2951,1.3697,False,short_pullback_restart,1.0,True,1779433200000,1779519600000,"[{'amount': 303.8, 'safe_price': 1.3599, 'ft_order_side': 'sell', 'order_filled_timestamp': 1779433200000, 'ft_is_entry': True, 'ft_order_tag': 'short_pullback_restart', 'cost': 413.34418881}, {'amount': 303.8, 'safe_price': 1.3323, 'ft_order_side': 'buy', 'order_filled_timestamp': 1779519600000, 'ft_is_entry': False, 'ft_order_tag': 'profit_giveback_guard', 'cost': 404.95511637}]",-0.061180361790236365,5
raw_be_profit_lock_1y,Raw + Breakeven + ProfitLock,1y,profit_lock,SOL/USDT:USDT,207.9407,207.9407,2.53,2026-05-23 08:00:00+00:00,2026-05-23 20:00:00+00:00,82.19,85.41,0.0005,0.0005,720,-0.04063374517209643,-8.44518471,trailing_stop_loss,87.12,-0.06,85.41,-0.04288308466164903,81.63,87.05,False,short_compression_breakdown,1.0,True,1779523200000,1779566400000,"[{'amount': 2.53, 'safe_price': 82.19, 'ft_order_side': 'sell', 'order_filled_timestamp': 1779523200000, 'ft_is_entry': True, 'ft_order_tag': 'short_compression_breakdown', 'cost': 208.04467034999996}, {'amount': 2.53, 'safe_price': 85.41, 'ft_order_side': 'buy', 'order_filled_timestamp': 1779566400000, 'ft_is_entry': False, 'ft_order_tag': 'trailing_stop_loss', 'cost': 216.19534364999996}]",-0.08657070635522508,5
raw_be_profit_lock_1y,Raw + Breakeven + ProfitLock,1y,profit_lock,XRP/USDT:USDT,412.92303,412.92303,306.3,2026-05-25 23:00:00+00:00,2026-05-28 17:00:00+00:00,1.3481,1.3228,0.0005,0.0005,3960,0.017562266149398445,7.24823822,profit_giveback_guard,1.4289,-0.06,1.3467,-0.021892328704757658,1.2668,1.3651,False,short_pullback_restart,1.0,True,1779750000000,1779987600000,"[{'amount': 306.3, 'safe_price': 1.3481, 'ft_order_side': 'sell', 'order_filled_timestamp': 1779750000000, 'ft_is_entry': True, 'ft_order_tag': 'short_pullback_restart', 'cost': 413.12949151500004}, {'amount': 306.3, 'safe_price': 1.3228, 'ft_order_side': 'buy', 'order_filled_timestamp': 1779987600000, 'ft_is_entry': False, 'ft_order_tag': 'profit_giveback_guard', 'cost': 405.37622682}]",-0.09210344310447466,3
raw_be_profit_lock_1y,Raw + Breakeven + ProfitLock,1y,profit_lock,DOGE/USDT:USDT,415.47532,415.47532,4156.0,2026-05-31 15:00:00+00:00,2026-06-01 03:00:00+00:00,0.09997,0.10146,0.0005,0.0005,720,-0.015855933643789663,-6.58445523,trailing_stop_loss,0.10596,-0.06,0.10146,-0.025431652512437175,0.09895,0.10154,False,short_pullback_restart,1.0,True,1780239600000,1780282800000,"[{'amount': 4156.0, 'safe_price': 0.09997, 'ft_order_side': 'sell', 'order_filled_timestamp': 1780239600000, 'ft_is_entry': True, 'ft_order_tag': 'short_pullback_restart', 'cost': 415.68305766}, {'amount': 4156.0, 'safe_price': 0.10146, 'ft_order_side': 'buy', 'order_filled_timestamp': 1780282800000, 'ft_is_entry': False, 'ft_order_tag': 'trailing_stop_loss', 'cost': 421.87859388}]",0.026556312065813603,0
raw_be_profit_lock_1y,Raw + Breakeven + ProfitLock,1y,profit_lock,SOL/USDT:USDT,415.3344,415.3344,5.07,2026-05-31 15:00:00+00:00,2026-06-02 22:00:00+00:00,81.92,73.67,0.0005,0.0005,3300,0.09997453461999738,41.50210192,roi,86.83,-0.06,81.83,-0.02067947118982283,73.27,83.08,False,short_pullback_restart,1.0,True,1780239600000,1780437600000,"[{'amount': 5.07, 'safe_price': 81.92, 'ft_order_side': 'sell', 'order_filled_timestamp': 1780239600000, 'ft_is_entry': True, 'ft_order_tag': 'short_pullback_restart', 'cost': 415.5420672}, {'amount': 5.07, 'safe_price': 73.67, 'ft_order_side': 'buy', 'order_filled_timestamp': 1780437600000, 'ft_is_entry': False, 'ft_order_tag': 'roi', 'cost': 373.69365345}]",0.06902256752344442,1
raw_be_profit_lock_1y,Raw + Breakeven + ProfitLock,1y,profit_lock,ADA/USDT:USDT,356.3112,356.3112,1524.0,2026-05-31 15:00:00+00:00,2026-06-02 23:00:00+00:00,0.2338,0.2102,0.0005,0.0005,3360,0.09994425667510452,35.5934524,roi,0.2478,-0.06,0.2335,-0.020831293706293774,0.2093,0.2375,False,short_pullback_restart,1.0,True,1780239600000,1780441200000,"[{'amount': 1524.0, 'safe_price': 0.2338, 'ft_order_side': 'sell', 'order_filled_timestamp': 1780239600000, 'ft_is_entry': True, 'ft_order_tag': 'short_pullback_restart', 'cost': 356.48935559999995}, {'amount': 1524.0, 'safe_price': 0.2102, 'ft_order_side': 'buy', 'order_filled_timestamp': 1780441200000, 'ft_is_entry': False, 'ft_order_tag': 'roi', 'cost': 320.5049724}]",-0.034619601043362,1
raw_be_profit_lock_1y,Raw + Breakeven + ProfitLock,1y,profit_lock,XRP/USDT:USDT,236.56878,236.56878,196.6,2026-06-03 20:00:00+00:00,2026-06-04 01:00:00+00:00,1.2033,1.1929,0.0005,0.0005,300,0.0076074019441553075,1.79877396,profit_lock_pullback_restart,1.2754,-0.06,1.202,-0.04014597213809812,1.1557,1.2199,False,short_pullback_restart,1.0,True,1780516800000,1780534800000,"[{'amount': 196.6, 'safe_price': 1.2033, 'ft_order_side': 'sell', 'order_filled_timestamp': 1780516800000, 'ft_is_entry': True, 'ft_order_tag': 'short_pullback_restart', 'cost': 236.68706439}, {'amount': 196.6, 'safe_price': 1.1929, 'ft_order_side': 'buy', 'order_filled_timestamp': 1780534800000, 'ft_is_entry': False, 'ft_order_tag': 'profit_lock_pullback_restart', 'cost': 234.64140207}]",-0.0103195796112,3
raw_be_profit_lock_1y,Raw + Breakeven + ProfitLock,1y,profit_lock,ETH/USDT:USDT,235.21472,235.21472,0.136,2026-06-05 03:00:00+00:00,2026-06-05 05:00:00+00:00,1729.52,1743.67,0.0005,0.0005,120,-0.009190146555770136,-2.16057692,profit_lock_pullback_restart,1833.29,-0.06,1727.79,-0.02838550086304381,1680.1,1747.0,False,short_pullback_restart,1.0,True,1780628400000,1780635600000,"[{'amount': 0.136, 'safe_price': 1729.52, 'ft_order_side': 'sell', 'order_filled_timestamp': 1780628400000, 'ft_is_entry': True, 'ft_order_tag': 'short_pullback_restart', 'cost': 235.33232736000002}, {'amount': 0.136, 'safe_price': 1743.67, 'ft_order_side': 'buy', 'order_filled_timestamp': 1780635600000, 'ft_is_entry': False, 'ft_order_tag': 'profit_lock_pullback_restart', 'cost': 237.25768956000002}]",0.0,4
raw_be_profit_lock_1y,Raw + Breakeven + ProfitLock,1y,profit_lock,LINK/USDT:USDT,205.32134,205.32134,26.33,2026-06-05 03:00:00+00:00,2026-06-05 05:00:00+00:00,7.798,7.878,0.0005,0.0005,120,-0.011269805202678283,-2.31277454,profit_lock_pullback_restart,8.265,-0.06,8.156,-0.045977833883124486,7.635,7.892,False,short_pullback_restart,1.0,True,1780628400000,1780635600000,"[{'amount': 26.33, 'safe_price': 7.798, 'ft_order_side': 'sell', 'order_filled_timestamp': 1780628400000, 'ft_is_entry': True, 'ft_order_tag': 'short_pullback_restart', 'cost': 205.42400066999997}, {'amount': 26.33, 'safe_price': 7.878, 'ft_order_side': 'buy', 'order_filled_timestamp': 1780635600000, 'ft_is_entry': False, 'ft_order_tag': 'profit_lock_pullback_restart', 'cost': 207.53145386999998}]",0.0,4
raw_be_profit_lock_1y,Raw + Breakeven + ProfitLock,1y,profit_lock,XRP/USDT:USDT,201.941,201.941,178.0,2026-06-05 03:00:00+00:00,2026-06-05 06:00:00+00:00,1.1345,1.1201,0.0005,0.0005,180,0.011705015134274938,2.3625406,profit_lock_pullback_restart,1.2025,-0.06,1.1333,-0.0393081155433288,1.0905,1.1485,False,short_pullback_restart,1.0,True,1780628400000,1780639200000,"[{'amount': 178.0, 'safe_price': 1.1345, 'ft_order_side': 'sell', 'order_filled_timestamp': 1780628400000, 'ft_is_entry': True, 'ft_order_tag': 'short_pullback_restart', 'cost': 202.0419705}, {'amount': 178.0, 'safe_price': 1.1201, 'ft_order_side': 'buy', 'order_filled_timestamp': 1780639200000, 'ft_is_entry': False, 'ft_order_tag': 'profit_lock_pullback_restart', 'cost': 199.4774889}]",0.0,4
raw_be_profit_lock_1y,Raw + Breakeven + ProfitLock,1y,profit_lock,BNB/USDT:USDT,198.8388,198.8388,0.34,2026-06-05 06:00:00+00:00,2026-06-05 06:00:00+00:00,584.82,584.82,0.0005,0.0005,0,-0.0010005002501250625,-0.1988388,profit_lock_pullback_restart,619.9,-0.06,584.23,-0.02439889886379576,570.32,585.7,False,short_pullback_restart,1.0,True,1780639200000,1780639200000,"[{'amount': 0.34, 'safe_price': 584.82, 'ft_order_side': 'sell', 'order_filled_timestamp': 1780639200000, 'ft_is_entry': True, 'ft_order_tag': 'short_pullback_restart', 'cost': 198.9382194}, {'amount': 0.34, 'safe_price': 584.82, 'ft_order_side': 'buy', 'order_filled_timestamp': 1780639200000, 'ft_is_entry': False, 'ft_order_tag': 'profit_lock_pullback_restart', 'cost': 198.9382194}]",0.0,4
raw_be_profit_lock_1y,Raw + Breakeven + ProfitLock,1y,profit_lock,BTC/USDT:USDT,306.5185,306.5185,0.005,2026-06-07 20:00:00+00:00,2026-06-07 22:00:00+00:00,61303.7,63043.1,0.0005,0.0005,120,-0.029402379258000075,-9.007867,stop_loss,64981.9,-0.06,63043.1,-0.028374600044532405,61189.7,64250.0,False,short_pullback_restart,1.0,True,1780862400000,1780869600000,"[{'amount': 0.005, 'safe_price': 61303.7, 'ft_order_side': 'sell', 'order_filled_timestamp': 1780862400000, 'ft_is_entry': True, 'ft_order_tag': 'short_pullback_restart', 'cost': 306.67175925}, {'amount': 0.005, 'safe_price': 63043.1, 'ft_order_side': 'buy', 'order_filled_timestamp': 1780869600000, 'ft_is_entry': False, 'ft_order_tag': 'stop_loss', 'cost': 315.37310775000003}]",0.0,6
raw_be_profit_lock_1y,Raw + Breakeven + ProfitLock,1y,profit_lock,LINK/USDT:USDT,261.1304,261.1304,34.4,2026-06-07 20:00:00+00:00,2026-06-07 22:00:00+00:00,7.591,7.864,0.0005,0.0005,120,-0.03700012303609321,-9.657026,stop_loss,8.046,-0.06,7.864,-0.03608027008301873,7.566,8.04,False,short_pullback_restart,1.0,True,1780862400000,1780869600000,"[{'amount': 34.4, 'safe_price': 7.591, 'ft_order_side': 'sell', 'order_filled_timestamp': 1780862400000, 'ft_is_entry': True, 'ft_order_tag': 'short_pullback_restart', 'cost': 261.2609652}, {'amount': 34.4, 'safe_price': 7.864, 'ft_order_side': 'buy', 'order_filled_timestamp': 1780869600000, 'ft_is_entry': False, 'ft_order_tag': 'stop_loss', 'cost': 270.65686079999995}]",0.0,6
raw_be_profit_lock_1y,Raw + Breakeven + ProfitLock,1y,profit_lock,BTC/USDT:USDT,373.4664,373.4664,0.006,2026-06-09 14:00:00+00:00,2026-06-09 20:00:00+00:00,62244.4,62068.9,0.0005,0.0005,360,0.0018278044873136926,0.68228225,profit_lock_pullback_restart,65979.0,-0.06,62182.1,-0.023490339889721046,60755.0,62371.6,False,short_pullback_restart,1.0,True,1781013600000,1781035200000,"[{'amount': 0.006, 'safe_price': 62244.4, 'ft_order_side': 'sell', 'order_filled_timestamp': 1781013600000, 'ft_is_entry': True, 'ft_order_tag': 'short_pullback_restart', 'cost': 373.6531332}, {'amount': 0.006, 'safe_price': 62068.9, 'ft_order_side': 'buy', 'order_filled_timestamp': 1781035200000, 'ft_is_entry': False, 'ft_order_tag': 'profit_lock_pullback_restart', 'cost': 372.5996067}]",0.0022221508564982556,1
raw_be_profit_lock_1y,Raw + Breakeven + ProfitLock,1y,profit_lock,ETH/USDT:USDT,279.6347,279.6347,0.17,2026-06-09 15:00:00+00:00,2026-06-10 12:00:00+00:00,1644.91,1643.26,0.0005,0.0005,1260,-0.00013437308634745408,-0.03755659,trailing_stop_loss,1743.6,-0.06,1643.26,-0.02384117757009352,1605.0,1662.98,False,short_pullback_restart,1.0,True,1781017200000,1781092800000,"[{'amount': 0.17, 'safe_price': 1644.91, 'ft_order_side': 'sell', 'order_filled_timestamp': 1781017200000, 'ft_is_entry': True, 'ft_order_tag': 'short_pullback_restart', 'cost': 279.77451735}, {'amount': 0.17, 'safe_price': 1643.26, 'ft_order_side': 'buy', 'order_filled_timestamp': 1781092800000, 'ft_is_entry': False, 'ft_order_tag': 'trailing_stop_loss', 'cost': 279.49387709999996}]",-0.0385621359216879,2
raw_be_profit_lock_1y,Raw + Breakeven + ProfitLock,1y,profit_lock,DOGE/USDT:USDT,277.93542,277.93542,3306.0,2026-06-09 16:00:00+00:00,2026-06-11 01:00:00+00:00,0.08407,0.08398,0.0005,0.0005,1980,0.00015285000816235588,0.04246119,trailing_stop_loss,0.08911,-0.06,0.08398,-0.027099547511312272,0.08177,0.08568,False,short_pullback_restart,1.0,True,1781020800000,1781139600000,"[{'amount': 3306.0, 'safe_price': 0.08407, 'ft_order_side': 'sell', 'order_filled_timestamp': 1781020800000, 'ft_is_entry': True, 'ft_order_tag': 'short_pullback_restart', 'cost': 278.07438771}, {'amount': 3306.0, 'safe_price': 0.08398, 'ft_order_side': 'buy', 'order_filled_timestamp': 1781139600000, 'ft_is_entry': False, 'ft_order_tag': 'trailing_stop_loss', 'cost': 277.77669893999996}]",0.022707839240558404,3
raw_be_profit_lock_1y,Raw + Breakeven + ProfitLock,1y,profit_lock,SOL/USDT:USDT,263.2212,263.2212,4.14,2026-06-10 09:00:00+00:00,2026-06-11 01:00:00+00:00,63.58,63.62,0.0005,0.0005,960,-0.0017304755047065346,-0.45527009,profit_lock_compression_breakdown,67.39,-0.06,65.77,-0.040292257525848196,62.29,65.74,False,short_compression_breakdown,1.0,True,1781082000000,1781139600000,"[{'amount': 4.14, 'safe_price': 63.58, 'ft_order_side': 'sell', 'order_filled_timestamp': 1781082000000, 'ft_is_entry': True, 'ft_order_tag': 'short_compression_breakdown', 'cost': 263.35281059999994}, {'amount': 4.14, 'safe_price': 63.62, 'ft_order_side': 'buy', 'order_filled_timestamp': 1781139600000, 'ft_is_entry': False, 'ft_order_tag': 'profit_lock_compression_breakdown', 'cost': 263.51849339999995}]",-0.02636608821376363,3
raw_be_profit_lock_1y,Raw + Breakeven + ProfitLock,1y,profit_lock,ADA/USDT:USDT,222.4413,222.4413,1317.0,2026-06-17 09:00:00+00:00,2026-06-17 19:00:00+00:00,0.1689,0.1695,0.0005,0.0005,600,-0.004508170477563408,-1.0023019,profit_lock_compression_breakdown,0.179,-0.06,0.1687,-0.02509781287970836,0.1646,0.1728,False,short_compression_breakdown,1.0,True,1781686800000,1781722800000,"[{'amount': 1317.0, 'safe_price': 0.1689, 'ft_order_side': 'sell', 'order_filled_timestamp': 1781686800000, 'ft_is_entry': True, 'ft_order_tag': 'short_compression_breakdown', 'cost': 222.55252064999996}, {'amount': 1317.0, 'safe_price': 0.1695, 'ft_order_side': 'buy', 'order_filled_timestamp': 1781722800000, 'ft_is_entry': False, 'ft_order_tag': 'profit_lock_compression_breakdown', 'cost': 223.34311575}]",0.010734496143335999,2
raw_be_guard_profit_lock_1y,Raw + Breakeven + Guard + ProfitLock,1y,profit_lock,SOL/USDT:USDT,247.5457,247.5457,1.73,2025-06-19 15:00:00+00:00,2025-06-19 22:35:00+00:00,143.09,147.37,0.0005,0.0005,455,-0.03093091650426101,-7.65298697,stop_loss,151.67,-0.06,147.37,-0.029975832995732477,142.83,147.43,False,short_pullback_restart,1.0,True,1750345200000,1750372500000,"[{'amount': 1.73, 'safe_price': 143.09, 'ft_order_side': 'sell', 'order_filled_timestamp': 1750345200000, 'ft_is_entry': True, 'ft_order_tag': 'short_pullback_restart', 'cost': 247.66947285}, {'amount': 1.73, 'safe_price': 147.37, 'ft_order_side': 'buy', 'order_filled_timestamp': 1750372500000, 'ft_is_entry': False, 'ft_order_tag': 'stop_loss', 'cost': 255.07757504999998}]",0.0026609303000000007,3
raw_be_guard_profit_lock_1y,Raw + Breakeven + Guard + ProfitLock,1y,profit_lock,SOL/USDT:USDT,242.515,242.515,1.75,2025-06-21 18:00:00+00:00,2025-06-21 21:30:00+00:00,138.58,135.22,0.0005,0.0005,210,0.023269680734435624,5.640425,profit_giveback_guard,146.89,-0.06,138.44,-0.02473293856402692,130.46,139.58,False,short_pullback_restart,1.0,True,1750528800000,1750541400000,"[{'amount': 1.75, 'safe_price': 138.58, 'ft_order_side': 'sell', 'order_filled_timestamp': 1750528800000, 'ft_is_entry': True, 'ft_order_tag': 'short_pullback_restart', 'cost': 242.6362575}, {'amount': 1.75, 'safe_price': 135.22, 'ft_order_side': 'buy', 'order_filled_timestamp': 1750541400000, 'ft_is_entry': False, 'ft_order_tag': 'profit_giveback_guard', 'cost': 236.75331749999998}]",0.0,5
raw_be_guard_profit_lock_1y,Raw + Breakeven + Guard + ProfitLock,1y,profit_lock,NEAR/USDT:USDT,205.737,205.737,101.0,2025-06-21 14:00:00+00:00,2025-06-22 00:05:00+00:00,2.037,1.981,0.0005,0.0005,605,0.026479493945293805,5.44508774,profit_giveback_guard,2.159,-0.06,2.034,-0.023108597285067756,1.902,2.054,False,short_pullback_restart,1.0,True,1750514400000,1750550700000,"[{'amount': 101.0, 'safe_price': 2.037, 'ft_order_side': 'sell', 'order_filled_timestamp': 1750514400000, 'ft_is_entry': True, 'ft_order_tag': 'short_pullback_restart', 'cost': 205.8398685}, {'amount': 101.0, 'safe_price': 1.981, 'ft_order_side': 'buy', 'order_filled_timestamp': 1750550700000, 'ft_is_entry': False, 'ft_order_tag': 'profit_giveback_guard', 'cost': 200.1810405}]",-0.0080032602,6
raw_be_guard_profit_lock_1y,Raw + Breakeven + Guard + ProfitLock,1y,profit_lock,ETH/USDT:USDT,151.7241,151.7241,0.069,2025-06-22 14:00:00+00:00,2025-06-22 14:50:00+00:00,2198.9,2197.38,0.0005,0.0005,50,-0.00030855393133831,-0.04679166,profit_lock_pullback_restart,2330.83,-0.06,2306.19,-0.048794549973850465,2155.1,2212.0,False,short_pullback_restart,1.0,True,1750600800000,1750603800000,"[{'amount': 0.069, 'safe_price': 2198.9, 'ft_order_side': 'sell', 'order_filled_timestamp': 1750600800000, 'ft_is_entry': True, 'ft_order_tag': 'short_pullback_restart', 'cost': 151.79996205}, {'amount': 0.069, 'safe_price': 2197.38, 'ft_order_side': 'buy', 'order_filled_timestamp': 1750603800000, 'ft_is_entry': False, 'ft_order_tag': 'profit_lock_pullback_restart', 'cost': 151.69502961}]",0.0,6
raw_be_guard_profit_lock_1y,Raw + Breakeven + Guard + ProfitLock,1y,profit_lock,BNB/USDT:USDT,227.9792,227.9792,0.37,2025-06-22 14:00:00+00:00,2025-06-22 22:40:00+00:00,616.16,614.46,0.0005,0.0005,520,0.001761283783932995,0.4013353,profit_lock_pullback_restart,653.12,-0.06,615.54,-0.02190394289034603,600.91,618.54,False,short_pullback_restart,1.0,True,1750600800000,1750632000000,"[{'amount': 0.37, 'safe_price': 616.16, 'ft_order_side': 'sell', 'order_filled_timestamp': 1750600800000, 'ft_is_entry': True, 'ft_order_tag': 'short_pullback_restart', 'cost': 228.0931896}, {'amount': 0.37, 'safe_price': 614.46, 'ft_order_side': 'buy', 'order_filled_timestamp': 1750632000000, 'ft_is_entry': False, 'ft_order_tag': 'profit_lock_pullback_restart', 'cost': 227.4638751}]",0.0,6
raw_be_guard_profit_lock_1y,Raw + Breakeven + Guard + ProfitLock,1y,profit_lock,LINK/USDT:USDT,222.14192,222.14192,17.29,2025-07-01 19:00:00+00:00,2025-07-02 15:10:00+00:00,12.848,13.278,0.0005,0.0005,1210,-0.034525600307995834,-7.66574835,stop_loss,13.618,-0.06,13.278,-0.03354424349546137,12.716,13.315,False,short_compression_breakdown,1.0,True,1751396400000,1751469000000,"[{'amount': 17.29, 'safe_price': 12.848, 'ft_order_side': 'sell', 'order_filled_timestamp': 1751396400000, 'ft_is_entry': True, 'ft_order_tag': 'short_compression_breakdown', 'cost': 222.25299095999998}, {'amount': 17.29, 'safe_price': 13.278, 'ft_order_side': 'buy', 'order_filled_timestamp': 1751469000000, 'ft_is_entry': False, 'ft_order_tag': 'stop_loss', 'cost': 229.69140830999999}]",-0.005189076822634342,2
raw_be_guard_profit_lock_1y,Raw + Breakeven + Guard + ProfitLock,1y,profit_lock,BTC/USDT:USDT,333.5994,333.5994,0.003,2025-07-10 00:00:00+00:00,2025-07-10 21:15:00+00:00,111199.8,113622.7,0.0005,0.0005,1275,0.02056320710775675,6.86330349,profit_giveback_guard,104527.9,-0.06,111311.0,-0.021218899072404263,110432.2,117500.0,False,long_1d_center_compression,1.0,False,1752105600000,1752182100000,"[{'amount': 0.003, 'safe_price': 111199.8, 'ft_order_side': 'buy', 'order_filled_timestamp': 1752105600000, 'ft_is_entry': True, 'ft_order_tag': 'long_1d_center_compression', 'cost': 333.76619969999996}, {'amount': 0.003, 'safe_price': 113622.7, 'ft_order_side': 'sell', 'order_filled_timestamp': 1752182100000, 'ft_is_entry': False, 'ft_order_tag': 'profit_giveback_guard', 'cost': 341.03853405}]",-0.068162759289,3
raw_be_guard_profit_lock_1y,Raw + Breakeven + Guard + ProfitLock,1y,profit_lock,ETH/USDT:USDT,307.21359,307.21359,0.111,2025-07-10 00:00:00+00:00,2025-07-14 03:40:00+00:00,2767.69,3049.98,0.0005,0.0005,5980,0.10000094532046044,30.73701024,roi,2601.63,-0.06,2770.46,-0.020215697300203006,2754.08,3051.91,False,long_1d_center_compression,1.0,False,1752105600000,1752464400000,"[{'amount': 0.111, 'safe_price': 2767.69, 'ft_order_side': 'buy', 'order_filled_timestamp': 1752105600000, 'ft_is_entry': True, 'ft_order_tag': 'long_1d_center_compression', 'cost': 307.367196795}, {'amount': 0.111, 'safe_price': 3049.98, 'ft_order_side': 'sell', 'order_filled_timestamp': 1752464400000, 'ft_is_entry': False, 'ft_order_tag': 'roi', 'cost': 338.71705389}]",-0.274299075252843,0
raw_be_guard_profit_lock_1y,Raw + Breakeven + Guard + ProfitLock,1y,profit_lock,BNB/USDT:USDT,336.287,336.287,0.49,2025-07-11 00:00:00+00:00,2025-07-14 18:55:00+00:00,686.3,689.87,0.0005,0.0005,5455,0.004078224234369596,1.37213952,profit_lock_long_center,645.13,-0.06,686.99,-0.021791140412080523,679.47,708.0,False,long_1d_center_compression,1.0,False,1752192000000,1752519300000,"[{'amount': 0.49, 'safe_price': 686.3, 'ft_order_side': 'buy', 'order_filled_timestamp': 1752192000000, 'ft_is_entry': True, 'ft_order_tag': 'long_1d_center_compression', 'cost': 336.45514349999996}, {'amount': 0.49, 'safe_price': 689.87, 'ft_order_side': 'sell', 'order_filled_timestamp': 1752519300000, 'ft_is_entry': False, 'ft_order_tag': 'profit_lock_long_center', 'cost': 338.20531815}]",-0.03999883328000001,0
raw_be_guard_profit_lock_1y,Raw + Breakeven + Guard + ProfitLock,1y,profit_lock,TRX/USDT:USDT,344.9772,344.9772,1213.0,2025-07-03 00:00:00+00:00,2025-07-17 09:35:00+00:00,0.2844,0.31359,0.0005,0.0005,20735,0.1000163150371737,34.52059999,roi,0.26734,-0.06,0.28469,-0.019681818181818356,0.28086,0.31378,False,long_1d_center_compression,1.0,False,1751500800000,1752744900000,"[{'amount': 1213.0, 'safe_price': 0.2844, 'ft_order_side': 'buy', 'order_filled_timestamp': 1751500800000, 'ft_is_entry': True, 'ft_order_tag': 'long_1d_center_compression', 'cost': 345.1496886}, {'amount': 1213.0, 'safe_price': 0.31359, 'ft_order_side': 'sell', 'order_filled_timestamp': 1752744900000, 'ft_is_entry': False, 'ft_order_tag': 'roi', 'cost': 380.574862335}]",-0.5241890745223041,3
raw_be_guard_profit_lock_1y,Raw + Breakeven + Guard + ProfitLock,1y,profit_lock,LTC/USDT:USDT,370.5084,370.5084,3.057,2025-08-05 00:00:00+00:00,2025-08-05 07:30:00+00:00,121.2,121.33,0.0005,0.0005,450,-2.7868699350397456e-05,-0.01033075,trailing_stop_loss,113.93,-0.06,121.33,-0.020101768839350664,120.04,125.06,False,long_1d_center_compression,1.0,False,1754352000000,1754379000000,"[{'amount': 3.057, 'safe_price': 121.2, 'ft_order_side': 'buy', 'order_filled_timestamp': 1754352000000, 'ft_is_entry': True, 'ft_order_tag': 'long_1d_center_compression', 'cost': 370.69365419999997}, {'amount': 3.057, 'safe_price': 121.33, 'ft_order_side': 'sell', 'order_filled_timestamp': 1754379000000, 'ft_is_entry': False, 'ft_order_tag': 'trailing_stop_loss', 'cost': 371.09126290499995}]",-0.037033646921481,1
raw_be_guard_profit_lock_1y,Raw + Breakeven + Guard + ProfitLock,1y,profit_lock,ETH/USDT:USDT,367.3896,367.3896,0.094,2025-08-08 00:00:00+00:00,2025-08-09 22:20:00+00:00,3908.4,4305.73,0.0005,0.0005,2780,0.09999886953158492,36.75691395,roi,3673.9,-0.06,3912.31,-0.024627121306178834,3876.7,4325.24,False,long_1d_center_compression,1.0,False,1754611200000,1754778000000,"[{'amount': 0.094, 'safe_price': 3908.4, 'ft_order_side': 'buy', 'order_filled_timestamp': 1754611200000, 'ft_is_entry': True, 'ft_order_tag': 'long_1d_center_compression', 'cost': 367.5732948}, {'amount': 0.094, 'safe_price': 4305.73, 'ft_order_side': 'sell', 'order_filled_timestamp': 1754778000000, 'ft_is_entry': False, 'ft_order_tag': 'roi', 'cost': 404.94098930999996}]",-0.20604193660717493,5
raw_be_guard_profit_lock_1y,Raw + Breakeven + Guard + ProfitLock,1y,profit_lock,BTC/USDT:USDT,357.7659,357.7659,0.003,2025-08-11 00:00:00+00:00,2025-08-11 13:00:00+00:00,119255.3,119374.6,0.0005,0.0005,780,-0.00020193472133967863,-0.07228148,trailing_stop_loss,112100.0,-0.06,119374.6,-0.01970649554134174,118950.0,122450.0,False,long_1d_center_compression,1.0,False,1754870400000,1754917200000,"[{'amount': 0.003, 'safe_price': 119255.3, 'ft_order_side': 'buy', 'order_filled_timestamp': 1754870400000, 'ft_is_entry': True, 'ft_order_tag': 'long_1d_center_compression', 'cost': 357.94478295}, {'amount': 0.003, 'safe_price': 119374.6, 'ft_order_side': 'sell', 'order_filled_timestamp': 1754917200000, 'ft_is_entry': False, 'ft_order_tag': 'trailing_stop_loss', 'cost': 358.3028619}]",-0.072236634652173,0
raw_be_guard_profit_lock_1y,Raw + Breakeven + Guard + ProfitLock,1y,profit_lock,TRX/USDT:USDT,383.04793,383.04793,1087.0,2025-08-13 00:00:00+00:00,2025-08-14 12:30:00+00:00,0.35239,0.35275,0.0005,0.0005,2190,-0.0005413964503220195,-0.20748448,trailing_stop_loss,0.33125,-0.06,0.35275,-0.01994223716381438,0.35,0.37038,False,long_1d_center_compression,1.0,False,1755043200000,1755174600000,"[{'amount': 1087.0, 'safe_price': 0.35239, 'ft_order_side': 'buy', 'order_filled_timestamp': 1755043200000, 'ft_is_entry': True, 'ft_order_tag': 'long_1d_center_compression', 'cost': 383.23945396499994}, {'amount': 1087.0, 'safe_price': 0.35275, 'ft_order_side': 'sell', 'order_filled_timestamp': 1755174600000, 'ft_is_entry': False, 'ft_order_tag': 'trailing_stop_loss', 'cost': 383.630969625}]",-0.215560888424349,3
raw_be_guard_profit_lock_1y,Raw + Breakeven + Guard + ProfitLock,1y,profit_lock,BNB/USDT:USDT,381.7305,381.7305,0.45,2025-08-14 00:00:00+00:00,2025-08-14 12:30:00+00:00,848.29,849.14,0.0005,0.0005,750,-0.0002179579294955403,-0.08324279,trailing_stop_loss,797.4,-0.06,849.14,-0.021154952794845028,833.45,870.15,False,long_1d_center_compression,1.0,False,1755129600000,1755174600000,"[{'amount': 0.45, 'safe_price': 848.29, 'ft_order_side': 'buy', 'order_filled_timestamp': 1755129600000, 'ft_is_entry': True, 'ft_order_tag': 'long_1d_center_compression', 'cost': 381.92136525}, {'amount': 0.45, 'safe_price': 849.14, 'ft_order_side': 'sell', 'order_filled_timestamp': 1755174600000, 'ft_is_entry': False, 'ft_order_tag': 'trailing_stop_loss', 'cost': 382.3040565}]",-0.08382104417981442,3
raw_be_guard_profit_lock_1y,Raw + Breakeven + Guard + ProfitLock,1y,profit_lock,NEAR/USDT:USDT,213.366,213.366,86.0,2025-08-21 12:00:00+00:00,2025-08-22 02:15:00+00:00,2.481,2.478,0.0005,0.0005,855,0.00040741854199973827,0.0868858,trailing_stop_loss,2.629,-0.06,2.478,-0.022491336633663428,2.424,2.51,False,short_pullback_restart,1.0,True,1755777600000,1755828900000,"[{'amount': 86.0, 'safe_price': 2.481, 'ft_order_side': 'sell', 'order_filled_timestamp': 1755777600000, 'ft_is_entry': True, 'ft_order_tag': 'short_pullback_restart', 'cost': 213.47268299999996}, {'amount': 86.0, 'safe_price': 2.478, 'ft_order_side': 'buy', 'order_filled_timestamp': 1755828900000, 'ft_is_entry': False, 'ft_order_tag': 'trailing_stop_loss', 'cost': 213.214554}]",0.04212280000000001,4
raw_be_guard_profit_lock_1y,Raw + Breakeven + Guard + ProfitLock,1y,profit_lock,NEAR/USDT:USDT,238.491,238.491,99.0,2025-08-22 12:00:00+00:00,2025-08-22 12:50:00+00:00,2.409,2.41,0.0005,0.0005,50,-0.0014160255719391451,-0.3375405,profit_lock_compression_breakdown,2.553,-0.06,2.49,-0.033998713447821016,2.367,2.411,False,short_compression_breakdown,1.0,True,1755864000000,1755867000000,"[{'amount': 99.0, 'safe_price': 2.409, 'ft_order_side': 'sell', 'order_filled_timestamp': 1755864000000, 'ft_is_entry': True, 'ft_order_tag': 'short_compression_breakdown', 'cost': 238.61024549999996}, {'amount': 99.0, 'safe_price': 2.41, 'ft_order_side': 'buy', 'order_filled_timestamp': 1755867000000, 'ft_is_entry': False, 'ft_order_tag': 'profit_lock_compression_breakdown', 'cost': 238.709295}]",0.0,4
raw_be_guard_profit_lock_1y,Raw + Breakeven + Guard + ProfitLock,1y,profit_lock,XRP/USDT:USDT,250.5789,250.5789,88.5,2025-08-22 04:00:00+00:00,2025-08-22 13:45:00+00:00,2.8314,2.8455,0.0005,0.0005,585,-0.005924757150601197,-1.48387682,profit_lock_compression_breakdown,3.0012,-0.06,2.9241,-0.03276917900230414,2.7812,2.8753,False,short_compression_breakdown,1.0,True,1755835200000,1755870300000,"[{'amount': 88.5, 'safe_price': 2.8314, 'ft_order_side': 'sell', 'order_filled_timestamp': 1755835200000, 'ft_is_entry': True, 'ft_order_tag': 'short_compression_breakdown', 'cost': 250.70418945}, {'amount': 88.5, 'safe_price': 2.8455, 'ft_order_side': 'buy', 'order_filled_timestamp': 1755870300000, 'ft_is_entry': False, 'ft_order_tag': 'profit_lock_compression_breakdown', 'cost': 251.952663375}]",0.015176008527736049,4
raw_be_guard_profit_lock_1y,Raw + Breakeven + Guard + ProfitLock,1y,profit_lock,BTC/USDT:USDT,337.0524,337.0524,0.003,2025-08-21 17:00:00+00:00,2025-08-22 14:00:00+00:00,112350.8,114093.8,0.0005,0.0005,1260,-0.01635619787271634,-5.5101393,trailing_stop_loss,119091.8,-0.06,114093.8,-0.016824313695957605,111625.9,114280.0,False,short_pullback_restart,1.0,True,1755795600000,1755871200000,"[{'amount': 0.003, 'safe_price': 112350.8, 'ft_order_side': 'sell', 'order_filled_timestamp': 1755795600000, 'ft_is_entry': True, 'ft_order_tag': 'short_pullback_restart', 'cost': 337.2209262}, {'amount': 0.003, 'safe_price': 114093.8, 'ft_order_side': 'buy', 'order_filled_timestamp': 1755871200000, 'ft_is_entry': False, 'ft_order_tag': 'trailing_stop_loss', 'cost': 342.4525407}]",0.05852760312000001,4
raw_be_guard_profit_lock_1y,Raw + Breakeven + Guard + ProfitLock,1y,profit_lock,TAO/USDT:USDT,240.53395,240.53395,0.733,2025-08-28 17:00:00+00:00,2025-08-29 12:30:00+00:00,328.15,327.82,0.0005,0.0005,1170,0.0002557527892187658,0.06148647,trailing_stop_loss,347.83,-0.06,327.82,-0.022302834689867934,315.65,338.0,False,short_pullback_restart,1.0,True,1756400400000,1756470600000,"[{'amount': 0.733, 'safe_price': 328.15, 'ft_order_side': 'sell', 'order_filled_timestamp': 1756400400000, 'ft_is_entry': True, 'ft_order_tag': 'short_pullback_restart', 'cost': 240.65421697499997}, {'amount': 0.733, 'safe_price': 327.82, 'ft_order_side': 'buy', 'order_filled_timestamp': 1756470600000, 'ft_is_entry': False, 'ft_order_tag': 'trailing_stop_loss', 'cost': 240.41220603}]",0.0600094799757895,4
raw_be_guard_profit_lock_1y,Raw + Breakeven + Guard + ProfitLock,1y,profit_lock,SUI/USDT:USDT,180.499,180.499,53.8,2025-08-29 08:00:00+00:00,2025-08-29 12:30:00+00:00,3.355,3.3516,0.0005,0.0005,270,0.00011399397170593451,0.02056551,trailing_stop_loss,3.5563,-0.06,3.3516,-0.02034979298587425,3.2848,3.4006,False,short_compression_breakdown,1.0,True,1756454400000,1756470600000,"[{'amount': 53.8, 'safe_price': 3.355, 'ft_order_side': 'sell', 'order_filled_timestamp': 1756454400000, 'ft_is_entry': True, 'ft_order_tag': 'short_compression_breakdown', 'cost': 180.5892495}, {'amount': 53.8, 'safe_price': 3.3516, 'ft_order_side': 'buy', 'order_filled_timestamp': 1756470600000, 'ft_is_entry': False, 'ft_order_tag': 'trailing_stop_loss', 'cost': 180.40623803999998}]",0.018053050097600002,4
raw_be_guard_profit_lock_1y,Raw + Breakeven + Guard + ProfitLock,1y,profit_lock,NEAR/USDT:USDT,163.279,163.279,67.0,2025-08-29 08:00:00+00:00,2025-08-29 21:45:00+00:00,2.437,2.434,0.0005,0.0005,825,0.00037875967975597254,0.06181258,profit_lock_pullback_restart,2.583,-0.06,2.557,-0.04953629294525763,2.388,2.51,False,short_pullback_restart,1.0,True,1756454400000,1756503900000,"[{'amount': 67.0, 'safe_price': 2.437, 'ft_order_side': 'sell', 'order_filled_timestamp': 1756454400000, 'ft_is_entry': True, 'ft_order_tag': 'short_pullback_restart', 'cost': 163.3606395}, {'amount': 67.0, 'safe_price': 2.434, 'ft_order_side': 'buy', 'order_filled_timestamp': 1756503900000, 'ft_is_entry': False, 'ft_order_tag': 'profit_lock_pullback_restart', 'cost': 163.159539}]",0.0239910795765317,4
raw_be_guard_profit_lock_1y,Raw + Breakeven + Guard + ProfitLock,1y,profit_lock,DOGE/USDT:USDT,326.35024,326.35024,1528.0,2025-09-01 00:00:00+00:00,2025-09-01 07:30:00+00:00,0.21358,0.21336,0.0005,0.0005,450,0.0001295398087460788,0.04225421,trailing_stop_loss,0.22639,-0.06,0.21336,-0.022408452728928108,0.20805,0.21462,False,short_pullback_restart,1.0,True,1756684800000,1756711800000,"[{'amount': 1528.0, 'safe_price': 0.21358, 'ft_order_side': 'sell', 'order_filled_timestamp': 1756684800000, 'ft_is_entry': True, 'ft_order_tag': 'short_pullback_restart', 'cost': 326.51341512}, {'amount': 1528.0, 'safe_price': 0.21336, 'ft_order_side': 'buy', 'order_filled_timestamp': 1756711800000, 'ft_is_entry': False, 'ft_order_tag': 'trailing_stop_loss', 'cost': 326.17708703999995}]",0.032276374220624,0
raw_be_guard_profit_lock_1y,Raw + Breakeven + Guard + ProfitLock,1y,profit_lock,XRP/USDT:USDT,47.1648,47.1648,17.0,2025-09-01 00:00:00+00:00,2025-09-01 07:45:00+00:00,2.7744,2.7716,0.0005,0.0005,465,2.9648152320953205e-05,0.00139765,trailing_stop_loss,2.9408,-0.06,2.7716,-0.022626867874405043,2.7,2.7784,False,short_pullback_restart,1.0,True,1756684800000,1756712700000,"[{'amount': 17.0, 'safe_price': 2.7744, 'ft_order_side': 'sell', 'order_filled_timestamp': 1756684800000, 'ft_is_entry': True, 'ft_order_tag': 'short_pullback_restart', 'cost': 47.188382399999995}, {'amount': 17.0, 'safe_price': 2.7716, 'ft_order_side': 'buy', 'order_filled_timestamp': 1756712700000, 'ft_is_entry': False, 'ft_order_tag': 'trailing_stop_loss', 'cost': 47.14075859999999}]",0.000938654693643,0
raw_be_guard_profit_lock_1y,Raw + Breakeven + Guard + ProfitLock,1y,profit_lock,NEAR/USDT:USDT,379.99,379.99,158.0,2025-08-31 23:00:00+00:00,2025-09-01 07:50:00+00:00,2.405,2.402,0.0005,0.0005,530,9.099070443666793e-05,0.03455827,trailing_stop_loss,2.549,-0.06,2.402,-0.020643585386575847,2.318,2.407,False,short_pullback_restart,1.0,True,1756681200000,1756713000000,"[{'amount': 158.0, 'safe_price': 2.405, 'ft_order_side': 'sell', 'order_filled_timestamp': 1756681200000, 'ft_is_entry': True, 'ft_order_tag': 'short_pullback_restart', 'cost': 380.1799949999999}, {'amount': 158.0, 'safe_price': 2.402, 'ft_order_side': 'buy', 'order_filled_timestamp': 1756713000000, 'ft_is_entry': False, 'ft_order_tag': 'trailing_stop_loss', 'cost': 379.705758}]",-0.0596887323434088,0
raw_be_guard_profit_lock_1y,Raw + Breakeven + Guard + ProfitLock,1y,profit_lock,BTC/USDT:USDT,334.275,334.275,0.003,2025-08-29 02:00:00+00:00,2025-09-02 13:55:00+00:00,111425.0,111148.1,0.0005,0.0005,6475,0.0022597618456225346,0.7550042,profit_lock_pullback_restart,118110.5,-0.06,111313.5,-0.020505487413008616,107211.5,111797.2,False,short_pullback_restart,1.0,True,1756432800000,1756821300000,"[{'amount': 0.003, 'safe_price': 111425.0, 'ft_order_side': 'sell', 'order_filled_timestamp': 1756432800000, 'ft_is_entry': True, 'ft_order_tag': 'short_pullback_restart', 'cost': 334.4421375}, {'amount': 0.003, 'safe_price': 111148.1, 'ft_order_side': 'buy', 'order_filled_timestamp': 1756821300000, 'ft_is_entry': False, 'ft_order_tag': 'profit_lock_pullback_restart', 'cost': 333.61102215}]",0.2581638473450538,1
raw_be_guard_profit_lock_1y,Raw + Breakeven + Guard + ProfitLock,1y,profit_lock,TAO/USDT:USDT,249.0258,249.0258,0.795,2025-09-04 16:00:00+00:00,2025-09-05 12:25:00+00:00,313.24,322.66,0.0005,0.0005,1225,-0.03088317975194593,-7.68686319,trailing_stop_loss,332.03,-0.06,322.66,-0.03106905555103423,310.63,322.71,False,short_compression_breakdown,1.0,True,1757001600000,1757075100000,"[{'amount': 0.795, 'safe_price': 313.24, 'ft_order_side': 'sell', 'order_filled_timestamp': 1757001600000, 'ft_is_entry': True, 'ft_order_tag': 'short_compression_breakdown', 'cost': 249.15031290000002}, {'amount': 0.795, 'safe_price': 322.66, 'ft_order_side': 'buy', 'order_filled_timestamp': 1757075100000, 'ft_is_entry': False, 'ft_order_tag': 'trailing_stop_loss', 'cost': 256.64295735}]",0.054807057566425864,4
raw_be_guard_profit_lock_1y,Raw + Breakeven + Guard + ProfitLock,1y,profit_lock,XRP/USDT:USDT,300.29649,300.29649,107.9,2025-09-04 20:00:00+00:00,2025-09-05 12:30:00+00:00,2.7831,2.8587,0.0005,0.0005,990,-0.0280680896550013,-8.42453443,stop_loss,2.95,-0.06,2.8587,-0.027180500804257823,2.7765,2.8768,False,short_pullback_restart,1.0,True,1757016000000,1757075400000,"[{'amount': 107.9, 'safe_price': 2.7831, 'ft_order_side': 'sell', 'order_filled_timestamp': 1757016000000, 'ft_is_entry': True, 'ft_order_tag': 'short_pullback_restart', 'cost': 300.446638245}, {'amount': 107.9, 'safe_price': 2.8587, 'ft_order_side': 'buy', 'order_filled_timestamp': 1757075400000, 'ft_is_entry': False, 'ft_order_tag': 'stop_loss', 'cost': 308.607956865}]",0.03708067996610848,4
raw_be_guard_profit_lock_1y,Raw + Breakeven + Guard + ProfitLock,1y,profit_lock,SOL/USDT:USDT,373.9798,373.9798,1.67,2025-09-11 00:00:00+00:00,2025-09-11 12:30:00+00:00,223.94,224.17,0.0005,0.0005,750,-3.1562394950006757e-06,-0.00118096,trailing_stop_loss,210.51,-0.06,224.17,-0.02111816593886473,221.59,229.0,False,long_1d_center_compression,1.0,False,1757548800000,1757593800000,"[{'amount': 1.67, 'safe_price': 223.94, 'ft_order_side': 'buy', 'order_filled_timestamp': 1757548800000, 'ft_is_entry': True, 'ft_order_tag': 'long_1d_center_compression', 'cost': 374.1667898999999}, {'amount': 1.67, 'safe_price': 224.17, 'ft_order_side': 'sell', 'order_filled_timestamp': 1757593800000, 'ft_is_entry': False, 'ft_order_tag': 'trailing_stop_loss', 'cost': 374.5510819499999}]",-0.011109108550039522,3
raw_be_guard_profit_lock_1y,Raw + Breakeven + Guard + ProfitLock,1y,profit_lock,ETH/USDT:USDT,372.15478,372.15478,0.079,2025-09-13 00:00:00+00:00,2025-09-13 16:45:00+00:00,4710.82,4616.62,0.0005,0.0005,1005,-0.021272756381133927,-7.92071635,stop_loss,4428.18,-0.06,4616.62,-0.019997944890698394,4613.07,4768.0,False,long_1d_center_compression,1.0,False,1757721600000,1757781900000,"[{'amount': 0.079, 'safe_price': 4710.82, 'ft_order_side': 'buy', 'order_filled_timestamp': 1757721600000, 'ft_is_entry': True, 'ft_order_tag': 'long_1d_center_compression', 'cost': 372.34085738999994}, {'amount': 0.079, 'safe_price': 4616.62, 'ft_order_side': 'sell', 'order_filled_timestamp': 1757781900000, 'ft_is_entry': False, 'ft_order_tag': 'stop_loss', 'cost': 364.89533649}]",-0.11048246733525588,5
raw_be_guard_profit_lock_1y,Raw + Breakeven + Guard + ProfitLock,1y,profit_lock,BCH/USDT:USDT,372.32976,372.32976,0.604,2025-09-18 00:00:00+00:00,2025-09-18 22:55:00+00:00,616.44,627.7,0.0005,0.0005,1375,0.016941876785624737,6.3111189,profit_giveback_guard,579.46,-0.06,617.06,-0.027736993035641144,612.06,650.89,False,long_1d_center_compression,1.0,False,1758153600000,1758236100000,"[{'amount': 0.604, 'safe_price': 616.44, 'ft_order_side': 'buy', 'order_filled_timestamp': 1758153600000, 'ft_is_entry': True, 'ft_order_tag': 'long_1d_center_compression', 'cost': 372.51592488}, {'amount': 0.604, 'safe_price': 627.7, 'ft_order_side': 'sell', 'order_filled_timestamp': 1758236100000, 'ft_is_entry': False, 'ft_order_tag': 'profit_giveback_guard', 'cost': 379.3203654}]",-0.114190820599396,3
raw_be_guard_profit_lock_1y,Raw + Breakeven + Guard + ProfitLock,1y,profit_lock,SUI/USDT:USDT,174.5575,174.5575,53.3,2025-09-24 04:00:00+00:00,2025-09-24 14:45:00+00:00,3.275,3.4257,0.0005,0.0005,645,-0.04699583047041043,-8.19937294,stop_loss,3.4715,-0.06,3.4257,-0.04602209484304187,3.2333,3.4286,False,short_pullback_restart,1.0,True,1758686400000,1758725100000,"[{'amount': 53.3, 'safe_price': 3.275, 'ft_order_side': 'sell', 'order_filled_timestamp': 1758686400000, 'ft_is_entry': True, 'ft_order_tag': 'short_pullback_restart', 'cost': 174.64477874999997}, {'amount': 53.3, 'safe_price': 3.4257, 'ft_order_side': 'buy', 'order_filled_timestamp': 1758725100000, 'ft_is_entry': False, 'ft_order_tag': 'stop_loss', 'cost': 182.68110490499998}]",0.0115107199675,2
raw_be_guard_profit_lock_1y,Raw + Breakeven + Guard + ProfitLock,1y,profit_lock,LINK/USDT:USDT,216.35658,216.35658,10.17,2025-09-24 04:00:00+00:00,2025-09-25 12:50:00+00:00,21.274,20.975,0.0005,0.0005,1970,0.013437841930952045,2.90591184,profit_lock_pullback_restart,22.55,-0.06,21.252,-0.02029409505520885,20.355,21.954,False,short_pullback_restart,1.0,True,1758686400000,1758804600000,"[{'amount': 10.17, 'safe_price': 21.274, 'ft_order_side': 'sell', 'order_filled_timestamp': 1758686400000, 'ft_is_entry': True, 'ft_order_tag': 'short_pullback_restart', 'cost': 216.46475829}, {'amount': 10.17, 'safe_price': 20.975, 'ft_order_side': 'buy', 'order_filled_timestamp': 1758804600000, 'ft_is_entry': False, 'ft_order_tag': 'profit_lock_pullback_restart', 'cost': 213.422407875}]",0.07991800141825742,3
raw_be_guard_profit_lock_1y,Raw + Breakeven + Guard + ProfitLock,1y,profit_lock,TAO/USDT:USDT,209.45454,209.45454,0.678,2025-09-23 18:00:00+00:00,2025-09-25 13:25:00+00:00,308.93,301.76,0.0005,0.0005,2605,0.022532363790951835,4.71714614,profit_giveback_guard,327.46,-0.06,308.62,-0.030247930297770065,291.61,316.64,False,short_pullback_restart,1.0,True,1758650400000,1758806700000,"[{'amount': 0.678, 'safe_price': 308.93, 'ft_order_side': 'sell', 'order_filled_timestamp': 1758650400000, 'ft_is_entry': True, 'ft_order_tag': 'short_pullback_restart', 'cost': 209.55926727}, {'amount': 0.678, 'safe_price': 301.76, 'ft_order_side': 'buy', 'order_filled_timestamp': 1758806700000, 'ft_is_entry': False, 'ft_order_tag': 'profit_giveback_guard', 'cost': 204.69557664}]",0.062910047190551,3
raw_be_guard_profit_lock_1y,Raw + Breakeven + Guard + ProfitLock,1y,profit_lock,SUI/USDT:USDT,253.8856,253.8856,76.0,2025-09-25 01:00:00+00:00,2025-09-25 14:25:00+00:00,3.3406,3.2453,0.0005,0.0005,805,0.027527507621127184,6.98534337,profit_giveback_guard,3.541,-0.06,3.3372,-0.025555268737899706,3.12,3.3656,False,short_pullback_restart,1.0,True,1758762000000,1758810300000,"[{'amount': 76.0, 'safe_price': 3.3406, 'ft_order_side': 'sell', 'order_filled_timestamp': 1758762000000, 'ft_is_entry': True, 'ft_order_tag': 'short_pullback_restart', 'cost': 254.01254279999998}, {'amount': 76.0, 'safe_price': 3.2453, 'ft_order_side': 'buy', 'order_filled_timestamp': 1758810300000, 'ft_is_entry': False, 'ft_order_tag': 'profit_giveback_guard', 'cost': 246.76612139999997}]",-0.0071924272000000004,3
raw_be_guard_profit_lock_1y,Raw + Breakeven + Guard + ProfitLock,1y,profit_lock,ETH/USDT:USDT,291.08154,291.08154,0.071,2025-09-25 02:00:00+00:00,2025-09-26 16:20:00+00:00,4099.74,3978.98,0.0005,0.0005,2300,0.028664402590506472,8.33950661,profit_giveback_guard,4345.72,-0.06,4095.64,-0.022504121832480184,3822.0,4137.0,False,short_pullback_restart,1.0,True,1758765600000,1758903600000,"[{'amount': 0.071, 'safe_price': 4099.74, 'ft_order_side': 'sell', 'order_filled_timestamp': 1758765600000, 'ft_is_entry': True, 'ft_order_tag': 'short_pullback_restart', 'cost': 291.22708076999993}, {'amount': 0.071, 'safe_price': 3978.98, 'ft_order_side': 'buy', 'order_filled_timestamp': 1758903600000, 'ft_is_entry': False, 'ft_order_tag': 'profit_giveback_guard', 'cost': 282.64883378999997}]",0.05234116779781065,4
raw_be_guard_profit_lock_1y,Raw + Breakeven + Guard + ProfitLock,1y,profit_lock,TRX/USDT:USDT,91.9681,91.9681,274.0,2025-09-25 04:00:00+00:00,2025-09-27 03:30:00+00:00,0.33565,0.33959,0.0005,0.0005,2850,-0.012711958465312069,-1.16851012,stop_loss,0.35578,-0.06,0.33959,-0.01174369540953979,0.32968,0.33985,False,short_pullback_restart,1.0,True,1758772800000,1758943800000,"[{'amount': 274.0, 'safe_price': 0.33565, 'ft_order_side': 'sell', 'order_filled_timestamp': 1758772800000, 'ft_is_entry': True, 'ft_order_tag': 'short_pullback_restart', 'cost': 92.01408405000001}, {'amount': 274.0, 'safe_price': 0.33959, 'ft_order_side': 'buy', 'order_filled_timestamp': 1758943800000, 'ft_is_entry': False, 'ft_order_tag': 'stop_loss', 'cost': 93.09418383}]",0.003557756814902001,5
raw_be_guard_profit_lock_1y,Raw + Breakeven + Guard + ProfitLock,1y,profit_lock,SOL/USDT:USDT,23.9712,23.9712,0.12,2025-09-28 12:00:00+00:00,2025-09-28 16:05:00+00:00,199.76,204.25,0.0005,0.0005,245,-0.02347989882339381,-0.56255993,trailing_stop_loss,211.74,-0.06,204.25,-0.030480506219137782,197.85,204.68,False,short_pullback_restart,1.0,True,1759060800000,1759075500000,"[{'amount': 0.12, 'safe_price': 199.76, 'ft_order_side': 'sell', 'order_filled_timestamp': 1759060800000, 'ft_is_entry': True, 'ft_order_tag': 'short_pullback_restart', 'cost': 23.9831856}, {'amount': 0.12, 'safe_price': 204.25, 'ft_order_side': 'buy', 'order_filled_timestamp': 1759075500000, 'ft_is_entry': False, 'ft_order_tag': 'trailing_stop_loss', 'cost': 24.522254999999998}]",0.00048067212,6
raw_be_guard_profit_lock_1y,Raw + Breakeven + Guard + ProfitLock,1y,profit_lock,BTC/USDT:USDT,217.5878,217.5878,0.002,2025-09-25 18:00:00+00:00,2025-09-28 18:05:00+00:00,108793.9,110151.6,0.0005,0.0005,4325,-0.013090221309412174,-2.84684832,stale_loss_72h,115321.5,-0.06,112339.2,-0.032587405520897894,108566.0,110350.0,False,short_compression_breakdown,1.0,True,1758823200000,1759082700000,"[{'amount': 0.002, 'safe_price': 108793.9, 'ft_order_side': 'sell', 'order_filled_timestamp': 1758823200000, 'ft_is_entry': True, 'ft_order_tag': 'short_compression_breakdown', 'cost': 217.69659389999998}, {'amount': 0.002, 'safe_price': 110151.6, 'ft_order_side': 'buy', 'order_filled_timestamp': 1759082700000, 'ft_is_entry': False, 'ft_order_tag': 'stale_loss_72h', 'cost': 220.4133516}]",0.08749717932312,6
raw_be_guard_profit_lock_1y,Raw + Breakeven + Guard + ProfitLock,1y,profit_lock,XRP/USDT:USDT,163.3392,163.3392,59.7,2025-09-25 18:00:00+00:00,2025-09-28 18:05:00+00:00,2.736,2.8206,0.0005,0.0005,4325,-0.03132180688677133,-5.11352084,stale_loss_72h,2.9001,-0.06,2.8707,-0.02607625609121178,2.6967,2.8336,False,short_compression_breakdown,1.0,True,1758823200000,1759082700000,"[{'amount': 59.7, 'safe_price': 2.736, 'ft_order_side': 'sell', 'order_filled_timestamp': 1758823200000, 'ft_is_entry': True, 'ft_order_tag': 'short_compression_breakdown', 'cost': 163.42086960000003}, {'amount': 59.7, 'safe_price': 2.8206, 'ft_order_side': 'buy', 'order_filled_timestamp': 1759082700000, 'ft_is_entry': False, 'ft_order_tag': 'stale_loss_72h', 'cost': 168.47401491}]",0.10296367182272816,6
raw_be_guard_profit_lock_1y,Raw + Breakeven + Guard + ProfitLock,1y,profit_lock,SUI/USDT:USDT,298.281,298.281,95.0,2025-09-28 02:00:00+00:00,2025-09-28 20:15:00+00:00,3.1398,3.2233,0.0005,0.0005,1095,-0.02757040097554552,-8.21961491,trailing_stop_loss,3.3281,-0.06,3.2233,-0.023972540769095607,3.0929,3.2247,False,short_pullback_restart,1.0,True,1759024800000,1759090500000,"[{'amount': 95.0, 'safe_price': 3.1398, 'ft_order_side': 'sell', 'order_filled_timestamp': 1759024800000, 'ft_is_entry': True, 'ft_order_tag': 'short_pullback_restart', 'cost': 298.4301405}, {'amount': 95.0, 'safe_price': 3.2233, 'ft_order_side': 'buy', 'order_filled_timestamp': 1759090500000, 'ft_is_entry': False, 'ft_order_tag': 'trailing_stop_loss', 'cost': 306.36660675}]",0.015132338339999999,6
raw_be_guard_profit_lock_1y,Raw + Breakeven + Guard + ProfitLock,1y,profit_lock,SUI/USDT:USDT,211.61808,211.61808,66.9,2025-09-30 16:00:00+00:00,2025-09-30 20:30:00+00:00,3.1632,3.2828,0.0005,0.0005,270,-0.03880209882268289,-8.20712004,stop_loss,3.3529,-0.06,3.2828,-0.03783211023082744,3.151,3.29,False,short_compression_breakdown,1.0,True,1759248000000,1759264200000,"[{'amount': 66.9, 'safe_price': 3.1632, 'ft_order_side': 'sell', 'order_filled_timestamp': 1759248000000, 'ft_is_entry': True, 'ft_order_tag': 'short_compression_breakdown', 'cost': 211.72388904}, {'amount': 66.9, 'safe_price': 3.2828, 'ft_order_side': 'buy', 'order_filled_timestamp': 1759264200000, 'ft_is_entry': False, 'ft_order_tag': 'stop_loss', 'cost': 219.72912966}]",0.0097386640416,1
raw_be_guard_profit_lock_1y,Raw + Breakeven + Guard + ProfitLock,1y,profit_lock,TRX/USDT:USDT,379.5636,379.5636,1131.0,2025-09-28 02:00:00+00:00,2025-10-01 08:30:00+00:00,0.3356,0.33531,0.0005,0.0005,4710,-0.00021622918099412482,-0.08203169,stale_loss_72h,0.35573,-0.06,0.33859,-0.008913844504146118,0.33111,0.33774,False,short_pullback_restart,1.0,True,1759024800000,1759307400000,"[{'amount': 1131.0, 'safe_price': 0.3356, 'ft_order_side': 'sell', 'order_filled_timestamp': 1759024800000, 'ft_is_entry': True, 'ft_order_tag': 'short_pullback_restart', 'cost': 379.7533818}, {'amount': 1131.0, 'safe_price': 0.33531, 'ft_order_side': 'buy', 'order_filled_timestamp': 1759307400000, 'ft_is_entry': False, 'ft_order_tag': 'stale_loss_72h', 'cost': 379.42522780499996}]",-0.030622089262900196,2
raw_be_guard_profit_lock_1y,Raw + Breakeven + Guard + ProfitLock,1y,profit_lock,BNB/USDT:USDT,370.9094,370.9094,0.34,2025-10-03 00:00:00+00:00,2025-10-06 06:10:00+00:00,1090.91,1201.83,0.0005,0.0005,4690,0.10000306789486725,37.11062395,roi,1025.46,-0.06,1092.01,-0.02116249406154469,1084.5,1204.64,False,long_1d_center_compression,1.0,False,1759449600000,1759731000000,"[{'amount': 0.34, 'safe_price': 1090.91, 'ft_order_side': 'buy', 'order_filled_timestamp': 1759449600000, 'ft_is_entry': True, 'ft_order_tag': 'long_1d_center_compression', 'cost': 371.09485470000004}, {'amount': 0.34, 'safe_price': 1201.83, 'ft_order_side': 'sell', 'order_filled_timestamp': 1759731000000, 'ft_is_entry': False, 'ft_order_tag': 'roi', 'cost': 408.8265111}]",-0.21241025474014838,0
raw_be_guard_profit_lock_1y,Raw + Breakeven + Guard + ProfitLock,1y,profit_lock,XRP/USDT:USDT,304.61496,304.61496,109.7,2025-10-09 17:00:00+00:00,2025-10-10 19:25:00+00:00,2.7768,2.6855,0.0005,0.0005,1585,0.03201206288958466,9.74647758,profit_lock_compression_breakdown,2.9434,-0.06,2.774,-0.02320947216996805,2.6297,2.8358,False,short_compression_breakdown,1.0,True,1760029200000,1760124300000,"[{'amount': 109.7, 'safe_price': 2.7768, 'ft_order_side': 'sell', 'order_filled_timestamp': 1760029200000, 'ft_is_entry': True, 'ft_order_tag': 'short_compression_breakdown', 'cost': 304.76726748000004}, {'amount': 109.7, 'safe_price': 2.6855, 'ft_order_side': 'buy', 'order_filled_timestamp': 1760124300000, 'ft_is_entry': False, 'ft_order_tag': 'profit_lock_compression_breakdown', 'cost': 294.746649675}]",0.03047473773077623,4
raw_be_guard_profit_lock_1y,Raw + Breakeven + Guard + ProfitLock,1y,profit_lock,SOL/USDT:USDT,377.364,377.364,2.05,2025-10-19 09:00:00+00:00,2025-10-19 09:45:00+00:00,184.08,188.11,0.0005,0.0005,45,-0.022915059224527516,-8.64299475,stop_loss,195.12,-0.06,188.11,-0.02192548397881522,183.06,188.29,False,short_pullback_restart,1.0,True,1760864400000,1760867100000,"[{'amount': 2.05, 'safe_price': 184.08, 'ft_order_side': 'sell', 'order_filled_timestamp': 1760864400000, 'ft_is_entry': True, 'ft_order_tag': 'short_pullback_restart', 'cost': 377.55268199999995}, {'amount': 2.05, 'safe_price': 188.11, 'ft_order_side': 'buy', 'order_filled_timestamp': 1760867100000, 'ft_is_entry': False, 'ft_order_tag': 'stop_loss', 'cost': 385.81831274999996}]",0.0,6
raw_be_guard_profit_lock_1y,Raw + Breakeven + Guard + ProfitLock,1y,profit_lock,XRP/USDT:USDT,386.9792,386.9792,166.0,2025-10-19 09:00:00+00:00,2025-10-19 09:50:00+00:00,2.3312,2.3773,0.0005,0.0005,50,-0.020795508426828375,-8.0434055,stop_loss,2.471,-0.06,2.3773,-0.01981123343018032,2.3164,2.3826,False,short_pullback_restart,1.0,True,1760864400000,1760867400000,"[{'amount': 166.0, 'safe_price': 2.3312, 'ft_order_side': 'sell', 'order_filled_timestamp': 1760864400000, 'ft_is_entry': True, 'ft_order_tag': 'short_pullback_restart', 'cost': 387.17268959999996}, {'amount': 166.0, 'safe_price': 2.3773, 'ft_order_side': 'buy', 'order_filled_timestamp': 1760867400000, 'ft_is_entry': False, 'ft_order_tag': 'stop_loss', 'cost': 394.8291159}]",0.0,6
raw_be_guard_profit_lock_1y,Raw + Breakeven + Guard + ProfitLock,1y,profit_lock,SOL/USDT:USDT,206.173,206.173,1.1,2025-10-20 17:00:00+00:00,2025-10-21 12:20:00+00:00,187.43,186.71,0.0005,0.0005,1160,0.002753038181869281,0.56731834,profit_lock_pullback_restart,198.67,-0.06,187.24,-0.021174574607329744,182.65,191.07,False,short_pullback_restart,1.0,True,1760979600000,1761049200000,"[{'amount': 1.1, 'safe_price': 187.43, 'ft_order_side': 'sell', 'order_filled_timestamp': 1760979600000, 'ft_is_entry': True, 'ft_order_tag': 'short_pullback_restart', 'cost': 206.27608650000002}, {'amount': 1.1, 'safe_price': 186.71, 'ft_order_side': 'buy', 'order_filled_timestamp': 1761049200000, 'ft_is_entry': False, 'ft_order_tag': 'profit_lock_pullback_restart', 'cost': 205.48369050000002}]",-0.018904658348683365,1
raw_be_guard_profit_lock_1y,Raw + Breakeven + Guard + ProfitLock,1y,profit_lock,TRX/USDT:USDT,381.3516,381.3516,1295.0,2025-10-26 05:00:00+00:00,2025-10-26 11:45:00+00:00,0.29448,0.29902,0.0005,0.0005,405,-0.01687120436990482,-6.43064385,stop_loss,0.31214,-0.06,0.29902,-0.01543813174718478,0.29389,0.2994,False,short_pullback_restart,1.0,True,1761454800000,1761479100000,"[{'amount': 1295.0, 'safe_price': 0.29448, 'ft_order_side': 'sell', 'order_filled_timestamp': 1761454800000, 'ft_is_entry': True, 'ft_order_tag': 'short_pullback_restart', 'cost': 381.54227579999997}, {'amount': 1295.0, 'safe_price': 0.29902, 'ft_order_side': 'buy', 'order_filled_timestamp': 1761479100000, 'ft_is_entry': False, 'ft_order_tag': 'stop_loss', 'cost': 387.42451545}]",-0.16705259790449997,6
raw_be_guard_profit_lock_1y,Raw + Breakeven + Guard + ProfitLock,1y,profit_lock,TRX/USDT:USDT,379.2384,379.2384,1280.0,2025-10-28 06:00:00+00:00,2025-10-29 18:35:00+00:00,0.29628,0.29607,0.0005,0.0005,2195,-0.0010229886221546714,-0.38776259,profit_lock_pullback_restart,0.31405,-0.06,0.30071,-0.01496250873734084,0.28996,0.29966,False,short_pullback_restart,1.0,True,1761631200000,1761762900000,"[{'amount': 1280.0, 'safe_price': 0.29628, 'ft_order_side': 'sell', 'order_filled_timestamp': 1761631200000, 'ft_is_entry': True, 'ft_order_tag': 'short_pullback_restart', 'cost': 379.42801919999994}, {'amount': 1280.0, 'safe_price': 0.29607, 'ft_order_side': 'buy', 'order_filled_timestamp': 1761762900000, 'ft_is_entry': False, 'ft_order_tag': 'profit_lock_pullback_restart', 'cost': 379.1590848}]",-0.277458591396992,2
raw_be_guard_profit_lock_1y,Raw + Breakeven + Guard + ProfitLock,1y,profit_lock,ETH/USDT:USDT,351.57047,351.57047,0.089,2025-10-29 16:00:00+00:00,2025-10-29 18:35:00+00:00,3950.23,4002.06,0.0005,0.0005,155,-0.014095212974870052,-4.95298292,profit_lock_compression_breakdown,4187.24,-0.06,3946.27,-0.024981109581569294,3850.1,4017.11,False,short_compression_breakdown,1.0,True,1761753600000,1761762900000,"[{'amount': 0.089, 'safe_price': 3950.23, 'ft_order_side': 'sell', 'order_filled_timestamp': 1761753600000, 'ft_is_entry': True, 'ft_order_tag': 'short_compression_breakdown', 'cost': 351.746255235}, {'amount': 0.089, 'safe_price': 4002.06, 'ft_order_side': 'buy', 'order_filled_timestamp': 1761762900000, 'ft_is_entry': False, 'ft_order_tag': 'profit_lock_compression_breakdown', 'cost': 356.36143166999994}]",0.0137639839005,2
raw_be_guard_profit_lock_1y,Raw + Breakeven + Guard + ProfitLock,1y,profit_lock,ETH/USDT:USDT,217.49262,217.49262,0.057,2025-10-30 13:00:00+00:00,2025-10-30 21:00:00+00:00,3815.66,3755.01,0.0005,0.0005,480,0.014847188502136217,3.22753935,profit_lock_compression_breakdown,4044.59,-0.06,3811.84,-0.021506741094278636,3677.7,3835.0,False,short_compression_breakdown,1.0,True,1761829200000,1761858000000,"[{'amount': 0.057, 'safe_price': 3815.66, 'ft_order_side': 'sell', 'order_filled_timestamp': 1761829200000, 'ft_is_entry': True, 'ft_order_tag': 'short_compression_breakdown', 'cost': 217.60136630999997}, {'amount': 0.057, 'safe_price': 3755.01, 'ft_order_side': 'buy', 'order_filled_timestamp': 1761858000000, 'ft_is_entry': False, 'ft_order_tag': 'profit_lock_compression_breakdown', 'cost': 214.142587785}]",-0.0137465539524,3
raw_be_guard_profit_lock_1y,Raw + Breakeven + Guard + ProfitLock,1y,profit_lock,NEAR/USDT:USDT,209.979,209.979,99.0,2025-11-02 15:00:00+00:00,2025-11-03 00:05:00+00:00,2.121,2.202,0.0005,0.0005,545,-0.03908160939250742,-8.2022141,stop_loss,2.248,-0.06,2.202,-0.03848467228380037,2.101,2.202,False,short_pullback_restart,1.0,True,1762095600000,1762128300000,"[{'amount': 99.0, 'safe_price': 2.121, 'ft_order_side': 'sell', 'order_filled_timestamp': 1762095600000, 'ft_is_entry': True, 'ft_order_tag': 'short_pullback_restart', 'cost': 210.0839895}, {'amount': 99.0, 'safe_price': 2.202, 'ft_order_side': 'buy', 'order_filled_timestamp': 1762128300000, 'ft_is_entry': False, 'ft_order_tag': 'stop_loss', 'cost': 218.10699899999997}]",0.030774396018504603,0
raw_be_guard_profit_lock_1y,Raw + Breakeven + Guard + ProfitLock,1y,profit_lock,ADA/USDT:USDT,244.1186,244.1186,407.0,2025-11-02 15:00:00+00:00,2025-11-03 15:30:00+00:00,0.5998,0.5392,0.0005,0.0005,1470,0.10003342899852842,24.40781063,roi,0.6357,-0.06,0.5992,-0.020610117526826732,0.5244,0.612,False,short_pullback_restart,1.0,True,1762095600000,1762183800000,"[{'amount': 407.0, 'safe_price': 0.5998, 'ft_order_side': 'sell', 'order_filled_timestamp': 1762095600000, 'ft_is_entry': True, 'ft_order_tag': 'short_pullback_restart', 'cost': 244.24065929999998}, {'amount': 407.0, 'safe_price': 0.5392, 'ft_order_side': 'buy', 'order_filled_timestamp': 1762183800000, 'ft_is_entry': False, 'ft_order_tag': 'roi', 'cost': 219.56412719999997}]",-0.024602872086969,0
raw_be_guard_profit_lock_1y,Raw + Breakeven + Guard + ProfitLock,1y,profit_lock,BTC/USDT:USDT,208.3286,208.3286,0.002,2025-11-04 06:00:00+00:00,2025-11-05 03:30:00+00:00,104164.3,102061.9,0.0005,0.0005,1290,0.019393754322946644,4.03825355,profit_giveback_guard,110414.1,-0.06,104060.1,-0.023206840707964638,98888.8,105190.0,False,short_pullback_restart,1.0,True,1762236000000,1762313400000,"[{'amount': 0.002, 'safe_price': 104164.3, 'ft_order_side': 'sell', 'order_filled_timestamp': 1762236000000, 'ft_is_entry': True, 'ft_order_tag': 'short_pullback_restart', 'cost': 208.4327643}, {'amount': 0.002, 'safe_price': 102061.9, 'ft_order_side': 'buy', 'order_filled_timestamp': 1762313400000, 'ft_is_entry': False, 'ft_order_tag': 'profit_giveback_guard', 'cost': 204.22586189999998}]",0.039679748875061274,2
raw_be_guard_profit_lock_1y,Raw + Breakeven + Guard + ProfitLock,1y,profit_lock,DOGE/USDT:USDT,246.24992,246.24992,1504.0,2025-11-06 06:00:00+00:00,2025-11-06 18:45:00+00:00,0.16373,0.1613,0.0005,0.0005,765,0.013879073505364735,3.41601188,profit_lock_pullback_restart,0.17355,-0.06,0.16356,-0.020566980720034822,0.15691,0.16441,False,short_pullback_restart,1.0,True,1762408800000,1762454700000,"[{'amount': 1504.0, 'safe_price': 0.16373, 'ft_order_side': 'sell', 'order_filled_timestamp': 1762408800000, 'ft_is_entry': True, 'ft_order_tag': 'short_pullback_restart', 'cost': 246.37304495999996}, {'amount': 1504.0, 'safe_price': 0.1613, 'ft_order_side': 'buy', 'order_filled_timestamp': 1762454700000, 'ft_is_entry': False, 'ft_order_tag': 'profit_lock_pullback_restart', 'cost': 242.7164976}]",0.0057144427020096,3
raw_be_guard_profit_lock_1y,Raw + Breakeven + Guard + ProfitLock,1y,profit_lock,ETH/USDT:USDT,160.69824,160.69824,0.048,2025-11-06 13:00:00+00:00,2025-11-06 18:45:00+00:00,3347.88,3334.66,0.0005,0.0005,345,0.0029529182421798215,0.4742915,profit_lock_pullback_restart,3548.75,-0.06,3344.53,-0.021171938116567368,3245.0,3402.03,False,short_pullback_restart,1.0,True,1762434000000,1762454700000,"[{'amount': 0.048, 'safe_price': 3347.88, 'ft_order_side': 'sell', 'order_filled_timestamp': 1762434000000, 'ft_is_entry': True, 'ft_order_tag': 'short_pullback_restart', 'cost': 160.77858912}, {'amount': 0.048, 'safe_price': 3334.66, 'ft_order_side': 'buy', 'order_filled_timestamp': 1762454700000, 'ft_is_entry': False, 'ft_order_tag': 'profit_lock_pullback_restart', 'cost': 160.14371184}]",0.000112464,3
raw_be_guard_profit_lock_1y,Raw + Breakeven + Guard + ProfitLock,1y,profit_lock,BTC/USDT:USDT,307.5213,307.5213,0.003,2025-11-06 13:00:00+00:00,2025-11-06 18:50:00+00:00,102507.1,102241.5,0.0005,0.0005,350,0.0016378669688562868,0.50342714,profit_lock_pullback_restart,108657.5,-0.06,102404.5,-0.021610409783077156,100238.4,103585.0,False,short_pullback_restart,1.0,True,1762434000000,1762455000000,"[{'amount': 0.003, 'safe_price': 102507.1, 'ft_order_side': 'sell', 'order_filled_timestamp': 1762434000000, 'ft_is_entry': True, 'ft_order_tag': 'short_pullback_restart', 'cost': 307.67506065}, {'amount': 0.003, 'safe_price': 102241.5, 'ft_order_side': 'buy', 'order_filled_timestamp': 1762455000000, 'ft_is_entry': False, 'ft_order_tag': 'profit_lock_pullback_restart', 'cost': 306.87786225}]",0.013750035642,3
raw_be_guard_profit_lock_1y,Raw + Breakeven + Guard + ProfitLock,1y,profit_lock,TRX/USDT:USDT,385.41888,385.41888,1344.0,2025-11-06 06:00:00+00:00,2025-11-07 17:20:00+00:00,0.28677,0.29056,0.0005,0.0005,2120,-0.014751789920552379,-5.68277554,stop_loss,0.30397,-0.06,0.29056,-0.013220140124795554,0.28171,0.29097,False,short_pullback_restart,1.0,True,1762408800000,1762536000000,"[{'amount': 1344.0, 'safe_price': 0.28677, 'ft_order_side': 'sell', 'order_filled_timestamp': 1762408800000, 'ft_is_entry': True, 'ft_order_tag': 'short_pullback_restart', 'cost': 385.61158944000005}, {'amount': 1344.0, 'safe_price': 0.29056, 'ft_order_side': 'buy', 'order_filled_timestamp': 1762536000000, 'ft_is_entry': False, 'ft_order_tag': 'stop_loss', 'cost': 390.70789632}]",-0.20104978197480958,4
raw_be_guard_profit_lock_1y,Raw + Breakeven + Guard + ProfitLock,1y,profit_lock,ADA/USDT:USDT,196.1729,196.1729,349.0,2025-11-11 20:00:00+00:00,2025-11-11 22:35:00+00:00,0.5621,0.5605,0.0005,0.0005,155,0.0018488162423143614,0.3625063,profit_lock_compression_breakdown,0.5958,-0.06,0.5854,-0.04719977156247279,0.553,0.5642,False,short_compression_breakdown,1.0,True,1762891200000,1762900500000,"[{'amount': 349.0, 'safe_price': 0.5621, 'ft_order_side': 'sell', 'order_filled_timestamp': 1762891200000, 'ft_is_entry': True, 'ft_order_tag': 'short_compression_breakdown', 'cost': 196.27098645}, {'amount': 349.0, 'safe_price': 0.5605, 'ft_order_side': 'buy', 'order_filled_timestamp': 1762900500000, 'ft_is_entry': False, 'ft_order_tag': 'profit_lock_compression_breakdown', 'cost': 195.71230724999998}]",0.0,1
raw_be_guard_profit_lock_1y,Raw + Breakeven + Guard + ProfitLock,1y,profit_lock,DOGE/USDT:USDT,187.06636,187.06636,1196.0,2025-11-19 06:00:00+00:00,2025-11-19 21:25:00+00:00,0.15641,0.15306,0.0005,0.0005,925,0.020579292806565272,3.84776855,profit_giveback_guard,0.16579,-0.06,0.15625,-0.02026503428011739,0.14705,0.1597,False,short_pullback_restart,1.0,True,1763532000000,1763587500000,"[{'amount': 1196.0, 'safe_price': 0.15641, 'ft_order_side': 'sell', 'order_filled_timestamp': 1763532000000, 'ft_is_entry': True, 'ft_order_tag': 'short_pullback_restart', 'cost': 187.15989317999998}, {'amount': 1196.0, 'safe_price': 0.15306, 'ft_order_side': 'buy', 'order_filled_timestamp': 1763587500000, 'ft_is_entry': False, 'ft_order_tag': 'profit_giveback_guard', 'cost': 183.15128988}]",0.026231613012799998,2
raw_be_guard_profit_lock_1y,Raw + Breakeven + Guard + ProfitLock,1y,profit_lock,SUI/USDT:USDT,165.68788,165.68788,102.1,2025-11-19 06:00:00+00:00,2025-11-19 21:25:00+00:00,1.6228,1.5881,0.0005,0.0005,925,0.020581403809272536,3.40838412,profit_giveback_guard,1.7201,-0.06,1.6211,-0.024958715306315993,1.5084,1.6645,False,short_pullback_restart,1.0,True,1763532000000,1763587500000,"[{'amount': 102.1, 'safe_price': 1.6228, 'ft_order_side': 'sell', 'order_filled_timestamp': 1763532000000, 'ft_is_entry': True, 'ft_order_tag': 'short_pullback_restart', 'cost': 165.77072394}, {'amount': 102.1, 'safe_price': 1.5881, 'ft_order_side': 'buy', 'order_filled_timestamp': 1763587500000, 'ft_is_entry': False, 'ft_order_tag': 'profit_giveback_guard', 'cost': 162.22608250499997}]",0.0294305671812,2
raw_be_guard_profit_lock_1y,Raw + Breakeven + Guard + ProfitLock,1y,profit_lock,ETH/USDT:USDT,209.77092,209.77092,0.071,2025-11-20 16:00:00+00:00,2025-11-20 21:45:00+00:00,2954.52,2887.06,0.0005,0.0005,345,0.021923070038905503,4.59652316,profit_giveback_guard,3131.79,-0.06,2951.56,-0.02286731956833621,2788.01,2960.11,False,short_pullback_restart,1.0,True,1763654400000,1763675100000,"[{'amount': 0.071, 'safe_price': 2954.52, 'ft_order_side': 'sell', 'order_filled_timestamp': 1763654400000, 'ft_is_entry': True, 'ft_order_tag': 'short_pullback_restart', 'cost': 209.87580545999998}, {'amount': 0.071, 'safe_price': 2887.06, 'ft_order_side': 'buy', 'order_filled_timestamp': 1763675100000, 'ft_is_entry': False, 'ft_order_tag': 'profit_giveback_guard', 'cost': 205.08375062999997}]",0.014239250049599998,3
raw_be_guard_profit_lock_1y,Raw + Breakeven + Guard + ProfitLock,1y,profit_lock,XRP/USDT:USDT,250.58094,250.58094,120.2,2025-11-20 16:00:00+00:00,2025-11-20 22:15:00+00:00,2.0847,2.0375,0.0005,0.0005,375,0.02176335447105616,5.45075508,profit_giveback_guard,2.2097,-0.06,2.0826,-0.025716755319148854,1.9734,2.0872,False,short_pullback_restart,1.0,True,1763654400000,1763676900000,"[{'amount': 120.2, 'safe_price': 2.0847, 'ft_order_side': 'sell', 'order_filled_timestamp': 1763654400000, 'ft_is_entry': True, 'ft_order_tag': 'short_pullback_restart', 'cost': 250.70623047}, {'amount': 120.2, 'safe_price': 2.0375, 'ft_order_side': 'buy', 'order_filled_timestamp': 1763676900000, 'ft_is_entry': False, 'ft_order_tag': 'profit_giveback_guard', 'cost': 245.02995375}]",0.025059296000000002,3
raw_be_guard_profit_lock_1y,Raw + Breakeven + Guard + ProfitLock,1y,profit_lock,BNB/USDT:USDT,193.732,193.732,0.22,2025-11-20 17:00:00+00:00,2025-11-21 07:30:00+00:00,880.6,848.13,0.0005,0.0005,870,0.03590897765485059,6.9532397,profit_giveback_guard,933.43,-0.06,879.71,-0.020544309230751567,800.0,884.27,False,short_pullback_restart,1.0,True,1763658000000,1763710200000,"[{'amount': 0.22, 'safe_price': 880.6, 'ft_order_side': 'sell', 'order_filled_timestamp': 1763658000000, 'ft_is_entry': True, 'ft_order_tag': 'short_pullback_restart', 'cost': 193.82886599999998}, {'amount': 0.22, 'safe_price': 848.13, 'ft_order_side': 'buy', 'order_filled_timestamp': 1763710200000, 'ft_is_entry': False, 'ft_order_tag': 'profit_giveback_guard', 'cost': 186.6818943}]",0.0,4
raw_be_guard_profit_lock_1y,Raw + Breakeven + Guard + ProfitLock,1y,profit_lock,BNB/USDT:USDT,286.3752,286.3752,0.34,2025-11-25 15:00:00+00:00,2025-11-25 23:10:00+00:00,842.28,866.81,0.0005,0.0005,490,-0.03015297005961308,-8.6307453,stop_loss,892.81,-0.06,866.81,-0.029128763825939652,837.54,868.1,False,short_pullback_restart,1.0,True,1764082800000,1764112200000,"[{'amount': 0.34, 'safe_price': 842.28, 'ft_order_side': 'sell', 'order_filled_timestamp': 1764082800000, 'ft_is_entry': True, 'ft_order_tag': 'short_pullback_restart', 'cost': 286.5183876}, {'amount': 0.34, 'safe_price': 866.81, 'ft_order_side': 'buy', 'order_filled_timestamp': 1764112200000, 'ft_is_entry': False, 'ft_order_tag': 'stop_loss', 'cost': 294.8627577}]",0.0,1
raw_be_guard_profit_lock_1y,Raw + Breakeven + Guard + ProfitLock,1y,profit_lock,TRX/USDT:USDT,328.96995,328.96995,1145.0,2025-11-18 07:00:00+00:00,2025-11-27 16:00:00+00:00,0.28731,0.27833,0.0005,0.0005,13500,0.03035616600606409,9.98127328,time_decay_profit_exit,0.30454,-0.06,0.28702,-0.021360365810262794,0.27063,0.29298,False,short_pullback_restart,1.0,True,1763449200000,1764259200000,"[{'amount': 1145.0, 'safe_price': 0.28731, 'ft_order_side': 'sell', 'order_filled_timestamp': 1763449200000, 'ft_is_entry': True, 'ft_order_tag': 'short_pullback_restart', 'cost': 329.134434975}, {'amount': 1145.0, 'safe_price': 0.27833, 'ft_order_side': 'buy', 'order_filled_timestamp': 1764259200000, 'ft_is_entry': False, 'ft_order_tag': 'time_decay_profit_exit', 'cost': 318.847193925}]",0.02300217770945902,3
raw_be_guard_profit_lock_1y,Raw + Breakeven + Guard + ProfitLock,1y,profit_lock,NEAR/USDT:USDT,208.458,208.458,111.0,2025-11-28 02:00:00+00:00,2025-11-28 15:30:00+00:00,1.878,1.953,0.0005,0.0005,810,-0.04095474259498764,-8.53307506,stop_loss,1.99,-0.06,1.953,-0.040376540317068166,1.865,1.954,False,short_pullback_restart,1.0,True,1764295200000,1764343800000,"[{'amount': 111.0, 'safe_price': 1.878, 'ft_order_side': 'sell', 'order_filled_timestamp': 1764295200000, 'ft_is_entry': True, 'ft_order_tag': 'short_pullback_restart', 'cost': 208.56222899999997}, {'amount': 111.0, 'safe_price': 1.953, 'ft_order_side': 'buy', 'order_filled_timestamp': 1764343800000, 'ft_is_entry': False, 'ft_order_tag': 'stop_loss', 'cost': 216.8913915}]",0.004545437279932799,4
raw_be_guard_profit_lock_1y,Raw + Breakeven + Guard + ProfitLock,1y,profit_lock,NEAR/USDT:USDT,331.258,331.258,178.0,2025-11-29 15:00:00+00:00,2025-11-30 01:10:00+00:00,1.861,1.857,0.0005,0.0005,610,0.0012306850767032623,0.40747044,profit_lock_compression_breakdown,1.972,-0.06,1.907,-0.025175612694085858,1.829,1.882,False,short_compression_breakdown,1.0,True,1764428400000,1764465000000,"[{'amount': 178.0, 'safe_price': 1.861, 'ft_order_side': 'sell', 'order_filled_timestamp': 1764428400000, 'ft_is_entry': True, 'ft_order_tag': 'short_compression_breakdown', 'cost': 331.42362899999995}, {'amount': 178.0, 'safe_price': 1.857, 'ft_order_side': 'buy', 'order_filled_timestamp': 1764465000000, 'ft_is_entry': False, 'ft_order_tag': 'profit_lock_compression_breakdown', 'cost': 330.71127299999995}]",0.026372439812762,6
raw_be_guard_profit_lock_1y,Raw + Breakeven + Guard + ProfitLock,1y,profit_lock,TAO/USDT:USDT,319.17581,319.17581,1.087,2025-11-29 18:00:00+00:00,2025-12-01 00:05:00+00:00,293.63,286.96,0.0005,0.0005,1805,0.02166062125186299,6.91008956,profit_giveback_guard,311.24,-0.06,293.33,-0.02122395905862695,278.28,299.16,False,short_compression_breakdown,1.0,True,1764439200000,1764547500000,"[{'amount': 1.087, 'safe_price': 293.63, 'ft_order_side': 'sell', 'order_filled_timestamp': 1764439200000, 'ft_is_entry': True, 'ft_order_tag': 'short_compression_breakdown', 'cost': 319.335397905}, {'amount': 1.087, 'safe_price': 286.96, 'ft_order_side': 'buy', 'order_filled_timestamp': 1764547500000, 'ft_is_entry': False, 'ft_order_tag': 'profit_giveback_guard', 'cost': 312.0814827599999}]",-0.024649773795252874,0
raw_be_guard_profit_lock_1y,Raw + Breakeven + Guard + ProfitLock,1y,profit_lock,XRP/USDT:USDT,295.94474,295.94474,143.9,2025-12-05 10:00:00+00:00,2025-12-06 06:30:00+00:00,2.0566,2.049,0.0005,0.0005,1230,0.0026174790421255286,0.77424184,profit_lock_compression_breakdown,2.1799,-0.06,2.0545,-0.021652610641471837,2.011,2.0988,False,short_compression_breakdown,1.0,True,1764928800000,1765002600000,"[{'amount': 143.9, 'safe_price': 2.0566, 'ft_order_side': 'sell', 'order_filled_timestamp': 1764928800000, 'ft_is_entry': True, 'ft_order_tag': 'short_compression_breakdown', 'cost': 296.09271237}, {'amount': 143.9, 'safe_price': 2.049, 'ft_order_side': 'buy', 'order_filled_timestamp': 1765002600000, 'ft_is_entry': False, 'ft_order_tag': 'profit_lock_compression_breakdown', 'cost': 294.99852554999995}]",-0.02400024137661139,5
raw_be_guard_profit_lock_1y,Raw + Breakeven + Guard + ProfitLock,1y,profit_lock,DOGE/USDT:USDT,393.97969,393.97969,2851.0,2025-12-07 14:00:00+00:00,2025-12-07 15:50:00+00:00,0.13819,0.13805,0.0005,0.0005,110,1.3611263262429391e-05,0.00535988,trailing_stop_loss,0.14648,-0.06,0.13805,-0.024275189197210167,0.13478,0.13823,False,short_pullback_restart,1.0,True,1765116000000,1765122600000,"[{'amount': 2851.0, 'safe_price': 0.13819, 'ft_order_side': 'sell', 'order_filled_timestamp': 1765116000000, 'ft_is_entry': True, 'ft_order_tag': 'short_pullback_restart', 'cost': 394.17667984499997}, {'amount': 2851.0, 'safe_price': 0.13805, 'ft_order_side': 'buy', 'order_filled_timestamp': 1765122600000, 'ft_is_entry': False, 'ft_order_tag': 'trailing_stop_loss', 'cost': 393.777340275}]",0.0,6
raw_be_guard_profit_lock_1y,Raw + Breakeven + Guard + ProfitLock,1y,profit_lock,SUI/USDT:USDT,301.97561,301.97561,197.9,2025-12-11 15:00:00+00:00,2025-12-11 18:40:00+00:00,1.5259,1.5685,0.0005,0.0005,220,-0.028985674185149125,-8.74859016,stop_loss,1.6174,-0.06,1.5685,-0.027948758386364014,1.5225,1.5725,False,short_compression_breakdown,1.0,True,1765465200000,1765478400000,"[{'amount': 197.9, 'safe_price': 1.5259, 'ft_order_side': 'sell', 'order_filled_timestamp': 1765465200000, 'ft_is_entry': True, 'ft_order_tag': 'short_compression_breakdown', 'cost': 302.126597805}, {'amount': 197.9, 'safe_price': 1.5685, 'ft_order_side': 'buy', 'order_filled_timestamp': 1765478400000, 'ft_is_entry': False, 'ft_order_tag': 'stop_loss', 'cost': 310.561353075}]",-0.011859276437900001,3
raw_be_guard_profit_lock_1y,Raw + Breakeven + Guard + ProfitLock,1y,profit_lock,TRX/USDT:USDT,390.90386,390.90386,1403.0,2025-12-12 08:00:00+00:00,2025-12-14 19:15:00+00:00,0.27862,0.27715,0.0005,0.0005,3555,0.0029652072391348062,1.1585314,profit_lock_pullback_restart,0.29533,-0.06,0.27834,-0.02196130121897477,0.27034,0.27876,False,short_pullback_restart,1.0,True,1765526400000,1765739700000,"[{'amount': 1403.0, 'safe_price': 0.27862, 'ft_order_side': 'sell', 'order_filled_timestamp': 1765526400000, 'ft_is_entry': True, 'ft_order_tag': 'short_pullback_restart', 'cost': 391.09931192999994}, {'amount': 1403.0, 'safe_price': 0.27715, 'ft_order_side': 'buy', 'order_filled_timestamp': 1765739700000, 'ft_is_entry': False, 'ft_order_tag': 'profit_lock_pullback_restart', 'cost': 389.035870725}]",-0.5140059428680795,6
raw_be_guard_profit_lock_1y,Raw + Breakeven + Guard + ProfitLock,1y,profit_lock,XRP/USDT:USDT,390.83297,390.83297,194.9,2025-12-14 11:00:00+00:00,2025-12-15 01:35:00+00:00,2.0053,2.0032,0.0005,0.0005,875,-0.0001757477471949296,-0.06865367,trailing_stop_loss,2.1256,-0.06,2.0032,-0.02944229188078107,1.946,2.009,False,short_pullback_restart,1.0,True,1765710000000,1765762500000,"[{'amount': 194.9, 'safe_price': 2.0053, 'ft_order_side': 'sell', 'order_filled_timestamp': 1765710000000, 'ft_is_entry': True, 'ft_order_tag': 'short_pullback_restart', 'cost': 391.028386485}, {'amount': 194.9, 'safe_price': 2.0032, 'ft_order_side': 'buy', 'order_filled_timestamp': 1765762500000, 'ft_is_entry': False, 'ft_order_tag': 'trailing_stop_loss', 'cost': 390.61889184}]",-0.08731534434677954,0
raw_be_guard_profit_lock_1y,Raw + Breakeven + Guard + ProfitLock,1y,profit_lock,NEAR/USDT:USDT,246.76,246.76,155.0,2025-12-14 18:00:00+00:00,2025-12-15 02:15:00+00:00,1.592,1.641,0.0005,0.0005,495,-0.031998217417997375,-7.89193219,trailing_stop_loss,1.687,-0.06,1.641,-0.026437310892168275,1.569,1.644,False,short_compression_breakdown,1.0,True,1765735200000,1765764900000,"[{'amount': 155.0, 'safe_price': 1.592, 'ft_order_side': 'sell', 'order_filled_timestamp': 1765735200000, 'ft_is_entry': True, 'ft_order_tag': 'short_compression_breakdown', 'cost': 246.88338000000002}, {'amount': 155.0, 'safe_price': 1.641, 'ft_order_side': 'buy', 'order_filled_timestamp': 1765764900000, 'ft_is_entry': False, 'ft_order_tag': 'trailing_stop_loss', 'cost': 254.48217749999998}]",-0.046374694960930496,0
raw_be_guard_profit_lock_1y,Raw + Breakeven + Guard + ProfitLock,1y,profit_lock,TAO/USDT:USDT,176.03928,176.03928,0.696,2025-12-17 06:00:00+00:00,2025-12-17 14:55:00+00:00,252.93,252.67,0.0005,0.0005,535,8.267084856475876e-05,0.01454604,trailing_stop_loss,268.1,-0.06,252.67,-0.021330113177041365,243.46,253.74,False,short_pullback_restart,1.0,True,1765951200000,1765983300000,"[{'amount': 0.696, 'safe_price': 252.93, 'ft_order_side': 'sell', 'order_filled_timestamp': 1765951200000, 'ft_is_entry': True, 'ft_order_tag': 'short_pullback_restart', 'cost': 176.12729964}, {'amount': 0.696, 'safe_price': 252.67, 'ft_order_side': 'buy', 'order_filled_timestamp': 1765983300000, 'ft_is_entry': False, 'ft_order_tag': 'trailing_stop_loss', 'cost': 175.94624915999998}]",0.009534835063691762,2
raw_be_guard_profit_lock_1y,Raw + Breakeven + Guard + ProfitLock,1y,profit_lock,BNB/USDT:USDT,375.826,375.826,0.44,2025-12-17 16:00:00+00:00,2025-12-18 13:50:00+00:00,854.15,851.11,0.0005,0.0005,1310,0.002562154460125339,0.9624428,profit_lock_pullback_restart,905.39,-0.06,853.29,-0.021299640933572617,830.0,858.32,False,short_pullback_restart,1.0,True,1765987200000,1766065800000,"[{'amount': 0.44, 'safe_price': 854.15, 'ft_order_side': 'sell', 'order_filled_timestamp': 1765987200000, 'ft_is_entry': True, 'ft_order_tag': 'short_pullback_restart', 'cost': 376.01391299999995}, {'amount': 0.44, 'safe_price': 851.11, 'ft_order_side': 'buy', 'order_filled_timestamp': 1766065800000, 'ft_is_entry': False, 'ft_order_tag': 'profit_lock_pullback_restart', 'cost': 374.67564419999997}]",0.0,3
raw_be_guard_profit_lock_1y,Raw + Breakeven + Guard + ProfitLock,1y,profit_lock,SUI/USDT:USDT,388.94368,388.94368,269.8,2025-12-21 02:00:00+00:00,2025-12-21 09:30:00+00:00,1.4416,1.4681,0.0005,0.0005,450,-0.01930748629823781,-7.50577001,trailing_stop_loss,1.528,-0.06,1.4681,-0.02257125763090384,1.4344,1.477,False,short_pullback_restart,1.0,True,1766282400000,1766309400000,"[{'amount': 269.8, 'safe_price': 1.4416, 'ft_order_side': 'sell', 'order_filled_timestamp': 1766282400000, 'ft_is_entry': True, 'ft_order_tag': 'short_pullback_restart', 'cost': 389.13815184000003}, {'amount': 269.8, 'safe_price': 1.4681, 'ft_order_side': 'buy', 'order_filled_timestamp': 1766309400000, 'ft_is_entry': False, 'ft_order_tag': 'trailing_stop_loss', 'cost': 396.29142669}]",0.03644851613896332,6
raw_be_guard_profit_lock_1y,Raw + Breakeven + Guard + ProfitLock,1y,profit_lock,LINK/USDT:USDT,36.7511,36.7511,2.95,2025-12-21 02:00:00+00:00,2025-12-21 09:50:00+00:00,12.458,12.691,0.0005,0.0005,470,-0.01967286747226287,-0.72263802,stop_loss,13.205,-0.06,12.691,-0.01877357359203491,12.376,12.706,False,short_pullback_restart,1.0,True,1766282400000,1766310600000,"[{'amount': 2.95, 'safe_price': 12.458, 'ft_order_side': 'sell', 'order_filled_timestamp': 1766282400000, 'ft_is_entry': True, 'ft_order_tag': 'short_pullback_restart', 'cost': 36.769475549999996}, {'amount': 2.95, 'safe_price': 12.691, 'ft_order_side': 'buy', 'order_filled_timestamp': 1766310600000, 'ft_is_entry': False, 'ft_order_tag': 'stop_loss', 'cost': 37.457169225}]",0.0018067588220332799,6
raw_be_guard_profit_lock_1y,Raw + Breakeven + Guard + ProfitLock,1y,profit_lock,SOL/USDT:USDT,388.9366,388.9366,3.11,2025-12-21 02:00:00+00:00,2025-12-22 00:10:00+00:00,125.06,126.79,0.0005,0.0005,1330,-0.014726264850597361,-5.72471959,stop_loss,132.56,-0.06,126.79,-0.013866127461943156,123.3,127.64,False,short_pullback_restart,1.0,True,1766282400000,1766362200000,"[{'amount': 3.11, 'safe_price': 125.06, 'ft_order_side': 'sell', 'order_filled_timestamp': 1766282400000, 'ft_is_entry': True, 'ft_order_tag': 'short_pullback_restart', 'cost': 389.1310683}, {'amount': 3.11, 'safe_price': 126.79, 'ft_order_side': 'buy', 'order_filled_timestamp': 1766362200000, 'ft_is_entry': False, 'ft_order_tag': 'stop_loss', 'cost': 394.51405844999994}]",0.04720716474319993,0
raw_be_guard_profit_lock_1y,Raw + Breakeven + Guard + ProfitLock,1y,profit_lock,ADA/USDT:USDT,296.7888,296.7888,803.0,2025-12-21 02:00:00+00:00,2025-12-22 00:10:00+00:00,0.3696,0.3692,0.0005,0.0005,1330,0.00013600871370976847,0.04034568,trailing_stop_loss,0.3917,-0.06,0.3692,-0.023649570280011023,0.3573,0.3744,False,short_pullback_restart,1.0,True,1766282400000,1766362200000,"[{'amount': 803.0, 'safe_price': 0.3696, 'ft_order_side': 'sell', 'order_filled_timestamp': 1766282400000, 'ft_is_entry': True, 'ft_order_tag': 'short_pullback_restart', 'cost': 296.93719439999995}, {'amount': 803.0, 'safe_price': 0.3692, 'ft_order_side': 'buy', 'order_filled_timestamp': 1766362200000, 'ft_is_entry': False, 'ft_order_tag': 'trailing_stop_loss', 'cost': 296.61583379999996}]",0.0157738754341124,0
raw_be_guard_profit_lock_1y,Raw + Breakeven + Guard + ProfitLock,1y,profit_lock,ADA/USDT:USDT,246.7679,246.7679,683.0,2025-12-23 14:00:00+00:00,2025-12-23 15:10:00+00:00,0.3613,0.3607,0.0005,0.0005,70,0.0006618310539161083,0.163237,profit_lock_compression_breakdown,0.3829,-0.06,0.3726,-0.043573259739807746,0.3548,0.3632,False,short_compression_breakdown,1.0,True,1766498400000,1766502600000,"[{'amount': 683.0, 'safe_price': 0.3613, 'ft_order_side': 'sell', 'order_filled_timestamp': 1766498400000, 'ft_is_entry': True, 'ft_order_tag': 'short_compression_breakdown', 'cost': 246.89128394999997}, {'amount': 683.0, 'safe_price': 0.3607, 'ft_order_side': 'buy', 'order_filled_timestamp': 1766502600000, 'ft_is_entry': False, 'ft_order_tag': 'profit_lock_compression_breakdown', 'cost': 246.48127904999998}]",0.0,1
raw_be_guard_profit_lock_1y,Raw + Breakeven + Guard + ProfitLock,1y,profit_lock,ADA/USDT:USDT,244.95,244.95,690.0,2025-12-24 06:00:00+00:00,2025-12-25 10:35:00+00:00,0.355,0.354,0.0005,0.0005,1715,0.0018652853677297925,0.4566732,profit_lock_compression_breakdown,0.3763,-0.06,0.3669,-0.03357257977337902,0.3495,0.3612,False,short_compression_breakdown,1.0,True,1766556000000,1766658900000,"[{'amount': 690.0, 'safe_price': 0.355, 'ft_order_side': 'sell', 'order_filled_timestamp': 1766556000000, 'ft_is_entry': True, 'ft_order_tag': 'short_compression_breakdown', 'cost': 245.07247499999997}, {'amount': 690.0, 'safe_price': 0.354, 'ft_order_side': 'buy', 'order_filled_timestamp': 1766658900000, 'ft_is_entry': False, 'ft_order_tag': 'profit_lock_compression_breakdown', 'cost': 244.38213}]",0.011278201944692999,3
raw_be_guard_profit_lock_1y,Raw + Breakeven + Guard + ProfitLock,1y,profit_lock,XRP/USDT:USDT,384.35689,384.35689,207.1,2025-12-28 19:00:00+00:00,2025-12-29 01:40:00+00:00,1.8559,1.8803,0.0005,0.0005,400,-0.014136308428793579,-5.43067085,stop_loss,1.9672,-0.06,1.8803,-0.01316103012090708,1.8528,1.886,False,short_pullback_restart,1.0,True,1766948400000,1766972400000,"[{'amount': 207.1, 'safe_price': 1.8559, 'ft_order_side': 'sell', 'order_filled_timestamp': 1766948400000, 'ft_is_entry': True, 'ft_order_tag': 'short_pullback_restart', 'cost': 384.549068445}, {'amount': 207.1, 'safe_price': 1.8803, 'ft_order_side': 'buy', 'order_filled_timestamp': 1766972400000, 'ft_is_entry': False, 'ft_order_tag': 'stop_loss', 'cost': 389.604835065}]",0.009452657016,0
raw_be_guard_profit_lock_1y,Raw + Breakeven + Guard + ProfitLock,1y,profit_lock,NEAR/USDT:USDT,364.5,364.5,243.0,2025-12-31 11:00:00+00:00,2025-12-31 20:45:00+00:00,1.5,1.496,0.0005,0.0005,585,0.0017694180423545108,0.6446304,profit_lock_compression_breakdown,1.59,-0.06,1.498,-0.021472392638036686,1.467,1.529,False,short_compression_breakdown,1.0,True,1767178800000,1767213900000,"[{'amount': 243.0, 'safe_price': 1.5, 'ft_order_side': 'sell', 'order_filled_timestamp': 1767178800000, 'ft_is_entry': True, 'ft_order_tag': 'short_compression_breakdown', 'cost': 364.68224999999995}, {'amount': 243.0, 'safe_price': 1.496, 'ft_order_side': 'buy', 'order_filled_timestamp': 1767213900000, 'ft_is_entry': False, 'ft_order_tag': 'profit_lock_compression_breakdown', 'cost': 363.709764}]",0.0366444,2
raw_be_guard_profit_lock_1y,Raw + Breakeven + Guard + ProfitLock,1y,profit_lock,TRX/USDT:USDT,382.58404,382.58404,1294.0,2026-01-04 00:00:00+00:00,2026-01-20 08:00:00+00:00,0.29566,0.30658,0.0005,0.0005,23520,0.034810404577753175,13.32456417,time_decay_profit_exit,0.27793,-0.06,0.29596,-0.020598120325633906,0.29076,0.32084,False,long_1d_center_compression,1.0,False,1767484800000,1768896000000,"[{'amount': 1294.0, 'safe_price': 0.29566, 'ft_order_side': 'buy', 'order_filled_timestamp': 1767484800000, 'ft_is_entry': True, 'ft_order_tag': 'long_1d_center_compression', 'cost': 382.77533201999995}, {'amount': 1294.0, 'safe_price': 0.30658, 'ft_order_side': 'sell', 'order_filled_timestamp': 1768896000000, 'ft_is_entry': False, 'ft_order_tag': 'time_decay_profit_exit', 'cost': 396.91287726}]",-0.4162665540533689,1
raw_be_guard_profit_lock_1y,Raw + Breakeven + Guard + ProfitLock,1y,profit_lock,ADA/USDT:USDT,240.4535,240.4535,667.0,2026-01-20 09:00:00+00:00,2026-01-21 00:40:00+00:00,0.3605,0.3556,0.0005,0.0005,940,0.012707407046477283,3.05401273,profit_lock_pullback_restart,0.3821,-0.06,0.3601,-0.021092996881202142,0.3463,0.364,False,short_pullback_restart,1.0,True,1768899600000,1768956000000,"[{'amount': 667.0, 'safe_price': 0.3605, 'ft_order_side': 'sell', 'order_filled_timestamp': 1768899600000, 'ft_is_entry': True, 'ft_order_tag': 'short_pullback_restart', 'cost': 240.57372675}, {'amount': 667.0, 'safe_price': 0.3556, 'ft_order_side': 'buy', 'order_filled_timestamp': 1768956000000, 'ft_is_entry': False, 'ft_order_tag': 'profit_lock_pullback_restart', 'cost': 237.3037926}]",0.0245320778432338,2
raw_be_guard_profit_lock_1y,Raw + Breakeven + Guard + ProfitLock,1y,profit_lock,NEAR/USDT:USDT,201.369,201.369,129.0,2026-01-20 07:00:00+00:00,2026-01-21 01:15:00+00:00,1.561,1.54,0.0005,0.0005,1095,0.012588261961182855,2.53361828,profit_lock_pullback_restart,1.654,-0.06,1.559,-0.027975609756097697,1.487,1.568,False,short_pullback_restart,1.0,True,1768892400000,1768958100000,"[{'amount': 129.0, 'safe_price': 1.561, 'ft_order_side': 'sell', 'order_filled_timestamp': 1768892400000, 'ft_is_entry': True, 'ft_order_tag': 'short_pullback_restart', 'cost': 201.4696845}, {'amount': 129.0, 'safe_price': 1.54, 'ft_order_side': 'buy', 'order_filled_timestamp': 1768958100000, 'ft_is_entry': False, 'ft_order_tag': 'profit_lock_pullback_restart', 'cost': 198.75932999999998}]",0.0246327772976646,2
raw_be_guard_profit_lock_1y,Raw + Breakeven + Guard + ProfitLock,1y,profit_lock,XRP/USDT:USDT,383.11926,383.11926,198.6,2026-01-22 14:00:00+00:00,2026-01-23 16:00:00+00:00,1.9291,1.9271,0.0005,0.0005,1560,0.0001256164543685973,0.04810202,trailing_stop_loss,2.0448,-0.06,1.9271,-0.021017695364238476,1.8862,1.9349,False,short_pullback_restart,1.0,True,1769090400000,1769184000000,"[{'amount': 198.6, 'safe_price': 1.9291, 'ft_order_side': 'sell', 'order_filled_timestamp': 1769090400000, 'ft_is_entry': True, 'ft_order_tag': 'short_pullback_restart', 'cost': 383.31081962999997}, {'amount': 198.6, 'safe_price': 1.9271, 'ft_order_side': 'buy', 'order_filled_timestamp': 1769184000000, 'ft_is_entry': False, 'ft_order_tag': 'trailing_stop_loss', 'cost': 382.91342103}]",0.0338226779985291,4
raw_be_guard_profit_lock_1y,Raw + Breakeven + Guard + ProfitLock,1y,profit_lock,ADA/USDT:USDT,267.3513,267.3513,747.0,2026-01-22 15:00:00+00:00,2026-01-23 17:25:00+00:00,0.3579,0.368,0.0005,0.0005,1585,-0.029336495671154632,-7.83922868,trailing_stop_loss,0.3793,-0.06,0.368,-0.027359019305571497,0.3522,0.3681,False,short_pullback_restart,1.0,True,1769094000000,1769189100000,"[{'amount': 747.0, 'safe_price': 0.3579, 'ft_order_side': 'sell', 'order_filled_timestamp': 1769094000000, 'ft_is_entry': True, 'ft_order_tag': 'short_pullback_restart', 'cost': 267.48497564999997}, {'amount': 747.0, 'safe_price': 0.368, 'ft_order_side': 'buy', 'order_filled_timestamp': 1769189100000, 'ft_is_entry': False, 'ft_order_tag': 'trailing_stop_loss', 'cost': 275.033448}]",-0.0234050305118517,4
raw_be_guard_profit_lock_1y,Raw + Breakeven + Guard + ProfitLock,1y,profit_lock,DOGE/USDT:USDT,266.82456,266.82456,2148.0,2026-01-22 15:00:00+00:00,2026-01-23 17:35:00+00:00,0.12422,0.12774,0.0005,0.0005,1595,-0.029399744449830515,-7.84065159,trailing_stop_loss,0.13167,-0.06,0.12774,-0.028746985682621018,0.12194,0.12783,False,short_pullback_restart,1.0,True,1769094000000,1769189700000,"[{'amount': 2148.0, 'safe_price': 0.12422, 'ft_order_side': 'sell', 'order_filled_timestamp': 1769094000000, 'ft_is_entry': True, 'ft_order_tag': 'short_pullback_restart', 'cost': 266.95797228}, {'amount': 2148.0, 'safe_price': 0.12774, 'ft_order_side': 'buy', 'order_filled_timestamp': 1769189700000, 'ft_is_entry': False, 'ft_order_tag': 'trailing_stop_loss', 'cost': 274.52271276}]",-0.009086545638126001,4
raw_be_guard_profit_lock_1y,Raw + Breakeven + Guard + ProfitLock,1y,profit_lock,NEAR/USDT:USDT,135.226,135.226,91.0,2026-01-25 09:00:00+00:00,2026-01-26 01:05:00+00:00,1.486,1.453,0.0005,0.0005,965,0.021285053216860302,2.87685346,profit_giveback_guard,1.575,-0.06,1.484,-0.02098624484181566,1.408,1.511,False,short_pullback_restart,1.0,True,1769331600000,1769389500000,"[{'amount': 91.0, 'safe_price': 1.486, 'ft_order_side': 'sell', 'order_filled_timestamp': 1769331600000, 'ft_is_entry': True, 'ft_order_tag': 'short_pullback_restart', 'cost': 135.293613}, {'amount': 91.0, 'safe_price': 1.453, 'ft_order_side': 'buy', 'order_filled_timestamp': 1769389500000, 'ft_is_entry': False, 'ft_order_tag': 'profit_giveback_guard', 'cost': 132.28911150000002}]",0.007577964939999999,0
raw_be_guard_profit_lock_1y,Raw + Breakeven + Guard + ProfitLock,1y,profit_lock,TAO/USDT:USDT,383.74353,383.74353,1.629,2026-01-25 05:00:00+00:00,2026-01-26 01:10:00+00:00,235.57,230.03,0.0005,0.0005,1210,0.022637184909992652,8.68252981,profit_giveback_guard,249.7,-0.06,235.33,-0.02319317391304354,220.39,237.77,False,short_pullback_restart,1.0,True,1769317200000,1769389800000,"[{'amount': 1.629, 'safe_price': 235.57, 'ft_order_side': 'sell', 'order_filled_timestamp': 1769317200000, 'ft_is_entry': True, 'ft_order_tag': 'short_pullback_restart', 'cost': 383.93540176499994}, {'amount': 1.629, 'safe_price': 230.03, 'ft_order_side': 'buy', 'order_filled_timestamp': 1769389800000, 'ft_is_entry': False, 'ft_order_tag': 'profit_giveback_guard', 'cost': 374.90622943499994}]",0.03710100664709968,0
raw_be_guard_profit_lock_1y,Raw + Breakeven + Guard + ProfitLock,1y,profit_lock,ETH/USDT:USDT,382.4002,382.4002,0.13,2026-01-25 04:00:00+00:00,2026-01-26 01:25:00+00:00,2941.54,2874.66,0.0005,0.0005,1285,0.021736058497245237,8.30771718,profit_giveback_guard,3118.03,-0.06,2938.59,-0.022441272050381045,2784.15,2948.15,False,short_pullback_restart,1.0,True,1769313600000,1769390700000,"[{'amount': 0.13, 'safe_price': 2941.54, 'ft_order_side': 'sell', 'order_filled_timestamp': 1769313600000, 'ft_is_entry': True, 'ft_order_tag': 'short_pullback_restart', 'cost': 382.5914001}, {'amount': 0.13, 'safe_price': 2874.66, 'ft_order_side': 'buy', 'order_filled_timestamp': 1769390700000, 'ft_is_entry': False, 'ft_order_tag': 'profit_giveback_guard', 'cost': 373.8926529}]",-0.00862981972437285,0
raw_be_guard_profit_lock_1y,Raw + Breakeven + Guard + ProfitLock,1y,profit_lock,LINK/USDT:USDT,194.96727,194.96727,15.93,2026-01-22 15:00:00+00:00,2026-01-26 07:55:00+00:00,12.239,11.855,0.0005,0.0005,5335,0.030389825074820544,5.92205872,profit_giveback_guard,12.973,-0.06,12.226,-0.021791826842721296,11.355,12.495,False,short_pullback_restart,1.0,True,1769094000000,1769414100000,"[{'amount': 15.93, 'safe_price': 12.239, 'ft_order_side': 'sell', 'order_filled_timestamp': 1769094000000, 'ft_is_entry': True, 'ft_order_tag': 'short_pullback_restart', 'cost': 195.06475363500002}, {'amount': 15.93, 'safe_price': 11.855, 'ft_order_side': 'buy', 'order_filled_timestamp': 1769414100000, 'ft_is_entry': False, 'ft_order_tag': 'profit_giveback_guard', 'cost': 188.94457507500002}]",-0.0031525686883668398,0
raw_be_guard_profit_lock_1y,Raw + Breakeven + Guard + ProfitLock,1y,profit_lock,SOL/USDT:USDT,392.7847,392.7847,3.19,2026-01-27 14:00:00+00:00,2026-01-27 16:00:00+00:00,123.13,125.29,0.0005,0.0005,120,-0.018535842352410417,-7.27695498,stop_loss,130.51,-0.06,125.29,-0.017611653936642213,123.12,125.42,False,short_pullback_restart,1.0,True,1769522400000,1769529600000,"[{'amount': 3.19, 'safe_price': 123.13, 'ft_order_side': 'sell', 'order_filled_timestamp': 1769522400000, 'ft_is_entry': True, 'ft_order_tag': 'short_pullback_restart', 'cost': 392.98109235}, {'amount': 3.19, 'safe_price': 125.29, 'ft_order_side': 'buy', 'order_filled_timestamp': 1769529600000, 'ft_is_entry': False, 'ft_order_tag': 'stop_loss', 'cost': 399.87493754999997}]",0.00967491933404743,1
raw_be_guard_profit_lock_1y,Raw + Breakeven + Guard + ProfitLock,1y,profit_lock,ZEC/USDT:USDT,238.31417,238.31417,0.659,2026-01-29 12:00:00+00:00,2026-01-29 16:50:00+00:00,361.63,357.49,0.0005,0.0005,290,0.010557211291813917,2.51467508,profit_lock_compression_breakdown,383.32,-0.06,361.26,-0.024903883798121917,350.05,364.92,False,short_compression_breakdown,1.0,True,1769688000000,1769705400000,"[{'amount': 0.659, 'safe_price': 361.63, 'ft_order_side': 'sell', 'order_filled_timestamp': 1769688000000, 'ft_is_entry': True, 'ft_order_tag': 'short_compression_breakdown', 'cost': 238.433327085}, {'amount': 0.659, 'safe_price': 357.49, 'ft_order_side': 'buy', 'order_filled_timestamp': 1769705400000, 'ft_is_entry': False, 'ft_order_tag': 'profit_lock_compression_breakdown', 'cost': 235.703702955}]",0.023365117849724004,3
raw_be_guard_profit_lock_1y,Raw + Breakeven + Guard + ProfitLock,1y,profit_lock,SOL/USDT:USDT,66.165,66.165,0.55,2026-01-29 15:00:00+00:00,2026-01-29 16:55:00+00:00,120.3,118.19,0.0005,0.0005,115,0.016482011125717018,1.089987,profit_lock_compression_breakdown,127.51,-0.06,120.17,-0.02507420675537353,116.03,120.38,False,short_compression_breakdown,1.0,True,1769698800000,1769705700000,"[{'amount': 0.55, 'safe_price': 120.3, 'ft_order_side': 'sell', 'order_filled_timestamp': 1769698800000, 'ft_is_entry': True, 'ft_order_tag': 'short_compression_breakdown', 'cost': 66.1980825}, {'amount': 0.55, 'safe_price': 118.19, 'ft_order_side': 'buy', 'order_filled_timestamp': 1769705700000, 'ft_is_entry': False, 'ft_order_tag': 'profit_lock_compression_breakdown', 'cost': 65.03700225}]",-0.0049282478881251,3
raw_be_guard_profit_lock_1y,Raw + Breakeven + Guard + ProfitLock,1y,profit_lock,TAO/USDT:USDT,224.72985,224.72985,0.961,2026-01-29 02:00:00+00:00,2026-01-29 17:20:00+00:00,233.85,224.4,0.0005,0.0005,920,0.039354073557757295,8.83961303,profit_lock_pullback_restart,247.88,-0.06,233.61,-0.020469794260254304,214.16,234.61,False,short_pullback_restart,1.0,True,1769652000000,1769707200000,"[{'amount': 0.961, 'safe_price': 233.85, 'ft_order_side': 'sell', 'order_filled_timestamp': 1769652000000, 'ft_is_entry': True, 'ft_order_tag': 'short_pullback_restart', 'cost': 224.84221492499998}, {'amount': 0.961, 'safe_price': 224.4, 'ft_order_side': 'buy', 'order_filled_timestamp': 1769707200000, 'ft_is_entry': False, 'ft_order_tag': 'profit_lock_pullback_restart', 'cost': 215.7562242}]",-0.021647844419365,3
raw_be_guard_profit_lock_1y,Raw + Breakeven + Guard + ProfitLock,1y,profit_lock,XRP/USDT:USDT,251.7984,251.7984,134.4,2026-01-29 03:00:00+00:00,2026-01-29 17:20:00+00:00,1.8735,1.8387,0.0005,0.0005,860,0.017447805127861628,4.39113275,profit_lock_pullback_restart,1.9859,-0.06,1.8716,-0.021351432469304044,1.7845,1.8889,False,short_pullback_restart,1.0,True,1769655600000,1769707200000,"[{'amount': 134.4, 'safe_price': 1.8735, 'ft_order_side': 'sell', 'order_filled_timestamp': 1769655600000, 'ft_is_entry': True, 'ft_order_tag': 'short_pullback_restart', 'cost': 251.9242992}, {'amount': 134.4, 'safe_price': 1.8387, 'ft_order_side': 'buy', 'order_filled_timestamp': 1769707200000, 'ft_is_entry': False, 'ft_order_tag': 'profit_lock_pullback_restart', 'cost': 247.24484064}]",-0.03652741494968832,3
raw_be_guard_profit_lock_1y,Raw + Breakeven + Guard + ProfitLock,1y,profit_lock,BTC/USDT:USDT,86.9788,86.9788,0.001,2026-01-29 15:00:00+00:00,2026-01-30 04:20:00+00:00,86978.8,83129.7,0.0005,0.0005,800,0.043379960731399284,3.77125036,profit_lock_compression_breakdown,92197.5,-0.06,86891.8,-0.021085474896442413,81000.0,87013.7,False,short_compression_breakdown,1.0,True,1769698800000,1769746800000,"[{'amount': 0.001, 'safe_price': 86978.8, 'ft_order_side': 'sell', 'order_filled_timestamp': 1769698800000, 'ft_is_entry': True, 'ft_order_tag': 'short_compression_breakdown', 'cost': 87.0222894}, {'amount': 0.001, 'safe_price': 83129.7, 'ft_order_side': 'buy', 'order_filled_timestamp': 1769746800000, 'ft_is_entry': False, 'ft_order_tag': 'profit_lock_compression_breakdown', 'cost': 83.17126485}]",0.007204611958849491,4
raw_be_guard_profit_lock_1y,Raw + Breakeven + Guard + ProfitLock,1y,profit_lock,ADA/USDT:USDT,245.9808,245.9808,702.0,2026-01-29 03:00:00+00:00,2026-01-30 19:25:00+00:00,0.3504,0.3311,0.0005,0.0005,2425,0.053840456650680255,13.23709674,profit_lock_pullback_restart,0.3714,-0.06,0.35,-0.02085039370078756,0.3157,0.353,False,short_pullback_restart,1.0,True,1769655600000,1769801100000,"[{'amount': 702.0, 'safe_price': 0.3504, 'ft_order_side': 'sell', 'order_filled_timestamp': 1769655600000, 'ft_is_entry': True, 'ft_order_tag': 'short_pullback_restart', 'cost': 246.10379039999998}, {'amount': 702.0, 'safe_price': 0.3311, 'ft_order_side': 'buy', 'order_filled_timestamp': 1769801100000, 'ft_is_entry': False, 'ft_order_tag': 'profit_lock_pullback_restart', 'cost': 232.54841609999997}]",-0.0722967643650096,4
raw_be_guard_profit_lock_1y,Raw + Breakeven + Guard + ProfitLock,1y,profit_lock,LINK/USDT:USDT,194.05155,194.05155,18.55,2026-01-31 09:00:00+00:00,2026-01-31 17:10:00+00:00,10.461,9.86,0.0005,0.0005,490,0.05651666767661346,10.96166339,profit_lock_pullback_restart,11.088,-0.06,10.45,-0.02056044921875011,9.357,10.572,False,short_pullback_restart,1.0,True,1769850000000,1769879400000,"[{'amount': 18.55, 'safe_price': 10.461, 'ft_order_side': 'sell', 'order_filled_timestamp': 1769850000000, 'ft_is_entry': True, 'ft_order_tag': 'short_pullback_restart', 'cost': 194.148575775}, {'amount': 18.55, 'safe_price': 9.86, 'ft_order_side': 'buy', 'order_filled_timestamp': 1769879400000, 'ft_is_entry': False, 'ft_order_tag': 'profit_lock_pullback_restart', 'cost': 182.99445149999997}]",0.0015906650969999998,5
raw_be_guard_profit_lock_1y,Raw + Breakeven + Guard + ProfitLock,1y,profit_lock,BNB/USDT:USDT,259.2623,259.2623,0.31,2026-01-31 09:00:00+00:00,2026-01-31 18:40:00+00:00,836.33,751.94,0.0005,0.0005,580,0.10000560047101138,25.91471815,roi,886.5,-0.06,835.49,-0.021798121491555467,749.21,841.47,False,short_pullback_restart,1.0,True,1769850000000,1769884800000,"[{'amount': 0.31, 'safe_price': 836.33, 'ft_order_side': 'sell', 'order_filled_timestamp': 1769850000000, 'ft_is_entry': True, 'ft_order_tag': 'short_pullback_restart', 'cost': 259.39193115}, {'amount': 0.31, 'safe_price': 751.94, 'ft_order_side': 'buy', 'order_filled_timestamp': 1769884800000, 'ft_is_entry': False, 'ft_order_tag': 'roi', 'cost': 233.2179507}]",0.0,5
raw_be_guard_profit_lock_1y,Raw + Breakeven + Guard + ProfitLock,1y,profit_lock,TAO/USDT:USDT,208.28745,208.28745,1.085,2026-02-03 15:00:00+00:00,2026-02-03 19:15:00+00:00,191.97,191.03,0.0005,0.0005,255,0.003952309552203551,0.82280487,profit_lock_pullback_restart,203.48,-0.06,191.77,-0.021726318593500382,184.33,197.18,False,short_pullback_restart,1.0,True,1770130800000,1770146100000,"[{'amount': 1.085, 'safe_price': 191.97, 'ft_order_side': 'sell', 'order_filled_timestamp': 1770130800000, 'ft_is_entry': True, 'ft_order_tag': 'short_pullback_restart', 'cost': 208.39159372499998}, {'amount': 1.085, 'safe_price': 191.03, 'ft_order_side': 'buy', 'order_filled_timestamp': 1770146100000, 'ft_is_entry': False, 'ft_order_tag': 'profit_lock_pullback_restart', 'cost': 207.371183775}]",0.0106823675,1
raw_be_guard_profit_lock_1y,Raw + Breakeven + Guard + ProfitLock,1y,profit_lock,XRP/USDT:USDT,135.21704,135.21704,86.8,2026-02-03 18:00:00+00:00,2026-02-03 19:15:00+00:00,1.5578,1.5707,0.0005,0.0005,75,-0.009289694275819384,-1.2554969,profit_lock_compression_breakdown,1.6512,-0.06,1.6291,-0.04581120537921812,1.5263,1.5784,False,short_compression_breakdown,1.0,True,1770141600000,1770146100000,"[{'amount': 86.8, 'safe_price': 1.5578, 'ft_order_side': 'sell', 'order_filled_timestamp': 1770141600000, 'ft_is_entry': True, 'ft_order_tag': 'short_compression_breakdown', 'cost': 135.28464852}, {'amount': 86.8, 'safe_price': 1.5707, 'ft_order_side': 'buy', 'order_filled_timestamp': 1770146100000, 'ft_is_entry': False, 'ft_order_tag': 'profit_lock_compression_breakdown', 'cost': 136.40492838}]",0.0,1
raw_be_guard_profit_lock_1y,Raw + Breakeven + Guard + ProfitLock,1y,profit_lock,SOL/USDT:USDT,197.5288,197.5288,1.96,2026-02-03 15:00:00+00:00,2026-02-03 19:20:00+00:00,100.78,99.38,0.0005,0.0005,260,0.01273798453389936,2.51486074,profit_lock_pullback_restart,106.82,-0.06,100.67,-0.020983875874657665,96.6,102.73,False,short_pullback_restart,1.0,True,1770130800000,1770146400000,"[{'amount': 1.96, 'safe_price': 100.78, 'ft_order_side': 'sell', 'order_filled_timestamp': 1770130800000, 'ft_is_entry': True, 'ft_order_tag': 'short_pullback_restart', 'cost': 197.62756439999998}, {'amount': 1.96, 'safe_price': 99.38, 'ft_order_side': 'buy', 'order_filled_timestamp': 1770146400000, 'ft_is_entry': False, 'ft_order_tag': 'profit_lock_pullback_restart', 'cost': 194.88219239999998}]",-0.03298245971080922,1
raw_be_guard_profit_lock_1y,Raw + Breakeven + Guard + ProfitLock,1y,profit_lock,BTC/USDT:USDT,229.3746,229.3746,0.003,2026-02-03 17:00:00+00:00,2026-02-03 20:25:00+00:00,76458.2,75478.7,0.0005,0.0005,205,0.011823238603196066,2.71059465,profit_lock_pullback_restart,81045.6,-0.06,76381.7,-0.020536414736113562,72889.2,76500.0,False,short_pullback_restart,1.0,True,1770138000000,1770150300000,"[{'amount': 0.003, 'safe_price': 76458.2, 'ft_order_side': 'sell', 'order_filled_timestamp': 1770138000000, 'ft_is_entry': True, 'ft_order_tag': 'short_pullback_restart', 'cost': 229.48928729999997}, {'amount': 0.003, 'safe_price': 75478.7, 'ft_order_side': 'buy', 'order_filled_timestamp': 1770150300000, 'ft_is_entry': False, 'ft_order_tag': 'profit_lock_pullback_restart', 'cost': 226.54931804999998}]",0.0,1
raw_be_guard_profit_lock_1y,Raw + Breakeven + Guard + ProfitLock,1y,profit_lock,NEAR/USDT:USDT,212.097,212.097,183.0,2026-02-04 14:00:00+00:00,2026-02-04 16:10:00+00:00,1.159,1.157,0.0005,0.0005,130,0.0008009293736294212,0.16978978,trailing_stop_loss,1.228,-0.06,1.157,-0.02373209549071631,1.131,1.167,False,short_pullback_restart,1.0,True,1770213600000,1770221400000,"[{'amount': 183.0, 'safe_price': 1.159, 'ft_order_side': 'sell', 'order_filled_timestamp': 1770213600000, 'ft_is_entry': True, 'ft_order_tag': 'short_pullback_restart', 'cost': 212.2030485}, {'amount': 183.0, 'safe_price': 1.157, 'ft_order_side': 'buy', 'order_filled_timestamp': 1770221400000, 'ft_is_entry': False, 'ft_order_tag': 'trailing_stop_loss', 'cost': 211.8368655}]",0.015703779,2
raw_be_guard_profit_lock_1y,Raw + Breakeven + Guard + ProfitLock,1y,profit_lock,TRX/USDT:USDT,414.64346,414.64346,1463.0,2026-02-01 17:00:00+00:00,2026-02-04 17:05:00+00:00,0.28342,0.28314,0.0005,0.0005,4325,-0.002427117249472772,-1.0058851,stale_loss_72h,0.30042,-0.06,0.28772,-0.015201674698184897,0.28079,0.28741,False,short_pullback_restart,1.0,True,1769965200000,1770224700000,"[{'amount': 1463.0, 'safe_price': 0.28342, 'ft_order_side': 'sell', 'order_filled_timestamp': 1769965200000, 'ft_is_entry': True, 'ft_order_tag': 'short_pullback_restart', 'cost': 414.85078173}, {'amount': 1463.0, 'safe_price': 0.28314, 'ft_order_side': 'buy', 'order_filled_timestamp': 1770224700000, 'ft_is_entry': False, 'ft_order_tag': 'stale_loss_72h', 'cost': 414.44093690999995}]",-1.0010864556611072,2
raw_be_guard_profit_lock_1y,Raw + Breakeven + Guard + ProfitLock,1y,profit_lock,TRX/USDT:USDT,416.11665,416.11665,1479.0,2026-02-05 03:00:00+00:00,2026-02-06 17:35:00+00:00,0.28135,0.27381,0.0005,0.0005,2315,0.022222534145729608,9.24254288,profit_giveback_guard,0.29823,-0.06,0.28106,-0.02519933615407055,0.26645,0.28221,False,short_pullback_restart,1.0,True,1770260400000,1770399300000,"[{'amount': 1479.0, 'safe_price': 0.28135, 'ft_order_side': 'sell', 'order_filled_timestamp': 1770260400000, 'ft_is_entry': True, 'ft_order_tag': 'short_pullback_restart', 'cost': 416.32470832499996}, {'amount': 1479.0, 'safe_price': 0.27381, 'ft_order_side': 'buy', 'order_filled_timestamp': 1770399300000, 'ft_is_entry': False, 'ft_order_tag': 'profit_giveback_guard', 'cost': 405.16747249499997}]",-1.498576298028603,4
raw_be_guard_profit_lock_1y,Raw + Breakeven + Guard + ProfitLock,1y,profit_lock,BNB/USDT:USDT,246.4215,246.4215,0.39,2026-02-09 08:00:00+00:00,2026-02-09 13:15:00+00:00,631.85,630.14,0.0005,0.0005,315,0.0017085459719651706,0.42081195,profit_lock_pullback_restart,669.76,-0.06,631.21,-0.023425507077192487,615.97,633.51,False,short_pullback_restart,1.0,True,1770624000000,1770642900000,"[{'amount': 0.39, 'safe_price': 631.85, 'ft_order_side': 'sell', 'order_filled_timestamp': 1770624000000, 'ft_is_entry': True, 'ft_order_tag': 'short_pullback_restart', 'cost': 246.54471075}, {'amount': 0.39, 'safe_price': 630.14, 'ft_order_side': 'buy', 'order_filled_timestamp': 1770642900000, 'ft_is_entry': False, 'ft_order_tag': 'profit_lock_pullback_restart', 'cost': 245.8774773}]",0.0,0
raw_be_guard_profit_lock_1y,Raw + Breakeven + Guard + ProfitLock,1y,profit_lock,TAO/USDT:USDT,225.66778,225.66778,1.469,2026-02-10 19:00:00+00:00,2026-02-11 02:30:00+00:00,153.62,153.18,0.0005,0.0005,450,0.0019321583388708424,0.43580787,profit_lock_compression_breakdown,162.83,-0.06,159.74,-0.03988359409327802,151.29,154.99,False,short_compression_breakdown,1.0,True,1770750000000,1770777000000,"[{'amount': 1.469, 'safe_price': 153.62, 'ft_order_side': 'sell', 'order_filled_timestamp': 1770750000000, 'ft_is_entry': True, 'ft_order_tag': 'short_compression_breakdown', 'cost': 225.78061389}, {'amount': 1.469, 'safe_price': 153.18, 'ft_order_side': 'buy', 'order_filled_timestamp': 1770777000000, 'ft_is_entry': False, 'ft_order_tag': 'profit_lock_compression_breakdown', 'cost': 225.13393071000002}]",0.01479247191651593,2
raw_be_guard_profit_lock_1y,Raw + Breakeven + Guard + ProfitLock,1y,profit_lock,SUI/USDT:USDT,229.0739,229.0739,249.4,2026-02-10 19:00:00+00:00,2026-02-11 12:25:00+00:00,0.9185,0.9013,0.0005,0.0005,1045,0.01783063651827363,4.08249118,profit_lock_compression_breakdown,0.9736,-0.06,0.9175,-0.023857955813434417,0.883,0.9372,False,short_compression_breakdown,1.0,True,1770750000000,1770812700000,"[{'amount': 249.4, 'safe_price': 0.9185, 'ft_order_side': 'sell', 'order_filled_timestamp': 1770750000000, 'ft_is_entry': True, 'ft_order_tag': 'short_compression_breakdown', 'cost': 229.18843695}, {'amount': 249.4, 'safe_price': 0.9013, 'ft_order_side': 'buy', 'order_filled_timestamp': 1770812700000, 'ft_is_entry': False, 'ft_order_tag': 'profit_lock_compression_breakdown', 'cost': 224.89661211}]",0.0197402414432,2
raw_be_guard_profit_lock_1y,Raw + Breakeven + Guard + ProfitLock,1y,profit_lock,SOL/USDT:USDT,224.6319,224.6319,2.71,2026-02-10 19:00:00+00:00,2026-02-11 13:35:00+00:00,82.89,81.65,0.0005,0.0005,1115,0.01392006012849194,3.12532611,profit_lock_compression_breakdown,87.86,-0.06,82.8,-0.02560205598216503,80.23,84.34,False,short_compression_breakdown,1.0,True,1770750000000,1770816900000,"[{'amount': 2.71, 'safe_price': 82.89, 'ft_order_side': 'sell', 'order_filled_timestamp': 1770750000000, 'ft_is_entry': True, 'ft_order_tag': 'short_compression_breakdown', 'cost': 224.74421594999998}, {'amount': 2.71, 'safe_price': 81.65, 'ft_order_side': 'buy', 'order_filled_timestamp': 1770816900000, 'ft_is_entry': False, 'ft_order_tag': 'profit_lock_compression_breakdown', 'cost': 221.38213575}]",-0.012122194224,2
raw_be_guard_profit_lock_1y,Raw + Breakeven + Guard + ProfitLock,1y,profit_lock,LINK/USDT:USDT,130.00988,130.00988,15.47,2026-02-11 05:00:00+00:00,2026-02-11 14:00:00+00:00,8.404,8.395,0.0005,0.0005,540,9.432692127596711e-05,0.0122573,trailing_stop_loss,8.908,-0.06,8.395,-0.020617067833697877,8.188,8.434,False,short_pullback_restart,1.0,True,1770786000000,1770818400000,"[{'amount': 15.47, 'safe_price': 8.404, 'ft_order_side': 'sell', 'order_filled_timestamp': 1770786000000, 'ft_is_entry': True, 'ft_order_tag': 'short_pullback_restart', 'cost': 130.07488494}, {'amount': 15.47, 'safe_price': 8.395, 'ft_order_side': 'buy', 'order_filled_timestamp': 1770818400000, 'ft_is_entry': False, 'ft_order_tag': 'trailing_stop_loss', 'cost': 129.935585325}]",0.0029675644635000003,2
raw_be_guard_profit_lock_1y,Raw + Breakeven + Guard + ProfitLock,1y,profit_lock,ADA/USDT:USDT,198.334,198.334,757.0,2026-02-10 07:00:00+00:00,2026-02-11 14:05:00+00:00,0.262,0.2583,0.0005,0.0005,1865,0.01278713292532196,2.53485516,profit_lock_pullback_restart,0.2777,-0.06,0.2617,-0.021217323449083336,0.2519,0.2661,False,short_pullback_restart,1.0,True,1770706800000,1770818700000,"[{'amount': 757.0, 'safe_price': 0.262, 'ft_order_side': 'sell', 'order_filled_timestamp': 1770706800000, 'ft_is_entry': True, 'ft_order_tag': 'short_pullback_restart', 'cost': 198.433167}, {'amount': 757.0, 'safe_price': 0.2583, 'ft_order_side': 'buy', 'order_filled_timestamp': 1770818700000, 'ft_is_entry': False, 'ft_order_tag': 'profit_lock_pullback_restart', 'cost': 195.63086654999998}]",-0.0691112875394745,2
raw_be_guard_profit_lock_1y,Raw + Breakeven + Guard + ProfitLock,1y,profit_lock,DOGE/USDT:USDT,214.28713,214.28713,2297.0,2026-02-10 07:00:00+00:00,2026-02-11 14:15:00+00:00,0.09329,0.09197,0.0005,0.0005,1875,0.012937592237830043,2.77097333,profit_lock_pullback_restart,0.09888,-0.06,0.09319,-0.02346485833516354,0.08921,0.09416,False,short_pullback_restart,1.0,True,1770706800000,1770819300000,"[{'amount': 2297.0, 'safe_price': 0.09329, 'ft_order_side': 'sell', 'order_filled_timestamp': 1770706800000, 'ft_is_entry': True, 'ft_order_tag': 'short_pullback_restart', 'cost': 214.394273565}, {'amount': 2297.0, 'safe_price': 0.09197, 'ft_order_side': 'buy', 'order_filled_timestamp': 1770819300000, 'ft_is_entry': False, 'ft_order_tag': 'profit_lock_pullback_restart', 'cost': 211.36071754499997}]",-0.0482955637336154,2
raw_be_guard_profit_lock_1y,Raw + Breakeven + Guard + ProfitLock,1y,profit_lock,BTC/USDT:USDT,202.6464,202.6464,0.003,2026-02-11 05:00:00+00:00,2026-02-11 19:05:00+00:00,67548.8,67339.7,0.0005,0.0005,845,0.0020030963300116116,0.4057173,profit_lock_pullback_restart,71601.7,-0.06,67481.2,-0.025222173436785456,65718.5,68821.1,False,short_pullback_restart,1.0,True,1770786000000,1770836700000,"[{'amount': 0.003, 'safe_price': 67548.8, 'ft_order_side': 'sell', 'order_filled_timestamp': 1770786000000, 'ft_is_entry': True, 'ft_order_tag': 'short_pullback_restart', 'cost': 202.7477232}, {'amount': 0.003, 'safe_price': 67339.7, 'ft_order_side': 'buy', 'order_filled_timestamp': 1770836700000, 'ft_is_entry': False, 'ft_order_tag': 'profit_lock_pullback_restart', 'cost': 202.12010955}]",-0.019249953258000004,2
raw_be_guard_profit_lock_1y,Raw + Breakeven + Guard + ProfitLock,1y,profit_lock,ETH/USDT:USDT,270.70945,270.70945,0.139,2026-02-17 15:00:00+00:00,2026-02-17 16:35:00+00:00,1947.55,2007.95,0.0005,0.0005,95,-0.03209269712673162,-8.68345249,trailing_stop_loss,2064.4,-0.06,2007.95,-0.020955355233311268,1940.01,2009.89,False,short_pullback_restart,1.0,True,1771340400000,1771346100000,"[{'amount': 0.139, 'safe_price': 1947.55, 'ft_order_side': 'sell', 'order_filled_timestamp': 1771340400000, 'ft_is_entry': True, 'ft_order_tag': 'short_pullback_restart', 'cost': 270.844804725}, {'amount': 0.139, 'safe_price': 2007.95, 'ft_order_side': 'buy', 'order_filled_timestamp': 1771346100000, 'ft_is_entry': False, 'ft_order_tag': 'trailing_stop_loss', 'cost': 279.244602525}]",-0.012945242499000002,1
raw_be_guard_profit_lock_1y,Raw + Breakeven + Guard + ProfitLock,1y,profit_lock,LINK/USDT:USDT,205.76145,205.76145,24.51,2026-02-19 14:00:00+00:00,2026-02-20 15:00:00+00:00,8.395,8.763,0.0005,0.0005,1500,-0.044897175510606985,-9.23348888,stop_loss,8.898,-0.06,8.763,-0.04385021543701617,8.338,8.839,False,short_compression_breakdown,1.0,True,1771509600000,1771599600000,"[{'amount': 24.51, 'safe_price': 8.395, 'ft_order_side': 'sell', 'order_filled_timestamp': 1771509600000, 'ft_is_entry': True, 'ft_order_tag': 'short_compression_breakdown', 'cost': 205.86433072499997}, {'amount': 24.51, 'safe_price': 8.763, 'ft_order_side': 'buy', 'order_filled_timestamp': 1771599600000, 'ft_is_entry': False, 'ft_order_tag': 'stop_loss', 'cost': 214.888520565}]",-0.0035375933981531297,4
raw_be_guard_profit_lock_1y,Raw + Breakeven + Guard + ProfitLock,1y,profit_lock,SUI/USDT:USDT,342.93483,342.93483,370.3,2026-02-22 13:00:00+00:00,2026-02-23 01:00:00+00:00,0.9261,0.9087,0.0005,0.0005,720,0.0177268360427326,6.07610993,profit_lock_compression_breakdown,0.9816,-0.06,0.9251,-0.04586694551209569,0.8846,0.9286,False,short_compression_breakdown,1.0,True,1771765200000,1771808400000,"[{'amount': 370.3, 'safe_price': 0.9261, 'ft_order_side': 'sell', 'order_filled_timestamp': 1771765200000, 'ft_is_entry': True, 'ft_order_tag': 'short_compression_breakdown', 'cost': 343.10629741500003}, {'amount': 370.3, 'safe_price': 0.9087, 'ft_order_side': 'buy', 'order_filled_timestamp': 1771808400000, 'ft_is_entry': False, 'ft_order_tag': 'profit_lock_compression_breakdown', 'cost': 336.65985580499995}]",-0.02739684560934237,0
raw_be_guard_profit_lock_1y,Raw + Breakeven + Guard + ProfitLock,1y,profit_lock,ADA/USDT:USDT,330.9972,330.9972,1212.0,2026-02-22 13:00:00+00:00,2026-02-23 01:00:00+00:00,0.2731,0.2681,0.0005,0.0005,720,0.017070573213211426,5.64748678,profit_lock_compression_breakdown,0.2894,-0.06,0.2728,-0.04491344312523937,0.2611,0.2737,False,short_compression_breakdown,1.0,True,1771765200000,1771808400000,"[{'amount': 1212.0, 'safe_price': 0.2731, 'ft_order_side': 'sell', 'order_filled_timestamp': 1771765200000, 'ft_is_entry': True, 'ft_order_tag': 'short_compression_breakdown', 'cost': 331.1626986}, {'amount': 1212.0, 'safe_price': 0.2681, 'ft_order_side': 'buy', 'order_filled_timestamp': 1771808400000, 'ft_is_entry': False, 'ft_order_tag': 'profit_lock_compression_breakdown', 'cost': 325.0996686}]",-0.08454601836498239,0
raw_be_guard_profit_lock_1y,Raw + Breakeven + Guard + ProfitLock,1y,profit_lock,TAO/USDT:USDT,102.2292,102.2292,0.584,2026-02-22 13:00:00+00:00,2026-02-23 01:05:00+00:00,175.05,169.57,0.0005,0.0005,725,0.03016087831295379,3.0817808,profit_lock_compression_breakdown,185.55,-0.06,174.87,-0.022540930885276644,165.83,177.85,False,short_compression_breakdown,1.0,True,1771765200000,1771808700000,"[{'amount': 0.584, 'safe_price': 175.05, 'ft_order_side': 'sell', 'order_filled_timestamp': 1771765200000, 'ft_is_entry': True, 'ft_order_tag': 'short_compression_breakdown', 'cost': 102.2803146}, {'amount': 0.584, 'safe_price': 169.57, 'ft_order_side': 'buy', 'order_filled_timestamp': 1771808700000, 'ft_is_entry': False, 'ft_order_tag': 'profit_lock_compression_breakdown', 'cost': 99.07839443999998}]",-0.017910163944931196,0
raw_be_guard_profit_lock_1y,Raw + Breakeven + Guard + ProfitLock,1y,profit_lock,XRP/USDT:USDT,417.92408,417.92408,296.8,2026-02-22 13:00:00+00:00,2026-02-23 07:40:00+00:00,1.4081,1.3749,0.0005,0.0005,1120,0.022271911333816934,9.30331407,profit_giveback_guard,1.4925,-0.06,1.4066,-0.02059921642603202,1.329,1.41,False,short_pullback_restart,1.0,True,1771765200000,1771832400000,"[{'amount': 296.8, 'safe_price': 1.4081, 'ft_order_side': 'sell', 'order_filled_timestamp': 1771765200000, 'ft_is_entry': True, 'ft_order_tag': 'short_pullback_restart', 'cost': 418.13304203999996}, {'amount': 296.8, 'safe_price': 1.3749, 'ft_order_side': 'buy', 'order_filled_timestamp': 1771832400000, 'ft_is_entry': False, 'ft_order_tag': 'profit_giveback_guard', 'cost': 408.27435516}]",-0.1374487283713236,0
raw_be_guard_profit_lock_1y,Raw + Breakeven + Guard + ProfitLock,1y,profit_lock,NEAR/USDT:USDT,291.128,291.128,302.0,2026-02-24 14:00:00+00:00,2026-02-24 16:10:00+00:00,0.964,0.988,0.0005,0.0005,130,-0.025993575227337775,-7.56367384,trailing_stop_loss,1.021,-0.06,0.988,-0.02726387134956476,0.951,0.99,False,short_compression_breakdown,1.0,True,1771941600000,1771949400000,"[{'amount': 302.0, 'safe_price': 0.964, 'ft_order_side': 'sell', 'order_filled_timestamp': 1771941600000, 'ft_is_entry': True, 'ft_order_tag': 'short_compression_breakdown', 'cost': 291.27356399999996}, {'amount': 302.0, 'safe_price': 0.988, 'ft_order_side': 'buy', 'order_filled_timestamp': 1771949400000, 'ft_is_entry': False, 'ft_order_tag': 'trailing_stop_loss', 'cost': 298.52518799999996}]",-0.0209218352,1
raw_be_guard_profit_lock_1y,Raw + Breakeven + Guard + ProfitLock,1y,profit_lock,LINK/USDT:USDT,296.36566,296.36566,36.62,2026-02-24 14:00:00+00:00,2026-02-25 01:10:00+00:00,8.093,8.324,0.0005,0.0005,670,-0.029624361208652986,-8.77525354,trailing_stop_loss,8.578,-0.06,8.324,-0.022308299952257027,8.05,8.508,False,short_compression_breakdown,1.0,True,1771941600000,1771981800000,"[{'amount': 36.62, 'safe_price': 8.093, 'ft_order_side': 'sell', 'order_filled_timestamp': 1771941600000, 'ft_is_entry': True, 'ft_order_tag': 'short_compression_breakdown', 'cost': 296.51384283}, {'amount': 36.62, 'safe_price': 8.324, 'ft_order_side': 'buy', 'order_filled_timestamp': 1771981800000, 'ft_is_entry': False, 'ft_order_tag': 'trailing_stop_loss', 'cost': 304.9772924399999}]",-0.015438271679700242,2
raw_be_guard_profit_lock_1y,Raw + Breakeven + Guard + ProfitLock,1y,profit_lock,ZEC/USDT:USDT,220.57628,220.57628,0.997,2026-03-06 13:00:00+00:00,2026-03-06 19:25:00+00:00,221.24,210.68,0.0005,0.0005,385,0.046745214547848864,10.30573009,profit_lock_compression_breakdown,234.51,-0.06,221.01,-0.021013350579757173,205.17,221.81,False,short_compression_breakdown,1.0,True,1772802000000,1772825100000,"[{'amount': 0.997, 'safe_price': 221.24, 'ft_order_side': 'sell', 'order_filled_timestamp': 1772802000000, 'ft_is_entry': True, 'ft_order_tag': 'short_compression_breakdown', 'cost': 220.68656814}, {'amount': 0.997, 'safe_price': 210.68, 'ft_order_side': 'buy', 'order_filled_timestamp': 1772825100000, 'ft_is_entry': False, 'ft_order_tag': 'profit_lock_compression_breakdown', 'cost': 210.15298398000002}]",-0.007277787941999375,4
raw_be_guard_profit_lock_1y,Raw + Breakeven + Guard + ProfitLock,1y,profit_lock,SOL/USDT:USDT,295.2426,295.2426,3.58,2026-03-07 20:00:00+00:00,2026-03-08 14:20:00+00:00,82.47,82.25,0.0005,0.0005,1100,0.001393408833357421,0.41118795,profit_lock_compression_breakdown,87.41,-0.06,85.0,-0.030738046996966695,81.11,84.07,False,short_compression_breakdown,1.0,True,1772913600000,1772979600000,"[{'amount': 3.58, 'safe_price': 82.47, 'ft_order_side': 'sell', 'order_filled_timestamp': 1772913600000, 'ft_is_entry': True, 'ft_order_tag': 'short_compression_breakdown', 'cost': 295.39022129999995}, {'amount': 3.58, 'safe_price': 82.25, 'ft_order_side': 'buy', 'order_filled_timestamp': 1772979600000, 'ft_is_entry': False, 'ft_order_tag': 'profit_lock_compression_breakdown', 'cost': 294.60222749999997}]",-0.08156324739869653,6
raw_be_guard_profit_lock_1y,Raw + Breakeven + Guard + ProfitLock,1y,profit_lock,SUI/USDT:USDT,230.55779,230.55779,247.3,2026-03-22 00:00:00+00:00,2026-03-23 05:15:00+00:00,0.9323,0.917,0.0005,0.0005,1755,0.015338356985658226,3.5346095,profit_lock_pullback_restart,0.9882,-0.06,0.9313,-0.024381544214694184,0.8929,0.9462,False,short_pullback_restart,1.0,True,1774137600000,1774242900000,"[{'amount': 247.3, 'safe_price': 0.9323, 'ft_order_side': 'sell', 'order_filled_timestamp': 1774137600000, 'ft_is_entry': True, 'ft_order_tag': 'short_pullback_restart', 'cost': 230.673068895}, {'amount': 247.3, 'safe_price': 0.917, 'ft_order_side': 'buy', 'order_filled_timestamp': 1774242900000, 'ft_is_entry': False, 'ft_order_tag': 'profit_lock_pullback_restart', 'cost': 226.88748705000003}]",-0.02041455122635019,0
raw_be_guard_profit_lock_1y,Raw + Breakeven + Guard + ProfitLock,1y,profit_lock,XRP/USDT:USDT,325.41191,325.41191,231.1,2026-03-22 00:00:00+00:00,2026-03-23 11:05:00+00:00,1.4081,1.4066,0.0005,0.0005,2105,-1.194736205860897e-05,-0.00388587,trailing_stop_loss,1.4925,-0.06,1.4066,-0.024165926465234744,1.3608,1.4368,False,short_pullback_restart,1.0,True,1774137600000,1774263900000,"[{'amount': 231.1, 'safe_price': 1.4081, 'ft_order_side': 'sell', 'order_filled_timestamp': 1774137600000, 'ft_is_entry': True, 'ft_order_tag': 'short_pullback_restart', 'cost': 325.57461595499996}, {'amount': 231.1, 'safe_price': 1.4066, 'ft_order_side': 'buy', 'order_filled_timestamp': 1774263900000, 'ft_is_entry': False, 'ft_order_tag': 'trailing_stop_loss', 'cost': 325.22779263}]",-0.02529728639841615,0
raw_be_guard_profit_lock_1y,Raw + Breakeven + Guard + ProfitLock,1y,profit_lock,BNB/USDT:USDT,346.6595,346.6595,0.55,2026-03-22 00:00:00+00:00,2026-03-23 11:05:00+00:00,630.29,646.74,0.0005,0.0005,2105,-0.027242796972789134,-9.43925239,stop_loss,668.1,-0.06,646.74,-0.0261010184795889,620.0,648.24,False,short_pullback_restart,1.0,True,1774137600000,1774263900000,"[{'amount': 0.55, 'safe_price': 630.29, 'ft_order_side': 'sell', 'order_filled_timestamp': 1774137600000, 'ft_is_entry': True, 'ft_order_tag': 'short_pullback_restart', 'cost': 346.83282975}, {'amount': 0.55, 'safe_price': 646.74, 'ft_order_side': 'buy', 'order_filled_timestamp': 1774263900000, 'ft_is_entry': False, 'ft_order_tag': 'stop_loss', 'cost': 355.8848535}]",-0.04056914437047032,0
raw_be_guard_profit_lock_1y,Raw + Breakeven + Guard + ProfitLock,1y,profit_lock,LINK/USDT:USDT,242.87526,242.87526,27.54,2026-03-22 00:00:00+00:00,2026-03-23 11:05:00+00:00,8.819,8.81,0.0005,0.0005,2105,0.00021438426588677077,0.0520426,trailing_stop_loss,9.348,-0.06,8.81,-0.024439651162790677,8.569,9.134,False,short_pullback_restart,1.0,True,1774137600000,1774263900000,"[{'amount': 27.54, 'safe_price': 8.819, 'ft_order_side': 'sell', 'order_filled_timestamp': 1774137600000, 'ft_is_entry': True, 'ft_order_tag': 'short_pullback_restart', 'cost': 242.99669763}, {'amount': 27.54, 'safe_price': 8.81, 'ft_order_side': 'buy', 'order_filled_timestamp': 1774263900000, 'ft_is_entry': False, 'ft_order_tag': 'trailing_stop_loss', 'cost': 242.74871369999997}]",0.046933929667346996,0
raw_be_guard_profit_lock_1y,Raw + Breakeven + Guard + ProfitLock,1y,profit_lock,XRP/USDT:USDT,277.583,277.583,199.7,2026-03-24 17:00:00+00:00,2026-03-25 11:15:00+00:00,1.39,1.4353,0.0005,0.0005,1095,-0.03368306889707521,-9.34517239,stop_loss,1.4734,-0.06,1.4353,-0.03260072872793085,1.3826,1.4372,False,short_compression_breakdown,1.0,True,1774371600000,1774437300000,"[{'amount': 199.7, 'safe_price': 1.39, 'ft_order_side': 'sell', 'order_filled_timestamp': 1774371600000, 'ft_is_entry': True, 'ft_order_tag': 'short_compression_breakdown', 'cost': 277.72179149999994}, {'amount': 199.7, 'safe_price': 1.4353, 'ft_order_side': 'buy', 'order_filled_timestamp': 1774437300000, 'ft_is_entry': False, 'ft_order_tag': 'stop_loss', 'cost': 286.772724705}]",-0.01665618538366831,2
raw_be_guard_profit_lock_1y,Raw + Breakeven + Guard + ProfitLock,1y,profit_lock,BTC/USDT:USDT,339.3835,339.3835,0.005,2026-03-27 09:00:00+00:00,2026-03-27 10:35:00+00:00,67876.7,67649.6,0.0005,0.0005,95,0.0023486197513894985,0.79668425,profit_lock_compression_breakdown,71949.3,-0.06,69313.6,-0.0258710457007032,66770.9,67912.1,False,short_compression_breakdown,1.0,True,1774602000000,1774607700000,"[{'amount': 0.005, 'safe_price': 67876.7, 'ft_order_side': 'sell', 'order_filled_timestamp': 1774602000000, 'ft_is_entry': True, 'ft_order_tag': 'short_compression_breakdown', 'cost': 339.55319174999994}, {'amount': 0.005, 'safe_price': 67649.6, 'ft_order_side': 'buy', 'order_filled_timestamp': 1774607700000, 'ft_is_entry': False, 'ft_order_tag': 'profit_lock_compression_breakdown', 'cost': 338.417124}]",0.0,4
raw_be_guard_profit_lock_1y,Raw + Breakeven + Guard + ProfitLock,1y,profit_lock,ADA/USDT:USDT,396.648,396.648,1574.0,2026-03-27 09:00:00+00:00,2026-03-27 10:35:00+00:00,0.252,0.2512,0.0005,0.0005,95,0.0021772791157483504,0.8631816,profit_lock_compression_breakdown,0.2671,-0.06,0.2517,-0.02087591240875919,0.2466,0.2521,False,short_compression_breakdown,1.0,True,1774602000000,1774607700000,"[{'amount': 1574.0, 'safe_price': 0.252, 'ft_order_side': 'sell', 'order_filled_timestamp': 1774602000000, 'ft_is_entry': True, 'ft_order_tag': 'short_compression_breakdown', 'cost': 396.846324}, {'amount': 1574.0, 'safe_price': 0.2512, 'ft_order_side': 'buy', 'order_filled_timestamp': 1774607700000, 'ft_is_entry': False, 'ft_order_tag': 'profit_lock_compression_breakdown', 'cost': 395.58649439999994}]",0.0,4
raw_be_guard_profit_lock_1y,Raw + Breakeven + Guard + ProfitLock,1y,profit_lock,NEAR/USDT:USDT,419.196,419.196,362.0,2026-03-29 11:00:00+00:00,2026-03-29 22:55:00+00:00,1.158,1.156,0.0005,0.0005,715,0.0008284372197835671,0.34710393,trailing_stop_loss,1.227,-0.06,1.156,-0.024660761736049475,1.129,1.175,False,short_pullback_restart,1.0,True,1774782000000,1774824900000,"[{'amount': 362.0, 'safe_price': 1.158, 'ft_order_side': 'sell', 'order_filled_timestamp': 1774782000000, 'ft_is_entry': True, 'ft_order_tag': 'short_pullback_restart', 'cost': 419.40559799999994}, {'amount': 362.0, 'safe_price': 1.156, 'ft_order_side': 'buy', 'order_filled_timestamp': 1774824900000, 'ft_is_entry': False, 'ft_order_tag': 'trailing_stop_loss', 'cost': 418.68123599999996}]",0.041937925164,6
raw_be_guard_profit_lock_1y,Raw + Breakeven + Guard + ProfitLock,1y,profit_lock,ETH/USDT:USDT,196.97931,196.97931,0.099,2026-03-27 11:00:00+00:00,2026-03-29 23:00:00+00:00,1989.69,1987.7,0.0005,0.0005,3600,-0.00039761298161407257,-0.07828237,trailing_stop_loss,2109.07,-0.06,1987.7,-0.02641841118696231,1936.54,2049.36,False,short_pullback_restart,1.0,True,1774609200000,1774825200000,"[{'amount': 0.099, 'safe_price': 1989.69, 'ft_order_side': 'sell', 'order_filled_timestamp': 1774609200000, 'ft_is_entry': True, 'ft_order_tag': 'short_pullback_restart', 'cost': 197.077799655}, {'amount': 0.099, 'safe_price': 1987.7, 'ft_order_side': 'buy', 'order_filled_timestamp': 1774825200000, 'ft_is_entry': False, 'ft_order_tag': 'trailing_stop_loss', 'cost': 196.88069115000002}]",-0.07841156783185775,6
raw_be_guard_profit_lock_1y,Raw + Breakeven + Guard + ProfitLock,1y,profit_lock,BNB/USDT:USDT,231.8228,231.8228,0.38,2026-03-29 14:00:00+00:00,2026-03-30 00:15:00+00:00,610.06,609.44,0.0005,0.0005,615,1.6810031085109482e-05,0.003895,trailing_stop_loss,646.66,-0.06,609.44,-0.022549856546031144,596.01,613.56,False,short_pullback_restart,1.0,True,1774792800000,1774829700000,"[{'amount': 0.38, 'safe_price': 610.06, 'ft_order_side': 'sell', 'order_filled_timestamp': 1774792800000, 'ft_is_entry': True, 'ft_order_tag': 'short_pullback_restart', 'cost': 231.93871139999996}, {'amount': 0.38, 'safe_price': 609.44, 'ft_order_side': 'buy', 'order_filled_timestamp': 1774829700000, 'ft_is_entry': False, 'ft_order_tag': 'trailing_stop_loss', 'cost': 231.7029936}]",0.0,0
raw_be_guard_profit_lock_1y,Raw + Breakeven + Guard + ProfitLock,1y,profit_lock,XRP/USDT:USDT,349.4984,349.4984,251.8,2026-03-26 06:00:00+00:00,2026-03-30 00:20:00+00:00,1.388,1.3472,0.0005,0.0005,5420,0.027459274452309716,9.592174,profit_giveback_guard,1.4712,-0.06,1.3866,-0.024010043571375705,1.2937,1.3922,False,short_pullback_restart,1.0,True,1774504800000,1774830000000,"[{'amount': 251.8, 'safe_price': 1.388, 'ft_order_side': 'sell', 'order_filled_timestamp': 1774504800000, 'ft_is_entry': True, 'ft_order_tag': 'short_pullback_restart', 'cost': 349.6731492}, {'amount': 251.8, 'safe_price': 1.3472, 'ft_order_side': 'buy', 'order_filled_timestamp': 1774830000000, 'ft_is_entry': False, 'ft_order_tag': 'profit_giveback_guard', 'cost': 339.39457247999997}]",-0.3369043240566695,0
raw_be_guard_profit_lock_1y,Raw + Breakeven + Guard + ProfitLock,1y,profit_lock,NEAR/USDT:USDT,209.43,209.43,179.0,2026-04-02 02:00:00+00:00,2026-04-02 14:35:00+00:00,1.17,1.168,0.0005,0.0005,755,0.0007652792638022683,0.1601923,trailing_stop_loss,1.24,-0.06,1.168,-0.021704545454545476,1.138,1.171,False,short_pullback_restart,1.0,True,1775095200000,1775140500000,"[{'amount': 179.0, 'safe_price': 1.17, 'ft_order_side': 'sell', 'order_filled_timestamp': 1775095200000, 'ft_is_entry': True, 'ft_order_tag': 'short_pullback_restart', 'cost': 209.53471499999998}, {'amount': 179.0, 'safe_price': 1.168, 'ft_order_side': 'buy', 'order_filled_timestamp': 1775140500000, 'ft_is_entry': False, 'ft_order_tag': 'trailing_stop_loss', 'cost': 209.17653599999997}]",0.0114433049111282,3
raw_be_guard_profit_lock_1y,Raw + Breakeven + Guard + ProfitLock,1y,profit_lock,XRP/USDT:USDT,284.0636,284.0636,214.0,2026-04-02 02:00:00+00:00,2026-04-02 20:40:00+00:00,1.3274,1.3217,0.0005,0.0005,1120,0.002901272683235341,0.82373389,profit_lock_pullback_restart,1.407,-0.06,1.326,-0.020526858550099725,1.2791,1.3293,False,short_pullback_restart,1.0,True,1775095200000,1775162400000,"[{'amount': 214.0, 'safe_price': 1.3274, 'ft_order_side': 'sell', 'order_filled_timestamp': 1775095200000, 'ft_is_entry': True, 'ft_order_tag': 'short_pullback_restart', 'cost': 284.2056318}, {'amount': 214.0, 'safe_price': 1.3217, 'ft_order_side': 'buy', 'order_filled_timestamp': 1775162400000, 'ft_is_entry': False, 'ft_order_tag': 'profit_lock_pullback_restart', 'cost': 282.98522190000006}]",-0.1126124137684392,3
raw_be_guard_profit_lock_1y,Raw + Breakeven + Guard + ProfitLock,1y,profit_lock,BNB/USDT:USDT,421.8384,421.8384,0.69,2026-04-01 14:00:00+00:00,2026-04-04 18:55:00+00:00,611.36,593.75,0.0005,0.0005,4615,0.02787700945796605,11.75371327,profit_giveback_guard,648.04,-0.06,610.74,-0.023629665633118302,570.71,619.98,False,short_pullback_restart,1.0,True,1775052000000,1775328900000,"[{'amount': 0.69, 'safe_price': 611.36, 'ft_order_side': 'sell', 'order_filled_timestamp': 1775052000000, 'ft_is_entry': True, 'ft_order_tag': 'short_pullback_restart', 'cost': 422.04931919999996}, {'amount': 0.69, 'safe_price': 593.75, 'ft_order_side': 'buy', 'order_filled_timestamp': 1775328900000, 'ft_is_entry': False, 'ft_order_tag': 'profit_giveback_guard', 'cost': 409.8923437499999}]",0.018576218586887457,5
raw_be_guard_profit_lock_1y,Raw + Breakeven + Guard + ProfitLock,1y,profit_lock,XRP/USDT:USDT,427.37424,427.37424,328.8,2026-04-05 06:00:00+00:00,2026-04-05 23:15:00+00:00,1.2998,1.323,0.0005,0.0005,1035,-0.01915994092811092,-8.18437096,stop_loss,1.3777,-0.06,1.323,-0.017866565330447726,1.277,1.3318,False,short_pullback_restart,1.0,True,1775368800000,1775430900000,"[{'amount': 328.8, 'safe_price': 1.2998, 'ft_order_side': 'sell', 'order_filled_timestamp': 1775368800000, 'ft_is_entry': True, 'ft_order_tag': 'short_pullback_restart', 'cost': 427.58792712}, {'amount': 328.8, 'safe_price': 1.323, 'ft_order_side': 'buy', 'order_filled_timestamp': 1775430900000, 'ft_is_entry': False, 'ft_order_tag': 'stop_loss', 'cost': 435.2199012}]",-0.12502264371511393,6
raw_be_guard_profit_lock_1y,Raw + Breakeven + Guard + ProfitLock,1y,profit_lock,ADA/USDT:USDT,397.4915,397.4915,1685.0,2026-04-13 00:00:00+00:00,2026-04-13 12:50:00+00:00,0.2359,0.2413,0.0005,0.0005,770,-0.02426210145260911,-9.63915711,stop_loss,0.25,-0.06,0.2413,-0.022892263088250653,0.2357,0.2419,False,short_compression_breakdown,1.0,True,1776038400000,1776084600000,"[{'amount': 1685.0, 'safe_price': 0.2359, 'ft_order_side': 'sell', 'order_filled_timestamp': 1776038400000, 'ft_is_entry': True, 'ft_order_tag': 'short_compression_breakdown', 'cost': 397.69024575}, {'amount': 1685.0, 'safe_price': 0.2413, 'ft_order_side': 'buy', 'order_filled_timestamp': 1776084600000, 'ft_is_entry': False, 'ft_order_tag': 'stop_loss', 'cost': 406.79379524999996}]",-0.138116113416583,0
raw_be_guard_profit_lock_1y,Raw + Breakeven + Guard + ProfitLock,1y,profit_lock,BTC/USDT:USDT,385.153,385.153,0.005,2026-04-18 00:00:00+00:00,2026-04-18 18:35:00+00:00,77030.6,75490.0,0.0005,0.0005,1115,-0.02078238928480343,-8.00840178,stop_loss,72408.8,-0.06,75490.0,-0.02000004705922065,75481.6,77380.0,False,long_1d_center_compression,1.0,False,1776470400000,1776537300000,"[{'amount': 0.005, 'safe_price': 77030.6, 'ft_order_side': 'buy', 'order_filled_timestamp': 1776470400000, 'ft_is_entry': True, 'ft_order_tag': 'long_1d_center_compression', 'cost': 385.3455765}, {'amount': 0.005, 'safe_price': 75490.0, 'ft_order_side': 'sell', 'order_filled_timestamp': 1776537300000, 'ft_is_entry': False, 'ft_order_tag': 'stop_loss', 'cost': 377.63872499999997}]",0.07589971711763288,5
raw_be_guard_profit_lock_1y,Raw + Breakeven + Guard + ProfitLock,1y,profit_lock,TRX/USDT:USDT,421.2404,421.2404,1288.0,2026-04-16 00:00:00+00:00,2026-04-20 14:00:00+00:00,0.32705,0.32738,0.0005,0.0005,6600,0.00013114923763565727,0.05527298,trailing_stop_loss,0.30743,-0.06,0.32738,-0.019946563285834218,0.32291,0.33659,False,long_1d_center_compression,1.0,False,1776297600000,1776693600000,"[{'amount': 1288.0, 'safe_price': 0.32705, 'ft_order_side': 'buy', 'order_filled_timestamp': 1776297600000, 'ft_is_entry': True, 'ft_order_tag': 'long_1d_center_compression', 'cost': 421.4510202}, {'amount': 1288.0, 'safe_price': 0.32738, 'ft_order_side': 'sell', 'order_filled_timestamp': 1776693600000, 'ft_is_entry': False, 'ft_order_tag': 'trailing_stop_loss', 'cost': 421.87627272}]",0.0516859039907056,0
raw_be_guard_profit_lock_1y,Raw + Breakeven + Guard + ProfitLock,1y,profit_lock,TAO/USDT:USDT,339.51444,339.51444,1.371,2026-04-30 15:00:00+00:00,2026-05-01 03:00:00+00:00,247.64,252.29,0.0005,0.0005,720,-0.019683787072421677,-6.67958848,trailing_stop_loss,262.49,-0.06,252.29,-0.015218672035330671,247.21,253.83,False,short_compression_breakdown,1.0,True,1777561200000,1777604400000,"[{'amount': 1.371, 'safe_price': 247.64, 'ft_order_side': 'sell', 'order_filled_timestamp': 1777561200000, 'ft_is_entry': True, 'ft_order_tag': 'short_compression_breakdown', 'cost': 339.68419722}, {'amount': 1.371, 'safe_price': 252.29, 'ft_order_side': 'buy', 'order_filled_timestamp': 1777604400000, 'ft_is_entry': False, 'ft_order_tag': 'trailing_stop_loss', 'cost': 346.062534795}]",0.038263538911732765,4
raw_be_guard_profit_lock_1y,Raw + Breakeven + Guard + ProfitLock,1y,profit_lock,XRP/USDT:USDT,416.1294,416.1294,306.0,2026-05-22 07:00:00+00:00,2026-05-23 07:00:00+00:00,1.3599,1.3323,0.0005,0.0005,1440,0.019167254269968678,7.97206999,profit_giveback_guard,1.4414,-0.06,1.3585,-0.023074101965509408,1.2951,1.3697,False,short_pullback_restart,1.0,True,1779433200000,1779519600000,"[{'amount': 306.0, 'safe_price': 1.3599, 'ft_order_side': 'sell', 'order_filled_timestamp': 1779433200000, 'ft_is_entry': True, 'ft_order_tag': 'short_pullback_restart', 'cost': 416.3374647}, {'amount': 306.0, 'safe_price': 1.3323, 'ft_order_side': 'buy', 'order_filled_timestamp': 1779519600000, 'ft_is_entry': False, 'ft_order_tag': 'profit_giveback_guard', 'cost': 407.8876419}]",-0.061623405884833206,5
raw_be_guard_profit_lock_1y,Raw + Breakeven + Guard + ProfitLock,1y,profit_lock,SOL/USDT:USDT,209.5845,209.5845,2.55,2026-05-23 08:00:00+00:00,2026-05-23 20:00:00+00:00,82.19,85.41,0.0005,0.0005,720,-0.04063374515568084,-8.51194506,trailing_stop_loss,87.12,-0.06,85.41,-0.04288308466164903,81.63,87.05,False,short_compression_breakdown,1.0,True,1779523200000,1779566400000,"[{'amount': 2.55, 'safe_price': 82.19, 'ft_order_side': 'sell', 'order_filled_timestamp': 1779523200000, 'ft_is_entry': True, 'ft_order_tag': 'short_compression_breakdown', 'cost': 209.68929224999997}, {'amount': 2.55, 'safe_price': 85.41, 'ft_order_side': 'buy', 'order_filled_timestamp': 1779566400000, 'ft_is_entry': False, 'ft_order_tag': 'trailing_stop_loss', 'cost': 217.90439774999996}]",-0.0872550597651478,5
raw_be_guard_profit_lock_1y,Raw + Breakeven + Guard + ProfitLock,1y,profit_lock,XRP/USDT:USDT,416.02366,416.02366,308.6,2026-05-25 23:00:00+00:00,2026-05-28 17:00:00+00:00,1.3481,1.3228,0.0005,0.0005,3960,0.017562266143996617,7.30266508,profit_giveback_guard,1.4289,-0.06,1.3467,-0.021892328704757658,1.2668,1.3651,False,short_pullback_restart,1.0,True,1779750000000,1779987600000,"[{'amount': 308.6, 'safe_price': 1.3481, 'ft_order_side': 'sell', 'order_filled_timestamp': 1779750000000, 'ft_is_entry': True, 'ft_order_tag': 'short_pullback_restart', 'cost': 416.23167183000004}, {'amount': 308.6, 'safe_price': 1.3228, 'ft_order_side': 'buy', 'order_filled_timestamp': 1779987600000, 'ft_is_entry': False, 'ft_order_tag': 'profit_giveback_guard', 'cost': 408.42018804}]",-0.0927950458440773,3
raw_be_guard_profit_lock_1y,Raw + Breakeven + Guard + ProfitLock,1y,profit_lock,DOGE/USDT:USDT,418.57439,418.57439,4187.0,2026-05-31 15:00:00+00:00,2026-06-01 03:00:00+00:00,0.09997,0.10146,0.0005,0.0005,720,-0.015855933646291495,-6.63356931,trailing_stop_loss,0.10596,-0.06,0.10146,-0.025431652512437175,0.09895,0.10154,False,short_pullback_restart,1.0,True,1780239600000,1780282800000,"[{'amount': 4187.0, 'safe_price': 0.09997, 'ft_order_side': 'sell', 'order_filled_timestamp': 1780239600000, 'ft_is_entry': True, 'ft_order_tag': 'short_pullback_restart', 'cost': 418.783677195}, {'amount': 4187.0, 'safe_price': 0.10146, 'ft_order_side': 'buy', 'order_filled_timestamp': 1780282800000, 'ft_is_entry': False, 'ft_order_tag': 'trailing_stop_loss', 'cost': 425.02542651}]",0.0267543981279022,0
raw_be_guard_profit_lock_1y,Raw + Breakeven + Guard + ProfitLock,1y,profit_lock,SOL/USDT:USDT,417.792,417.792,5.1,2026-05-31 15:00:00+00:00,2026-06-02 22:00:00+00:00,81.92,73.67,0.0005,0.0005,3300,0.09997453462580709,41.74767649,roi,86.83,-0.06,81.83,-0.02067947118982283,73.27,83.08,False,short_pullback_restart,1.0,True,1780239600000,1780437600000,"[{'amount': 5.1, 'safe_price': 81.92, 'ft_order_side': 'sell', 'order_filled_timestamp': 1780239600000, 'ft_is_entry': True, 'ft_order_tag': 'short_pullback_restart', 'cost': 418.00089599999995}, {'amount': 5.1, 'safe_price': 73.67, 'ft_order_side': 'buy', 'order_filled_timestamp': 1780437600000, 'ft_is_entry': False, 'ft_order_tag': 'roi', 'cost': 375.9048585}]",0.06943098508275473,1
raw_be_guard_profit_lock_1y,Raw + Breakeven + Guard + ProfitLock,1y,profit_lock,ADA/USDT:USDT,359.3506,359.3506,1537.0,2026-05-31 15:00:00+00:00,2026-06-02 23:00:00+00:00,0.2338,0.2102,0.0005,0.0005,3360,0.099944256679416,35.89707109,roi,0.2478,-0.06,0.2335,-0.020831293706293774,0.2093,0.2375,False,short_pullback_restart,1.0,True,1780239600000,1780441200000,"[{'amount': 1537.0, 'safe_price': 0.2338, 'ft_order_side': 'sell', 'order_filled_timestamp': 1780239600000, 'ft_is_entry': True, 'ft_order_tag': 'short_pullback_restart', 'cost': 359.53027529999997}, {'amount': 1537.0, 'safe_price': 0.2102, 'ft_order_side': 'buy', 'order_filled_timestamp': 1780441200000, 'ft_is_entry': False, 'ft_order_tag': 'roi', 'cost': 323.2389387}]",-0.0349149126008185,1
raw_be_guard_profit_lock_1y,Raw + Breakeven + Guard + ProfitLock,1y,profit_lock,XRP/USDT:USDT,238.2534,238.2534,198.0,2026-06-03 20:00:00+00:00,2026-06-04 01:00:00+00:00,1.2033,1.1929,0.0005,0.0005,300,0.0076074019287336245,1.81158313,profit_lock_pullback_restart,1.2754,-0.06,1.202,-0.04014597213809812,1.1557,1.2199,False,short_pullback_restart,1.0,True,1780516800000,1780534800000,"[{'amount': 198.0, 'safe_price': 1.2033, 'ft_order_side': 'sell', 'order_filled_timestamp': 1780516800000, 'ft_is_entry': True, 'ft_order_tag': 'short_pullback_restart', 'cost': 238.37252669999998}, {'amount': 198.0, 'safe_price': 1.1929, 'ft_order_side': 'buy', 'order_filled_timestamp': 1780534800000, 'ft_is_entry': False, 'ft_order_tag': 'profit_lock_pullback_restart', 'cost': 236.31229710000002}]",-0.010393065936,3
raw_be_guard_profit_lock_1y,Raw + Breakeven + Guard + ProfitLock,1y,profit_lock,ETH/USDT:USDT,236.94424,236.94424,0.137,2026-06-05 03:00:00+00:00,2026-06-05 05:00:00+00:00,1729.52,1743.67,0.0005,0.0005,120,-0.00919014653465757,-2.17646351,profit_lock_pullback_restart,1833.29,-0.06,1727.79,-0.02838550086304381,1680.1,1747.0,False,short_pullback_restart,1.0,True,1780628400000,1780635600000,"[{'amount': 0.137, 'safe_price': 1729.52, 'ft_order_side': 'sell', 'order_filled_timestamp': 1780628400000, 'ft_is_entry': True, 'ft_order_tag': 'short_pullback_restart', 'cost': 237.06271212}, {'amount': 0.137, 'safe_price': 1743.67, 'ft_order_side': 'buy', 'order_filled_timestamp': 1780635600000, 'ft_is_entry': False, 'ft_order_tag': 'profit_lock_pullback_restart', 'cost': 239.00223139500002}]",0.0,4
raw_be_guard_profit_lock_1y,Raw + Breakeven + Guard + ProfitLock,1y,profit_lock,LINK/USDT:USDT,206.80296,206.80296,26.52,2026-06-05 03:00:00+00:00,2026-06-05 05:00:00+00:00,7.798,7.878,0.0005,0.0005,120,-0.011269805202678281,-2.32946376,profit_lock_pullback_restart,8.265,-0.06,8.156,-0.045977833883124486,7.635,7.892,False,short_pullback_restart,1.0,True,1780628400000,1780635600000,"[{'amount': 26.52, 'safe_price': 7.798, 'ft_order_side': 'sell', 'order_filled_timestamp': 1780628400000, 'ft_is_entry': True, 'ft_order_tag': 'short_pullback_restart', 'cost': 206.90636148}, {'amount': 26.52, 'safe_price': 7.878, 'ft_order_side': 'buy', 'order_filled_timestamp': 1780635600000, 'ft_is_entry': False, 'ft_order_tag': 'profit_lock_pullback_restart', 'cost': 209.02902228}]",0.0,4
raw_be_guard_profit_lock_1y,Raw + Breakeven + Guard + ProfitLock,1y,profit_lock,XRP/USDT:USDT,203.41585,203.41585,179.3,2026-06-05 03:00:00+00:00,2026-06-05 06:00:00+00:00,1.1345,1.1201,0.0005,0.0005,180,0.011705015134274938,2.37979511,profit_lock_pullback_restart,1.2025,-0.06,1.1333,-0.0393081155433288,1.0905,1.1485,False,short_pullback_restart,1.0,True,1780628400000,1780639200000,"[{'amount': 179.3, 'safe_price': 1.1345, 'ft_order_side': 'sell', 'order_filled_timestamp': 1780628400000, 'ft_is_entry': True, 'ft_order_tag': 'short_pullback_restart', 'cost': 203.51755792500003}, {'amount': 179.3, 'safe_price': 1.1201, 'ft_order_side': 'buy', 'order_filled_timestamp': 1780639200000, 'ft_is_entry': False, 'ft_order_tag': 'profit_lock_pullback_restart', 'cost': 200.93434696500003}]",0.0,4
raw_be_guard_profit_lock_1y,Raw + Breakeven + Guard + ProfitLock,1y,profit_lock,BNB/USDT:USDT,198.8388,198.8388,0.34,2026-06-05 06:00:00+00:00,2026-06-05 06:00:00+00:00,584.82,584.82,0.0005,0.0005,0,-0.0010005002501250625,-0.1988388,profit_lock_pullback_restart,619.9,-0.06,584.23,-0.02439889886379576,570.32,585.7,False,short_pullback_restart,1.0,True,1780639200000,1780639200000,"[{'amount': 0.34, 'safe_price': 584.82, 'ft_order_side': 'sell', 'order_filled_timestamp': 1780639200000, 'ft_is_entry': True, 'ft_order_tag': 'short_pullback_restart', 'cost': 198.9382194}, {'amount': 0.34, 'safe_price': 584.82, 'ft_order_side': 'buy', 'order_filled_timestamp': 1780639200000, 'ft_is_entry': False, 'ft_order_tag': 'profit_lock_pullback_restart', 'cost': 198.9382194}]",0.0,4
raw_be_guard_profit_lock_1y,Raw + Breakeven + Guard + ProfitLock,1y,profit_lock,BTC/USDT:USDT,306.5185,306.5185,0.005,2026-06-07 20:00:00+00:00,2026-06-07 22:00:00+00:00,61303.7,63043.1,0.0005,0.0005,120,-0.029402379258000075,-9.007867,stop_loss,64981.9,-0.06,63043.1,-0.028374600044532405,61189.7,64250.0,False,short_pullback_restart,1.0,True,1780862400000,1780869600000,"[{'amount': 0.005, 'safe_price': 61303.7, 'ft_order_side': 'sell', 'order_filled_timestamp': 1780862400000, 'ft_is_entry': True, 'ft_order_tag': 'short_pullback_restart', 'cost': 306.67175925}, {'amount': 0.005, 'safe_price': 63043.1, 'ft_order_side': 'buy', 'order_filled_timestamp': 1780869600000, 'ft_is_entry': False, 'ft_order_tag': 'stop_loss', 'cost': 315.37310775000003}]",0.0,6
raw_be_guard_profit_lock_1y,Raw + Breakeven + Guard + ProfitLock,1y,profit_lock,LINK/USDT:USDT,263.10406,263.10406,34.66,2026-06-07 20:00:00+00:00,2026-06-07 22:00:00+00:00,7.591,7.864,0.0005,0.0005,120,-0.0370001230360932,-9.73001515,stop_loss,8.046,-0.06,7.864,-0.03608027008301873,7.566,8.04,False,short_pullback_restart,1.0,True,1780862400000,1780869600000,"[{'amount': 34.66, 'safe_price': 7.591, 'ft_order_side': 'sell', 'order_filled_timestamp': 1780862400000, 'ft_is_entry': True, 'ft_order_tag': 'short_pullback_restart', 'cost': 263.23561202999997}, {'amount': 34.66, 'safe_price': 7.864, 'ft_order_side': 'buy', 'order_filled_timestamp': 1780869600000, 'ft_is_entry': False, 'ft_order_tag': 'stop_loss', 'cost': 272.70252311999997}]",0.0,6
raw_be_guard_profit_lock_1y,Raw + Breakeven + Guard + ProfitLock,1y,profit_lock,BTC/USDT:USDT,373.4664,373.4664,0.006,2026-06-09 14:00:00+00:00,2026-06-09 20:00:00+00:00,62244.4,62068.9,0.0005,0.0005,360,0.0018278044873136926,0.68228225,profit_lock_pullback_restart,65979.0,-0.06,62182.1,-0.023490339889721046,60755.0,62371.6,False,short_pullback_restart,1.0,True,1781013600000,1781035200000,"[{'amount': 0.006, 'safe_price': 62244.4, 'ft_order_side': 'sell', 'order_filled_timestamp': 1781013600000, 'ft_is_entry': True, 'ft_order_tag': 'short_pullback_restart', 'cost': 373.6531332}, {'amount': 0.006, 'safe_price': 62068.9, 'ft_order_side': 'buy', 'order_filled_timestamp': 1781035200000, 'ft_is_entry': False, 'ft_order_tag': 'profit_lock_pullback_restart', 'cost': 372.5996067}]",0.0022221508564982556,1
raw_be_guard_profit_lock_1y,Raw + Breakeven + Guard + ProfitLock,1y,profit_lock,ETH/USDT:USDT,281.27961,281.27961,0.171,2026-06-09 15:00:00+00:00,2026-06-10 12:00:00+00:00,1644.91,1643.26,0.0005,0.0005,1260,-0.0001343730823720285,-0.03777751,trailing_stop_loss,1743.6,-0.06,1643.26,-0.02384117757009352,1605.0,1662.98,False,short_pullback_restart,1.0,True,1781017200000,1781092800000,"[{'amount': 0.171, 'safe_price': 1644.91, 'ft_order_side': 'sell', 'order_filled_timestamp': 1781017200000, 'ft_is_entry': True, 'ft_order_tag': 'short_pullback_restart', 'cost': 281.420249805}, {'amount': 0.171, 'safe_price': 1643.26, 'ft_order_side': 'buy', 'order_filled_timestamp': 1781092800000, 'ft_is_entry': False, 'ft_order_tag': 'trailing_stop_loss', 'cost': 281.13795873000004}]",-0.03878897201534488,2
raw_be_guard_profit_lock_1y,Raw + Breakeven + Guard + ProfitLock,1y,profit_lock,DOGE/USDT:USDT,279.9531,279.9531,3330.0,2026-06-09 16:00:00+00:00,2026-06-11 01:00:00+00:00,0.08407,0.08398,0.0005,0.0005,1980,0.0001528500145835458,0.04276944,trailing_stop_loss,0.08911,-0.06,0.08398,-0.027099547511312272,0.08177,0.08568,False,short_pullback_restart,1.0,True,1781020800000,1781139600000,"[{'amount': 3330.0, 'safe_price': 0.08407, 'ft_order_side': 'sell', 'order_filled_timestamp': 1781020800000, 'ft_is_entry': True, 'ft_order_tag': 'short_pullback_restart', 'cost': 280.09307655}, {'amount': 3330.0, 'safe_price': 0.08398, 'ft_order_side': 'buy', 'order_filled_timestamp': 1781139600000, 'ft_is_entry': False, 'ft_order_tag': 'trailing_stop_loss', 'cost': 279.79322669999993}]",0.022872687438312,3
raw_be_guard_profit_lock_1y,Raw + Breakeven + Guard + ProfitLock,1y,profit_lock,SOL/USDT:USDT,265.1286,265.1286,4.17,2026-06-10 09:00:00+00:00,2026-06-11 01:00:00+00:00,63.58,63.62,0.0005,0.0005,960,-0.0017304755099021279,-0.45856915,profit_lock_compression_breakdown,67.39,-0.06,65.77,-0.040292257525848196,62.29,65.74,False,short_compression_breakdown,1.0,True,1781082000000,1781139600000,"[{'amount': 4.17, 'safe_price': 63.58, 'ft_order_side': 'sell', 'order_filled_timestamp': 1781082000000, 'ft_is_entry': True, 'ft_order_tag': 'short_compression_breakdown', 'cost': 265.2611643}, {'amount': 4.17, 'safe_price': 63.62, 'ft_order_side': 'buy', 'order_filled_timestamp': 1781139600000, 'ft_is_entry': False, 'ft_order_tag': 'profit_lock_compression_breakdown', 'cost': 265.4280477}]",-0.026557146824008296,3
