rule,terms,selected,coverage,hit_rate_reach10,lift_vs_base,selected_avg_final_profit,rejected_avg_final_profit,base_avg_final_profit,proxy_full_profit_from_reach5,proxy_half_profit_from_reach5
adverse_before_5pct <= 0.0125,1,84,0.6942148760330579,0.75,0.06404958677685946,0.07373310981194192,0.052569080468641324,0.06726146447556075,0.06647587788597621,0.058237938942988114
node_body_ratio >= 0.2,1,106,0.8760330578512396,0.6981132075471698,0.012162794324029225,0.06843754738241019,0.05895047860049148,0.06726146447556075,0.06615190101268992,0.05807595050634495
adverse_before_5pct <= 0.0125 AND node_body_ratio >= 0.2,2,75,0.6198347107438017,0.7733333333333333,0.08738292011019277,0.07588030472644977,0.053209007544763445,0.06726146447556075,0.06604151119408043,0.058020755597040216
node_body_ratio >= 0.3,1,100,0.8264462809917356,0.71,0.024049586776859422,0.06867905208532368,0.06051104728621353,0.06726146447556075,0.06543723312836668,0.05771861656418334
node_ret_1h <= -0.015,1,74,0.6115702479338843,0.7702702702702703,0.08431985704712974,0.07508462262566634,0.054944151643479634,0.06726146447556075,0.06534100887850669,0.057670504439253346
node_ret_1h <= -0.015 AND node_close_vs_ema20 <= -0.005,2,74,0.6115702479338843,0.7702702702702703,0.08431985704712974,0.07508462262566634,0.054944151643479634,0.06726146447556075,0.06534100887850669,0.057670504439253346
node_ret_1h <= -0.015 AND node_close_vs_ema20 <= -0.01,2,74,0.6115702479338843,0.7702702702702703,0.08431985704712974,0.07508462262566634,0.054944151643479634,0.06726146447556075,0.06534100887850669,0.057670504439253346
node_ret_1h <= -0.015 AND node_close_vs_ema50 <= -0.005,2,74,0.6115702479338843,0.7702702702702703,0.08431985704712974,0.07508462262566634,0.054944151643479634,0.06726146447556075,0.06534100887850669,0.057670504439253346
node_ret_1h <= -0.015 AND node_close_vs_ema50 <= -0.01,2,74,0.6115702479338843,0.7702702702702703,0.08431985704712974,0.07508462262566634,0.054944151643479634,0.06726146447556075,0.06534100887850669,0.057670504439253346
node_close_vs_ema20 <= -0.01,1,84,0.6942148760330579,0.7380952380952381,0.052144824872097595,0.07203685835138246,0.056420029730452036,0.06726146447556075,0.06529831488856302,0.05764915744428151
node_close_vs_ema20 <= -0.01 AND node_close_vs_ema50 <= -0.005,2,84,0.6942148760330579,0.7380952380952381,0.052144824872097595,0.07203685835138246,0.056420029730452036,0.06726146447556075,0.06529831488856302,0.05764915744428151
node_close_vs_ema20 <= -0.01 AND node_close_vs_ema50 <= -0.01,2,84,0.6942148760330579,0.7380952380952381,0.052144824872097595,0.07203685835138246,0.056420029730452036,0.06726146447556075,0.06529831488856302,0.05764915744428151
adverse_before_5pct <= 0.0125 AND node_body_ratio >= 0.3,2,73,0.6033057851239669,0.7808219178082192,0.09487150458507865,0.0752195338931502,0.05515856723631013,0.06726146447556075,0.06521509069586748,0.05760754534793374
node_close_vs_ema20 <= -0.005 AND node_close_vs_ema50 <= -0.01,2,95,0.7851239669421488,0.7052631578947368,0.01931274467159627,0.06921338911341958,0.06012943214492279,0.06726146447556075,0.06508489227913107,0.05754244613956554
adverse_before_5pct <= 0.0125 AND node_close_vs_ema50 <= -0.01,2,62,0.512396694214876,0.8064516129032258,0.12050119968008521,0.07941164863719521,0.05449347433960592,0.06726146447556075,0.06507043153310829,0.05753521576655414
node_body_ratio >= 0.4,1,90,0.743801652892562,0.7222222222222222,0.03627180899908167,0.07015322174496728,0.05886604014502567,0.06726146447556075,0.06498999964501699,0.05749499982250849
node_ret_1h <= -0.015 AND node_close_vs_ema50 <= -0.015,2,71,0.5867768595041323,0.7746478873239436,0.08869747410080309,0.0754668899007375,0.0556097603718098,0.06726146447556075,0.06494338167729224,0.05747169083864612
node_close_vs_ema20 <= -0.005,1,96,0.7933884297520661,0.6979166666666666,0.011966253443526087,0.06879869232239838,0.06135850954370428,0.06726146447556075,0.06491466498305987,0.05745733249152994
node_close_vs_ema20 <= -0.005 AND node_close_vs_ema50 <= -0.005,2,96,0.7933884297520661,0.6979166666666666,0.011966253443526087,0.06879869232239838,0.06135850954370428,0.06726146447556075,0.06491466498305987,0.05745733249152994
adverse_before_5pct <= 0.0125 AND node_close_vs_ema20 <= -0.005,2,63,0.5206611570247934,0.7936507936507936,0.10770038042765306,0.07861785258224585,0.05492607739416145,0.06726146447556075,0.0649002042370371,0.057450102118518545
node_ret_1h <= -0.01 AND node_close_vs_ema20 <= -0.01,2,83,0.6859504132231405,0.7349397590361446,0.04898934581300407,0.07170031180659471,0.057566087410407675,0.06726146447556075,0.06488533785080464,0.05744266892540232
node_close_vs_ema50 <= -0.01,1,96,0.7933884297520661,0.6979166666666666,0.011966253443526087,0.06842266432962012,0.0628024570359728,0.06726146447556075,0.06461632872432671,0.05730816436216336
node_close_vs_ema50 <= -0.015,1,82,0.6776859504132231,0.7317073170731707,0.04575690385003017,0.07148600057969091,0.05837910651303071,0.06726146447556075,0.06456076072342691,0.05728038036171345
node_close_vs_ema20 <= -0.005 AND node_close_vs_ema50 <= -0.015,2,82,0.6776859504132231,0.7317073170731707,0.04575690385003017,0.07148600057969091,0.05837910651303071,0.06726146447556075,0.06456076072342691,0.05728038036171345
adverse_before_5pct <= 0.0125 AND node_close_vs_ema20 <= -0.01,2,55,0.45454545454545453,0.8363636363636363,0.15041322314049577,0.08196364906452284,0.05500964398475902,0.06726146447556075,0.06452893139296494,0.05726446569648247
node_close_vs_ema20 <= -0.01 AND node_close_vs_ema50 <= -0.015,2,80,0.6611570247933884,0.7375,0.0515495867768595,0.07191073397982066,0.05818971910139508,0.06726146447556075,0.06448643568913763,0.05724321784456882
adverse_before_5pct <= 0.0125 AND node_body_ratio >= 0.4,2,65,0.5371900826446281,0.8,0.1140495867768595,0.07678948211084365,0.05620215829175027,0.06726146447556075,0.06439104410913088,0.05719552205456544
node_ret_1h <= -0.015 AND node_ret_3h <= -0.015,2,69,0.5702479338842975,0.7681159420289855,0.08216552880584493,0.07475134206288299,0.05732297306161394,0.06726146447556075,0.06411440167222253,0.057057200836111266
node_ret_3h <= -0.015 AND node_close_vs_ema20 <= -0.01,2,79,0.6528925619834711,0.7341772151898734,0.0482268019667329,0.07155286872855372,0.05918953742826447,0.06726146447556075,0.06407170768227888,0.05703585384113944
node_ret_3h <= -0.015 AND node_close_vs_ema50 <= -0.015,2,79,0.6528925619834711,0.7341772151898734,0.0482268019667329,0.07155142073435258,0.0591922610364047,0.06726146447556075,0.06407076229763517,0.05703538114881757
adverse_before_5pct <= 0.0125 AND node_close_vs_ema50 <= -0.005,2,65,0.5371900826446281,0.7692307692307693,0.08328035600762873,0.07614132106122916,0.05695448808148137,0.06726146447556075,0.06404285842132144,0.057021429210660717
node_close_vs_ema50 <= -0.01 AND node_body_ratio >= 0.3,2,80,0.6611570247933884,0.725,0.039049586776859435,0.07120243608153953,0.05957176378096803,0.06726146447556075,0.06401813955804267,0.057009069779021336
node_close_vs_ema50 <= -0.005,1,100,0.8264462809917356,0.68,-0.005950413223140494,0.0669424015615321,0.06878081168522104,0.06726146447556075,0.06400198476159677,0.057000992380798386
node_close_vs_ema20 <= -0.005 AND node_body_ratio >= 0.3,2,81,0.6694214876033058,0.7160493827160493,0.0300989694929088,0.0706863874530685,0.060325995446107596,0.06726146447556075,0.06384791226197148,0.05692395613098574
node_close_profit >= 0.048 AND node_body_ratio >= 0.2,2,83,0.6859504132231405,0.7108433734939759,0.024892960270835318,0.07015171532398588,0.06094854814873743,0.06726146447556075,0.06382307745364321,0.05691153872682161
adverse_before_5pct <= 0.0125 AND node_ret_1h <= -0.015,2,49,0.4049586776859504,0.8571428571428571,0.17119244391971655,0.08409692882879014,0.05580399567961299,0.06726146447556075,0.06380784721165882,0.05690392360582941
node_close_profit >= 0.048,1,85,0.7024793388429752,0.7058823529411765,0.019931939718035974,0.06964683081240418,0.06162934951356937,0.06726146447556075,0.06380149271945748,0.05690074635972874
adverse_before_5pct <= 0.0125 AND node_close_vs_ema50 <= -0.015,2,53,0.4380165289256198,0.8301886792452831,0.14423826602214251,0.08148597442579782,0.0561747140731701,0.06726146447556075,0.0637913772278288,0.056895688613914405
node_ret_1h <= -0.01,1,90,0.743801652892562,0.7,0.014049586776859413,0.06851553644982038,0.06362061035674255,0.06726146447556075,0.06377188661556887,0.05688594330778444
node_ret_1h <= -0.01 AND node_close_vs_ema20 <= -0.005,2,90,0.743801652892562,0.7,0.014049586776859413,0.06851553644982038,0.06362061035674255,0.06726146447556075,0.06377188661556887,0.05688594330778444
node_ret_1h <= -0.01 AND node_close_vs_ema50 <= -0.005,2,90,0.743801652892562,0.7,0.014049586776859413,0.06851553644982038,0.06362061035674255,0.06726146447556075,0.06377188661556887,0.05688594330778444
node_ret_1h <= -0.01 AND node_close_vs_ema50 <= -0.01,2,90,0.743801652892562,0.7,0.014049586776859413,0.06851553644982038,0.06362061035674255,0.06726146447556075,0.06377188661556887,0.05688594330778444
adverse_before_5pct <= 0.0125 AND node_ret_3h <= -0.015,2,55,0.45454545454545453,0.8181818181818182,0.1322314049586777,0.08029763626701608,0.056397987982681336,0.06726146447556075,0.06377165284864367,0.056885826424321835
node_ret_1h <= -0.01 AND node_close_vs_ema50 <= -0.015,2,80,0.6611570247933884,0.725,0.039049586776859435,0.07077339657155315,0.06040891404435608,0.06726146447556075,0.06373447707210127,0.05686723853605063
node_body_ratio >= 0.2 AND node_close_position <= 0.6,2,85,0.7024793388429752,0.7058823529411765,0.019931939718035974,0.06940288752631034,0.0622053267168465,0.06726146447556075,0.06363012760112709,0.056815063800563545
node_close_vs_ema50 <= -0.01 AND node_body_ratio >= 0.2,2,83,0.6859504132231405,0.7108433734939759,0.024892960270835318,0.06967076158671555,0.061999052364354275,0.06726146447556075,0.06349316703882141,0.056746583519410705
node_body_ratio >= 0.2 AND node_close_position <= 0.5,2,79,0.6528925619834711,0.7215189873417721,0.03556857411863157,0.07063579821500914,0.06091450339421741,0.06726146447556075,0.06347295916517125,0.05673647958258562
node_close_profit >= 0.048 AND node_body_ratio >= 0.3,2,80,0.6611570247933884,0.725,0.039049586776859435,0.07036637265249833,0.06120310705714597,0.06726146447556075,0.06346537034875922,0.05673268517437963
node_close_profit >= 0.048 AND node_body_ratio >= 0.4,2,75,0.6198347107438017,0.7333333333333333,0.04738292011019274,0.07167213916798054,0.06007014704226762,0.06726146447556075,0.06343314411238464,0.056716572056192315
node_close_vs_ema20 <= -0.01 AND node_body_ratio >= 0.3,2,71,0.5867768595041323,0.7464788732394366,0.06052846001629608,0.07286975258472002,0.05929769536055462,0.06726146447556075,0.06341944159929852,0.05670972079964926
adverse_before_5pct <= 0.0125 AND node_ret_1h <= -0.01,2,58,0.4793388429752066,0.7931034482758621,0.10715303505272156,0.07799222135992141,0.05738235496297475,0.06726146447556075,0.06341775899897059,0.056708879499485304
node_close_vs_ema50 <= -0.005 AND node_body_ratio >= 0.3,2,82,0.6776859504132231,0.7073170731707317,0.021366659947591127,0.069798837219166,0.06192647563003178,0.06726146447556075,0.06341739381794721,0.05670869690897361
adverse_before_5pct <= 0.0125 AND node_close_profit >= 0.048,2,64,0.5289256198347108,0.765625,0.07967458677685946,0.07530382769374838,0.05823144261654307,0.06726146447556075,0.06338384274710658,0.0566919213735533
node_close_vs_ema20 <= -0.01 AND node_body_ratio >= 0.2,2,73,0.6033057851239669,0.7397260273972602,0.05377561417411969,0.07214988520475485,0.05982699128324478,0.06726146447556075,0.06336315388386037,0.05668157694193017
hours_to_5pct <= 24,1,77,0.6363636363636364,0.7402597402597403,0.05430932703659974,0.07099384037096593,0.06072980665860175,0.06726146447556075,0.06335971659970559,0.056679858299852795
node_close_vs_ema20 <= -0.005 AND node_body_ratio >= 0.2,2,84,0.6942148760330579,0.7023809523809523,0.016430539157811785,0.06919137748658066,0.06288004034243451,0.06726146447556075,0.0633229397427502,0.0566614698713751
node_body_ratio >= 0.4 AND node_close_position <= 0.6,2,75,0.6198347107438017,0.72,0.03404958677685943,0.07147601477804726,0.06038991506933276,0.06726146447556075,0.06331157940788053,0.05665578970394026
node_body_ratio >= 0.3 AND node_close_position <= 0.6,2,82,0.6776859504132231,0.7073170731707317,0.021366659947591127,0.06958480029962007,0.06237650197369245,0.06726146447556075,0.0632723440047012,0.056636172002350604
hours_to_5pct <= 24 AND adverse_before_5pct <= 0.0125,2,61,0.5041322314049587,0.7868852459016393,0.10093483267849879,0.07627942383119762,0.05809320579732994,0.06726146447556075,0.0632483045760583,0.05662415228802915
node_close_position <= 0.6,1,88,0.7272727272727273,0.6931818181818182,0.00723140495867769,0.06812471182599554,0.06495947154106806,0.06726146447556075,0.06318160860072403,0.056590804300362015
node_body_ratio >= 0.4 AND node_close_position <= 0.5,2,71,0.5867768595041323,0.7323943661971831,0.04644395297404258,0.07241181841591073,0.05994796188026382,0.06726146447556075,0.06315073642586497,0.056575368212932485
node_body_ratio >= 0.3 AND node_close_position <= 0.5,2,76,0.628099173553719,0.7236842105263158,0.037733797303175276,0.07088074005023932,0.06114891017165918,0.06726146447556075,0.06311517556874537,0.05655758778437268
node_close_vs_ema50 <= -0.01 AND node_body_ratio >= 0.4,2,71,0.5867768595041323,0.7323943661971831,0.04644395297404258,0.07230155194279217,0.06010454027209214,0.06726146447556075,0.06308603461105987,0.056543017305529936
adverse_before_5pct <= 0.0125 AND node_close_position <= 0.6,2,59,0.48760330578512395,0.7796610169491526,0.09371060372601203,0.07668888927136884,0.05829020539567887,0.06726146447556075,0.06301359063645258,0.056506795318226284
adverse_before_5pct <= 0.01,1,69,0.5702479338842975,0.7536231884057971,0.06767277518265657,0.07273566583475714,0.059997620364319396,0.06726146447556075,0.06296496646775407,0.05648248323387704
node_ret_3h <= -0.015 AND node_close_vs_ema20 <= -0.005,2,86,0.7107438016528925,0.6976744186046512,0.011724005381510638,0.06823107627742733,0.06487898976240289,0.06726146447556075,0.06295762446164256,0.05647881223082128
node_ret_1h <= -0.015 AND node_body_ratio >= 0.3,2,64,0.5289256198347108,0.765625,0.07967458677685946,0.07444413841576361,0.05919670777077159,0.06726146447556075,0.06292913106288323,0.056464565531441614
node_close_vs_ema20 <= -0.005 AND node_body_ratio >= 0.4,2,72,0.5950413223140496,0.7222222222222222,0.03627180899908167,0.07170573173768931,0.06073111258018819,0.06726146447556075,0.06291580731498868,0.05645790365749434
node_close_vs_ema50 <= -0.005 AND node_body_ratio >= 0.2,2,85,0.7024793388429752,0.6941176470588235,0.008167233835682963,0.0683527409075981,0.06468483956658372,0.06726146447556075,0.06289242129872594,0.05644621064936296
node_ret_1h <= -0.015 AND node_body_ratio >= 0.2,2,66,0.5454545454545454,0.7575757575757576,0.07162534435261703,0.07360021280364928,0.05965496648185454,0.06726146447556075,0.06287284334744507,0.05643642167372253
node_ret_1h <= -0.01 AND node_body_ratio >= 0.3,2,75,0.6198347107438017,0.72,0.03404958677685943,0.07049761601642851,0.061985130441537285,0.06726146447556075,0.06270513389448047,0.05635256694724024
hours_to_5pct <= 24 AND node_body_ratio >= 0.3,2,65,0.5371900826446281,0.7692307692307693,0.08328035600762873,0.0736279752438289,0.059871764476678094,0.06726146447556075,0.06269271397395768,0.05634635698697884
node_close_vs_ema50 <= -0.015 AND node_body_ratio >= 0.3,2,71,0.5867768595041323,0.7323943661971831,0.04644395297404258,0.07158636472864487,0.061120106116181336,0.06726146447556075,0.062666379303585,0.056333189651792494
node_close_vs_ema50 <= -0.01 AND node_close_position <= 0.6,2,81,0.6694214876033058,0.7037037037037037,0.017753290480563177,0.06884383322156329,0.06405716776490564,0.06726146447556075,0.0626144668673275,0.05630723343366374
node_close_vs_ema50 <= -0.015 AND node_body_ratio >= 0.2,2,73,0.6033057851239669,0.726027397260274,0.040076984037133445,0.07090165865980501,0.06172533582035596,0.06726146447556075,0.06261009158814683,0.056305045794073416
node_close_position <= 0.5,1,81,0.6694214876033058,0.7037037037037037,0.017753290480563177,0.06883695044763671,0.06407110538210696,0.06726146447556075,0.06260985939056672,0.05630492969528336
adverse_before_5pct <= 0.0125 AND node_close_position <= 0.5,2,56,0.4628099173553719,0.7857142857142857,0.09976387249114516,0.07723423898241415,0.05866953566965629,0.06726146447556075,0.06260427589268754,0.05630213794634377
hours_to_5pct <= 24 AND node_body_ratio >= 0.2,2,69,0.5702479338842975,0.7536231884057971,0.06767277518265657,0.0720623157087431,0.06089110418537651,0.06726146447556075,0.06258098994961384,0.05629049497480691
node_ret_3h <= -0.015,1,87,0.71900826446281,0.6896551724137931,0.0037047591906526067,0.06736984333020025,0.0669841421122185,0.06726146447556075,0.0624890609068382,0.0562445304534191
node_ret_3h <= -0.015 AND node_close_vs_ema50 <= -0.005,2,87,0.71900826446281,0.6896551724137931,0.0037047591906526067,0.06736984333020025,0.0669841421122185,0.06726146447556075,0.0624890609068382,0.0562445304534191
node_ret_3h <= -0.015 AND node_close_vs_ema50 <= -0.01,2,87,0.71900826446281,0.6896551724137931,0.0037047591906526067,0.06736984333020025,0.0669841421122185,0.06726146447556075,0.0624890609068382,0.0562445304534191
node_close_vs_ema50 <= -0.005 AND node_body_ratio >= 0.4,2,73,0.6033057851239669,0.7123287671232876,0.02637835390014709,0.0706947938820095,0.06203994266991996,0.06726146447556075,0.06248528887096441,0.056242644435482214
node_close_vs_ema50 <= -0.01 AND node_close_position <= 0.5,2,75,0.6198347107438017,0.72,0.03404958677685943,0.07009557349519484,0.06264063455224433,0.06726146447556075,0.0624559339846249,0.05622796699231245
node_close_vs_ema20 <= -0.005 AND node_close_position <= 0.6,2,82,0.6776859504132231,0.6951219512195121,0.009171537996371604,0.06836284131856112,0.06494574906207283,0.06726146447556075,0.0624442395712563,0.05622211978562815
hours_to_5pct <= 24 AND node_ret_1h <= -0.015,2,51,0.4214876033057851,0.8235294117647058,0.1375789985415653,0.07935317763289056,0.05845178774664905,0.06726146447556075,0.062372000489896016,0.056186000244948006
node_ret_3h <= -0.015 AND node_body_ratio >= 0.3,2,74,0.6115702479338843,0.7162162162162162,0.030265802993075686,0.07009681322712548,0.0627972983560759,0.06726146447556075,0.062290613047994096,0.056145306523997046
node_close_vs_ema20 <= -0.005 AND node_close_position <= 0.5,2,76,0.628099173553719,0.7105263157894737,0.02457590256633313,0.06956013828046051,0.06337925982728564,0.06726146447556075,0.0622857066885537,0.05614285334427685
node_body_ratio >= 0.5,1,78,0.6446280991735537,0.717948717948718,0.03199830472557741,0.06903600418697903,0.0640425319757788,0.06726146447556075,0.06227114319491211,0.05613557159745604
hours_to_5pct <= 24 AND node_body_ratio >= 0.4,2,55,0.45454545454545453,0.8,0.1140495867768595,0.07694005707933756,0.05919597063908009,0.06726146447556075,0.062245480490607984,0.056122740245304004
node_ret_1h <= -0.01 AND node_body_ratio >= 0.4,2,67,0.5537190082644629,0.7313432835820896,0.04539287035894901,0.07200756304799978,0.061372786617164214,0.06726146447556075,0.06218600598525608,0.056093002992628045
node_ret_1h <= -0.01 AND node_body_ratio >= 0.2,2,78,0.6446280991735537,0.7051282051282052,0.019177791905064634,0.0688948657231585,0.06429855058456951,0.06726146447556075,0.062180161375259196,0.056090080687629607
node_close_vs_ema50 <= -0.015 AND node_close_position <= 0.6,2,70,0.5785123966942148,0.7285714285714285,0.042621015348287994,0.0710187701847119,0.06210437820809843,0.06726146447556075,0.062159619115122584,0.05607980955756128
node_close_vs_ema20 <= -0.01 AND node_body_ratio >= 0.4,2,63,0.5206611570247934,0.746031746031746,0.0600813328086055,0.07333255498154868,0.06066700409836696,0.06726146447556075,0.06214835507303775,0.05607417753651889
node_close_vs_ema20 <= -0.01 AND node_close_position <= 0.6,2,72,0.5950413223140496,0.7222222222222222,0.03627180899908167,0.070411140668107,0.0626333688456969,0.06726146447556075,0.06214547213308846,0.056072736066544226
adverse_before_5pct <= 0.01 AND node_body_ratio >= 0.2,2,61,0.5041322314049587,0.7704918032786885,0.08454139005554795,0.07399316478141861,0.06041756916460526,0.06726146447556075,0.062095727699723435,0.05604786384986172
node_ret_1h <= -0.015 AND node_close_position <= 0.6,2,64,0.5289256198347108,0.75,0.06404958677685946,0.07285468784844001,0.06098135402180159,0.06726146447556075,0.062088429936364965,0.05604421496818248
node_ret_1h <= -0.015 AND node_body_ratio >= 0.4,2,57,0.47107438016528924,0.7719298245614035,0.08597941133826292,0.07562444930701902,0.059813181110043245,0.06726146447556075,0.06207102157438086,0.056035510787190435
adverse_before_5pct <= 0.0125 AND node_ret_3h <= -0.02,2,47,0.3884297520661157,0.8297872340425532,0.14383682081941263,0.08105869787420418,0.05849835677642236,0.06726146447556075,0.06206412231477352,0.05603206115738677
node_ret_1h <= -0.01 AND node_ret_3h <= -0.015,2,82,0.6776859504132231,0.6951219512195121,0.009171537996371604,0.06779258677948102,0.06614474578526688,0.06726146447556075,0.06205778608196235,0.05602889304098117
node_ret_1h <= -0.015 AND node_ret_3h <= -0.02,2,64,0.5289256198347108,0.75,0.06404958677685946,0.07277930505925065,0.06106599434650542,0.06726146447556075,0.06204855804786811,0.05602427902393406
node_close_profit >= 0.048 AND node_close_position <= 0.5,2,66,0.5454545454545454,0.7272727272727273,0.04132231404958675,0.07208392819882704,0.061474508007641204,0.06726146447556075,0.062045779017542026,0.05602288950877101
node_close_vs_ema50 <= -0.005 AND node_close_position <= 0.6,2,83,0.6859504132231405,0.6867469879518072,0.0007965747286666769,0.06751397899271175,0.06670991960915203,0.06726146447556075,0.062013721127232024,0.056006860563616014
node_ret_3h <= -0.02 AND node_close_vs_ema20 <= -0.005,2,74,0.6115702479338843,0.7162162162162162,0.030265802993075686,0.06962966431712121,0.06353280940586982,0.06726146447556075,0.06200491867328075,0.05600245933664038
node_ret_3h <= -0.02 AND node_close_vs_ema50 <= -0.015,2,74,0.6115702479338843,0.7162162162162162,0.030265802993075686,0.06962966431712121,0.06353280940586982,0.06726146447556075,0.06200491867328075,0.05600245933664038
node_close_vs_ema50 <= -0.015 AND node_close_position <= 0.5,2,64,0.5289256198347108,0.75,0.06404958677685946,0.07268955365816904,0.06116676784947426,0.06726146447556075,0.06200108623241998,0.05600054311621
node_close_vs_ema20 <= -0.01 AND node_close_position <= 0.5,2,66,0.5454545454545454,0.7424242424242424,0.05647382920110189,0.07197605529237411,0.06160395549538477,0.06726146447556075,0.06198693925038588,0.05599346962519293
adverse_before_5pct <= 0.0125 AND node_body_ratio >= 0.5,2,59,0.48760330578512395,0.7796610169491526,0.09371060372601203,0.07442911985199806,0.06044063113346722,0.06726146447556075,0.06191171959725525,0.05595585979862762
node_close_profit >= 0.048 AND node_close_vs_ema50 <= -0.01,2,66,0.5454545454545454,0.7272727272727273,0.04132231404958675,0.07181222163891313,0.06180055587953793,0.06726146447556075,0.06189757543940716,0.05594878771970358
node_close_vs_ema50 <= -0.005 AND node_close_position <= 0.5,2,77,0.6363636363636364,0.7012987012987013,0.015348288075560768,0.06862958152711768,0.06486725963533614,0.06726146447556075,0.06185518824452944,0.05592759412226471
node_close_profit >= 0.048 AND node_close_vs_ema20 <= -0.01,2,58,0.4793388429752066,0.7586206896551724,0.07267027643203183,0.07470448738657137,0.06040915766859861,0.06726146447556075,0.06184182040017471,0.055920910200087354
adverse_before_5pct <= 0.01 AND node_close_vs_ema50 <= -0.01,2,50,0.4132231404958678,0.8,0.1140495867768595,0.07853668488944975,0.059321168409441745,0.06726146447556075,0.0617920185493594,0.055896009274679706
node_ret_3h <= -0.015 AND node_body_ratio >= 0.2,2,77,0.6363636363636364,0.7012987012987013,0.015348288075560768,0.06848886368807158,0.06511351585366684,0.06726146447556075,0.06176564052877283,0.05588282026438641
hours_to_5pct <= 24 AND node_close_vs_ema20 <= -0.01,2,56,0.4628099173553719,0.7857142857142857,0.09976387249114516,0.0753944085724929,0.06025462033051153,0.06726146447556075,0.06175278413272398,0.05587639206636199
node_close_vs_ema50 <= -0.015 AND node_body_ratio >= 0.4,2,62,0.512396694214876,0.7419354838709677,0.055985070647827206,0.07290076124433655,0.06133542380328789,0.06726146447556075,0.0617342743566022,0.0558671371783011
node_close_profit >= 0.048 AND node_close_vs_ema20 <= -0.005,2,67,0.5537190082644629,0.7164179104477612,0.03046749722462061,0.07117924067677092,0.06240051992961483,0.06726146447556075,0.06172734814333596,0.055863674071667986
node_ret_1h <= -0.01 AND node_close_position <= 0.6,2,77,0.6363636363636364,0.7012987012987013,0.015348288075560768,0.0684084029509658,0.06525432214360195,0.06726146447556075,0.06171443824152369,0.055857219120761845
adverse_before_5pct <= 0.01 AND node_body_ratio >= 0.3,2,60,0.49586776859504134,0.7666666666666667,0.08071625344352618,0.07355966639643947,0.06106651176649973,0.06726146447556075,0.06168247920484603,0.05584123960242301
adverse_before_5pct <= 0.01 AND node_body_ratio >= 0.4,2,56,0.4628099173553719,0.7857142857142857,0.09976387249114516,0.07523742775893101,0.06038986533911869,0.06726146447556075,0.06168013185537303,0.05584006592768652
node_ret_1h <= -0.015 AND node_close_position <= 0.5,2,61,0.5041322314049587,0.7540983606557377,0.06814794743259711,0.07316620794962977,0.06125830861025727,0.06726146447556075,0.061678832106838145,0.05583941605341907
adverse_before_5pct <= 0.01 AND node_close_vs_ema20 <= -0.005,2,51,0.4214876033057851,0.7843137254901961,0.09836331226705552,0.07757326944407594,0.05974857799849969,0.06726146447556075,0.061621791253288205,0.055810895626644104
node_ret_3h <= -0.02 AND node_close_vs_ema20 <= -0.01,2,73,0.6033057851239669,0.7123287671232876,0.02637835390014709,0.06921349396199089,0.06429275296494828,0.06726146447556075,0.06159161205971351,0.05579580602985676
node_ret_1h <= -0.01 AND node_close_position <= 0.5,2,71,0.5867768595041323,0.7183098591549296,0.03235944593178908,0.06969386687911763,0.06380745306250998,0.06726146447556075,0.06155590535882109,0.05577795267941054
node_ret_3h <= -0.02,1,75,0.6198347107438017,0.7066666666666667,0.020716253443526123,0.06861198625780857,0.06505952678711326,0.06726146447556075,0.06153635511847638,0.0557681775592382
node_ret_3h <= -0.02 AND node_close_vs_ema50 <= -0.005,2,75,0.6198347107438017,0.7066666666666667,0.020716253443526123,0.06861198625780857,0.06505952678711326,0.06726146447556075,0.06153635511847638,0.0557681775592382
node_ret_3h <= -0.02 AND node_close_vs_ema50 <= -0.01,2,75,0.6198347107438017,0.7066666666666667,0.020716253443526123,0.06861198625780857,0.06505952678711326,0.06726146447556075,0.06153635511847638,0.0557681775592382
hours_to_5pct <= 24 AND node_close_vs_ema20 <= -0.005,2,63,0.5206611570247934,0.746031746031746,0.0600813328086055,0.07209058898487626,0.06201603612923531,0.06726146447556075,0.06150171162022483,0.05575085581011242
hours_to_5pct <= 24 AND node_close_vs_ema50 <= -0.005,2,63,0.5206611570247934,0.746031746031746,0.0600813328086055,0.07209058898487626,0.06201603612923531,0.06726146447556075,0.06150171162022483,0.05575085581011242
hours_to_5pct <= 24 AND node_close_vs_ema50 <= -0.01,2,63,0.5206611570247934,0.746031746031746,0.0600813328086055,0.07209058898487626,0.06201603612923531,0.06726146447556075,0.06150171162022483,0.05575085581011242
node_close_profit >= 0.048 AND node_ret_1h <= -0.015,2,51,0.4214876033057851,0.7843137254901961,0.09836331226705552,0.0771715745680629,0.06004124140816637,0.06726146447556075,0.06145248184273725,0.05572624092136863
node_close_profit >= 0.048 AND node_close_vs_ema50 <= -0.015,2,57,0.47107438016528924,0.7543859649122807,0.06843555168914017,0.07425888599530593,0.061029385934537723,0.06726146447556075,0.06142773968373916,0.05571386984186958
hours_to_5pct <= 24 AND adverse_before_5pct <= 0.01,2,50,0.4132231404958678,0.8,0.1140495867768595,0.07756503602963455,0.06000542816987499,0.06726146447556075,0.061390510756047345,0.055695255378023674
node_close_profit >= 0.048 AND node_close_position <= 0.6,2,68,0.5619834710743802,0.7058823529411765,0.019931939718035974,0.07010176458179493,0.06361730584869428,0.06726146447556075,0.06129685943439715,0.05564842971719858
node_close_profit >= 0.048 AND node_close_vs_ema50 <= -0.005,2,68,0.5619834710743802,0.7058823529411765,0.019931939718035974,0.07010171167083404,0.06361737373445542,0.06726146447556075,0.061296829699311696,0.05564841484965585
adverse_before_5pct <= 0.0075,1,56,0.4628099173553719,0.75,0.06404958677685946,0.07433104114050744,0.06117075227191439,0.06726146447556075,0.061260647139408396,0.0556303235697042
adverse_before_5pct <= 0.01 AND node_close_vs_ema20 <= -0.01,2,43,0.35537190082644626,0.8372093023255814,0.1512588891024409,0.08165843552360795,0.059324672743945005,0.06726146447556075,0.06125051840921605,0.05562525920460803
node_ret_1h <= -0.015 AND node_close_vs_ema50 <= -0.02,2,62,0.512396694214876,0.7419354838709677,0.055985070647827206,0.07190171019697958,0.06238527405644266,0.06726146447556075,0.06122236390258458,0.05561118195129229
node_close_profit >= 0.048 AND node_body_ratio >= 0.5,2,66,0.5454545454545454,0.7272727272727273,0.04132231404958675,0.07054598266547907,0.0633200426476588,0.06726146447556075,0.06120689963571585,0.05560344981785792
node_close_vs_ema50 <= -0.01 AND node_body_ratio >= 0.5,2,61,0.5041322314049587,0.7377049180327869,0.051754504809646384,0.07220346692021004,0.06223709532350068,0.06726146447556075,0.06119348332341167,0.05559674166170583
node_ret_1h <= -0.01 AND node_ret_3h <= -0.02,2,72,0.5950413223140496,0.7083333333333334,0.022382920110192828,0.06878631718967455,0.06502086456910783,0.06726146447556075,0.061178635021955106,0.05558931751097756
node_close_vs_ema20 <= -0.005 AND node_body_ratio >= 0.5,2,62,0.512396694214876,0.7258064516129032,0.039856038389762705,0.07151312869851932,0.0627936139361806,0.06726146447556075,0.06102325602734048,0.05551162801367023
node_ret_3h <= -0.015 AND node_body_ratio >= 0.4,2,66,0.5454545454545454,0.7121212121212122,0.026170798898071612,0.07020246528984442,0.06373226349842039,0.06726146447556075,0.06101952652173332,0.05550976326086666
hours_to_5pct <= 24 AND node_ret_1h <= -0.01,2,60,0.49586776859504134,0.75,0.06404958677685946,0.07221394603912556,0.06239017113434948,0.06726146447556075,0.061015179854111846,0.05550758992705593
node_body_ratio >= 0.5 AND node_close_position <= 0.6,2,64,0.5289256198347108,0.71875,0.03279958677685946,0.07080813161255123,0.06327924172525566,0.06726146447556075,0.0610059539107709,0.05550297695538546
node_ret_3h <= -0.015 AND node_close_position <= 0.6,2,75,0.6198347107438017,0.6933333333333334,0.007382920110192814,0.06770824751537256,0.06653301386717196,0.06726146447556075,0.060976186476470594,0.05548809323823531
node_ret_3h <= -0.02 AND node_body_ratio >= 0.3,2,65,0.5371900826446281,0.7230769230769231,0.03712650985378252,0.07036350704680058,0.06366087934822882,0.06726146447556075,0.06093907403340527,0.05546953701670264
node_ret_3h <= -0.02 AND node_body_ratio >= 0.2,2,67,0.5537190082644629,0.7164179104477612,0.03046749722462061,0.06965398723095552,0.06429296401979322,0.06726146447556075,0.060882786317967105,0.05544139315898355
adverse_before_5pct <= 0.0075 AND node_body_ratio >= 0.4,2,49,0.4049586776859504,0.7755102040816326,0.08955979085849208,0.07682566152841208,0.06075249703681472,0.06726146447556075,0.060863284420596624,0.05543164221029831
node_ret_3h <= -0.015 AND node_close_position <= 0.5,2,69,0.5702479338842975,0.7101449275362319,0.024194514313091386,0.06897008818617291,0.0649942522441716,0.06726146447556075,0.06081765359376803,0.05540882679688401
adverse_before_5pct <= 0.0075 AND node_body_ratio >= 0.2,2,51,0.4214876033057851,0.7647058823529411,0.07875546912980058,0.07560374579750499,0.0611835166552871,0.06726146447556075,0.06079166145184094,0.05539583072592047
adverse_before_5pct <= 0.01 AND node_close_vs_ema50 <= -0.005,2,53,0.4380165289256198,0.7547169811320755,0.06876656790893498,0.07457543203672226,0.06156087211171429,0.06726146447556075,0.06076444543757257,0.055382222718786275
hours_to_5pct <= 24 AND adverse_before_5pct <= 0.0075,2,44,0.36363636363636365,0.8181818181818182,0.1322314049586777,0.07947691396983238,0.06028120762169127,0.06726146447556075,0.06071887780721178,0.05535943890360589
adverse_before_5pct <= 0.01 AND node_close_profit >= 0.048,2,51,0.4214876033057851,0.7843137254901961,0.09836331226705552,0.07538222268376567,0.061344912066725765,0.06726146447556075,0.06069829220555412,0.05534914610277706
node_close_vs_ema20 <= -0.01 AND node_body_ratio >= 0.5,2,54,0.4462809917355372,0.7592592592592593,0.07330884603611876,0.07390656039125797,0.06190571552858092,0.06726146447556075,0.06066904348039612,0.05533452174019806
node_close_profit >= 0.048 AND node_ret_3h <= -0.015,2,63,0.5206611570247934,0.7142857142857143,0.02833530106257376,0.07047019922331567,0.06377611466334421,0.06726146447556075,0.060658037612139566,0.05532901880606979
node_close_vs_ema50 <= -0.02,1,67,0.5537190082644629,0.7164179104477612,0.03046749722462061,0.06915186425529148,0.06491596845256155,0.06726146447556075,0.06060475128185561,0.055302375640927805
node_ret_1h <= -0.01 AND node_close_vs_ema50 <= -0.02,2,67,0.5537190082644629,0.7164179104477612,0.03046749722462061,0.06915186425529148,0.06491596845256155,0.06726146447556075,0.06060475128185561,0.055302375640927805
node_ret_3h <= -0.015 AND node_close_vs_ema50 <= -0.02,2,67,0.5537190082644629,0.7164179104477612,0.03046749722462061,0.06915186425529148,0.06491596845256155,0.06726146447556075,0.06060475128185561,0.055302375640927805
node_close_vs_ema20 <= -0.005 AND node_close_vs_ema50 <= -0.02,2,67,0.5537190082644629,0.7164179104477612,0.03046749722462061,0.06915186425529148,0.06491596845256155,0.06726146447556075,0.06060475128185561,0.055302375640927805
node_close_vs_ema20 <= -0.01 AND node_close_vs_ema50 <= -0.02,2,67,0.5537190082644629,0.7164179104477612,0.03046749722462061,0.06915186425529148,0.06491596845256155,0.06726146447556075,0.06060475128185561,0.055302375640927805
node_close_vs_ema50 <= -0.005 AND node_body_ratio >= 0.5,2,63,0.5206611570247934,0.7142857142857143,0.02833530106257376,0.07034478170763907,0.06391234403382055,0.06726146447556075,0.06059273758331621,0.0552963687916581
node_body_ratio >= 0.5 AND node_close_position <= 0.5,2,63,0.5206611570247934,0.7142857142857143,0.02833530106257376,0.07034478170763907,0.06391234403382055,0.06726146447556075,0.06059273758331621,0.0552963687916581
hours_to_5pct <= 24 AND node_close_vs_ema50 <= -0.015,2,55,0.45454545454545453,0.7636363636363637,0.07768595041322313,0.07329348483827616,0.06223478083996458,0.06726146447556075,0.060587947653761895,0.05529397382688095
node_close_profit >= 0.048 AND node_ret_1h <= -0.01,2,61,0.5041322314049587,0.7213114754098361,0.03536106218669555,0.07099562201438096,0.0634650709777602,0.06726146447556075,0.06058456977584495,0.055292284887922476
adverse_before_5pct <= 0.01 AND node_close_vs_ema50 <= -0.015,2,41,0.33884297520661155,0.8292682926829268,0.14331787945978625,0.08102606520813828,0.06020710660011478,0.06726146447556075,0.06051296424407991,0.05525648212203996
adverse_before_5pct <= 0.01 AND node_ret_3h <= -0.015,2,43,0.35537190082644626,0.813953488372093,0.12800307514895248,0.07952748892214578,0.06049942535757157,0.06726146447556075,0.06049323986489479,0.0552466199324474
node_close_vs_ema20 <= -0.015,1,60,0.49586776859504134,0.7333333333333333,0.04738292011019274,0.07096583745442415,0.06361781892258037,0.06726146447556075,0.060396283035251644,0.05519814151762582
node_ret_1h <= -0.01 AND node_close_vs_ema20 <= -0.015,2,60,0.49586776859504134,0.7333333333333333,0.04738292011019274,0.07096583745442415,0.06361781892258037,0.06726146447556075,0.060396283035251644,0.05519814151762582
node_ret_1h <= -0.015 AND node_close_vs_ema20 <= -0.015,2,60,0.49586776859504134,0.7333333333333333,0.04738292011019274,0.07096583745442415,0.06361781892258037,0.06726146447556075,0.060396283035251644,0.05519814151762582
node_close_vs_ema20 <= -0.015 AND node_close_vs_ema50 <= -0.005,2,60,0.49586776859504134,0.7333333333333333,0.04738292011019274,0.07096583745442415,0.06361781892258037,0.06726146447556075,0.060396283035251644,0.05519814151762582
node_close_vs_ema20 <= -0.015 AND node_close_vs_ema50 <= -0.01,2,60,0.49586776859504134,0.7333333333333333,0.04738292011019274,0.07096583745442415,0.06361781892258037,0.06726146447556075,0.060396283035251644,0.05519814151762582
node_close_vs_ema20 <= -0.015 AND node_close_vs_ema50 <= -0.015,2,60,0.49586776859504134,0.7333333333333333,0.04738292011019274,0.07096583745442415,0.06361781892258037,0.06726146447556075,0.060396283035251644,0.05519814151762582
adverse_before_5pct <= 0.0075 AND node_body_ratio >= 0.3,2,50,0.4132231404958678,0.76,0.07404958677685947,0.07511575935585171,0.06173027089789108,0.06726146447556075,0.06037841295696352,0.055189206478481766
hours_to_5pct <= 20 AND node_ret_1h <= -0.015,2,44,0.36363636363636365,0.8181818181818182,0.1322314049586777,0.0783451952668393,0.0609279040234016,0.06726146447556075,0.0603073437333961,0.055153671866698055
node_ret_1h <= -0.01 AND node_body_ratio >= 0.5,2,57,0.47107438016528924,0.7368421052631579,0.05089169204001731,0.07185101786685177,0.0631738934864422,0.06726146447556075,0.060293454697607864,0.05514672734880394
node_close_vs_ema50 <= -0.015 AND node_body_ratio >= 0.5,2,53,0.4380165289256198,0.7547169811320755,0.06876656790893498,0.07341227347998544,0.06246745157505328,0.06726146447556075,0.060254962763960564,0.055127481381980294
hours_to_5pct <= 12,1,37,0.30578512396694213,0.8648648648648649,0.17891445164172437,0.08342985923932135,0.06013967154390431,0.06726146447556075,0.0602223536516933,0.05511117682584666
hours_to_5pct <= 24 AND node_close_position <= 0.6,2,54,0.4462809917355372,0.7592592592592593,0.07330884603611876,0.07285449138656251,0.06275365174132054,0.06726146447556075,0.060199525081606406,0.05509976254080321
node_ret_3h <= -0.02 AND node_close_vs_ema50 <= -0.02,2,66,0.5454545454545454,0.7121212121212122,0.026170798898071612,0.0686842582351004,0.06555411196411319,0.06726146447556075,0.06019141358278204,0.055095706791391016
node_body_ratio >= 0.4 AND node_close_position <= 0.4,2,59,0.48760330578512395,0.711864406779661,0.025913993556520465,0.07082993237751438,0.06386566437531456,0.06726146447556075,0.060156743886556605,0.0550783719432783
adverse_before_5pct <= 0.01 AND node_ret_1h <= -0.01,2,46,0.38016528925619836,0.782608695652174,0.0966582824290334,0.07667088843134406,0.06149035111601366,0.06726146447556075,0.06013934601522171,0.055069673007610856
node_close_profit >= 0.048 AND node_close_position <= 0.3,2,50,0.4132231404958678,0.74,0.05404958677685945,0.07449672644131641,0.06216620957009903,0.06726146447556075,0.06012261423194894,0.05506130711597446
hours_to_5pct <= 12 AND node_close_vs_ema20 <= -0.01,2,30,0.24793388429752067,0.9333333333333333,0.2473829201101928,0.0907712705426758,0.059510978958929435,0.06726146447556075,0.06010857947339069,0.05505428973669534
adverse_before_5pct <= 0.01 AND node_ret_1h <= -0.015,2,38,0.3140495867768595,0.8421052631578947,0.15615484993475415,0.08214321106223117,0.06044813471298875,0.06726146447556075,0.06009456215177508,0.05504728107588754
node_ret_3h <= -0.02 AND node_close_position <= 0.6,2,65,0.5371900826446281,0.7076923076923077,0.02174189446916719,0.06878912621762233,0.06548828566781074,0.06726146447556075,0.060093332265664885,0.05504666613283245
hours_to_5pct <= 16 AND node_body_ratio >= 0.2,2,50,0.4132231404958678,0.78,0.09404958677685948,0.07434672746597114,0.06227184265132808,0.06726146447556075,0.06006063118428559,0.055030315592142796
node_close_profit >= 0.05 AND node_close_vs_ema20 <= -0.01,2,42,0.34710743801652894,0.8095238095238095,0.12357339630066899,0.07896870529740793,0.06103736176014835,0.06726146447556075,0.06005525307843912,0.055027626539219554
adverse_before_5pct <= 0.01 AND node_body_ratio >= 0.5,2,52,0.4297520661157025,0.7692307692307693,0.08328035600762873,0.07333234519620352,0.06268630799043867,0.06726146447556075,0.060027123555393254,0.055013561777696625
hours_to_5pct <= 18 AND adverse_before_5pct <= 0.0125,2,49,0.4049586776859504,0.7755102040816326,0.08955979085849208,0.07473615232804873,0.062174524131506446,0.06726146447556075,0.060017119537804864,0.05500855976890243
hours_to_5pct <= 16,1,56,0.4628099173553719,0.75,0.06404958677685946,0.07163175086151068,0.06349629466612698,0.06726146447556075,0.06001138882846775,0.05500569441423388
node_ret_3h <= -0.015 AND node_close_vs_ema20 <= -0.015,2,59,0.48760330578512395,0.7288135593220338,0.0428631460988933,0.07047269235003575,0.06420561859501198,0.06726146447556075,0.05998255246819925,0.05499127623409962
node_close_profit >= 0.048 AND node_close_position <= 0.4,2,61,0.5041322314049587,0.7049180327868853,0.01896761956374471,0.06979628912404409,0.0646843927496027,0.06726146447556075,0.05997994740964206,0.054989973704821025
adverse_before_5pct <= 0.0125 AND node_close_position <= 0.4,2,47,0.3884297520661157,0.7659574468085106,0.08000703358537009,0.07566887429297432,0.061921623105041346,0.06726146447556075,0.05997055447743631,0.054985277238718155
hours_to_5pct <= 20 AND adverse_before_5pct <= 0.0125,2,51,0.4214876033057851,0.7647058823529411,0.07875546912980058,0.07359732187427691,0.06264533979935329,0.06726146447556075,0.05994597864122415,0.05497298932061208
node_ret_3h <= -0.02 AND node_close_position <= 0.5,2,59,0.48760330578512395,0.7288135593220338,0.0428631460988933,0.07037475805658369,0.06429881413232927,0.06726146447556075,0.0599347993829623,0.05496739969148114
node_ret_1h <= -0.015 AND node_body_ratio >= 0.5,2,50,0.4132231404958678,0.76,0.07404958677685947,0.07402107551092678,0.06250117501403538,0.06726146447556075,0.05992606426071354,0.054963032130356776
hours_to_5pct <= 16 AND adverse_before_5pct <= 0.0125,2,44,0.36363636363636365,0.7954545454545454,0.10950413223140487,0.07728031422458591,0.061536407476117834,0.06726146447556075,0.059920114263485785,0.05496005713174289
adverse_before_5pct <= 0.0075 AND node_close_vs_ema50 <= -0.01,2,39,0.32231404958677684,0.8205128205128205,0.13456240728967994,0.08069877225181621,0.06087054980148803,0.06726146447556075,0.059894645601825065,0.05494732280091254
hours_to_5pct <= 18 AND node_ret_1h <= -0.015,2,43,0.35537190082644626,0.813953488372093,0.12800307514895248,0.07784016728203694,0.06142961549250337,0.06726146447556075,0.059893613166343715,0.05494680658317186
node_close_profit >= 0.048 AND node_ret_3h <= -0.02,2,53,0.4380165289256198,0.7358490566037735,0.04989864338063299,0.07231678673082602,0.06332128683542755,0.06726146447556075,0.05977512146060974,0.054887560730304874
adverse_before_5pct <= 0.0125 AND node_close_position <= 0.3,2,36,0.2975206611570248,0.8333333333333334,0.14738292011019283,0.08282732696899858,0.06066886389010474,0.06726146447556075,0.059766808023834286,0.054883404011917145
hours_to_5pct <= 24 AND node_body_ratio >= 0.5,2,49,0.4049586776859504,0.7755102040816326,0.08955979085849208,0.07411563726242691,0.06259681910672128,0.06726146447556075,0.05976583657734644,0.05488291828867323
hours_to_5pct <= 12 AND node_ret_1h <= -0.01,2,31,0.256198347107438,0.9032258064516129,0.21727539322847234,0.08811556092866837,0.06007838680837926,0.06726146447556075,0.05976514370899769,0.054882571854498845
hours_to_5pct <= 12 AND node_close_vs_ema20 <= -0.005,2,31,0.256198347107438,0.9032258064516129,0.21727539322847234,0.08811556092866837,0.06007838680837926,0.06726146447556075,0.05976514370899769,0.054882571854498845
hours_to_5pct <= 12 AND node_close_vs_ema50 <= -0.005,2,31,0.256198347107438,0.9032258064516129,0.21727539322847234,0.08811556092866837,0.06007838680837926,0.06726146447556075,0.05976514370899769,0.054882571854498845
hours_to_5pct <= 12 AND node_close_vs_ema50 <= -0.01,2,31,0.256198347107438,0.9032258064516129,0.21727539322847234,0.08811556092866837,0.06007838680837926,0.06726146447556075,0.05976514370899769,0.054882571854498845
hours_to_5pct <= 14 AND node_body_ratio >= 0.2,2,45,0.371900826446281,0.8,0.1140495867768595,0.07622646125840674,0.061953242696244054,0.06726146447556075,0.05975364261676284,0.054876821308381424
hours_to_5pct <= 12 AND node_body_ratio >= 0.2,2,34,0.2809917355371901,0.8823529411764706,0.19640252795333002,0.08465332540932007,0.06046464526006862,0.06726146447556075,0.05973729804889986,0.054868649024449934
adverse_before_5pct <= 0.01 AND node_close_position <= 0.6,2,47,0.3884297520661157,0.7659574468085106,0.08000703358537009,0.07506135747715308,0.06230747837995484,0.06726146447556075,0.05973457687129087,0.05486728843564544
adverse_before_5pct <= 0.0075 AND node_close_vs_ema20 <= -0.005,2,40,0.3305785123966942,0.8,0.1140495867768595,0.07941636537490546,0.06125904427835351,0.06726146447556075,0.05972441830575386,0.054862209152876935
hours_to_5pct <= 16 AND node_ret_1h <= -0.015,2,40,0.3305785123966942,0.825,0.1390495867768594,0.07937797997119637,0.06127800003327158,0.06726146447556075,0.059711728916097974,0.054855864458048985
node_body_ratio >= 0.3 AND node_close_position <= 0.4,2,63,0.5206611570247934,0.6984126984126984,0.012462285189557831,0.0686460915123607,0.06575747303903669,0.06726146447556075,0.059708295580815904,0.054854147790407946
hours_to_5pct <= 14,1,51,0.4214876033057851,0.7647058823529411,0.07875546912980058,0.07302416532498715,0.06306292528526439,0.06726146447556075,0.059704400260945,0.054852200130472505
hours_to_5pct <= 16 AND node_body_ratio >= 0.3,2,47,0.3884297520661157,0.7872340425531915,0.10128362933005097,0.07498178976566823,0.062358014629141145,0.06726146447556075,0.059703670404846344,0.054851835202423184
hours_to_5pct <= 12 AND node_close_vs_ema50 <= -0.015,2,29,0.2396694214876033,0.9310344827586207,0.24508406953548012,0.0904534048666711,0.05995096152618902,0.06726146447556075,0.059695444141598865,0.05484772207079944
hours_to_5pct <= 12 AND node_ret_1h <= -0.015,2,29,0.2396694214876033,0.9310344827586207,0.24508406953548012,0.0904529351049364,0.05995110960325758,0.06726146447556075,0.05969533155407567,0.05484766577703784
adverse_before_5pct <= 0.0125 AND node_close_vs_ema20 <= -0.015,2,37,0.30578512396694213,0.8378378378378378,0.1518874246146973,0.08169475633614584,0.06090394306077924,0.06726146447556075,0.05969178499535039,0.0548458924976752
hours_to_5pct <= 20 AND node_close_vs_ema20 <= -0.01,2,49,0.4049586776859504,0.7755102040816326,0.08955979085849208,0.0739237431127166,0.06272741373638525,0.06726146447556075,0.05968812737622408,0.05484406368811204
node_ret_3h <= -0.02 AND node_body_ratio >= 0.4,2,57,0.47107438016528924,0.7192982456140351,0.03334783239089456,0.07052327172569271,0.064356417393412,0.06726146447556075,0.059667987507144506,0.05483399375357225
node_body_ratio >= 0.5 AND node_close_position <= 0.4,2,56,0.4628099173553719,0.7142857142857143,0.02833530106257376,0.07088230220699035,0.0641419735069445,0.06726146447556075,0.059664536558607095,0.05483226827930355
node_close_profit >= 0.05 AND node_close_vs_ema50 <= -0.01,2,45,0.371900826446281,0.7777777777777778,0.09182736455463725,0.07597485136096586,0.06210222224078142,0.06726146447556075,0.05966006868796252,0.05483003434398126
node_body_ratio >= 0.2 AND node_close_position <= 0.4,2,65,0.5371900826446281,0.6923076923076923,0.006357279084551748,0.06796911557793982,0.06644008373172793,0.06726146447556075,0.05965283068236436,0.05482641534118218
hours_to_5pct <= 18,1,62,0.512396694214876,0.7258064516129032,0.039856038389762705,0.06881298105128147,0.0656310572264983,0.06726146447556075,0.05963970929900373,0.05481985464950187
hours_to_5pct <= 14 AND adverse_before_5pct <= 0.0125,2,39,0.32231404958677684,0.8205128205128205,0.13456240728967994,0.07982533869773144,0.061285963321113725,0.06726146447556075,0.05961312569596303,0.05480656284798152
node_close_profit >= 0.05 AND node_ret_1h <= -0.01,2,43,0.35537190082644626,0.7906976744186046,0.10474726119546407,0.07697615723798554,0.061905928721916345,0.06726146447556075,0.05958656827465602,0.05479328413732801
adverse_before_5pct <= 0.0125 AND node_close_vs_ema50 <= -0.02,2,41,0.33884297520661155,0.8048780487804879,0.11892763555734731,0.07828735492422306,0.061610695620621325,0.06726146447556075,0.05958497150324914,0.05479248575162457
hours_to_5pct <= 20,1,64,0.5289256198347108,0.71875,0.03279958677685946,0.06809057463583104,0.06633053376929236,0.06726146447556075,0.05956856840242303,0.054784284201211515
node_ret_1h <= -0.02 AND node_close_vs_ema50 <= -0.015,2,58,0.4793388429752066,0.7241379310344828,0.03818751781134222,0.06995824491396258,0.0647787142306829,0.06726146447556075,0.059566762024874625,0.054783381012437314
node_ret_3h <= -0.015 AND node_body_ratio >= 0.5,2,57,0.47107438016528924,0.7192982456140351,0.03334783239089456,0.07025203520035253,0.0645979874237931,0.06726146447556075,0.05954021492909169,0.054770107464545845
node_close_vs_ema50 <= -0.02 AND node_body_ratio >= 0.3,2,58,0.4793388429752066,0.7241379310344828,0.03818751781134222,0.06990013282206199,0.06483221425179772,0.06726146447556075,0.05953890664198013,0.054769453320990064
node_close_profit >= 0.05 AND node_body_ratio >= 0.4,2,52,0.4297520661157025,0.75,0.06404958677685946,0.07218578344185049,0.06355038351545836,0.06726146447556075,0.059534386272530784,0.054767193136265394
node_close_profit >= 0.05,1,57,0.47107438016528924,0.7192982456140351,0.03334783239089456,0.07019927429286292,0.06464497760702602,0.06726146447556075,0.05951536061729906,0.05475768030864953
node_close_vs_ema20 <= -0.01 AND node_close_position <= 0.3,2,46,0.38016528925619836,0.7608695652173914,0.07491915199425081,0.07496520857406916,0.06253650142847561,0.06726146447556075,0.059490905738902325,0.054745452869451164
node_close_profit >= 0.05 AND node_close_vs_ema20 <= -0.005,2,46,0.38016528925619836,0.7608695652173914,0.07491915199425081,0.07496240887867064,0.0625382185749867,0.06726146447556075,0.05948984139189131,0.05474492069594565
node_close_profit >= 0.05 AND node_close_vs_ema50 <= -0.005,2,46,0.38016528925619836,0.7608695652173914,0.07491915199425081,0.07496240887867064,0.0625382185749867,0.06726146447556075,0.05948984139189131,0.05474492069594565
node_close_vs_ema50 <= -0.02 AND node_body_ratio >= 0.2,2,60,0.49586776859504134,0.7166666666666667,0.03071625344352613,0.06912328150185962,0.06543016903985698,0.06726146447556075,0.059482618926541955,0.05474130946327098
node_close_vs_ema50 <= -0.01 AND node_close_position <= 0.4,2,63,0.5206611570247934,0.6984126984126984,0.012462285189557831,0.06817329385626954,0.0662710291137564,0.06726146447556075,0.059462128206156865,0.05473106410307844
node_close_position <= 0.3,1,53,0.4380165289256198,0.7169811320754716,0.031030718852331107,0.07153316315206003,0.06393205227181867,0.06726146447556075,0.059431881380654396,0.0547159406903272
node_body_ratio >= 0.2 AND node_close_position <= 0.3,2,53,0.4380165289256198,0.7169811320754716,0.031030718852331107,0.07153316315206003,0.06393205227181867,0.06726146447556075,0.059431881380654396,0.0547159406903272
node_ret_1h <= -0.015 AND node_ret_3h <= -0.04,2,34,0.2809917355371901,0.8529411764705882,0.16699076324744766,0.08352872505113715,0.06090414425062285,0.06726146447556075,0.05942129464246829,0.05471064732123415
node_close_vs_ema50 <= -0.015 AND node_close_position <= 0.4,2,53,0.4380165289256198,0.7358490566037735,0.04989864338063299,0.07150722524573551,0.06395226858115986,0.06726146447556075,0.05942052014895854,0.05471026007447927
node_close_vs_ema20 <= -0.01 AND node_close_position <= 0.4,2,55,0.45454545454545453,0.7272727272727273,0.04132231404958675,0.07069402096723369,0.06440100073249998,0.06726146447556075,0.0594063731669244,0.0547031865834622
adverse_before_5pct <= 0.0125 AND node_close_profit >= 0.05,2,44,0.36363636363636365,0.7727272727272727,0.08677685950413216,0.07584235068396285,0.062358100927902435,0.06726146447556075,0.059397218430531945,0.054698609215265974
hours_to_5pct <= 14 AND node_body_ratio >= 0.3,2,42,0.34710743801652894,0.8095238095238095,0.12357339630066899,0.07707139291228937,0.06204605948388224,0.06726146447556075,0.059396681837323585,0.0546983409186618
hours_to_5pct <= 18 AND node_body_ratio >= 0.3,2,51,0.4214876033057851,0.7647058823529411,0.07875546912980058,0.07227338606792254,0.06360992160112575,0.06726146447556075,0.059387956111273135,0.05469397805563657
hours_to_5pct <= 24 AND node_close_position <= 0.5,2,50,0.4132231404958678,0.76,0.07404958677685947,0.07269164043759221,0.06343739689666535,0.06726146447556075,0.05937671092462489,0.054688355462312446
hours_to_5pct <= 24 AND node_ret_3h <= -0.015,2,56,0.4628099173553719,0.7321428571428571,0.04619244391971655,0.07022295339224972,0.06471002787041333,0.06726146447556075,0.05935938338814863,0.05467969169407432
hours_to_5pct <= 12 AND node_ret_3h <= -0.015,2,30,0.24793388429752067,0.9,0.21404958677685948,0.08771976712139692,0.06051696909781258,0.06726146447556075,0.05935200837720585,0.054676004188602925
hours_to_5pct <= 24 AND node_close_profit >= 0.048,2,52,0.4297520661157025,0.75,0.06404958677685946,0.07174353410264947,0.06388367287253738,0.06726146447556075,0.05934432870527085,0.05467216435263542
hours_to_5pct <= 16 AND node_close_position <= 0.6,2,39,0.32231404958677684,0.8205128205128205,0.13456240728967994,0.07895259071318249,0.06170105077717969,0.06726146447556075,0.05933182675879436,0.05466591337939719
hours_to_5pct <= 12 AND node_body_ratio >= 0.3,2,33,0.2727272727272727,0.8787878787878788,0.19283746556473824,0.08418800287017182,0.060914012577581604,0.06726146447556075,0.05932400078277414,0.05466200039138707
hours_to_5pct <= 20 AND node_body_ratio >= 0.3,2,53,0.4380165289256198,0.7547169811320755,0.06876656790893498,0.07127046492410911,0.06413680236125101,0.06726146447556075,0.05931681521469242,0.054658407607346214
hours_to_5pct <= 14 AND node_ret_1h <= -0.015,2,39,0.32231404958677684,0.8205128205128205,0.13456240728967994,0.0788491717379413,0.06175023785077,0.06726146447556075,0.05929849337008026,0.054649246685040134
node_close_vs_ema20 <= -0.005 AND node_close_position <= 0.4,2,64,0.5289256198347108,0.6875,0.0015495867768594573,0.0675675001581307,0.0669178454635524,0.06726146447556075,0.05929190091008566,0.054645950455042835
hours_to_5pct <= 12 AND node_ret_3h <= -0.02,2,28,0.23140495867768596,0.9285714285714286,0.24262101534828806,0.09011244527090127,0.06038159928986685,0.06726146447556075,0.05928221874037385,0.05464110937018693
hours_to_5pct <= 18 AND node_body_ratio >= 0.2,2,55,0.45454545454545453,0.7454545454545455,0.05950413223140494,0.07040771059124443,0.06463959271249102,0.06726146447556075,0.05927623208692929,0.05463811604346465
hours_to_5pct <= 18 AND node_close_vs_ema20 <= -0.01,2,48,0.39669421487603307,0.7708333333333334,0.08488292011019283,0.07337920862312027,0.0632388381867545,0.06726146447556075,0.05927439680917168,0.05463719840458584
node_close_profit >= 0.05 AND node_close_vs_ema50 <= -0.015,2,40,0.3305785123966942,0.8,0.1140495867768595,0.0779142938890199,0.06200080797508713,0.06726146447556075,0.059227865748436324,0.05461393287421816
node_close_profit >= 0.05 AND node_ret_1h <= -0.015,2,40,0.3305785123966942,0.8,0.1140495867768595,0.07791368893726922,0.06200110671669239,0.06726146447556075,0.05922766576438651,0.05461383288219326
node_ret_1h <= -0.015 AND node_ret_3h <= -0.03,2,55,0.45454545454545453,0.7272727272727273,0.04132231404958675,0.07026723852818396,0.0647566527650414,0.06726146447556075,0.059212381149174535,0.05460619057458727
adverse_before_5pct <= 0.0075 AND node_body_ratio >= 0.5,2,45,0.371900826446281,0.7555555555555555,0.069605142332415,0.0747654091243253,0.06281833935458175,0.06726146447556075,0.059210276120616856,0.05460513806030842
node_ret_1h <= -0.02 AND node_body_ratio >= 0.3,2,55,0.45454545454545453,0.7272727272727273,0.04132231404958675,0.0702616005124631,0.06476135111147548,0.06726146447556075,0.059209818414755956,0.05460490920737798
hours_to_5pct <= 20 AND node_body_ratio >= 0.2,2,57,0.47107438016528924,0.7368421052631579,0.05089169204001731,0.06954063217600315,0.06523158074235426,0.06726146447556075,0.05920509119034859,0.054602545595174294
node_close_vs_ema50 <= -0.01 AND node_close_position <= 0.3,2,51,0.4214876033057851,0.7254901960784313,0.039539782855290806,0.07180108904585644,0.06395402371720248,0.06726146447556075,0.059188888771394034,0.05459444438569702
hours_to_5pct <= 16 AND node_body_ratio >= 0.4,2,41,0.33884297520661155,0.8048780487804879,0.11892763555734731,0.07709479472200292,0.062221882724259145,0.06726146447556075,0.05918088085621586,0.054590440428107935
hours_to_5pct <= 16 AND node_close_vs_ema20 <= -0.01,2,43,0.35537190082644626,0.7906976744186046,0.10474726119546407,0.075824752923655,0.06254067725417548,0.06726146447556075,0.0591773915348526,0.0545886957674263
node_close_profit >= 0.048 AND node_body_ratio >= 0.6,2,57,0.47107438016528924,0.7192982456140351,0.03334783239089456,0.06947470828708033,0.06529029420592615,0.06726146447556075,0.05917403613523619,0.0545870180676181
adverse_before_5pct <= 0.0125 AND node_ret_3h <= -0.03,2,40,0.3305785123966942,0.8,0.1140495867768595,0.07774309504512719,0.06208535061404648,0.06726146447556075,0.05917127108929825,0.05458563554464912
node_close_profit >= 0.05 AND node_body_ratio >= 0.3,2,54,0.4462809917355372,0.7407407407407407,0.05479032751760016,0.07051977620687963,0.0646353624831545,0.06726146447556075,0.059157586075797526,0.05457879303789877
node_close_vs_ema20 <= -0.015 AND node_close_vs_ema50 <= -0.02,2,57,0.47107438016528924,0.7192982456140351,0.03334783239089456,0.06943659071433518,0.06532424266915228,0.06726146447556075,0.05915607992328186,0.054578039961640935
node_ret_1h <= -0.02 AND node_body_ratio >= 0.2,2,57,0.47107438016528924,0.7192982456140351,0.03334783239089456,0.06943117920381493,0.06532906229570937,0.06726146447556075,0.05915353069931778,0.05457676534965889
node_ret_1h <= -0.02 AND node_ret_3h <= -0.015,2,57,0.47107438016528924,0.7192982456140351,0.03334783239089456,0.0694301194104647,0.06533000617416193,0.06726146447556075,0.05915303145782222,0.05457651572891111
node_ret_1h <= -0.02,1,59,0.48760330578512395,0.711864406779661,0.025913993556520465,0.06874173988974575,0.0658528152910944,0.06726146447556075,0.05913853432640496,0.054569267163202484
node_ret_1h <= -0.02 AND node_close_vs_ema20 <= -0.005,2,59,0.48760330578512395,0.711864406779661,0.025913993556520465,0.06874173988974575,0.0658528152910944,0.06726146447556075,0.05913853432640496,0.054569267163202484
node_ret_1h <= -0.02 AND node_close_vs_ema20 <= -0.01,2,59,0.48760330578512395,0.711864406779661,0.025913993556520465,0.06874173988974575,0.0658528152910944,0.06726146447556075,0.05913853432640496,0.054569267163202484
node_ret_1h <= -0.02 AND node_close_vs_ema50 <= -0.005,2,59,0.48760330578512395,0.711864406779661,0.025913993556520465,0.06874173988974575,0.0658528152910944,0.06726146447556075,0.05913853432640496,0.054569267163202484
node_ret_1h <= -0.02 AND node_close_vs_ema50 <= -0.01,2,59,0.48760330578512395,0.711864406779661,0.025913993556520465,0.06874173988974575,0.0658528152910944,0.06726146447556075,0.05913853432640496,0.054569267163202484
node_close_vs_ema50 <= -0.02 AND node_close_position <= 0.6,2,59,0.48760330578512395,0.711864406779661,0.025913993556520465,0.06867530798901313,0.0659160327450174,0.06726146447556075,0.05910614191199814,0.054553070955999074
node_close_profit >= 0.05 AND node_body_ratio >= 0.2,2,56,0.4628099173553719,0.7142857142857143,0.02833530106257376,0.06966697975566685,0.06518902054193089,0.06726146447556075,0.05910207327534995,0.05455103663767498
adverse_before_5pct <= 0.0075 AND node_ret_1h <= -0.015,2,31,0.256198347107438,0.8709677419354839,0.18501732871234333,0.0855145615867621,0.060974286581702515,0.06726146447556075,0.05909877197677376,0.05454938598838688
node_ret_1h <= -0.015 AND node_close_position <= 0.4,2,50,0.4132231404958678,0.74,0.05404958677685945,0.07201780377657158,0.06391192975653905,0.06726146447556075,0.05909826602337669,0.05454913301168835
node_ret_3h <= -0.03,1,63,0.5206611570247934,0.6984126984126984,0.012462285189557831,0.06745310161898914,0.06705330688873337,0.06726146447556075,0.05908715208261418,0.0545435760413071
node_ret_3h <= -0.03 AND node_close_vs_ema20 <= -0.005,2,63,0.5206611570247934,0.6984126984126984,0.012462285189557831,0.06745310161898914,0.06705330688873337,0.06726146447556075,0.05908715208261418,0.0545435760413071
node_ret_3h <= -0.03 AND node_close_vs_ema50 <= -0.005,2,63,0.5206611570247934,0.6984126984126984,0.012462285189557831,0.06745310161898914,0.06705330688873337,0.06726146447556075,0.05908715208261418,0.0545435760413071
node_ret_3h <= -0.03 AND node_close_vs_ema50 <= -0.01,2,63,0.5206611570247934,0.6984126984126984,0.012462285189557831,0.06745310161898914,0.06705330688873337,0.06726146447556075,0.05908715208261418,0.0545435760413071
node_ret_3h <= -0.03 AND node_close_vs_ema50 <= -0.015,2,63,0.5206611570247934,0.6984126984126984,0.012462285189557831,0.06745310161898914,0.06705330688873337,0.06726146447556075,0.05908715208261418,0.0545435760413071
node_close_vs_ema50 <= -0.015 AND node_close_position <= 0.3,2,45,0.371900826446281,0.7555555555555555,0.069605142332415,0.07440657394929955,0.06303080755032069,0.06726146447556075,0.05907682502246677,0.0545384125112334
node_close_profit >= 0.05 AND node_close_position <= 0.5,2,45,0.371900826446281,0.7555555555555555,0.069605142332415,0.07440584533428904,0.06303123896710323,0.06726146447556075,0.059076554049942206,0.0545382770249711
node_close_profit >= 0.05 AND node_close_position <= 0.6,2,45,0.371900826446281,0.7555555555555555,0.069605142332415,0.07440584533428904,0.06303123896710323,0.06726146447556075,0.059076554049942206,0.0545382770249711
adverse_before_5pct <= 0.0075 AND node_close_profit >= 0.048,2,42,0.34710743801652894,0.7619047619047619,0.07595434868162132,0.07608772785203885,0.0625690206551547,0.06726146447556075,0.059055244378393656,0.05452762218919683
node_close_vs_ema20 <= -0.005 AND node_close_position <= 0.3,2,52,0.4297520661157025,0.7115384615384616,0.02558804831532102,0.07098573150988584,0.06445477047867808,0.06726146447556075,0.05901866147532284,0.05450933073766142
node_close_vs_ema50 <= -0.005 AND node_close_position <= 0.3,2,52,0.4297520661157025,0.7115384615384616,0.02558804831532102,0.07098573150988584,0.06445477047867808,0.06726146447556075,0.05901866147532284,0.05450933073766142
node_body_ratio >= 0.3 AND node_close_position <= 0.3,2,52,0.4297520661157025,0.7115384615384616,0.02558804831532102,0.07098573150988584,0.06445477047867808,0.06726146447556075,0.05901866147532284,0.05450933073766142
adverse_before_5pct <= 0.0075 AND node_close_vs_ema20 <= -0.01,2,33,0.2727272727272727,0.8484848484848485,0.16253443526170797,0.08305193423548035,0.061340038315590914,0.06726146447556075,0.059014163882403735,0.054507081941201865
node_ret_3h <= -0.04 AND node_body_ratio >= 0.2,2,33,0.2727272727272727,0.8484848484848485,0.16253443526170797,0.08302956549534202,0.06134842659314279,0.06726146447556075,0.05900806331691146,0.05450403165845573
node_ret_3h <= -0.04 AND node_close_vs_ema20 <= -0.015,2,33,0.2727272727272727,0.8484848484848485,0.16253443526170797,0.08302942579598946,0.06134847898039999,0.06726146447556075,0.059008025217088034,0.05450401260854402
node_ret_3h <= -0.04,1,35,0.2892561983471074,0.8285714285714286,0.14262101534828808,0.08106734658646704,0.06164279152344775,0.06726146447556075,0.05898642256633344,0.05449321128316672
node_ret_1h <= -0.01 AND node_ret_3h <= -0.04,2,35,0.2892561983471074,0.8285714285714286,0.14262101534828808,0.08106734658646704,0.06164279152344775,0.06726146447556075,0.05898642256633344,0.05449321128316672
node_ret_3h <= -0.04 AND node_close_vs_ema20 <= -0.005,2,35,0.2892561983471074,0.8285714285714286,0.14262101534828808,0.08106734658646704,0.06164279152344775,0.06726146447556075,0.05898642256633344,0.05449321128316672
node_ret_3h <= -0.04 AND node_close_vs_ema20 <= -0.01,2,35,0.2892561983471074,0.8285714285714286,0.14262101534828808,0.08106734658646704,0.06164279152344775,0.06726146447556075,0.05898642256633344,0.05449321128316672
node_ret_3h <= -0.04 AND node_close_vs_ema50 <= -0.005,2,35,0.2892561983471074,0.8285714285714286,0.14262101534828808,0.08106734658646704,0.06164279152344775,0.06726146447556075,0.05898642256633344,0.05449321128316672
node_ret_3h <= -0.04 AND node_close_vs_ema50 <= -0.01,2,35,0.2892561983471074,0.8285714285714286,0.14262101534828808,0.08106734658646704,0.06164279152344775,0.06726146447556075,0.05898642256633344,0.05449321128316672
node_ret_3h <= -0.04 AND node_close_vs_ema50 <= -0.015,2,35,0.2892561983471074,0.8285714285714286,0.14262101534828808,0.08106734658646704,0.06164279152344775,0.06726146447556075,0.05898642256633344,0.05449321128316672
node_ret_3h <= -0.04 AND node_close_vs_ema50 <= -0.02,2,35,0.2892561983471074,0.8285714285714286,0.14262101534828808,0.08106734658646704,0.06164279152344775,0.06726146447556075,0.05898642256633344,0.05449321128316672
hours_to_5pct <= 18 AND adverse_before_5pct <= 0.01,2,42,0.34710743801652894,0.7857142857142857,0.09976387249114516,0.0758772346500095,0.06268092843344877,0.06726146447556075,0.05898218062231736,0.05449109031115868
hours_to_5pct <= 20 AND node_close_vs_ema20 <= -0.005,2,53,0.4380165289256198,0.7358490566037735,0.04989864338063299,0.07043358238022089,0.06478907846163447,0.06726146447556075,0.05895024682770006,0.05447512341385003
hours_to_5pct <= 20 AND node_close_vs_ema50 <= -0.005,2,53,0.4380165289256198,0.7358490566037735,0.04989864338063299,0.07043358238022089,0.06478907846163447,0.06726146447556075,0.05895024682770006,0.05447512341385003
hours_to_5pct <= 20 AND node_close_vs_ema50 <= -0.01,2,53,0.4380165289256198,0.7358490566037735,0.04989864338063299,0.07043358238022089,0.06478907846163447,0.06726146447556075,0.05895024682770006,0.05447512341385003
hours_to_5pct <= 14 AND node_close_position <= 0.6,2,38,0.3140495867768595,0.8157894736842105,0.12983906046106997,0.07839867201963091,0.062162501985504534,0.06726146447556075,0.05891859121277665,0.05445929560638833
hours_to_5pct <= 20 AND adverse_before_5pct <= 0.01,2,44,0.36363636363636365,0.7727272727272727,0.08677685950413216,0.07450535924577577,0.06312209603543789,0.06726146447556075,0.05891103972573664,0.05445551986286833
hours_to_5pct <= 16 AND node_close_vs_ema20 <= -0.005,2,46,0.38016528925619836,0.7608695652173914,0.07491915199425081,0.07343242805659812,0.06347660681252451,0.06726146447556075,0.05890819579011169,0.054454097895055835
hours_to_5pct <= 16 AND node_close_vs_ema50 <= -0.005,2,46,0.38016528925619836,0.7608695652173914,0.07491915199425081,0.07343242805659812,0.06347660681252451,0.06726146447556075,0.05890819579011169,0.054454097895055835
hours_to_5pct <= 16 AND node_close_vs_ema50 <= -0.01,2,46,0.38016528925619836,0.7608695652173914,0.07491915199425081,0.07343242805659812,0.06347660681252451,0.06726146447556075,0.05890819579011169,0.054454097895055835
adverse_before_5pct <= 0.01 AND node_close_position <= 0.5,2,45,0.371900826446281,0.7555555555555555,0.069605142332415,0.07395285929684897,0.06329945438400852,0.06726146447556075,0.05890808816824961,0.05445404408412481
adverse_before_5pct <= 0.0125 AND node_body_ratio >= 0.6,2,45,0.371900826446281,0.7777777777777778,0.09182736455463725,0.07392386243573361,0.06331662357809001,0.06726146447556075,0.05889730421163647,0.054448652105818236
node_body_ratio >= 0.6,1,61,0.5041322314049587,0.7049180327868853,0.01896761956374471,0.0676472085394485,0.06686929134394155,0.06726146447556075,0.058896526619060814,0.054448263309530405
hours_to_5pct <= 16 AND adverse_before_5pct <= 0.01,2,37,0.30578512396694213,0.8108108108108109,0.12486039758767031,0.07905692478669706,0.06206584505279834,0.06726146447556075,0.05888517534799828,0.05444258767399914
hours_to_5pct <= 12 AND node_body_ratio >= 0.4,2,29,0.2396694214876033,0.896551724137931,0.2106013109147905,0.08703321438751527,0.061029065046792494,0.06726146447556075,0.058875729068082173,0.05443786453404109
hours_to_5pct <= 12 AND node_close_vs_ema50 <= -0.02,2,27,0.2231404958677686,0.9259259259259259,0.2399755127027854,0.08974705053512705,0.060802838692493845,0.06726146447556075,0.05886917656568951,0.05443458828284476
hours_to_5pct <= 12 AND node_close_position <= 0.6,2,27,0.2231404958677686,0.9259259259259259,0.2399755127027854,0.08973968823991257,0.060804953394310766,0.06726146447556075,0.05886753373948462,0.054433766869742314
adverse_before_5pct <= 0.0075 AND node_close_vs_ema50 <= -0.005,2,42,0.34710743801652894,0.7619047619047619,0.07595434868162132,0.07554561360225298,0.06285723329428136,0.06726146447556075,0.058867072490038225,0.054433536245019114
hours_to_5pct <= 20 AND node_body_ratio >= 0.4,2,45,0.371900826446281,0.7777777777777778,0.09182736455463725,0.07383947402498524,0.06336659040024364,0.06726146447556075,0.05886592009193666,0.05443296004596833
node_close_vs_ema50 <= -0.005 AND node_close_position <= 0.4,2,65,0.5371900826446281,0.676923076923077,-0.009027336300063582,0.06649580428297583,0.06815017719909684,0.06726146447556075,0.0588613824660614,0.054430691233030695
hours_to_5pct <= 24 AND node_ret_3h <= -0.02,2,49,0.4049586776859504,0.7551020408163265,0.06915162759318594,0.07187445724696247,0.0641220666172457,0.06726146447556075,0.058858251281827784,0.05442912564091389
hours_to_5pct <= 16 AND node_ret_3h <= -0.015,2,44,0.36363636363636365,0.7727272727272727,0.08677685950413216,0.07429361560339401,0.06324309240251316,0.06726146447556075,0.058834042037597824,0.05441702101879892
hours_to_5pct <= 14 AND node_close_vs_ema20 <= -0.005,2,44,0.36363636363636365,0.7727272727272727,0.08677685950413216,0.07429334001427285,0.063243249882011,0.06726146447556075,0.05883394182337195,0.05441697091168598
hours_to_5pct <= 14 AND node_close_vs_ema50 <= -0.005,2,44,0.36363636363636365,0.7727272727272727,0.08677685950413216,0.07429334001427285,0.063243249882011,0.06726146447556075,0.05883394182337195,0.05441697091168598
hours_to_5pct <= 14 AND node_close_vs_ema50 <= -0.01,2,44,0.36363636363636365,0.7727272727272727,0.08677685950413216,0.07429334001427285,0.063243249882011,0.06726146447556075,0.05883394182337195,0.05441697091168598
node_close_profit >= 0.05 AND node_ret_3h <= -0.015,2,43,0.35537190082644626,0.7674418604651163,0.08149144724197577,0.07485780685457981,0.06307373726661436,0.06726146447556075,0.0588337660722887,0.05441688303614435
node_close_vs_ema20 <= -0.015 AND node_body_ratio >= 0.3,2,54,0.4462809917355372,0.7222222222222222,0.03627180899908167,0.06971305271547566,0.06528555753592782,0.06726146447556075,0.058797560715997406,0.05439878035799871
node_close_position <= 0.4,1,67,0.5537190082644629,0.6716417910447762,-0.014308622178364372,0.06587399163938717,0.06898295855007243,0.06726146447556075,0.05878973090775984,0.05439486545387992
adverse_before_5pct <= 0.01 AND node_ret_3h <= -0.02,2,35,0.2892561983471074,0.8285714285714286,0.14262101534828808,0.0803734522586852,0.06192519037777755,0.06726146447556075,0.058785709331024644,0.05439285466551232
hours_to_5pct <= 14 AND node_close_vs_ema20 <= -0.01,2,42,0.34710743801652894,0.7857142857142857,0.09976387249114516,0.07524911606307196,0.06301486489739025,0.06726146447556075,0.05876415598883489,0.054382077994417445
node_ret_3h <= -0.02 AND node_close_vs_ema20 <= -0.015,2,56,0.4628099173553719,0.7142857142857143,0.02833530106257376,0.06889056802016436,0.06585792911405612,0.06726146447556075,0.0587427422242083,0.054371371112104154
node_close_vs_ema20 <= -0.015 AND node_body_ratio >= 0.2,2,56,0.4628099173553719,0.7142857142857143,0.02833530106257376,0.06888739344763692,0.06586066413038744,0.06726146447556075,0.058741273000559244,0.054370636500279616
adverse_before_5pct <= 0.0075 AND node_close_position <= 0.6,2,40,0.3305785123966942,0.775,0.08904958677685948,0.07643753248753862,0.0627300728647075,0.06726146447556075,0.05873968016116979,0.054369840080584896
node_ret_1h <= -0.01 AND node_close_position <= 0.3,2,48,0.39669421487603307,0.7291666666666666,0.04321625344352609,0.07193649773097828,0.06418747000624513,0.06726146447556075,0.05870208174452032,0.05435104087226015
node_close_vs_ema50 <= -0.02 AND node_body_ratio >= 0.4,2,51,0.4214876033057851,0.7254901960784313,0.039539782855290806,0.0705956167758982,0.06483229637102919,0.06726146447556075,0.05868079715347776,0.054340398576738884
node_ret_3h <= -0.03 AND node_close_vs_ema20 <= -0.01,2,62,0.512396694214876,0.6935483870967742,0.007597973873633701,0.06692798873797871,0.0676118966065792,0.06726146447556075,0.05867384546904694,0.05433692273452348
adverse_before_5pct <= 0.0075 AND node_ret_1h <= -0.01,2,36,0.2975206611570248,0.8055555555555556,0.11960514233241504,0.07909024896552605,0.06225162633863429,0.06726146447556075,0.05865495010544577,0.05432747505272288
hours_to_5pct <= 24 AND node_close_vs_ema20 <= -0.015,2,42,0.34710743801652894,0.7857142857142857,0.09976387249114516,0.07492498050760456,0.06318719012941089,0.06726146447556075,0.058651646126606546,0.054325823063303275
node_ret_3h <= -0.015 AND node_close_position <= 0.4,2,59,0.48760330578512395,0.6949152542372882,0.008964841014147629,0.06774150826034632,0.06680464861584547,0.06726146447556075,0.05865081807735895,0.054325409038679474
node_body_ratio >= 0.4 AND node_close_position <= 0.3,2,51,0.4214876033057851,0.7058823529411765,0.019931939718035974,0.07041682377655603,0.06496255984197848,0.06726146447556075,0.05860543812069717,0.05430271906034859
adverse_before_5pct <= 0.0075 AND node_close_vs_ema50 <= -0.015,2,32,0.2644628099173554,0.84375,0.15779958677685946,0.08252485897345968,0.06177350240890047,0.06726146447556075,0.058601615596286856,0.054300807798143426
node_ret_3h <= -0.04 AND node_body_ratio >= 0.3,2,32,0.2644628099173554,0.84375,0.15779958677685946,0.08249895912953356,0.06178281471233459,0.06726146447556075,0.058594766050785736,0.05429738302539287
node_ret_1h <= -0.01 AND node_close_position <= 0.4,2,59,0.48760330578512395,0.6949152542372882,0.008964841014147629,0.06755956015631728,0.06697779277935696,0.06726146447556075,0.05856209958035306,0.054281049790176526
hours_to_5pct <= 18 AND node_close_vs_ema20 <= -0.005,2,52,0.4297520661157025,0.7307692307692307,0.044818817546090184,0.06986381668343014,0.06530027150731135,0.06726146447556075,0.05853651626064767,0.054268258130323835
hours_to_5pct <= 18 AND node_close_vs_ema50 <= -0.005,2,52,0.4297520661157025,0.7307692307692307,0.044818817546090184,0.06986381668343014,0.06530027150731135,0.06726146447556075,0.05853651626064767,0.054268258130323835
hours_to_5pct <= 18 AND node_close_vs_ema50 <= -0.01,2,52,0.4297520661157025,0.7307692307692307,0.044818817546090184,0.06986381668343014,0.06530027150731135,0.06726146447556075,0.05853651626064767,0.054268258130323835
hours_to_5pct <= 14 AND node_body_ratio >= 0.4,2,37,0.30578512396694213,0.8108108108108109,0.12486039758767031,0.07791146475241165,0.0625703929250431,0.06726146447556075,0.05853491070941514,0.05426745535470757
hours_to_5pct <= 12 AND adverse_before_5pct <= 0.0125,2,30,0.24793388429752067,0.8666666666666667,0.18071625344352615,0.08441572507258975,0.061606213729287464,0.06726146447556075,0.05853282439816275,0.054266412199081376
hours_to_5pct <= 20 AND node_close_vs_ema50 <= -0.015,2,48,0.39669421487603307,0.75,0.06404958677685946,0.07148579580351459,0.06448382195855003,0.06726146447556075,0.058523290897261986,0.054261645448631
hours_to_5pct <= 16 AND node_ret_1h <= -0.01,2,45,0.371900826446281,0.7555555555555555,0.069605142332415,0.07284204171406611,0.06395717532118259,0.06726146447556075,0.05849497419118162,0.05424748709559081
hours_to_5pct <= 18 AND node_body_ratio >= 0.4,2,44,0.36363636363636365,0.7727272727272727,0.08677685950413216,0.07324352119343171,0.06384314635106307,0.06726146447556075,0.05845218952488426,0.054226094762442126
adverse_before_5pct <= 0.0125 AND node_ret_1h <= -0.02,2,36,0.2975206611570248,0.8055555555555556,0.11960514233241504,0.07834773307408184,0.0625661036573636,0.06726146447556075,0.058434036286503684,0.05421701814325185
hours_to_5pct <= 16 AND node_close_vs_ema50 <= -0.015,2,43,0.35537190082644626,0.7674418604651163,0.08149144724197577,0.07370833091808646,0.06370742271878377,0.06726146447556075,0.05842527462378279,0.054212637311891396
hours_to_5pct <= 14 AND node_ret_3h <= -0.015,2,43,0.35537190082644626,0.7674418604651163,0.08149144724197577,0.07369575780188822,0.06371435405207254,0.06726146447556075,0.058420806491580116,0.054210403245790066
hours_to_5pct <= 14 AND node_ret_1h <= -0.01,2,43,0.35537190082644626,0.7674418604651163,0.08149144724197577,0.07369551505017366,0.06371448787673568,0.06726146447556075,0.058420720224441884,0.05421036011222095
node_close_profit >= 0.05 AND node_ret_3h <= -0.02,2,38,0.3140495867768595,0.7894736842105263,0.10352327098738578,0.0767530058344526,0.0629159395160681,0.06726146447556075,0.05840177042734876,0.05420088521367438
hours_to_5pct <= 16 AND adverse_before_5pct <= 0.0075,2,34,0.2809917355371901,0.8235294117647058,0.1375789985415653,0.079878758189183,0.062330568081731375,0.06726146447556075,0.058395684119274566,0.054197842059637284
node_close_vs_ema20 <= -0.015 AND node_close_position <= 0.6,2,53,0.4380165289256198,0.7169811320754716,0.031030718852331107,0.06914331248758125,0.06579472999560361,0.06726146447556075,0.05838508728794882,0.054192543643974404
node_ret_3h <= -0.03 AND node_body_ratio >= 0.2,2,57,0.47107438016528924,0.7017543859649122,0.0158039727417717,0.06778543260656891,0.06679480535888162,0.06726146447556075,0.05837826164111098,0.054189130820555494
node_ret_1h <= -0.02 AND node_close_position <= 0.6,2,55,0.45454545454545453,0.7090909090909091,0.023140495867768562,0.06841205803412291,0.06630263651009229,0.06726146447556075,0.05836911728823769,0.054184558644118856
node_ret_3h <= -0.015 AND node_close_position <= 0.3,2,49,0.4049586776859504,0.7142857142857143,0.02833530106257376,0.07065046785392137,0.0649550593986209,0.06726146447556075,0.05836258615572022,0.05418129307786011
node_close_vs_ema20 <= -0.015 AND node_body_ratio >= 0.4,2,48,0.39669421487603307,0.7291666666666666,0.04321625344352609,0.07105570050909597,0.06476662434392116,0.06726146447556075,0.05835267458212072,0.05417633729106036
node_ret_1h <= -0.02 AND node_body_ratio >= 0.4,2,48,0.39669421487603307,0.7291666666666666,0.04321625344352609,0.07105326625159758,0.06476822495159135,0.06726146447556075,0.05835170892625359,0.054175854463126796
hours_to_5pct <= 14 AND node_close_vs_ema50 <= -0.015,2,41,0.33884297520661155,0.7804878048780488,0.09453739165490826,0.07464569510980999,0.06347704627550801,0.06726146447556075,0.05835102065704306,0.05417551032852153
node_ret_1h <= -0.02 AND node_close_vs_ema20 <= -0.015,2,55,0.45454545454545453,0.7090909090909091,0.023140495867768562,0.0683192327821183,0.06637999088676282,0.06726146447556075,0.058326923991871955,0.05416346199593598
node_ret_1h <= -0.02 AND node_ret_3h <= -0.02,2,55,0.45454545454545453,0.7090909090909091,0.023140495867768562,0.06831831882271681,0.06638075251959735,0.06726146447556075,0.05832650855578037,0.054163254277890205
node_ret_1h <= -0.02 AND node_close_vs_ema50 <= -0.02,2,55,0.45454545454545453,0.7090909090909091,0.023140495867768562,0.06831821096442794,0.06638084240150477,0.06726146447556075,0.05832645952928543,0.05416322976464272
hours_to_5pct <= 18 AND adverse_before_5pct <= 0.0075,2,36,0.2975206611570248,0.8055555555555556,0.11960514233241504,0.07793267412475822,0.0627418933300183,0.06726146447556075,0.05831054767348179,0.054155273836740896
node_close_vs_ema50 <= -0.02 AND node_close_position <= 0.5,2,55,0.45454545454545453,0.7090909090909091,0.023140495867768562,0.06822031927819369,0.06646241880669997,0.06726146447556075,0.05828196330826986,0.05414098165413494
node_ret_1h <= -0.01 AND node_ret_3h <= -0.03,2,61,0.5041322314049587,0.6885245901639344,0.002574176940793871,0.06638631278993302,0.06815120202261564,0.06726146447556075,0.05826086843128855,0.05413043421564428
node_ret_1h <= -0.015 AND node_close_position <= 0.3,2,43,0.35537190082644626,0.7441860465116279,0.058235633288487354,0.07321531467836508,0.06397921372273274,0.06726146447556075,0.058250070505534705,0.05412503525276736
hours_to_5pct <= 20 AND adverse_before_5pct <= 0.0075,2,38,0.3140495867768595,0.7894736842105263,0.10352327098738578,0.07623600578960606,0.06315263833178097,0.06726146447556075,0.05823940677690108,0.05411970338845054
node_close_profit >= 0.05 AND node_body_ratio >= 0.5,2,47,0.3884297520661157,0.7446808510638298,0.05873043784068921,0.07115175450935028,0.06479060458923498,0.06726146447556075,0.05821597075983028,0.05410798537991514
node_ret_3h <= -0.02 AND node_body_ratio >= 0.5,2,48,0.39669421487603307,0.7291666666666666,0.04321625344352609,0.07064228720114263,0.06503845775189047,0.06726146447556075,0.058188675914502865,0.05409433795725144
node_ret_3h <= -0.03 AND node_close_vs_ema50 <= -0.02,2,59,0.48760330578512395,0.6949152542372882,0.008964841014147629,0.06677934806280167,0.06772025267479924,0.06726146447556075,0.05818166558434131,0.054090832792170654
node_ret_3h <= -0.02 AND node_close_position <= 0.4,2,50,0.4132231404958678,0.72,0.03404958677685943,0.06979847802802332,0.06547483521326318,0.06726146447556075,0.05818118926777823,0.05409059463388912
node_ret_1h <= -0.02 AND node_ret_3h <= -0.04,2,31,0.256198347107438,0.8387096774193549,0.15275926419621433,0.0819301235749714,0.06220892634131931,0.06726146447556075,0.058180444882843914,0.05409022244142195
node_ret_3h <= -0.04 AND node_close_position <= 0.6,2,33,0.2727272727272727,0.8181818181818182,0.1322314049586777,0.07991961124038657,0.06251465943875108,0.06726146447556075,0.058159893974650885,0.05407994698732545
node_close_profit >= 0.048 AND node_ret_1h <= -0.02,2,43,0.35537190082644626,0.7441860465116279,0.058235633288487354,0.0729244989445004,0.06413953521704277,0.06726146447556075,0.05814672276540098,0.05407336138270048
hours_to_5pct <= 18 AND node_close_position <= 0.6,2,43,0.35537190082644626,0.7674418604651163,0.08149144724197577,0.07288996570849393,0.06415857277022581,0.06726146447556075,0.05813445062367966,0.054067225311839835
hours_to_5pct <= 20 AND node_ret_1h <= -0.01,2,51,0.4214876033057851,0.7254901960784313,0.039539782855290806,0.06927470257083143,0.06579467672043497,0.06726146447556075,0.05812404819101159,0.0540620240955058
node_body_ratio >= 0.5 AND node_close_position <= 0.3,2,48,0.39669421487603307,0.7083333333333334,0.022382920110192828,0.07045210262338475,0.06516351062493676,0.06726146447556075,0.058113230792747675,0.05405661539637384
hours_to_5pct <= 18 AND node_close_vs_ema50 <= -0.015,2,47,0.3884297520661157,0.7446808510638298,0.05873043784068921,0.07087780425436935,0.06496460002145259,0.06726146447556075,0.058109560330209586,0.0540547801651048
hours_to_5pct <= 16 AND node_close_position <= 0.5,2,36,0.2975206611570248,0.8055555555555556,0.11960514233241504,0.0771975687707481,0.06305323206818729,0.06726146447556075,0.05809183864253662,0.054045919321268315
node_close_vs_ema20 <= -0.01 AND node_body_ratio >= 0.6,2,43,0.35537190082644626,0.7441860465116279,0.058235633288487354,0.07275890403574008,0.064230824718026,0.06726146447556075,0.05808787498790763,0.054043937493953816
hours_to_5pct <= 20 AND node_close_position <= 0.6,2,45,0.371900826446281,0.7555555555555555,0.069605142332415,0.07168134393286608,0.06464443058636682,0.06726146447556075,0.05806330972709896,0.05403165486354948
hours_to_5pct <= 10,1,27,0.2231404958677686,0.8888888888888888,0.2029384756657483,0.08607554216260921,0.06185742088460004,0.06726146447556075,0.05804991436686321,0.05402495718343161
hours_to_5pct <= 18 AND node_ret_3h <= -0.015,2,49,0.4049586776859504,0.7346938775510204,0.048743464327879904,0.06987768970957602,0.06548097785796705,0.06726146447556075,0.05804964294024153,0.05402482147012077
hours_to_5pct <= 20 AND node_ret_3h <= -0.015,2,49,0.4049586776859504,0.7346938775510204,0.048743464327879904,0.06987768970957602,0.06548097785796705,0.06726146447556075,0.05804964294024153,0.05402482147012077
node_close_profit >= 0.048 AND node_close_vs_ema50 <= -0.02,2,47,0.3884297520661157,0.723404255319149,0.03745384209600844,0.07070143682160296,0.06507661717469611,0.06726146447556075,0.0580410539720276,0.054020526986013805
hours_to_5pct <= 12 AND node_close_position <= 0.5,2,25,0.2066115702479339,0.92,0.2340495867768595,0.08891865797638596,0.06162157033472087,0.06726146447556075,0.05804104503644338,0.054020522518221696
hours_to_5pct <= 14 AND adverse_before_5pct <= 0.01,2,33,0.2727272727272727,0.8181818181818182,0.1322314049586777,0.07927627634122339,0.06275591002593726,0.06726146447556075,0.05798443900215183,0.05399221950107592
node_close_vs_ema20 <= -0.015 AND node_close_position <= 0.5,2,50,0.4132231404958678,0.72,0.03404958677685943,0.06930068448938123,0.06582539404329282,0.06726146447556075,0.057975489458422,0.053987744729211
node_ret_3h <= -0.03 AND node_body_ratio >= 0.3,2,56,0.4628099173553719,0.6964285714285714,0.010478158205430854,0.067210012310236,0.06730579249491747,0.06726146447556075,0.05796496437498525,0.05398248218749263
node_ret_1h <= -0.02 AND node_close_position <= 0.5,2,52,0.4297520661157025,0.7115384615384616,0.02558804831532102,0.0685211895096926,0.06631210647882373,0.06726146447556075,0.057959519458710876,0.05397975972935544
adverse_before_5pct <= 0.0075 AND node_close_position <= 0.5,2,38,0.3140495867768595,0.7631578947368421,0.0772074815137016,0.07519726753772513,0.06362820524228069,0.06726146447556075,0.05791319145812855,0.05395659572906428
node_close_profit >= 0.05 AND node_close_position <= 0.3,2,37,0.30578512396694213,0.7567567567567568,0.07080634353361626,0.07569138572813526,0.06354828487621247,0.06726146447556075,0.057856043569760374,0.05392802178488019
node_ret_3h <= -0.02 AND node_close_position <= 0.3,2,42,0.34710743801652894,0.7380952380952381,0.052144824872097595,0.07257944740703962,0.0644341824107239,0.06726146447556075,0.05783749414128648,0.053918747070643244
node_close_profit >= 0.05 AND node_close_position <= 0.4,2,42,0.34710743801652894,0.7380952380952381,0.052144824872097595,0.07257821417387986,0.0644348380536696,0.06726146447556075,0.05783706607688392,0.053918533038441956
adverse_before_5pct <= 0.0075 AND node_ret_3h <= -0.015,2,34,0.2809917355371901,0.7941176470588235,0.10816723383568294,0.07786081101156318,0.06311919111666325,0.06726146447556075,0.0578286576396128,0.0539143288198064
hours_to_5pct <= 8,1,24,0.19834710743801653,0.9166666666666666,0.2307162534435261,0.0893966484466211,0.061784717926020055,0.06726146447556075,0.057814211262139724,0.05390710563106987
node_close_vs_ema50 <= -0.01 AND node_body_ratio >= 0.6,2,46,0.38016528925619836,0.717391304347826,0.03144089112468551,0.07052150696412803,0.06526197174923949,0.06726146447556075,0.057801564630990815,0.053900782315495416
node_close_profit >= 0.048 AND node_close_vs_ema20 <= -0.015,2,42,0.34710743801652894,0.7380952380952381,0.052144824872097595,0.07228168010824404,0.06459248907590637,0.06726146447556075,0.057734136897076446,0.05386706844853822
node_ret_1h <= -0.01 AND node_body_ratio >= 0.6,2,44,0.36363636363636365,0.7272727272727273,0.04132231404958675,0.07125217659863188,0.06498105754809154,0.06726146447556075,0.057728064217684324,0.05386403210884217
hours_to_5pct <= 18 AND node_ret_1h <= -0.01,2,50,0.4132231404958678,0.72,0.03404958677685943,0.06865896864998125,0.06627730660625053,0.06726146447556075,0.057710317623959194,0.0538551588119796
hours_to_5pct <= 14 AND node_close_position <= 0.5,2,35,0.2892561983471074,0.8,0.1140495867768595,0.0765460278479654,0.06348286310307048,0.06726146447556075,0.05767860309651891,0.053839301548259465
hours_to_5pct <= 12 AND node_body_ratio >= 0.5,2,26,0.21487603305785125,0.8846153846153846,0.19866497139224404,0.08553579820037159,0.06226006787719148,0.06726146447556075,0.05763579134884017,0.05381789567442009
node_close_vs_ema20 <= -0.005 AND node_body_ratio >= 0.6,2,47,0.3884297520661157,0.7021276595744681,0.016177246351327557,0.06964663441543137,0.06574655924348076,0.06726146447556075,0.057631337334919625,0.05381566866745982
node_close_vs_ema50 <= -0.005 AND node_body_ratio >= 0.6,2,47,0.3884297520661157,0.7021276595744681,0.016177246351327557,0.06964663441543137,0.06574655924348076,0.06726146447556075,0.057631337334919625,0.05381566866745982
node_body_ratio >= 0.6 AND node_close_position <= 0.4,2,47,0.3884297520661157,0.7021276595744681,0.016177246351327557,0.06964663441543137,0.06574655924348076,0.06726146447556075,0.057631337334919625,0.05381566866745982
node_body_ratio >= 0.6 AND node_close_position <= 0.5,2,47,0.3884297520661157,0.7021276595744681,0.016177246351327557,0.06964663441543137,0.06574655924348076,0.06726146447556075,0.057631337334919625,0.05381566866745982
node_body_ratio >= 0.6 AND node_close_position <= 0.6,2,47,0.3884297520661157,0.7021276595744681,0.016177246351327557,0.06964663441543137,0.06574655924348076,0.06726146447556075,0.057631337334919625,0.05381566866745982
hours_to_5pct <= 12 AND node_close_vs_ema20 <= -0.015,2,24,0.19834710743801653,0.9166666666666666,0.2307162534435261,0.08846507249294143,0.062015210945487204,0.06726146447556075,0.057629435866368546,0.05381471793318428
hours_to_5pct <= 12 AND node_ret_3h <= -0.03,2,24,0.19834710743801653,0.9166666666666666,0.2307162534435261,0.08846462224103961,0.062015322348019604,0.06726146447556075,0.057629346560206206,0.0538146732801031
hours_to_5pct <= 10 AND node_ret_1h <= -0.01,2,21,0.17355371900826447,0.9523809523809523,0.2664305391578118,0.09374843977734658,0.06169919966218574,0.06726146447556075,0.057592704424167585,0.053796352212083794
hours_to_5pct <= 10 AND node_ret_3h <= -0.015,2,21,0.17355371900826447,0.9523809523809523,0.2664305391578118,0.09374843977734658,0.06169919966218574,0.06726146447556075,0.057592704424167585,0.053796352212083794
hours_to_5pct <= 10 AND node_ret_3h <= -0.02,2,21,0.17355371900826447,0.9523809523809523,0.2664305391578118,0.09374843977734658,0.06169919966218574,0.06726146447556075,0.057592704424167585,0.053796352212083794
hours_to_5pct <= 10 AND node_close_vs_ema20 <= -0.005,2,21,0.17355371900826447,0.9523809523809523,0.2664305391578118,0.09374843977734658,0.06169919966218574,0.06726146447556075,0.057592704424167585,0.053796352212083794
hours_to_5pct <= 10 AND node_close_vs_ema20 <= -0.01,2,21,0.17355371900826447,0.9523809523809523,0.2664305391578118,0.09374843977734658,0.06169919966218574,0.06726146447556075,0.057592704424167585,0.053796352212083794
hours_to_5pct <= 10 AND node_close_vs_ema50 <= -0.005,2,21,0.17355371900826447,0.9523809523809523,0.2664305391578118,0.09374843977734658,0.06169919966218574,0.06726146447556075,0.057592704424167585,0.053796352212083794
hours_to_5pct <= 10 AND node_close_vs_ema50 <= -0.01,2,21,0.17355371900826447,0.9523809523809523,0.2664305391578118,0.09374843977734658,0.06169919966218574,0.06726146447556075,0.057592704424167585,0.053796352212083794
hours_to_5pct <= 10 AND node_close_vs_ema50 <= -0.015,2,21,0.17355371900826447,0.9523809523809523,0.2664305391578118,0.09374843977734658,0.06169919966218574,0.06726146447556075,0.057592704424167585,0.053796352212083794
hours_to_5pct <= 10 AND node_close_vs_ema50 <= -0.02,2,21,0.17355371900826447,0.9523809523809523,0.2664305391578118,0.09374843977734658,0.06169919966218574,0.06726146447556075,0.057592704424167585,0.053796352212083794
hours_to_5pct <= 16 AND node_close_profit >= 0.048,2,37,0.30578512396694213,0.7837837837837838,0.09783337056064323,0.07478633353762175,0.06394693881727198,0.06726146447556075,0.057579292073487644,0.05378964603674382
hours_to_5pct <= 16 AND node_body_ratio >= 0.5,2,37,0.30578512396694213,0.7837837837837838,0.09783337056064323,0.07461763833799176,0.06402124503615662,0.06726146447556075,0.05752770759095616,0.053763853795478087
hours_to_5pct <= 16 AND node_ret_3h <= -0.02,2,39,0.32231404958677684,0.7692307692307693,0.08328035600762873,0.07334542433556727,0.06436787381043571,0.06726146447556075,0.057524558256918386,0.05376227912845919
adverse_before_5pct <= 0.01 AND node_close_position <= 0.4,2,39,0.32231404958677684,0.7435897435897436,0.05763933036660307,0.07331133384706044,0.06438408757935969,0.06726146447556075,0.057513570413515354,0.05375678520675768
node_close_profit >= 0.048 AND node_close_position <= 0.2,2,36,0.2975206611570248,0.75,0.06404958677685946,0.07502732609642335,0.06397239367143072,0.06726146447556075,0.057446146607200335,0.05372307330360017
adverse_before_5pct <= 0.01 AND node_body_ratio >= 0.6,2,39,0.32231404958677684,0.7692307692307693,0.08328035600762873,0.07303942361015332,0.06451341074081553,0.06726146447556075,0.05742592992393372,0.05371296496196686
hours_to_5pct <= 20 AND node_close_vs_ema20 <= -0.015,2,37,0.30578512396694213,0.7837837837837838,0.09783337056064323,0.07425109971829155,0.06418269657102456,0.06726146447556075,0.057415625533692456,0.05370781276684624
hours_to_5pct <= 24 AND node_ret_1h <= -0.02,2,39,0.32231404958677684,0.7692307692307693,0.08328035600762873,0.07298657837881915,0.06453854444840126,0.06726146447556075,0.057408897163421055,0.053704448581710536
node_ret_3h <= -0.04 AND node_body_ratio >= 0.4,2,29,0.2396694214876033,0.8275862068965517,0.14163579367341117,0.08068754797098068,0.06302932946070014,0.06726146447556075,0.05735486686907802,0.05367743343453901
node_ret_1h <= -0.015 AND node_body_ratio >= 0.6,2,39,0.32231404958677684,0.7435897435897436,0.05763933036660307,0.07278800994757005,0.06463298553155633,0.06726146447556075,0.05734489576822506,0.05367244788411254
node_ret_3h <= -0.04 AND node_close_position <= 0.5,2,31,0.256198347107438,0.8064516129032258,0.12050119968008521,0.07862283175766421,0.06334810463394734,0.06726146447556075,0.05733312218584785,0.05366656109292393
node_body_ratio >= 0.6 AND node_close_position <= 0.3,2,44,0.36363636363636365,0.7045454545454546,0.018595041322314043,0.07008279990808078,0.06564927279983501,0.06726146447556075,0.05730283633021119,0.053651418165105595
hours_to_5pct <= 14 AND node_body_ratio >= 0.5,2,34,0.2809917355371901,0.7941176470588235,0.10816723383568294,0.07596152152385147,0.06386144218082646,0.06726146447556075,0.05729497299017314,0.05364748649508658
adverse_before_5pct <= 0.01 AND node_close_position <= 0.3,2,30,0.24793388429752067,0.8,0.1140495867768595,0.07939680562138274,0.06326080255935572,0.06726146447556075,0.057288464203648616,0.05364423210182431
node_close_vs_ema50 <= -0.015 AND node_body_ratio >= 0.6,2,41,0.33884297520661155,0.7317073170731707,0.04575690385003017,0.07142729284406063,0.06512647743670456,0.06726146447556075,0.05726048765790484,0.05363024382895242
hours_to_5pct <= 16 AND node_close_vs_ema20 <= -0.015,2,34,0.2809917355371901,0.7941176470588235,0.10816723383568294,0.07574001071760823,0.06394800962234681,0.06726146447556075,0.05723273028428661,0.05361636514214331
hours_to_5pct <= 10 AND node_body_ratio >= 0.2,2,25,0.2066115702479339,0.88,0.19404958677685946,0.08495168731843547,0.06265463561022881,0.06726146447556075,0.05722142299967676,0.053610711499838384
hours_to_5pct <= 10 AND node_body_ratio >= 0.3,2,25,0.2066115702479339,0.88,0.19404958677685946,0.08495168731843547,0.06265463561022881,0.06726146447556075,0.05722142299967676,0.053610711499838384
hours_to_5pct <= 20 AND node_body_ratio >= 0.5,2,41,0.33884297520661155,0.7560975609756098,0.07014714775246922,0.07128639917141248,0.06519868544393674,0.06726146447556075,0.05721274682667696,0.05360637341333848
hours_to_5pct <= 18 AND node_ret_3h <= -0.02,2,43,0.35537190082644626,0.7441860465116279,0.058235633288487354,0.07028535161778526,0.0655944497689498,0.06726146447556075,0.05720884396334518,0.0536044219816726
hours_to_5pct <= 20 AND node_ret_3h <= -0.02,2,43,0.35537190082644626,0.7441860465116279,0.058235633288487354,0.07028535161778526,0.0655944497689498,0.06726146447556075,0.05720884396334518,0.0536044219816726
hours_to_5pct <= 24 AND node_close_vs_ema50 <= -0.02,2,45,0.371900826446281,0.7333333333333333,0.04738292011019274,0.06937544067478188,0.06600976804181141,0.06726146447556075,0.05720574239971227,0.053602871199856135
adverse_before_5pct <= 0.005 AND node_close_vs_ema50 <= -0.01,2,28,0.23140495867768596,0.8214285714285714,0.13547815820543085,0.08107778255311907,0.0631017127962959,0.06726146447556075,0.05719155298749863,0.053595776493749324
hours_to_5pct <= 24 AND adverse_before_5pct <= 0.005,2,31,0.256198347107438,0.8064516129032258,0.12050119968008521,0.07805963349840159,0.06354209514547113,0.06726146447556075,0.05718883172273099,0.0535944158613655
hours_to_5pct <= 10 AND node_ret_1h <= -0.015,2,20,0.1652892561983471,0.95,0.2640495867768594,0.09343571185435799,0.062078445192630616,0.06726146447556075,0.057179456504852566,0.053589728252426284
node_close_profit >= 0.05 AND node_close_vs_ema50 <= -0.02,2,35,0.2892561983471074,0.7714285714285715,0.08547815820543092,0.07476105968911262,0.06420930363283617,0.06726146447556075,0.057162289992718524,0.053581144996359256
hours_to_5pct <= 14 AND adverse_before_5pct <= 0.0075,2,31,0.256198347107438,0.8064516129032258,0.12050119968008521,0.07793135191910217,0.06358628102278538,0.06726146447556075,0.05715596619415014,0.05357798309707508
adverse_before_5pct <= 0.01 AND node_ret_3h <= -0.03,2,31,0.256198347107438,0.8064516129032258,0.12050119968008521,0.07784055120437038,0.06361755682452633,0.06726146447556075,0.05713270320111968,0.05356635160055984
node_ret_3h <= -0.03 AND node_close_position <= 0.6,2,56,0.4628099173553719,0.6785714285714286,-0.0073789846517119395,0.06538260599065408,0.06888017332409575,0.06726146447556075,0.05711922260724487,0.05355961130362243
hours_to_5pct <= 14 AND node_ret_3h <= -0.02,2,38,0.3140495867768595,0.7631578947368421,0.0772074815137016,0.07264394863207843,0.06479719462076952,0.06726146447556075,0.05711132271090067,0.05355566135545035
adverse_before_5pct <= 0.005 AND node_close_vs_ema20 <= -0.005,2,29,0.2396694214876033,0.7931034482758621,0.10715303505272156,0.07929587616078343,0.06346800861826231,0.06726146447556075,0.05702132569142744,0.05351066284571373
hours_to_5pct <= 24 AND node_ret_3h <= -0.04,2,28,0.23140495867768596,0.8214285714285714,0.13547815820543085,0.08028618446918502,0.06334004340221151,0.06726146447556075,0.05700837326559654,0.053504186632798274
hours_to_5pct <= 18 AND node_close_vs_ema20 <= -0.015,2,36,0.2975206611570248,0.7777777777777778,0.09182736455463725,0.07353414697120687,0.06460479894799298,0.06726146447556075,0.057001894966640064,0.05350094748332004
adverse_before_5pct <= 0.005 AND node_body_ratio >= 0.4,2,37,0.30578512396694213,0.7297297297297297,0.04377931650658917,0.07286002980713828,0.06479542974617543,0.06726146447556075,0.05699025704846378,0.05349512852423188
hours_to_5pct <= 8 AND adverse_before_5pct <= 0.0125,2,22,0.18181818181818182,0.9090909090909091,0.22314049586776852,0.0884325929821521,0.0625567692518738,0.06726146447556075,0.05698774417857311,0.053493872089286555
hours_to_5pct <= 8 AND node_body_ratio >= 0.2,2,22,0.18181818181818182,0.9090909090909091,0.22314049586776852,0.08842145942224294,0.06255924337629805,0.06726146447556075,0.05698571989495326,0.05349285994747663
hours_to_5pct <= 8 AND node_body_ratio >= 0.3,2,22,0.18181818181818182,0.9090909090909091,0.22314049586776852,0.08842145942224294,0.06255924337629805,0.06726146447556075,0.05698571989495326,0.05349285994747663
node_ret_3h <= -0.015 AND node_body_ratio >= 0.6,2,44,0.36363636363636365,0.7045454545454546,0.018595041322314043,0.06918197054212175,0.0661640324375259,0.06726146447556075,0.056975262015317,0.0534876310076585
node_close_profit >= 0.05 AND node_close_position <= 0.2,2,33,0.2727272727272727,0.7575757575757576,0.07162534435261703,0.07548430356075514,0.06417789981861287,0.06726146447556075,0.05695026460747867,0.05347513230373935
node_close_position <= 0.2,1,37,0.30578512396694213,0.7297297297297297,0.04377931650658917,0.07271871904411639,0.06485767377274458,0.06726146447556075,0.05694704631927526,0.05347352315963763
node_body_ratio >= 0.2 AND node_close_position <= 0.2,2,37,0.30578512396694213,0.7297297297297297,0.04377931650658917,0.07271871904411639,0.06485767377274458,0.06726146447556075,0.05694704631927526,0.05347352315963763
hours_to_5pct <= 14 AND node_close_profit >= 0.048,2,33,0.2727272727272727,0.7878787878787878,0.1019283746556473,0.07542218039785202,0.06420119600470153,0.06726146447556075,0.05693332192668691,0.05346666096334346
adverse_before_5pct <= 0.005,1,41,0.33884297520661155,0.7073170731707317,0.021366659947591127,0.07037688731416251,0.06566481027077735,0.06726146447556075,0.056904565122980685,0.05345228256149034
hours_to_5pct <= 18 AND node_close_position <= 0.5,2,40,0.3305785123966942,0.75,0.06404958677685946,0.07085574908495133,0.06548650911289874,0.06726146447556075,0.05689446250742193,0.05344723125371096
adverse_before_5pct <= 0.0125 AND node_close_position <= 0.2,2,27,0.2231404958677686,0.8148148148148148,0.12886440159167423,0.08088383922021035,0.06334865470848056,0.06726146447556075,0.05689143519789818,0.053445717598949095
hours_to_5pct <= 24 AND node_ret_3h <= -0.03,2,42,0.34710743801652894,0.7380952380952381,0.052144824872097595,0.06972957596938356,0.06594930393454104,0.06726146447556075,0.056848282567885204,0.05342414128394261
hours_to_5pct <= 20 AND node_close_position <= 0.5,2,42,0.34710743801652894,0.7380952380952381,0.052144824872097595,0.06965766464075686,0.06598753527381093,0.06726146447556075,0.05682332161084122,0.05341166080542061
hours_to_5pct <= 14 AND node_close_vs_ema20 <= -0.015,2,33,0.2727272727272727,0.7878787878787878,0.1019283746556473,0.0750048140403193,0.0643577083887763,0.06726146447556075,0.0568194947382689,0.05340974736913445
hours_to_5pct <= 10 AND adverse_before_5pct <= 0.0125,2,24,0.19834710743801653,0.875,0.18904958677685946,0.0843345944539045,0.06303718489329016,0.06726146447556075,0.05681016749498932,0.05340508374749466
node_close_profit >= 0.048 AND node_ret_3h <= -0.03,2,44,0.36363636363636365,0.7045454545454546,0.018595041322314043,0.06870278245602175,0.06643785420101161,0.06726146447556075,0.05680101180218972,0.053400505901094866
hours_to_5pct <= 18 AND node_body_ratio >= 0.5,2,40,0.3305785123966942,0.75,0.06404958677685946,0.07056702418536429,0.06562908931022568,0.06726146447556075,0.05679901625962456,0.05339950812981228
hours_to_5pct <= 18 AND node_close_profit >= 0.048,2,42,0.34710743801652894,0.7380952380952381,0.052144824872097595,0.06957576309790221,0.06603107786621468,0.06726146447556075,0.05679489297613135,0.05339744648806567
hours_to_5pct <= 20 AND node_close_profit >= 0.048,2,42,0.34710743801652894,0.7380952380952381,0.052144824872097595,0.06957576309790221,0.06603107786621468,0.06726146447556075,0.05679489297613135,0.05339744648806567
hours_to_5pct <= 8 AND node_ret_1h <= -0.01,2,19,0.15702479338842976,0.9473684210526315,0.261418007829491,0.0930900186857574,0.06245026320111237,0.06726146447556075,0.056766201281234635,0.05338310064061732
hours_to_5pct <= 8 AND node_ret_3h <= -0.015,2,19,0.15702479338842976,0.9473684210526315,0.261418007829491,0.0930900186857574,0.06245026320111237,0.06726146447556075,0.056766201281234635,0.05338310064061732
hours_to_5pct <= 8 AND node_ret_3h <= -0.02,2,19,0.15702479338842976,0.9473684210526315,0.261418007829491,0.0930900186857574,0.06245026320111237,0.06726146447556075,0.056766201281234635,0.05338310064061732
hours_to_5pct <= 8 AND node_close_vs_ema20 <= -0.005,2,19,0.15702479338842976,0.9473684210526315,0.261418007829491,0.0930900186857574,0.06245026320111237,0.06726146447556075,0.056766201281234635,0.05338310064061732
hours_to_5pct <= 8 AND node_close_vs_ema20 <= -0.01,2,19,0.15702479338842976,0.9473684210526315,0.261418007829491,0.0930900186857574,0.06245026320111237,0.06726146447556075,0.056766201281234635,0.05338310064061732
hours_to_5pct <= 8 AND node_close_vs_ema50 <= -0.005,2,19,0.15702479338842976,0.9473684210526315,0.261418007829491,0.0930900186857574,0.06245026320111237,0.06726146447556075,0.056766201281234635,0.05338310064061732
hours_to_5pct <= 8 AND node_close_vs_ema50 <= -0.01,2,19,0.15702479338842976,0.9473684210526315,0.261418007829491,0.0930900186857574,0.06245026320111237,0.06726146447556075,0.056766201281234635,0.05338310064061732
hours_to_5pct <= 8 AND node_close_vs_ema50 <= -0.015,2,19,0.15702479338842976,0.9473684210526315,0.261418007829491,0.0930900186857574,0.06245026320111237,0.06726146447556075,0.056766201281234635,0.05338310064061732
hours_to_5pct <= 8 AND node_close_vs_ema50 <= -0.02,2,19,0.15702479338842976,0.9473684210526315,0.261418007829491,0.0930900186857574,0.06245026320111237,0.06726146447556075,0.056766201281234635,0.05338310064061732
hours_to_5pct <= 10 AND node_ret_3h <= -0.03,2,19,0.15702479338842976,0.9473684210526315,0.261418007829491,0.09308990049305439,0.062450285217400175,0.06726146447556075,0.05676618272204987,0.05338309136102494
hours_to_5pct <= 10 AND node_close_position <= 0.6,2,19,0.15702479338842976,0.9473684210526315,0.261418007829491,0.0930820879327819,0.06245174049823526,0.06726146447556075,0.05676495595638724,0.05338247797819362
node_close_profit >= 0.05 AND node_close_vs_ema20 <= -0.015,2,34,0.2809917355371901,0.7647058823529411,0.07875546912980058,0.07401921291883293,0.06462050531382221,0.06726146447556075,0.05674920032430016,0.053374600162150086
node_ret_3h <= -0.03 AND node_close_vs_ema20 <= -0.015,2,49,0.4049586776859504,0.6938775510204082,0.007927137797267614,0.0666263734962832,0.06769367916979131,0.06726146447556075,0.05673299422576758,0.05336649711288379
node_close_vs_ema50 <= -0.01 AND node_close_position <= 0.2,2,35,0.2892561983471074,0.7428571428571429,0.05690672963400234,0.0731768713974801,0.06485403142594243,0.06726146447556075,0.0567040537100149,0.05335202685500745
hours_to_5pct <= 16 AND node_close_vs_ema50 <= -0.02,2,37,0.30578512396694213,0.7567567567567568,0.07080634353361626,0.07190562134361365,0.06521582395034697,0.06726146447556075,0.056698413138129795,0.05334920656906491
node_ret_3h <= -0.03 AND node_body_ratio >= 0.4,2,48,0.39669421487603307,0.6875,0.0015495867768594573,0.06687415041032631,0.06751613673763274,0.06726146447556075,0.05669387784872449,0.05334693892436225
hours_to_5pct <= 12 AND node_close_profit >= 0.048,2,24,0.19834710743801653,0.875,0.18904958677685946,0.08373310958091824,0.0631860058927919,0.06726146447556075,0.05669086471026478,0.05334543235513239
node_ret_1h <= -0.01 AND node_close_position <= 0.2,2,33,0.2727272727272727,0.7575757575757576,0.07162534435261703,0.07431202875459751,0.06461750287092198,0.06726146447556075,0.056630553296708415,0.053315276648354205
node_close_vs_ema20 <= -0.01 AND node_close_position <= 0.2,2,33,0.2727272727272727,0.7575757575757576,0.07162534435261703,0.07431202875459751,0.06461750287092198,0.06726146447556075,0.056630553296708415,0.053315276648354205
node_ret_3h <= -0.03 AND node_close_position <= 0.5,2,51,0.4214876033057851,0.6862745098039216,0.0003240965807810303,0.06572749482708835,0.06837907093373352,0.06726146447556075,0.0566289441006736,0.0533144720503368
node_close_vs_ema20 <= -0.015 AND node_body_ratio >= 0.5,2,42,0.34710743801652894,0.7142857142857143,0.02833530106257376,0.06907474737985411,0.06629744065302505,0.06726146447556075,0.05662098669383366,0.053310493346916836
node_ret_1h <= -0.02 AND node_body_ratio >= 0.5,2,42,0.34710743801652894,0.7142857142857143,0.02833530106257376,0.06907196537128453,0.06629891969555572,0.06726146447556075,0.05662002103796654,0.05331001051898327
adverse_before_5pct <= 0.0075 AND node_body_ratio >= 0.6,2,32,0.2644628099173554,0.75,0.06404958677685946,0.07499059316212611,0.06448245191409906,0.06726146447556075,0.056609082489157324,0.05330454124457865
adverse_before_5pct <= 0.0125 AND node_ret_3h <= -0.04,2,25,0.2066115702479339,0.84,0.15404958677685943,0.08196379349125259,0.06343273296105768,0.06726146447556075,0.056604089564308395,0.053302044782154195
node_close_profit >= 0.05 AND node_body_ratio >= 0.6,2,43,0.35537190082644626,0.7209302325581395,0.03497981933499894,0.06846893071735588,0.06659581000893013,0.06726146447556075,0.05656333901525871,0.05328166950762936
node_close_vs_ema50 <= -0.02 AND node_body_ratio >= 0.5,2,44,0.36363636363636365,0.7045454545454546,0.018595041322314043,0.06797355955947872,0.0668545529990362,0.06726146447556075,0.05653583983981044,0.053267919919905225
adverse_before_5pct <= 0.0075 AND node_ret_3h <= -0.02,2,27,0.2231404958677686,0.8148148148148148,0.12886440159167423,0.07928818042882915,0.06380698223366452,0.06726146447556075,0.05653537910395361,0.05326768955197681
node_close_vs_ema20 <= -0.005 AND node_close_position <= 0.2,2,36,0.2975206611570248,0.7222222222222222,0.03627180899908167,0.07196091655797747,0.0652711082994784,0.06726146447556075,0.05653382641394371,0.053266913206971855
node_close_vs_ema50 <= -0.005 AND node_close_position <= 0.2,2,36,0.2975206611570248,0.7222222222222222,0.03627180899908167,0.07196091655797747,0.0652711082994784,0.06726146447556075,0.05653382641394371,0.053266913206971855
node_body_ratio >= 0.3 AND node_close_position <= 0.2,2,36,0.2975206611570248,0.7222222222222222,0.03627180899908167,0.07196091655797747,0.0652711082994784,0.06726146447556075,0.05653382641394371,0.053266913206971855
node_body_ratio >= 0.4 AND node_close_position <= 0.2,2,36,0.2975206611570248,0.7222222222222222,0.03627180899908167,0.07196091655797747,0.0652711082994784,0.06726146447556075,0.05653382641394371,0.053266913206971855
node_close_vs_ema50 <= -0.02 AND node_close_position <= 0.4,2,46,0.38016528925619836,0.6956521739130435,0.009701760689902916,0.06717240731224747,0.06731608620239292,0.06726146447556075,0.056528353193085815,0.05326417659654291
hours_to_5pct <= 24 AND node_close_position <= 0.3,2,29,0.2396694214876033,0.7931034482758621,0.10715303505272156,0.07722871031223565,0.06411961524443498,0.06726146447556075,0.05652588924838706,0.05326294462419353
adverse_before_5pct <= 0.0075 AND node_close_position <= 0.4,2,32,0.2644628099173554,0.75,0.06404958677685946,0.07464873494095961,0.06460536722957465,0.06726146447556075,0.05651867370339428,0.05325933685169714
adverse_before_5pct <= 0.005 AND node_body_ratio >= 0.2,2,38,0.3140495867768595,0.7105263157894737,0.02457590256633313,0.0707145172569608,0.06568054874431738,0.06726146447556075,0.056505385584830675,0.05325269279241533
adverse_before_5pct <= 0.005 AND node_body_ratio >= 0.3,2,38,0.3140495867768595,0.7105263157894737,0.02457590256633313,0.0707145172569608,0.06568054874431738,0.06726146447556075,0.056505385584830675,0.05325269279241533
hours_to_5pct <= 12 AND adverse_before_5pct <= 0.01,2,25,0.2066115702479339,0.84,0.15404958677685943,0.08131124564056887,0.06360266729717323,0.06726146447556075,0.05646926562821671,0.05323463281410836
node_close_profit >= 0.048 AND node_ret_3h <= -0.04,2,24,0.19834710743801653,0.8333333333333334,0.14738292011019283,0.08245848286285122,0.06350137745190126,0.06726146447556075,0.05643804618767297,0.05321902309383649
hours_to_5pct <= 12 AND node_ret_1h <= -0.02,2,21,0.17355371900826447,0.9047619047619048,0.21881149153876422,0.0867989090412953,0.06315860111675652,0.06726146447556075,0.056386587519563644,0.05319329375978182
hours_to_5pct <= 10 AND node_close_vs_ema20 <= -0.015,2,18,0.1487603305785124,0.9444444444444444,0.2584940312213039,0.09270603392813566,0.06281484068773215,0.06726146447556075,0.05635296372484663,0.05317648186242331
hours_to_5pct <= 8 AND node_ret_3h <= -0.03,2,18,0.1487603305785124,0.9444444444444444,0.2584940312213039,0.09270600463657369,0.06281484580664587,0.06726146447556075,0.056352959367424196,0.0531764796837121
hours_to_5pct <= 8 AND node_ret_1h <= -0.015,2,18,0.1487603305785124,0.9444444444444444,0.2584940312213039,0.09270596426623737,0.06281485286165611,0.06726146447556075,0.05635295336191961,0.0531764766809598
node_ret_3h <= -0.04 AND node_close_position <= 0.4,2,26,0.21487603305785125,0.8076923076923077,0.12174189446916717,0.0795636495210142,0.06389455067364719,0.06726146447556075,0.056352519731788175,0.05317625986589409
hours_to_5pct <= 12 AND node_ret_3h <= -0.04,2,18,0.1487603305785124,0.9444444444444444,0.2584940312213039,0.09270011662546104,0.06281587477946168,0.06726146447556075,0.05635208346494462,0.05317604173247231
hours_to_5pct <= 16 AND node_ret_3h <= -0.03,2,34,0.2809917355371901,0.7647058823529411,0.07875546912980058,0.07256746464870795,0.06518785521249174,0.06726146447556075,0.05634127105831463,0.053170635529157316
node_close_profit >= 0.05 AND node_ret_1h <= -0.02,2,33,0.2727272727272727,0.7575757575757576,0.07162534435261703,0.0732289790789118,0.06502364649930413,0.06726146447556075,0.05633517611243049,0.05316758805621524
hours_to_5pct <= 24 AND node_close_position <= 0.4,2,40,0.3305785123966942,0.725,0.039049586776859435,0.06914638818539195,0.06633063795218731,0.06726146447556075,0.05632938452409651,0.05316469226204826
node_ret_1h <= -0.02 AND node_ret_3h <= -0.03,2,48,0.39669421487603307,0.6875,0.0015495867768594573,0.06592313552532025,0.06814146159352712,0.06726146447556075,0.05631661574558159,0.0531583078727908
adverse_before_5pct <= 0.01 AND node_close_vs_ema50 <= -0.02,2,29,0.2396694214876033,0.7931034482758621,0.10715303505272156,0.07631357175377693,0.06440808283351436,0.06726146447556075,0.05630655851950026,0.053153279259750136
node_ret_3h <= -0.015 AND node_close_position <= 0.2,2,34,0.2809917355371901,0.7352941176470589,0.04934370442391833,0.07238815463417893,0.06525793039058354,0.06726146447556075,0.05629088642613292,0.053145443213066475
hours_to_5pct <= 14 AND node_close_vs_ema50 <= -0.02,2,36,0.2975206611570248,0.75,0.06404958677685946,0.07112518024015452,0.06562506721055635,0.06726146447556075,0.05628517759211209,0.053142588796056045
adverse_before_5pct <= 0.01 AND node_close_profit >= 0.05,2,34,0.2809917355371901,0.7647058823529411,0.07875546912980058,0.07232341834195917,0.06528322963122116,0.06726146447556075,0.056272696063029856,0.05313634803151492
hours_to_5pct <= 12 AND node_close_position <= 0.4,2,18,0.1487603305785124,0.9444444444444444,0.2584940312213039,0.09190591247416785,0.0629546677379401,0.06726146447556075,0.05623393739285142,0.05311696869642571
node_close_vs_ema20 <= -0.015 AND node_close_position <= 0.4,2,41,0.33884297520661155,0.7073170731707317,0.021366659947591127,0.0683607707899869,0.06669806998941737,0.06726146447556075,0.05622141820156581,0.0531107091007829
node_close_vs_ema50 <= -0.015 AND node_close_position <= 0.2,2,32,0.2644628099173554,0.75,0.06404958677685946,0.07350538928494352,0.06501645780252426,0.06726146447556075,0.05621630129849746,0.05310815064924873
node_ret_1h <= -0.02 AND node_close_position <= 0.4,2,43,0.35537190082644626,0.6976744186046512,0.011724005381510638,0.0674618426145213,0.0671509996040825,0.06726146447556075,0.056205448201854684,0.05310272410092735
node_close_vs_ema50 <= -0.02 AND node_close_position <= 0.3,2,38,0.3140495867768595,0.7105263157894737,0.02457590256633313,0.06969325331731267,0.0661481153672888,0.06726146447556075,0.05618465806659407,0.05309232903329704
hours_to_5pct <= 18 AND node_ret_3h <= -0.04,2,26,0.21487603305785125,0.8076923076923077,0.12174189446916717,0.07876865869760116,0.06411212710952864,0.06726146447556075,0.05618169525733579,0.0530908476286679
hours_to_5pct <= 20 AND node_ret_3h <= -0.04,2,26,0.21487603305785125,0.8076923076923077,0.12174189446916717,0.07876865869760116,0.06411212710952864,0.06726146447556075,0.05618169525733579,0.0530908476286679
adverse_before_5pct <= 0.005 AND node_close_vs_ema50 <= -0.005,2,31,0.256198347107438,0.7419354838709677,0.055985070647827206,0.07405940532132668,0.06491995151757474,0.06726146447556075,0.05616397987571179,0.05308198993785589
hours_to_5pct <= 8 AND node_body_ratio >= 0.4,2,20,0.1652892561983471,0.9,0.21404958677685948,0.08727017206061563,0.06329934416168852,0.06726146447556075,0.05616035901828358,0.053080179509141796
hours_to_5pct <= 24 AND node_close_profit >= 0.05,2,38,0.3140495867768595,0.7368421052631579,0.05089169204001731,0.0695792277877356,0.06620031982661324,0.06726146447556075,0.05614884839614838,0.053074424198074184
node_ret_3h <= -0.03 AND node_close_position <= 0.4,2,45,0.371900826446281,0.6888888888888889,0.0029384756657483413,0.06644207682187307,0.06774662821787585,0.06726146447556075,0.05611482195854784,0.05305741097927392
hours_to_5pct <= 16 AND adverse_before_5pct <= 0.005,2,24,0.19834710743801653,0.8333333333333334,0.14738292011019283,0.08078430909027488,0.06391560601418819,0.06726146447556075,0.05610597866253387,0.05305298933126693
adverse_before_5pct <= 0.005 AND node_ret_1h <= -0.015,2,21,0.17355371900826447,0.8571428571428571,0.17119244391971655,0.0848724512078368,0.0635631572617828,0.06726146447556075,0.05605224359805432,0.05302612179902716
hours_to_5pct <= 18 AND node_ret_3h <= -0.03,2,38,0.3140495867768595,0.7368421052631579,0.05089169204001731,0.06918664127720295,0.06638005822902578,0.06726146447556075,0.05602555676474143,0.05301277838237072
hours_to_5pct <= 20 AND node_ret_3h <= -0.03,2,38,0.3140495867768595,0.7368421052631579,0.05089169204001731,0.06918664127720295,0.06638005822902578,0.06726146447556075,0.05602555676474143,0.05301277838237072
node_ret_3h <= -0.02 AND node_body_ratio >= 0.6,2,38,0.3140495867768595,0.7105263157894737,0.02457590256633313,0.06917263078904394,0.06638647266938773,0.06726146447556075,0.05602115677672454,0.05301057838836228
hours_to_5pct <= 18 AND adverse_before_5pct <= 0.005,2,26,0.21487603305785125,0.8076923076923077,0.12174189446916717,0.07802007339329506,0.06431700308754927,0.06726146447556075,0.05602084221674109,0.05301042110837055
hours_to_5pct <= 10 AND node_body_ratio >= 0.4,2,22,0.18181818181818182,0.8636363636363636,0.1776859504132231,0.08290561322609763,0.06378498697544145,0.06726146447556075,0.05598283876838139,0.0529914193841907
adverse_before_5pct <= 0.01 AND node_close_vs_ema20 <= -0.015,2,26,0.21487603305785125,0.8076923076923077,0.12174189446916717,0.07782301893044095,0.06437093378264618,0.06726146447556075,0.05597849993546665,0.052989249967733326
hours_to_5pct <= 18 AND node_close_vs_ema50 <= -0.02,2,40,0.3305785123966942,0.725,0.039049586776859435,0.06805840846556455,0.06686791188790457,0.06726146447556075,0.0559697218067982,0.05298486090339909
hours_to_5pct <= 20 AND node_close_vs_ema50 <= -0.02,2,40,0.3305785123966942,0.725,0.039049586776859435,0.06805840846556455,0.06686791188790457,0.06726146447556075,0.0559697218067982,0.05298486090339909
adverse_before_5pct <= 0.005 AND node_close_vs_ema20 <= -0.01,2,23,0.19008264462809918,0.8260869565217391,0.1401365432985986,0.08139495199764345,0.06394442148568422,0.06726146447556075,0.0559676355036843,0.052983817751842154
adverse_before_5pct <= 0.005 AND node_ret_1h <= -0.01,2,25,0.2066115702479339,0.8,0.1140495867768595,0.07880699025701761,0.0642548171366397,0.06726146447556075,0.05595185749111934,0.052975928745559675
hours_to_5pct <= 8 AND node_close_vs_ema20 <= -0.015,2,17,0.14049586776859505,0.9411764705882353,0.25522605736509474,0.09227657390125066,0.06317245620405375,0.06726146447556075,0.05593968393653935,0.05296984196826967
hours_to_5pct <= 10 AND node_close_position <= 0.5,2,17,0.14049586776859505,0.9411764705882353,0.25522605736509474,0.09226791397969797,0.06317387176815371,0.06726146447556075,0.055938467253345996,0.052969233626672996
hours_to_5pct <= 8 AND node_close_position <= 0.6,2,17,0.14049586776859505,0.9411764705882353,0.25522605736509474,0.09226781120164522,0.06317388856841234,0.06726146447556075,0.05593845281345429,0.052969226406727146
hours_to_5pct <= 14 AND node_ret_3h <= -0.03,2,33,0.2727272727272727,0.7575757575757576,0.07162534435261703,0.07173613021175537,0.06558346482448778,0.06726146447556075,0.055928035512296914,0.05296401775614846
hours_to_5pct <= 16 AND node_close_position <= 0.4,2,28,0.23140495867768596,0.7857142857142857,0.09976387249114516,0.07537319224971913,0.06481922385538405,0.06726146447556075,0.05587148250406723,0.05293574125203362
adverse_before_5pct <= 0.0075 AND node_close_profit >= 0.05,2,28,0.23140495867768596,0.75,0.06404958677685946,0.0753627340557325,0.06482237255894992,0.06726146447556075,0.05586906242611992,0.05293453121305996
adverse_before_5pct <= 0.0075 AND node_close_position <= 0.3,2,24,0.19834710743801653,0.7916666666666666,0.10571625344352609,0.07957108813341679,0.06421578439526648,0.06726146447556075,0.05586533979505788,0.05293266989752894
node_ret_3h <= -0.02 AND node_close_position <= 0.2,2,31,0.256198347107438,0.7419354838709677,0.055985070647827206,0.07265234489169156,0.06540460566556014,0.06726146447556075,0.055803493319359,0.0529017466596795
hours_to_5pct <= 12 AND node_close_position <= 0.3,2,14,0.11570247933884298,1.0,0.31404958677685946,0.09999138240901981,0.06297904530669696,0.06726146447556075,0.055784126890299816,0.05289206344514991
node_ret_3h <= -0.03 AND node_close_position <= 0.3,2,37,0.30578512396694213,0.7027027027027027,0.0167522894795622,0.06887314450483206,0.06655155779600078,0.06726146447556075,0.05577112683205609,0.05288556341602805
node_ret_1h <= -0.02 AND node_close_position <= 0.3,2,37,0.30578512396694213,0.7027027027027027,0.0167522894795622,0.06887229869348276,0.06655193035576179,0.06726146447556075,0.05577086819552778,0.052885434097763896
hours_to_5pct <= 16 AND node_ret_3h <= -0.04,2,25,0.2066115702479339,0.8,0.1140495867768595,0.07791943619482246,0.06448595100700302,0.06726146447556075,0.05576847855264928,0.05288423927632464
hours_to_5pct <= 20 AND node_ret_1h <= -0.02,2,33,0.2727272727272727,0.7575757575757576,0.07162534435261703,0.071118129431441,0.06581521511710567,0.06726146447556075,0.055759489844938455,0.05287974492246923
adverse_before_5pct <= 0.005 AND node_body_ratio >= 0.5,2,34,0.2809917355371901,0.7058823529411765,0.019931939718035974,0.07046507938345811,0.06600947704029052,0.06726146447556075,0.05575051817386427,0.05287525908693213
node_ret_3h <= -0.03 AND node_body_ratio >= 0.5,2,42,0.34710743801652894,0.6904761904761905,0.004525777253049923,0.06644744016316162,0.06769423689481094,0.06726146447556075,0.05570902881696519,0.0528545144084826
node_body_ratio >= 0.5 AND node_close_position <= 0.2,2,34,0.2809917355371901,0.7058823529411765,0.019931939718035974,0.07031089967375727,0.06606973117971385,0.06726146447556075,0.055707194949650804,0.0528535974748254
node_ret_3h <= -0.04 AND node_close_vs_ema50 <= -0.03,2,25,0.2066115702479339,0.8,0.1140495867768595,0.0776018490692118,0.06456865598763079,0.06726146447556075,0.055702861377936334,0.05285143068896817
node_ret_3h <= -0.04 AND node_body_ratio >= 0.5,2,25,0.2066115702479339,0.8,0.1140495867768595,0.07759619704248064,0.06457012786959204,0.06726146447556075,0.05570169360381832,0.052850846801909164
adverse_before_5pct <= 0.005 AND node_close_position <= 0.6,2,30,0.24793388429752067,0.7333333333333333,0.04738292011019274,0.07296235231224626,0.06538205090302708,0.06726146447556075,0.05569314520138337,0.052846572600691685
hours_to_5pct <= 12 AND adverse_before_5pct <= 0.0075,2,23,0.19008264462809918,0.8260869565217391,0.1401365432985986,0.07967547527156596,0.06434797214588607,0.06726146447556075,0.05564079282021502,0.052820396410107516
hours_to_5pct <= 16 AND node_ret_1h <= -0.02,2,30,0.24793388429752067,0.7666666666666667,0.08071625344352618,0.07249226486864813,0.06553702478553196,0.06726146447556075,0.055576594595532595,0.0527882972977663
adverse_before_5pct <= 0.005 AND node_close_vs_ema50 <= -0.015,2,22,0.18181818181818182,0.8181818181818182,0.1322314049586777,0.08055297969662077,0.06430779442643632,0.06726146447556075,0.05555508721756742,0.052777543608783714
adverse_before_5pct <= 0.005 AND node_ret_3h <= -0.015,2,24,0.19834710743801653,0.7916666666666666,0.10571625344352609,0.07792728194470797,0.06462249932855527,0.06726146447556075,0.05553929559233877,0.05276964779616938
hours_to_5pct <= 20 AND adverse_before_5pct <= 0.005,2,27,0.2231404958677686,0.7777777777777778,0.09182736455463725,0.07480935041207652,0.06509345468528496,0.06726146447556075,0.05553597075310799,0.052767985376554
node_close_profit >= 0.05 AND node_ret_3h <= -0.03,2,31,0.256198347107438,0.7419354838709677,0.055985070647827206,0.07150404923696968,0.0658001297244088,0.06726146447556075,0.0555093018706286,0.052754650935314305
hours_to_5pct <= 24 AND node_body_ratio >= 0.6,2,36,0.2975206611570248,0.7222222222222222,0.03627180899908167,0.06841389641190011,0.06677337565546408,0.06726146447556075,0.05547851463494549,0.05273925731747275
node_close_profit >= 0.052 AND node_ret_1h <= -0.01,2,28,0.23140495867768596,0.75,0.06404958677685946,0.0736454593947061,0.06533940148915142,0.06726146447556075,0.05547167655414687,0.05273583827707344
node_close_profit >= 0.052 AND node_ret_3h <= -0.015,2,28,0.23140495867768596,0.75,0.06404958677685946,0.0736454593947061,0.06533940148915142,0.06726146447556075,0.05547167655414687,0.05273583827707344
node_close_profit >= 0.052 AND node_close_vs_ema20 <= -0.005,2,28,0.23140495867768596,0.75,0.06404958677685946,0.0736454593947061,0.06533940148915142,0.06726146447556075,0.05547167655414687,0.05273583827707344
node_close_profit >= 0.052 AND node_close_vs_ema20 <= -0.01,2,28,0.23140495867768596,0.75,0.06404958677685946,0.0736454593947061,0.06533940148915142,0.06726146447556075,0.05547167655414687,0.05273583827707344
node_close_profit >= 0.052 AND node_close_vs_ema50 <= -0.005,2,28,0.23140495867768596,0.75,0.06404958677685946,0.0736454593947061,0.06533940148915142,0.06726146447556075,0.05547167655414687,0.05273583827707344
node_close_profit >= 0.052 AND node_close_vs_ema50 <= -0.01,2,28,0.23140495867768596,0.75,0.06404958677685946,0.0736454593947061,0.06533940148915142,0.06726146447556075,0.05547167655414687,0.05273583827707344
node_close_profit >= 0.052 AND node_close_vs_ema50 <= -0.015,2,28,0.23140495867768596,0.75,0.06404958677685946,0.0736454593947061,0.06533940148915142,0.06726146447556075,0.05547167655414687,0.05273583827707344
node_close_profit >= 0.052 AND node_close_position <= 0.5,2,28,0.23140495867768596,0.75,0.06404958677685946,0.0736454593947061,0.06533940148915142,0.06726146447556075,0.05547167655414687,0.05273583827707344
node_close_profit >= 0.052 AND node_close_position <= 0.6,2,28,0.23140495867768596,0.75,0.06404958677685946,0.0736454593947061,0.06533940148915142,0.06726146447556075,0.05547167655414687,0.05273583827707344
hours_to_5pct <= 14 AND node_close_position <= 0.4,2,27,0.2231404958677686,0.7777777777777778,0.09182736455463725,0.0744610326638516,0.06519350340020062,0.06726146447556075,0.05545824695804953,0.05272912347902477
hours_to_5pct <= 16 AND node_close_position <= 0.3,2,22,0.18181818181818182,0.8181818181818182,0.1322314049586777,0.07993827363296227,0.06444439577391597,0.06726146447556075,0.055443322478720414,0.05272166123936021
hours_to_5pct <= 10 AND node_close_profit >= 0.048,2,18,0.1487603305785124,0.8888888888888888,0.2029384756657483,0.08640025550624653,0.06391682138281955,0.06726146447556075,0.05541491404225155,0.05270745702112578
node_ret_1h <= -0.015 AND node_close_position <= 0.2,2,30,0.24793388429752067,0.7333333333333333,0.04738292011019274,0.07173852952214116,0.06578550896569908,0.06726146447556075,0.05538971806334078,0.05269485903167039
adverse_before_5pct <= 0.0075 AND node_close_vs_ema20 <= -0.015,2,22,0.18181818181818182,0.8181818181818182,0.1322314049586777,0.07959469960799193,0.06452074555724273,0.06726146447556075,0.055380854474180355,0.05269042723709017
hours_to_5pct <= 14 AND node_ret_3h <= -0.04,2,24,0.19834710743801653,0.7916666666666666,0.10571625344352609,0.07699935015843412,0.06485209069835499,0.06726146447556075,0.05535524300663156,0.052677621503315786
hours_to_5pct <= 18 AND node_ret_1h <= -0.02,2,32,0.2644628099173554,0.75,0.06404958677685946,0.07021365226950664,0.06620000369571505,0.06726146447556075,0.05534575927788605,0.05267287963894303
hours_to_5pct <= 8 AND adverse_before_5pct <= 0.01,2,18,0.1487603305785124,0.8888888888888888,0.2029384756657483,0.08587981884172836,0.06400777147953148,0.06726146447556075,0.055337493711992654,0.052668746855996325
adverse_before_5pct <= 0.005 AND node_close_profit >= 0.048,2,33,0.2727272727272727,0.696969696969697,0.011019283746556474,0.06956901898480222,0.06639613153459521,0.06726146447556075,0.05533700517767334,0.052668502588836666
node_close_profit >= 0.052,1,35,0.2892561983471074,0.7142857142857143,0.02833530106257376,0.06844437970329,0.06678004548753144,0.06726146447556075,0.055335151153844214,0.0526675755769221
node_close_profit >= 0.052 AND node_body_ratio >= 0.2,2,35,0.2892561983471074,0.7142857142857143,0.02833530106257376,0.06844437970329,0.06678004548753144,0.06726146447556075,0.055335151153844214,0.0526675755769221
node_close_profit >= 0.052 AND node_body_ratio >= 0.3,2,35,0.2892561983471074,0.7142857142857143,0.02833530106257376,0.06844437970329,0.06678004548753144,0.06726146447556075,0.055335151153844214,0.0526675755769221
node_close_profit >= 0.052 AND node_body_ratio >= 0.4,2,35,0.2892561983471074,0.7142857142857143,0.02833530106257376,0.06844437970329,0.06678004548753144,0.06726146447556075,0.055335151153844214,0.0526675755769221
hours_to_5pct <= 8 AND node_body_ratio >= 0.5,2,18,0.1487603305785124,0.8888888888888888,0.2029384756657483,0.08585510462751832,0.06401209046842256,0.06726146447556075,0.055333817217316776,0.052666908608658386
adverse_before_5pct <= 0.0075 AND node_ret_3h <= -0.03,2,24,0.19834710743801653,0.7916666666666666,0.10571625344352609,0.07669919596153026,0.06492635565428996,0.06726146447556075,0.055295708289890305,0.052647854144945154
node_ret_3h <= -0.04 AND node_close_vs_ema20 <= -0.02,2,24,0.19834710743801653,0.7916666666666666,0.10571625344352609,0.07666647672000045,0.06493445113673033,0.06726146447556075,0.0552892185229753,0.05264460926148765
hours_to_5pct <= 14 AND adverse_before_5pct <= 0.005,2,22,0.18181818181818182,0.8181818181818182,0.1322314049586777,0.07903757036660411,0.0646445520553289,0.06726146447556075,0.05527955824847348,0.05263977912423674
node_close_profit >= 0.05 AND node_ret_3h <= -0.04,2,19,0.15702479338842976,0.8421052631578947,0.15615484993475415,0.08325963748469084,0.06428141264052674,0.06726146447556075,0.055222587704207654,0.05261129385210383
hours_to_5pct <= 18 AND node_close_position <= 0.3,2,24,0.19834710743801653,0.7916666666666666,0.10571625344352609,0.0762796227704141,0.06503016757786509,0.06726146447556075,0.055212487161073874,0.052606243580536935
hours_to_5pct <= 20 AND node_close_position <= 0.3,2,24,0.19834710743801653,0.7916666666666666,0.10571625344352609,0.0762796227704141,0.06503016757786509,0.06726146447556075,0.055212487161073874,0.052606243580536935
hours_to_5pct <= 8 AND node_close_profit >= 0.048,2,15,0.12396694214876033,0.9333333333333333,0.2473829201101928,0.09177896822939301,0.06379200639718828,0.06726146447556075,0.05517921093752806,0.05258960546876403
hours_to_5pct <= 14 AND node_ret_1h <= -0.02,2,29,0.2396694214876033,0.7586206896551724,0.07267027643203183,0.07154367051694141,0.06591163865816903,0.06726146447556075,0.05516335904951489,0.05258167952475745
hours_to_5pct <= 10 AND adverse_before_5pct <= 0.01,2,20,0.1652892561983471,0.85,0.16404958677685944,0.08121749802187361,0.06449789347629088,0.06726146447556075,0.05515991702840887,0.05257995851420444
hours_to_5pct <= 10 AND node_body_ratio >= 0.5,2,20,0.1652892561983471,0.85,0.16404958677685944,0.08119559665285828,0.0645022303810464,0.06726146447556075,0.05515629696741459,0.0525781484837073
hours_to_5pct <= 16 AND node_close_profit >= 0.05,2,29,0.2396694214876033,0.7586206896551724,0.07267027643203183,0.07136948338061044,0.06596654547288205,0.06726146447556075,0.05512161171931986,0.052560805859659936
hours_to_5pct <= 8 AND node_ret_3h <= -0.04,2,15,0.12396694214876033,0.9333333333333333,0.2473829201101928,0.09123670777125541,0.06386874136767944,0.06726146447556075,0.055111988566684554,0.05255599428334229
hours_to_5pct <= 10 AND node_ret_3h <= -0.04,2,15,0.12396694214876033,0.9333333333333333,0.2473829201101928,0.09123670777125541,0.06386874136767944,0.06726146447556075,0.055111988566684554,0.05255599428334229
hours_to_5pct <= 8 AND node_close_position <= 0.5,2,15,0.12396694214876033,0.9333333333333333,0.2473829201101928,0.09123651049066522,0.0638687692847441,0.06726146447556075,0.05511196411041305,0.05255598205520653
hours_to_5pct <= 10 AND node_ret_1h <= -0.02,2,15,0.12396694214876033,0.9333333333333333,0.2473829201101928,0.09122159738286989,0.06387087963018682,0.06726146447556075,0.055110115378041724,0.05255505768902086
node_close_profit >= 0.052 AND node_ret_3h <= -0.02,2,27,0.2231404958677686,0.7407407407407407,0.05479032751760016,0.0726712258361488,0.06570759685071101,0.06726146447556075,0.05505886857500841,0.05252943428750421
node_close_profit >= 0.052 AND node_ret_1h <= -0.015,2,27,0.2231404958677686,0.7407407407407407,0.05479032751760016,0.07266886258647894,0.06570827565646725,0.06726146447556075,0.05505834123830522,0.05252917061915262
hours_to_5pct <= 12 AND node_close_profit >= 0.05,2,20,0.1652892561983471,0.85,0.16404958677685944,0.08047931889691408,0.06464406756044129,0.06726146447556075,0.05503790394990316,0.052518951974951586
hours_to_5pct <= 14 AND node_close_position <= 0.3,2,21,0.17355371900826447,0.8095238095238095,0.12357339630066899,0.07898288185033461,0.06479996682685825,0.06726146447556075,0.0550300869327027,0.05251504346635135
hours_to_5pct <= 12 AND node_body_ratio >= 0.6,2,17,0.14049586776859505,0.8823529411764706,0.19640252795333002,0.08560160606583175,0.06426355671561261,0.06726146447556075,0.05500187853817472,0.05250093926908736
node_close_vs_ema50 <= -0.02 AND node_close_position <= 0.2,2,29,0.2396694214876033,0.7241379310344828,0.03818751781134222,0.07076658673409635,0.06615658898102236,0.06726146447556075,0.054977115828833016,0.05248855791441651
adverse_before_5pct <= 0.01 AND node_ret_3h <= -0.04,2,19,0.15702479338842976,0.8421052631578947,0.15615484993475415,0.08167679951507556,0.06457625500741586,0.06726146447556075,0.05497404289906146,0.05248702144953073
hours_to_5pct <= 10 AND node_close_position <= 0.4,2,12,0.09917355371900827,1.0,0.31404958677685946,0.09999303280878506,0.06365798906272872,0.06726146447556075,0.05495798672483819,0.052478993362419096
node_close_vs_ema20 <= -0.015 AND node_close_position <= 0.3,2,35,0.2892561983471074,0.6857142857142857,-0.00023612750885482203,0.06709555409187863,0.06732898614333838,0.06726146447556075,0.054944994985254146,0.05247249749262708
hours_to_5pct <= 8 AND adverse_before_5pct <= 0.0075,2,17,0.14049586776859505,0.8823529411764706,0.19640252795333002,0.08503479737015368,0.06435620813702153,0.06726146447556075,0.05492224425861664,0.05246112212930831
hours_to_5pct <= 14 AND node_close_profit >= 0.05,2,26,0.21487603305785125,0.7692307692307693,0.08328035600762873,0.07275184612722994,0.06575883370773551,0.06726146447556075,0.054888826440561804,0.0524444132202809
adverse_before_5pct <= 0.0075 AND node_close_vs_ema50 <= -0.02,2,23,0.19008264462809918,0.782608695652174,0.0966582824290334,0.07568640948563223,0.06528418146299296,0.06726146447556075,0.054882540646029265,0.052441270323014634
node_body_ratio >= 0.6 AND node_close_position <= 0.2,2,32,0.2644628099173554,0.6875,0.0015495867768594573,0.06845663622060205,0.06683173980318635,0.06726146447556075,0.05488109387652286,0.05244054693826143
adverse_before_5pct <= 0.005 AND node_close_position <= 0.5,2,28,0.23140495867768596,0.7142857142857143,0.02833530106257376,0.0710309084392642,0.06612657812089737,0.06726146447556075,0.05486665649834213,0.05243332824917107
node_ret_1h <= -0.02 AND node_body_ratio >= 0.6,2,33,0.2727272727272727,0.696969696969697,0.011019283746556474,0.06784087601346656,0.06704418514884608,0.06726146447556075,0.05486569345821815,0.05243284672910908
adverse_before_5pct <= 0.0125 AND node_close_profit >= 0.052,2,28,0.23140495867768596,0.75,0.06404958677685946,0.07099587278564773,0.06613712648972814,0.06726146447556075,0.05485854907436477,0.05242927453718238
node_close_profit >= 0.052 AND node_body_ratio >= 0.5,2,32,0.2644628099173554,0.71875,0.03279958677685946,0.06831398186743218,0.0668830312560115,0.06726146447556075,0.05484336710543661,0.052421683552718305
node_close_vs_ema50 <= -0.02 AND node_body_ratio >= 0.6,2,35,0.2892561983471074,0.6857142857142857,-0.00023612750885482203,0.06653076871964352,0.06755884065529451,0.06726146447556075,0.054781627315599365,0.052390813657799684
adverse_before_5pct <= 0.01 AND node_ret_1h <= -0.02,2,25,0.2066115702479339,0.76,0.07404958677685947,0.07284843593684058,0.06580652399085248,0.06726146447556075,0.054720751226619964,0.05236037561330999
node_ret_3h <= -0.04 AND node_close_position <= 0.3,2,20,0.1652892561983471,0.8,0.1140495867768595,0.07855996925379821,0.06502413679670185,0.06726146447556075,0.05472065607500797,0.05236032803750399
hours_to_5pct <= 10 AND node_close_vs_ema20 <= -0.02,2,14,0.11570247933884298,0.9285714285714286,0.24262101534828806,0.09059456677381014,0.06420853520289263,0.06726146447556075,0.05469689202341605,0.05234844601170802
hours_to_5pct <= 18 AND node_close_position <= 0.4,2,32,0.2644628099173554,0.71875,0.03279958677685946,0.06767396470760179,0.06711314978538871,0.06726146447556075,0.05467410636895254,0.05233705318447627
hours_to_5pct <= 24 AND node_close_position <= 0.2,2,22,0.18181818181818182,0.7727272727272727,0.08677685950413216,0.07557913146730924,0.06541309403294998,0.06726146447556075,0.05465075117587441,0.05232537558793721
hours_to_5pct <= 12 AND adverse_before_5pct <= 0.005,2,16,0.1322314049586777,0.875,0.18904958677685946,0.08471206280812675,0.0646023256820269,0.06726146447556075,0.054590024834132465,0.05229501241706623
adverse_before_5pct <= 0.0125 AND node_ret_1h <= -0.03,2,18,0.1487603305785124,0.8333333333333334,0.14738292011019283,0.080650227065562,0.06492168072196831,0.06726146447556075,0.05455953791057947,0.05227976895528974
adverse_before_5pct <= 0.0075 AND node_ret_1h <= -0.02,2,20,0.1652892561983471,0.8,0.1140495867768595,0.07754782535344965,0.06522456133142435,0.06726146447556075,0.054553359562553666,0.05227667978127684
hours_to_5pct <= 16 AND node_body_ratio >= 0.6,2,27,0.2231404958677686,0.7407407407407407,0.05479032751760016,0.0700796057386902,0.06645199836806612,0.06726146447556075,0.054480573181360625,0.052240286590680314
node_close_vs_ema20 <= -0.015 AND node_body_ratio >= 0.6,2,32,0.2644628099173554,0.6875,0.0015495867768594573,0.06683807112221851,0.0674136957936164,0.06726146447556075,0.05445304360257019,0.05222652180128509
node_close_vs_ema50 <= -0.03,1,36,0.2975206611570248,0.6944444444444444,0.008494031221303877,0.06487400213581908,0.06827262499592195,0.06726146447556075,0.054425322949499894,0.05221266147474995
node_ret_1h <= -0.01 AND node_close_vs_ema50 <= -0.03,2,36,0.2975206611570248,0.6944444444444444,0.008494031221303877,0.06487400213581908,0.06827262499592195,0.06726146447556075,0.054425322949499894,0.05221266147474995
node_ret_1h <= -0.015 AND node_close_vs_ema50 <= -0.03,2,36,0.2975206611570248,0.6944444444444444,0.008494031221303877,0.06487400213581908,0.06827262499592195,0.06726146447556075,0.054425322949499894,0.05221266147474995
node_ret_1h <= -0.02 AND node_close_vs_ema50 <= -0.03,2,36,0.2975206611570248,0.6944444444444444,0.008494031221303877,0.06487400213581908,0.06827262499592195,0.06726146447556075,0.054425322949499894,0.05221266147474995
node_ret_3h <= -0.015 AND node_close_vs_ema50 <= -0.03,2,36,0.2975206611570248,0.6944444444444444,0.008494031221303877,0.06487400213581908,0.06827262499592195,0.06726146447556075,0.054425322949499894,0.05221266147474995
node_close_vs_ema20 <= -0.005 AND node_close_vs_ema50 <= -0.03,2,36,0.2975206611570248,0.6944444444444444,0.008494031221303877,0.06487400213581908,0.06827262499592195,0.06726146447556075,0.054425322949499894,0.05221266147474995
node_close_vs_ema20 <= -0.01 AND node_close_vs_ema50 <= -0.03,2,36,0.2975206611570248,0.6944444444444444,0.008494031221303877,0.06487400213581908,0.06827262499592195,0.06726146447556075,0.054425322949499894,0.05221266147474995
node_close_vs_ema20 <= -0.015 AND node_close_vs_ema50 <= -0.03,2,36,0.2975206611570248,0.6944444444444444,0.008494031221303877,0.06487400213581908,0.06827262499592195,0.06726146447556075,0.054425322949499894,0.05221266147474995
node_close_vs_ema50 <= -0.03 AND node_body_ratio >= 0.2,2,36,0.2975206611570248,0.6944444444444444,0.008494031221303877,0.06487400213581908,0.06827262499592195,0.06726146447556075,0.054425322949499894,0.05221266147474995
hours_to_5pct <= 18 AND node_close_profit >= 0.05,2,32,0.2644628099173554,0.71875,0.03279958677685946,0.06672103385452238,0.06745577660896782,0.06726146447556075,0.054422091597890215,0.052211045798945116
hours_to_5pct <= 20 AND node_close_profit >= 0.05,2,32,0.2644628099173554,0.71875,0.03279958677685946,0.06672103385452238,0.06745577660896782,0.06726146447556075,0.054422091597890215,0.052211045798945116
adverse_before_5pct <= 0.01 AND node_close_position <= 0.2,2,21,0.17355371900826447,0.7619047619047619,0.07595434868162132,0.07542781222396253,0.0655465314483964,0.06726146447556075,0.054413091377712504,0.05220654568885625
hours_to_5pct <= 10 AND adverse_before_5pct <= 0.0075,2,18,0.1487603305785124,0.8333333333333334,0.14738292011019283,0.0791169305927371,0.06518963544537461,0.06726146447556075,0.05433144422040718,0.05216572211020359
adverse_before_5pct <= 0.0125 AND node_close_vs_ema20 <= -0.02,2,22,0.18181818181818182,0.7727272727272727,0.08677685950413216,0.0737690690424197,0.06581533012736988,0.06726146447556075,0.054321648916803585,0.05216082445840179
hours_to_5pct <= 12 AND node_close_vs_ema50 <= -0.03,2,16,0.1322314049586777,0.875,0.18904958677685946,0.08267114304427053,0.06491332297937642,0.06726146447556075,0.054320151146349825,0.05216007557317491
hours_to_5pct <= 12 AND node_close_vs_ema20 <= -0.02,2,16,0.1322314049586777,0.875,0.18904958677685946,0.08266906809534641,0.06491363916206962,0.06726146447556075,0.05431987677293837,0.052159938386469186
adverse_before_5pct <= 0.005 AND node_ret_3h <= -0.02,2,19,0.15702479338842976,0.7894736842105263,0.10352327098738578,0.0774822158864436,0.06535759901667082,0.06726146447556075,0.054315389271425034,0.05215769463571252
node_ret_3h <= -0.04 AND node_body_ratio >= 0.6,2,19,0.15702479338842976,0.7894736842105263,0.10352327098738578,0.07743198839615371,0.06536695511780326,0.06726146447556075,0.05430750231013984,0.05215375115506992
hours_to_5pct <= 8 AND node_ret_1h <= -0.02,2,13,0.10743801652892562,0.9230769230769231,0.23712650985378259,0.08987054464985858,0.06454000112124715,0.06726146447556075,0.05428361223510878,0.05214180611755439
hours_to_5pct <= 8 AND node_close_vs_ema20 <= -0.02,2,13,0.10743801652892562,0.9230769230769231,0.23712650985378259,0.08987054464985858,0.06454000112124715,0.06726146447556075,0.05428361223510878,0.05214180611755439
hours_to_5pct <= 14 AND node_body_ratio >= 0.6,2,24,0.19834710743801653,0.75,0.06404958677685946,0.07141618617707875,0.06623349209580374,0.06726146447556075,0.054247838580577606,0.052123919290288805
node_close_profit >= 0.052 AND node_close_vs_ema50 <= -0.02,2,25,0.2066115702479339,0.72,0.03404958677685943,0.0704852568488949,0.06642193521167165,0.06726146447556075,0.05423249108448242,0.052116245542241216
node_close_profit >= 0.052 AND node_close_position <= 0.4,2,25,0.2066115702479339,0.72,0.03404958677685943,0.07048379273246871,0.06642231649199097,0.06726146447556075,0.05423218858108859,0.0521160942905443
hours_to_5pct <= 20 AND node_close_position <= 0.4,2,33,0.2727272727272727,0.696969696969697,0.011019283746556474,0.06536052798617126,0.06797431565908182,0.06726146447556075,0.05418923490531944,0.052094617452659725
node_ret_1h <= -0.02 AND node_close_position <= 0.2,2,27,0.2231404958677686,0.7037037037037037,0.017753290480563177,0.0686013696698902,0.06687659808995551,0.06726146447556075,0.05415071885195897,0.05207535942597948
node_ret_3h <= -0.03 AND node_close_position <= 0.2,2,27,0.2231404958677686,0.7037037037037037,0.017753290480563177,0.06860044596367972,0.06687686340982446,0.06726146447556075,0.054150512735697126,0.052075256367848564
adverse_before_5pct <= 0.0075 AND node_ret_3h <= -0.04,2,17,0.14049586776859505,0.8235294117647058,0.1375789985415653,0.07952111641923468,0.06525748290784485,0.06726146447556075,0.054147594868818094,0.052073797434409055
node_close_profit >= 0.048 AND node_ret_1h <= -0.03,2,20,0.1652892561983471,0.75,0.06404958677685946,0.07456658259746905,0.06581490643161853,0.06726146447556075,0.05406059216487093,0.05203029608243547
adverse_before_5pct <= 0.005 AND node_close_position <= 0.4,2,26,0.21487603305785125,0.6923076923076923,0.006357279084551748,0.06880256928920109,0.0668396884213013,0.06726146447556075,0.054040221500158914,0.05202011075007945
node_close_vs_ema50 <= -0.03 AND node_body_ratio >= 0.3,2,35,0.2892561983471074,0.6857142857142857,-0.00023612750885482203,0.0638701459339507,0.068641652254123,0.06726146447556075,0.05401202568337417,0.05200601284168709
node_ret_3h <= -0.02 AND node_close_vs_ema50 <= -0.03,2,35,0.2892561983471074,0.6857142857142857,-0.00023612750885482203,0.06387000615147384,0.06864170914234032,0.06726146447556075,0.05401198525042631,0.05200599262521316
adverse_before_5pct <= 0.005 AND node_close_vs_ema20 <= -0.015,2,16,0.1322314049586777,0.8125,0.12654958677685946,0.0801518249738219,0.06529721906630193,0.06726146447556075,0.05398701817835661,0.051993509089178304
hours_to_5pct <= 16 AND node_close_position <= 0.2,2,16,0.1322314049586777,0.8125,0.12654958677685946,0.0801106316840582,0.06530349613902782,0.06726146447556075,0.05398157113177629,0.05199078556588814
node_ret_3h <= -0.03 AND node_body_ratio >= 0.6,2,33,0.2727272727272727,0.6666666666666666,-0.019283746556473913,0.06450089471414523,0.06829667813609158,0.06726146447556075,0.05395478946749415,0.05197739473374708
hours_to_5pct <= 8 AND adverse_before_5pct <= 0.005,2,12,0.09917355371900827,0.9166666666666666,0.2307162534435261,0.08974267147679414,0.06478646920936994,0.06726146447556075,0.053941421964640746,0.051970710982320374
hours_to_5pct <= 8 AND node_body_ratio >= 0.6,2,12,0.09917355371900827,0.9166666666666666,0.2307162534435261,0.08972643070959763,0.06478825718374019,0.06726146447556075,0.05393981131004274,0.051969905655021374
hours_to_5pct <= 8 AND node_close_profit >= 0.05,2,12,0.09917355371900827,0.9166666666666666,0.2307162534435261,0.08972302477890377,0.06478863214858722,0.06726146447556075,0.05393947353179211,0.05196973676589606
hours_to_5pct <= 24 AND adverse_before_5pct <= 0.0025,2,16,0.1322314049586777,0.8125,0.12654958677685946,0.07956877557091079,0.06538606468960266,0.06726146447556075,0.05390992073664936,0.05195496036832468
adverse_before_5pct <= 0.005 AND node_ret_3h <= -0.03,2,18,0.1487603305785124,0.7777777777777778,0.09182736455463725,0.0762324443725346,0.06569372041589544,0.06726146447556075,0.05390234709674069,0.051951173548370345
adverse_before_5pct <= 0.0025,1,18,0.1487603305785124,0.7777777777777778,0.09182736455463725,0.0761771885322131,0.06570337677633997,0.06726146447556075,0.05389412721966807,0.05194706360983403
node_ret_1h <= -0.03,1,29,0.2396694214876033,0.6896551724137931,0.0037047591906526067,0.06620180757559573,0.06759548675924539,0.06726146447556075,0.0538830778486965,0.05194153892434826
node_ret_1h <= -0.03 AND node_ret_3h <= -0.015,2,29,0.2396694214876033,0.6896551724137931,0.0037047591906526067,0.06620180757559573,0.06759548675924539,0.06726146447556075,0.0538830778486965,0.05194153892434826
node_ret_1h <= -0.03 AND node_close_vs_ema20 <= -0.005,2,29,0.2396694214876033,0.6896551724137931,0.0037047591906526067,0.06620180757559573,0.06759548675924539,0.06726146447556075,0.0538830778486965,0.05194153892434826
node_ret_1h <= -0.03 AND node_close_vs_ema20 <= -0.01,2,29,0.2396694214876033,0.6896551724137931,0.0037047591906526067,0.06620180757559573,0.06759548675924539,0.06726146447556075,0.0538830778486965,0.05194153892434826
node_ret_1h <= -0.03 AND node_close_vs_ema20 <= -0.015,2,29,0.2396694214876033,0.6896551724137931,0.0037047591906526067,0.06620180757559573,0.06759548675924539,0.06726146447556075,0.0538830778486965,0.05194153892434826
node_ret_1h <= -0.03 AND node_close_vs_ema50 <= -0.005,2,29,0.2396694214876033,0.6896551724137931,0.0037047591906526067,0.06620180757559573,0.06759548675924539,0.06726146447556075,0.0538830778486965,0.05194153892434826
node_ret_1h <= -0.03 AND node_close_vs_ema50 <= -0.01,2,29,0.2396694214876033,0.6896551724137931,0.0037047591906526067,0.06620180757559573,0.06759548675924539,0.06726146447556075,0.0538830778486965,0.05194153892434826
node_ret_1h <= -0.03 AND node_close_vs_ema50 <= -0.015,2,29,0.2396694214876033,0.6896551724137931,0.0037047591906526067,0.06620180757559573,0.06759548675924539,0.06726146447556075,0.0538830778486965,0.05194153892434826
node_ret_1h <= -0.03 AND node_close_vs_ema50 <= -0.02,2,29,0.2396694214876033,0.6896551724137931,0.0037047591906526067,0.06620180757559573,0.06759548675924539,0.06726146447556075,0.0538830778486965,0.05194153892434826
hours_to_5pct <= 10 AND node_close_vs_ema50 <= -0.03,2,12,0.09917355371900827,0.9166666666666666,0.2307162534435261,0.08902621837732268,0.06486534477995394,0.06726146447556075,0.053870368764693165,0.05193518438234658
node_close_profit >= 0.052 AND node_close_position <= 0.3,2,24,0.19834710743801653,0.7083333333333334,0.022382920110192828,0.06925381089384247,0.06676851278443952,0.06726146447556075,0.053818937697952235,0.05190946884897612
adverse_before_5pct <= 0.005 AND node_close_position <= 0.3,2,19,0.15702479338842976,0.7368421052631579,0.05089169204001731,0.07420091843028703,0.06596882109183724,0.06726146447556075,0.05380014421632607,0.05190007210816304
node_close_profit >= 0.048 AND node_close_vs_ema50 <= -0.03,2,25,0.2066115702479339,0.72,0.03404958677685943,0.06827551560702531,0.0669973886600752,0.06726146447556075,0.05377593297665813,0.051887966488329065
hours_to_5pct <= 10 AND node_close_profit >= 0.05,2,14,0.11570247933884298,0.8571428571428571,0.17119244391971655,0.0825140247934772,0.06526580237788944,0.06726146447556075,0.05376195328188993,0.051880976640944966
hours_to_5pct <= 18 AND node_body_ratio >= 0.6,2,30,0.24793388429752067,0.7,0.014049586776859413,0.06513259012845037,0.06796329118339935,0.06726146447556075,0.05375188185002902,0.05187594092501451
hours_to_5pct <= 20 AND node_body_ratio >= 0.6,2,30,0.24793388429752067,0.7,0.014049586776859413,0.06513259012845037,0.06796329118339935,0.06726146447556075,0.05375188185002902,0.05187594092501451
hours_to_5pct <= 18 AND node_close_position <= 0.2,2,18,0.1487603305785124,0.7777777777777778,0.09182736455463725,0.07521327963942771,0.06587182687410828,0.06726146447556075,0.053750735814129744,0.05187536790706487
hours_to_5pct <= 20 AND node_close_position <= 0.2,2,18,0.1487603305785124,0.7777777777777778,0.09182736455463725,0.07521327963942771,0.06587182687410828,0.06726146447556075,0.053750735814129744,0.05187536790706487
node_close_profit >= 0.052 AND node_close_position <= 0.2,2,22,0.18181818181818182,0.7272727272727273,0.04132231404958675,0.07056668356361634,0.06652697134488174,0.06726146447556075,0.0537393970115666,0.0518696985057833
node_close_vs_ema20 <= -0.015 AND node_close_position <= 0.2,2,26,0.21487603305785125,0.6923076923076923,0.006357279084551748,0.06739370764604657,0.06722527160784884,0.06726146447556075,0.0537374908991505,0.05186874544957525
node_close_vs_ema20 <= -0.02,1,36,0.2975206611570248,0.6666666666666666,-0.019283746556473913,0.06237256685064686,0.06933205641081841,0.06726146447556075,0.05368109426961394,0.05184054713480698
node_ret_1h <= -0.01 AND node_close_vs_ema20 <= -0.02,2,36,0.2975206611570248,0.6666666666666666,-0.019283746556473913,0.06237256685064686,0.06933205641081841,0.06726146447556075,0.05368109426961394,0.05184054713480698
node_ret_1h <= -0.015 AND node_close_vs_ema20 <= -0.02,2,36,0.2975206611570248,0.6666666666666666,-0.019283746556473913,0.06237256685064686,0.06933205641081841,0.06726146447556075,0.05368109426961394,0.05184054713480698
node_ret_1h <= -0.02 AND node_close_vs_ema20 <= -0.02,2,36,0.2975206611570248,0.6666666666666666,-0.019283746556473913,0.06237256685064686,0.06933205641081841,0.06726146447556075,0.05368109426961394,0.05184054713480698
node_ret_3h <= -0.015 AND node_close_vs_ema20 <= -0.02,2,36,0.2975206611570248,0.6666666666666666,-0.019283746556473913,0.06237256685064686,0.06933205641081841,0.06726146447556075,0.05368109426961394,0.05184054713480698
node_close_vs_ema20 <= -0.02 AND node_close_vs_ema50 <= -0.005,2,36,0.2975206611570248,0.6666666666666666,-0.019283746556473913,0.06237256685064686,0.06933205641081841,0.06726146447556075,0.05368109426961394,0.05184054713480698
node_close_vs_ema20 <= -0.02 AND node_close_vs_ema50 <= -0.01,2,36,0.2975206611570248,0.6666666666666666,-0.019283746556473913,0.06237256685064686,0.06933205641081841,0.06726146447556075,0.05368109426961394,0.05184054713480698
node_close_vs_ema20 <= -0.02 AND node_close_vs_ema50 <= -0.015,2,36,0.2975206611570248,0.6666666666666666,-0.019283746556473913,0.06237256685064686,0.06933205641081841,0.06726146447556075,0.05368109426961394,0.05184054713480698
node_close_vs_ema20 <= -0.02 AND node_close_vs_ema50 <= -0.02,2,36,0.2975206611570248,0.6666666666666666,-0.019283746556473913,0.06237256685064686,0.06933205641081841,0.06726146447556075,0.05368109426961394,0.05184054713480698
node_ret_1h <= -0.03 AND node_ret_3h <= -0.04,2,20,0.1652892561983471,0.75,0.06404958677685946,0.07199921592485464,0.06632329587174018,0.06726146447556075,0.05363623403716606,0.051818117018583035
node_close_vs_ema50 <= -0.03 AND node_close_position <= 0.6,2,34,0.2809917355371901,0.6764705882352942,-0.009479824987846386,0.06281017126159985,0.06900105032929262,0.06726146447556075,0.05359955225532558,0.051799776127662796
adverse_before_5pct <= 0.005 AND node_ret_3h <= -0.04,2,13,0.10743801652892562,0.8461538461538461,0.1602034329307056,0.08332938563709008,0.06532736285426556,0.06726146447556075,0.05358084308497662,0.051790421542488314
hours_to_5pct <= 14 AND node_close_position <= 0.2,2,15,0.12396694214876033,0.8,0.1140495867768595,0.0787845737251192,0.06563083580817042,0.06726146447556075,0.05356833558575858,0.051784167792879296
node_close_profit >= 0.05 AND node_ret_1h <= -0.03,2,17,0.14049586776859505,0.7647058823529411,0.07875546912980058,0.07537413136594169,0.06593535546463311,0.06726146447556075,0.05356496060513231,0.05178248030256616
node_close_vs_ema50 <= -0.03 AND node_body_ratio >= 0.4,2,31,0.256198347107438,0.6774193548387096,-0.008531058384430912,0.06390905893938899,0.06841618193801992,0.06726146447556075,0.05356347791009139,0.051781738955045696
adverse_before_5pct <= 0.0025 AND node_body_ratio >= 0.2,2,17,0.14049586776859505,0.7647058823529411,0.07875546912980058,0.07477943093322763,0.06603256611228828,0.06726146447556075,0.05348140765177578,0.05174070382588789
adverse_before_5pct <= 0.0025 AND node_body_ratio >= 0.3,2,17,0.14049586776859505,0.7647058823529411,0.07875546912980058,0.07477943093322763,0.06603256611228828,0.06726146447556075,0.05348140765177578,0.05174070382588789
adverse_before_5pct <= 0.0025 AND node_body_ratio >= 0.4,2,17,0.14049586776859505,0.7647058823529411,0.07875546912980058,0.07477943093322763,0.06603256611228828,0.06726146447556075,0.05348140765177578,0.05174070382588789
node_ret_1h <= -0.03 AND node_body_ratio >= 0.2,2,28,0.23140495867768596,0.6785714285714286,-0.0073789846517119395,0.06499469390356781,0.06794393303487047,0.06726146447556075,0.05346984652313966,0.05173492326156983
node_ret_1h <= -0.03 AND node_body_ratio >= 0.3,2,28,0.23140495867768596,0.6785714285714286,-0.0073789846517119395,0.06499469390356781,0.06794393303487047,0.06726146447556075,0.05346984652313966,0.05173492326156983
node_ret_1h <= -0.03 AND node_ret_3h <= -0.02,2,28,0.23140495867768596,0.6785714285714286,-0.0073789846517119395,0.06499423421801334,0.06794407143482234,0.06726146447556075,0.05346974014962292,0.051734870074811465
node_ret_1h <= -0.03 AND node_close_vs_ema20 <= -0.02,2,28,0.23140495867768596,0.6785714285714286,-0.0073789846517119395,0.06499316179651875,0.06794439431441213,0.06726146447556075,0.05346949198597128,0.051734745992985644
node_close_profit >= 0.052 AND node_close_vs_ema20 <= -0.015,2,23,0.19008264462809918,0.6956521739130435,0.009701760689902916,0.06791912186816991,0.06710711631198922,0.06726146447556075,0.05340611407411494,0.05170305703705747
node_close_profit >= 0.052 AND node_ret_1h <= -0.02,2,23,0.19008264462809918,0.6956521739130435,0.009701760689902916,0.0679152452916313,0.06710802612076869,0.06726146447556075,0.05340537720419439,0.051702688602097195
adverse_before_5pct <= 0.0075 AND node_close_position <= 0.2,2,16,0.1322314049586777,0.75,0.06404958677685946,0.07573662682334002,0.06597001116542298,0.06726146447556075,0.05340319032374744,0.05170159516187372
adverse_before_5pct <= 0.005 AND node_close_profit >= 0.05,2,22,0.18181818181818182,0.6818181818181818,-0.004132231404958775,0.06864884690563973,0.06695315726887655,0.06726146447556075,0.05339069943738904,0.05169534971869452
adverse_before_5pct <= 0.01 AND node_close_profit >= 0.052,2,22,0.18181818181818182,0.7272727272727273,0.04132231404958675,0.06862977715371908,0.06695739499152557,0.06726146447556075,0.053387232209767106,0.05169361610488355
hours_to_5pct <= 10 AND adverse_before_5pct <= 0.005,2,13,0.10743801652892562,0.8461538461538461,0.1602034329307056,0.08118655793062958,0.06558529581893212,0.06726146447556075,0.05335062192643128,0.05167531096321564
hours_to_5pct <= 10 AND node_body_ratio >= 0.6,2,13,0.10743801652892562,0.8461538461538461,0.1602034329307056,0.08117156645321741,0.06558710034862061,0.06726146447556075,0.05334901127183328,0.05167450563591664
hours_to_5pct <= 12 AND node_close_profit >= 0.052,2,13,0.10743801652892562,0.8461538461538461,0.1602034329307056,0.08116704928032603,0.06558764408239456,0.06726146447556075,0.05334852595573751,0.05167426297786876
hours_to_5pct <= 24 AND node_close_vs_ema50 <= -0.03,2,25,0.2066115702479339,0.72,0.03404958677685943,0.06614455967610132,0.06755232510041999,0.06726146447556075,0.053335652825640775,0.05166782641282039
node_close_vs_ema20 <= -0.02 AND node_body_ratio >= 0.2,2,35,0.2892561983471074,0.6571428571428571,-0.028807556080283403,0.061297469035168854,0.06968867192223188,0.06726146447556075,0.0532678629440571,0.051633931472028556
node_ret_3h <= -0.02 AND node_close_vs_ema20 <= -0.02,2,35,0.2892561983471074,0.6571428571428571,-0.028807556080283403,0.061297101286725275,0.06968882158729613,0.06726146447556075,0.05326775657054037,0.05163387828527019
hours_to_5pct <= 24 AND node_close_profit >= 0.052,2,24,0.19834710743801653,0.7083333333333334,0.022382920110192828,0.06614032316723613,0.06753886026318748,0.06726146447556075,0.0532013864133361,0.051600693206668054
node_close_profit >= 0.052 AND node_body_ratio >= 0.6,2,28,0.23140495867768596,0.6785714285714286,-0.0073789846517119395,0.0637885349523096,0.06830707766535682,0.06726146447556075,0.053190735360865035,0.05159536768043252
node_close_vs_ema50 <= -0.03 AND node_close_position <= 0.5,2,33,0.2727272727272727,0.6666666666666666,-0.019283746556473913,0.06168219375439999,0.06935369099599605,0.06726146447556075,0.053186052842109095,0.051593026421054546
node_ret_3h <= -0.03 AND node_close_vs_ema50 <= -0.03,2,33,0.2727272727272727,0.6666666666666666,-0.019283746556473913,0.06168003268551017,0.06935450139682973,0.06726146447556075,0.0531854634596846,0.0515927317298423
hours_to_5pct <= 14 AND adverse_before_5pct <= 0.0025,2,12,0.09917355371900827,0.8333333333333334,0.14738292011019283,0.08194997794656719,0.06564438042370685,0.06726146447556075,0.05316859285420501,0.05158429642710251
hours_to_5pct <= 16 AND adverse_before_5pct <= 0.0025,2,12,0.09917355371900827,0.8333333333333334,0.14738292011019283,0.08194997794656719,0.06564438042370685,0.06726146447556075,0.05316859285420501,0.05158429642710251
node_close_profit >= 0.052 AND node_ret_3h <= -0.04,2,14,0.11570247933884298,0.7857142857142857,0.09976387249114516,0.07727663605172504,0.06595106819456731,0.06726146447556075,0.05315597441920786,0.05157798720960394
hours_to_5pct <= 14 AND node_close_vs_ema50 <= -0.03,2,22,0.18181818181818182,0.7272727272727273,0.04132231404958675,0.06734327350193182,0.06724328469192276,0.06726146447556075,0.0531533224548967,0.051576661227448355
hours_to_5pct <= 16 AND node_close_vs_ema50 <= -0.03,2,22,0.18181818181818182,0.7272727272727273,0.04132231404958675,0.06734327350193182,0.06724328469192276,0.06726146447556075,0.0531533224548967,0.051576661227448355
hours_to_5pct <= 18 AND adverse_before_5pct <= 0.0025,2,14,0.11570247933884298,0.7857142857142857,0.09976387249114516,0.07664987324413432,0.06603307454322403,0.06726146447556075,0.05308345640841224,0.051541728204206126
hours_to_5pct <= 20 AND adverse_before_5pct <= 0.0025,2,14,0.11570247933884298,0.7857142857142857,0.09976387249114516,0.07664987324413432,0.06603307454322403,0.06726146447556075,0.05308345640841224,0.051541728204206126
adverse_before_5pct <= 0.0125 AND node_close_vs_ema50 <= -0.03,2,19,0.15702479338842976,0.7368421052631579,0.05089169204001731,0.06962680074923087,0.06682086262066143,0.06726146447556075,0.05308189433252386,0.05154094716626193
adverse_before_5pct <= 0.005 AND node_close_vs_ema50 <= -0.02,2,16,0.1322314049586777,0.75,0.06404958677685946,0.07326177763921088,0.0663471310410998,0.06726146447556075,0.05307593753906921,0.051537968769534606
node_ret_3h <= -0.04 AND node_close_position <= 0.2,2,16,0.1322314049586777,0.75,0.06404958677685946,0.07321311466820404,0.0663545463509675,0.06726146447556075,0.053069502766043504,0.05153475138302176
adverse_before_5pct <= 0.0025 AND node_body_ratio >= 0.5,2,16,0.1322314049586777,0.75,0.06404958677685946,0.07320277302618117,0.06635612222022813,0.06726146447556075,0.05306813527618925,0.05153406763809463
node_ret_1h <= -0.03 AND node_close_position <= 0.6,2,27,0.2231404958677686,0.6666666666666666,-0.019283746556473913,0.06370156090763034,0.06828398996847694,0.06726146447556075,0.05305737309509107,0.05152868654754554
node_ret_1h <= -0.03 AND node_ret_3h <= -0.03,2,27,0.2231404958677686,0.6666666666666666,-0.019283746556473913,0.0636976398448076,0.06828511623120262,0.06726146447556075,0.05305649814718847,0.05152824907359424
node_close_profit >= 0.048 AND node_close_vs_ema20 <= -0.02,2,25,0.2066115702479339,0.68,-0.005950413223140494,0.06467537233788948,0.067934925969746,0.06726146447556075,0.053032101722704436,0.05151605086135222
node_ret_1h <= -0.03 AND node_close_vs_ema50 <= -0.03,2,25,0.2066115702479339,0.68,-0.005950413223140494,0.06439209869120369,0.06800869514857041,0.06726146447556075,0.052973574109752834,0.05148678705487642
node_ret_1h <= -0.03 AND node_close_position <= 0.4,2,22,0.18181818181818182,0.6818181818181818,-0.004132231404958775,0.06626139521128062,0.06748370208984522,0.06726146447556075,0.05295661731114193,0.051478308655570966
hours_to_5pct <= 10 AND node_close_profit >= 0.052,2,12,0.09917355371900827,0.8333333333333334,0.14738292011019283,0.07959946145895275,0.06590315288105889,0.06726146447556075,0.052935483781053165,0.05146774189052659
hours_to_5pct <= 18 AND node_close_vs_ema50 <= -0.03,2,24,0.19834710743801653,0.7083333333333334,0.022382920110192828,0.06473420598363618,0.06788676554572766,0.06726146447556075,0.05292248713725015,0.05146124356862508
hours_to_5pct <= 20 AND node_close_vs_ema50 <= -0.03,2,24,0.19834710743801653,0.7083333333333334,0.022382920110192828,0.06473420598363618,0.06788676554572766,0.06726146447556075,0.05292248713725015,0.05146124356862508
hours_to_5pct <= 24 AND node_close_vs_ema20 <= -0.02,2,24,0.19834710743801653,0.7083333333333334,0.022382920110192828,0.064731140155023,0.06788752410126082,0.06726146447556075,0.05292187903901283,0.051460939519506414
adverse_before_5pct <= 0.005 AND node_body_ratio >= 0.6,2,23,0.19008264462809918,0.6521739130434783,-0.03377650017966227,0.06520859194880303,0.0677432610889835,0.06726146447556075,0.0528908893786981,0.05144544468934905
node_close_vs_ema20 <= -0.02 AND node_body_ratio >= 0.3,2,34,0.2809917355371901,0.6470588235294118,-0.038891589693728745,0.06015889550087345,0.0700371810863581,0.06726146447556075,0.052854565677931384,0.0514272828389657
node_close_vs_ema20 <= -0.02 AND node_body_ratio >= 0.4,2,31,0.256198347107438,0.6451612903225806,-0.040789122900559915,0.06100521275682829,0.06941639562312416,0.06726146447556075,0.0528195173178651,0.051409758658932554
adverse_before_5pct <= 0.0075 AND node_close_profit >= 0.052,2,18,0.1487603305785124,0.7222222222222222,0.03627180899908167,0.06876564231308736,0.06699859844570175,0.06726146447556075,0.052791583154013,0.0513957915770065
node_close_vs_ema20 <= -0.02 AND node_close_vs_ema50 <= -0.03,2,32,0.2644628099173554,0.65625,-0.029700413223140543,0.060481343335667376,0.06969926084046625,0.06726146447556075,0.052771925510259145,0.05138596275512958
adverse_before_5pct <= 0.005 AND node_ret_1h <= -0.02,2,13,0.10743801652892562,0.7692307692307693,0.08328035600762873,0.07556032390475148,0.06626252769241743,0.06726146447556075,0.05274615050216338,0.051373075251081694
hours_to_5pct <= 14 AND node_close_vs_ema20 <= -0.02,2,21,0.17355371900826447,0.7142857142857143,0.02833530106257376,0.06578501851716759,0.06757151812682333,0.06726146447556075,0.05273954866826876,0.05136977433413438
hours_to_5pct <= 16 AND node_close_vs_ema20 <= -0.02,2,21,0.17355371900826447,0.7142857142857143,0.02833530106257376,0.06578501851716759,0.06757151812682333,0.06726146447556075,0.05273954866826876,0.05136977433413438
node_close_vs_ema50 <= -0.03 AND node_body_ratio >= 0.5,2,29,0.2396694214876033,0.6551724137931034,-0.030777999430037117,0.06141922892121351,0.06910303872638761,0.06726146447556075,0.05273683998938176,0.051368419994690884
node_ret_1h <= -0.03 AND node_body_ratio >= 0.4,2,26,0.21487603305785125,0.6538461538461539,-0.03210425937698669,0.06230702935472564,0.06861741514021037,0.06726146447556075,0.05264448564646997,0.05132224282323499
node_ret_1h <= -0.03 AND node_close_position <= 0.5,2,26,0.21487603305785125,0.6538461538461539,-0.03210425937698669,0.06230523796384799,0.06861790541560846,0.06726146447556075,0.052644100719504525,0.05132205035975227
node_close_profit >= 0.052 AND node_ret_3h <= -0.03,2,21,0.17355371900826447,0.6666666666666666,-0.019283746556473913,0.06486403366286254,0.06776492494622738,0.06726146447556075,0.05257970832165383,0.05128985416082692
node_ret_1h <= -0.03 AND node_body_ratio >= 0.6,2,21,0.17355371900826447,0.6666666666666666,-0.019283746556473913,0.06465677605014096,0.06780844904489891,0.06726146447556075,0.052543737992173226,0.051271868996086614
node_ret_1h <= -0.03 AND node_close_position <= 0.3,2,21,0.17355371900826447,0.6666666666666666,-0.019283746556473913,0.064654602051583,0.06780890558459608,0.06726146447556075,0.052543360686638375,0.051271680343319186
node_close_profit >= 0.05 AND node_close_vs_ema50 <= -0.03,2,22,0.18181818181818182,0.6818181818181818,-0.004132231404958775,0.06395138358957565,0.06799703800577968,0.06726146447556075,0.052536615198104666,0.051268307599052335
node_close_profit >= 0.05 AND node_close_vs_ema20 <= -0.02,2,22,0.18181818181818182,0.6818181818181818,-0.004132231404958775,0.06395058589631203,0.06799721527094937,0.06726146447556075,0.05253647016296583,0.051268235081482906
hours_to_5pct <= 18 AND node_close_vs_ema20 <= -0.02,2,23,0.19008264462809918,0.6956521739130435,0.009701760689902916,0.06319801371414294,0.06821513149099556,0.06726146447556075,0.05250871335062221,0.051254356675311114
hours_to_5pct <= 20 AND node_close_vs_ema20 <= -0.02,2,23,0.19008264462809918,0.6956521739130435,0.009701760689902916,0.06319801371414294,0.06821513149099556,0.06726146447556075,0.05250871335062221,0.051254356675311114
hours_to_5pct <= 24 AND node_close_profit >= 0.055,2,13,0.10743801652892562,0.7692307692307693,0.08328035600762873,0.07333491022063961,0.06653040156180128,0.06726146447556075,0.052507056469986074,0.05125352823499304
node_close_profit >= 0.055,1,15,0.12396694214876033,0.7333333333333333,0.04738292011019274,0.07016979977152302,0.06684990759405668,0.06726146447556075,0.052500388401428476,0.05125019420071424
node_close_profit >= 0.055 AND node_body_ratio >= 0.2,2,15,0.12396694214876033,0.7333333333333333,0.04738292011019274,0.07016979977152302,0.06684990759405668,0.06726146447556075,0.052500388401428476,0.05125019420071424
node_close_profit >= 0.055 AND node_body_ratio >= 0.3,2,15,0.12396694214876033,0.7333333333333333,0.04738292011019274,0.07016979977152302,0.06684990759405668,0.06726146447556075,0.052500388401428476,0.05125019420071424
node_close_profit >= 0.055 AND node_body_ratio >= 0.4,2,15,0.12396694214876033,0.7333333333333333,0.04738292011019274,0.07016979977152302,0.06684990759405668,0.06726146447556075,0.052500388401428476,0.05125019420071424
node_close_profit >= 0.055 AND node_body_ratio >= 0.5,2,15,0.12396694214876033,0.7333333333333333,0.04738292011019274,0.07016979977152302,0.06684990759405668,0.06726146447556075,0.052500388401428476,0.05125019420071424
node_close_vs_ema20 <= -0.03,1,13,0.10743801652892562,0.7692307692307693,0.08328035600762873,0.07313542596094146,0.06655441355602419,0.06726146447556075,0.052485624276795366,0.05124281213839768
node_ret_1h <= -0.01 AND node_close_vs_ema20 <= -0.03,2,13,0.10743801652892562,0.7692307692307693,0.08328035600762873,0.07313542596094146,0.06655441355602419,0.06726146447556075,0.052485624276795366,0.05124281213839768
node_ret_1h <= -0.015 AND node_close_vs_ema20 <= -0.03,2,13,0.10743801652892562,0.7692307692307693,0.08328035600762873,0.07313542596094146,0.06655441355602419,0.06726146447556075,0.052485624276795366,0.05124281213839768
node_ret_1h <= -0.02 AND node_close_vs_ema20 <= -0.03,2,13,0.10743801652892562,0.7692307692307693,0.08328035600762873,0.07313542596094146,0.06655441355602419,0.06726146447556075,0.052485624276795366,0.05124281213839768
node_ret_1h <= -0.03 AND node_close_vs_ema20 <= -0.03,2,13,0.10743801652892562,0.7692307692307693,0.08328035600762873,0.07313542596094146,0.06655441355602419,0.06726146447556075,0.052485624276795366,0.05124281213839768
node_ret_3h <= -0.015 AND node_close_vs_ema20 <= -0.03,2,13,0.10743801652892562,0.7692307692307693,0.08328035600762873,0.07313542596094146,0.06655441355602419,0.06726146447556075,0.052485624276795366,0.05124281213839768
node_close_vs_ema20 <= -0.03 AND node_close_vs_ema50 <= -0.005,2,13,0.10743801652892562,0.7692307692307693,0.08328035600762873,0.07313542596094146,0.06655441355602419,0.06726146447556075,0.052485624276795366,0.05124281213839768
node_close_vs_ema20 <= -0.03 AND node_close_vs_ema50 <= -0.01,2,13,0.10743801652892562,0.7692307692307693,0.08328035600762873,0.07313542596094146,0.06655441355602419,0.06726146447556075,0.052485624276795366,0.05124281213839768
node_close_vs_ema20 <= -0.03 AND node_close_vs_ema50 <= -0.015,2,13,0.10743801652892562,0.7692307692307693,0.08328035600762873,0.07313542596094146,0.06655441355602419,0.06726146447556075,0.052485624276795366,0.05124281213839768
node_close_vs_ema20 <= -0.03 AND node_close_vs_ema50 <= -0.02,2,13,0.10743801652892562,0.7692307692307693,0.08328035600762873,0.07313542596094146,0.06655441355602419,0.06726146447556075,0.052485624276795366,0.05124281213839768
node_close_vs_ema20 <= -0.03 AND node_close_vs_ema50 <= -0.03,2,13,0.10743801652892562,0.7692307692307693,0.08328035600762873,0.07313542596094146,0.06655441355602419,0.06726146447556075,0.052485624276795366,0.05124281213839768
node_close_vs_ema20 <= -0.03 AND node_body_ratio >= 0.2,2,13,0.10743801652892562,0.7692307692307693,0.08328035600762873,0.07313542596094146,0.06655441355602419,0.06726146447556075,0.052485624276795366,0.05124281213839768
node_close_vs_ema20 <= -0.03 AND node_body_ratio >= 0.3,2,13,0.10743801652892562,0.7692307692307693,0.08328035600762873,0.07313542596094146,0.06655441355602419,0.06726146447556075,0.052485624276795366,0.05124281213839768
node_close_vs_ema20 <= -0.02 AND node_close_position <= 0.6,2,33,0.2727272727272727,0.6363636363636364,-0.04958677685950419,0.058954338249570234,0.0703766368103072,0.06726146447556075,0.05244209224988279,0.051221046124941404
node_ret_3h <= -0.03 AND node_close_vs_ema20 <= -0.02,2,33,0.2727272727272727,0.6363636363636364,-0.04958677685950419,0.058951194192595036,0.0703778158316729,0.06726146447556075,0.052441234779798646,0.051220617389899324
hours_to_5pct <= 14 AND node_close_profit >= 0.052,2,17,0.14049586776859505,0.7058823529411765,0.019931939718035974,0.06689059043538116,0.06732208811674395,0.06726146447556075,0.05237305816034281,0.051186529080171406
hours_to_5pct <= 24 AND node_ret_1h <= -0.03,2,17,0.14049586776859505,0.7058823529411765,0.019931939718035974,0.06629926445669211,0.06741874717095274,0.06726146447556075,0.05228997930383278,0.05114498965191639
node_close_vs_ema50 <= -0.03 AND node_close_position <= 0.4,2,26,0.21487603305785125,0.6538461538461539,-0.03210425937698669,0.06051154148035557,0.06910881182161692,0.06726146447556075,0.05225867833462186,0.05112933916731093
adverse_before_5pct <= 0.0025 AND node_close_position <= 0.6,2,14,0.11570247933884298,0.7142857142857143,0.02833530106257376,0.06937626648401089,0.06698476140903459,0.06726146447556075,0.052241882072530194,0.0511209410362651
adverse_before_5pct <= 0.0025 AND node_close_vs_ema20 <= -0.005,2,14,0.11570247933884298,0.7142857142857143,0.02833530106257376,0.06937197306207851,0.06698532316517526,0.06726146447556075,0.052241385312967764,0.05112069265648388
adverse_before_5pct <= 0.0025 AND node_close_vs_ema50 <= -0.005,2,14,0.11570247933884298,0.7142857142857143,0.02833530106257376,0.06937197306207851,0.06698532316517526,0.06726146447556075,0.052241385312967764,0.05112069265648388
adverse_before_5pct <= 0.0025 AND node_close_vs_ema50 <= -0.01,2,14,0.11570247933884298,0.7142857142857143,0.02833530106257376,0.06937197306207851,0.06698532316517526,0.06726146447556075,0.052241385312967764,0.05112069265648388
node_close_vs_ema50 <= -0.03 AND node_body_ratio >= 0.6,2,23,0.19008264462809918,0.6521739130434783,-0.03377650017966227,0.06169341692572801,0.06856825114541946,0.06726146447556075,0.05222271561398136,0.051111357806990686
node_close_vs_ema50 <= -0.03 AND node_close_position <= 0.3,2,23,0.19008264462809918,0.6521739130434783,-0.03377650017966227,0.06169298668576718,0.06856835212010413,0.06726146447556075,0.05222263383283178,0.05111131691641589
adverse_before_5pct <= 0.0125 AND node_close_profit >= 0.055,2,12,0.09917355371900827,0.75,0.06404958677685946,0.07116004545232263,0.06683226290013744,0.06726146447556075,0.052098516904362575,0.05104925845218129
node_close_profit >= 0.055 AND node_body_ratio >= 0.6,2,14,0.11570247933884298,0.7142857142857143,0.02833530106257376,0.06804204278411655,0.06715933273425441,0.06726146447556075,0.052087509082459765,0.051043754541229884
node_close_profit >= 0.052 AND node_close_vs_ema20 <= -0.02,2,18,0.1487603305785124,0.6666666666666666,-0.019283746556473913,0.064029887224415,0.0678262061311008,0.06726146447556075,0.052087090661483225,0.05104354533074162
adverse_before_5pct <= 0.01 AND node_ret_1h <= -0.03,2,12,0.09917355371900827,0.75,0.06404958677685946,0.07099769525739655,0.06685013631609261,0.06726146447556075,0.05208241605858478,0.05104120802929239
node_close_vs_ema20 <= -0.03 AND node_body_ratio >= 0.4,2,12,0.09917355371900827,0.75,0.06404958677685946,0.07090427105819659,0.06686042154903205,0.06726146447556075,0.05207315084874677,0.05103657542437339
node_close_vs_ema20 <= -0.03 AND node_body_ratio >= 0.5,2,12,0.09917355371900827,0.75,0.06404958677685946,0.07090427105819659,0.06686042154903205,0.06726146447556075,0.05207315084874677,0.05103657542437339
node_close_vs_ema20 <= -0.03 AND node_close_position <= 0.5,2,12,0.09917355371900827,0.75,0.06404958677685946,0.07090427105819659,0.06686042154903205,0.06726146447556075,0.05207315084874677,0.05103657542437339
node_close_vs_ema20 <= -0.03 AND node_close_position <= 0.6,2,12,0.09917355371900827,0.75,0.06404958677685946,0.07090427105819659,0.06686042154903205,0.06726146447556075,0.05207315084874677,0.05103657542437339
node_ret_3h <= -0.02 AND node_close_vs_ema20 <= -0.03,2,12,0.09917355371900827,0.75,0.06404958677685946,0.07089555632536139,0.0668613809691607,0.06726146447556075,0.052072286577721796,0.0510361432888609
node_ret_3h <= -0.03 AND node_close_vs_ema20 <= -0.03,2,12,0.09917355371900827,0.75,0.06404958677685946,0.07089555632536139,0.0668613809691607,0.06726146447556075,0.052072286577721796,0.0510361432888609
node_close_vs_ema20 <= -0.02 AND node_close_position <= 0.5,2,32,0.2644628099173554,0.625,-0.06095041322314054,0.05767147514968271,0.07070955052531466,0.06726146447556075,0.05202881987429626,0.051014409937148134
node_close_vs_ema20 <= -0.02 AND node_body_ratio >= 0.5,2,29,0.2396694214876033,0.6206896551724138,-0.06526075805072673,0.0583156329559013,0.07008134615023602,0.06726146447556075,0.051993002939844116,0.050996501469922066
node_close_profit >= 0.052 AND node_ret_1h <= -0.03,2,13,0.10743801652892562,0.6923076923076923,0.006357279084551748,0.06779335458791168,0.06719744066574075,0.06726146447556075,0.0519116827243211,0.050955841362160546
node_ret_1h <= -0.03 AND node_close_position <= 0.2,2,17,0.14049586776859505,0.6470588235294118,-0.038891589693728745,0.0635859929239212,0.06786226270996337,0.06726146447556075,0.05190877586534431,0.050954387932672145
hours_to_5pct <= 18 AND node_ret_1h <= -0.03,2,16,0.1322314049586777,0.6875,0.0015495867768594573,0.06419340296678133,0.06772897861023192,0.06726146447556075,0.051876813615442156,0.05093840680772108
hours_to_5pct <= 20 AND node_ret_1h <= -0.03,2,16,0.1322314049586777,0.6875,0.0015495867768594573,0.06419340296678133,0.06772897861023192,0.06726146447556075,0.051876813615442156,0.05093840680772108
adverse_before_5pct <= 0.01 AND node_close_vs_ema20 <= -0.02,2,16,0.1322314049586777,0.6875,0.0015495867768594573,0.06394923592761723,0.06776618501619978,0.06726146447556075,0.051844527064808896,0.05092226353240444
adverse_before_5pct <= 0.0025 AND node_close_profit >= 0.048,2,13,0.10743801652892562,0.6923076923076923,0.006357279084551748,0.06701896600128537,0.06729065410672354,0.06726146447556075,0.05182848395055132,0.050914241975275665
adverse_before_5pct <= 0.0025 AND node_ret_1h <= -0.01,2,13,0.10743801652892562,0.6923076923076923,0.006357279084551748,0.06701598533835082,0.06729101289022493,0.06726146447556075,0.051828163714037694,0.05091408185701885
node_ret_1h <= -0.03 AND node_body_ratio >= 0.5,2,24,0.19834710743801653,0.625,-0.06095041322314054,0.05916560514509698,0.06926456369134562,0.06726146447556075,0.05181797126844899,0.050908985634224496
hours_to_5pct <= 16 AND node_close_profit >= 0.052,2,18,0.1487603305785124,0.6666666666666666,-0.019283746556473913,0.06196091979023967,0.06818777325551979,0.06726146447556075,0.05177931038201913,0.05088965519100956
adverse_before_5pct <= 0.005 AND node_close_position <= 0.2,2,12,0.09917355371900827,0.6666666666666666,-0.019283746556473913,0.06765976316172358,0.06721761507891899,0.06726146447556075,0.05175138147058416,0.050875690735292085
node_close_profit >= 0.052 AND node_close_vs_ema50 <= -0.03,2,17,0.14049586776859505,0.6470588235294118,-0.038891589693728745,0.06191380077529243,0.06813560181118154,0.06726146447556075,0.05167383977834687,0.05083691988917344
adverse_before_5pct <= 0.0075 AND node_close_vs_ema20 <= -0.02,2,13,0.10743801652892562,0.6923076923076923,0.006357279084551748,0.0654706044526716,0.06747703095979743,0.06726146447556075,0.051662131056898604,0.05083106552844931
node_close_vs_ema50 <= -0.03 AND node_close_position <= 0.2,2,19,0.15702479338842976,0.631578947368421,-0.054371465854719525,0.06011336475768749,0.06859297324653715,0.06726146447556075,0.051588049011537705,0.050794024505768864
adverse_before_5pct <= 0.005 AND node_close_profit >= 0.052,2,15,0.12396694214876033,0.6666666666666666,-0.019283746556473913,0.06252878977595172,0.06793118259342996,0.06726146447556075,0.051553155757349395,0.0507765778786747
hours_to_5pct <= 18 AND node_close_profit >= 0.052,2,20,0.1652892561983471,0.65,-0.03595041322314052,0.05936827413945408,0.06882447246290863,0.06726146447556075,0.05154847506437258,0.050774237532186295
hours_to_5pct <= 20 AND node_close_profit >= 0.052,2,20,0.1652892561983471,0.65,-0.03595041322314052,0.05936827413945408,0.06882447246290863,0.06726146447556075,0.05154847506437258,0.050774237532186295
node_close_vs_ema20 <= -0.02 AND node_close_position <= 0.4,2,26,0.21487603305785125,0.6153846153846154,-0.07056579783852512,0.057049865260032646,0.07005621794507372,0.06726146447556075,0.05151484708066817,0.050757423540334086
node_close_vs_ema20 <= -0.02 AND node_body_ratio >= 0.6,2,23,0.19008264462809918,0.6086956521739131,-0.07725476104922746,0.05778098073109341,0.06948647596660922,0.06726146447556075,0.05147902939516652,0.05073951469758326
node_close_vs_ema20 <= -0.02 AND node_close_position <= 0.3,2,23,0.19008264462809918,0.6086956521739131,-0.07725476104922746,0.05777899577588832,0.06948694182344306,0.06726146447556075,0.05147865208963167,0.05073932604481584
hours_to_5pct <= 14 AND node_ret_1h <= -0.03,2,15,0.12396694214876033,0.6666666666666666,-0.019283746556473913,0.061806348413428844,0.0680334148617115,0.06726146447556075,0.051463596910755645,0.05073179845537783
hours_to_5pct <= 16 AND node_ret_1h <= -0.03,2,15,0.12396694214876033,0.6666666666666666,-0.019283746556473913,0.061806348413428844,0.0680334148617115,0.06726146447556075,0.051463596910755645,0.05073179845537783
adverse_before_5pct <= 0.0025 AND node_close_position <= 0.5,2,12,0.09917355371900827,0.6666666666666666,-0.019283746556473913,0.06427188314234683,0.0675905926957311,0.06726146447556075,0.05141539336948894,0.05070769668474447
node_close_vs_ema20 <= -0.02 AND node_close_position <= 0.2,2,19,0.15702479338842976,0.5789473684210527,-0.10700304480208789,0.055375375761518346,0.06947553982425493,0.06726146447556075,0.050844067268337595,0.0504220336341688
adverse_before_5pct <= 0.01 AND node_close_vs_ema50 <= -0.03,2,13,0.10743801652892562,0.6153846153846154,-0.07056579783852512,0.0556290361649253,0.06866166417961873,0.06726146447556075,0.05060477248052917,0.050302386240264584
