variant,label,window,family,pair,stake_amount,max_stake_amount,amount,open_date,close_date,open_rate,close_rate,fee_open,fee_close,trade_duration,profit_ratio,profit_abs,exit_reason,initial_stop_loss_abs,initial_stop_loss_ratio,stop_loss_abs,stop_loss_ratio,min_rate,max_rate,is_open,enter_tag,leverage,is_short,open_timestamp,close_timestamp,orders,funding_fees,weekday
raw_be_profit_lock_3y,Raw + Breakeven + ProfitLock,3y,profit_lock,LINK/USDT:USDT,270.8394,270.8394,53.42,2023-06-19 11:00:00+00:00,2023-06-19 17:10:00+00:00,5.07,5.067,0.0005,0.0005,370,-0.00044310216594181347,-0.11994952,profit_lock_compression_breakdown,5.374,-0.06,5.193,-0.02127435284729895,4.97,5.126,False,short_compression_breakdown,1.0,True,1687172400000,1687194600000,"[{'amount': 53.42, 'safe_price': 5.07, 'ft_order_side': 'sell', 'order_filled_timestamp': 1687172400000, 'ft_is_entry': True, 'ft_order_tag': 'short_compression_breakdown', 'cost': 270.9748197}, {'amount': 53.42, 'safe_price': 5.067, 'ft_order_side': 'buy', 'order_filled_timestamp': 1687194600000, 'ft_is_entry': False, 'ft_order_tag': 'profit_lock_compression_breakdown', 'cost': 270.81447957}]",-0.0094502501424,0
raw_be_profit_lock_3y,Raw + Breakeven + ProfitLock,3y,profit_lock,NEAR/USDT:USDT,157.296,157.296,116.0,2023-07-05 11:00:00+00:00,2023-07-05 16:30:00+00:00,1.356,1.352,0.0005,0.0005,330,0.0019822418202285965,0.31164281,profit_lock_compression_breakdown,1.437,-0.06,1.418,-0.04634811041277764,1.331,1.371,False,short_compression_breakdown,1.0,True,1688554800000,1688574600000,"[{'amount': 116.0, 'safe_price': 1.356, 'ft_order_side': 'sell', 'order_filled_timestamp': 1688554800000, 'ft_is_entry': True, 'ft_order_tag': 'short_compression_breakdown', 'cost': 157.374648}, {'amount': 116.0, 'safe_price': 1.352, 'ft_order_side': 'buy', 'order_filled_timestamp': 1688574600000, 'ft_is_entry': False, 'ft_order_tag': 'profit_lock_compression_breakdown', 'cost': 156.91041600000003}]",0.0047068104764164,2
raw_be_profit_lock_3y,Raw + Breakeven + ProfitLock,3y,profit_lock,NEAR/USDT:USDT,185.471,185.471,143.0,2023-07-10 01:00:00+00:00,2023-07-10 19:50:00+00:00,1.297,1.347,0.0005,0.0005,1130,-0.039752869301460096,-7.36931792,stop_loss,1.374,-0.06,1.347,-0.03896759800848448,1.284,1.351,False,short_compression_breakdown,1.0,True,1688950800000,1689018600000,"[{'amount': 143.0, 'safe_price': 1.297, 'ft_order_side': 'sell', 'order_filled_timestamp': 1688950800000, 'ft_is_entry': True, 'ft_order_tag': 'short_compression_breakdown', 'cost': 185.5637355}, {'amount': 143.0, 'safe_price': 1.347, 'ft_order_side': 'buy', 'order_filled_timestamp': 1689018600000, 'ft_is_entry': False, 'ft_order_tag': 'stop_loss', 'cost': 192.7173105}]",-0.030271916580334,0
raw_be_profit_lock_3y,Raw + Breakeven + ProfitLock,3y,profit_lock,TRX/USDT:USDT,343.99552,343.99552,4103.0,2023-07-23 00:00:00+00:00,2023-07-24 03:40:00+00:00,0.08384,0.08217,0.0005,0.0005,1660,-0.021050315547361084,-7.24483485,stop_loss,0.07881,-0.06,0.08217,-0.020000002595759514,0.08215,0.0852,False,long_1d_center_compression,1.0,False,1690070400000,1690170000000,"[{'amount': 4103.0, 'safe_price': 0.08384, 'ft_order_side': 'buy', 'order_filled_timestamp': 1690070400000, 'ft_is_entry': True, 'ft_order_tag': 'long_1d_center_compression', 'cost': 344.16751775999995}, {'amount': 4103.0, 'safe_price': 0.08217, 'ft_order_side': 'sell', 'order_filled_timestamp': 1690170000000, 'ft_is_entry': False, 'ft_order_tag': 'stop_loss', 'cost': 337.312081755}]",-0.052255330390284994,0
raw_be_profit_lock_3y,Raw + Breakeven + ProfitLock,3y,profit_lock,NEAR/USDT:USDT,264.03,264.03,195.0,2023-07-27 19:00:00+00:00,2023-07-28 03:35:00+00:00,1.354,1.39,0.0005,0.0005,515,-0.027591380964883075,-7.28130984,stop_loss,1.435,-0.06,1.39,-0.02687445489835527,1.352,1.39,False,short_pullback_restart,1.0,True,1690484400000,1690515300000,"[{'amount': 195.0, 'safe_price': 1.354, 'ft_order_side': 'sell', 'order_filled_timestamp': 1690484400000, 'ft_is_entry': True, 'ft_order_tag': 'short_pullback_restart', 'cost': 264.162015}, {'amount': 195.0, 'safe_price': 1.39, 'ft_order_side': 'buy', 'order_filled_timestamp': 1690515300000, 'ft_is_entry': False, 'ft_order_tag': 'stop_loss', 'cost': 271.1855249999999}]",0.006230159379229501,4
raw_be_profit_lock_3y,Raw + Breakeven + ProfitLock,3y,profit_lock,SUI/USDT:USDT,250.08944,250.08944,405.2,2023-07-30 20:00:00+00:00,2023-07-30 20:00:00+00:00,0.6172,0.6172,0.0005,0.0005,0,-0.0010005002501250625,-0.25008944,profit_lock_pullback_restart,0.6542,-0.06,0.6165,-0.04487849517031006,0.5901,0.6177,False,short_pullback_restart,1.0,True,1690747200000,1690747200000,"[{'amount': 405.2, 'safe_price': 0.6172, 'ft_order_side': 'sell', 'order_filled_timestamp': 1690747200000, 'ft_is_entry': True, 'ft_order_tag': 'short_pullback_restart', 'cost': 250.21448471999994}, {'amount': 405.2, 'safe_price': 0.6172, 'ft_order_side': 'buy', 'order_filled_timestamp': 1690747200000, 'ft_is_entry': False, 'ft_order_tag': 'profit_lock_pullback_restart', 'cost': 250.21448471999994}]",0.0,6
raw_be_profit_lock_3y,Raw + Breakeven + ProfitLock,3y,profit_lock,ZEC/USDT:USDT,338.97136,338.97136,11.284,2023-07-30 07:00:00+00:00,2023-07-30 20:45:00+00:00,30.04,29.52,0.0005,0.0005,825,0.016527696256813315,5.59961447,profit_lock_pullback_restart,31.84,-0.06,30.0,-0.02388126919140232,28.61,30.28,False,short_pullback_restart,1.0,True,1690700400000,1690749900000,"[{'amount': 11.284, 'safe_price': 30.04, 'ft_order_side': 'sell', 'order_filled_timestamp': 1690700400000, 'ft_is_entry': True, 'ft_order_tag': 'short_pullback_restart', 'cost': 339.14084568}, {'amount': 11.284, 'safe_price': 29.52, 'ft_order_side': 'buy', 'order_filled_timestamp': 1690749900000, 'ft_is_entry': False, 'ft_order_tag': 'profit_lock_pullback_restart', 'cost': 333.27023183999995}]",0.06797198529576001,6
raw_be_profit_lock_3y,Raw + Breakeven + ProfitLock,3y,profit_lock,NEAR/USDT:USDT,219.121,219.121,161.0,2023-07-31 20:00:00+00:00,2023-08-01 02:10:00+00:00,1.361,1.346,0.0005,0.0005,370,0.010132472555160756,2.2191274,profit_lock_compression_breakdown,1.442,-0.06,1.359,-0.032375854214123034,1.317,1.382,False,short_compression_breakdown,1.0,True,1690833600000,1690855800000,"[{'amount': 161.0, 'safe_price': 1.361, 'ft_order_side': 'sell', 'order_filled_timestamp': 1690833600000, 'ft_is_entry': True, 'ft_order_tag': 'short_compression_breakdown', 'cost': 219.2305605}, {'amount': 161.0, 'safe_price': 1.346, 'ft_order_side': 'buy', 'order_filled_timestamp': 1690855800000, 'ft_is_entry': False, 'ft_order_tag': 'profit_lock_compression_breakdown', 'cost': 216.814353}]",0.0220409,1
raw_be_profit_lock_3y,Raw + Breakeven + ProfitLock,3y,profit_lock,ZEC/USDT:USDT,330.61314,330.61314,11.253,2023-08-04 09:00:00+00:00,2023-08-06 00:15:00+00:00,29.38,29.29,0.0005,0.0005,2355,0.002479639770958204,0.81939159,profit_lock_pullback_restart,31.14,-0.06,29.35,-0.020536161335187764,28.64,29.66,False,short_pullback_restart,1.0,True,1691139600000,1691280900000,"[{'amount': 11.253, 'safe_price': 29.38, 'ft_order_side': 'sell', 'order_filled_timestamp': 1691139600000, 'ft_is_entry': True, 'ft_order_tag': 'short_pullback_restart', 'cost': 330.77844656999997}, {'amount': 11.253, 'safe_price': 29.29, 'ft_order_side': 'buy', 'order_filled_timestamp': 1691280900000, 'ft_is_entry': False, 'ft_order_tag': 'profit_lock_pullback_restart', 'cost': 329.765170185}]",0.13672834883981774,6
raw_be_profit_lock_3y,Raw + Breakeven + ProfitLock,3y,profit_lock,ETH/USDT:USDT,340.57575,340.57575,0.185,2023-08-02 15:00:00+00:00,2023-08-07 01:30:00+00:00,1840.95,1842.0,0.0005,0.0005,6390,-0.00034646297760255134,-0.11793789,stale_loss_72h,1951.4,-0.06,1868.78,-0.01548657815989607,1808.77,1858.9,False,short_pullback_restart,1.0,True,1690988400000,1691371800000,"[{'amount': 0.185, 'safe_price': 1840.95, 'ft_order_side': 'sell', 'order_filled_timestamp': 1690988400000, 'ft_is_entry': True, 'ft_order_tag': 'short_pullback_restart', 'cost': 340.746037875}, {'amount': 0.185, 'safe_price': 1842.0, 'ft_order_side': 'buy', 'order_filled_timestamp': 1691371800000, 'ft_is_entry': False, 'ft_order_tag': 'stale_loss_72h', 'cost': 340.94038499999994}]",0.41698498762284164,0
raw_be_profit_lock_3y,Raw + Breakeven + ProfitLock,3y,profit_lock,ADA/USDT:USDT,341.8149,341.8149,1171.0,2023-08-06 14:00:00+00:00,2023-08-07 02:50:00+00:00,0.2919,0.2959,0.0005,0.0005,770,-0.014517619739132742,-4.95985757,stop_loss,0.3094,-0.06,0.2959,-0.014015187789169437,0.2903,0.2961,False,short_pullback_restart,1.0,True,1691330400000,1691376600000,"[{'amount': 1171.0, 'safe_price': 0.2919, 'ft_order_side': 'sell', 'order_filled_timestamp': 1691330400000, 'ft_is_entry': True, 'ft_order_tag': 'short_pullback_restart', 'cost': 341.9858074499999}, {'amount': 1171.0, 'safe_price': 0.2959, 'ft_order_side': 'buy', 'order_filled_timestamp': 1691376600000, 'ft_is_entry': False, 'ft_order_tag': 'stop_loss', 'cost': 346.67214944999995}]",0.068299330295,0
raw_be_profit_lock_3y,Raw + Breakeven + ProfitLock,3y,profit_lock,NEAR/USDT:USDT,294.336,294.336,219.0,2023-08-06 14:00:00+00:00,2023-08-08 00:10:00+00:00,1.344,1.342,0.0005,0.0005,2050,0.0008570832831614765,0.25214433,trailing_stop_loss,1.424,-0.06,1.342,-0.02025531914893608,1.3,1.363,False,short_pullback_restart,1.0,True,1691330400000,1691453400000,"[{'amount': 219.0, 'safe_price': 1.344, 'ft_order_side': 'sell', 'order_filled_timestamp': 1691330400000, 'ft_is_entry': True, 'ft_order_tag': 'short_pullback_restart', 'cost': 294.483168}, {'amount': 219.0, 'safe_price': 1.342, 'ft_order_side': 'buy', 'order_filled_timestamp': 1691453400000, 'ft_is_entry': False, 'ft_order_tag': 'trailing_stop_loss', 'cost': 294.04494900000003}]",0.10826132657480941,1
raw_be_profit_lock_3y,Raw + Breakeven + ProfitLock,3y,profit_lock,ADA/USDT:USDT,340.2135,340.2135,1185.0,2023-08-15 19:00:00+00:00,2023-08-15 19:05:00+00:00,0.2871,0.2864,0.0005,0.0005,5,0.0014401139963921353,0.48970125,profit_giveback_guard,0.3043,-0.06,0.2868,-0.05136693548387106,0.2728,0.2871,False,short_pullback_restart,1.0,True,1692126000000,1692126300000,"[{'amount': 1185.0, 'safe_price': 0.2871, 'ft_order_side': 'sell', 'order_filled_timestamp': 1692126000000, 'ft_is_entry': True, 'ft_order_tag': 'short_pullback_restart', 'cost': 340.38360675}, {'amount': 1185.0, 'safe_price': 0.2864, 'ft_order_side': 'buy', 'order_filled_timestamp': 1692126300000, 'ft_is_entry': False, 'ft_order_tag': 'profit_giveback_guard', 'cost': 339.55369199999996}]",0.0,1
raw_be_profit_lock_3y,Raw + Breakeven + ProfitLock,3y,profit_lock,ZEC/USDT:USDT,320.5068,320.5068,12.004,2023-08-17 15:00:00+00:00,2023-08-17 16:30:00+00:00,26.7,26.67,0.0005,0.0005,90,0.00022277056131061784,0.07136378,trailing_stop_loss,28.3,-0.06,26.67,-0.020401683244070323,26.12,26.86,False,short_pullback_restart,1.0,True,1692284400000,1692289800000,"[{'amount': 12.004, 'safe_price': 26.7, 'ft_order_side': 'sell', 'order_filled_timestamp': 1692284400000, 'ft_is_entry': True, 'ft_order_tag': 'short_pullback_restart', 'cost': 320.6670534}, {'amount': 12.004, 'safe_price': 26.67, 'ft_order_side': 'buy', 'order_filled_timestamp': 1692289800000, 'ft_is_entry': False, 'ft_order_tag': 'trailing_stop_loss', 'cost': 320.30675334}]",0.031570520000000005,3
raw_be_profit_lock_3y,Raw + Breakeven + ProfitLock,3y,profit_lock,BTC/USDT:USDT,312.3274,312.3274,0.011,2023-08-17 14:00:00+00:00,2023-08-17 21:40:00+00:00,28393.4,27566.1,0.0005,0.0005,460,0.028264089076806467,8.82323563,profit_giveback_guard,30097.0,-0.06,28365.0,-0.023748749413505577,24581.0,28500.0,False,short_compression_breakdown,1.0,True,1692280800000,1692308400000,"[{'amount': 0.011, 'safe_price': 28393.4, 'ft_order_side': 'sell', 'order_filled_timestamp': 1692280800000, 'ft_is_entry': True, 'ft_order_tag': 'short_compression_breakdown', 'cost': 312.4835637}, {'amount': 0.011, 'safe_price': 27566.1, 'ft_order_side': 'buy', 'order_filled_timestamp': 1692308400000, 'ft_is_entry': False, 'ft_order_tag': 'profit_giveback_guard', 'cost': 303.37871354999993}]",0.030712879999999998,3
raw_be_profit_lock_3y,Raw + Breakeven + ProfitLock,3y,profit_lock,ETH/USDT:USDT,339.68968,339.68968,0.191,2023-08-17 15:00:00+00:00,2023-08-17 21:40:00+00:00,1778.48,1704.5,0.0005,0.0005,400,0.0407083219850371,13.82128277,profit_giveback_guard,1885.18,-0.06,1776.7,-0.024336560026290144,1492.66,1779.46,False,short_pullback_restart,1.0,True,1692284400000,1692308400000,"[{'amount': 0.191, 'safe_price': 1778.48, 'ft_order_side': 'sell', 'order_filled_timestamp': 1692284400000, 'ft_is_entry': True, 'ft_order_tag': 'short_pullback_restart', 'cost': 339.85952484}, {'amount': 0.191, 'safe_price': 1704.5, 'ft_order_side': 'buy', 'order_filled_timestamp': 1692308400000, 'ft_is_entry': False, 'ft_order_tag': 'profit_giveback_guard', 'cost': 325.72227975}]",0.023727362858271206,3
raw_be_profit_lock_3y,Raw + Breakeven + ProfitLock,3y,profit_lock,XRP/USDT:USDT,224.3949,224.3949,391.0,2023-08-17 16:30:00+00:00,2023-08-17 21:40:00+00:00,0.5739,0.5492,0.0005,0.0005,310,0.04208141708073064,9.43813395,profit_giveback_guard,0.6083,-0.06,0.5733,-0.02306584582441107,0.4082,0.5796,False,short_pullback_restart,1.0,True,1692289800000,1692308400000,"[{'amount': 391.0, 'safe_price': 0.5739, 'ft_order_side': 'sell', 'order_filled_timestamp': 1692289800000, 'ft_is_entry': True, 'ft_order_tag': 'short_pullback_restart', 'cost': 224.50709744999997}, {'amount': 391.0, 'safe_price': 0.5492, 'ft_order_side': 'buy', 'order_filled_timestamp': 1692308400000, 'ft_is_entry': False, 'ft_order_tag': 'profit_giveback_guard', 'cost': 214.8445686}]",0.0,3
raw_be_profit_lock_3y,Raw + Breakeven + ProfitLock,3y,profit_lock,BNB/USDT:USDT,94.3194,94.3194,0.42,2023-08-17 16:30:00+00:00,2023-08-17 21:40:00+00:00,224.57,221.75,0.0005,0.0005,310,0.011569395153113806,1.0906728,profit_giveback_guard,238.04,-0.06,224.34,-0.09741931223401656,204.43,226.66,False,short_pullback_restart,1.0,True,1692289800000,1692308400000,"[{'amount': 0.42, 'safe_price': 224.57, 'ft_order_side': 'sell', 'order_filled_timestamp': 1692289800000, 'ft_is_entry': True, 'ft_order_tag': 'short_pullback_restart', 'cost': 94.36655969999998}, {'amount': 0.42, 'safe_price': 221.75, 'ft_order_side': 'buy', 'order_filled_timestamp': 1692308400000, 'ft_is_entry': False, 'ft_order_tag': 'profit_giveback_guard', 'cost': 93.18156749999999}]",0.0,3
raw_be_profit_lock_3y,Raw + Breakeven + ProfitLock,3y,profit_lock,LINK/USDT:USDT,351.8996,351.8996,57.35,2023-08-21 11:00:00+00:00,2023-08-21 15:25:00+00:00,6.136,6.121,0.0005,0.0005,265,0.0014465348853018357,0.50878053,profit_lock_pullback_restart,6.504,-0.06,6.129,-0.021643999999999997,6.0,6.233,False,short_pullback_restart,1.0,True,1692615600000,1692631500000,"[{'amount': 57.35, 'safe_price': 6.136, 'ft_order_side': 'sell', 'order_filled_timestamp': 1692615600000, 'ft_is_entry': True, 'ft_order_tag': 'short_pullback_restart', 'cost': 352.0755498}, {'amount': 57.35, 'safe_price': 6.121, 'ft_order_side': 'buy', 'order_filled_timestamp': 1692631500000, 'ft_is_entry': False, 'ft_order_tag': 'profit_lock_pullback_restart', 'cost': 351.214869675}]",0.0,0
raw_be_profit_lock_3y,Raw + Breakeven + ProfitLock,3y,profit_lock,NEAR/USDT:USDT,227.6,227.6,200.0,2023-08-21 11:00:00+00:00,2023-08-21 15:25:00+00:00,1.138,1.136,0.0005,0.0005,265,0.0007587273425816599,0.1726,trailing_stop_loss,1.206,-0.06,1.136,-0.027904159132007056,1.106,1.154,False,short_pullback_restart,1.0,True,1692615600000,1692631500000,"[{'amount': 200.0, 'safe_price': 1.138, 'ft_order_side': 'sell', 'order_filled_timestamp': 1692615600000, 'ft_is_entry': True, 'ft_order_tag': 'short_pullback_restart', 'cost': 227.71379999999996}, {'amount': 200.0, 'safe_price': 1.136, 'ft_order_side': 'buy', 'order_filled_timestamp': 1692631500000, 'ft_is_entry': False, 'ft_order_tag': 'trailing_stop_loss', 'cost': 227.31359999999998}]",0.0,0
raw_be_profit_lock_3y,Raw + Breakeven + ProfitLock,3y,profit_lock,XRP/USDT:USDT,352.08922,352.08922,686.2,2023-08-22 14:00:00+00:00,2023-08-22 18:35:00+00:00,0.5131,0.5117,0.0005,0.0005,275,0.0017017727152054156,0.59887624,profit_lock_pullback_restart,0.5438,-0.06,0.5237,-0.020705088888825163,0.5028,0.5171,False,short_pullback_restart,1.0,True,1692712800000,1692729300000,"[{'amount': 686.2, 'safe_price': 0.5131, 'ft_order_side': 'sell', 'order_filled_timestamp': 1692712800000, 'ft_is_entry': True, 'ft_order_tag': 'short_pullback_restart', 'cost': 352.26526461}, {'amount': 686.2, 'safe_price': 0.5117, 'ft_order_side': 'buy', 'order_filled_timestamp': 1692729300000, 'ft_is_entry': False, 'ft_order_tag': 'profit_lock_pullback_restart', 'cost': 351.30410427000004}]",-0.0101948763616392,1
raw_be_profit_lock_3y,Raw + Breakeven + ProfitLock,3y,profit_lock,NEAR/USDT:USDT,230.109,230.109,209.0,2023-08-22 18:00:00+00:00,2023-08-22 20:45:00+00:00,1.101,1.137,0.0005,0.0005,165,-0.03373076183868501,-7.757871,stop_loss,1.167,-0.06,1.137,-0.03274851252445843,1.092,1.14,False,short_pullback_restart,1.0,True,1692727200000,1692737100000,"[{'amount': 209.0, 'safe_price': 1.101, 'ft_order_side': 'sell', 'order_filled_timestamp': 1692727200000, 'ft_is_entry': True, 'ft_order_tag': 'short_pullback_restart', 'cost': 230.2240545}, {'amount': 209.0, 'safe_price': 1.137, 'ft_order_side': 'buy', 'order_filled_timestamp': 1692737100000, 'ft_is_entry': False, 'ft_order_tag': 'stop_loss', 'cost': 237.7518165}]",0.0,1
raw_be_profit_lock_3y,Raw + Breakeven + ProfitLock,3y,profit_lock,ZEC/USDT:USDT,222.46632,222.46632,9.036,2023-08-24 15:00:00+00:00,2023-08-24 22:50:00+00:00,24.62,24.52,0.0005,0.0005,470,0.0029240814736469375,0.65018439,profit_lock_pullback_restart,26.09,-0.06,24.59,-0.024380674718867068,24.01,24.73,False,short_pullback_restart,1.0,True,1692889200000,1692917400000,"[{'amount': 9.036, 'safe_price': 24.62, 'ft_order_side': 'sell', 'order_filled_timestamp': 1692889200000, 'ft_is_entry': True, 'ft_order_tag': 'short_pullback_restart', 'cost': 222.57755315999998}, {'amount': 9.036, 'safe_price': 24.52, 'ft_order_side': 'buy', 'order_filled_timestamp': 1692917400000, 'ft_is_entry': False, 'ft_order_tag': 'profit_lock_pullback_restart', 'cost': 221.67350135999996}]",-0.0314010885384,3
raw_be_profit_lock_3y,Raw + Breakeven + ProfitLock,3y,profit_lock,ADA/USDT:USDT,222.9992,222.9992,863.0,2023-08-26 09:00:00+00:00,2023-08-26 21:50:00+00:00,0.2584,0.2615,0.0005,0.0005,770,-0.013108860357733764,-2.92180374,stop_loss,0.2739,-0.06,0.2615,-0.01219574364346232,0.258,0.2616,False,short_pullback_restart,1.0,True,1693040400000,1693086600000,"[{'amount': 863.0, 'safe_price': 0.2584, 'ft_order_side': 'sell', 'order_filled_timestamp': 1693040400000, 'ft_is_entry': True, 'ft_order_tag': 'short_pullback_restart', 'cost': 223.1106996}, {'amount': 863.0, 'safe_price': 0.2615, 'ft_order_side': 'buy', 'order_filled_timestamp': 1693086600000, 'ft_is_entry': False, 'ft_order_tag': 'stop_loss', 'cost': 225.78733724999998}]",-0.022166893728000004,5
raw_be_profit_lock_3y,Raw + Breakeven + ProfitLock,3y,profit_lock,SOL/USDT:USDT,196.38675,196.38675,9.25,2023-08-24 15:00:00+00:00,2023-08-27 10:50:00+00:00,21.231,20.701,0.0005,0.0005,4070,0.022835343624046576,4.48231664,profit_giveback_guard,22.504,-0.06,21.209,-0.026212937874975806,20.077,21.332,False,short_pullback_restart,1.0,True,1692889200000,1693133400000,"[{'amount': 9.25, 'safe_price': 21.231, 'ft_order_side': 'sell', 'order_filled_timestamp': 1692889200000, 'ft_is_entry': True, 'ft_order_tag': 'short_pullback_restart', 'cost': 196.484943375}, {'amount': 9.25, 'safe_price': 20.701, 'ft_order_side': 'buy', 'order_filled_timestamp': 1693133400000, 'ft_is_entry': False, 'ft_order_tag': 'profit_giveback_guard', 'cost': 191.579992125}]",-0.22624785933783867,6
raw_be_profit_lock_3y,Raw + Breakeven + ProfitLock,3y,profit_lock,ETH/USDT:USDT,348.75484,348.75484,0.212,2023-08-24 15:00:00+00:00,2023-08-27 15:05:00+00:00,1645.07,1658.32,0.0005,0.0005,4325,-0.009128082326959885,-3.18187116,stale_loss_72h,1743.77,-0.06,1680.21,-0.021364034376196717,1631.66,1676.73,False,short_pullback_restart,1.0,True,1692889200000,1693148700000,"[{'amount': 0.212, 'safe_price': 1645.07, 'ft_order_side': 'sell', 'order_filled_timestamp': 1692889200000, 'ft_is_entry': True, 'ft_order_tag': 'short_pullback_restart', 'cost': 348.92921742}, {'amount': 0.212, 'safe_price': 1658.32, 'ft_order_side': 'buy', 'order_filled_timestamp': 1693148700000, 'ft_is_entry': False, 'ft_order_tag': 'stale_loss_72h', 'cost': 351.73962191999993}]",-0.022711819646886178,6
raw_be_profit_lock_3y,Raw + Breakeven + ProfitLock,3y,profit_lock,DOGE/USDT:USDT,231.35522,231.35522,3694.0,2023-08-24 15:00:00+00:00,2023-08-27 15:05:00+00:00,0.06263,0.06345,0.0005,0.0005,4325,-0.013791272189171712,-3.18908747,stale_loss_72h,0.06638,-0.06,0.06408,-0.023232618041375774,0.0616,0.06376,False,short_pullback_restart,1.0,True,1692889200000,1693148700000,"[{'amount': 3694.0, 'safe_price': 0.06263, 'ft_order_side': 'sell', 'order_filled_timestamp': 1692889200000, 'ft_is_entry': True, 'ft_order_tag': 'short_pullback_restart', 'cost': 231.47089761}, {'amount': 3694.0, 'safe_price': 0.06345, 'ft_order_side': 'buy', 'order_filled_timestamp': 1693148700000, 'ft_is_entry': False, 'ft_order_tag': 'stale_loss_72h', 'cost': 234.50149215000002}]",0.0728622923616494,6
raw_be_profit_lock_3y,Raw + Breakeven + ProfitLock,3y,profit_lock,NEAR/USDT:USDT,52.118,52.118,46.0,2023-09-01 15:00:00+00:00,2023-09-01 18:50:00+00:00,1.133,1.13,0.0005,0.0005,230,0.001549112750473245,0.08069629,profit_lock_compression_breakdown,1.2,-0.06,1.163,-0.02728852527076331,1.112,1.144,False,short_compression_breakdown,1.0,True,1693580400000,1693594200000,"[{'amount': 46.0, 'safe_price': 1.133, 'ft_order_side': 'sell', 'order_filled_timestamp': 1693580400000, 'ft_is_entry': True, 'ft_order_tag': 'short_compression_breakdown', 'cost': 52.144059}, {'amount': 46.0, 'safe_price': 1.13, 'ft_order_side': 'buy', 'order_filled_timestamp': 1693594200000, 'ft_is_entry': False, 'ft_order_tag': 'profit_lock_compression_breakdown', 'cost': 52.00599}]",-0.0052547127947964,4
raw_be_profit_lock_3y,Raw + Breakeven + ProfitLock,3y,profit_lock,SOL/USDT:USDT,246.43728,246.43728,12.72,2023-09-01 15:00:00+00:00,2023-09-01 18:55:00+00:00,19.374,19.313,0.0005,0.0005,235,0.00220326824625259,0.54269595,profit_lock_compression_breakdown,20.536,-0.06,19.96,-0.030265183545763685,19.009,19.628,False,short_compression_breakdown,1.0,True,1693580400000,1693594500000,"[{'amount': 12.72, 'safe_price': 19.374, 'ft_order_side': 'sell', 'order_filled_timestamp': 1693580400000, 'ft_is_entry': True, 'ft_order_tag': 'short_compression_breakdown', 'cost': 246.56049863999996}, {'amount': 12.72, 'safe_price': 19.313, 'ft_order_side': 'buy', 'order_filled_timestamp': 1693594500000, 'ft_is_entry': False, 'ft_order_tag': 'profit_lock_compression_breakdown', 'cost': 245.78419068}]",0.012825270073824,4
raw_be_profit_lock_3y,Raw + Breakeven + ProfitLock,3y,profit_lock,ETH/USDT:USDT,347.14953,347.14953,0.213,2023-09-01 15:00:00+00:00,2023-09-01 20:20:00+00:00,1629.81,1623.48,0.0005,0.0005,320,0.002911917857004527,1.01036548,profit_lock_compression_breakdown,1727.59,-0.06,1653.96,-0.014823271553701112,1601.22,1641.94,False,short_compression_breakdown,1.0,True,1693580400000,1693599600000,"[{'amount': 0.213, 'safe_price': 1629.81, 'ft_order_side': 'sell', 'order_filled_timestamp': 1693580400000, 'ft_is_entry': True, 'ft_order_tag': 'short_compression_breakdown', 'cost': 347.3231047649999}, {'amount': 0.213, 'safe_price': 1623.48, 'ft_order_side': 'buy', 'order_filled_timestamp': 1693599600000, 'ft_is_entry': False, 'ft_order_tag': 'profit_lock_compression_breakdown', 'cost': 345.97414062}]",0.008550861334032572,4
raw_be_profit_lock_3y,Raw + Breakeven + ProfitLock,3y,profit_lock,XRP/USDT:USDT,348.20298,348.20298,694.6,2023-09-01 15:00:00+00:00,2023-09-01 20:20:00+00:00,0.5013,0.4958,0.0005,0.0005,320,0.010006763274674438,3.4826426,profit_lock_compression_breakdown,0.5313,-0.06,0.5007,-0.02496663937781407,0.4863,0.5041,False,short_compression_breakdown,1.0,True,1693580400000,1693599600000,"[{'amount': 694.6, 'safe_price': 0.5013, 'ft_order_side': 'sell', 'order_filled_timestamp': 1693580400000, 'ft_is_entry': True, 'ft_order_tag': 'short_compression_breakdown', 'cost': 348.37708148999997}, {'amount': 694.6, 'safe_price': 0.4958, 'ft_order_side': 'buy', 'order_filled_timestamp': 1693599600000, 'ft_is_entry': False, 'ft_order_tag': 'profit_lock_compression_breakdown', 'cost': 344.55487134000003}]",0.008635433904,4
raw_be_profit_lock_3y,Raw + Breakeven + ProfitLock,3y,profit_lock,LINK/USDT:USDT,53.19,53.19,9.0,2023-09-01 18:50:00+00:00,2023-09-03 04:10:00+00:00,5.91,6.04,0.0005,0.0005,2000,-0.023101527451072783,-1.22815586,stop_loss,6.264,-0.06,6.04,-0.022039613546251946,5.862,6.04,False,short_pullback_restart,1.0,True,1693594200000,1693714200000,"[{'amount': 9.0, 'safe_price': 5.91, 'ft_order_side': 'sell', 'order_filled_timestamp': 1693594200000, 'ft_is_entry': True, 'ft_order_tag': 'short_pullback_restart', 'cost': 53.216595}, {'amount': 9.0, 'safe_price': 6.04, 'ft_order_side': 'buy', 'order_filled_timestamp': 1693714200000, 'ft_is_entry': False, 'ft_order_tag': 'stop_loss', 'cost': 54.387179999999994}]",-0.0043808565101688,6
raw_be_profit_lock_3y,Raw + Breakeven + ProfitLock,3y,profit_lock,DOGE/USDT:USDT,349.52151,349.52151,5613.0,2023-09-04 22:00:00+00:00,2023-09-05 02:45:00+00:00,0.06227,0.06352,0.0005,0.0005,285,-0.02105257855095173,-7.35464988,stop_loss,0.066,-0.06,0.06352,-0.020177478523799586,0.06218,0.06354,False,short_pullback_restart,1.0,True,1693864800000,1693881900000,"[{'amount': 5613.0, 'safe_price': 0.06227, 'ft_order_side': 'sell', 'order_filled_timestamp': 1693864800000, 'ft_is_entry': True, 'ft_order_tag': 'short_pullback_restart', 'cost': 349.69627075499994}, {'amount': 5613.0, 'safe_price': 0.06352, 'ft_order_side': 'buy', 'order_filled_timestamp': 1693881900000, 'ft_is_entry': False, 'ft_order_tag': 'stop_loss', 'cost': 356.7160288799999}]",0.014629754493597602,1
raw_be_profit_lock_3y,Raw + Breakeven + ProfitLock,3y,profit_lock,BTC/USDT:USDT,333.6333,333.6333,0.013,2023-09-04 22:00:00+00:00,2023-09-06 17:55:00+00:00,25664.1,25981.6,0.0005,0.0005,2635,-0.013319072265917425,-4.44146419,trailing_stop_loss,27203.9,-0.06,25981.6,-0.00869225474904689,25326.0,26052.0,False,short_pullback_restart,1.0,True,1693864800000,1694022900000,"[{'amount': 0.013, 'safe_price': 25664.1, 'ft_order_side': 'sell', 'order_filled_timestamp': 1693864800000, 'ft_is_entry': True, 'ft_order_tag': 'short_pullback_restart', 'cost': 333.80011664999995}, {'amount': 0.013, 'safe_price': 25981.6, 'ft_order_side': 'buy', 'order_filled_timestamp': 1694022900000, 'ft_is_entry': False, 'ft_order_tag': 'trailing_stop_loss', 'cost': 337.92968039999994}]",0.021732855232675177,2
raw_be_profit_lock_3y,Raw + Breakeven + ProfitLock,3y,profit_lock,XRP/USDT:USDT,346.99546,346.99546,695.8,2023-09-06 15:00:00+00:00,2023-09-07 21:05:00+00:00,0.4987,0.5056,0.0005,0.0005,1805,-0.014516404806223232,-5.034608,stop_loss,0.5286,-0.06,0.5056,-0.013839988257188462,0.4907,0.506,False,short_pullback_restart,1.0,True,1694012400000,1694120700000,"[{'amount': 695.8, 'safe_price': 0.4987, 'ft_order_side': 'sell', 'order_filled_timestamp': 1694012400000, 'ft_is_entry': True, 'ft_order_tag': 'short_pullback_restart', 'cost': 347.16895773}, {'amount': 695.8, 'safe_price': 0.5056, 'ft_order_side': 'buy', 'order_filled_timestamp': 1694120700000, 'ft_is_entry': False, 'ft_order_tag': 'stop_loss', 'cost': 351.97237824}]",0.11580797080482727,3
raw_be_profit_lock_3y,Raw + Breakeven + ProfitLock,3y,profit_lock,SUI/USDT:USDT,153.17742,153.17742,349.8,2023-09-11 09:00:00+00:00,2023-09-11 10:00:00+00:00,0.4379,0.4344,0.0005,0.0005,60,0.007000188836139924,1.07173473,profit_lock_compression_breakdown,0.4641,-0.06,0.4374,-0.04132849321590104,0.4201,0.4399,False,short_compression_breakdown,1.0,True,1694422800000,1694426400000,"[{'amount': 349.8, 'safe_price': 0.4379, 'ft_order_side': 'sell', 'order_filled_timestamp': 1694422800000, 'ft_is_entry': True, 'ft_order_tag': 'short_compression_breakdown', 'cost': 153.25400871}, {'amount': 349.8, 'safe_price': 0.4344, 'ft_order_side': 'buy', 'order_filled_timestamp': 1694426400000, 'ft_is_entry': False, 'ft_order_tag': 'profit_lock_compression_breakdown', 'cost': 152.02909656}]",0.0,0
raw_be_profit_lock_3y,Raw + Breakeven + ProfitLock,3y,profit_lock,SUI/USDT:USDT,249.77304,249.77304,568.7,2023-09-17 17:00:00+00:00,2023-09-17 20:00:00+00:00,0.4392,0.4387,0.0005,0.0005,180,0.0001390722483464371,0.03471913,profit_lock_compression_breakdown,0.4655,-0.06,0.4387,-0.03897892493488042,0.4223,0.4413,False,short_compression_breakdown,1.0,True,1694970000000,1694980800000,"[{'amount': 568.7, 'safe_price': 0.4392, 'ft_order_side': 'sell', 'order_filled_timestamp': 1694970000000, 'ft_is_entry': True, 'ft_order_tag': 'short_compression_breakdown', 'cost': 249.89792652}, {'amount': 568.7, 'safe_price': 0.4387, 'ft_order_side': 'buy', 'order_filled_timestamp': 1694980800000, 'ft_is_entry': False, 'ft_order_tag': 'profit_lock_compression_breakdown', 'cost': 249.613434345}]",0.0,6
raw_be_profit_lock_3y,Raw + Breakeven + ProfitLock,3y,profit_lock,ADA/USDT:USDT,344.0115,344.0115,1407.0,2023-09-26 16:00:00+00:00,2023-09-27 11:10:00+00:00,0.2445,0.2469,0.0005,0.0005,1150,-0.010547163402244914,-3.62653133,trailing_stop_loss,0.2591,-0.06,0.2469,-0.007444405740545612,0.2428,0.2469,False,short_pullback_restart,1.0,True,1695744000000,1695813000000,"[{'amount': 1407.0, 'safe_price': 0.2445, 'ft_order_side': 'sell', 'order_filled_timestamp': 1695744000000, 'ft_is_entry': True, 'ft_order_tag': 'short_pullback_restart', 'cost': 344.18350575}, {'amount': 1407.0, 'safe_price': 0.2469, 'ft_order_side': 'buy', 'order_filled_timestamp': 1695813000000, 'ft_is_entry': False, 'ft_order_tag': 'trailing_stop_loss', 'cost': 347.56199415}]",0.09596857146181201,2
raw_be_profit_lock_3y,Raw + Breakeven + ProfitLock,3y,profit_lock,TRX/USDT:USDT,342.81602,342.81602,3851.0,2023-09-30 00:00:00+00:00,2023-10-02 18:35:00+00:00,0.08902,0.08725,0.0005,0.0005,3995,-0.01896441571558231,-6.50455617,stop_loss,0.08368,-0.06,0.08725,-0.019889932245491515,0.08682,0.09058,False,long_1d_center_compression,1.0,False,1696032000000,1696271700000,"[{'amount': 3851.0, 'safe_price': 0.08902, 'ft_order_side': 'buy', 'order_filled_timestamp': 1696032000000, 'ft_is_entry': True, 'ft_order_tag': 'long_1d_center_compression', 'cost': 342.98742801}, {'amount': 3851.0, 'safe_price': 0.08725, 'ft_order_side': 'sell', 'order_filled_timestamp': 1696271700000, 'ft_is_entry': False, 'ft_order_tag': 'stop_loss', 'cost': 336.16774987499997}]",0.6511217120094589,0
raw_be_profit_lock_3y,Raw + Breakeven + ProfitLock,3y,profit_lock,SUI/USDT:USDT,291.0765,291.0765,678.5,2023-10-09 09:00:00+00:00,2023-10-09 09:00:00+00:00,0.429,0.429,0.0005,0.0005,0,-0.0010005002501250627,-0.2910765,profit_giveback_guard,0.4547,-0.06,0.4285,-0.07925207756232688,0.3971,0.43,False,short_pullback_restart,1.0,True,1696842000000,1696842000000,"[{'amount': 678.5, 'safe_price': 0.429, 'ft_order_side': 'sell', 'order_filled_timestamp': 1696842000000, 'ft_is_entry': True, 'ft_order_tag': 'short_pullback_restart', 'cost': 291.22203824999997}, {'amount': 678.5, 'safe_price': 0.429, 'ft_order_side': 'buy', 'order_filled_timestamp': 1696842000000, 'ft_is_entry': False, 'ft_order_tag': 'profit_giveback_guard', 'cost': 291.22203824999997}]",0.0,0
raw_be_profit_lock_3y,Raw + Breakeven + ProfitLock,3y,profit_lock,BNB/USDT:USDT,340.0788,340.0788,1.67,2023-10-12 10:00:00+00:00,2023-10-12 11:50:00+00:00,203.64,206.99,0.0005,0.0005,110,-0.01746755817508047,-5.93737605,stop_loss,215.85,-0.06,206.99,-0.01647018285753976,203.34,207.47,False,short_pullback_restart,1.0,True,1697104800000,1697111400000,"[{'amount': 1.67, 'safe_price': 203.64, 'ft_order_side': 'sell', 'order_filled_timestamp': 1697104800000, 'ft_is_entry': True, 'ft_order_tag': 'short_pullback_restart', 'cost': 340.24883939999995}, {'amount': 1.67, 'safe_price': 206.99, 'ft_order_side': 'buy', 'order_filled_timestamp': 1697111400000, 'ft_is_entry': False, 'ft_order_tag': 'stop_loss', 'cost': 345.84613664999995}]",0.0,3
raw_be_profit_lock_3y,Raw + Breakeven + ProfitLock,3y,profit_lock,XRP/USDT:USDT,264.91806,264.91806,556.2,2023-10-12 09:00:00+00:00,2023-10-13 20:50:00+00:00,0.4763,0.4894,0.0005,0.0005,2150,-0.02818383274113729,-7.46267309,stop_loss,0.5048,-0.06,0.4894,-0.027540589440101737,0.4715,0.49,False,short_pullback_restart,1.0,True,1697101200000,1697230200000,"[{'amount': 556.2, 'safe_price': 0.4763, 'ft_order_side': 'sell', 'order_filled_timestamp': 1697101200000, 'ft_is_entry': True, 'ft_order_tag': 'short_pullback_restart', 'cost': 265.05051903000003}, {'amount': 556.2, 'safe_price': 0.4894, 'ft_order_side': 'buy', 'order_filled_timestamp': 1697230200000, 'ft_is_entry': False, 'ft_order_tag': 'stop_loss', 'cost': 272.34038214000003}]",0.09210807955759286,4
raw_be_profit_lock_3y,Raw + Breakeven + ProfitLock,3y,profit_lock,ETH/USDT:USDT,339.0156,339.0156,0.22,2023-10-12 10:00:00+00:00,2023-10-13 21:00:00+00:00,1540.98,1570.34,0.0005,0.0005,2100,-0.019902485922781436,-6.74387958,stop_loss,1633.43,-0.06,1570.34,-0.019058650354603968,1514.5,1575.53,False,short_pullback_restart,1.0,True,1697104800000,1697230800000,"[{'amount': 0.22, 'safe_price': 1540.98, 'ft_order_side': 'sell', 'order_filled_timestamp': 1697104800000, 'ft_is_entry': True, 'ft_order_tag': 'short_pullback_restart', 'cost': 339.18510779999997}, {'amount': 0.22, 'safe_price': 1570.34, 'ft_order_side': 'buy', 'order_filled_timestamp': 1697230800000, 'ft_is_entry': False, 'ft_order_tag': 'stop_loss', 'cost': 345.6475373999999}]",0.05756561932452731,4
raw_be_profit_lock_3y,Raw + Breakeven + ProfitLock,3y,profit_lock,ADA/USDT:USDT,28.7566,28.7566,118.0,2023-10-12 10:00:00+00:00,2023-10-13 21:00:00+00:00,0.2437,0.2483,0.0005,0.0005,2100,-0.01961621463660201,-0.56381359,stop_loss,0.2583,-0.06,0.2483,-0.01918494500828216,0.2417,0.2496,False,short_pullback_restart,1.0,True,1697104800000,1697230800000,"[{'amount': 118.0, 'safe_price': 0.2437, 'ft_order_side': 'sell', 'order_filled_timestamp': 1697104800000, 'ft_is_entry': True, 'ft_order_tag': 'short_pullback_restart', 'cost': 28.770978299999996}, {'amount': 118.0, 'safe_price': 0.2483, 'ft_order_side': 'buy', 'order_filled_timestamp': 1697230800000, 'ft_is_entry': False, 'ft_order_tag': 'stop_loss', 'cost': 29.314049699999998}]",0.0080144124642578,4
raw_be_profit_lock_3y,Raw + Breakeven + ProfitLock,3y,profit_lock,BTC/USDT:USDT,330.74,330.74,0.01,2023-10-24 00:00:00+00:00,2023-10-24 06:00:00+00:00,33074.0,33902.3,0.0005,0.0005,360,0.023919357791020435,7.91504394,profit_giveback_guard,31089.6,-0.06,33107.1,-0.02180310237849037,32833.5,35300.0,False,long_1d_center_compression,1.0,False,1698105600000,1698127200000,"[{'amount': 0.01, 'safe_price': 33074.0, 'ft_order_side': 'buy', 'order_filled_timestamp': 1698105600000, 'ft_is_entry': True, 'ft_order_tag': 'long_1d_center_compression', 'cost': 330.90537}, {'amount': 0.01, 'safe_price': 33902.3, 'ft_order_side': 'sell', 'order_filled_timestamp': 1698127200000, 'ft_is_entry': False, 'ft_order_tag': 'profit_giveback_guard', 'cost': 339.1925115}]",-0.033074564945050004,1
raw_be_profit_lock_3y,Raw + Breakeven + ProfitLock,3y,profit_lock,TRX/USDT:USDT,333.30393,333.30393,3753.0,2023-10-17 00:00:00+00:00,2023-11-01 08:10:00+00:00,0.08881,0.09801,0.0005,0.0005,22090,0.10000468060328081,33.34861904,roi,0.08349,-0.06,0.0889,-0.020614630384488408,0.08715,0.09829,False,long_1d_center_compression,1.0,False,1697500800000,1698826200000,"[{'amount': 3753.0, 'safe_price': 0.08881, 'ft_order_side': 'buy', 'order_filled_timestamp': 1697500800000, 'ft_is_entry': True, 'ft_order_tag': 'long_1d_center_compression', 'cost': 333.47058196499995}, {'amount': 3753.0, 'safe_price': 0.09801, 'ft_order_side': 'sell', 'order_filled_timestamp': 1698826200000, 'ft_is_entry': False, 'ft_order_tag': 'roi', 'cost': 368.015445765}]",-0.8284132304772228,2
raw_be_profit_lock_3y,Raw + Breakeven + ProfitLock,3y,profit_lock,BTC/USDT:USDT,318.9375,318.9375,0.009,2023-11-02 00:00:00+00:00,2023-11-02 13:40:00+00:00,35437.5,34728.7,0.0005,0.0005,820,-0.021180377571355415,-6.75859428,stop_loss,33311.3,-0.06,34728.7,-0.02000275573192245,34544.6,35999.9,False,long_1d_center_compression,1.0,False,1698883200000,1698932400000,"[{'amount': 0.009, 'safe_price': 35437.5, 'ft_order_side': 'buy', 'order_filled_timestamp': 1698883200000, 'ft_is_entry': True, 'ft_order_tag': 'long_1d_center_compression', 'cost': 319.09696875}, {'amount': 0.009, 'safe_price': 34728.7, 'ft_order_side': 'sell', 'order_filled_timestamp': 1698932400000, 'ft_is_entry': False, 'ft_order_tag': 'stop_loss', 'cost': 312.71457914999996}]",-0.06364638,3
raw_be_profit_lock_3y,Raw + Breakeven + ProfitLock,3y,profit_lock,ADA/USDT:USDT,345.2844,345.2844,1068.0,2023-11-03 00:00:00+00:00,2023-11-03 01:15:00+00:00,0.3233,0.3169,0.0005,0.0005,75,-0.020875481258317796,-7.21158201,stop_loss,0.304,-0.06,0.3169,-0.01999999154583787,0.3141,0.3271,False,long_1d_center_compression,1.0,False,1698969600000,1698974100000,"[{'amount': 1068.0, 'safe_price': 0.3233, 'ft_order_side': 'buy', 'order_filled_timestamp': 1698969600000, 'ft_is_entry': True, 'ft_order_tag': 'long_1d_center_compression', 'cost': 345.45704219999993}, {'amount': 1068.0, 'safe_price': 0.3169, 'ft_order_side': 'sell', 'order_filled_timestamp': 1698974100000, 'ft_is_entry': False, 'ft_order_tag': 'stop_loss', 'cost': 338.6184246}]",-0.034515211752,4
raw_be_profit_lock_3y,Raw + Breakeven + ProfitLock,3y,profit_lock,LDO/USDT:USDT,341.8128,341.8128,168.0,2023-11-05 00:00:00+00:00,2023-11-05 06:50:00+00:00,2.0346,1.9939,0.0005,0.0005,410,-0.021275812045529665,-7.27598106,stop_loss,1.9126,-0.06,1.9939,-0.02004813838588637,1.9933,2.048,False,long_1d_center_compression,1.0,False,1699142400000,1699167000000,"[{'amount': 168.0, 'safe_price': 2.0346, 'ft_order_side': 'buy', 'order_filled_timestamp': 1699142400000, 'ft_is_entry': True, 'ft_order_tag': 'long_1d_center_compression', 'cost': 341.9837064}, {'amount': 168.0, 'safe_price': 1.9939, 'ft_order_side': 'sell', 'order_filled_timestamp': 1699167000000, 'ft_is_entry': False, 'ft_order_tag': 'stop_loss', 'cost': 335.14268759999993}]",-0.0999870624988872,6
raw_be_profit_lock_3y,Raw + Breakeven + ProfitLock,3y,profit_lock,DOGE/USDT:USDT,340.18993,340.18993,4451.0,2023-11-07 00:00:00+00:00,2023-11-07 00:30:00+00:00,0.07643,0.07491,0.0005,0.0005,30,-0.020967051464794807,-7.13634616,stop_loss,0.07185,-0.06,0.07491,-0.019999973876585808,0.07453,0.07654,False,long_1d_center_compression,1.0,False,1699315200000,1699317000000,"[{'amount': 4451.0, 'safe_price': 0.07643, 'ft_order_side': 'buy', 'order_filled_timestamp': 1699315200000, 'ft_is_entry': True, 'ft_order_tag': 'long_1d_center_compression', 'cost': 340.360024965}, {'amount': 4451.0, 'safe_price': 0.07491, 'ft_order_side': 'sell', 'order_filled_timestamp': 1699317000000, 'ft_is_entry': False, 'ft_order_tag': 'stop_loss', 'cost': 333.591122205}]",-0.034018993,1
raw_be_profit_lock_3y,Raw + Breakeven + ProfitLock,3y,profit_lock,LTC/USDT:USDT,340.1942,340.1942,4.748,2023-11-06 00:00:00+00:00,2023-11-07 15:30:00+00:00,71.65,71.73,0.0005,0.0005,2370,-0.000393617782891718,-0.13397344,trailing_stop_loss,67.36,-0.06,71.73,-0.0200621669626998,70.8,75.0,False,long_1d_center_compression,1.0,False,1699228800000,1699371000000,"[{'amount': 4.748, 'safe_price': 71.65, 'ft_order_side': 'buy', 'order_filled_timestamp': 1699228800000, 'ft_is_entry': True, 'ft_order_tag': 'long_1d_center_compression', 'cost': 340.3642971}, {'amount': 4.748, 'safe_price': 71.73, 'ft_order_side': 'sell', 'order_filled_timestamp': 1699371000000, 'ft_is_entry': False, 'ft_order_tag': 'trailing_stop_loss', 'cost': 340.74432702}]",-0.17342931860283603,1
raw_be_profit_lock_3y,Raw + Breakeven + ProfitLock,3y,profit_lock,ETH/USDT:USDT,337.54428,337.54428,0.159,2023-11-10 00:00:00+00:00,2023-11-10 12:10:00+00:00,2122.92,2080.47,0.0005,0.0005,730,-0.021661210467422,-7.3152735,stop_loss,1995.55,-0.06,2080.47,-0.019999967063349056,2075.5,2139.6,False,long_1d_center_compression,1.0,False,1699574400000,1699618200000,"[{'amount': 0.159, 'safe_price': 2122.92, 'ft_order_side': 'buy', 'order_filled_timestamp': 1699574400000, 'ft_is_entry': True, 'ft_order_tag': 'long_1d_center_compression', 'cost': 337.71305214}, {'amount': 0.159, 'safe_price': 2080.47, 'ft_order_side': 'sell', 'order_filled_timestamp': 1699618200000, 'ft_is_entry': False, 'ft_order_tag': 'stop_loss', 'cost': 330.96012736499995}]",-0.23155399034822582,4
raw_be_profit_lock_3y,Raw + Breakeven + ProfitLock,3y,profit_lock,BTC/USDT:USDT,330.4764,330.4764,0.009,2023-11-10 00:00:00+00:00,2023-11-11 22:10:00+00:00,36719.6,36756.4,0.0005,0.0005,2770,-0.0007320074426125318,-0.24203214,trailing_stop_loss,34516.5,-0.06,36756.4,-0.021657716262975857,36350.0,37570.0,False,long_1d_center_compression,1.0,False,1699574400000,1699740600000,"[{'amount': 0.009, 'safe_price': 36719.6, 'ft_order_side': 'buy', 'order_filled_timestamp': 1699574400000, 'ft_is_entry': True, 'ft_order_tag': 'long_1d_center_compression', 'cost': 330.64163819999993}, {'amount': 0.009, 'safe_price': 36756.4, 'ft_order_side': 'sell', 'order_filled_timestamp': 1699740600000, 'ft_is_entry': False, 'ft_order_tag': 'trailing_stop_loss', 'cost': 330.97300379999996}]",-0.24259013557528958,5
raw_be_profit_lock_3y,Raw + Breakeven + ProfitLock,3y,profit_lock,NEAR/USDT:USDT,333.826,333.826,166.0,2023-12-03 00:00:00+00:00,2023-12-03 04:45:00+00:00,2.011,1.971,0.0005,0.0005,285,-0.020970125794256,-7.0038734,stop_loss,1.891,-0.06,1.971,-0.019999992545121748,1.966,2.014,False,long_1d_center_compression,1.0,False,1701561600000,1701578700000,"[{'amount': 166.0, 'safe_price': 2.011, 'ft_order_side': 'buy', 'order_filled_timestamp': 1701561600000, 'ft_is_entry': True, 'ft_order_tag': 'long_1d_center_compression', 'cost': 333.992913}, {'amount': 166.0, 'safe_price': 1.971, 'ft_order_side': 'sell', 'order_filled_timestamp': 1701578700000, 'ft_is_entry': False, 'ft_order_tag': 'stop_loss', 'cost': 327.349593}]",-0.033367404526,6
raw_be_profit_lock_3y,Raw + Breakeven + ProfitLock,3y,profit_lock,AVAX/USDT:USDT,328.11,328.11,15.0,2023-12-02 00:00:00+00:00,2023-12-03 10:20:00+00:00,21.874,21.983,0.0005,0.0005,2060,0.003336347735430996,1.0952364,profit_lock_long_center,20.562,-0.06,21.896,-0.021107206723891436,21.758,22.77,False,long_1d_center_compression,1.0,False,1701475200000,1701598800000,"[{'amount': 15.0, 'safe_price': 21.874, 'ft_order_side': 'buy', 'order_filled_timestamp': 1701475200000, 'ft_is_entry': True, 'ft_order_tag': 'long_1d_center_compression', 'cost': 328.2740549999999}, {'amount': 15.0, 'safe_price': 21.983, 'ft_order_side': 'sell', 'order_filled_timestamp': 1701598800000, 'ft_is_entry': False, 'ft_order_tag': 'profit_lock_long_center', 'cost': 329.9098725}]",-0.210836096235,6
raw_be_profit_lock_3y,Raw + Breakeven + ProfitLock,3y,profit_lock,ETH/USDT:USDT,332.06316,332.06316,0.148,2023-12-05 00:00:00+00:00,2023-12-05 07:40:00+00:00,2243.67,2198.79,0.0005,0.0005,460,-0.02108239621175314,-7.00418745,stop_loss,2109.05,-0.06,2198.79,-0.020004338768903174,2186.0,2253.6,False,long_1d_center_compression,1.0,False,1701734400000,1701762000000,"[{'amount': 0.148, 'safe_price': 2243.67, 'ft_order_side': 'buy', 'order_filled_timestamp': 1701734400000, 'ft_is_entry': True, 'ft_order_tag': 'long_1d_center_compression', 'cost': 332.22919157999996}, {'amount': 0.148, 'safe_price': 2198.79, 'ft_order_side': 'sell', 'order_filled_timestamp': 1701762000000, 'ft_is_entry': False, 'ft_order_tag': 'stop_loss', 'cost': 325.58363045999994}]",-0.033205405687816,1
raw_be_profit_lock_3y,Raw + Breakeven + ProfitLock,3y,profit_lock,LTC/USDT:USDT,330.61695,330.61695,4.209,2023-12-09 00:00:00+00:00,2023-12-09 08:40:00+00:00,78.55,76.98,0.0005,0.0005,520,-0.021498717684514113,-7.11139439,stop_loss,73.84,-0.06,76.98,-0.020000047398402665,76.72,79.65,False,long_1d_center_compression,1.0,False,1702080000000,1702111200000,"[{'amount': 4.209, 'safe_price': 78.55, 'ft_order_side': 'buy', 'order_filled_timestamp': 1702080000000, 'ft_is_entry': True, 'ft_order_tag': 'long_1d_center_compression', 'cost': 330.78225847499994}, {'amount': 4.209, 'safe_price': 76.98, 'ft_order_side': 'sell', 'order_filled_timestamp': 1702111200000, 'ft_is_entry': False, 'ft_order_tag': 'stop_loss', 'cost': 324.17082441}]",-0.1759515001454094,5
raw_be_profit_lock_3y,Raw + Breakeven + ProfitLock,3y,profit_lock,ZEC/USDT:USDT,172.36839,172.36839,6.207,2023-12-31 21:00:00+00:00,2023-12-31 22:50:00+00:00,27.77,27.64,0.0005,0.0005,110,0.003685494140460863,0.63494506,profit_giveback_guard,29.43,-0.06,27.74,-0.0892120141342756,25.47,28.08,False,short_pullback_restart,1.0,True,1704056400000,1704063000000,"[{'amount': 6.207, 'safe_price': 27.77, 'ft_order_side': 'sell', 'order_filled_timestamp': 1704056400000, 'ft_is_entry': True, 'ft_order_tag': 'short_pullback_restart', 'cost': 172.454574195}, {'amount': 6.207, 'safe_price': 27.64, 'ft_order_side': 'buy', 'order_filled_timestamp': 1704063000000, 'ft_is_entry': False, 'ft_order_tag': 'profit_giveback_guard', 'cost': 171.64726073999998}]",0.0,6
raw_be_profit_lock_3y,Raw + Breakeven + ProfitLock,3y,profit_lock,BTC/USDT:USDT,314.8579,314.8579,0.007,2024-01-03 00:00:00+00:00,2024-01-03 11:50:00+00:00,44979.7,44080.3,0.0005,0.0005,710,-0.021358001854785612,-6.72809798,stop_loss,42281.0,-0.06,44080.3,-0.01999784069257904,44020.3,45582.3,False,long_1d_center_compression,1.0,False,1704240000000,1704282600000,"[{'amount': 0.007, 'safe_price': 44979.7, 'ft_order_side': 'buy', 'order_filled_timestamp': 1704240000000, 'ft_is_entry': True, 'ft_order_tag': 'long_1d_center_compression', 'cost': 315.01532894999997}, {'amount': 0.007, 'safe_price': 44080.3, 'ft_order_side': 'sell', 'order_filled_timestamp': 1704282600000, 'ft_is_entry': False, 'ft_order_tag': 'stop_loss', 'cost': 308.71638105000005}]",-0.12058798200616078,2
raw_be_profit_lock_3y,Raw + Breakeven + ProfitLock,3y,profit_lock,XRP/USDT:USDT,326.0466,326.0466,598.8,2024-01-19 15:00:00+00:00,2024-01-19 17:40:00+00:00,0.5445,0.5338,0.0005,0.0005,160,0.01876921930812968,6.11658032,profit_lock_compression_breakdown,0.5771,-0.06,0.5439,-0.020937500000000053,0.5215,0.5451,False,short_compression_breakdown,1.0,True,1705676400000,1705686000000,"[{'amount': 598.8, 'safe_price': 0.5445, 'ft_order_side': 'sell', 'order_filled_timestamp': 1705676400000, 'ft_is_entry': True, 'ft_order_tag': 'short_compression_breakdown', 'cost': 326.2096232999999}, {'amount': 598.8, 'safe_price': 0.5338, 'ft_order_side': 'buy', 'order_filled_timestamp': 1705686000000, 'ft_is_entry': False, 'ft_order_tag': 'profit_lock_compression_breakdown', 'cost': 319.79925971999995}]",0.032263344,4
raw_be_profit_lock_3y,Raw + Breakeven + ProfitLock,3y,profit_lock,ADA/USDT:USDT,257.95,257.95,500.0,2024-01-18 11:00:00+00:00,2024-01-19 18:40:00+00:00,0.5159,0.4911,0.0005,0.0005,1900,0.04750885801497376,12.24878247,profit_lock_pullback_restart,0.5468,-0.06,0.5153,-0.02523194748358848,0.471,0.5235,False,short_pullback_restart,1.0,True,1705575600000,1705689600000,"[{'amount': 500.0, 'safe_price': 0.5159, 'ft_order_side': 'sell', 'order_filled_timestamp': 1705575600000, 'ft_is_entry': True, 'ft_order_tag': 'short_pullback_restart', 'cost': 258.07897499999996}, {'amount': 500.0, 'safe_price': 0.4911, 'ft_order_side': 'buy', 'order_filled_timestamp': 1705689600000, 'ft_is_entry': False, 'ft_order_tag': 'profit_lock_pullback_restart', 'cost': 245.67277499999997}]",0.10053246700000001,4
raw_be_profit_lock_3y,Raw + Breakeven + ProfitLock,3y,profit_lock,BTC/USDT:USDT,202.043,202.043,0.005,2024-01-19 17:00:00+00:00,2024-01-19 18:50:00+00:00,40408.6,41641.0,0.0005,0.0005,110,-0.0315294722142182,-6.367124,stop_loss,42833.1,-0.06,41641.0,-0.030498554917764986,40300.0,41988.0,False,short_compression_breakdown,1.0,True,1705683600000,1705690200000,"[{'amount': 0.005, 'safe_price': 40408.6, 'ft_order_side': 'sell', 'order_filled_timestamp': 1705683600000, 'ft_is_entry': True, 'ft_order_tag': 'short_compression_breakdown', 'cost': 202.1440215}, {'amount': 0.005, 'safe_price': 41641.0, 'ft_order_side': 'buy', 'order_filled_timestamp': 1705690200000, 'ft_is_entry': False, 'ft_order_tag': 'stop_loss', 'cost': 208.3091025}]",0.0,4
raw_be_profit_lock_3y,Raw + Breakeven + ProfitLock,3y,profit_lock,NEAR/USDT:USDT,234.077,234.077,79.0,2024-01-21 16:00:00+00:00,2024-01-22 05:45:00+00:00,2.963,2.922,0.0005,0.0005,825,0.013049407131142821,3.05303879,profit_lock_pullback_restart,3.14,-0.06,2.96,-0.027433877125998096,2.842,2.99,False,short_pullback_restart,1.0,True,1705852800000,1705902300000,"[{'amount': 79.0, 'safe_price': 2.963, 'ft_order_side': 'sell', 'order_filled_timestamp': 1705852800000, 'ft_is_entry': True, 'ft_order_tag': 'short_pullback_restart', 'cost': 234.19403849999998}, {'amount': 79.0, 'safe_price': 2.922, 'ft_order_side': 'buy', 'order_filled_timestamp': 1705902300000, 'ft_is_entry': False, 'ft_order_tag': 'profit_lock_pullback_restart', 'cost': 230.953419}]",0.046496286768,0
raw_be_profit_lock_3y,Raw + Breakeven + ProfitLock,3y,profit_lock,ADA/USDT:USDT,177.9318,177.9318,369.0,2024-01-22 20:00:00+00:00,2024-01-23 10:30:00+00:00,0.4822,0.463,0.0005,0.0005,870,0.03905475913690469,6.94560905,profit_lock_compression_breakdown,0.5111,-0.06,0.4817,-0.02318988954970269,0.4515,0.4894,False,short_compression_breakdown,1.0,True,1705953600000,1706005800000,"[{'amount': 369.0, 'safe_price': 0.4822, 'ft_order_side': 'sell', 'order_filled_timestamp': 1705953600000, 'ft_is_entry': True, 'ft_order_tag': 'short_compression_breakdown', 'cost': 178.0207659}, {'amount': 369.0, 'safe_price': 0.463, 'ft_order_side': 'buy', 'order_filled_timestamp': 1706005800000, 'ft_is_entry': False, 'ft_order_tag': 'profit_lock_compression_breakdown', 'cost': 170.9324235}]",0.035198452809000004,1
raw_be_profit_lock_3y,Raw + Breakeven + ProfitLock,3y,profit_lock,XRP/USDT:USDT,330.1953,330.1953,604.2,2024-01-22 00:00:00+00:00,2024-01-23 23:30:00+00:00,0.5465,0.5191,0.0005,0.0005,2850,0.049767726962701715,16.424853,profit_lock_pullback_restart,0.5792,-0.06,0.5459,-0.02238483146067405,0.4958,0.5499,False,short_pullback_restart,1.0,True,1705881600000,1706052600000,"[{'amount': 604.2, 'safe_price': 0.5465, 'ft_order_side': 'sell', 'order_filled_timestamp': 1705881600000, 'ft_is_entry': True, 'ft_order_tag': 'short_pullback_restart', 'cost': 330.36039765000004}, {'amount': 604.2, 'safe_price': 0.5191, 'ft_order_side': 'buy', 'order_filled_timestamp': 1706052600000, 'ft_is_entry': False, 'ft_order_tag': 'profit_lock_pullback_restart', 'cost': 313.79704010999995}]",0.19169076258360002,1
raw_be_profit_lock_3y,Raw + Breakeven + ProfitLock,3y,profit_lock,BTC/USDT:USDT,289.5473,289.5473,0.007,2024-01-22 02:00:00+00:00,2024-01-24 00:55:00+00:00,41363.9,40197.0,0.0005,0.0005,2815,0.02781942034695026,8.05101053,profit_giveback_guard,43845.7,-0.06,41322.5,-0.02400860639792657,38545.0,41430.4,False,short_pullback_restart,1.0,True,1705888800000,1706057700000,"[{'amount': 0.007, 'safe_price': 41363.9, 'ft_order_side': 'sell', 'order_filled_timestamp': 1705888800000, 'ft_is_entry': True, 'ft_order_tag': 'short_pullback_restart', 'cost': 289.69207365}, {'amount': 0.007, 'safe_price': 40197.0, 'ft_order_side': 'buy', 'order_filled_timestamp': 1706057700000, 'ft_is_entry': False, 'ft_order_tag': 'profit_giveback_guard', 'cost': 281.5196895}]",0.16817367566148803,2
raw_be_profit_lock_3y,Raw + Breakeven + ProfitLock,3y,profit_lock,XRP/USDT:USDT,342.13673,342.13673,673.1,2024-01-25 13:00:00+00:00,2024-01-26 10:30:00+00:00,0.5083,0.5166,0.0005,0.0005,1290,-0.017044180114847686,-5.82852433,trailing_stop_loss,0.5387,-0.06,0.5166,-0.01672936743391107,0.5036,0.5166,False,short_pullback_restart,1.0,True,1706187600000,1706265000000,"[{'amount': 673.1, 'safe_price': 0.5083, 'ft_order_side': 'sell', 'order_filled_timestamp': 1706187600000, 'ft_is_entry': True, 'ft_order_tag': 'short_pullback_restart', 'cost': 342.307798365}, {'amount': 673.1, 'safe_price': 0.5166, 'ft_order_side': 'buy', 'order_filled_timestamp': 1706265000000, 'ft_is_entry': False, 'ft_order_tag': 'trailing_stop_loss', 'cost': 347.89732173}]",0.10313576903919999,4
raw_be_profit_lock_3y,Raw + Breakeven + ProfitLock,3y,profit_lock,BTC/USDT:USDT,237.2874,237.2874,0.006,2024-01-24 21:00:00+00:00,2024-01-26 10:40:00+00:00,39547.9,40626.4,0.0005,0.0005,2260,-0.027792764075813468,-6.59157529,stop_loss,41920.7,-0.06,40626.4,-0.027273058430409725,39493.3,40720.0,False,short_pullback_restart,1.0,True,1706130000000,1706265600000,"[{'amount': 0.006, 'safe_price': 39547.9, 'ft_order_side': 'sell', 'order_filled_timestamp': 1706130000000, 'ft_is_entry': True, 'ft_order_tag': 'short_pullback_restart', 'cost': 237.4060437}, {'amount': 0.006, 'safe_price': 40626.4, 'ft_order_side': 'buy', 'order_filled_timestamp': 1706265600000, 'ft_is_entry': False, 'ft_order_tag': 'stop_loss', 'cost': 243.88027920000002}]",0.11994760770126,4
raw_be_profit_lock_3y,Raw + Breakeven + ProfitLock,3y,profit_lock,ETH/USDT:USDT,336.5385,336.5385,0.15,2024-01-29 14:00:00+00:00,2024-01-29 16:00:00+00:00,2243.59,2280.04,0.0005,0.0005,120,-0.01716158049161727,-5.77264479,stop_loss,2378.2,-0.06,2280.04,-0.016248151156461166,2232.0,2282.22,False,short_pullback_restart,1.0,True,1706536800000,1706544000000,"[{'amount': 0.15, 'safe_price': 2243.59, 'ft_order_side': 'sell', 'order_filled_timestamp': 1706536800000, 'ft_is_entry': True, 'ft_order_tag': 'short_pullback_restart', 'cost': 336.70676925}, {'amount': 0.15, 'safe_price': 2280.04, 'ft_order_side': 'buy', 'order_filled_timestamp': 1706544000000, 'ft_is_entry': False, 'ft_order_tag': 'stop_loss', 'cost': 342.17700299999996}]",0.034127460000000005,0
raw_be_profit_lock_3y,Raw + Breakeven + ProfitLock,3y,profit_lock,ZEC/USDT:USDT,279.3128,279.3128,13.052,2024-02-04 23:00:00+00:00,2024-02-05 23:30:00+00:00,21.4,21.33,0.0005,0.0005,1470,0.0025742109385338456,0.71865056,profit_lock_compression_breakdown,22.68,-0.06,21.95,-0.02576621224947062,21.08,21.69,False,short_compression_breakdown,1.0,True,1707087600000,1707175800000,"[{'amount': 13.052, 'safe_price': 21.4, 'ft_order_side': 'sell', 'order_filled_timestamp': 1707087600000, 'ft_is_entry': True, 'ft_order_tag': 'short_compression_breakdown', 'cost': 279.45245639999996}, {'amount': 13.052, 'safe_price': 21.33, 'ft_order_side': 'buy', 'order_filled_timestamp': 1707175800000, 'ft_is_entry': False, 'ft_order_tag': 'profit_lock_compression_breakdown', 'cost': 278.53835957999996}]",0.08386654368612001,0
raw_be_profit_lock_3y,Raw + Breakeven + ProfitLock,3y,profit_lock,BNB/USDT:USDT,312.1692,312.1692,0.98,2024-02-09 00:00:00+00:00,2024-02-10 10:50:00+00:00,318.54,318.86,0.0005,0.0005,2090,0.0036942222640657767,1.15379902,trailing_stop_loss,299.43,-0.06,318.86,-0.0181717576056164,317.08,325.82,False,long_1d_center_compression,1.0,False,1707436800000,1707562200000,"[{'amount': 0.98, 'safe_price': 318.54, 'ft_order_side': 'buy', 'order_filled_timestamp': 1707436800000, 'ft_is_entry': True, 'ft_order_tag': 'long_1d_center_compression', 'cost': 312.3252846}, {'amount': 0.98, 'safe_price': 318.86, 'ft_order_side': 'sell', 'order_filled_timestamp': 1707562200000, 'ft_is_entry': False, 'ft_order_tag': 'trailing_stop_loss', 'cost': 312.6390414}]",1.152525015418,5
raw_be_profit_lock_3y,Raw + Breakeven + ProfitLock,3y,profit_lock,LINK/USDT:USDT,315.19292,315.19292,15.64,2024-02-12 00:00:00+00:00,2024-02-12 01:35:00+00:00,20.153,20.174,0.0005,0.0005,95,-5.845146602871684e-05,-0.0184327,trailing_stop_loss,18.944,-0.06,20.174,-0.02261855620155062,20.146,20.64,False,long_1d_center_compression,1.0,False,1707696000000,1707701700000,"[{'amount': 15.64, 'safe_price': 20.153, 'ft_order_side': 'buy', 'order_filled_timestamp': 1707696000000, 'ft_is_entry': True, 'ft_order_tag': 'long_1d_center_compression', 'cost': 315.35051646}, {'amount': 15.64, 'safe_price': 20.174, 'ft_order_side': 'sell', 'order_filled_timestamp': 1707701700000, 'ft_is_entry': False, 'ft_order_tag': 'trailing_stop_loss', 'cost': 315.67912068}]",-0.03151556351784,0
raw_be_profit_lock_3y,Raw + Breakeven + ProfitLock,3y,profit_lock,SOL/USDT:USDT,335.96634,335.96634,3.27,2024-02-09 00:00:00+00:00,2024-02-12 02:40:00+00:00,102.742,106.116,0.0005,0.0005,4480,0.030864187394374146,10.37451274,profit_giveback_guard,96.578,-0.06,102.845,-0.02293635698610097,102.728,110.839,False,long_1d_center_compression,1.0,False,1707436800000,1707705600000,"[{'amount': 3.27, 'safe_price': 102.742, 'ft_order_side': 'buy', 'order_filled_timestamp': 1707436800000, 'ft_is_entry': True, 'ft_order_tag': 'long_1d_center_compression', 'cost': 336.13432316999996}, {'amount': 3.27, 'safe_price': 106.116, 'ft_order_side': 'sell', 'order_filled_timestamp': 1707705600000, 'ft_is_entry': False, 'ft_order_tag': 'profit_giveback_guard', 'cost': 347.17281966}]",-0.31698442713687003,0
raw_be_profit_lock_3y,Raw + Breakeven + ProfitLock,3y,profit_lock,BTC/USDT:USDT,310.2841,310.2841,0.007,2024-02-08 00:00:00+00:00,2024-02-12 15:00:00+00:00,44326.3,48864.2,0.0005,0.0005,6660,0.09999958457249429,31.04379524,roi,41666.8,-0.06,44370.7,-0.023619701170671692,44306.8,48899.0,False,long_1d_center_compression,1.0,False,1707350400000,1707750000000,"[{'amount': 0.007, 'safe_price': 44326.3, 'ft_order_side': 'buy', 'order_filled_timestamp': 1707350400000, 'ft_is_entry': True, 'ft_order_tag': 'long_1d_center_compression', 'cost': 310.43924205}, {'amount': 0.007, 'safe_price': 48864.2, 'ft_order_side': 'sell', 'order_filled_timestamp': 1707750000000, 'ft_is_entry': False, 'ft_order_tag': 'roi', 'cost': 342.22042469999997}]",-0.3953380109212122,0
raw_be_profit_lock_3y,Raw + Breakeven + ProfitLock,3y,profit_lock,TRX/USDT:USDT,350.75735,350.75735,2705.0,2024-02-15 00:00:00+00:00,2024-02-25 00:00:00+00:00,0.12967,0.13753,0.0005,0.0005,14400,0.05408304526528499,18.97951065,swing_exit_long_1d,0.12189,-0.06,0.1298,-0.020601599637817825,0.12958,0.14075,False,long_1d_center_compression,1.0,False,1707955200000,1708819200000,"[{'amount': 2705.0, 'safe_price': 0.12967, 'ft_order_side': 'buy', 'order_filled_timestamp': 1707955200000, 'ft_is_entry': True, 'ft_order_tag': 'long_1d_center_compression', 'cost': 350.932728675}, {'amount': 2705.0, 'safe_price': 0.13753, 'ft_order_side': 'sell', 'order_filled_timestamp': 1708819200000, 'ft_is_entry': False, 'ft_order_tag': 'swing_exit_long_1d', 'cost': 372.204659325}]",-1.920401354768588,6
raw_be_profit_lock_3y,Raw + Breakeven + ProfitLock,3y,profit_lock,APE/USDT:USDT,355.852,355.852,179.0,2024-02-27 00:00:00+00:00,2024-02-27 00:35:00+00:00,1.988,1.9484,0.0005,0.0005,35,-0.021182368501236608,-7.54155709,stop_loss,1.8688,-0.06,1.9484,-0.019950688245070958,1.9478,1.991,False,long_1d_center_compression,1.0,False,1708992000000,1708994100000,"[{'amount': 179.0, 'safe_price': 1.988, 'ft_order_side': 'buy', 'order_filled_timestamp': 1708992000000, 'ft_is_entry': True, 'ft_order_tag': 'long_1d_center_compression', 'cost': 356.02992599999993}, {'amount': 179.0, 'safe_price': 1.9484, 'ft_order_side': 'sell', 'order_filled_timestamp': 1708994100000, 'ft_is_entry': False, 'ft_order_tag': 'stop_loss', 'cost': 348.9379818}]",-0.100849290659507,1
raw_be_profit_lock_3y,Raw + Breakeven + ProfitLock,3y,profit_lock,BTC/USDT:USDT,327.0702,327.0702,0.006,2024-02-27 00:00:00+00:00,2024-02-27 02:05:00+00:00,54511.7,55736.8,0.0005,0.0005,125,0.021129653114423046,6.91433531,profit_giveback_guard,51241.0,-0.06,54566.3,-0.021214558493530933,54495.0,57780.0,False,long_1d_center_compression,1.0,False,1708992000000,1708999500000,"[{'amount': 0.006, 'safe_price': 54511.7, 'ft_order_side': 'buy', 'order_filled_timestamp': 1708992000000, 'ft_is_entry': True, 'ft_order_tag': 'long_1d_center_compression', 'cost': 327.2337351}, {'amount': 0.006, 'safe_price': 55736.8, 'ft_order_side': 'sell', 'order_filled_timestamp': 1708999500000, 'ft_is_entry': False, 'ft_order_tag': 'profit_giveback_guard', 'cost': 334.58801040000003}]",-0.10551919435200001,1
raw_be_profit_lock_3y,Raw + Breakeven + ProfitLock,3y,profit_lock,DOT/USDT:USDT,337.7504,337.7504,41.6,2024-02-27 00:00:00+00:00,2024-02-28 17:30:00+00:00,8.119,8.128,0.0005,0.0005,2490,-0.002892630671693628,-0.97747566,trailing_stop_loss,7.632,-0.06,8.128,-0.02212501504030817,7.676,8.738,False,long_1d_center_compression,1.0,False,1708992000000,1709141400000,"[{'amount': 41.6, 'safe_price': 8.119, 'ft_order_side': 'buy', 'order_filled_timestamp': 1708992000000, 'ft_is_entry': True, 'ft_order_tag': 'long_1d_center_compression', 'cost': 337.9192752}, {'amount': 41.6, 'safe_price': 8.128, 'ft_order_side': 'sell', 'order_filled_timestamp': 1709141400000, 'ft_is_entry': False, 'ft_order_tag': 'trailing_stop_loss', 'cost': 338.29386239999997}]",-1.0139380643546088,2
raw_be_profit_lock_3y,Raw + Breakeven + ProfitLock,3y,profit_lock,TRX/USDT:USDT,357.19585,357.19585,2497.0,2024-02-28 00:00:00+00:00,2024-02-28 17:30:00+00:00,0.14305,0.14018,0.0005,0.0005,1050,-0.022690991471505044,-8.10918055,stop_loss,0.13447,-0.06,0.14018,-0.02006849380941178,0.13792,0.14448,False,long_1d_center_compression,1.0,False,1709078400000,1709141400000,"[{'amount': 2497.0, 'safe_price': 0.14305, 'ft_order_side': 'buy', 'order_filled_timestamp': 1709078400000, 'ft_is_entry': True, 'ft_order_tag': 'long_1d_center_compression', 'cost': 357.37444792499997}, {'amount': 2497.0, 'safe_price': 0.14018, 'ft_order_side': 'sell', 'order_filled_timestamp': 1709141400000, 'ft_is_entry': False, 'ft_order_tag': 'stop_loss', 'cost': 350.20447472999996}]",-0.5891778930573426,2
raw_be_profit_lock_3y,Raw + Breakeven + ProfitLock,3y,profit_lock,TRX/USDT:USDT,190.8567,190.8567,1630.0,2024-03-22 14:00:00+00:00,2024-03-25 14:05:00+00:00,0.11709,0.11887,0.0005,0.0005,4325,-0.015337563986091199,-2.92581321,stale_loss_72h,0.12411,-0.06,0.12175,-0.039840672341732164,0.11491,0.12064,False,short_pullback_restart,1.0,True,1711116000000,1711375500000,"[{'amount': 1630.0, 'safe_price': 0.11709, 'ft_order_side': 'sell', 'order_filled_timestamp': 1711116000000, 'ft_is_entry': True, 'ft_order_tag': 'short_pullback_restart', 'cost': 190.95212834999998}, {'amount': 1630.0, 'safe_price': 0.11887, 'ft_order_side': 'buy', 'order_filled_timestamp': 1711375500000, 'ft_is_entry': False, 'ft_order_tag': 'stale_loss_72h', 'cost': 193.85497905}]",0.167894187928845,0
raw_be_profit_lock_3y,Raw + Breakeven + ProfitLock,3y,profit_lock,NEAR/USDT:USDT,350.62,350.62,47.0,2024-03-26 00:00:00+00:00,2024-03-26 14:30:00+00:00,7.46,7.682,0.0005,0.0005,870,0.027996141539064476,9.82091515,profit_giveback_guard,7.013,-0.06,7.468,-0.025263020493408228,7.428,8.11,False,long_1d_center_compression,1.0,False,1711411200000,1711463400000,"[{'amount': 47.0, 'safe_price': 7.46, 'ft_order_side': 'buy', 'order_filled_timestamp': 1711411200000, 'ft_is_entry': True, 'ft_order_tag': 'long_1d_center_compression', 'cost': 350.79531}, {'amount': 47.0, 'safe_price': 7.682, 'ft_order_side': 'sell', 'order_filled_timestamp': 1711463400000, 'ft_is_entry': False, 'ft_order_tag': 'profit_giveback_guard', 'cost': 361.234527}]",-0.2572478450735024,1
raw_be_profit_lock_3y,Raw + Breakeven + ProfitLock,3y,profit_lock,SUI/USDT:USDT,356.3427,356.3427,171.5,2024-03-28 00:00:00+00:00,2024-03-28 00:00:00+00:00,2.0778,2.0778,0.0005,0.0005,0,-0.0015098330091075044,-0.53828698,profit_lock_long_center,1.9532,-0.06,2.0799,-0.040469736113674326,2.0769,2.1676,False,long_1d_center_compression,1.0,False,1711584000000,1711584000000,"[{'amount': 171.5, 'safe_price': 2.0778, 'ft_order_side': 'buy', 'order_filled_timestamp': 1711584000000, 'ft_is_entry': True, 'ft_order_tag': 'long_1d_center_compression', 'cost': 356.52087134999994}, {'amount': 171.5, 'safe_price': 2.0778, 'ft_order_side': 'sell', 'order_filled_timestamp': 1711584000000, 'ft_is_entry': False, 'ft_order_tag': 'profit_lock_long_center', 'cost': 356.52087134999994}]",-0.18194428071399998,3
raw_be_profit_lock_3y,Raw + Breakeven + ProfitLock,3y,profit_lock,BTC/USDT:USDT,286.7132,286.7132,0.004,2024-04-09 00:00:00+00:00,2024-04-09 07:45:00+00:00,71678.3,70244.9,0.0005,0.0005,465,-0.02118623433967554,-6.07741023,stop_loss,67377.7,-0.06,70244.9,-0.019998686841066315,70160.0,71820.6,False,long_1d_center_compression,1.0,False,1712620800000,1712648700000,"[{'amount': 0.004, 'safe_price': 71678.3, 'ft_order_side': 'buy', 'order_filled_timestamp': 1712620800000, 'ft_is_entry': True, 'ft_order_tag': 'long_1d_center_compression', 'cost': 286.85655660000003}, {'amount': 0.004, 'safe_price': 70244.9, 'ft_order_side': 'sell', 'order_filled_timestamp': 1712648700000, 'ft_is_entry': False, 'ft_order_tag': 'stop_loss', 'cost': 281.1200898}]",-0.05996382652220107,1
raw_be_profit_lock_3y,Raw + Breakeven + ProfitLock,3y,profit_lock,ZEC/USDT:USDT,233.85088,233.85088,8.912,2024-04-12 14:00:00+00:00,2024-04-12 16:35:00+00:00,26.24,26.17,0.0005,0.0005,155,0.0017728181204140407,0.41436779,profit_lock_pullback_restart,27.81,-0.06,27.09,-0.03245399347165745,25.72,26.52,False,short_pullback_restart,1.0,True,1712930400000,1712939700000,"[{'amount': 8.912, 'safe_price': 26.24, 'ft_order_side': 'sell', 'order_filled_timestamp': 1712930400000, 'ft_is_entry': True, 'ft_order_tag': 'short_pullback_restart', 'cost': 233.96780544}, {'amount': 8.912, 'safe_price': 26.17, 'ft_order_side': 'buy', 'order_filled_timestamp': 1712939700000, 'ft_is_entry': False, 'ft_order_tag': 'profit_lock_pullback_restart', 'cost': 233.34365352000003}]",0.024066745974176934,4
raw_be_profit_lock_3y,Raw + Breakeven + ProfitLock,3y,profit_lock,TRX/USDT:USDT,268.84,268.84,2444.0,2024-04-17 15:00:00+00:00,2024-04-19 03:25:00+00:00,0.11,0.10785,0.0005,0.0005,2185,0.01740359206533783,4.6764423,profit_giveback_guard,0.1166,-0.06,0.10988,-0.023470243084660503,0.10475,0.11107,False,short_pullback_restart,1.0,True,1713366000000,1713497100000,"[{'amount': 2444.0, 'safe_price': 0.11, 'ft_order_side': 'sell', 'order_filled_timestamp': 1713366000000, 'ft_is_entry': True, 'ft_order_tag': 'short_pullback_restart', 'cost': 268.97441999999995}, {'amount': 2444.0, 'safe_price': 0.10785, 'ft_order_side': 'buy', 'order_filled_timestamp': 1713497100000, 'ft_is_entry': False, 'ft_order_tag': 'profit_giveback_guard', 'cost': 263.7171927}]",-0.3119449966638616,4
raw_be_profit_lock_3y,Raw + Breakeven + ProfitLock,3y,profit_lock,BTC/USDT:USDT,317.192,317.192,0.005,2024-04-25 11:00:00+00:00,2024-04-25 17:05:00+00:00,63438.4,64807.3,0.0005,0.0005,365,-0.022588977343220275,-7.16146038,stop_loss,67244.7,-0.06,64807.3,-0.0215794721730056,62721.3,64850.0,False,short_compression_breakdown,1.0,True,1714042800000,1714064700000,"[{'amount': 0.005, 'safe_price': 63438.4, 'ft_order_side': 'sell', 'order_filled_timestamp': 1714042800000, 'ft_is_entry': True, 'ft_order_tag': 'short_compression_breakdown', 'cost': 317.350596}, {'amount': 0.005, 'safe_price': 64807.3, 'ft_order_side': 'buy', 'order_filled_timestamp': 1714064700000, 'ft_is_entry': False, 'ft_order_tag': 'stop_loss', 'cost': 324.19851825}]",0.00365387254223418,3
raw_be_profit_lock_3y,Raw + Breakeven + ProfitLock,3y,profit_lock,XRP/USDT:USDT,242.63286,242.63286,469.4,2024-04-25 11:00:00+00:00,2024-04-25 20:00:00+00:00,0.5169,0.5317,0.0005,0.0005,540,-0.02955988797263504,-7.16861406,trailing_stop_loss,0.5479,-0.06,0.5317,-0.028203517083317697,0.5133,0.5322,False,short_compression_breakdown,1.0,True,1714042800000,1714075200000,"[{'amount': 469.4, 'safe_price': 0.5169, 'ft_order_side': 'sell', 'order_filled_timestamp': 1714042800000, 'ft_is_entry': True, 'ft_order_tag': 'short_compression_breakdown', 'cost': 242.75417642999997}, {'amount': 469.4, 'safe_price': 0.5317, 'ft_order_side': 'buy', 'order_filled_timestamp': 1714075200000, 'ft_is_entry': False, 'ft_order_tag': 'trailing_stop_loss', 'cost': 249.70476998999996}]",0.024612363289799998,3
raw_be_profit_lock_3y,Raw + Breakeven + ProfitLock,3y,profit_lock,ADA/USDT:USDT,194.838,194.838,420.0,2024-04-25 11:00:00+00:00,2024-04-27 00:40:00+00:00,0.4639,0.4622,0.0005,0.0005,2260,0.0029309462725696607,0.57077418,profit_lock_compression_breakdown,0.4917,-0.06,0.4809,-0.02630765123648149,0.4557,0.4787,False,short_compression_breakdown,1.0,True,1714042800000,1714178400000,"[{'amount': 420.0, 'safe_price': 0.4639, 'ft_order_side': 'sell', 'order_filled_timestamp': 1714042800000, 'ft_is_entry': True, 'ft_order_tag': 'short_compression_breakdown', 'cost': 194.935419}, {'amount': 420.0, 'safe_price': 0.4622, 'ft_order_side': 'buy', 'order_filled_timestamp': 1714178400000, 'ft_is_entry': False, 'ft_order_tag': 'profit_lock_compression_breakdown', 'cost': 194.221062}]",0.051255177050406,5
raw_be_profit_lock_3y,Raw + Breakeven + ProfitLock,3y,profit_lock,LINK/USDT:USDT,234.13873,234.13873,16.87,2024-04-27 17:00:00+00:00,2024-04-27 18:00:00+00:00,13.879,14.324,0.0005,0.0005,60,-0.033095407830986315,-7.7450423,stop_loss,14.711,-0.06,14.324,-0.03212902564653386,13.866,14.393,False,short_compression_breakdown,1.0,True,1714237200000,1714240800000,"[{'amount': 16.87, 'safe_price': 13.879, 'ft_order_side': 'sell', 'order_filled_timestamp': 1714237200000, 'ft_is_entry': True, 'ft_order_tag': 'short_compression_breakdown', 'cost': 234.255799365}, {'amount': 16.87, 'safe_price': 14.324, 'ft_order_side': 'buy', 'order_filled_timestamp': 1714240800000, 'ft_is_entry': False, 'ft_order_tag': 'stop_loss', 'cost': 241.76670294}]",0.0,5
raw_be_profit_lock_3y,Raw + Breakeven + ProfitLock,3y,profit_lock,XRP/USDT:USDT,192.04506,192.04506,383.4,2024-04-30 09:00:00+00:00,2024-04-30 14:55:00+00:00,0.5009,0.4992,0.0005,0.0005,355,0.002396786334872367,0.46006083,profit_lock_pullback_restart,0.5309,-0.06,0.5003,-0.026880976810999435,0.4873,0.5046,False,short_pullback_restart,1.0,True,1714467600000,1714488900000,"[{'amount': 383.4, 'safe_price': 0.5009, 'ft_order_side': 'sell', 'order_filled_timestamp': 1714467600000, 'ft_is_entry': True, 'ft_order_tag': 'short_pullback_restart', 'cost': 192.14108253}, {'amount': 383.4, 'safe_price': 0.4992, 'ft_order_side': 'buy', 'order_filled_timestamp': 1714488900000, 'ft_is_entry': False, 'ft_order_tag': 'profit_lock_pullback_restart', 'cost': 191.48897663999998}]",0.0,1
raw_be_profit_lock_3y,Raw + Breakeven + ProfitLock,3y,profit_lock,LINK/USDT:USDT,262.52734,262.52734,18.94,2024-04-28 23:00:00+00:00,2024-05-01 08:20:00+00:00,13.861,12.464,0.0005,0.0005,3440,0.10002311683575775,26.2456734,roi,14.692,-0.06,13.847,-0.022759361843563086,12.393,14.206,False,short_pullback_restart,1.0,True,1714345200000,1714551600000,"[{'amount': 18.94, 'safe_price': 13.861, 'ft_order_side': 'sell', 'order_filled_timestamp': 1714345200000, 'ft_is_entry': True, 'ft_order_tag': 'short_pullback_restart', 'cost': 262.65860367000005}, {'amount': 18.94, 'safe_price': 12.464, 'ft_order_side': 'buy', 'order_filled_timestamp': 1714551600000, 'ft_is_entry': False, 'ft_order_tag': 'roi', 'cost': 236.18619408000004}]",0.03579115220595458,2
raw_be_profit_lock_3y,Raw + Breakeven + ProfitLock,3y,profit_lock,SUI/USDT:USDT,207.96902,207.96902,194.6,2024-05-05 02:00:00+00:00,2024-05-05 07:10:00+00:00,1.0687,1.065,0.0005,0.0005,310,0.002465113908128388,0.51241099,profit_lock_compression_breakdown,1.1328,-0.06,1.1006,-0.033748988759476184,1.0526,1.0731,False,short_compression_breakdown,1.0,True,1714874400000,1714893000000,"[{'amount': 194.6, 'safe_price': 1.0687, 'ft_order_side': 'sell', 'order_filled_timestamp': 1714874400000, 'ft_is_entry': True, 'ft_order_tag': 'short_compression_breakdown', 'cost': 208.07300450999998}, {'amount': 194.6, 'safe_price': 1.065, 'ft_order_side': 'buy', 'order_filled_timestamp': 1714893000000, 'ft_is_entry': False, 'ft_order_tag': 'profit_lock_compression_breakdown', 'cost': 207.3526245}]",0.0,6
raw_be_profit_lock_3y,Raw + Breakeven + ProfitLock,3y,profit_lock,ADA/USDT:USDT,224.1296,224.1296,508.0,2024-05-08 00:00:00+00:00,2024-05-08 14:55:00+00:00,0.4412,0.4561,0.0005,0.0005,895,-0.03481574548633816,-7.79933749,stop_loss,0.4676,-0.06,0.4561,-0.03396651481133861,0.4358,0.4591,False,short_compression_breakdown,1.0,True,1715126400000,1715180100000,"[{'amount': 508.0, 'safe_price': 0.4412, 'ft_order_side': 'sell', 'order_filled_timestamp': 1715126400000, 'ft_is_entry': True, 'ft_order_tag': 'short_compression_breakdown', 'cost': 224.24166479999997}, {'amount': 508.0, 'safe_price': 0.4561, 'ft_order_side': 'buy', 'order_filled_timestamp': 1715180100000, 'ft_is_entry': False, 'ft_order_tag': 'stop_loss', 'cost': 231.81464939999998}]",-0.002223290579216399,2
raw_be_profit_lock_3y,Raw + Breakeven + ProfitLock,3y,profit_lock,BTC/USDT:USDT,244.9072,244.9072,0.004,2024-05-08 23:00:00+00:00,2024-05-09 22:35:00+00:00,61226.8,62900.8,0.0005,0.0005,1415,-0.028205579520538294,-6.90429563,trailing_stop_loss,64900.4,-0.06,62900.8,-0.029255615621880837,60550.0,62924.9,False,short_compression_breakdown,1.0,True,1715209200000,1715294100000,"[{'amount': 0.004, 'safe_price': 61226.8, 'ft_order_side': 'sell', 'order_filled_timestamp': 1715209200000, 'ft_is_entry': True, 'ft_order_tag': 'short_compression_breakdown', 'cost': 245.02965360000002}, {'amount': 0.004, 'safe_price': 62900.8, 'ft_order_side': 'buy', 'order_filled_timestamp': 1715294100000, 'ft_is_entry': False, 'ft_order_tag': 'trailing_stop_loss', 'cost': 251.7290016}]",0.03995957056096339,3
raw_be_profit_lock_3y,Raw + Breakeven + ProfitLock,3y,profit_lock,ETH/USDT:USDT,179.00999,179.00999,0.061,2024-05-10 15:00:00+00:00,2024-05-11 01:15:00+00:00,2934.59,2931.39,0.0005,0.0005,615,0.00021727372357007436,0.03887472,profit_lock_pullback_restart,3110.66,-0.06,3057.31,-0.04182071444073099,2877.0,2944.99,False,short_pullback_restart,1.0,True,1715353200000,1715390100000,"[{'amount': 0.061, 'safe_price': 2934.59, 'ft_order_side': 'sell', 'order_filled_timestamp': 1715353200000, 'ft_is_entry': True, 'ft_order_tag': 'short_pullback_restart', 'cost': 179.09949499500001}, {'amount': 0.061, 'safe_price': 2931.39, 'ft_order_side': 'buy', 'order_filled_timestamp': 1715390100000, 'ft_is_entry': False, 'ft_order_tag': 'profit_lock_pullback_restart', 'cost': 178.90419739499998}]",0.0225871095301,5
raw_be_profit_lock_3y,Raw + Breakeven + ProfitLock,3y,profit_lock,DOGE/USDT:USDT,210.5053,210.5053,1502.0,2024-05-12 08:00:00+00:00,2024-05-13 06:40:00+00:00,0.14015,0.14,0.0005,0.0005,1360,0.0002476338796318241,0.05210218,trailing_stop_loss,0.14855,-0.06,0.14,-0.02189511714473391,0.13574,0.14435,False,short_pullback_restart,1.0,True,1715500800000,1715582400000,"[{'amount': 1502.0, 'safe_price': 0.14015, 'ft_order_side': 'sell', 'order_filled_timestamp': 1715500800000, 'ft_is_entry': True, 'ft_order_tag': 'short_pullback_restart', 'cost': 210.61055265}, {'amount': 1502.0, 'safe_price': 0.14, 'ft_order_side': 'buy', 'order_filled_timestamp': 1715582400000, 'ft_is_entry': False, 'ft_order_tag': 'trailing_stop_loss', 'cost': 210.38514}]",0.0371948316717486,0
raw_be_profit_lock_3y,Raw + Breakeven + ProfitLock,3y,profit_lock,LINK/USDT:USDT,344.34346,344.34346,25.78,2024-05-11 21:00:00+00:00,2024-05-13 06:45:00+00:00,13.357,13.343,0.0005,0.0005,2025,0.0001977234078474747,0.06805072,trailing_stop_loss,14.158,-0.06,13.343,-0.020858618315354738,13.064,13.628,False,short_pullback_restart,1.0,True,1715461200000,1715582700000,"[{'amount': 25.78, 'safe_price': 13.357, 'ft_order_side': 'sell', 'order_filled_timestamp': 1715461200000, 'ft_is_entry': True, 'ft_order_tag': 'short_pullback_restart', 'cost': 344.51563173}, {'amount': 25.78, 'safe_price': 13.343, 'ft_order_side': 'buy', 'order_filled_timestamp': 1715582700000, 'ft_is_entry': False, 'ft_order_tag': 'trailing_stop_loss', 'cost': 344.15453127}]",0.051293718279295596,0
raw_be_profit_lock_3y,Raw + Breakeven + ProfitLock,3y,profit_lock,SUI/USDT:USDT,247.45344,247.45344,249.6,2024-05-13 02:00:00+00:00,2024-05-13 06:45:00+00:00,0.9914,0.9716,0.0005,0.0005,285,0.01899123860901603,4.6970976,profit_giveback_guard,1.0508,-0.06,0.9904,-0.030173288953609267,0.9415,0.9948,False,short_pullback_restart,1.0,True,1715565600000,1715582700000,"[{'amount': 249.6, 'safe_price': 0.9914, 'ft_order_side': 'sell', 'order_filled_timestamp': 1715565600000, 'ft_is_entry': True, 'ft_order_tag': 'short_pullback_restart', 'cost': 247.57716671999995}, {'amount': 249.6, 'safe_price': 0.9716, 'ft_order_side': 'buy', 'order_filled_timestamp': 1715582700000, 'ft_is_entry': False, 'ft_order_tag': 'profit_giveback_guard', 'cost': 242.63261568}]",0.0,0
raw_be_profit_lock_3y,Raw + Breakeven + ProfitLock,3y,profit_lock,XRP/USDT:USDT,194.22766,194.22766,388.3,2024-05-10 15:00:00+00:00,2024-05-13 07:00:00+00:00,0.5002,0.4996,0.0005,0.0005,3840,0.0007168010019306483,0.13915297,trailing_stop_loss,0.5302,-0.06,0.4996,-0.02104577033101762,0.4861,0.5084,False,short_pullback_restart,1.0,True,1715353200000,1715583600000,"[{'amount': 388.3, 'safe_price': 0.5002, 'ft_order_side': 'sell', 'order_filled_timestamp': 1715353200000, 'ft_is_entry': True, 'ft_order_tag': 'short_pullback_restart', 'cost': 194.32477382999997}, {'amount': 388.3, 'safe_price': 0.4996, 'ft_order_side': 'buy', 'order_filled_timestamp': 1715583600000, 'ft_is_entry': False, 'ft_order_tag': 'trailing_stop_loss', 'cost': 194.09167734}]",0.10028413943610008,0
raw_be_profit_lock_3y,Raw + Breakeven + ProfitLock,3y,profit_lock,SOL/USDT:USDT,11.23688,11.23688,0.08,2024-05-13 03:00:00+00:00,2024-05-13 09:25:00+00:00,140.461,146.656,0.0005,0.0005,385,-0.04504717544838302,-0.50593661,stop_loss,148.888,-0.06,146.656,-0.044110568593384025,137.78,147.444,False,short_pullback_restart,1.0,True,1715569200000,1715592300000,"[{'amount': 0.08, 'safe_price': 140.461, 'ft_order_side': 'sell', 'order_filled_timestamp': 1715569200000, 'ft_is_entry': True, 'ft_order_tag': 'short_pullback_restart', 'cost': 11.24249844}, {'amount': 0.08, 'safe_price': 146.656, 'ft_order_side': 'buy', 'order_filled_timestamp': 1715592300000, 'ft_is_entry': False, 'ft_order_tag': 'stop_loss', 'cost': 11.73834624}]",0.001148072,0
raw_be_profit_lock_3y,Raw + Breakeven + ProfitLock,3y,profit_lock,TRX/USDT:USDT,354.34736,354.34736,3184.0,2024-05-30 03:00:00+00:00,2024-05-31 05:10:00+00:00,0.11129,0.11258,0.0005,0.0005,1570,-0.012302516864203795,-4.35718469,stop_loss,0.11796,-0.06,0.11258,-0.011608622553792136,0.11062,0.11288,False,short_pullback_restart,1.0,True,1717038000000,1717132200000,"[{'amount': 3184.0, 'safe_price': 0.11129, 'ft_order_side': 'sell', 'order_filled_timestamp': 1717038000000, 'ft_is_entry': True, 'ft_order_tag': 'short_pullback_restart', 'cost': 354.52453367999993}, {'amount': 3184.0, 'safe_price': 0.11258, 'ft_order_side': 'buy', 'order_filled_timestamp': 1717132200000, 'ft_is_entry': False, 'ft_order_tag': 'stop_loss', 'cost': 358.63394736}]",0.106576354032,4
raw_be_profit_lock_3y,Raw + Breakeven + ProfitLock,3y,profit_lock,SUI/USDT:USDT,352.77632,352.77632,348.8,2024-06-02 10:00:00+00:00,2024-06-02 14:50:00+00:00,1.0114,1.0331,0.0005,0.0005,290,-0.022477374736409136,-7.9255208,stop_loss,1.072,-0.06,1.0331,-0.021460367564464677,1.0077,1.0332,False,short_pullback_restart,1.0,True,1717322400000,1717339800000,"[{'amount': 348.8, 'safe_price': 1.0114, 'ft_order_side': 'sell', 'order_filled_timestamp': 1717322400000, 'ft_is_entry': True, 'ft_order_tag': 'short_pullback_restart', 'cost': 352.95270816000004}, {'amount': 348.8, 'safe_price': 1.0331, 'ft_order_side': 'buy', 'order_filled_timestamp': 1717339800000, 'ft_is_entry': False, 'ft_order_tag': 'stop_loss', 'cost': 360.52545263999997}]",0.0,6
raw_be_profit_lock_3y,Raw + Breakeven + ProfitLock,3y,profit_lock,BNB/USDT:USDT,344.773,344.773,0.55,2024-06-04 00:00:00+00:00,2024-06-05 00:15:00+00:00,626.86,690.63,0.0005,0.0005,1455,0.09999536903503418,34.49294122,roi,589.25,-0.06,627.49,-0.020760529970817232,625.18,691.11,False,long_1d_center_compression,1.0,False,1717459200000,1717546500000,"[{'amount': 0.55, 'safe_price': 626.86, 'ft_order_side': 'buy', 'order_filled_timestamp': 1717459200000, 'ft_is_entry': True, 'ft_order_tag': 'long_1d_center_compression', 'cost': 344.9453865}, {'amount': 0.55, 'safe_price': 690.63, 'ft_order_side': 'sell', 'order_filled_timestamp': 1717546500000, 'ft_is_entry': False, 'ft_order_tag': 'roi', 'cost': 380.03642325000004}]",-0.2182490312705667,2
raw_be_profit_lock_3y,Raw + Breakeven + ProfitLock,3y,profit_lock,SOL/USDT:USDT,361.22736,361.22736,2.08,2024-06-06 00:00:00+00:00,2024-06-06 19:30:00+00:00,173.667,170.195,0.0005,0.0005,1170,-0.021541771673508694,-7.78536805,stop_loss,163.247,-0.06,170.195,-0.019994350606152844,169.5,174.49,False,long_1d_center_compression,1.0,False,1717632000000,1717702200000,"[{'amount': 2.08, 'safe_price': 173.667, 'ft_order_side': 'buy', 'order_filled_timestamp': 1717632000000, 'ft_is_entry': True, 'ft_order_tag': 'long_1d_center_compression', 'cost': 361.40797368}, {'amount': 2.08, 'safe_price': 170.195, 'ft_order_side': 'sell', 'order_filled_timestamp': 1717702200000, 'ft_is_entry': False, 'ft_order_tag': 'stop_loss', 'cost': 354.1826028}]",-0.20599156781728034,3
raw_be_profit_lock_3y,Raw + Breakeven + ProfitLock,3y,profit_lock,TAO/USDT:USDT,219.16116,219.16116,0.614,2024-06-10 05:00:00+00:00,2024-06-10 08:35:00+00:00,356.94,348.48,0.0005,0.0005,215,0.022772222520412267,4.98829131,profit_giveback_guard,378.35,-0.06,356.58,-0.028387437272884508,337.03,358.84,False,short_pullback_restart,1.0,True,1717995600000,1718008500000,"[{'amount': 0.614, 'safe_price': 356.94, 'ft_order_side': 'sell', 'order_filled_timestamp': 1717995600000, 'ft_is_entry': True, 'ft_order_tag': 'short_pullback_restart', 'cost': 219.27074058}, {'amount': 0.614, 'safe_price': 348.48, 'ft_order_side': 'buy', 'order_filled_timestamp': 1718008500000, 'ft_is_entry': False, 'ft_order_tag': 'profit_giveback_guard', 'cost': 214.07370336}]",0.010415247336937,0
raw_be_profit_lock_3y,Raw + Breakeven + ProfitLock,3y,profit_lock,ADA/USDT:USDT,359.16,359.16,820.0,2024-06-10 07:00:00+00:00,2024-06-10 09:55:00+00:00,0.438,0.4466,0.0005,0.0005,175,-0.02055527418459202,-7.37894096,stop_loss,0.4642,-0.06,0.4466,-0.01967305625410387,0.4349,0.4494,False,short_pullback_restart,1.0,True,1718002800000,1718013300000,"[{'amount': 820.0, 'safe_price': 0.438, 'ft_order_side': 'sell', 'order_filled_timestamp': 1718002800000, 'ft_is_entry': True, 'ft_order_tag': 'short_pullback_restart', 'cost': 359.33958}, {'amount': 820.0, 'safe_price': 0.4466, 'ft_order_side': 'buy', 'order_filled_timestamp': 1718013300000, 'ft_is_entry': False, 'ft_order_tag': 'stop_loss', 'cost': 366.39510599999994}]",0.03574504312,0
raw_be_profit_lock_3y,Raw + Breakeven + ProfitLock,3y,profit_lock,SOL/USDT:USDT,173.22872,173.22872,1.18,2024-06-13 16:00:00+00:00,2024-06-14 16:05:00+00:00,146.804,143.211,0.0005,0.0005,1445,0.023879362357972996,4.13452308,profit_lock_compression_breakdown,155.612,-0.06,146.657,-0.023006549989885494,139.5,149.711,False,short_compression_breakdown,1.0,True,1718294400000,1718381100000,"[{'amount': 1.18, 'safe_price': 146.804, 'ft_order_side': 'sell', 'order_filled_timestamp': 1718294400000, 'ft_is_entry': True, 'ft_order_tag': 'short_compression_breakdown', 'cost': 173.31533435999998}, {'amount': 1.18, 'safe_price': 143.211, 'ft_order_side': 'buy', 'order_filled_timestamp': 1718381100000, 'ft_is_entry': False, 'ft_order_tag': 'profit_lock_compression_breakdown', 'cost': 169.07347449}]",0.06589192624886472,4
raw_be_profit_lock_3y,Raw + Breakeven + ProfitLock,3y,profit_lock,XRP/USDT:USDT,358.5491,358.5491,746.2,2024-06-13 16:00:00+00:00,2024-06-14 16:05:00+00:00,0.4805,0.4738,0.0005,0.0005,1445,0.013354867681703698,4.7859816,profit_lock_compression_breakdown,0.5093,-0.06,0.48,-0.04716295811518334,0.4584,0.4849,False,short_compression_breakdown,1.0,True,1718294400000,1718381100000,"[{'amount': 746.2, 'safe_price': 0.4805, 'ft_order_side': 'sell', 'order_filled_timestamp': 1718294400000, 'ft_is_entry': True, 'ft_order_tag': 'short_compression_breakdown', 'cost': 358.72837455}, {'amount': 746.2, 'safe_price': 0.4738, 'ft_order_side': 'buy', 'order_filled_timestamp': 1718381100000, 'ft_is_entry': False, 'ft_order_tag': 'profit_lock_compression_breakdown', 'cost': 353.72633478}]",0.14249092992680001,4
raw_be_profit_lock_3y,Raw + Breakeven + ProfitLock,3y,profit_lock,LINK/USDT:USDT,197.508,197.508,13.08,2024-06-13 16:00:00+00:00,2024-06-14 16:05:00+00:00,15.1,15.128,0.0005,0.0005,1445,-0.002453947369820763,-0.4844319,profit_lock_compression_breakdown,16.006,-0.06,15.084,-0.034416786669409616,14.583,15.478,False,short_compression_breakdown,1.0,True,1718294400000,1718381100000,"[{'amount': 13.08, 'safe_price': 15.1, 'ft_order_side': 'sell', 'order_filled_timestamp': 1718294400000, 'ft_is_entry': True, 'ft_order_tag': 'short_compression_breakdown', 'cost': 197.606754}, {'amount': 13.08, 'safe_price': 15.128, 'ft_order_side': 'buy', 'order_filled_timestamp': 1718381100000, 'ft_is_entry': False, 'ft_order_tag': 'profit_lock_compression_breakdown', 'cost': 197.97317712}]",0.07949921990388001,4
raw_be_profit_lock_3y,Raw + Breakeven + ProfitLock,3y,profit_lock,DOGE/USDT:USDT,249.21144,249.21144,1788.0,2024-06-14 16:00:00+00:00,2024-06-14 16:05:00+00:00,0.13938,0.13907,0.0005,0.0005,5,0.0013259232305660182,0.33027002,profit_giveback_guard,0.14774,-0.06,0.13924,-0.06290549618320607,0.131,0.13961,False,short_pullback_restart,1.0,True,1718380800000,1718381100000,"[{'amount': 1788.0, 'safe_price': 0.13938, 'ft_order_side': 'sell', 'order_filled_timestamp': 1718380800000, 'ft_is_entry': True, 'ft_order_tag': 'short_pullback_restart', 'cost': 249.33604572}, {'amount': 1788.0, 'safe_price': 0.13907, 'ft_order_side': 'buy', 'order_filled_timestamp': 1718381100000, 'ft_is_entry': False, 'ft_order_tag': 'profit_giveback_guard', 'cost': 248.78148858}]",0.024924323063999998,4
raw_be_profit_lock_3y,Raw + Breakeven + ProfitLock,3y,profit_lock,ADA/USDT:USDT,45.9096,45.9096,111.0,2024-06-14 16:00:00+00:00,2024-06-14 16:05:00+00:00,0.4136,0.412,0.0005,0.0005,5,0.002971892135622937,0.13637016,profit_lock_compression_breakdown,0.4384,-0.06,0.4131,-0.04155886059994951,0.3967,0.4142,False,short_compression_breakdown,1.0,True,1718380800000,1718381100000,"[{'amount': 111.0, 'safe_price': 0.4136, 'ft_order_side': 'sell', 'order_filled_timestamp': 1718380800000, 'ft_is_entry': True, 'ft_order_tag': 'short_compression_breakdown', 'cost': 45.932554800000005}, {'amount': 111.0, 'safe_price': 0.412, 'ft_order_side': 'buy', 'order_filled_timestamp': 1718381100000, 'ft_is_entry': False, 'ft_order_tag': 'profit_lock_compression_breakdown', 'cost': 45.754866}]",0.004590960000000001,4
raw_be_profit_lock_3y,Raw + Breakeven + ProfitLock,3y,profit_lock,LINK/USDT:USDT,361.49325,361.49325,24.45,2024-06-15 21:00:00+00:00,2024-06-16 13:15:00+00:00,14.785,15.063,0.0005,0.0005,975,-0.019680802583849966,-7.11092005,trailing_stop_loss,15.672,-0.06,15.063,-0.013432496073941369,14.561,15.08,False,short_pullback_restart,1.0,True,1718485200000,1718543700000,"[{'amount': 24.45, 'safe_price': 14.785, 'ft_order_side': 'sell', 'order_filled_timestamp': 1718485200000, 'ft_is_entry': True, 'ft_order_tag': 'short_pullback_restart', 'cost': 361.673996625}, {'amount': 24.45, 'safe_price': 15.063, 'ft_order_side': 'buy', 'order_filled_timestamp': 1718543700000, 'ft_is_entry': False, 'ft_order_tag': 'trailing_stop_loss', 'cost': 368.47449517499996}]",0.051071750223,6
raw_be_profit_lock_3y,Raw + Breakeven + ProfitLock,3y,profit_lock,SOL/USDT:USDT,360.69768,360.69768,2.52,2024-06-16 05:00:00+00:00,2024-06-16 13:25:00+00:00,143.134,145.837,0.0005,0.0005,505,-0.019802836820711805,-7.13926588,trailing_stop_loss,151.722,-0.06,145.837,-0.010428867044600443,143.02,145.971,False,short_pullback_restart,1.0,True,1718514000000,1718544300000,"[{'amount': 2.52, 'safe_price': 143.134, 'ft_order_side': 'sell', 'order_filled_timestamp': 1718514000000, 'ft_is_entry': True, 'ft_order_tag': 'short_pullback_restart', 'cost': 360.87802883999996}, {'amount': 2.52, 'safe_price': 145.837, 'ft_order_side': 'buy', 'order_filled_timestamp': 1718544300000, 'ft_is_entry': False, 'ft_order_tag': 'trailing_stop_loss', 'cost': 367.69299462}]",0.03639758415048001,6
raw_be_profit_lock_3y,Raw + Breakeven + ProfitLock,3y,profit_lock,DOGE/USDT:USDT,180.61134,180.61134,1482.0,2024-06-19 15:00:00+00:00,2024-06-20 11:05:00+00:00,0.12187,0.12701,0.0005,0.0005,1205,-0.04324826870716945,-7.8072222,stop_loss,0.12918,-0.06,0.12701,-0.042210836646065175,0.12137,0.12872,False,short_pullback_restart,1.0,True,1718809200000,1718881500000,"[{'amount': 1482.0, 'safe_price': 0.12187, 'ft_order_side': 'sell', 'order_filled_timestamp': 1718809200000, 'ft_is_entry': True, 'ft_order_tag': 'short_pullback_restart', 'cost': 180.70164567}, {'amount': 1482.0, 'safe_price': 0.12701, 'ft_order_side': 'buy', 'order_filled_timestamp': 1718881500000, 'ft_is_entry': False, 'ft_order_tag': 'stop_loss', 'cost': 188.32293441000002}]",-0.005322122202891003,3
raw_be_profit_lock_3y,Raw + Breakeven + ProfitLock,3y,profit_lock,ETH/USDT:USDT,307.74598,307.74598,0.089,2024-06-21 09:00:00+00:00,2024-06-21 20:05:00+00:00,3457.82,3540.41,0.0005,0.0005,665,-0.0248083669447081,-7.63085786,trailing_stop_loss,3665.28,-0.06,3540.41,-0.008664140402421694,3452.07,3541.85,False,short_compression_breakdown,1.0,True,1718960400000,1719000300000,"[{'amount': 0.089, 'safe_price': 3457.82, 'ft_order_side': 'sell', 'order_filled_timestamp': 1718960400000, 'ft_is_entry': True, 'ft_order_tag': 'short_compression_breakdown', 'cost': 307.89985298999994}, {'amount': 0.089, 'safe_price': 3540.41, 'ft_order_side': 'buy', 'order_filled_timestamp': 1719000300000, 'ft_is_entry': False, 'ft_order_tag': 'trailing_stop_loss', 'cost': 315.25403824499995}]",0.031073370999999995,4
raw_be_profit_lock_3y,Raw + Breakeven + ProfitLock,3y,profit_lock,SOL/USDT:USDT,195.186,195.186,1.5,2024-06-21 09:00:00+00:00,2024-06-21 23:00:00+00:00,130.124,135.158,0.0005,0.0005,840,-0.039683869170145,-7.74186282,stop_loss,137.931,-0.06,135.158,-0.038691606967500736,128.639,135.35,False,short_compression_breakdown,1.0,True,1718960400000,1719010800000,"[{'amount': 1.5, 'safe_price': 130.124, 'ft_order_side': 'sell', 'order_filled_timestamp': 1718960400000, 'ft_is_entry': True, 'ft_order_tag': 'short_compression_breakdown', 'cost': 195.28359299999997}, {'amount': 1.5, 'safe_price': 135.158, 'ft_order_side': 'buy', 'order_filled_timestamp': 1719010800000, 'ft_is_entry': False, 'ft_order_tag': 'stop_loss', 'cost': 202.83836849999994}]",0.00809867872415865,4
raw_be_profit_lock_3y,Raw + Breakeven + ProfitLock,3y,profit_lock,TAO/USDT:USDT,226.20246,226.20246,0.814,2024-06-22 20:00:00+00:00,2024-06-23 04:00:00+00:00,277.89,287.03,0.0005,0.0005,480,-0.03385775266755161,-7.65487759,stop_loss,294.56,-0.06,287.03,-0.03290641186429433,276.38,287.36,False,short_pullback_restart,1.0,True,1719086400000,1719115200000,"[{'amount': 0.814, 'safe_price': 277.89, 'ft_order_side': 'sell', 'order_filled_timestamp': 1719086400000, 'ft_is_entry': True, 'ft_order_tag': 'short_pullback_restart', 'cost': 226.31556122999996}, {'amount': 0.814, 'safe_price': 287.03, 'ft_order_side': 'buy', 'order_filled_timestamp': 1719115200000, 'ft_is_entry': False, 'ft_order_tag': 'stop_loss', 'cost': 233.75924120999994}]",0.01500484971208628,6
raw_be_profit_lock_3y,Raw + Breakeven + ProfitLock,3y,profit_lock,ADA/USDT:USDT,208.5456,208.5456,552.0,2024-06-21 14:00:00+00:00,2024-06-23 09:15:00+00:00,0.3778,0.3915,0.0005,0.0005,2595,-0.03690710034972374,-7.69296498,stop_loss,0.4004,-0.06,0.3915,-0.036332611560569106,0.3711,0.3924,False,short_pullback_restart,1.0,True,1718978400000,1719134100000,"[{'amount': 552.0, 'safe_price': 0.3778, 'ft_order_side': 'sell', 'order_filled_timestamp': 1718978400000, 'ft_is_entry': True, 'ft_order_tag': 'short_pullback_restart', 'cost': 208.6498728}, {'amount': 552.0, 'safe_price': 0.3915, 'ft_order_side': 'buy', 'order_filled_timestamp': 1719134100000, 'ft_is_entry': False, 'ft_order_tag': 'stop_loss', 'cost': 216.21605399999999}]",0.0817618208014296,6
raw_be_profit_lock_3y,Raw + Breakeven + ProfitLock,3y,profit_lock,BTC/USDT:USDT,254.4544,254.4544,0.004,2024-06-21 09:00:00+00:00,2024-06-24 09:30:00+00:00,63613.6,62129.6,0.0005,0.0005,4350,0.023059875181375037,5.86475286,profit_lock_compression_breakdown,67430.4,-0.06,63549.9,-0.020996486357524047,60580.0,64520.0,False,short_compression_breakdown,1.0,True,1718960400000,1719221400000,"[{'amount': 0.004, 'safe_price': 63613.6, 'ft_order_side': 'sell', 'order_filled_timestamp': 1718960400000, 'ft_is_entry': True, 'ft_order_tag': 'short_compression_breakdown', 'cost': 254.58162719999999}, {'amount': 0.004, 'safe_price': 62129.6, 'ft_order_side': 'buy', 'order_filled_timestamp': 1719221400000, 'ft_is_entry': False, 'ft_order_tag': 'profit_lock_compression_breakdown', 'cost': 248.64265919999997}]",0.18023925860068002,0
raw_be_profit_lock_3y,Raw + Breakeven + ProfitLock,3y,profit_lock,TAO/USDT:USDT,170.875,170.875,0.625,2024-06-27 06:00:00+00:00,2024-06-27 12:30:00+00:00,273.4,285.24,0.0005,0.0005,390,-0.0442487276117942,-7.55722083,stop_loss,289.8,-0.06,285.24,-0.04331339547995161,272.25,285.65,False,short_pullback_restart,1.0,True,1719468000000,1719491400000,"[{'amount': 0.625, 'safe_price': 273.4, 'ft_order_side': 'sell', 'order_filled_timestamp': 1719468000000, 'ft_is_entry': True, 'ft_order_tag': 'short_pullback_restart', 'cost': 170.96043749999998}, {'amount': 0.625, 'safe_price': 285.24, 'ft_order_side': 'buy', 'order_filled_timestamp': 1719491400000, 'ft_is_entry': False, 'ft_order_tag': 'stop_loss', 'cost': 178.3641375}]",0.0173541739990625,3
raw_be_profit_lock_3y,Raw + Breakeven + ProfitLock,3y,profit_lock,DOGE/USDT:USDT,239.7229,239.7229,1982.0,2024-06-27 06:00:00+00:00,2024-06-27 13:05:00+00:00,0.12095,0.12468,0.0005,0.0005,425,-0.03177029438385643,-7.61225907,stop_loss,0.1282,-0.06,0.12468,-0.03086485701092223,0.12059,0.1247,False,short_compression_breakdown,1.0,True,1719468000000,1719493500000,"[{'amount': 1982.0, 'safe_price': 0.12095, 'ft_order_side': 'sell', 'order_filled_timestamp': 1719468000000, 'ft_is_entry': True, 'ft_order_tag': 'short_compression_breakdown', 'cost': 239.84276144999998}, {'amount': 1982.0, 'safe_price': 0.12468, 'ft_order_side': 'buy', 'order_filled_timestamp': 1719493500000, 'ft_is_entry': False, 'ft_order_tag': 'stop_loss', 'cost': 247.23931788}]",0.024020256382,3
raw_be_profit_lock_3y,Raw + Breakeven + ProfitLock,3y,profit_lock,XRP/USDT:USDT,345.3372,345.3372,733.2,2024-06-26 11:00:00+00:00,2024-06-28 07:50:00+00:00,0.471,0.4786,0.0005,0.0005,2690,-0.016693072740207975,-5.76185663,stop_loss,0.4992,-0.06,0.4786,-0.01628773025140151,0.4644,0.4794,False,short_pullback_restart,1.0,True,1719399600000,1719561000000,"[{'amount': 733.2, 'safe_price': 0.471, 'ft_order_side': 'sell', 'order_filled_timestamp': 1719399600000, 'ft_is_entry': True, 'ft_order_tag': 'short_pullback_restart', 'cost': 345.5098686}, {'amount': 733.2, 'safe_price': 0.4786, 'ft_order_side': 'buy', 'order_filled_timestamp': 1719561000000, 'ft_is_entry': False, 'ft_order_tag': 'stop_loss', 'cost': 351.08497476}]",0.15858672560640003,4
raw_be_profit_lock_3y,Raw + Breakeven + ProfitLock,3y,profit_lock,SUI/USDT:USDT,255.14711,255.14711,325.9,2024-06-29 23:00:00+00:00,2024-06-30 13:55:00+00:00,0.7829,0.8051,0.0005,0.0005,895,-0.029192905272202977,-7.44476117,stop_loss,0.8298,-0.06,0.8051,-0.028397025725807712,0.7721,0.8051,False,short_pullback_restart,1.0,True,1719702000000,1719755700000,"[{'amount': 325.9, 'safe_price': 0.7829, 'ft_order_side': 'sell', 'order_filled_timestamp': 1719702000000, 'ft_is_entry': True, 'ft_order_tag': 'short_pullback_restart', 'cost': 255.274683555}, {'amount': 325.9, 'safe_price': 0.8051, 'ft_order_side': 'buy', 'order_filled_timestamp': 1719755700000, 'ft_is_entry': False, 'ft_order_tag': 'stop_loss', 'cost': 262.513281045}]",0.04898342818297963,6
raw_be_profit_lock_3y,Raw + Breakeven + ProfitLock,3y,profit_lock,XRP/USDT:USDT,338.11635,338.11635,716.5,2024-06-29 23:00:00+00:00,2024-06-30 22:25:00+00:00,0.4719,0.4771,0.0005,0.0005,1405,-0.011781398301785312,-3.98149165,stop_loss,0.5002,-0.06,0.4771,-0.011065796134481554,0.4697,0.4771,False,short_pullback_restart,1.0,True,1719702000000,1719786300000,"[{'amount': 716.5, 'safe_price': 0.4719, 'ft_order_side': 'sell', 'order_filled_timestamp': 1719702000000, 'ft_is_entry': True, 'ft_order_tag': 'short_pullback_restart', 'cost': 338.285408175}, {'amount': 716.5, 'safe_price': 0.4771, 'ft_order_side': 'buy', 'order_filled_timestamp': 1719786300000, 'ft_is_entry': False, 'ft_order_tag': 'stop_loss', 'cost': 342.01307107499997}]",0.08428760390634521,6
raw_be_profit_lock_3y,Raw + Breakeven + ProfitLock,3y,profit_lock,ETH/USDT:USDT,189.34929,189.34929,0.059,2024-07-04 02:00:00+00:00,2024-07-04 02:00:00+00:00,3209.31,3209.31,0.0005,0.0005,0,-0.0010005002501250625,-0.18934929,profit_lock_compression_breakdown,3401.86,-0.06,3330.57,-0.03778468079002972,3152.54,3210.2,False,short_compression_breakdown,1.0,True,1720058400000,1720058400000,"[{'amount': 0.059, 'safe_price': 3209.31, 'ft_order_side': 'sell', 'order_filled_timestamp': 1720058400000, 'ft_is_entry': True, 'ft_order_tag': 'short_compression_breakdown', 'cost': 189.443964645}, {'amount': 0.059, 'safe_price': 3209.31, 'ft_order_side': 'buy', 'order_filled_timestamp': 1720058400000, 'ft_is_entry': False, 'ft_order_tag': 'profit_lock_compression_breakdown', 'cost': 189.443964645}]",0.0,3
raw_be_profit_lock_3y,Raw + Breakeven + ProfitLock,3y,profit_lock,BNB/USDT:USDT,155.8228,155.8228,0.29,2024-07-04 02:00:00+00:00,2024-07-04 02:00:00+00:00,537.32,537.32,0.0005,0.0005,0,-0.0010005002501250627,-0.1558228,profit_lock_compression_breakdown,569.55,-0.06,561.7,-0.04539175891897518,527.36,538.64,False,short_compression_breakdown,1.0,True,1720058400000,1720058400000,"[{'amount': 0.29, 'safe_price': 537.32, 'ft_order_side': 'sell', 'order_filled_timestamp': 1720058400000, 'ft_is_entry': True, 'ft_order_tag': 'short_compression_breakdown', 'cost': 155.9007114}, {'amount': 0.29, 'safe_price': 537.32, 'ft_order_side': 'buy', 'order_filled_timestamp': 1720058400000, 'ft_is_entry': False, 'ft_order_tag': 'profit_lock_compression_breakdown', 'cost': 155.9007114}]",0.0,3
raw_be_profit_lock_3y,Raw + Breakeven + ProfitLock,3y,profit_lock,TRX/USDT:USDT,334.0632,334.0632,2616.0,2024-07-02 00:00:00+00:00,2024-07-05 02:45:00+00:00,0.1277,0.12515,0.0005,0.0005,4485,-0.02118133487240177,-7.07944246,stop_loss,0.12004,-0.06,0.12515,-0.019999987647789208,0.1249,0.13007,False,long_1d_center_compression,1.0,False,1719878400000,1720147500000,"[{'amount': 2616.0, 'safe_price': 0.1277, 'ft_order_side': 'buy', 'order_filled_timestamp': 1719878400000, 'ft_is_entry': True, 'ft_order_tag': 'long_1d_center_compression', 'cost': 334.23023159999997}, {'amount': 2616.0, 'safe_price': 0.12515, 'ft_order_side': 'sell', 'order_filled_timestamp': 1720147500000, 'ft_is_entry': False, 'ft_order_tag': 'stop_loss', 'cost': 327.5560962}]",-0.07791466467947761,4
raw_be_profit_lock_3y,Raw + Breakeven + ProfitLock,3y,profit_lock,ADA/USDT:USDT,158.4645,158.4645,445.0,2024-07-07 14:00:00+00:00,2024-07-08 02:30:00+00:00,0.3561,0.3424,0.0005,0.0005,750,0.0376724356675528,5.96675881,profit_lock_pullback_restart,0.3774,-0.06,0.3557,-0.020493115318416466,0.3296,0.3626,False,short_pullback_restart,1.0,True,1720360800000,1720405800000,"[{'amount': 445.0, 'safe_price': 0.3561, 'ft_order_side': 'sell', 'order_filled_timestamp': 1720360800000, 'ft_is_entry': True, 'ft_order_tag': 'short_pullback_restart', 'cost': 158.54373225}, {'amount': 445.0, 'safe_price': 0.3424, 'ft_order_side': 'buy', 'order_filled_timestamp': 1720405800000, 'ft_is_entry': False, 'ft_order_tag': 'profit_lock_pullback_restart', 'cost': 152.44418399999998}]",0.025675063095,0
raw_be_profit_lock_3y,Raw + Breakeven + ProfitLock,3y,profit_lock,ETH/USDT:USDT,261.25926,261.25926,0.087,2024-07-07 08:00:00+00:00,2024-07-08 06:20:00+00:00,3002.98,2929.23,0.0005,0.0005,1340,0.023823378314301844,6.22096615,profit_giveback_guard,3183.15,-0.06,2999.97,-0.0252826452494872,2821.26,3031.83,False,short_pullback_restart,1.0,True,1720339200000,1720419600000,"[{'amount': 0.087, 'safe_price': 3002.98, 'ft_order_side': 'sell', 'order_filled_timestamp': 1720339200000, 'ft_is_entry': True, 'ft_order_tag': 'short_pullback_restart', 'cost': 261.38988962999997}, {'amount': 0.087, 'safe_price': 2929.23, 'ft_order_side': 'buy', 'order_filled_timestamp': 1720419600000, 'ft_is_entry': False, 'ft_order_tag': 'profit_giveback_guard', 'cost': 254.97043150499997}]",0.06276728291647098,0
raw_be_profit_lock_3y,Raw + Breakeven + ProfitLock,3y,profit_lock,DOGE/USDT:USDT,220.92484,220.92484,2084.0,2024-07-10 01:00:00+00:00,2024-07-10 04:25:00+00:00,0.10601,0.10946,0.0005,0.0005,205,-0.03357716024317224,-7.41431974,stop_loss,0.11237,-0.06,0.10946,-0.032572036171373275,0.10564,0.10975,False,short_pullback_restart,1.0,True,1720573200000,1720585500000,"[{'amount': 2084.0, 'safe_price': 0.10601, 'ft_order_side': 'sell', 'order_filled_timestamp': 1720573200000, 'ft_is_entry': True, 'ft_order_tag': 'short_pullback_restart', 'cost': 221.03530241999997}, {'amount': 2084.0, 'safe_price': 0.10946, 'ft_order_side': 'buy', 'order_filled_timestamp': 1720585500000, 'ft_is_entry': False, 'ft_order_tag': 'stop_loss', 'cost': 228.22869732}]",0.0,2
raw_be_profit_lock_3y,Raw + Breakeven + ProfitLock,3y,profit_lock,LINK/USDT:USDT,209.67792,209.67792,16.62,2024-07-11 04:00:00+00:00,2024-07-11 12:30:00+00:00,12.616,13.046,0.0005,0.0005,510,-0.03501673751983123,-7.33856557,stop_loss,13.372,-0.06,13.046,-0.03412252025809859,12.591,13.16,False,short_pullback_restart,1.0,True,1720670400000,1720701000000,"[{'amount': 16.62, 'safe_price': 12.616, 'ft_order_side': 'sell', 'order_filled_timestamp': 1720670400000, 'ft_is_entry': True, 'ft_order_tag': 'short_pullback_restart', 'cost': 209.78275896}, {'amount': 16.62, 'safe_price': 13.046, 'ft_order_side': 'buy', 'order_filled_timestamp': 1720701000000, 'ft_is_entry': False, 'ft_order_tag': 'stop_loss', 'cost': 216.93293226}]",0.021285646657980006,3
raw_be_profit_lock_3y,Raw + Breakeven + ProfitLock,3y,profit_lock,LINK/USDT:USDT,159.55244,159.55244,12.68,2024-07-25 19:00:00+00:00,2024-07-26 02:25:00+00:00,12.583,13.134,0.0005,0.0005,445,-0.0449131889455418,-7.16242588,trailing_stop_loss,13.337,-0.06,13.134,-0.04651361069881754,12.462,13.205,False,short_compression_breakdown,1.0,True,1721934000000,1721960700000,"[{'amount': 12.68, 'safe_price': 12.583, 'ft_order_side': 'sell', 'order_filled_timestamp': 1721934000000, 'ft_is_entry': True, 'ft_order_tag': 'short_compression_breakdown', 'cost': 159.63221621999998}, {'amount': 12.68, 'safe_price': 13.134, 'ft_order_side': 'buy', 'order_filled_timestamp': 1721960700000, 'ft_is_entry': False, 'ft_order_tag': 'trailing_stop_loss', 'cost': 166.62238956}]",-0.012700097310450562,4
raw_be_profit_lock_3y,Raw + Breakeven + ProfitLock,3y,profit_lock,SUI/USDT:USDT,196.95533,196.95533,271.7,2024-07-30 15:00:00+00:00,2024-07-31 00:50:00+00:00,0.7249,0.7103,0.0005,0.0005,590,0.019072218037961955,3.75449681,profit_lock_compression_breakdown,0.7683,-0.06,0.7241,-0.022557328438294055,0.6934,0.7353,False,short_compression_breakdown,1.0,True,1722351600000,1722387000000,"[{'amount': 271.7, 'safe_price': 0.7249, 'ft_order_side': 'sell', 'order_filled_timestamp': 1722351600000, 'ft_is_entry': True, 'ft_order_tag': 'short_compression_breakdown', 'cost': 197.05380766499997}, {'amount': 271.7, 'safe_price': 0.7103, 'ft_order_side': 'buy', 'order_filled_timestamp': 1722387000000, 'ft_is_entry': False, 'ft_order_tag': 'profit_lock_compression_breakdown', 'cost': 193.08500425499997}]",-0.01735126939586469,2
raw_be_profit_lock_3y,Raw + Breakeven + ProfitLock,3y,profit_lock,LINK/USDT:USDT,210.43762,210.43762,16.19,2024-07-31 17:00:00+00:00,2024-07-31 20:05:00+00:00,12.998,12.948,0.0005,0.0005,185,0.0028500940730405203,0.59946713,profit_lock_compression_breakdown,13.777,-0.06,13.433,-0.0335367997805327,12.803,13.146,False,short_compression_breakdown,1.0,True,1722445200000,1722456300000,"[{'amount': 16.19, 'safe_price': 12.998, 'ft_order_side': 'sell', 'order_filled_timestamp': 1722445200000, 'ft_is_entry': True, 'ft_order_tag': 'short_compression_breakdown', 'cost': 210.54283881}, {'amount': 16.19, 'safe_price': 12.948, 'ft_order_side': 'buy', 'order_filled_timestamp': 1722456300000, 'ft_is_entry': False, 'ft_order_tag': 'profit_lock_compression_breakdown', 'cost': 209.73293406000002}]",0.0,2
raw_be_profit_lock_3y,Raw + Breakeven + ProfitLock,3y,profit_lock,LINK/USDT:USDT,180.54896,180.54896,14.24,2024-08-01 05:00:00+00:00,2024-08-01 19:30:00+00:00,12.679,12.4,0.0005,0.0005,870,0.020987989683545823,3.78746503,profit_lock_compression_breakdown,13.439,-0.06,12.666,-0.024866170402136012,12.113,13.093,False,short_compression_breakdown,1.0,True,1722488400000,1722540600000,"[{'amount': 14.24, 'safe_price': 12.679, 'ft_order_side': 'sell', 'order_filled_timestamp': 1722488400000, 'ft_is_entry': True, 'ft_order_tag': 'short_compression_breakdown', 'cost': 180.63923447999997}, {'amount': 14.24, 'safe_price': 12.4, 'ft_order_side': 'buy', 'order_filled_timestamp': 1722540600000, 'ft_is_entry': False, 'ft_order_tag': 'profit_lock_compression_breakdown', 'cost': 176.664288}]",-0.006932491952,3
raw_be_profit_lock_3y,Raw + Breakeven + ProfitLock,3y,profit_lock,DOGE/USDT:USDT,177.52724,177.52724,1606.0,2024-08-03 16:00:00+00:00,2024-08-03 23:20:00+00:00,0.11054,0.10841,0.0005,0.0005,440,0.018327310154735675,3.25196999,profit_giveback_guard,0.11717,-0.06,0.11042,-0.02249499999999993,0.10517,0.11129,False,short_pullback_restart,1.0,True,1722700800000,1722727200000,"[{'amount': 1606.0, 'safe_price': 0.11054, 'ft_order_side': 'sell', 'order_filled_timestamp': 1722700800000, 'ft_is_entry': True, 'ft_order_tag': 'short_pullback_restart', 'cost': 177.61600362}, {'amount': 1606.0, 'safe_price': 0.10841, 'ft_order_side': 'buy', 'order_filled_timestamp': 1722727200000, 'ft_is_entry': False, 'ft_order_tag': 'profit_giveback_guard', 'cost': 174.19351322999998}]",0.007006841056861801,5
raw_be_profit_lock_3y,Raw + Breakeven + ProfitLock,3y,profit_lock,BNB/USDT:USDT,260.7535,260.7535,0.49,2024-08-03 16:00:00+00:00,2024-08-03 23:30:00+00:00,532.15,530.49,0.0005,0.0005,450,0.00212204194740422,0.5530532,profit_lock_pullback_restart,564.07,-0.06,546.43,-0.026849665162841818,521.36,534.19,False,short_pullback_restart,1.0,True,1722700800000,1722727800000,"[{'amount': 0.49, 'safe_price': 532.15, 'ft_order_side': 'sell', 'order_filled_timestamp': 1722700800000, 'ft_is_entry': True, 'ft_order_tag': 'short_pullback_restart', 'cost': 260.88387674999996}, {'amount': 0.49, 'safe_price': 530.49, 'ft_order_side': 'buy', 'order_filled_timestamp': 1722727800000, 'ft_is_entry': False, 'ft_order_tag': 'profit_lock_pullback_restart', 'cost': 260.07007004999997}]",0.0,5
raw_be_profit_lock_3y,Raw + Breakeven + ProfitLock,3y,profit_lock,BNB/USDT:USDT,147.4853,147.4853,0.29,2024-08-04 15:00:00+00:00,2024-08-04 15:35:00+00:00,508.57,507.06,0.0005,0.0005,35,0.0019715798084267372,0.29063365,profit_lock_compression_breakdown,539.08,-0.06,532.94,-0.04792947992502272,501.0,508.66,False,short_compression_breakdown,1.0,True,1722783600000,1722785700000,"[{'amount': 0.29, 'safe_price': 508.57, 'ft_order_side': 'sell', 'order_filled_timestamp': 1722783600000, 'ft_is_entry': True, 'ft_order_tag': 'short_compression_breakdown', 'cost': 147.55904264999998}, {'amount': 0.29, 'safe_price': 507.06, 'ft_order_side': 'buy', 'order_filled_timestamp': 1722785700000, 'ft_is_entry': False, 'ft_order_tag': 'profit_lock_compression_breakdown', 'cost': 147.12092369999996}]",0.0,6
raw_be_profit_lock_3y,Raw + Breakeven + ProfitLock,3y,profit_lock,BNB/USDT:USDT,152.624,152.624,0.32,2024-08-07 15:00:00+00:00,2024-08-08 01:05:00+00:00,476.95,475.64,0.0005,0.0005,605,0.001748866885481739,0.2667856,profit_lock_pullback_restart,505.56,-0.06,498.78,-0.045780167888077816,467.4,482.0,False,short_pullback_restart,1.0,True,1723042800000,1723079100000,"[{'amount': 0.32, 'safe_price': 476.95, 'ft_order_side': 'sell', 'order_filled_timestamp': 1723042800000, 'ft_is_entry': True, 'ft_order_tag': 'short_pullback_restart', 'cost': 152.700312}, {'amount': 0.32, 'safe_price': 475.64, 'ft_order_side': 'buy', 'order_filled_timestamp': 1723079100000, 'ft_is_entry': False, 'ft_order_tag': 'profit_lock_pullback_restart', 'cost': 152.2809024}]",0.0,3
raw_be_profit_lock_3y,Raw + Breakeven + ProfitLock,3y,profit_lock,NEAR/USDT:USDT,155.88,155.88,40.0,2024-08-19 00:00:00+00:00,2024-08-20 00:30:00+00:00,3.897,4.071,0.0005,0.0005,1470,-0.045804706497462225,-7.13646763,stop_loss,4.13,-0.06,4.071,-0.04486033767805919,3.83,4.098,False,short_pullback_restart,1.0,True,1724025600000,1724113800000,"[{'amount': 40.0, 'safe_price': 3.897, 'ft_order_side': 'sell', 'order_filled_timestamp': 1724025600000, 'ft_is_entry': True, 'ft_order_tag': 'short_pullback_restart', 'cost': 155.95793999999998}, {'amount': 40.0, 'safe_price': 4.071, 'ft_order_side': 'buy', 'order_filled_timestamp': 1724113800000, 'ft_is_entry': False, 'ft_order_tag': 'stop_loss', 'cost': 162.92141999999996}]",-0.017107628248304002,1
raw_be_profit_lock_3y,Raw + Breakeven + ProfitLock,3y,profit_lock,ADA/USDT:USDT,217.3309,217.3309,619.0,2024-08-30 12:00:00+00:00,2024-08-30 18:30:00+00:00,0.3511,0.3466,0.0005,0.0005,390,0.011878360128949331,2.58024393,profit_lock_pullback_restart,0.3721,-0.06,0.3507,-0.028589149560117377,0.337,0.3545,False,short_pullback_restart,1.0,True,1725019200000,1725042600000,"[{'amount': 619.0, 'safe_price': 0.3511, 'ft_order_side': 'sell', 'order_filled_timestamp': 1725019200000, 'ft_is_entry': True, 'ft_order_tag': 'short_pullback_restart', 'cost': 217.43956545}, {'amount': 619.0, 'safe_price': 0.3466, 'ft_order_side': 'buy', 'order_filled_timestamp': 1725042600000, 'ft_is_entry': False, 'ft_order_tag': 'profit_lock_pullback_restart', 'cost': 214.65267269999998}]",0.0106820834226532,4
raw_be_profit_lock_3y,Raw + Breakeven + ProfitLock,3y,profit_lock,NEAR/USDT:USDT,197.372,197.372,49.0,2024-08-31 17:00:00+00:00,2024-09-01 08:00:00+00:00,4.028,4.013,0.0005,0.0005,900,0.002903086222802543,0.57270144,profit_lock_pullback_restart,4.269,-0.06,4.023,-0.022350609756097484,3.928,4.07,False,short_pullback_restart,1.0,True,1725123600000,1725177600000,"[{'amount': 49.0, 'safe_price': 4.028, 'ft_order_side': 'sell', 'order_filled_timestamp': 1725123600000, 'ft_is_entry': True, 'ft_order_tag': 'short_pullback_restart', 'cost': 197.47068599999997}, {'amount': 49.0, 'safe_price': 4.013, 'ft_order_side': 'buy', 'order_filled_timestamp': 1725177600000, 'ft_is_entry': False, 'ft_order_tag': 'profit_lock_pullback_restart', 'cost': 196.73531849999998}]",0.034705940500000004,6
raw_be_profit_lock_3y,Raw + Breakeven + ProfitLock,3y,profit_lock,SOL/USDT:USDT,85.49568,85.49568,0.64,2024-09-01 02:00:00+00:00,2024-09-01 15:35:00+00:00,133.587,133.453,0.0005,0.0005,815,-2.2561894030623746e-05,-0.00192798,trailing_stop_loss,141.602,-0.06,133.453,-0.02167638682610873,130.0,134.399,False,short_compression_breakdown,1.0,True,1725156000000,1725204900000,"[{'amount': 0.64, 'safe_price': 133.587, 'ft_order_side': 'sell', 'order_filled_timestamp': 1725156000000, 'ft_is_entry': True, 'ft_order_tag': 'short_compression_breakdown', 'cost': 85.53842783999998}, {'amount': 0.64, 'safe_price': 133.453, 'ft_order_side': 'buy', 'order_filled_timestamp': 1725204900000, 'ft_is_entry': False, 'ft_order_tag': 'trailing_stop_loss', 'cost': 85.45262496}]",-0.0022351797311999998,6
raw_be_profit_lock_3y,Raw + Breakeven + ProfitLock,3y,profit_lock,ZEC/USDT:USDT,330.96022,330.96022,10.174,2024-08-31 16:00:00+00:00,2024-09-01 22:55:00+00:00,32.53,29.26,0.0005,0.0005,1855,0.09994976546783807,33.06285667,roi,34.48,-0.06,32.49,-0.020649183417085437,29.17,32.7,False,short_pullback_restart,1.0,True,1725120000000,1725231300000,"[{'amount': 10.174, 'safe_price': 32.53, 'ft_order_side': 'sell', 'order_filled_timestamp': 1725120000000, 'ft_is_entry': True, 'ft_order_tag': 'short_pullback_restart', 'cost': 331.12570010999997}, {'amount': 10.174, 'safe_price': 29.26, 'ft_order_side': 'buy', 'order_filled_timestamp': 1725231300000, 'ft_is_entry': False, 'ft_order_tag': 'roi', 'cost': 297.84008561999997}]",0.1082024006772,6
raw_be_profit_lock_3y,Raw + Breakeven + ProfitLock,3y,profit_lock,BNB/USDT:USDT,330.6212,330.6212,0.62,2024-08-31 17:00:00+00:00,2024-09-02 10:25:00+00:00,533.26,519.67,0.0005,0.0005,2485,0.02445736741044144,8.0820811,profit_giveback_guard,565.25,-0.06,532.72,-0.02250813819577724,501.7,534.78,False,short_pullback_restart,1.0,True,1725123600000,1725272700000,"[{'amount': 0.62, 'safe_price': 533.26, 'ft_order_side': 'sell', 'order_filled_timestamp': 1725123600000, 'ft_is_entry': True, 'ft_order_tag': 'short_pullback_restart', 'cost': 330.7865106}, {'amount': 0.62, 'safe_price': 519.67, 'ft_order_side': 'buy', 'order_filled_timestamp': 1725272700000, 'ft_is_entry': False, 'ft_order_tag': 'profit_giveback_guard', 'cost': 322.3564976999999}]",-0.017310596039560183,0
raw_be_profit_lock_3y,Raw + Breakeven + ProfitLock,3y,profit_lock,ZEC/USDT:USDT,185.80596,185.80596,6.348,2024-09-03 14:00:00+00:00,2024-09-03 19:55:00+00:00,29.27,29.17,0.0005,0.0005,355,0.0024675072789881966,0.45824832,profit_lock_pullback_restart,31.02,-0.06,30.43,-0.03983251886397121,28.67,29.27,False,short_pullback_restart,1.0,True,1725372000000,1725393300000,"[{'amount': 6.348, 'safe_price': 29.27, 'ft_order_side': 'sell', 'order_filled_timestamp': 1725372000000, 'ft_is_entry': True, 'ft_order_tag': 'short_pullback_restart', 'cost': 185.89886298}, {'amount': 6.348, 'safe_price': 29.17, 'ft_order_side': 'buy', 'order_filled_timestamp': 1725393300000, 'ft_is_entry': False, 'ft_order_tag': 'profit_lock_pullback_restart', 'cost': 185.26374558}]",0.0089368769088,1
raw_be_profit_lock_3y,Raw + Breakeven + ProfitLock,3y,profit_lock,ETH/USDT:USDT,264.8516,264.8516,0.106,2024-09-03 09:00:00+00:00,2024-09-04 01:00:00+00:00,2498.6,2394.77,0.0005,0.0005,960,0.04072555901014895,10.78083635,profit_lock_pullback_restart,2648.51,-0.06,2496.1,-0.02191601468944593,2304.87,2518.0,False,short_pullback_restart,1.0,True,1725354000000,1725411600000,"[{'amount': 0.106, 'safe_price': 2498.6, 'ft_order_side': 'sell', 'order_filled_timestamp': 1725354000000, 'ft_is_entry': True, 'ft_order_tag': 'short_pullback_restart', 'cost': 264.9840257999999}, {'amount': 0.106, 'safe_price': 2394.77, 'ft_order_side': 'buy', 'order_filled_timestamp': 1725411600000, 'ft_is_entry': False, 'ft_order_tag': 'profit_lock_pullback_restart', 'cost': 253.97254281}]",0.034204960577694954,2
raw_be_profit_lock_3y,Raw + Breakeven + ProfitLock,3y,profit_lock,DOGE/USDT:USDT,278.45557,278.45557,2833.0,2024-09-03 14:00:00+00:00,2024-09-04 01:00:00+00:00,0.09829,0.0958,0.0005,0.0005,660,0.024436251841604778,6.80100823,profit_giveback_guard,0.10418,-0.06,0.09819,-0.026251149665551754,0.09189,0.09857,False,short_pullback_restart,1.0,True,1725372000000,1725411600000,"[{'amount': 2833.0, 'safe_price': 0.09829, 'ft_order_side': 'sell', 'order_filled_timestamp': 1725372000000, 'ft_is_entry': True, 'ft_order_tag': 'short_pullback_restart', 'cost': 278.594797785}, {'amount': 2833.0, 'safe_price': 0.0958, 'ft_order_side': 'buy', 'order_filled_timestamp': 1725411600000, 'ft_is_entry': False, 'ft_order_tag': 'profit_giveback_guard', 'cost': 271.53710069999994}]",0.021766714496921004,2
raw_be_profit_lock_3y,Raw + Breakeven + ProfitLock,3y,profit_lock,LINK/USDT:USDT,181.33815,181.33815,17.85,2024-09-05 04:00:00+00:00,2024-09-06 02:20:00+00:00,10.159,10.136,0.0005,0.0005,1340,0.0012580217326957036,0.22801327,profit_lock_pullback_restart,10.768,-0.06,10.148,-0.021524006039255195,9.904,10.3,False,short_pullback_restart,1.0,True,1725508800000,1725589200000,"[{'amount': 17.85, 'safe_price': 10.159, 'ft_order_side': 'sell', 'order_filled_timestamp': 1725508800000, 'ft_is_entry': True, 'ft_order_tag': 'short_pullback_restart', 'cost': 181.428819075}, {'amount': 17.85, 'safe_price': 10.136, 'ft_order_side': 'buy', 'order_filled_timestamp': 1725589200000, 'ft_is_entry': False, 'ft_order_tag': 'profit_lock_pullback_restart', 'cost': 181.0180638}]",-0.001403856221724075,4
raw_be_profit_lock_3y,Raw + Breakeven + ProfitLock,3y,profit_lock,DOGE/USDT:USDT,209.44,209.44,2176.0,2024-09-05 04:00:00+00:00,2024-09-06 23:25:00+00:00,0.09625,0.09226,0.0005,0.0005,2605,0.04072453883549872,8.52508274,profit_lock_pullback_restart,0.10202,-0.06,0.09615,-0.021499521937745625,0.08886,0.0994,False,short_pullback_restart,1.0,True,1725508800000,1725665100000,"[{'amount': 2176.0, 'safe_price': 0.09625, 'ft_order_side': 'sell', 'order_filled_timestamp': 1725508800000, 'ft_is_entry': True, 'ft_order_tag': 'short_pullback_restart', 'cost': 209.54471999999998}, {'amount': 2176.0, 'safe_price': 0.09226, 'ft_order_side': 'buy', 'order_filled_timestamp': 1725665100000, 'ft_is_entry': False, 'ft_order_tag': 'profit_lock_pullback_restart', 'cost': 200.85813887999998}]",0.04794161675712,4
raw_be_profit_lock_3y,Raw + Breakeven + ProfitLock,3y,profit_lock,XRP/USDT:USDT,328.46125,328.46125,594.5,2024-09-05 04:00:00+00:00,2024-09-07 05:10:00+00:00,0.5525,0.5255,0.0005,0.0005,2950,0.04784183295328464,15.70633116,profit_lock_pullback_restart,0.5856,-0.06,0.5519,-0.023641505934718143,0.5021,0.5552,False,short_pullback_restart,1.0,True,1725508800000,1725685800000,"[{'amount': 594.5, 'safe_price': 0.5525, 'ft_order_side': 'sell', 'order_filled_timestamp': 1725508800000, 'ft_is_entry': True, 'ft_order_tag': 'short_pullback_restart', 'cost': 328.62548062499997}, {'amount': 594.5, 'safe_price': 0.5255, 'ft_order_side': 'buy', 'order_filled_timestamp': 1725685800000, 'ft_is_entry': False, 'ft_order_tag': 'profit_lock_pullback_restart', 'cost': 312.56595487499993}]",-0.02473334177215525,5
raw_be_profit_lock_3y,Raw + Breakeven + ProfitLock,3y,profit_lock,BTC/USDT:USDT,285.5205,285.5205,0.005,2024-09-05 04:00:00+00:00,2024-09-07 12:50:00+00:00,57104.1,54564.4,0.0005,0.0005,3410,0.04352168795954591,12.42012094,profit_lock_pullback_restart,60530.3,-0.06,57046.9,-0.020790799336495747,52510.8,57300.0,False,short_pullback_restart,1.0,True,1725508800000,1725713400000,"[{'amount': 0.005, 'safe_price': 57104.1, 'ft_order_side': 'sell', 'order_filled_timestamp': 1725508800000, 'ft_is_entry': True, 'ft_order_tag': 'short_pullback_restart', 'cost': 285.66326025}, {'amount': 0.005, 'safe_price': 54564.4, 'ft_order_side': 'buy', 'order_filled_timestamp': 1725713400000, 'ft_is_entry': False, 'ft_order_tag': 'profit_lock_pullback_restart', 'cost': 272.958411}]",0.0007921906696178748,5
raw_be_profit_lock_3y,Raw + Breakeven + ProfitLock,3y,profit_lock,XRP/USDT:USDT,364.41506,364.41506,593.8,2024-09-29 00:00:00+00:00,2024-09-30 10:00:00+00:00,0.6137,0.6337,0.0005,0.0005,2040,0.03103796396134225,11.31635685,profit_giveback_guard,0.5769,-0.06,0.6144,-0.024589234677675598,0.6075,0.6661,False,long_1d_center_compression,1.0,False,1727568000000,1727690400000,"[{'amount': 593.8, 'safe_price': 0.6137, 'ft_order_side': 'buy', 'order_filled_timestamp': 1727568000000, 'ft_is_entry': True, 'ft_order_tag': 'long_1d_center_compression', 'cost': 364.59726752999995}, {'amount': 593.8, 'safe_price': 0.6337, 'ft_order_side': 'sell', 'order_filled_timestamp': 1727690400000, 'ft_is_entry': False, 'ft_order_tag': 'profit_giveback_guard', 'cost': 376.47920553}]",-0.18929009018839998,0
raw_be_profit_lock_3y,Raw + Breakeven + ProfitLock,3y,profit_lock,ZEC/USDT:USDT,185.63584,185.63584,6.656,2024-09-30 16:00:00+00:00,2024-10-01 00:10:00+00:00,27.89,27.8,0.0005,0.0005,490,0.0024292820875023665,0.45073634,profit_lock_compression_breakdown,29.56,-0.06,29.07,-0.04252126918722965,27.43,28.31,False,short_compression_breakdown,1.0,True,1727712000000,1727741400000,"[{'amount': 6.656, 'safe_price': 27.89, 'ft_order_side': 'sell', 'order_filled_timestamp': 1727712000000, 'ft_is_entry': True, 'ft_order_tag': 'short_compression_breakdown', 'cost': 185.72865792}, {'amount': 6.656, 'safe_price': 27.8, 'ft_order_side': 'buy', 'order_filled_timestamp': 1727741400000, 'ft_is_entry': False, 'ft_order_tag': 'profit_lock_compression_breakdown', 'cost': 185.1293184}]",0.037032658311168004,1
raw_be_profit_lock_3y,Raw + Breakeven + ProfitLock,3y,profit_lock,ADA/USDT:USDT,312.0282,312.0282,918.0,2024-10-09 13:00:00+00:00,2024-10-09 23:05:00+00:00,0.3399,0.3401,0.0005,0.0005,605,-0.0016165930877903275,-0.50417042,profit_lock_compression_breakdown,0.3602,-0.06,0.3483,-0.024992176980683345,0.3336,0.344,False,short_compression_breakdown,1.0,True,1728478800000,1728515100000,"[{'amount': 918.0, 'safe_price': 0.3399, 'ft_order_side': 'sell', 'order_filled_timestamp': 1728478800000, 'ft_is_entry': True, 'ft_order_tag': 'short_compression_breakdown', 'cost': 312.18421409999996}, {'amount': 918.0, 'safe_price': 0.3401, 'ft_order_side': 'buy', 'order_filled_timestamp': 1728515100000, 'ft_is_entry': False, 'ft_order_tag': 'profit_lock_compression_breakdown', 'cost': 312.36790590000004}]",-0.0084504236660676,2
raw_be_profit_lock_3y,Raw + Breakeven + ProfitLock,3y,profit_lock,XRP/USDT:USDT,330.88816,330.88816,633.4,2024-10-09 21:00:00+00:00,2024-10-10 12:50:00+00:00,0.5224,0.5348,0.0005,0.0005,950,-0.02455980254457267,-8.1224846,stop_loss,0.5537,-0.06,0.5348,-0.023866658371404004,0.5206,0.5359,False,short_pullback_restart,1.0,True,1728507600000,1728564600000,"[{'amount': 633.4, 'safe_price': 0.5224, 'ft_order_side': 'sell', 'order_filled_timestamp': 1728507600000, 'ft_is_entry': True, 'ft_order_tag': 'short_pullback_restart', 'cost': 331.05360407999996}, {'amount': 633.4, 'safe_price': 0.5348, 'ft_order_side': 'buy', 'order_filled_timestamp': 1728564600000, 'ft_is_entry': False, 'ft_order_tag': 'stop_loss', 'cost': 338.91169116}]",0.0664906373778,3
raw_be_profit_lock_3y,Raw + Breakeven + ProfitLock,3y,profit_lock,LINK/USDT:USDT,41.58378,41.58378,3.99,2024-10-09 21:00:00+00:00,2024-10-10 18:45:00+00:00,10.422,10.384,0.0005,0.0005,1305,0.0029036632226873836,0.12068492,profit_lock_compression_breakdown,11.047,-0.06,10.825,-0.03185361157312672,10.243,10.735,False,short_compression_breakdown,1.0,True,1728507600000,1728585900000,"[{'amount': 3.99, 'safe_price': 10.422, 'ft_order_side': 'sell', 'order_filled_timestamp': 1728507600000, 'ft_is_entry': True, 'ft_order_tag': 'short_compression_breakdown', 'cost': 41.60457189}, {'amount': 3.99, 'safe_price': 10.384, 'ft_order_side': 'buy', 'order_filled_timestamp': 1728585900000, 'ft_is_entry': False, 'ft_order_tag': 'profit_lock_compression_breakdown', 'cost': 41.45287608}]",0.0105728942382,3
raw_be_profit_lock_3y,Raw + Breakeven + ProfitLock,3y,profit_lock,TRX/USDT:USDT,368.38906,368.38906,2302.0,2024-10-09 00:00:00+00:00,2024-10-14 08:05:00+00:00,0.16003,0.1602,0.0005,0.0005,7685,-0.0008637848950976622,-0.31836801,trailing_stop_loss,0.15043,-0.06,0.1602,-0.02042420351005947,0.158,0.16405,False,long_1d_center_compression,1.0,False,1728432000000,1728893100000,"[{'amount': 2302.0, 'safe_price': 0.16003, 'ft_order_side': 'buy', 'order_filled_timestamp': 1728432000000, 'ft_is_entry': True, 'ft_order_tag': 'long_1d_center_compression', 'cost': 368.57325453}, {'amount': 2302.0, 'safe_price': 0.1602, 'ft_order_side': 'sell', 'order_filled_timestamp': 1728893100000, 'ft_is_entry': False, 'ft_order_tag': 'trailing_stop_loss', 'cost': 368.96479020000004}]",-0.3411232760599886,0
raw_be_profit_lock_3y,Raw + Breakeven + ProfitLock,3y,profit_lock,LINK/USDT:USDT,227.3488,227.3488,21.2,2024-10-13 15:00:00+00:00,2024-10-14 13:45:00+00:00,10.724,11.093,0.0005,0.0005,1365,-0.035140969156574796,-7.98526254,stop_loss,11.367,-0.06,11.093,-0.03445704060675081,10.6,11.099,False,short_pullback_restart,1.0,True,1728831600000,1728913500000,"[{'amount': 21.2, 'safe_price': 10.724, 'ft_order_side': 'sell', 'order_filled_timestamp': 1728831600000, 'ft_is_entry': True, 'ft_order_tag': 'short_pullback_restart', 'cost': 227.46247439999996}, {'amount': 21.2, 'safe_price': 11.093, 'ft_order_side': 'buy', 'order_filled_timestamp': 1728913500000, 'ft_is_entry': False, 'ft_order_tag': 'stop_loss', 'cost': 235.28918579999998}]",0.0687976572968,0
raw_be_profit_lock_3y,Raw + Breakeven + ProfitLock,3y,profit_lock,SOL/USDT:USDT,361.6272,361.6272,2.16,2024-10-21 00:00:00+00:00,2024-10-21 08:45:00+00:00,167.42,167.588,0.0005,0.0005,525,-0.00019769053561946866,-0.07152602,trailing_stop_loss,157.375,-0.06,167.588,-0.019956608187134628,167.19,171.93,False,long_1d_center_compression,1.0,False,1729468800000,1729500300000,"[{'amount': 2.16, 'safe_price': 167.42, 'ft_order_side': 'buy', 'order_filled_timestamp': 1729468800000, 'ft_is_entry': True, 'ft_order_tag': 'long_1d_center_compression', 'cost': 361.8080136}, {'amount': 2.16, 'safe_price': 167.588, 'ft_order_side': 'sell', 'order_filled_timestamp': 1729500300000, 'ft_is_entry': False, 'ft_order_tag': 'trailing_stop_loss', 'cost': 362.17107504}]",-0.072597380598,0
raw_be_profit_lock_3y,Raw + Breakeven + ProfitLock,3y,profit_lock,XRP/USDT:USDT,362.6896,362.6896,689.0,2024-10-23 08:00:00+00:00,2024-10-23 22:15:00+00:00,0.5264,0.5245,0.0005,0.0005,855,0.002812185530609676,1.01944047,profit_lock_compression_breakdown,0.5579,-0.06,0.5258,-0.021312099436783694,0.5113,0.529,False,short_compression_breakdown,1.0,True,1729670400000,1729721700000,"[{'amount': 689.0, 'safe_price': 0.5264, 'ft_order_side': 'sell', 'order_filled_timestamp': 1729670400000, 'ft_is_entry': True, 'ft_order_tag': 'short_compression_breakdown', 'cost': 362.87094479999996}, {'amount': 689.0, 'safe_price': 0.5245, 'ft_order_side': 'buy', 'order_filled_timestamp': 1729721700000, 'ft_is_entry': False, 'ft_order_tag': 'profit_lock_compression_breakdown', 'cost': 361.56119025}]",0.072375517877,2
raw_be_profit_lock_3y,Raw + Breakeven + ProfitLock,3y,profit_lock,DOGE/USDT:USDT,324.4341,324.4341,2010.0,2024-10-29 00:00:00+00:00,2024-10-29 16:20:00+00:00,0.16141,0.17778,0.0005,0.0005,980,0.10000899885441261,32.4625527,roi,0.15173,-0.06,0.16158,-0.024680610889774468,0.16048,0.17912,False,long_1d_center_compression,1.0,False,1730160000000,1730218800000,"[{'amount': 2010.0, 'safe_price': 0.16141, 'ft_order_side': 'buy', 'order_filled_timestamp': 1730160000000, 'ft_is_entry': True, 'ft_order_tag': 'long_1d_center_compression', 'cost': 324.59631705}, {'amount': 2010.0, 'safe_price': 0.17778, 'ft_order_side': 'sell', 'order_filled_timestamp': 1730218800000, 'ft_is_entry': False, 'ft_order_tag': 'roi', 'cost': 357.51646889999995}]",-0.1002613527,1
raw_be_profit_lock_3y,Raw + Breakeven + ProfitLock,3y,profit_lock,BTC/USDT:USDT,349.6995,349.6995,0.005,2024-10-29 00:00:00+00:00,2024-10-30 13:45:00+00:00,69939.9,71507.4,0.0005,0.0005,2265,0.020878159417000816,7.30473245,profit_giveback_guard,65743.6,-0.06,70009.9,-0.02230452469730626,69733.0,73660.0,False,long_1d_center_compression,1.0,False,1730160000000,1730295900000,"[{'amount': 0.005, 'safe_price': 69939.9, 'ft_order_side': 'buy', 'order_filled_timestamp': 1730160000000, 'ft_is_entry': True, 'ft_order_tag': 'long_1d_center_compression', 'cost': 349.87434974999996}, {'amount': 0.005, 'safe_price': 71507.4, 'ft_order_side': 'sell', 'order_filled_timestamp': 1730295900000, 'ft_is_entry': False, 'ft_order_tag': 'profit_giveback_guard', 'cost': 357.71576849999997}]",-0.179149295776595,2
raw_be_profit_lock_3y,Raw + Breakeven + ProfitLock,3y,profit_lock,TRX/USDT:USDT,363.0312,363.0312,2205.0,2024-10-25 00:00:00+00:00,2024-11-02 18:10:00+00:00,0.16464,0.16578,0.0005,0.0005,12610,0.004295338579825865,1.56012159,profit_lock_long_center,0.15477,-0.06,0.16481,-0.020710440311367262,0.16175,0.17068,False,long_1d_center_compression,1.0,False,1729814400000,1730571000000,"[{'amount': 2205.0, 'safe_price': 0.16464, 'ft_order_side': 'buy', 'order_filled_timestamp': 1729814400000, 'ft_is_entry': True, 'ft_order_tag': 'long_1d_center_compression', 'cost': 363.21271559999997}, {'amount': 2205.0, 'safe_price': 0.16578, 'ft_order_side': 'sell', 'order_filled_timestamp': 1730571000000, 'ft_is_entry': False, 'ft_order_tag': 'profit_lock_long_center', 'cost': 365.72767245}]",-0.5892903645946066,5
raw_be_profit_lock_3y,Raw + Breakeven + ProfitLock,3y,profit_lock,TAO/USDT:USDT,219.84154,219.84154,0.487,2024-11-02 13:00:00+00:00,2024-11-02 21:15:00+00:00,451.42,444.98,0.0005,0.0005,495,0.013376994855361672,2.93934874,profit_lock_pullback_restart,478.5,-0.06,450.96,-0.02450947339724663,430.02,453.11,False,short_pullback_restart,1.0,True,1730552400000,1730582100000,"[{'amount': 0.487, 'safe_price': 451.42, 'ft_order_side': 'sell', 'order_filled_timestamp': 1730552400000, 'ft_is_entry': True, 'ft_order_tag': 'short_pullback_restart', 'cost': 219.95146076999998}, {'amount': 0.487, 'safe_price': 444.98, 'ft_order_side': 'buy', 'order_filled_timestamp': 1730582100000, 'ft_is_entry': False, 'ft_order_tag': 'profit_lock_pullback_restart', 'cost': 216.81361263}]",0.0213421374368885,5
raw_be_profit_lock_3y,Raw + Breakeven + ProfitLock,3y,profit_lock,NEAR/USDT:USDT,235.704,235.704,61.0,2024-11-02 13:00:00+00:00,2024-11-03 03:15:00+00:00,3.864,3.722,0.0005,0.0005,855,0.03587237845579953,8.45103546,profit_lock_compression_breakdown,4.095,-0.06,3.86,-0.02092991272150213,3.643,3.926,False,short_compression_breakdown,1.0,True,1730552400000,1730603700000,"[{'amount': 61.0, 'safe_price': 3.864, 'ft_order_side': 'sell', 'order_filled_timestamp': 1730552400000, 'ft_is_entry': True, 'ft_order_tag': 'short_compression_breakdown', 'cost': 235.82185199999998}, {'amount': 61.0, 'safe_price': 3.722, 'ft_order_side': 'buy', 'order_filled_timestamp': 1730603700000, 'ft_is_entry': False, 'ft_order_tag': 'profit_lock_compression_breakdown', 'cost': 227.155521}]",0.020408459876,6
raw_be_profit_lock_3y,Raw + Breakeven + ProfitLock,3y,profit_lock,XRP/USDT:USDT,343.03716,343.03716,685.8,2024-11-03 03:00:00+00:00,2024-11-04 10:00:00+00:00,0.5002,0.5121,0.0005,0.0005,1860,-0.024463074792978483,-8.38754783,stop_loss,0.5302,-0.06,0.5121,-0.02383787276410243,0.4914,0.5126,False,short_pullback_restart,1.0,True,1730602800000,1730714400000,"[{'amount': 685.8, 'safe_price': 0.5002, 'ft_order_side': 'sell', 'order_filled_timestamp': 1730602800000, 'ft_is_entry': True, 'ft_order_tag': 'short_pullback_restart', 'cost': 343.20867857999997}, {'amount': 685.8, 'safe_price': 0.5121, 'ft_order_side': 'buy', 'order_filled_timestamp': 1730714400000, 'ft_is_entry': False, 'ft_order_tag': 'stop_loss', 'cost': 351.37377908999997}]",0.120589840989,0
raw_be_profit_lock_3y,Raw + Breakeven + ProfitLock,3y,profit_lock,TRX/USDT:USDT,378.26818,378.26818,2017.0,2024-11-13 00:00:00+00:00,2024-11-13 01:00:00+00:00,0.18754,0.18773,0.0005,0.0005,60,-0.00026226500665910276,-0.09925611,trailing_stop_loss,0.17629,-0.06,0.18773,-0.020211169102296367,0.18661,0.19245,False,long_1d_center_compression,1.0,False,1731456000000,1731459600000,"[{'amount': 2017.0, 'safe_price': 0.18754, 'ft_order_side': 'buy', 'order_filled_timestamp': 1731456000000, 'ft_is_entry': True, 'ft_order_tag': 'long_1d_center_compression', 'cost': 378.45731409}, {'amount': 2017.0, 'safe_price': 0.18773, 'ft_order_side': 'sell', 'order_filled_timestamp': 1731459600000, 'ft_is_entry': False, 'ft_order_tag': 'trailing_stop_loss', 'cost': 378.840735705}]",-0.10402631569481098,2
raw_be_profit_lock_3y,Raw + Breakeven + ProfitLock,3y,profit_lock,XRP/USDT:USDT,378.35013,378.35013,256.7,2024-11-23 00:00:00+00:00,2024-11-23 01:05:00+00:00,1.4739,1.6232,0.0005,0.0005,65,0.09998228742323377,37.8472256,roi,1.3855,-0.06,1.4754,-0.028272475795297458,1.4711,1.635,False,long_1d_center_compression,1.0,False,1732320000000,1732323900000,"[{'amount': 256.7, 'safe_price': 1.4739, 'ft_order_side': 'buy', 'order_filled_timestamp': 1732320000000, 'ft_is_entry': True, 'ft_order_tag': 'long_1d_center_compression', 'cost': 378.53930506499995}, {'amount': 256.7, 'safe_price': 1.6232, 'ft_order_side': 'sell', 'order_filled_timestamp': 1732323900000, 'ft_is_entry': False, 'ft_order_tag': 'roi', 'cost': 416.88377771999996}]",-0.08057161849389301,5
raw_be_profit_lock_3y,Raw + Breakeven + ProfitLock,3y,profit_lock,TRX/USDT:USDT,391.2968,391.2968,1844.0,2024-11-24 00:00:00+00:00,2024-11-24 10:40:00+00:00,0.2122,0.21242,0.0005,0.0005,640,-0.0006108827921902771,-0.239156,trailing_stop_loss,0.19947,-0.06,0.21242,-0.020012918108419986,0.21197,0.21748,False,long_1d_center_compression,1.0,False,1732406400000,1732444800000,"[{'amount': 1844.0, 'safe_price': 0.2122, 'ft_order_side': 'buy', 'order_filled_timestamp': 1732406400000, 'ft_is_entry': True, 'ft_order_tag': 'long_1d_center_compression', 'cost': 391.4924484}, {'amount': 1844.0, 'safe_price': 0.21242, 'ft_order_side': 'sell', 'order_filled_timestamp': 1732444800000, 'ft_is_entry': False, 'ft_order_tag': 'trailing_stop_loss', 'cost': 391.89833123999995}]",-0.2533363565572,6
raw_be_profit_lock_3y,Raw + Breakeven + ProfitLock,3y,profit_lock,BNB/USDT:USDT,390.678,390.678,0.6,2024-11-24 00:00:00+00:00,2024-11-24 10:50:00+00:00,651.13,665.29,0.0005,0.0005,650,0.02021428974975446,7.90122693,profit_giveback_guard,612.07,-0.06,651.79,-0.02134965465465466,649.1,688.34,False,long_1d_center_compression,1.0,False,1732406400000,1732445400000,"[{'amount': 0.6, 'safe_price': 651.13, 'ft_order_side': 'buy', 'order_filled_timestamp': 1732406400000, 'ft_is_entry': True, 'ft_order_tag': 'long_1d_center_compression', 'cost': 390.873339}, {'amount': 0.6, 'safe_price': 665.29, 'ft_order_side': 'sell', 'order_filled_timestamp': 1732445400000, 'ft_is_entry': False, 'ft_order_tag': 'profit_giveback_guard', 'cost': 399.37358699999993}]",-0.19984707083999997,6
raw_be_profit_lock_3y,Raw + Breakeven + ProfitLock,3y,profit_lock,BTC/USDT:USDT,295.1004,295.1004,0.003,2024-11-22 00:00:00+00:00,2024-11-24 15:35:00+00:00,98366.8,96399.5,0.0005,0.0005,3815,-0.021841819310283565,-6.44875238,stop_loss,92464.8,-0.06,96399.5,-0.02000003113347193,96227.5,99660.0,False,long_1d_center_compression,1.0,False,1732233600000,1732462500000,"[{'amount': 0.003, 'safe_price': 98366.8, 'ft_order_side': 'buy', 'order_filled_timestamp': 1732233600000, 'ft_is_entry': True, 'ft_order_tag': 'long_1d_center_compression', 'cost': 295.24795020000005}, {'amount': 0.003, 'safe_price': 96399.5, 'ft_order_side': 'sell', 'order_filled_timestamp': 1732462500000, 'ft_is_entry': False, 'ft_order_tag': 'stop_loss', 'cost': 289.34309925}]",-0.25470292992078575,6
raw_be_profit_lock_3y,Raw + Breakeven + ProfitLock,3y,profit_lock,XRP/USDT:USDT,391.73306,391.73306,217.4,2024-11-30 00:00:00+00:00,2024-11-30 00:30:00+00:00,1.8019,1.8038,0.0005,0.0005,30,-6.236429195569741e-05,-0.02444237,trailing_stop_loss,1.6938,-0.06,1.8038,-0.026604479222881894,1.7962,1.8688,False,long_1d_center_compression,1.0,False,1732924800000,1732926600000,"[{'amount': 217.4, 'safe_price': 1.8019, 'ft_order_side': 'buy', 'order_filled_timestamp': 1732924800000, 'ft_is_entry': True, 'ft_order_tag': 'long_1d_center_compression', 'cost': 391.92892653}, {'amount': 217.4, 'safe_price': 1.8038, 'ft_order_side': 'sell', 'order_filled_timestamp': 1732926600000, 'ft_is_entry': False, 'ft_order_tag': 'trailing_stop_loss', 'cost': 392.34219306000006}]",-0.045562779430997104,5
raw_be_profit_lock_3y,Raw + Breakeven + ProfitLock,3y,profit_lock,FIL/USDT:USDT,391.524,391.524,55.3,2024-12-01 00:00:00+00:00,2024-12-01 00:35:00+00:00,7.08,6.94,0.0005,0.0005,35,-0.02103939111450803,-8.24154528,stop_loss,6.656,-0.06,6.94,-0.019861558062882034,6.933,7.1,False,long_1d_center_compression,1.0,False,1733011200000,1733013300000,"[{'amount': 55.3, 'safe_price': 7.08, 'ft_order_side': 'buy', 'order_filled_timestamp': 1733011200000, 'ft_is_entry': True, 'ft_order_tag': 'long_1d_center_compression', 'cost': 391.719762}, {'amount': 55.3, 'safe_price': 6.94, 'ft_order_side': 'sell', 'order_filled_timestamp': 1733013300000, 'ft_is_entry': False, 'ft_order_tag': 'stop_loss', 'cost': 383.973891}]",-0.1118922766547478,6
raw_be_profit_lock_3y,Raw + Breakeven + ProfitLock,3y,profit_lock,TRX/USDT:USDT,333.7958,333.7958,1508.0,2024-12-03 00:00:00+00:00,2024-12-03 01:25:00+00:00,0.22135,0.22158,0.0005,0.0005,85,-0.0003946134129011658,-0.13178616,trailing_stop_loss,0.20807,-0.06,0.22158,-0.020029411764705962,0.22124,0.22708,False,long_1d_center_compression,1.0,False,1733184000000,1733189100000,"[{'amount': 1508.0, 'safe_price': 0.22135, 'ft_order_side': 'buy', 'order_filled_timestamp': 1733184000000, 'ft_is_entry': True, 'ft_order_tag': 'long_1d_center_compression', 'cost': 333.96269789999997}, {'amount': 1508.0, 'safe_price': 0.22158, 'ft_order_side': 'sell', 'order_filled_timestamp': 1733189100000, 'ft_is_entry': False, 'ft_order_tag': 'trailing_stop_loss', 'cost': 334.30971131999996}]",-0.14465693514402,1
raw_be_profit_lock_3y,Raw + Breakeven + ProfitLock,3y,profit_lock,DOT/USDT:USDT,388.8536,388.8536,38.8,2024-12-03 00:00:00+00:00,2024-12-03 02:00:00+00:00,10.022,10.047,0.0005,0.0005,120,0.0011791865486978483,0.4587602,profit_lock_long_center,9.421,-0.06,10.033,-0.02762217698943492,9.83,10.403,False,long_1d_center_compression,1.0,False,1733184000000,1733191200000,"[{'amount': 38.8, 'safe_price': 10.022, 'ft_order_side': 'buy', 'order_filled_timestamp': 1733184000000, 'ft_is_entry': True, 'ft_order_tag': 'long_1d_center_compression', 'cost': 389.04802679999995}, {'amount': 38.8, 'safe_price': 10.047, 'ft_order_side': 'sell', 'order_filled_timestamp': 1733191200000, 'ft_is_entry': False, 'ft_order_tag': 'profit_lock_long_center', 'cost': 390.0185118}]",-0.12190119760584447,1
raw_be_profit_lock_3y,Raw + Breakeven + ProfitLock,3y,profit_lock,ADA/USDT:USDT,388.7628,388.7628,323.0,2024-12-03 00:00:00+00:00,2024-12-03 03:40:00+00:00,1.2036,1.3258,0.0005,0.0005,220,0.10000208161730575,38.8965278,roi,1.1314,-0.06,1.2049,-0.02175738876258526,1.1849,1.329,False,long_1d_center_compression,1.0,False,1733184000000,1733197200000,"[{'amount': 323.0, 'safe_price': 1.2036, 'ft_order_side': 'buy', 'order_filled_timestamp': 1733184000000, 'ft_is_entry': True, 'ft_order_tag': 'long_1d_center_compression', 'cost': 388.9571814}, {'amount': 323.0, 'safe_price': 1.3258, 'ft_order_side': 'sell', 'order_filled_timestamp': 1733197200000, 'ft_is_entry': False, 'ft_order_tag': 'roi', 'cost': 428.4475167}]",-0.16557410167249448,1
raw_be_profit_lock_3y,Raw + Breakeven + ProfitLock,3y,profit_lock,LDO/USDT:USDT,400.8059,400.8059,199.0,2024-12-04 00:00:00+00:00,2024-12-04 00:35:00+00:00,2.0141,2.0162,0.0005,0.0005,35,-0.0001880279921919367,-0.07540041,trailing_stop_loss,1.8933,-0.06,2.0162,-0.022015959252971284,2.0136,2.0615,False,long_1d_center_compression,1.0,False,1733270400000,1733272500000,"[{'amount': 199.0, 'safe_price': 2.0141, 'ft_order_side': 'buy', 'order_filled_timestamp': 1733270400000, 'ft_is_entry': True, 'ft_order_tag': 'long_1d_center_compression', 'cost': 401.00630294999996}, {'amount': 199.0, 'safe_price': 2.0162, 'ft_order_side': 'sell', 'order_filled_timestamp': 1733272500000, 'ft_is_entry': False, 'ft_order_tag': 'trailing_stop_loss', 'cost': 401.42441189999994}]",-0.092285558475,2
raw_be_profit_lock_3y,Raw + Breakeven + ProfitLock,3y,profit_lock,SOL/USDT:USDT,230.5786,230.5786,1.09,2024-12-18 20:00:00+00:00,2024-12-18 20:10:00+00:00,211.54,211.328,0.0005,0.0005,10,2.676955382295478e-06,0.00061694,trailing_stop_loss,224.232,-0.06,211.328,-0.025866310679611537,205.81,212.63,False,short_compression_breakdown,1.0,True,1734552000000,1734552600000,"[{'amount': 1.09, 'safe_price': 211.54, 'ft_order_side': 'sell', 'order_filled_timestamp': 1734552000000, 'ft_is_entry': True, 'ft_order_tag': 'short_compression_breakdown', 'cost': 230.6938893}, {'amount': 1.09, 'safe_price': 211.328, 'ft_order_side': 'buy', 'order_filled_timestamp': 1734552600000, 'ft_is_entry': False, 'ft_order_tag': 'trailing_stop_loss', 'cost': 230.46269376}]",0.0,2
raw_be_profit_lock_3y,Raw + Breakeven + ProfitLock,3y,profit_lock,NEAR/USDT:USDT,176.715,176.715,35.0,2024-12-30 14:00:00+00:00,2024-12-30 17:35:00+00:00,5.049,5.063,0.0005,0.0005,215,-0.003696835770401965,-0.65295969,profit_lock_pullback_restart,5.351,-0.06,5.281,-0.05736553967297375,4.949,5.098,False,short_pullback_restart,1.0,True,1735567200000,1735580100000,"[{'amount': 35.0, 'safe_price': 5.049, 'ft_order_side': 'sell', 'order_filled_timestamp': 1735567200000, 'ft_is_entry': True, 'ft_order_tag': 'short_pullback_restart', 'cost': 176.8033575}, {'amount': 35.0, 'safe_price': 5.063, 'ft_order_side': 'buy', 'order_filled_timestamp': 1735580100000, 'ft_is_entry': False, 'ft_order_tag': 'profit_lock_pullback_restart', 'cost': 177.29360249999996}]",0.014000313599999998,0
raw_be_profit_lock_3y,Raw + Breakeven + ProfitLock,3y,profit_lock,BTC/USDT:USDT,375.4364,375.4364,0.004,2025-01-12 10:00:00+00:00,2025-01-12 15:15:00+00:00,93859.1,95051.1,0.0005,0.0005,315,-0.013713093875017578,-5.1458204,trailing_stop_loss,99490.6,-0.06,95051.1,-0.011548059936572708,93783.0,95274.0,False,short_pullback_restart,1.0,True,1736676000000,1736694900000,"[{'amount': 0.004, 'safe_price': 93859.1, 'ft_order_side': 'sell', 'order_filled_timestamp': 1736676000000, 'ft_is_entry': True, 'ft_order_tag': 'short_pullback_restart', 'cost': 375.62411820000005}, {'amount': 0.004, 'safe_price': 95051.1, 'ft_order_side': 'buy', 'order_filled_timestamp': 1736694900000, 'ft_is_entry': False, 'ft_order_tag': 'trailing_stop_loss', 'cost': 380.3945022}]",0.0,6
raw_be_profit_lock_3y,Raw + Breakeven + ProfitLock,3y,profit_lock,TAO/USDT:USDT,175.36204,175.36204,0.434,2025-01-15 10:00:00+00:00,2025-01-15 13:30:00+00:00,404.06,423.84,0.0005,0.0005,210,-0.04995236816697786,-8.75536931,stop_loss,428.3,-0.06,423.84,-0.04896520108496416,402.46,424.85,False,short_pullback_restart,1.0,True,1736935200000,1736947800000,"[{'amount': 0.434, 'safe_price': 404.06, 'ft_order_side': 'sell', 'order_filled_timestamp': 1736935200000, 'ft_is_entry': True, 'ft_order_tag': 'short_pullback_restart', 'cost': 175.44972102}, {'amount': 0.434, 'safe_price': 423.84, 'ft_order_side': 'buy', 'order_filled_timestamp': 1736947800000, 'ft_is_entry': False, 'ft_order_tag': 'stop_loss', 'cost': 184.03853327999997}]",0.008804992,2
raw_be_profit_lock_3y,Raw + Breakeven + ProfitLock,3y,profit_lock,TRX/USDT:USDT,402.2362,402.2362,1670.0,2025-01-11 18:00:00+00:00,2025-01-15 13:45:00+00:00,0.24086,0.22703,0.0005,0.0005,5505,0.055659766242902094,22.37717868,profit_lock_pullback_restart,0.25531,-0.06,0.24061,-0.02082703321878565,0.21659,0.24335,False,short_pullback_restart,1.0,True,1736618400000,1736948700000,"[{'amount': 1670.0, 'safe_price': 0.24086, 'ft_order_side': 'sell', 'order_filled_timestamp': 1736618400000, 'ft_is_entry': True, 'ft_order_tag': 'short_pullback_restart', 'cost': 402.43731809999997}, {'amount': 1670.0, 'safe_price': 0.22703, 'ft_order_side': 'buy', 'order_filled_timestamp': 1736948700000, 'ft_is_entry': False, 'ft_order_tag': 'profit_lock_pullback_restart', 'cost': 379.32967005}]",-0.328233172803206,2
raw_be_profit_lock_3y,Raw + Breakeven + ProfitLock,3y,profit_lock,NEAR/USDT:USDT,200.736,200.736,41.0,2025-01-15 10:00:00+00:00,2025-01-15 13:45:00+00:00,4.896,5.1,0.0005,0.0005,225,-0.04270885442721361,-8.568918,stop_loss,5.189,-0.06,5.1,-0.04178244771521067,4.858,5.115,False,short_pullback_restart,1.0,True,1736935200000,1736948700000,"[{'amount': 41.0, 'safe_price': 4.896, 'ft_order_side': 'sell', 'order_filled_timestamp': 1736935200000, 'ft_is_entry': True, 'ft_order_tag': 'short_pullback_restart', 'cost': 200.836368}, {'amount': 41.0, 'safe_price': 5.1, 'ft_order_side': 'buy', 'order_filled_timestamp': 1736948700000, 'ft_is_entry': False, 'ft_order_tag': 'stop_loss', 'cost': 209.20454999999998}]",0.0,2
raw_be_profit_lock_3y,Raw + Breakeven + ProfitLock,3y,profit_lock,SUI/USDT:USDT,325.41642,325.41642,79.8,2025-01-26 21:00:00+00:00,2025-01-27 05:15:00+00:00,4.0779,3.6667,0.0005,0.0005,495,0.10000595744469551,32.52730886,roi,4.3225,-0.06,4.0738,-0.02159693557689879,3.6433,4.0812,False,short_pullback_restart,1.0,True,1737925200000,1737954900000,"[{'amount': 79.8, 'safe_price': 4.0779, 'ft_order_side': 'sell', 'order_filled_timestamp': 1737925200000, 'ft_is_entry': True, 'ft_order_tag': 'short_pullback_restart', 'cost': 325.57912820999996}, {'amount': 79.8, 'safe_price': 3.6667, 'ft_order_side': 'buy', 'order_filled_timestamp': 1737954900000, 'ft_is_entry': False, 'ft_order_tag': 'roi', 'cost': 292.74896133}]",0.022558402238415536,0
raw_be_profit_lock_3y,Raw + Breakeven + ProfitLock,3y,profit_lock,ZEC/USDT:USDT,316.87082,316.87082,6.902,2025-01-26 22:00:00+00:00,2025-01-27 07:25:00+00:00,45.91,41.28,0.0005,0.0005,565,0.10004747689617337,31.68627498,roi,48.66,-0.06,45.86,-0.023295180722891606,41.0,46.1,False,short_pullback_restart,1.0,True,1737928800000,1737962700000,"[{'amount': 6.902, 'safe_price': 45.91, 'ft_order_side': 'sell', 'order_filled_timestamp': 1737928800000, 'ft_is_entry': True, 'ft_order_tag': 'short_pullback_restart', 'cost': 317.02925540999996}, {'amount': 6.902, 'safe_price': 41.28, 'ft_order_side': 'buy', 'order_filled_timestamp': 1737962700000, 'ft_is_entry': False, 'ft_order_tag': 'roi', 'cost': 285.05701727999997}]",0.030907672290306002,0
raw_be_profit_lock_3y,Raw + Breakeven + ProfitLock,3y,profit_lock,NEAR/USDT:USDT,254.696,254.696,52.0,2025-01-26 22:00:00+00:00,2025-01-27 07:25:00+00:00,4.898,4.403,0.0005,0.0005,565,0.10008974357141193,25.4797111,roi,5.191,-0.06,4.893,-0.02366150627615049,4.351,4.919,False,short_pullback_restart,1.0,True,1737928800000,1737962700000,"[{'amount': 52.0, 'safe_price': 4.898, 'ft_order_side': 'sell', 'order_filled_timestamp': 1737928800000, 'ft_is_entry': True, 'ft_order_tag': 'short_pullback_restart', 'cost': 254.82334799999995}, {'amount': 52.0, 'safe_price': 4.403, 'ft_order_side': 'buy', 'order_filled_timestamp': 1737962700000, 'ft_is_entry': False, 'ft_order_tag': 'roi', 'cost': 229.07047799999998}]",-0.0184629042,0
raw_be_profit_lock_3y,Raw + Breakeven + ProfitLock,3y,profit_lock,BNB/USDT:USDT,356.9454,356.9454,0.54,2025-01-28 22:00:00+00:00,2025-01-29 04:05:00+00:00,661.01,678.16,0.0005,0.0005,365,-0.02697160292525803,-9.6225759,stop_loss,700.67,-0.06,678.16,-0.025948335690836766,659.13,679.0,False,short_pullback_restart,1.0,True,1738101600000,1738123500000,"[{'amount': 0.54, 'safe_price': 661.01, 'ft_order_side': 'sell', 'order_filled_timestamp': 1738101600000, 'ft_is_entry': True, 'ft_order_tag': 'short_pullback_restart', 'cost': 357.1238727}, {'amount': 0.54, 'safe_price': 678.16, 'ft_order_side': 'buy', 'order_filled_timestamp': 1738123500000, 'ft_is_entry': False, 'ft_order_tag': 'stop_loss', 'cost': 366.38950320000004}]",0.0,2
raw_be_profit_lock_3y,Raw + Breakeven + ProfitLock,3y,profit_lock,ETH/USDT:USDT,368.48097,368.48097,0.117,2025-01-28 17:00:00+00:00,2025-01-29 06:20:00+00:00,3149.41,3137.95,0.0005,0.0005,800,0.0027396335051053052,1.00899806,profit_lock_pullback_restart,3338.37,-0.06,3146.26,-0.02172880315651038,3038.0,3181.61,False,short_pullback_restart,1.0,True,1738083600000,1738131600000,"[{'amount': 0.117, 'safe_price': 3149.41, 'ft_order_side': 'sell', 'order_filled_timestamp': 1738083600000, 'ft_is_entry': True, 'ft_order_tag': 'short_pullback_restart', 'cost': 368.665210485}, {'amount': 0.117, 'safe_price': 3137.95, 'ft_order_side': 'buy', 'order_filled_timestamp': 1738131600000, 'ft_is_entry': False, 'ft_order_tag': 'profit_lock_pullback_restart', 'cost': 367.323720075}]",0.035988615,2
raw_be_profit_lock_3y,Raw + Breakeven + ProfitLock,3y,profit_lock,DOGE/USDT:USDT,208.20839,208.20839,661.0,2025-02-01 20:00:00+00:00,2025-02-01 23:50:00+00:00,0.31499,0.3097,0.0005,0.0005,230,0.015810486301483694,3.29022996,profit_lock_compression_breakdown,0.33388,-0.06,0.31467,-0.028282497875955714,0.30298,0.31561,False,short_compression_breakdown,1.0,True,1738440000000,1738453800000,"[{'amount': 661.0, 'safe_price': 0.31499, 'ft_order_side': 'sell', 'order_filled_timestamp': 1738440000000, 'ft_is_entry': True, 'ft_order_tag': 'short_compression_breakdown', 'cost': 208.312494195}, {'amount': 661.0, 'safe_price': 0.3097, 'ft_order_side': 'buy', 'order_filled_timestamp': 1738453800000, 'ft_is_entry': False, 'ft_order_tag': 'profit_lock_compression_breakdown', 'cost': 204.81405584999996}]",0.0,5
raw_be_profit_lock_3y,Raw + Breakeven + ProfitLock,3y,profit_lock,ETH/USDT:USDT,265.19994,265.19994,0.083,2025-02-01 20:00:00+00:00,2025-02-02 00:35:00+00:00,3195.18,3149.64,0.0005,0.0005,275,0.013340728358309921,3.53619138,profit_lock_compression_breakdown,3386.89,-0.06,3191.98,-0.02207618858548077,3100.67,3196.06,False,short_compression_breakdown,1.0,True,1738440000000,1738456500000,"[{'amount': 0.083, 'safe_price': 3195.18, 'ft_order_side': 'sell', 'order_filled_timestamp': 1738440000000, 'ft_is_entry': True, 'ft_order_tag': 'short_compression_breakdown', 'cost': 265.33253997}, {'amount': 0.083, 'safe_price': 3149.64, 'ft_order_side': 'buy', 'order_filled_timestamp': 1738456500000, 'ft_is_entry': False, 'ft_order_tag': 'profit_lock_compression_breakdown', 'cost': 261.55083006}]",0.01968141317009313,6
raw_be_profit_lock_3y,Raw + Breakeven + ProfitLock,3y,profit_lock,ETH/USDT:USDT,269.588,269.588,0.088,2025-02-02 12:00:00+00:00,2025-02-02 19:40:00+00:00,3063.5,2958.03,0.0005,0.0005,460,0.033488035729662094,9.02345859,profit_lock_compression_breakdown,3247.31,-0.06,3060.43,-0.023386223039625342,2889.97,3100.36,False,short_compression_breakdown,1.0,True,1738497600000,1738525200000,"[{'amount': 0.088, 'safe_price': 3063.5, 'ft_order_side': 'sell', 'order_filled_timestamp': 1738497600000, 'ft_is_entry': True, 'ft_order_tag': 'short_compression_breakdown', 'cost': 269.72279399999996}, {'amount': 0.088, 'safe_price': 2958.03, 'ft_order_side': 'buy', 'order_filled_timestamp': 1738525200000, 'ft_is_entry': False, 'ft_order_tag': 'profit_lock_compression_breakdown', 'cost': 260.43679332}]",0.007045908656643999,6
raw_be_profit_lock_3y,Raw + Breakeven + ProfitLock,3y,profit_lock,SOL/USDT:USDT,235.9188,235.9188,1.17,2025-02-05 16:00:00+00:00,2025-02-05 17:10:00+00:00,201.64,201.13,0.0005,0.0005,70,0.0014226876339642701,0.33547094,profit_lock_compression_breakdown,213.738,-0.06,208.935,-0.04713766866295943,197.7,202.03,False,short_compression_breakdown,1.0,True,1738771200000,1738775400000,"[{'amount': 1.17, 'safe_price': 201.64, 'ft_order_side': 'sell', 'order_filled_timestamp': 1738771200000, 'ft_is_entry': True, 'ft_order_tag': 'short_compression_breakdown', 'cost': 236.03675939999997}, {'amount': 1.17, 'safe_price': 201.13, 'ft_order_side': 'buy', 'order_filled_timestamp': 1738775400000, 'ft_is_entry': False, 'ft_order_tag': 'profit_lock_compression_breakdown', 'cost': 235.43976104999996}]",-0.025608614849999996,2
raw_be_profit_lock_3y,Raw + Breakeven + ProfitLock,3y,profit_lock,SOL/USDT:USDT,197.1318,197.1318,1.01,2025-02-06 15:00:00+00:00,2025-02-07 01:55:00+00:00,195.18,193.52,0.0005,0.0005,655,0.007606419885689732,1.49871751,profit_lock_pullback_restart,206.89,-0.06,194.984,-0.023649832003360016,187.16,196.14,False,short_pullback_restart,1.0,True,1738854000000,1738893300000,"[{'amount': 1.01, 'safe_price': 195.18, 'ft_order_side': 'sell', 'order_filled_timestamp': 1738854000000, 'ft_is_entry': True, 'ft_order_tag': 'short_pullback_restart', 'cost': 197.23036589999998}, {'amount': 1.01, 'safe_price': 193.52, 'ft_order_side': 'buy', 'order_filled_timestamp': 1738893300000, 'ft_is_entry': False, 'ft_order_tag': 'profit_lock_pullback_restart', 'cost': 195.5529276}]",0.01841101151192624,4
raw_be_profit_lock_3y,Raw + Breakeven + ProfitLock,3y,profit_lock,LINK/USDT:USDT,205.20052,205.20052,10.73,2025-02-06 15:00:00+00:00,2025-02-07 09:20:00+00:00,19.124,19.104,0.0005,0.0005,1100,1.3599650369618127e-05,0.00278926,trailing_stop_loss,20.271,-0.06,19.104,-0.021651122994652328,18.394,19.2,False,short_pullback_restart,1.0,True,1738854000000,1738920000000,"[{'amount': 10.73, 'safe_price': 19.124, 'ft_order_side': 'sell', 'order_filled_timestamp': 1738854000000, 'ft_is_entry': True, 'ft_order_tag': 'short_pullback_restart', 'cost': 205.30312026}, {'amount': 10.73, 'safe_price': 19.104, 'ft_order_side': 'buy', 'order_filled_timestamp': 1738920000000, 'ft_is_entry': False, 'ft_order_tag': 'trailing_stop_loss', 'cost': 205.08841295999997}]",-0.006717523367200001,4
raw_be_profit_lock_3y,Raw + Breakeven + ProfitLock,3y,profit_lock,DOGE/USDT:USDT,207.61692,207.61692,833.0,2025-02-09 14:00:00+00:00,2025-02-09 22:45:00+00:00,0.24924,0.2482,0.0005,0.0005,525,0.003243158926226566,0.672998,profit_lock_pullback_restart,0.26419,-0.06,0.24899,-0.026215884268227185,0.2395,0.25469,False,short_pullback_restart,1.0,True,1739109600000,1739141100000,"[{'amount': 833.0, 'safe_price': 0.24924, 'ft_order_side': 'sell', 'order_filled_timestamp': 1739109600000, 'ft_is_entry': True, 'ft_order_tag': 'short_pullback_restart', 'cost': 207.72072845999998}, {'amount': 833.0, 'safe_price': 0.2482, 'ft_order_side': 'buy', 'order_filled_timestamp': 1739141100000, 'ft_is_entry': False, 'ft_order_tag': 'profit_lock_pullback_restart', 'cost': 206.85397529999997}]",0.013861758244600002,6
raw_be_profit_lock_3y,Raw + Breakeven + ProfitLock,3y,profit_lock,SOL/USDT:USDT,214.511,214.511,1.1,2025-02-09 22:00:00+00:00,2025-02-10 00:05:00+00:00,195.01,203.24,0.0005,0.0005,125,-0.043411358144446965,-9.30755774,trailing_stop_loss,206.71,-0.06,203.24,-0.03277848729927846,193.95,204.0,False,short_pullback_restart,1.0,True,1739138400000,1739145900000,"[{'amount': 1.1, 'safe_price': 195.01, 'ft_order_side': 'sell', 'order_filled_timestamp': 1739138400000, 'ft_is_entry': True, 'ft_order_tag': 'short_pullback_restart', 'cost': 214.61825549999998}, {'amount': 1.1, 'safe_price': 203.24, 'ft_order_side': 'buy', 'order_filled_timestamp': 1739145900000, 'ft_is_entry': False, 'ft_order_tag': 'trailing_stop_loss', 'cost': 223.675782}]",-0.035520235347688736,0
raw_be_profit_lock_3y,Raw + Breakeven + ProfitLock,3y,profit_lock,BTC/USDT:USDT,383.342,383.342,0.004,2025-02-09 14:00:00+00:00,2025-02-10 05:45:00+00:00,95835.5,97377.7,0.0005,0.0005,945,-0.01706203397257164,-6.53732393,stop_loss,101585.6,-0.06,97377.7,-0.01609259812386843,94650.1,97500.0,False,short_pullback_restart,1.0,True,1739109600000,1739166300000,"[{'amount': 0.004, 'safe_price': 95835.5, 'ft_order_side': 'sell', 'order_filled_timestamp': 1739109600000, 'ft_is_entry': True, 'ft_order_tag': 'short_pullback_restart', 'cost': 383.53367099999997}, {'amount': 0.004, 'safe_price': 97377.7, 'ft_order_side': 'buy', 'order_filled_timestamp': 1739166300000, 'ft_is_entry': False, 'ft_order_tag': 'stop_loss', 'cost': 389.7055554}]",0.01790247054655729,0
raw_be_profit_lock_3y,Raw + Breakeven + ProfitLock,3y,profit_lock,ETH/USDT:USDT,193.857,193.857,0.076,2025-02-09 22:00:00+00:00,2025-02-10 13:50:00+00:00,2550.75,2673.23,0.0005,0.0005,950,-0.048983264026097345,-9.49100074,stop_loss,2703.79,-0.06,2673.23,-0.048017625024502575,2525.0,2673.5,False,short_pullback_restart,1.0,True,1739138400000,1739195400000,"[{'amount': 0.076, 'safe_price': 2550.75, 'ft_order_side': 'sell', 'order_filled_timestamp': 1739138400000, 'ft_is_entry': True, 'ft_order_tag': 'short_pullback_restart', 'cost': 193.9539285}, {'amount': 0.076, 'safe_price': 2673.23, 'ft_order_side': 'buy', 'order_filled_timestamp': 1739195400000, 'ft_is_entry': False, 'ft_order_tag': 'stop_loss', 'cost': 203.26706274}]",0.0159904973864,0
raw_be_profit_lock_3y,Raw + Breakeven + ProfitLock,3y,profit_lock,SUI/USDT:USDT,311.69305,311.69305,93.7,2025-02-16 14:00:00+00:00,2025-02-17 01:55:00+00:00,3.3265,3.3139,0.0005,0.0005,715,0.0026904479485939186,0.83817463,profit_lock_compression_breakdown,3.526,-0.06,3.3231,-0.022137518454724336,3.2512,3.3529,False,short_compression_breakdown,1.0,True,1739714400000,1739757300000,"[{'amount': 93.7, 'safe_price': 3.3265, 'ft_order_side': 'sell', 'order_filled_timestamp': 1739714400000, 'ft_is_entry': True, 'ft_order_tag': 'short_compression_breakdown', 'cost': 311.84889652499993}, {'amount': 93.7, 'safe_price': 3.3139, 'ft_order_side': 'buy', 'order_filled_timestamp': 1739757300000, 'ft_is_entry': False, 'ft_order_tag': 'profit_lock_compression_breakdown', 'cost': 310.667686215}]",-0.03134263277477294,0
raw_be_profit_lock_3y,Raw + Breakeven + ProfitLock,3y,profit_lock,SOL/USDT:USDT,293.4624,293.4624,1.54,2025-02-16 14:00:00+00:00,2025-02-17 12:50:00+00:00,190.56,186.45,0.0005,0.0005,1370,0.020114470509323162,5.89988937,profit_giveback_guard,201.993,-0.06,190.369,-0.023491612903225878,180.5,191.16,False,short_pullback_restart,1.0,True,1739714400000,1739796600000,"[{'amount': 1.54, 'safe_price': 190.56, 'ft_order_side': 'sell', 'order_filled_timestamp': 1739714400000, 'ft_is_entry': True, 'ft_order_tag': 'short_pullback_restart', 'cost': 293.6091312}, {'amount': 1.54, 'safe_price': 186.45, 'ft_order_side': 'buy', 'order_filled_timestamp': 1739796600000, 'ft_is_entry': False, 'ft_order_tag': 'profit_giveback_guard', 'cost': 287.27656649999994}]",-0.13921292679374664,0
raw_be_profit_lock_3y,Raw + Breakeven + ProfitLock,3y,profit_lock,SUI/USDT:USDT,259.63146,259.63146,80.2,2025-02-17 05:00:00+00:00,2025-02-17 14:10:00+00:00,3.2373,3.3456,0.0005,0.0005,550,-0.034549241201229944,-8.9655849,trailing_stop_loss,3.4315,-0.06,3.3456,-0.027144525526314522,3.19,3.3486,False,short_compression_breakdown,1.0,True,1739768400000,1739801400000,"[{'amount': 80.2, 'safe_price': 3.2373, 'ft_order_side': 'sell', 'order_filled_timestamp': 1739768400000, 'ft_is_entry': True, 'ft_order_tag': 'short_compression_breakdown', 'cost': 259.76127572999997}, {'amount': 80.2, 'safe_price': 3.3456, 'ft_order_side': 'buy', 'order_filled_timestamp': 1739801400000, 'ft_is_entry': False, 'ft_order_tag': 'trailing_stop_loss', 'cost': 268.45127856000005}]",-0.0159506145990833,0
raw_be_profit_lock_3y,Raw + Breakeven + ProfitLock,3y,profit_lock,DOGE/USDT:USDT,240.45143,240.45143,953.0,2025-02-18 06:00:00+00:00,2025-02-18 07:40:00+00:00,0.25231,0.25136,0.0005,0.0005,100,0.0027684763282381933,0.66535125,profit_lock_compression_breakdown,0.26744,-0.06,0.25205,-0.02113794360719501,0.24684,0.25253,False,short_compression_breakdown,1.0,True,1739858400000,1739864400000,"[{'amount': 953.0, 'safe_price': 0.25231, 'ft_order_side': 'sell', 'order_filled_timestamp': 1739858400000, 'ft_is_entry': True, 'ft_order_tag': 'short_compression_breakdown', 'cost': 240.57165571499996}, {'amount': 953.0, 'safe_price': 0.25136, 'ft_order_side': 'buy', 'order_filled_timestamp': 1739864400000, 'ft_is_entry': False, 'ft_order_tag': 'profit_lock_compression_breakdown', 'cost': 239.66585303999994}]",0.0,1
raw_be_profit_lock_3y,Raw + Breakeven + ProfitLock,3y,profit_lock,SOL/USDT:USDT,225.6576,225.6576,1.38,2025-02-24 02:00:00+00:00,2025-02-24 06:55:00+00:00,163.52,160.52,0.0005,0.0005,295,0.01736423495505091,3.9164124,profit_lock_compression_breakdown,173.331,-0.06,163.356,-0.02085039370078734,157.05,164.88,False,short_compression_breakdown,1.0,True,1740362400000,1740380100000,"[{'amount': 1.38, 'safe_price': 163.52, 'ft_order_side': 'sell', 'order_filled_timestamp': 1740362400000, 'ft_is_entry': True, 'ft_order_tag': 'short_compression_breakdown', 'cost': 225.7704288}, {'amount': 1.38, 'safe_price': 160.52, 'ft_order_side': 'buy', 'order_filled_timestamp': 1740380100000, 'ft_is_entry': False, 'ft_order_tag': 'profit_lock_compression_breakdown', 'cost': 221.62835879999997}]",0.0,0
raw_be_profit_lock_3y,Raw + Breakeven + ProfitLock,3y,profit_lock,DOGE/USDT:USDT,307.28451,307.28451,1277.0,2025-02-23 16:00:00+00:00,2025-02-24 22:00:00+00:00,0.24063,0.21634,0.0005,0.0005,1800,0.1000089691912774,30.71584149,roi,0.25506,-0.06,0.24038,-0.021933299324065958,0.20943,0.24383,False,short_pullback_restart,1.0,True,1740326400000,1740434400000,"[{'amount': 1277.0, 'safe_price': 0.24063, 'ft_order_side': 'sell', 'order_filled_timestamp': 1740326400000, 'ft_is_entry': True, 'ft_order_tag': 'short_pullback_restart', 'cost': 307.438152255}, {'amount': 1277.0, 'safe_price': 0.21634, 'ft_order_side': 'buy', 'order_filled_timestamp': 1740434400000, 'ft_is_entry': False, 'ft_order_tag': 'roi', 'cost': 276.40431309}]",-0.010713164966329604,0
raw_be_profit_lock_3y,Raw + Breakeven + ProfitLock,3y,profit_lock,LINK/USDT:USDT,297.0446,297.0446,17.21,2025-02-24 03:00:00+00:00,2025-02-24 22:00:00+00:00,17.26,15.515,0.0005,0.0005,1140,0.09998937513750793,29.68645329,roi,18.295,-0.06,17.242,-0.022155433042859718,15.339,17.261,False,short_pullback_restart,1.0,True,1740366000000,1740434400000,"[{'amount': 17.21, 'safe_price': 17.26, 'ft_order_side': 'sell', 'order_filled_timestamp': 1740366000000, 'ft_is_entry': True, 'ft_order_tag': 'short_pullback_restart', 'cost': 297.1931223}, {'amount': 17.21, 'safe_price': 15.515, 'ft_order_side': 'buy', 'order_filled_timestamp': 1740434400000, 'ft_is_entry': False, 'ft_order_tag': 'roi', 'cost': 267.146656575}]",-0.0629678354466,0
raw_be_profit_lock_3y,Raw + Breakeven + ProfitLock,3y,profit_lock,ETH/USDT:USDT,286.96892,286.96892,0.118,2025-02-26 13:00:00+00:00,2025-02-26 14:45:00+00:00,2431.94,2429.5,0.0005,0.0005,105,3.817792511805629e-06,0.00109504,trailing_stop_loss,2577.85,-0.06,2429.5,-0.0210076233862293,2368.29,2439.0,False,short_pullback_restart,1.0,True,1740574800000,1740581100000,"[{'amount': 0.118, 'safe_price': 2431.94, 'ft_order_side': 'sell', 'order_filled_timestamp': 1740574800000, 'ft_is_entry': True, 'ft_order_tag': 'short_pullback_restart', 'cost': 287.11240445999994}, {'amount': 0.118, 'safe_price': 2429.5, 'ft_order_side': 'buy', 'order_filled_timestamp': 1740581100000, 'ft_is_entry': False, 'ft_order_tag': 'trailing_stop_loss', 'cost': 286.82434049999995}]",0.0,2
raw_be_profit_lock_3y,Raw + Breakeven + ProfitLock,3y,profit_lock,BTC/USDT:USDT,348.6,348.6,0.004,2025-02-26 14:00:00+00:00,2025-02-26 14:50:00+00:00,87150.0,87284.5,0.0005,0.0005,50,-0.0025453604599201493,-0.886869,profit_lock_pullback_restart,92379.0,-0.06,89539.7,-0.027420844090648266,85377.2,87783.0,False,short_pullback_restart,1.0,True,1740578400000,1740581400000,"[{'amount': 0.004, 'safe_price': 87150.0, 'ft_order_side': 'sell', 'order_filled_timestamp': 1740578400000, 'ft_is_entry': True, 'ft_order_tag': 'short_pullback_restart', 'cost': 348.7743}, {'amount': 0.004, 'safe_price': 87284.5, 'ft_order_side': 'buy', 'order_filled_timestamp': 1740581400000, 'ft_is_entry': False, 'ft_order_tag': 'profit_lock_pullback_restart', 'cost': 349.312569}]",0.0,2
raw_be_profit_lock_3y,Raw + Breakeven + ProfitLock,3y,profit_lock,TRX/USDT:USDT,347.3932,347.3932,1540.0,2025-02-26 18:00:00+00:00,2025-02-26 21:50:00+00:00,0.22558,0.23181,0.0005,0.0005,230,-0.02864582836679444,-9.9463903,trailing_stop_loss,0.23911,-0.06,0.23181,-0.04169823564779862,0.22242,0.23188,False,short_pullback_restart,1.0,True,1740592800000,1740606600000,"[{'amount': 1540.0, 'safe_price': 0.22558, 'ft_order_side': 'sell', 'order_filled_timestamp': 1740592800000, 'ft_is_entry': True, 'ft_order_tag': 'short_pullback_restart', 'cost': 347.56689659999995}, {'amount': 1540.0, 'safe_price': 0.23181, 'ft_order_side': 'buy', 'order_filled_timestamp': 1740606600000, 'ft_is_entry': False, 'ft_order_tag': 'trailing_stop_loss', 'cost': 357.16589369999997}]",0.0,2
raw_be_profit_lock_3y,Raw + Breakeven + ProfitLock,3y,profit_lock,TRX/USDT:USDT,445.87962,445.87962,1971.0,2025-02-27 21:00:00+00:00,2025-02-28 09:40:00+00:00,0.22622,0.22274,0.0005,0.0005,760,0.014009350846795842,6.24336079,profit_lock_pullback_restart,0.23979,-0.06,0.22599,-0.02074878048780482,0.21669,0.22876,False,short_pullback_restart,1.0,True,1740690000000,1740735600000,"[{'amount': 1971.0, 'safe_price': 0.22622, 'ft_order_side': 'sell', 'order_filled_timestamp': 1740690000000, 'ft_is_entry': True, 'ft_order_tag': 'short_pullback_restart', 'cost': 446.10255980999995}, {'amount': 1971.0, 'safe_price': 0.22274, 'ft_order_side': 'buy', 'order_filled_timestamp': 1740735600000, 'ft_is_entry': False, 'ft_order_tag': 'profit_lock_pullback_restart', 'cost': 439.24005027}]",-0.1732691309554899,4
raw_be_profit_lock_3y,Raw + Breakeven + ProfitLock,3y,profit_lock,BNB/USDT:USDT,319.5052,319.5052,0.53,2025-02-27 15:00:00+00:00,2025-02-28 14:45:00+00:00,602.84,583.62,0.0005,0.0005,1425,0.0308619791521725,9.85563254,profit_giveback_guard,639.01,-0.06,602.23,-0.02821730890713825,559.56,609.31,False,short_pullback_restart,1.0,True,1740668400000,1740753900000,"[{'amount': 0.53, 'safe_price': 602.84, 'ft_order_side': 'sell', 'order_filled_timestamp': 1740668400000, 'ft_is_entry': True, 'ft_order_tag': 'short_pullback_restart', 'cost': 319.66495260000005}, {'amount': 0.53, 'safe_price': 583.62, 'ft_order_side': 'buy', 'order_filled_timestamp': 1740753900000, 'ft_is_entry': False, 'ft_order_tag': 'profit_giveback_guard', 'cost': 309.4732593}]",-0.01655556063299948,4
raw_be_profit_lock_3y,Raw + Breakeven + ProfitLock,3y,profit_lock,LINK/USDT:USDT,402.8059,402.8059,27.58,2025-03-02 14:00:00+00:00,2025-03-02 15:25:00+00:00,14.605,14.954,0.0005,0.0005,85,-0.02492033418283945,-10.03303861,stop_loss,15.481,-0.06,14.954,-0.023946564232637746,14.402,15.01,False,short_pullback_restart,1.0,True,1740924000000,1740929100000,"[{'amount': 27.58, 'safe_price': 14.605, 'ft_order_side': 'sell', 'order_filled_timestamp': 1740924000000, 'ft_is_entry': True, 'ft_order_tag': 'short_pullback_restart', 'cost': 403.00730295}, {'amount': 27.58, 'safe_price': 14.954, 'ft_order_side': 'buy', 'order_filled_timestamp': 1740929100000, 'ft_is_entry': False, 'ft_order_tag': 'stop_loss', 'cost': 412.63753565999997}]",0.0,6
raw_be_profit_lock_3y,Raw + Breakeven + ProfitLock,3y,profit_lock,BTC/USDT:USDT,425.382,425.382,0.005,2025-03-02 15:00:00+00:00,2025-03-02 15:25:00+00:00,85076.4,86618.0,0.0005,0.0005,25,-0.019138813239221834,-8.137236,stop_loss,90180.9,-0.06,86618.0,-0.018121285691449218,85030.1,87288.0,False,short_pullback_restart,1.0,True,1740927600000,1740929100000,"[{'amount': 0.005, 'safe_price': 85076.4, 'ft_order_side': 'sell', 'order_filled_timestamp': 1740927600000, 'ft_is_entry': True, 'ft_order_tag': 'short_pullback_restart', 'cost': 425.59469099999995}, {'amount': 0.005, 'safe_price': 86618.0, 'ft_order_side': 'buy', 'order_filled_timestamp': 1740929100000, 'ft_is_entry': False, 'ft_order_tag': 'stop_loss', 'cost': 433.306545}]",0.0,6
raw_be_profit_lock_3y,Raw + Breakeven + ProfitLock,3y,profit_lock,BNB/USDT:USDT,446.331,446.331,0.74,2025-03-02 15:00:00+00:00,2025-03-02 15:25:00+00:00,603.15,612.21,0.0005,0.0005,25,-0.016036667923616122,-7.1540832,stop_loss,639.33,-0.06,612.21,-0.015030282909257675,602.44,612.48,False,short_pullback_restart,1.0,True,1740927600000,1740929100000,"[{'amount': 0.74, 'safe_price': 603.15, 'ft_order_side': 'sell', 'order_filled_timestamp': 1740927600000, 'ft_is_entry': True, 'ft_order_tag': 'short_pullback_restart', 'cost': 446.55416549999995}, {'amount': 0.74, 'safe_price': 612.21, 'ft_order_side': 'buy', 'order_filled_timestamp': 1740929100000, 'ft_is_entry': False, 'ft_order_tag': 'stop_loss', 'cost': 453.2619177}]",0.0,6
raw_be_profit_lock_3y,Raw + Breakeven + ProfitLock,3y,profit_lock,ZEC/USDT:USDT,265.68984,265.68984,8.308,2025-03-09 03:00:00+00:00,2025-03-09 04:20:00+00:00,31.98,31.88,0.0005,0.0005,80,0.0021295826149472486,0.56552556,profit_lock_pullback_restart,33.89,-0.06,33.1,-0.05686760192325435,31.32,32.06,False,short_pullback_restart,1.0,True,1741489200000,1741494000000,"[{'amount': 8.308, 'safe_price': 31.98, 'ft_order_side': 'sell', 'order_filled_timestamp': 1741489200000, 'ft_is_entry': True, 'ft_order_tag': 'short_pullback_restart', 'cost': 265.82268492}, {'amount': 8.308, 'safe_price': 31.88, 'ft_order_side': 'buy', 'order_filled_timestamp': 1741494000000, 'ft_is_entry': False, 'ft_order_tag': 'profit_lock_pullback_restart', 'cost': 264.99146951999995}]",0.0,6
raw_be_profit_lock_3y,Raw + Breakeven + ProfitLock,3y,profit_lock,DOGE/USDT:USDT,249.32557,249.32557,1313.0,2025-03-09 03:00:00+00:00,2025-03-09 16:55:00+00:00,0.18989,0.17074,0.0005,0.0005,835,0.10001030473174716,24.92265867,roi,0.20128,-0.06,0.1897,-0.022752372223420414,0.17032,0.19197,False,short_compression_breakdown,1.0,True,1741489200000,1741539300000,"[{'amount': 1313.0, 'safe_price': 0.18989, 'ft_order_side': 'sell', 'order_filled_timestamp': 1741489200000, 'ft_is_entry': True, 'ft_order_tag': 'short_compression_breakdown', 'cost': 249.450232785}, {'amount': 1313.0, 'safe_price': 0.17074, 'ft_order_side': 'buy', 'order_filled_timestamp': 1741539300000, 'ft_is_entry': False, 'ft_order_tag': 'roi', 'cost': 224.29371081}]",0.015462260417219199,6
raw_be_profit_lock_3y,Raw + Breakeven + ProfitLock,3y,profit_lock,XRP/USDT:USDT,307.36536,307.36536,133.8,2025-03-09 10:00:00+00:00,2025-03-09 20:10:00+00:00,2.2972,2.1796,0.0005,0.0005,610,0.05026147470923226,15.44091195,profit_lock_pullback_restart,2.435,-0.06,2.2949,-0.021318558077436656,2.0814,2.3001,False,short_pullback_restart,1.0,True,1741514400000,1741551000000,"[{'amount': 133.8, 'safe_price': 2.2972, 'ft_order_side': 'sell', 'order_filled_timestamp': 1741514400000, 'ft_is_entry': True, 'ft_order_tag': 'short_pullback_restart', 'cost': 307.51904268000004}, {'amount': 133.8, 'safe_price': 2.1796, 'ft_order_side': 'buy', 'order_filled_timestamp': 1741551000000, 'ft_is_entry': False, 'ft_order_tag': 'profit_lock_pullback_restart', 'cost': 291.77629524}]",0.0055298706430281595,6
raw_be_profit_lock_3y,Raw + Breakeven + ProfitLock,3y,profit_lock,ETH/USDT:USDT,228.21388,228.21388,0.107,2025-03-09 11:00:00+00:00,2025-03-10 04:15:00+00:00,2132.84,2068.04,0.0005,0.0005,1035,0.02937154776667712,6.69964338,profit_giveback_guard,2260.81,-0.06,2130.7,-0.023394409221902057,1986.8,2147.64,False,short_pullback_restart,1.0,True,1741518000000,1741580100000,"[{'amount': 0.107, 'safe_price': 2132.84, 'ft_order_side': 'sell', 'order_filled_timestamp': 1741518000000, 'ft_is_entry': True, 'ft_order_tag': 'short_pullback_restart', 'cost': 228.32798694000002}, {'amount': 0.107, 'safe_price': 2068.04, 'ft_order_side': 'buy', 'order_filled_timestamp': 1741580100000, 'ft_is_entry': False, 'ft_order_tag': 'profit_giveback_guard', 'cost': 221.39092014}]",-0.009209536333403264,0
raw_be_profit_lock_3y,Raw + Breakeven + ProfitLock,3y,profit_lock,BTC/USDT:USDT,427.6645,427.6645,0.005,2025-03-09 10:00:00+00:00,2025-03-10 09:20:00+00:00,85532.9,83072.8,0.0005,0.0005,1400,0.027937678335747555,11.94197926,profit_giveback_guard,90664.8,-0.06,85447.3,-0.02119010377140884,79933.4,85588.6,False,short_pullback_restart,1.0,True,1741514400000,1741598400000,"[{'amount': 0.005, 'safe_price': 85532.9, 'ft_order_side': 'sell', 'order_filled_timestamp': 1741514400000, 'ft_is_entry': True, 'ft_order_tag': 'short_pullback_restart', 'cost': 427.87833224999997}, {'amount': 0.005, 'safe_price': 83072.8, 'ft_order_side': 'buy', 'order_filled_timestamp': 1741598400000, 'ft_is_entry': False, 'ft_order_tag': 'profit_giveback_guard', 'cost': 415.571682}]",0.06299350850056273,0
raw_be_profit_lock_3y,Raw + Breakeven + ProfitLock,3y,profit_lock,BTC/USDT:USDT,245.1915,245.1915,0.003,2025-03-13 14:00:00+00:00,2025-03-13 23:10:00+00:00,81730.5,81439.1,0.0005,0.0005,550,0.0026000802996612735,0.63719883,profit_lock_pullback_restart,86634.3,-0.06,81648.7,-0.021843494769934635,79903.4,82500.0,False,short_pullback_restart,1.0,True,1741874400000,1741907400000,"[{'amount': 0.003, 'safe_price': 81730.5, 'ft_order_side': 'sell', 'order_filled_timestamp': 1741874400000, 'ft_is_entry': True, 'ft_order_tag': 'short_pullback_restart', 'cost': 245.31409575}, {'amount': 0.003, 'safe_price': 81439.1, 'ft_order_side': 'buy', 'order_filled_timestamp': 1741907400000, 'ft_is_entry': False, 'ft_order_tag': 'profit_lock_pullback_restart', 'cost': 244.43945865}]",0.007753231200000001,3
raw_be_profit_lock_3y,Raw + Breakeven + ProfitLock,3y,profit_lock,TRX/USDT:USDT,225.72679,225.72679,1013.0,2025-03-11 15:00:00+00:00,2025-03-14 15:10:00+00:00,0.22283,0.22208,0.0005,0.0005,4330,-0.00019552206135409013,-0.0441125,stale_loss_72h,0.23619,-0.06,0.23264,-0.04403381303146037,0.21963,0.22778,False,short_compression_breakdown,1.0,True,1741705200000,1741965000000,"[{'amount': 1013.0, 'safe_price': 0.22283, 'ft_order_side': 'sell', 'order_filled_timestamp': 1741705200000, 'ft_is_entry': True, 'ft_order_tag': 'short_compression_breakdown', 'cost': 225.83965339499997}, {'amount': 1013.0, 'safe_price': 0.22208, 'ft_order_side': 'buy', 'order_filled_timestamp': 1741965000000, 'ft_is_entry': False, 'ft_order_tag': 'stale_loss_72h', 'cost': 225.07952351999998}]",-0.5785155821588732,4
raw_be_profit_lock_3y,Raw + Breakeven + ProfitLock,3y,profit_lock,SOL/USDT:USDT,249.4512,249.4512,2.04,2025-03-18 14:00:00+00:00,2025-03-19 00:30:00+00:00,122.28,126.16,0.0005,0.0005,630,-0.03285943235557178,-8.19272642,trailing_stop_loss,129.61,-0.06,126.16,-0.03093119379858078,121.8,126.2,False,short_compression_breakdown,1.0,True,1742306400000,1742344200000,"[{'amount': 2.04, 'safe_price': 122.28, 'ft_order_side': 'sell', 'order_filled_timestamp': 1742306400000, 'ft_is_entry': True, 'ft_order_tag': 'short_compression_breakdown', 'cost': 249.57592559999998}, {'amount': 2.04, 'safe_price': 126.16, 'ft_order_side': 'buy', 'order_filled_timestamp': 1742344200000, 'ft_is_entry': False, 'ft_order_tag': 'trailing_stop_loss', 'cost': 257.4950832}]",-0.024117624731694647,2
raw_be_profit_lock_3y,Raw + Breakeven + ProfitLock,3y,profit_lock,ADA/USDT:USDT,217.8936,217.8936,318.0,2025-03-18 14:00:00+00:00,2025-03-19 09:20:00+00:00,0.6852,0.714,0.0005,0.0005,1160,-0.043301766912564064,-9.43046029,trailing_stop_loss,0.7263,-0.06,0.714,-0.03374923450894696,0.6812,0.7166,False,short_compression_breakdown,1.0,True,1742306400000,1742376000000,"[{'amount': 318.0, 'safe_price': 0.6852, 'ft_order_side': 'sell', 'order_filled_timestamp': 1742306400000, 'ft_is_entry': True, 'ft_order_tag': 'short_compression_breakdown', 'cost': 218.0025468}, {'amount': 318.0, 'safe_price': 0.714, 'ft_order_side': 'buy', 'order_filled_timestamp': 1742376000000, 'ft_is_entry': False, 'ft_order_tag': 'trailing_stop_loss', 'cost': 227.16552599999997}]",-0.0495874874320056,2
raw_be_profit_lock_3y,Raw + Breakeven + ProfitLock,3y,profit_lock,ADA/USDT:USDT,294.865,294.865,425.0,2025-03-23 19:00:00+00:00,2025-03-24 00:30:00+00:00,0.6938,0.7168,0.0005,0.0005,330,-0.03430321889447598,-10.10976123,stop_loss,0.7354,-0.06,0.7168,-0.033210864359860315,0.691,0.7177,False,short_pullback_restart,1.0,True,1742756400000,1742776200000,"[{'amount': 425.0, 'safe_price': 0.6938, 'ft_order_side': 'sell', 'order_filled_timestamp': 1742756400000, 'ft_is_entry': True, 'ft_order_tag': 'short_pullback_restart', 'cost': 295.0124325}, {'amount': 425.0, 'safe_price': 0.7168, 'ft_order_side': 'buy', 'order_filled_timestamp': 1742776200000, 'ft_is_entry': False, 'ft_order_tag': 'stop_loss', 'cost': 304.79231999999996}]",-0.035008733675,0
raw_be_profit_lock_3y,Raw + Breakeven + ProfitLock,3y,profit_lock,XRP/USDT:USDT,246.26337,246.26337,108.3,2025-03-28 05:00:00+00:00,2025-03-28 12:30:00+00:00,2.2739,2.2384,0.0005,0.0005,450,0.014618351613827638,3.59816455,profit_lock_compression_breakdown,2.4103,-0.06,2.2716,-0.022472025926092654,2.1913,2.2765,False,short_compression_breakdown,1.0,True,1743138000000,1743165000000,"[{'amount': 108.3, 'safe_price': 2.2739, 'ft_order_side': 'sell', 'order_filled_timestamp': 1743138000000, 'ft_is_entry': True, 'ft_order_tag': 'short_compression_breakdown', 'cost': 246.38650168499996}, {'amount': 108.3, 'safe_price': 2.2384, 'ft_order_side': 'buy', 'order_filled_timestamp': 1743165000000, 'ft_is_entry': False, 'ft_order_tag': 'profit_lock_compression_breakdown', 'cost': 242.53992935999997}]",-0.0021444067128,4
raw_be_profit_lock_3y,Raw + Breakeven + ProfitLock,3y,profit_lock,SOL/USDT:USDT,357.773,357.773,2.9,2025-03-30 14:00:00+00:00,2025-03-30 18:45:00+00:00,123.37,126.72,0.0005,0.0005,285,-0.028364240593127102,-10.14288547,stop_loss,130.77,-0.06,126.72,-0.027218847343579045,122.81,126.84,False,short_pullback_restart,1.0,True,1743343200000,1743360300000,"[{'amount': 2.9, 'safe_price': 123.37, 'ft_order_side': 'sell', 'order_filled_timestamp': 1743343200000, 'ft_is_entry': True, 'ft_order_tag': 'short_pullback_restart', 'cost': 357.9518865}, {'amount': 2.9, 'safe_price': 126.72, 'ft_order_side': 'buy', 'order_filled_timestamp': 1743360300000, 'ft_is_entry': False, 'ft_order_tag': 'stop_loss', 'cost': 367.671744}]",-0.06525497494999999,6
raw_be_profit_lock_3y,Raw + Breakeven + ProfitLock,3y,profit_lock,BTC/USDT:USDT,327.6492,327.6492,0.004,2025-04-03 13:00:00+00:00,2025-04-04 08:00:00+00:00,81912.3,84029.5,0.0005,0.0005,1140,-0.02671648582570567,-8.74925839,stop_loss,86827.0,-0.06,84029.5,-0.025847442172909352,81172.2,84270.7,False,short_pullback_restart,1.0,True,1743685200000,1743753600000,"[{'amount': 0.004, 'safe_price': 81912.3, 'ft_order_side': 'sell', 'order_filled_timestamp': 1743685200000, 'ft_is_entry': True, 'ft_order_tag': 'short_pullback_restart', 'cost': 327.8130246}, {'amount': 0.004, 'safe_price': 84029.5, 'ft_order_side': 'buy', 'order_filled_timestamp': 1743753600000, 'ft_is_entry': False, 'ft_order_tag': 'stop_loss', 'cost': 336.28605899999997}]",0.051425206774490265,4
raw_be_profit_lock_3y,Raw + Breakeven + ProfitLock,3y,profit_lock,ETH/USDT:USDT,447.46296,447.46296,0.249,2025-04-05 13:00:00+00:00,2025-04-05 20:45:00+00:00,1797.04,1791.5,0.0005,0.0005,465,0.0020776769584254983,0.92921864,profit_lock_pullback_restart,1904.86,-0.06,1829.47,-0.01804720964318407,1761.18,1804.5,False,short_pullback_restart,1.0,True,1743858000000,1743885900000,"[{'amount': 0.249, 'safe_price': 1797.04, 'ft_order_side': 'sell', 'order_filled_timestamp': 1743858000000, 'ft_is_entry': True, 'ft_order_tag': 'short_pullback_restart', 'cost': 447.68669148}, {'amount': 0.249, 'safe_price': 1791.5, 'ft_order_side': 'buy', 'order_filled_timestamp': 1743885900000, 'ft_is_entry': False, 'ft_order_tag': 'profit_lock_pullback_restart', 'cost': 446.30654175}]",-0.003468125419660561,5
raw_be_profit_lock_3y,Raw + Breakeven + ProfitLock,3y,profit_lock,ADA/USDT:USDT,319.0,319.0,500.0,2025-04-06 08:00:00+00:00,2025-04-06 14:50:00+00:00,0.638,0.6294,0.0005,0.0005,410,0.012483275336727925,3.98017375,profit_lock_compression_breakdown,0.6762,-0.06,0.6373,-0.020595676541232955,0.618,0.6415,False,short_compression_breakdown,1.0,True,1743926400000,1743951000000,"[{'amount': 500.0, 'safe_price': 0.638, 'ft_order_side': 'sell', 'order_filled_timestamp': 1743926400000, 'ft_is_entry': True, 'ft_order_tag': 'short_compression_breakdown', 'cost': 319.1595}, {'amount': 500.0, 'safe_price': 0.6294, 'ft_order_side': 'buy', 'order_filled_timestamp': 1743951000000, 'ft_is_entry': False, 'ft_order_tag': 'profit_lock_compression_breakdown', 'cost': 314.85735}]",-0.00297624728145,6
raw_be_profit_lock_3y,Raw + Breakeven + ProfitLock,3y,profit_lock,ETH/USDT:USDT,410.53089,410.53089,0.231,2025-04-06 13:00:00+00:00,2025-04-06 20:30:00+00:00,1777.19,1597.83,0.0005,0.0005,450,0.1000003445422161,41.03270383,roi,1883.82,-0.06,1775.41,-0.02328678797240369,1574.55,1780.12,False,short_pullback_restart,1.0,True,1743944400000,1743971400000,"[{'amount': 0.231, 'safe_price': 1777.19, 'ft_order_side': 'sell', 'order_filled_timestamp': 1743944400000, 'ft_is_entry': True, 'ft_order_tag': 'short_pullback_restart', 'cost': 410.736155445}, {'amount': 0.231, 'safe_price': 1597.83, 'ft_order_side': 'buy', 'order_filled_timestamp': 1743971400000, 'ft_is_entry': False, 'ft_order_tag': 'roi', 'cost': 369.28327936499994}]",-0.0096413566788,6
raw_be_profit_lock_3y,Raw + Breakeven + ProfitLock,3y,profit_lock,SOL/USDT:USDT,214.3778,214.3778,1.82,2025-04-05 14:00:00+00:00,2025-04-06 20:35:00+00:00,117.79,105.91,0.0005,0.0005,1835,0.09996890805525874,21.42039902,roi,124.85,-0.06,117.67,-0.021194220255141838,105.26,121.08,False,short_pullback_restart,1.0,True,1743861600000,1743971700000,"[{'amount': 1.82, 'safe_price': 117.79, 'ft_order_side': 'sell', 'order_filled_timestamp': 1743861600000, 'ft_is_entry': True, 'ft_order_tag': 'short_pullback_restart', 'cost': 214.4849889}, {'amount': 1.82, 'safe_price': 105.91, 'ft_order_side': 'buy', 'order_filled_timestamp': 1743971700000, 'ft_is_entry': False, 'ft_order_tag': 'roi', 'cost': 192.8525781}]",0.0023660243550084952,6
raw_be_profit_lock_3y,Raw + Breakeven + ProfitLock,3y,profit_lock,BTC/USDT:USDT,235.3212,235.3212,0.003,2025-04-08 15:00:00+00:00,2025-04-09 06:05:00+00:00,78440.4,76827.6,0.0005,0.0005,905,0.0197053822056557,4.63477564,profit_giveback_guard,83146.8,-0.06,78361.9,-0.023861539124878872,74578.5,78815.0,False,short_pullback_restart,1.0,True,1744124400000,1744178700000,"[{'amount': 0.003, 'safe_price': 78440.4, 'ft_order_side': 'sell', 'order_filled_timestamp': 1744124400000, 'ft_is_entry': True, 'ft_order_tag': 'short_pullback_restart', 'cost': 235.43886059999997}, {'amount': 0.003, 'safe_price': 76827.6, 'ft_order_side': 'buy', 'order_filled_timestamp': 1744178700000, 'ft_is_entry': False, 'ft_order_tag': 'profit_giveback_guard', 'cost': 230.5980414}]",0.029277643794558127,2
raw_be_profit_lock_3y,Raw + Breakeven + ProfitLock,3y,profit_lock,ZEC/USDT:USDT,277.38152,277.38152,9.197,2025-04-18 07:00:00+00:00,2025-04-18 17:35:00+00:00,30.16,31.25,0.0005,0.0005,635,-0.0369749529973452,-10.25104058,stop_loss,31.96,-0.06,31.25,-0.03625119206759919,29.85,31.25,False,short_pullback_restart,1.0,True,1744959600000,1744997700000,"[{'amount': 9.197, 'safe_price': 30.16, 'ft_order_side': 'sell', 'order_filled_timestamp': 1744959600000, 'ft_is_entry': True, 'ft_order_tag': 'short_pullback_restart', 'cost': 277.52021075999994}, {'amount': 9.197, 'safe_price': 31.25, 'ft_order_side': 'buy', 'order_filled_timestamp': 1744997700000, 'ft_is_entry': False, 'ft_order_tag': 'stop_loss', 'cost': 287.549953125}]",0.056083306,4
raw_be_profit_lock_3y,Raw + Breakeven + ProfitLock,3y,profit_lock,SUI/USDT:USDT,469.9787,469.9787,221.5,2025-04-19 17:00:00+00:00,2025-04-19 18:05:00+00:00,2.1218,2.1624,0.0005,0.0005,65,-0.020154341474630237,-9.46737515,trailing_stop_loss,2.2491,-0.06,2.1624,-0.003979319366960832,2.1203,2.1635,False,short_pullback_restart,1.0,True,1745082000000,1745085900000,"[{'amount': 221.5, 'safe_price': 2.1218, 'ft_order_side': 'sell', 'order_filled_timestamp': 1745082000000, 'ft_is_entry': True, 'ft_order_tag': 'short_pullback_restart', 'cost': 470.21368935}, {'amount': 221.5, 'safe_price': 2.1624, 'ft_order_side': 'buy', 'order_filled_timestamp': 1745085900000, 'ft_is_entry': False, 'ft_order_tag': 'trailing_stop_loss', 'cost': 479.2110857999999}]",0.0,5
raw_be_profit_lock_3y,Raw + Breakeven + ProfitLock,3y,profit_lock,NEAR/USDT:USDT,295.75,295.75,130.0,2025-05-06 11:00:00+00:00,2025-05-06 22:05:00+00:00,2.275,2.284,0.0005,0.0005,665,-0.00498861917856646,-1.47464643,profit_lock_compression_breakdown,2.411,-0.06,2.352,-0.03413361769456125,2.229,2.323,False,short_compression_breakdown,1.0,True,1746529200000,1746569100000,"[{'amount': 130.0, 'safe_price': 2.275, 'ft_order_side': 'sell', 'order_filled_timestamp': 1746529200000, 'ft_is_entry': True, 'ft_order_tag': 'short_compression_breakdown', 'cost': 295.897875}, {'amount': 130.0, 'safe_price': 2.284, 'ft_order_side': 'buy', 'order_filled_timestamp': 1746569100000, 'ft_is_entry': False, 'ft_order_tag': 'profit_lock_compression_breakdown', 'cost': 297.06845999999996}]",-0.0083114304,1
raw_be_profit_lock_3y,Raw + Breakeven + ProfitLock,3y,profit_lock,SOL/USDT:USDT,465.2803,465.2803,2.83,2025-05-09 00:00:00+00:00,2025-05-09 04:00:00+00:00,164.41,161.132,0.0005,0.0005,240,-0.021017484512562374,-9.78391101,stop_loss,154.546,-0.06,161.132,-0.01994035000508443,161.11,164.43,False,long_1d_center_compression,1.0,False,1746748800000,1746763200000,"[{'amount': 2.83, 'safe_price': 164.41, 'ft_order_side': 'buy', 'order_filled_timestamp': 1746748800000, 'ft_is_entry': True, 'ft_order_tag': 'long_1d_center_compression', 'cost': 465.51294014999996}, {'amount': 2.83, 'safe_price': 161.132, 'ft_order_side': 'sell', 'order_filled_timestamp': 1746763200000, 'ft_is_entry': False, 'ft_order_tag': 'stop_loss', 'cost': 456.23156178000005}]",-0.046529077595250004,4
raw_be_profit_lock_3y,Raw + Breakeven + ProfitLock,3y,profit_lock,BTC/USDT:USDT,412.912,412.912,0.004,2025-05-09 00:00:00+00:00,2025-05-12 14:25:00+00:00,103228.0,103331.3,0.0005,0.0005,5185,-0.0008726431239373145,-0.36050498,trailing_stop_loss,97034.4,-0.06,103331.3,-0.022745944391850403,102240.0,105863.1,False,long_1d_center_compression,1.0,False,1746748800000,1747059900000,"[{'amount': 0.004, 'safe_price': 103228.0, 'ft_order_side': 'buy', 'order_filled_timestamp': 1746748800000, 'ft_is_entry': True, 'ft_order_tag': 'long_1d_center_compression', 'cost': 413.11845600000004}, {'amount': 0.004, 'safe_price': 103331.3, 'ft_order_side': 'sell', 'order_filled_timestamp': 1747059900000, 'ft_is_entry': False, 'ft_order_tag': 'trailing_stop_loss', 'cost': 413.53186259999995}]",-0.360586381243828,0
raw_be_profit_lock_3y,Raw + Breakeven + ProfitLock,3y,profit_lock,TRX/USDT:USDT,454.24269,454.24269,1767.0,2025-05-09 00:00:00+00:00,2025-05-13 01:40:00+00:00,0.25707,0.2665,0.0005,0.0005,5860,0.034315163099274085,15.5952057,profit_giveback_guard,0.24165,-0.06,0.25733,-0.021904785434642138,0.25404,0.28029,False,long_1d_center_compression,1.0,False,1746748800000,1747100400000,"[{'amount': 1767.0, 'safe_price': 0.25707, 'ft_order_side': 'buy', 'order_filled_timestamp': 1746748800000, 'ft_is_entry': True, 'ft_order_tag': 'long_1d_center_compression', 'cost': 454.46981134500004}, {'amount': 1767.0, 'safe_price': 0.2665, 'ft_order_side': 'sell', 'order_filled_timestamp': 1747100400000, 'ft_is_entry': False, 'ft_order_tag': 'profit_giveback_guard', 'cost': 471.14095275}]",-0.60503020044,1
raw_be_profit_lock_3y,Raw + Breakeven + ProfitLock,3y,profit_lock,BCH/USDT:USDT,434.22222,434.22222,0.978,2025-05-23 00:00:00+00:00,2025-05-23 04:30:00+00:00,443.99,444.44,0.0005,0.0005,270,6.480601083715263e-05,0.02815428,trailing_stop_loss,417.36,-0.06,444.44,-0.021695414823130754,442.14,464.4,False,long_1d_center_compression,1.0,False,1747958400000,1747974600000,"[{'amount': 0.978, 'safe_price': 443.99, 'ft_order_side': 'buy', 'order_filled_timestamp': 1747958400000, 'ft_is_entry': True, 'ft_order_tag': 'long_1d_center_compression', 'cost': 434.43933110999996}, {'amount': 0.978, 'safe_price': 444.44, 'ft_order_side': 'sell', 'order_filled_timestamp': 1747974600000, 'ft_is_entry': False, 'ft_order_tag': 'trailing_stop_loss', 'cost': 434.8796511599999}]",0.0224965465164,4
raw_be_profit_lock_3y,Raw + Breakeven + ProfitLock,3y,profit_lock,BTC/USDT:USDT,438.4384,438.4384,0.004,2025-05-22 00:00:00+00:00,2025-05-23 11:45:00+00:00,109609.6,109719.3,0.0005,0.0005,2145,-0.00047047955162931774,-0.20637944,trailing_stop_loss,103033.1,-0.06,109719.3,-0.019962559656144907,109153.4,111959.5,False,long_1d_center_compression,1.0,False,1747872000000,1748000700000,"[{'amount': 0.004, 'safe_price': 109609.6, 'ft_order_side': 'buy', 'order_filled_timestamp': 1747872000000, 'ft_is_entry': True, 'ft_order_tag': 'long_1d_center_compression', 'cost': 438.65761920000006}, {'amount': 0.004, 'safe_price': 109719.3, 'ft_order_side': 'sell', 'order_filled_timestamp': 1748000700000, 'ft_is_entry': False, 'ft_order_tag': 'trailing_stop_loss', 'cost': 439.0966386}]",-0.20652164410429683,4
raw_be_profit_lock_3y,Raw + Breakeven + ProfitLock,3y,profit_lock,BNB/USDT:USDT,464.7771,464.7771,0.69,2025-05-22 00:00:00+00:00,2025-05-23 11:50:00+00:00,673.59,674.27,0.0005,0.0005,2150,9.00691298377593e-06,0.0041883,trailing_stop_loss,633.18,-0.06,674.27,-0.022792228872882347,672.0,691.66,False,long_1d_center_compression,1.0,False,1747872000000,1748001000000,"[{'amount': 0.69, 'safe_price': 673.59, 'ft_order_side': 'buy', 'order_filled_timestamp': 1747872000000, 'ft_is_entry': True, 'ft_order_tag': 'long_1d_center_compression', 'cost': 465.00948854999996}, {'amount': 0.69, 'safe_price': 674.27, 'ft_order_side': 'sell', 'order_filled_timestamp': 1748001000000, 'ft_is_entry': False, 'ft_order_tag': 'trailing_stop_loss', 'cost': 465.47892314999996}]",0.0,4
raw_be_profit_lock_3y,Raw + Breakeven + ProfitLock,3y,profit_lock,XRP/USDT:USDT,282.62325,282.62325,131.3,2025-05-30 17:00:00+00:00,2025-05-31 10:10:00+00:00,2.1525,2.1503,0.0005,0.0005,1030,6.076583196343269e-05,0.01716525,trailing_stop_loss,2.2816,-0.06,2.1503,-0.022174026714835593,2.0778,2.2046,False,short_pullback_restart,1.0,True,1748624400000,1748686200000,"[{'amount': 131.3, 'safe_price': 2.1525, 'ft_order_side': 'sell', 'order_filled_timestamp': 1748624400000, 'ft_is_entry': True, 'ft_order_tag': 'short_pullback_restart', 'cost': 282.76456162499994}, {'amount': 131.3, 'safe_price': 2.1503, 'ft_order_side': 'buy', 'order_filled_timestamp': 1748686200000, 'ft_is_entry': False, 'ft_order_tag': 'trailing_stop_loss', 'cost': 282.475557195}]",0.01078406509604502,5
raw_be_profit_lock_3y,Raw + Breakeven + ProfitLock,3y,profit_lock,NEAR/USDT:USDT,255.312,255.312,108.0,2025-06-01 10:00:00+00:00,2025-06-01 16:10:00+00:00,2.364,2.448,0.0005,0.0005,370,-0.036587992169300164,-9.33668278,trailing_stop_loss,2.505,-0.06,2.448,-0.03139746761563056,2.359,2.457,False,short_pullback_restart,1.0,True,1748772000000,1748794200000,"[{'amount': 108.0, 'safe_price': 2.364, 'ft_order_side': 'sell', 'order_filled_timestamp': 1748772000000, 'ft_is_entry': True, 'ft_order_tag': 'short_pullback_restart', 'cost': 255.43965599999996}, {'amount': 108.0, 'safe_price': 2.448, 'ft_order_side': 'buy', 'order_filled_timestamp': 1748794200000, 'ft_is_entry': False, 'ft_order_tag': 'trailing_stop_loss', 'cost': 264.516192}]",-0.00483477876,6
raw_be_profit_lock_3y,Raw + Breakeven + ProfitLock,3y,profit_lock,NEAR/USDT:USDT,226.1,226.1,95.0,2025-06-02 10:00:00+00:00,2025-06-02 22:00:00+00:00,2.38,2.483,0.0005,0.0005,720,-0.04424089979532003,-9.99786601,stop_loss,2.522,-0.06,2.483,-0.043679634062182116,2.372,2.491,False,short_pullback_restart,1.0,True,1748858400000,1748901600000,"[{'amount': 95.0, 'safe_price': 2.38, 'ft_order_side': 'sell', 'order_filled_timestamp': 1748858400000, 'ft_is_entry': True, 'ft_order_tag': 'short_pullback_restart', 'cost': 226.21304999999998}, {'amount': 95.0, 'safe_price': 2.483, 'ft_order_side': 'buy', 'order_filled_timestamp': 1748901600000, 'ft_is_entry': False, 'ft_order_tag': 'stop_loss', 'cost': 236.00294250000002}]",0.0181264902,0
raw_be_profit_lock_3y,Raw + Breakeven + ProfitLock,3y,profit_lock,ADA/USDT:USDT,343.8592,343.8592,512.0,2025-06-02 09:00:00+00:00,2025-06-02 22:20:00+00:00,0.6716,0.6909,0.0005,0.0005,800,-0.029765852712827154,-10.23014467,stop_loss,0.7118,-0.06,0.6909,-0.028785310095445826,0.6632,0.691,False,short_pullback_restart,1.0,True,1748854800000,1748902800000,"[{'amount': 512.0, 'safe_price': 0.6716, 'ft_order_side': 'sell', 'order_filled_timestamp': 1748854800000, 'ft_is_entry': True, 'ft_order_tag': 'short_pullback_restart', 'cost': 344.0311296}, {'amount': 512.0, 'safe_price': 0.6909, 'ft_order_side': 'buy', 'order_filled_timestamp': 1748902800000, 'ft_is_entry': False, 'ft_order_tag': 'stop_loss', 'cost': 353.91767039999996}]",0.000255327232,0
raw_be_profit_lock_3y,Raw + Breakeven + ProfitLock,3y,profit_lock,LINK/USDT:USDT,249.60474,249.60474,18.27,2025-06-01 10:00:00+00:00,2025-06-03 00:15:00+00:00,13.662,14.185,0.0005,0.0005,2295,-0.038947575954626876,-9.71663882,trailing_stop_loss,14.481,-0.06,14.185,-0.03227270862244569,13.58,14.214,False,short_pullback_restart,1.0,True,1748772000000,1748909700000,"[{'amount': 18.27, 'safe_price': 13.662, 'ft_order_side': 'sell', 'order_filled_timestamp': 1748772000000, 'ft_is_entry': True, 'ft_order_tag': 'short_pullback_restart', 'cost': 249.72954237000002}, {'amount': 18.27, 'safe_price': 14.185, 'ft_order_side': 'buy', 'order_filled_timestamp': 1748909700000, 'ft_is_entry': False, 'ft_order_tag': 'trailing_stop_loss', 'cost': 259.289529975}]",0.09295352165232,1
raw_be_profit_lock_3y,Raw + Breakeven + ProfitLock,3y,profit_lock,SUI/USDT:USDT,406.32614,406.32614,126.2,2025-06-04 11:00:00+00:00,2025-06-05 02:40:00+00:00,3.2197,3.2095,0.0005,0.0005,940,0.002226944229643737,0.90441322,profit_lock_pullback_restart,3.4128,-0.06,3.2164,-0.021040029204494992,3.1359,3.2461,False,short_pullback_restart,1.0,True,1749034800000,1749091200000,"[{'amount': 126.2, 'safe_price': 3.2197, 'ft_order_side': 'sell', 'order_filled_timestamp': 1749034800000, 'ft_is_entry': True, 'ft_order_tag': 'short_pullback_restart', 'cost': 406.52930306999997}, {'amount': 126.2, 'safe_price': 3.2095, 'ft_order_side': 'buy', 'order_filled_timestamp': 1749091200000, 'ft_is_entry': False, 'ft_order_tag': 'profit_lock_pullback_restart', 'cost': 405.2414194499999}]",0.022855739503927,3
raw_be_profit_lock_3y,Raw + Breakeven + ProfitLock,3y,profit_lock,DOGE/USDT:USDT,331.91925,331.91925,1731.0,2025-06-04 14:00:00+00:00,2025-06-05 12:20:00+00:00,0.19175,0.19127,0.0005,0.0005,1340,0.0016215422291423894,0.53795197,profit_lock_pullback_restart,0.20325,-0.06,0.19155,-0.02142609576623644,0.18679,0.19349,False,short_pullback_restart,1.0,True,1749045600000,1749126000000,"[{'amount': 1731.0, 'safe_price': 0.19175, 'ft_order_side': 'sell', 'order_filled_timestamp': 1749045600000, 'ft_is_entry': True, 'ft_order_tag': 'short_pullback_restart', 'cost': 332.085209625}, {'amount': 1731.0, 'safe_price': 0.19127, 'ft_order_side': 'buy', 'order_filled_timestamp': 1749126000000, 'ft_is_entry': False, 'ft_order_tag': 'profit_lock_pullback_restart', 'cost': 331.253914185}]",0.03857578425231541,3
raw_be_profit_lock_3y,Raw + Breakeven + ProfitLock,3y,profit_lock,SOL/USDT:USDT,317.0486,317.0486,2.11,2025-06-05 14:00:00+00:00,2025-06-05 19:15:00+00:00,150.26,148.34,0.0005,0.0005,315,0.011784070585836904,3.73425502,profit_lock_pullback_restart,159.27,-0.06,150.1,-0.042066921207913666,144.05,151.64,False,short_pullback_restart,1.0,True,1749132000000,1749150900000,"[{'amount': 2.11, 'safe_price': 150.26, 'ft_order_side': 'sell', 'order_filled_timestamp': 1749132000000, 'ft_is_entry': True, 'ft_order_tag': 'short_pullback_restart', 'cost': 317.2071243}, {'amount': 2.11, 'safe_price': 148.34, 'ft_order_side': 'buy', 'order_filled_timestamp': 1749150900000, 'ft_is_entry': False, 'ft_order_tag': 'profit_lock_pullback_restart', 'cost': 313.15389869999996}]",-0.0019219829639999999,3
raw_be_profit_lock_3y,Raw + Breakeven + ProfitLock,3y,profit_lock,TRX/USDT:USDT,456.13706,456.13706,1619.0,2025-06-06 00:00:00+00:00,2025-06-06 02:15:00+00:00,0.28174,0.27612,0.0005,0.0005,135,-0.02094734310834089,-9.55963693,stop_loss,0.26484,-0.06,0.27612,-0.019965215276654624,0.27612,0.28241,False,long_1d_center_compression,1.0,False,1749168000000,1749176100000,"[{'amount': 1619.0, 'safe_price': 0.28174, 'ft_order_side': 'buy', 'order_filled_timestamp': 1749168000000, 'ft_is_entry': True, 'ft_order_tag': 'long_1d_center_compression', 'cost': 456.36512852999994}, {'amount': 1619.0, 'safe_price': 0.27612, 'ft_order_side': 'sell', 'order_filled_timestamp': 1749176100000, 'ft_is_entry': False, 'ft_order_tag': 'stop_loss', 'cost': 447.26179913999994}]",-0.009269260049809599,4
raw_be_profit_lock_3y,Raw + Breakeven + ProfitLock,3y,profit_lock,XRP/USDT:USDT,402.60829,402.60829,184.1,2025-06-05 07:00:00+00:00,2025-06-06 04:35:00+00:00,2.1869,2.1307,0.0005,0.0005,1295,0.02477310156238714,9.96886913,profit_giveback_guard,2.3181,-0.06,2.1847,-0.03540905213270151,2.0576,2.2255,False,short_pullback_restart,1.0,True,1749106800000,1749184500000,"[{'amount': 184.1, 'safe_price': 2.1869, 'ft_order_side': 'sell', 'order_filled_timestamp': 1749106800000, 'ft_is_entry': True, 'ft_order_tag': 'short_pullback_restart', 'cost': 402.809594145}, {'amount': 184.1, 'safe_price': 2.1307, 'ft_order_side': 'buy', 'order_filled_timestamp': 1749184500000, 'ft_is_entry': False, 'ft_order_tag': 'profit_giveback_guard', 'cost': 392.458000935}]",0.019884212494823243,4
raw_be_profit_lock_3y,Raw + Breakeven + ProfitLock,3y,profit_lock,ETH/USDT:USDT,456.14988,456.14988,0.162,2025-06-11 00:00:00+00:00,2025-06-11 09:50:00+00:00,2815.74,2759.43,0.0005,0.0005,590,-0.021176824133125823,-9.66463569,stop_loss,2646.8,-0.06,2759.43,-0.01999996698248052,2756.0,2834.23,False,long_1d_center_compression,1.0,False,1749600000000,1749635400000,"[{'amount': 0.162, 'safe_price': 2815.74, 'ft_order_side': 'buy', 'order_filled_timestamp': 1749600000000, 'ft_is_entry': True, 'ft_order_tag': 'long_1d_center_compression', 'cost': 456.37795494}, {'amount': 0.162, 'safe_price': 2759.43, 'ft_order_side': 'sell', 'order_filled_timestamp': 1749635400000, 'ft_is_entry': False, 'ft_order_tag': 'stop_loss', 'cost': 447.25117382999997}]",-0.09082692,2
raw_be_profit_lock_3y,Raw + Breakeven + ProfitLock,3y,profit_lock,ADA/USDT:USDT,244.488,244.488,366.0,2025-06-12 20:00:00+00:00,2025-06-13 03:55:00+00:00,0.668,0.6351,0.0005,0.0005,475,0.048243444674793134,11.78904583,profit_lock_compression_breakdown,0.708,-0.06,0.6673,-0.024615384615384706,0.6168,0.6708,False,short_compression_breakdown,1.0,True,1749758400000,1749786900000,"[{'amount': 366.0, 'safe_price': 0.668, 'ft_order_side': 'sell', 'order_filled_timestamp': 1749758400000, 'ft_is_entry': True, 'ft_order_tag': 'short_compression_breakdown', 'cost': 244.61024400000002}, {'amount': 366.0, 'safe_price': 0.6351, 'ft_order_side': 'buy', 'order_filled_timestamp': 1749786900000, 'ft_is_entry': False, 'ft_order_tag': 'profit_lock_compression_breakdown', 'cost': 232.56282329999996}]",-0.013886870454000002,4
raw_be_profit_lock_3y,Raw + Breakeven + ProfitLock,3y,profit_lock,DOGE/USDT:USDT,270.16774,270.16774,1454.0,2025-06-12 16:00:00+00:00,2025-06-13 08:10:00+00:00,0.18581,0.17514,0.0005,0.0005,970,0.05646835041558497,15.24829865,profit_lock_compression_breakdown,0.19695,-0.06,0.18562,-0.028217969312579694,0.16961,0.19003,False,short_compression_breakdown,1.0,True,1749744000000,1749802200000,"[{'amount': 1454.0, 'safe_price': 0.18581, 'ft_order_side': 'sell', 'order_filled_timestamp': 1749744000000, 'ft_is_entry': True, 'ft_order_tag': 'short_compression_breakdown', 'cost': 270.30282386999994}, {'amount': 1454.0, 'safe_price': 0.17514, 'ft_order_side': 'buy', 'order_filled_timestamp': 1749802200000, 'ft_is_entry': False, 'ft_order_tag': 'profit_lock_compression_breakdown', 'cost': 254.78088677999997}]",-0.003470695658332999,4
raw_be_profit_lock_3y,Raw + Breakeven + ProfitLock,3y,profit_lock,DOGE/USDT:USDT,431.3034,431.3034,2466.0,2025-06-15 09:00:00+00:00,2025-06-15 22:05:00+00:00,0.1749,0.17424,0.0005,0.0005,785,0.0027916884549511567,1.20346269,profit_lock_pullback_restart,0.18539,-0.06,0.17891,-0.022977836476931746,0.17126,0.17736,False,short_pullback_restart,1.0,True,1749978000000,1750025100000,"[{'amount': 2466.0, 'safe_price': 0.1749, 'ft_order_side': 'sell', 'order_filled_timestamp': 1749978000000, 'ft_is_entry': True, 'ft_order_tag': 'short_pullback_restart', 'cost': 431.5190517}, {'amount': 2466.0, 'safe_price': 0.17424, 'ft_order_side': 'buy', 'order_filled_timestamp': 1750025100000, 'ft_is_entry': False, 'ft_order_tag': 'profit_lock_pullback_restart', 'cost': 429.89067792}]",0.006392307002399999,6
raw_be_profit_lock_3y,Raw + Breakeven + ProfitLock,3y,profit_lock,LINK/USDT:USDT,260.23872,260.23872,20.23,2025-06-14 17:00:00+00:00,2025-06-16 00:25:00+00:00,12.864,13.327,0.0005,0.0005,1885,-0.03723723420205318,-9.68572488,trailing_stop_loss,13.635,-0.06,13.327,-0.02568729594980579,12.841,13.337,False,short_compression_breakdown,1.0,True,1749920400000,1750033500000,"[{'amount': 20.23, 'safe_price': 12.864, 'ft_order_side': 'sell', 'order_filled_timestamp': 1749920400000, 'ft_is_entry': True, 'ft_order_tag': 'short_compression_breakdown', 'cost': 260.36883936}, {'amount': 20.23, 'safe_price': 13.327, 'ft_order_side': 'buy', 'order_filled_timestamp': 1750033500000, 'ft_is_entry': False, 'ft_order_tag': 'trailing_stop_loss', 'cost': 269.740012605}]",-0.054312911439436694,0
raw_be_profit_lock_3y,Raw + Breakeven + ProfitLock,3y,profit_lock,SOL/USDT:USDT,327.6761,327.6761,2.29,2025-06-19 15:00:00+00:00,2025-06-19 22:35:00+00:00,143.09,147.37,0.0005,0.0005,455,-0.03093091650884982,-10.13025443,stop_loss,151.67,-0.06,147.37,-0.029975832995732477,142.83,147.43,False,short_pullback_restart,1.0,True,1750345200000,1750372500000,"[{'amount': 2.29, 'safe_price': 143.09, 'ft_order_side': 'sell', 'order_filled_timestamp': 1750345200000, 'ft_is_entry': True, 'ft_order_tag': 'short_pullback_restart', 'cost': 327.83993805}, {'amount': 2.29, 'safe_price': 147.37, 'ft_order_side': 'buy', 'order_filled_timestamp': 1750372500000, 'ft_is_entry': False, 'ft_order_tag': 'stop_loss', 'cost': 337.64603865}]",0.0035222719000000007,3
raw_be_profit_lock_3y,Raw + Breakeven + ProfitLock,3y,profit_lock,SOL/USDT:USDT,321.5056,321.5056,2.32,2025-06-21 18:00:00+00:00,2025-06-21 21:30:00+00:00,138.58,135.22,0.0005,0.0005,210,0.023269680734435624,7.477592,profit_giveback_guard,146.89,-0.06,138.44,-0.02473293856402692,130.46,139.58,False,short_pullback_restart,1.0,True,1750528800000,1750541400000,"[{'amount': 2.32, 'safe_price': 138.58, 'ft_order_side': 'sell', 'order_filled_timestamp': 1750528800000, 'ft_is_entry': True, 'ft_order_tag': 'short_pullback_restart', 'cost': 321.66635279999997}, {'amount': 2.32, 'safe_price': 135.22, 'ft_order_side': 'buy', 'order_filled_timestamp': 1750541400000, 'ft_is_entry': False, 'ft_order_tag': 'profit_giveback_guard', 'cost': 313.8672552}]",0.0,5
raw_be_profit_lock_3y,Raw + Breakeven + ProfitLock,3y,profit_lock,NEAR/USDT:USDT,272.958,272.958,134.0,2025-06-21 14:00:00+00:00,2025-06-22 00:05:00+00:00,2.037,1.981,0.0005,0.0005,605,0.026479493932591924,7.22417581,profit_giveback_guard,2.159,-0.06,2.034,-0.023108597285067756,1.902,2.054,False,short_pullback_restart,1.0,True,1750514400000,1750550700000,"[{'amount': 134.0, 'safe_price': 2.037, 'ft_order_side': 'sell', 'order_filled_timestamp': 1750514400000, 'ft_is_entry': True, 'ft_order_tag': 'short_pullback_restart', 'cost': 273.094479}, {'amount': 134.0, 'safe_price': 1.981, 'ft_order_side': 'buy', 'order_filled_timestamp': 1750550700000, 'ft_is_entry': False, 'ft_order_tag': 'profit_giveback_guard', 'cost': 265.586727}]",-0.010618186799999998,6
raw_be_profit_lock_3y,Raw + Breakeven + ProfitLock,3y,profit_lock,ETH/USDT:USDT,202.2988,202.2988,0.092,2025-06-22 14:00:00+00:00,2025-06-22 14:50:00+00:00,2198.9,2197.38,0.0005,0.0005,50,-0.00030855393133831,-0.06238888,profit_lock_pullback_restart,2330.83,-0.06,2306.19,-0.048794549973850465,2155.1,2212.0,False,short_pullback_restart,1.0,True,1750600800000,1750603800000,"[{'amount': 0.092, 'safe_price': 2198.9, 'ft_order_side': 'sell', 'order_filled_timestamp': 1750600800000, 'ft_is_entry': True, 'ft_order_tag': 'short_pullback_restart', 'cost': 202.3999494}, {'amount': 0.092, 'safe_price': 2197.38, 'ft_order_side': 'buy', 'order_filled_timestamp': 1750603800000, 'ft_is_entry': False, 'ft_order_tag': 'profit_lock_pullback_restart', 'cost': 202.26003948}]",0.0,6
raw_be_profit_lock_3y,Raw + Breakeven + ProfitLock,3y,profit_lock,BNB/USDT:USDT,301.9184,301.9184,0.49,2025-06-22 14:00:00+00:00,2025-06-22 22:40:00+00:00,616.16,614.46,0.0005,0.0005,520,0.001761283783932995,0.5314981,profit_lock_pullback_restart,653.12,-0.06,615.54,-0.02190394289034603,600.91,618.54,False,short_pullback_restart,1.0,True,1750600800000,1750632000000,"[{'amount': 0.49, 'safe_price': 616.16, 'ft_order_side': 'sell', 'order_filled_timestamp': 1750600800000, 'ft_is_entry': True, 'ft_order_tag': 'short_pullback_restart', 'cost': 302.06935919999995}, {'amount': 0.49, 'safe_price': 614.46, 'ft_order_side': 'buy', 'order_filled_timestamp': 1750632000000, 'ft_is_entry': False, 'ft_order_tag': 'profit_lock_pullback_restart', 'cost': 301.23594269999995}]",0.0,6
raw_be_profit_lock_3y,Raw + Breakeven + ProfitLock,3y,profit_lock,LINK/USDT:USDT,294.60464,294.60464,22.93,2025-07-01 19:00:00+00:00,2025-07-02 15:10:00+00:00,12.848,13.278,0.0005,0.0005,1210,-0.034525600279141935,-10.16631634,stop_loss,13.618,-0.06,13.278,-0.03354424349546137,12.716,13.315,False,short_compression_breakdown,1.0,True,1751396400000,1751469000000,"[{'amount': 22.93, 'safe_price': 12.848, 'ft_order_side': 'sell', 'order_filled_timestamp': 1751396400000, 'ft_is_entry': True, 'ft_order_tag': 'short_compression_breakdown', 'cost': 294.75194232}, {'amount': 22.93, 'safe_price': 13.278, 'ft_order_side': 'buy', 'order_filled_timestamp': 1751469000000, 'ft_is_entry': False, 'ft_order_tag': 'stop_loss', 'cost': 304.61677226999996}]",-0.0068817542824178984,2
raw_be_profit_lock_3y,Raw + Breakeven + ProfitLock,3y,profit_lock,BTC/USDT:USDT,444.7992,444.7992,0.004,2025-07-10 00:00:00+00:00,2025-07-10 21:15:00+00:00,111199.8,113622.7,0.0005,0.0005,1275,0.02056320710775675,9.15107132,profit_giveback_guard,104527.9,-0.06,111311.0,-0.021218899072404263,110432.2,117500.0,False,long_1d_center_compression,1.0,False,1752105600000,1752182100000,"[{'amount': 0.004, 'safe_price': 111199.8, 'ft_order_side': 'buy', 'order_filled_timestamp': 1752105600000, 'ft_is_entry': True, 'ft_order_tag': 'long_1d_center_compression', 'cost': 445.0215996}, {'amount': 0.004, 'safe_price': 113622.7, 'ft_order_side': 'sell', 'order_filled_timestamp': 1752182100000, 'ft_is_entry': False, 'ft_order_tag': 'profit_giveback_guard', 'cost': 454.71804539999994}]",-0.09088367905200001,3
raw_be_profit_lock_3y,Raw + Breakeven + ProfitLock,3y,profit_lock,ETH/USDT:USDT,404.08274,404.08274,0.146,2025-07-10 00:00:00+00:00,2025-07-14 03:40:00+00:00,2767.69,3049.98,0.0005,0.0005,5980,0.10000094533115667,40.42886032,roi,2601.63,-0.06,2770.46,-0.020215697300203006,2754.08,3051.91,False,long_1d_center_compression,1.0,False,1752105600000,1752464400000,"[{'amount': 0.146, 'safe_price': 2767.69, 'ft_order_side': 'buy', 'order_filled_timestamp': 1752105600000, 'ft_is_entry': True, 'ft_order_tag': 'long_1d_center_compression', 'cost': 404.28478136999996}, {'amount': 0.146, 'safe_price': 3049.98, 'ft_order_side': 'sell', 'order_filled_timestamp': 1752464400000, 'ft_is_entry': False, 'ft_order_tag': 'roi', 'cost': 445.51972853999996}]",-0.3607897746568926,0
raw_be_profit_lock_3y,Raw + Breakeven + ProfitLock,3y,profit_lock,BNB/USDT:USDT,452.958,452.958,0.66,2025-07-11 00:00:00+00:00,2025-07-14 18:55:00+00:00,686.3,689.87,0.0005,0.0005,5455,0.004078224223561725,1.84818792,profit_lock_long_center,645.13,-0.06,686.99,-0.021791140412080523,679.47,708.0,False,long_1d_center_compression,1.0,False,1752192000000,1752519300000,"[{'amount': 0.66, 'safe_price': 686.3, 'ft_order_side': 'buy', 'order_filled_timestamp': 1752192000000, 'ft_is_entry': True, 'ft_order_tag': 'long_1d_center_compression', 'cost': 453.18447899999995}, {'amount': 0.66, 'safe_price': 689.87, 'ft_order_side': 'sell', 'order_filled_timestamp': 1752519300000, 'ft_is_entry': False, 'ft_order_tag': 'profit_lock_long_center', 'cost': 455.5418571}]",-0.053875979520000006,0
raw_be_profit_lock_3y,Raw + Breakeven + ProfitLock,3y,profit_lock,TRX/USDT:USDT,457.5996,457.5996,1609.0,2025-07-03 00:00:00+00:00,2025-07-17 09:35:00+00:00,0.2844,0.31359,0.0005,0.0005,20735,0.10001631504293587,45.79030947,roi,0.26734,-0.06,0.28469,-0.019681818181818356,0.28086,0.31378,False,long_1d_center_compression,1.0,False,1751500800000,1752744900000,"[{'amount': 1609.0, 'safe_price': 0.2844, 'ft_order_side': 'buy', 'order_filled_timestamp': 1751500800000, 'ft_is_entry': True, 'ft_order_tag': 'long_1d_center_compression', 'cost': 457.82839979999994}, {'amount': 1609.0, 'safe_price': 0.31359, 'ft_order_side': 'sell', 'order_filled_timestamp': 1752744900000, 'ft_is_entry': False, 'ft_order_tag': 'roi', 'cost': 504.818593155}]",-0.6953175770044413,3
raw_be_profit_lock_3y,Raw + Breakeven + ProfitLock,3y,profit_lock,LTC/USDT:USDT,491.466,491.466,4.055,2025-08-05 00:00:00+00:00,2025-08-05 07:30:00+00:00,121.2,121.33,0.0005,0.0005,450,-2.7868706561858675e-05,-0.01370337,trailing_stop_loss,113.93,-0.06,121.33,-0.020101768839350664,120.04,125.06,False,long_1d_center_compression,1.0,False,1754352000000,1754379000000,"[{'amount': 4.055, 'safe_price': 121.2, 'ft_order_side': 'buy', 'order_filled_timestamp': 1754352000000, 'ft_is_entry': True, 'ft_order_tag': 'long_1d_center_compression', 'cost': 491.7117329999999}, {'amount': 4.055, 'safe_price': 121.33, 'ft_order_side': 'sell', 'order_filled_timestamp': 1754379000000, 'ft_is_entry': False, 'ft_order_tag': 'trailing_stop_loss', 'cost': 492.23914657499995}]",-0.049123794002815,1
raw_be_profit_lock_3y,Raw + Breakeven + ProfitLock,3y,profit_lock,ETH/USDT:USDT,488.55,488.55,0.125,2025-08-08 00:00:00+00:00,2025-08-09 22:20:00+00:00,3908.4,4305.73,0.0005,0.0005,2780,0.09999886954486117,48.87887494,roi,3673.9,-0.06,3912.31,-0.024627121306178834,3876.7,4325.24,False,long_1d_center_compression,1.0,False,1754611200000,1754778000000,"[{'amount': 0.125, 'safe_price': 3908.4, 'ft_order_side': 'buy', 'order_filled_timestamp': 1754611200000, 'ft_is_entry': True, 'ft_order_tag': 'long_1d_center_compression', 'cost': 488.79427499999997}, {'amount': 0.125, 'safe_price': 4305.73, 'ft_order_side': 'sell', 'order_filled_timestamp': 1754778000000, 'ft_is_entry': False, 'ft_order_tag': 'roi', 'cost': 538.485358125}]",-0.27399193697762625,5
raw_be_profit_lock_3y,Raw + Breakeven + ProfitLock,3y,profit_lock,BTC/USDT:USDT,477.0212,477.0212,0.004,2025-08-11 00:00:00+00:00,2025-08-11 13:00:00+00:00,119255.3,119374.6,0.0005,0.0005,780,-0.0002019347283239961,-0.09637531,trailing_stop_loss,112100.0,-0.06,119374.6,-0.01970649554134174,118950.0,122450.0,False,long_1d_center_compression,1.0,False,1754870400000,1754917200000,"[{'amount': 0.004, 'safe_price': 119255.3, 'ft_order_side': 'buy', 'order_filled_timestamp': 1754870400000, 'ft_is_entry': True, 'ft_order_tag': 'long_1d_center_compression', 'cost': 477.2597106}, {'amount': 0.004, 'safe_price': 119374.6, 'ft_order_side': 'sell', 'order_filled_timestamp': 1754917200000, 'ft_is_entry': False, 'ft_order_tag': 'trailing_stop_loss', 'cost': 477.73714920000003}]",-0.096315512869564,0
raw_be_profit_lock_3y,Raw + Breakeven + ProfitLock,3y,profit_lock,TRX/USDT:USDT,508.14638,508.14638,1442.0,2025-08-13 00:00:00+00:00,2025-08-14 12:30:00+00:00,0.35239,0.35275,0.0005,0.0005,2190,-0.0005413964489467807,-0.2752462,trailing_stop_loss,0.33125,-0.06,0.35275,-0.01994223716381438,0.35,0.37038,False,long_1d_center_compression,1.0,False,1755043200000,1755174600000,"[{'amount': 1442.0, 'safe_price': 0.35239, 'ft_order_side': 'buy', 'order_filled_timestamp': 1755043200000, 'ft_is_entry': True, 'ft_order_tag': 'long_1d_center_compression', 'cost': 508.40045318999995}, {'amount': 1442.0, 'safe_price': 0.35275, 'ft_order_side': 'sell', 'order_filled_timestamp': 1755174600000, 'ft_is_entry': False, 'ft_order_tag': 'trailing_stop_loss', 'cost': 508.91983274999996}]",-0.285960258608934,3
raw_be_profit_lock_3y,Raw + Breakeven + ProfitLock,3y,profit_lock,BNB/USDT:USDT,500.4911,500.4911,0.59,2025-08-14 00:00:00+00:00,2025-08-14 12:30:00+00:00,848.29,849.14,0.0005,0.0005,750,-0.00021795793570855056,-0.10914055,trailing_stop_loss,797.4,-0.06,849.14,-0.021154952794845028,833.45,870.15,False,long_1d_center_compression,1.0,False,1755129600000,1755174600000,"[{'amount': 0.59, 'safe_price': 848.29, 'ft_order_side': 'buy', 'order_filled_timestamp': 1755129600000, 'ft_is_entry': True, 'ft_order_tag': 'long_1d_center_compression', 'cost': 500.74134554999995}, {'amount': 0.59, 'safe_price': 849.14, 'ft_order_side': 'sell', 'order_filled_timestamp': 1755174600000, 'ft_is_entry': False, 'ft_order_tag': 'trailing_stop_loss', 'cost': 501.24309629999993}]",-0.10989870236909002,3
raw_be_profit_lock_3y,Raw + Breakeven + ProfitLock,3y,profit_lock,NEAR/USDT:USDT,282.834,282.834,114.0,2025-08-21 12:00:00+00:00,2025-08-22 02:15:00+00:00,2.481,2.478,0.0005,0.0005,855,0.00040741854199973827,0.1151742,trailing_stop_loss,2.629,-0.06,2.478,-0.022491336633663428,2.424,2.51,False,short_pullback_restart,1.0,True,1755777600000,1755828900000,"[{'amount': 114.0, 'safe_price': 2.481, 'ft_order_side': 'sell', 'order_filled_timestamp': 1755777600000, 'ft_is_entry': True, 'ft_order_tag': 'short_pullback_restart', 'cost': 282.975417}, {'amount': 114.0, 'safe_price': 2.478, 'ft_order_side': 'buy', 'order_filled_timestamp': 1755828900000, 'ft_is_entry': False, 'ft_order_tag': 'trailing_stop_loss', 'cost': 282.633246}]",0.05583720000000001,4
raw_be_profit_lock_3y,Raw + Breakeven + ProfitLock,3y,profit_lock,NEAR/USDT:USDT,315.579,315.579,131.0,2025-08-22 12:00:00+00:00,2025-08-22 12:50:00+00:00,2.409,2.41,0.0005,0.0005,50,-0.0014160255719391454,-0.4466445,profit_lock_compression_breakdown,2.553,-0.06,2.49,-0.033998713447821016,2.367,2.411,False,short_compression_breakdown,1.0,True,1755864000000,1755867000000,"[{'amount': 131.0, 'safe_price': 2.409, 'ft_order_side': 'sell', 'order_filled_timestamp': 1755864000000, 'ft_is_entry': True, 'ft_order_tag': 'short_compression_breakdown', 'cost': 315.73678949999993}, {'amount': 131.0, 'safe_price': 2.41, 'ft_order_side': 'buy', 'order_filled_timestamp': 1755867000000, 'ft_is_entry': False, 'ft_order_tag': 'profit_lock_compression_breakdown', 'cost': 315.867855}]",0.0,4
raw_be_profit_lock_3y,Raw + Breakeven + ProfitLock,3y,profit_lock,XRP/USDT:USDT,332.12322,332.12322,117.3,2025-08-22 04:00:00+00:00,2025-08-22 13:45:00+00:00,2.8314,2.8455,0.0005,0.0005,585,-0.005924757126910167,-1.96676554,profit_lock_compression_breakdown,3.0012,-0.06,2.9241,-0.03276917900230414,2.7812,2.8753,False,short_compression_breakdown,1.0,True,1755835200000,1755870300000,"[{'amount': 117.3, 'safe_price': 2.8314, 'ft_order_side': 'sell', 'order_filled_timestamp': 1755835200000, 'ft_is_entry': True, 'ft_order_tag': 'short_compression_breakdown', 'cost': 332.28928161}, {'amount': 117.3, 'safe_price': 2.8455, 'ft_order_side': 'buy', 'order_filled_timestamp': 1755870300000, 'ft_is_entry': False, 'ft_order_tag': 'profit_lock_compression_breakdown', 'cost': 333.944038575}]",0.020114641811338287,4
raw_be_profit_lock_3y,Raw + Breakeven + ProfitLock,3y,profit_lock,BTC/USDT:USDT,449.4032,449.4032,0.004,2025-08-21 17:00:00+00:00,2025-08-22 14:00:00+00:00,112350.8,114093.8,0.0005,0.0005,1260,-0.01635619787271634,-7.3468524,trailing_stop_loss,119091.8,-0.06,114093.8,-0.016824313695957605,111625.9,114280.0,False,short_pullback_restart,1.0,True,1755795600000,1755871200000,"[{'amount': 0.004, 'safe_price': 112350.8, 'ft_order_side': 'sell', 'order_filled_timestamp': 1755795600000, 'ft_is_entry': True, 'ft_order_tag': 'short_pullback_restart', 'cost': 449.62790160000003}, {'amount': 0.004, 'safe_price': 114093.8, 'ft_order_side': 'buy', 'order_filled_timestamp': 1755871200000, 'ft_is_entry': False, 'ft_order_tag': 'trailing_stop_loss', 'cost': 456.60338759999996}]",0.07803680416,4
raw_be_profit_lock_3y,Raw + Breakeven + ProfitLock,3y,profit_lock,TAO/USDT:USDT,318.9618,318.9618,0.972,2025-08-28 17:00:00+00:00,2025-08-29 12:30:00+00:00,328.15,327.82,0.0005,0.0005,1170,0.00025575281331132577,0.08153459,trailing_stop_loss,347.83,-0.06,327.82,-0.022302834689867934,315.65,338.0,False,short_pullback_restart,1.0,True,1756400400000,1756470600000,"[{'amount': 0.972, 'safe_price': 328.15, 'ft_order_side': 'sell', 'order_filled_timestamp': 1756400400000, 'ft_is_entry': True, 'ft_order_tag': 'short_pullback_restart', 'cost': 319.1212809}, {'amount': 0.972, 'safe_price': 327.82, 'ft_order_side': 'buy', 'order_filled_timestamp': 1756470600000, 'ft_is_entry': False, 'ft_order_tag': 'trailing_stop_loss', 'cost': 318.80036051999997}]",0.079576008917418,4
raw_be_profit_lock_3y,Raw + Breakeven + ProfitLock,3y,profit_lock,SUI/USDT:USDT,239.2115,239.2115,71.3,2025-08-29 08:00:00+00:00,2025-08-29 12:30:00+00:00,3.355,3.3516,0.0005,0.0005,270,0.000113993952348303,0.02725503,trailing_stop_loss,3.5563,-0.06,3.3516,-0.02034979298587425,3.2848,3.4006,False,short_compression_breakdown,1.0,True,1756454400000,1756470600000,"[{'amount': 71.3, 'safe_price': 3.355, 'ft_order_side': 'sell', 'order_filled_timestamp': 1756454400000, 'ft_is_entry': True, 'ft_order_tag': 'short_compression_breakdown', 'cost': 239.33110574999998}, {'amount': 71.3, 'safe_price': 3.3516, 'ft_order_side': 'buy', 'order_filled_timestamp': 1756470600000, 'ft_is_entry': False, 'ft_order_tag': 'trailing_stop_loss', 'cost': 239.08856453999996}]",0.0239253247576,4
raw_be_profit_lock_3y,Raw + Breakeven + ProfitLock,3y,profit_lock,NEAR/USDT:USDT,216.893,216.893,89.0,2025-08-29 08:00:00+00:00,2025-08-29 21:45:00+00:00,2.437,2.434,0.0005,0.0005,825,0.00037875968870632656,0.08210925,profit_lock_pullback_restart,2.583,-0.06,2.557,-0.04953629294525763,2.388,2.51,False,short_pullback_restart,1.0,True,1756454400000,1756503900000,"[{'amount': 89.0, 'safe_price': 2.437, 'ft_order_side': 'sell', 'order_filled_timestamp': 1756454400000, 'ft_is_entry': True, 'ft_order_tag': 'short_pullback_restart', 'cost': 217.00144649999996}, {'amount': 89.0, 'safe_price': 2.434, 'ft_order_side': 'buy', 'order_filled_timestamp': 1756503900000, 'ft_is_entry': False, 'ft_order_tag': 'profit_lock_pullback_restart', 'cost': 216.734313}]",0.0318687474971839,4
raw_be_profit_lock_3y,Raw + Breakeven + ProfitLock,3y,profit_lock,DOGE/USDT:USDT,432.92666,432.92666,2027.0,2025-09-01 00:00:00+00:00,2025-09-01 07:30:00+00:00,0.21358,0.21336,0.0005,0.0005,450,0.0001295398177148761,0.0560532,trailing_stop_loss,0.22639,-0.06,0.21336,-0.022408452728928108,0.20805,0.21462,False,short_pullback_restart,1.0,True,1756684800000,1756711800000,"[{'amount': 2027.0, 'safe_price': 0.21358, 'ft_order_side': 'sell', 'order_filled_timestamp': 1756684800000, 'ft_is_entry': True, 'ft_order_tag': 'short_pullback_restart', 'cost': 433.1431233299999}, {'amount': 2027.0, 'safe_price': 0.21336, 'ft_order_side': 'buy', 'order_filled_timestamp': 1756711800000, 'ft_is_entry': False, 'ft_order_tag': 'trailing_stop_loss', 'cost': 432.69696035999993}]",0.042816891718066,0
raw_be_profit_lock_3y,Raw + Breakeven + ProfitLock,3y,profit_lock,XRP/USDT:USDT,61.31424,61.31424,22.1,2025-09-01 00:00:00+00:00,2025-09-01 07:45:00+00:00,2.7744,2.7716,0.0005,0.0005,465,2.9648233908872267e-05,0.00181695,trailing_stop_loss,2.9408,-0.06,2.7716,-0.022626867874405043,2.7,2.7784,False,short_pullback_restart,1.0,True,1756684800000,1756712700000,"[{'amount': 22.1, 'safe_price': 2.7744, 'ft_order_side': 'sell', 'order_filled_timestamp': 1756684800000, 'ft_is_entry': True, 'ft_order_tag': 'short_pullback_restart', 'cost': 61.34489712}, {'amount': 22.1, 'safe_price': 2.7716, 'ft_order_side': 'buy', 'order_filled_timestamp': 1756712700000, 'ft_is_entry': False, 'ft_order_tag': 'trailing_stop_loss', 'cost': 61.28298618}]",0.0012202511017359,0
raw_be_profit_lock_3y,Raw + Breakeven + ProfitLock,3y,profit_lock,NEAR/USDT:USDT,502.645,502.645,209.0,2025-08-31 23:00:00+00:00,2025-09-01 07:50:00+00:00,2.405,2.402,0.0005,0.0005,530,9.099069524018841e-05,0.04571315,trailing_stop_loss,2.549,-0.06,2.402,-0.020643585386575847,2.318,2.407,False,short_pullback_restart,1.0,True,1756681200000,1756713000000,"[{'amount': 209.0, 'safe_price': 2.405, 'ft_order_side': 'sell', 'order_filled_timestamp': 1756681200000, 'ft_is_entry': True, 'ft_order_tag': 'short_pullback_restart', 'cost': 502.89632249999994}, {'amount': 209.0, 'safe_price': 2.402, 'ft_order_side': 'buy', 'order_filled_timestamp': 1756713000000, 'ft_is_entry': False, 'ft_order_tag': 'trailing_stop_loss', 'cost': 502.269009}]",-0.0789553484795724,0
raw_be_profit_lock_3y,Raw + Breakeven + ProfitLock,3y,profit_lock,BTC/USDT:USDT,445.7,445.7,0.004,2025-08-29 02:00:00+00:00,2025-09-02 13:55:00+00:00,111425.0,111148.1,0.0005,0.0005,6475,0.0022597618306573076,1.00667226,profit_lock_pullback_restart,118110.5,-0.06,111313.5,-0.020505487413008616,107211.5,111797.2,False,short_pullback_restart,1.0,True,1756432800000,1756821300000,"[{'amount': 0.004, 'safe_price': 111425.0, 'ft_order_side': 'sell', 'order_filled_timestamp': 1756432800000, 'ft_is_entry': True, 'ft_order_tag': 'short_pullback_restart', 'cost': 445.92285}, {'amount': 0.004, 'safe_price': 111148.1, 'ft_order_side': 'buy', 'order_filled_timestamp': 1756821300000, 'ft_is_entry': False, 'ft_order_tag': 'profit_lock_pullback_restart', 'cost': 444.8146962}]",0.34421846312673837,1
raw_be_profit_lock_3y,Raw + Breakeven + ProfitLock,3y,profit_lock,TAO/USDT:USDT,330.4682,330.4682,1.055,2025-09-04 16:00:00+00:00,2025-09-05 12:25:00+00:00,313.24,322.66,0.0005,0.0005,1225,-0.030883179756515774,-10.20080587,trailing_stop_loss,332.03,-0.06,322.66,-0.03106905555103423,310.63,322.71,False,short_compression_breakdown,1.0,True,1757001600000,1757075100000,"[{'amount': 1.055, 'safe_price': 313.24, 'ft_order_side': 'sell', 'order_filled_timestamp': 1757001600000, 'ft_is_entry': True, 'ft_order_tag': 'short_compression_breakdown', 'cost': 330.63343409999993}, {'amount': 1.055, 'safe_price': 322.66, 'ft_order_side': 'buy', 'order_filled_timestamp': 1757075100000, 'ft_is_entry': False, 'ft_order_tag': 'trailing_stop_loss', 'cost': 340.57650314999995}]",0.07273137827997395,4
raw_be_profit_lock_3y,Raw + Breakeven + ProfitLock,3y,profit_lock,XRP/USDT:USDT,398.26161,398.26161,143.1,2025-09-04 20:00:00+00:00,2025-09-05 12:30:00+00:00,2.7831,2.8587,0.0005,0.0005,990,-0.02806808964410515,-11.17285335,stop_loss,2.95,-0.06,2.8587,-0.027180500804257823,2.7765,2.8768,False,short_pullback_restart,1.0,True,1757016000000,1757075400000,"[{'amount': 143.1, 'safe_price': 2.7831, 'ft_order_side': 'sell', 'order_filled_timestamp': 1757016000000, 'ft_is_entry': True, 'ft_order_tag': 'short_pullback_restart', 'cost': 398.460740805}, {'amount': 143.1, 'safe_price': 2.8587, 'ft_order_side': 'buy', 'order_filled_timestamp': 1757075400000, 'ft_is_entry': False, 'ft_order_tag': 'stop_loss', 'cost': 409.28450998499994}]",0.049177435617702714,4
raw_be_profit_lock_3y,Raw + Breakeven + ProfitLock,3y,profit_lock,SOL/USDT:USDT,497.1468,497.1468,2.22,2025-09-11 00:00:00+00:00,2025-09-11 12:30:00+00:00,223.94,224.17,0.0005,0.0005,750,-3.1562416619776304e-06,-0.0015699,trailing_stop_loss,210.51,-0.06,224.17,-0.02111816593886473,221.59,229.0,False,long_1d_center_compression,1.0,False,1757548800000,1757593800000,"[{'amount': 2.22, 'safe_price': 223.94, 'ft_order_side': 'buy', 'order_filled_timestamp': 1757548800000, 'ft_is_entry': True, 'ft_order_tag': 'long_1d_center_compression', 'cost': 497.39537340000004}, {'amount': 2.22, 'safe_price': 224.17, 'ft_order_side': 'sell', 'order_filled_timestamp': 1757593800000, 'ft_is_entry': False, 'ft_order_tag': 'trailing_stop_loss', 'cost': 497.9062287}]",-0.014767796994663322,3
raw_be_profit_lock_3y,Raw + Breakeven + ProfitLock,3y,profit_lock,ETH/USDT:USDT,494.6361,494.6361,0.105,2025-09-13 00:00:00+00:00,2025-09-13 16:45:00+00:00,4710.82,4616.62,0.0005,0.0005,1005,-0.02127275638266862,-10.52753439,stop_loss,4428.18,-0.06,4616.62,-0.019997944890698394,4613.07,4768.0,False,long_1d_center_compression,1.0,False,1757721600000,1757781900000,"[{'amount': 0.105, 'safe_price': 4710.82, 'ft_order_side': 'buy', 'order_filled_timestamp': 1757721600000, 'ft_is_entry': True, 'ft_order_tag': 'long_1d_center_compression', 'cost': 494.88341804999993}, {'amount': 0.105, 'safe_price': 4616.62, 'ft_order_side': 'sell', 'order_filled_timestamp': 1757781900000, 'ft_is_entry': False, 'ft_order_tag': 'stop_loss', 'cost': 484.98747254999995}]",-0.1468437856987578,5
raw_be_profit_lock_3y,Raw + Breakeven + ProfitLock,3y,profit_lock,BCH/USDT:USDT,493.76844,493.76844,0.801,2025-09-18 00:00:00+00:00,2025-09-18 22:55:00+00:00,616.44,627.7,0.0005,0.0005,1375,0.01694187677925713,8.36954675,profit_giveback_guard,579.46,-0.06,617.06,-0.027736993035641144,612.06,650.89,False,long_1d_center_compression,1.0,False,1758153600000,1758236100000,"[{'amount': 0.801, 'safe_price': 616.44, 'ft_order_side': 'buy', 'order_filled_timestamp': 1758153600000, 'ft_is_entry': True, 'ft_order_tag': 'long_1d_center_compression', 'cost': 494.01532422}, {'amount': 0.801, 'safe_price': 627.7, 'ft_order_side': 'sell', 'order_filled_timestamp': 1758236100000, 'ft_is_entry': False, 'ft_order_tag': 'profit_giveback_guard', 'cost': 503.0390938500001}]",-0.151435177649199,3
raw_be_profit_lock_3y,Raw + Breakeven + ProfitLock,3y,profit_lock,SUI/USDT:USDT,231.5425,231.5425,70.7,2025-09-24 04:00:00+00:00,2025-09-24 14:45:00+00:00,3.275,3.4257,0.0005,0.0005,645,-0.04699583042436277,-10.8760913,stop_loss,3.4715,-0.06,3.4257,-0.04602209484304187,3.2333,3.4286,False,short_pullback_restart,1.0,True,1758686400000,1758725100000,"[{'amount': 70.7, 'safe_price': 3.275, 'ft_order_side': 'sell', 'order_filled_timestamp': 1758686400000, 'ft_is_entry': True, 'ft_order_tag': 'short_pullback_restart', 'cost': 231.65827124999998}, {'amount': 70.7, 'safe_price': 3.4257, 'ft_order_side': 'buy', 'order_filled_timestamp': 1758725100000, 'ft_is_entry': False, 'ft_order_tag': 'stop_loss', 'cost': 242.31808849499998}]",0.0152684409325,2
raw_be_profit_lock_3y,Raw + Breakeven + ProfitLock,3y,profit_lock,LINK/USDT:USDT,286.77352,286.77352,13.48,2025-09-24 04:00:00+00:00,2025-09-25 12:50:00+00:00,21.274,20.975,0.0005,0.0005,1970,0.01343784192004306,3.85169042,profit_lock_pullback_restart,22.55,-0.06,21.252,-0.02029409505520885,20.355,21.954,False,short_pullback_restart,1.0,True,1758686400000,1758804600000,"[{'amount': 13.48, 'safe_price': 21.274, 'ft_order_side': 'sell', 'order_filled_timestamp': 1758686400000, 'ft_is_entry': True, 'ft_order_tag': 'short_pullback_restart', 'cost': 286.91690676}, {'amount': 13.48, 'safe_price': 20.975, 'ft_order_side': 'buy', 'order_filled_timestamp': 1758804600000, 'ft_is_entry': False, 'ft_order_tag': 'profit_lock_pullback_restart', 'cost': 282.88437150000004}]",0.10592867837936186,3
raw_be_profit_lock_3y,Raw + Breakeven + ProfitLock,3y,profit_lock,TAO/USDT:USDT,278.037,278.037,0.9,2025-09-23 18:00:00+00:00,2025-09-25 13:25:00+00:00,308.93,301.76,0.0005,0.0005,2605,0.022532363769615937,6.26169841,profit_giveback_guard,327.46,-0.06,308.62,-0.030247930297770065,291.61,316.64,False,short_pullback_restart,1.0,True,1758650400000,1758806700000,"[{'amount': 0.9, 'safe_price': 308.93, 'ft_order_side': 'sell', 'order_filled_timestamp': 1758650400000, 'ft_is_entry': True, 'ft_order_tag': 'short_pullback_restart', 'cost': 278.1760185}, {'amount': 0.9, 'safe_price': 301.76, 'ft_order_side': 'buy', 'order_filled_timestamp': 1758806700000, 'ft_is_entry': False, 'ft_order_tag': 'profit_giveback_guard', 'cost': 271.719792}]",0.08350891219984645,3
raw_be_profit_lock_3y,Raw + Breakeven + ProfitLock,3y,profit_lock,SUI/USDT:USDT,336.73248,336.73248,100.8,2025-09-25 01:00:00+00:00,2025-09-25 14:25:00+00:00,3.3406,3.2453,0.0005,0.0005,805,0.0275275076314482,9.26477121,profit_giveback_guard,3.541,-0.06,3.3372,-0.025555268737899706,3.12,3.3656,False,short_pullback_restart,1.0,True,1758762000000,1758810300000,"[{'amount': 100.8, 'safe_price': 3.3406, 'ft_order_side': 'sell', 'order_filled_timestamp': 1758762000000, 'ft_is_entry': True, 'ft_order_tag': 'short_pullback_restart', 'cost': 336.9008462399999}, {'amount': 100.8, 'safe_price': 3.2453, 'ft_order_side': 'buy', 'order_filled_timestamp': 1758810300000, 'ft_is_entry': False, 'ft_order_tag': 'profit_giveback_guard', 'cost': 327.28980312}]",-0.00953942976,3
raw_be_profit_lock_3y,Raw + Breakeven + ProfitLock,3y,profit_lock,ETH/USDT:USDT,389.4753,389.4753,0.095,2025-09-25 02:00:00+00:00,2025-09-26 16:20:00+00:00,4099.74,3978.98,0.0005,0.0005,2300,0.028664402590868276,11.15849476,profit_giveback_guard,4345.72,-0.06,4095.64,-0.022504121832480184,3822.0,4137.0,False,short_pullback_restart,1.0,True,1758765600000,1758903600000,"[{'amount': 0.095, 'safe_price': 4099.74, 'ft_order_side': 'sell', 'order_filled_timestamp': 1758765600000, 'ft_is_entry': True, 'ft_order_tag': 'short_pullback_restart', 'cost': 389.67003765}, {'amount': 0.095, 'safe_price': 3978.98, 'ft_order_side': 'buy', 'order_filled_timestamp': 1758903600000, 'ft_is_entry': False, 'ft_order_tag': 'profit_giveback_guard', 'cost': 378.19210155}]",0.07003395691256356,4
raw_be_profit_lock_3y,Raw + Breakeven + ProfitLock,3y,profit_lock,TRX/USDT:USDT,118.8201,118.8201,354.0,2025-09-25 04:00:00+00:00,2025-09-27 03:30:00+00:00,0.33565,0.33959,0.0005,0.0005,2850,-0.01271195848252143,-1.50968096,stop_loss,0.35578,-0.06,0.33959,-0.01174369540953979,0.32968,0.33985,False,short_pullback_restart,1.0,True,1758772800000,1758943800000,"[{'amount': 354.0, 'safe_price': 0.33565, 'ft_order_side': 'sell', 'order_filled_timestamp': 1758772800000, 'ft_is_entry': True, 'ft_order_tag': 'short_pullback_restart', 'cost': 118.87951005}, {'amount': 354.0, 'safe_price': 0.33959, 'ft_order_side': 'buy', 'order_filled_timestamp': 1758943800000, 'ft_is_entry': False, 'ft_order_tag': 'stop_loss', 'cost': 120.27496742999999}]",0.004596517928742002,5
raw_be_profit_lock_3y,Raw + Breakeven + ProfitLock,3y,profit_lock,BTC/USDT:USDT,326.3817,326.3817,0.003,2025-09-25 18:00:00+00:00,2025-09-28 18:05:00+00:00,108793.9,110151.6,0.0005,0.0005,4325,-0.013090221309412174,-4.27027248,stale_loss_72h,115321.5,-0.06,112339.2,-0.032587405520897894,108566.0,110350.0,False,short_compression_breakdown,1.0,True,1758823200000,1759082700000,"[{'amount': 0.003, 'safe_price': 108793.9, 'ft_order_side': 'sell', 'order_filled_timestamp': 1758823200000, 'ft_is_entry': True, 'ft_order_tag': 'short_compression_breakdown', 'cost': 326.54489084999994}, {'amount': 0.003, 'safe_price': 110151.6, 'ft_order_side': 'buy', 'order_filled_timestamp': 1759082700000, 'ft_is_entry': False, 'ft_order_tag': 'stale_loss_72h', 'cost': 330.6200274}]",0.13124576898468,6
raw_be_profit_lock_3y,Raw + Breakeven + ProfitLock,3y,profit_lock,XRP/USDT:USDT,216.6912,216.6912,79.2,2025-09-25 18:00:00+00:00,2025-09-28 18:05:00+00:00,2.736,2.8206,0.0005,0.0005,4325,-0.031321806884451145,-6.78376634,stale_loss_72h,2.9001,-0.06,2.8707,-0.02607625609121178,2.6967,2.8336,False,short_compression_breakdown,1.0,True,1758823200000,1759082700000,"[{'amount': 79.2, 'safe_price': 2.736, 'ft_order_side': 'sell', 'order_filled_timestamp': 1758823200000, 'ft_is_entry': True, 'ft_order_tag': 'short_compression_breakdown', 'cost': 216.79954560000002}, {'amount': 79.2, 'safe_price': 2.8206, 'ft_order_side': 'buy', 'order_filled_timestamp': 1759082700000, 'ft_is_entry': False, 'ft_order_tag': 'stale_loss_72h', 'cost': 223.50321576}]",0.13659502191557907,6
raw_be_profit_lock_3y,Raw + Breakeven + ProfitLock,3y,profit_lock,SUI/USDT:USDT,395.6148,395.6148,126.0,2025-09-28 02:00:00+00:00,2025-09-28 20:15:00+00:00,3.1398,3.2233,0.0005,0.0005,1095,-0.02757040097927243,-10.90180504,trailing_stop_loss,3.3281,-0.06,3.2233,-0.023972540769095607,3.0929,3.2247,False,short_pullback_restart,1.0,True,1759024800000,1759090500000,"[{'amount': 126.0, 'safe_price': 3.1398, 'ft_order_side': 'sell', 'order_filled_timestamp': 1759024800000, 'ft_is_entry': True, 'ft_order_tag': 'short_pullback_restart', 'cost': 395.8126074}, {'amount': 126.0, 'safe_price': 3.2233, 'ft_order_side': 'buy', 'order_filled_timestamp': 1759090500000, 'ft_is_entry': False, 'ft_order_tag': 'trailing_stop_loss', 'cost': 406.33886789999997}]",0.020070259272,6
raw_be_profit_lock_3y,Raw + Breakeven + ProfitLock,3y,profit_lock,SUI/USDT:USDT,280.57584,280.57584,88.7,2025-09-30 16:00:00+00:00,2025-09-30 20:30:00+00:00,3.1632,3.2828,0.0005,0.0005,270,-0.038802098804133905,-10.881488,stop_loss,3.3529,-0.06,3.2828,-0.03783211023082744,3.151,3.29,False,short_compression_breakdown,1.0,True,1759248000000,1759264200000,"[{'amount': 88.7, 'safe_price': 3.1632, 'ft_order_side': 'sell', 'order_filled_timestamp': 1759248000000, 'ft_is_entry': True, 'ft_order_tag': 'short_compression_breakdown', 'cost': 280.71612791999996}, {'amount': 88.7, 'safe_price': 3.2828, 'ft_order_side': 'buy', 'order_filled_timestamp': 1759264200000, 'ft_is_entry': False, 'ft_order_tag': 'stop_loss', 'cost': 291.32995218}]",0.0129121001568,1
raw_be_profit_lock_3y,Raw + Breakeven + ProfitLock,3y,profit_lock,TRX/USDT:USDT,499.7084,499.7084,1489.0,2025-09-28 02:00:00+00:00,2025-10-01 08:30:00+00:00,0.3356,0.33531,0.0005,0.0005,4710,-0.000216229196413121,-0.10799752,stale_loss_72h,0.35573,-0.06,0.33859,-0.008913844504146118,0.33111,0.33774,False,short_pullback_restart,1.0,True,1759024800000,1759307400000,"[{'amount': 1489.0, 'safe_price': 0.3356, 'ft_order_side': 'sell', 'order_filled_timestamp': 1759024800000, 'ft_is_entry': True, 'ft_order_tag': 'short_pullback_restart', 'cost': 499.9582542}, {'amount': 1489.0, 'safe_price': 0.33531, 'ft_order_side': 'buy', 'order_filled_timestamp': 1759307400000, 'ft_is_entry': False, 'ft_order_tag': 'stale_loss_72h', 'cost': 499.52622829499995}]",-0.040315022911103796,2
raw_be_profit_lock_3y,Raw + Breakeven + ProfitLock,3y,profit_lock,BNB/USDT:USDT,490.9095,490.9095,0.45,2025-10-03 00:00:00+00:00,2025-10-06 06:10:00+00:00,1090.91,1201.83,0.0005,0.0005,4690,0.1000030678810942,49.11700228,roi,1025.46,-0.06,1092.01,-0.02116249406154469,1084.5,1204.64,False,long_1d_center_compression,1.0,False,1759449600000,1759731000000,"[{'amount': 0.45, 'safe_price': 1090.91, 'ft_order_side': 'buy', 'order_filled_timestamp': 1759449600000, 'ft_is_entry': True, 'ft_order_tag': 'long_1d_center_compression', 'cost': 491.15495475}, {'amount': 0.45, 'safe_price': 1201.83, 'ft_order_side': 'sell', 'order_filled_timestamp': 1759731000000, 'ft_is_entry': False, 'ft_order_tag': 'roi', 'cost': 541.09391175}]",-0.28113121950901987,0
raw_be_profit_lock_3y,Raw + Breakeven + ProfitLock,3y,profit_lock,XRP/USDT:USDT,404.0244,404.0244,145.5,2025-10-09 17:00:00+00:00,2025-10-10 19:25:00+00:00,2.7768,2.6855,0.0005,0.0005,1585,0.032012062903264325,12.92718768,profit_lock_compression_breakdown,2.9434,-0.06,2.774,-0.02320947216996805,2.6297,2.8358,False,short_compression_breakdown,1.0,True,1760029200000,1760124300000,"[{'amount': 145.5, 'safe_price': 2.7768, 'ft_order_side': 'sell', 'order_filled_timestamp': 1760029200000, 'ft_is_entry': True, 'ft_order_tag': 'short_compression_breakdown', 'cost': 404.22641219999997}, {'amount': 145.5, 'safe_price': 2.6855, 'ft_order_side': 'buy', 'order_filled_timestamp': 1760124300000, 'ft_is_entry': False, 'ft_order_tag': 'profit_lock_compression_breakdown', 'cost': 390.935620125}]",0.04042000309779345,4
raw_be_profit_lock_3y,Raw + Breakeven + ProfitLock,3y,profit_lock,SOL/USDT:USDT,500.6976,500.6976,2.72,2025-10-19 09:00:00+00:00,2025-10-19 09:45:00+00:00,184.08,188.11,0.0005,0.0005,45,-0.02291505922452752,-11.4677784,stop_loss,195.12,-0.06,188.11,-0.02192548397881522,183.06,188.29,False,short_pullback_restart,1.0,True,1760864400000,1760867100000,"[{'amount': 2.72, 'safe_price': 184.08, 'ft_order_side': 'sell', 'order_filled_timestamp': 1760864400000, 'ft_is_entry': True, 'ft_order_tag': 'short_pullback_restart', 'cost': 500.94794880000006}, {'amount': 2.72, 'safe_price': 188.11, 'ft_order_side': 'buy', 'order_filled_timestamp': 1760867100000, 'ft_is_entry': False, 'ft_order_tag': 'stop_loss', 'cost': 511.9150296}]",0.0,6
raw_be_profit_lock_3y,Raw + Breakeven + ProfitLock,3y,profit_lock,XRP/USDT:USDT,513.56336,513.56336,220.3,2025-10-19 09:00:00+00:00,2025-10-19 09:50:00+00:00,2.3312,2.3773,0.0005,0.0005,50,-0.020795508417087608,-10.67447127,stop_loss,2.471,-0.06,2.3773,-0.01981123343018032,2.3164,2.3826,False,short_pullback_restart,1.0,True,1760864400000,1760867400000,"[{'amount': 220.3, 'safe_price': 2.3312, 'ft_order_side': 'sell', 'order_filled_timestamp': 1760864400000, 'ft_is_entry': True, 'ft_order_tag': 'short_pullback_restart', 'cost': 513.82014168}, {'amount': 220.3, 'safe_price': 2.3773, 'ft_order_side': 'buy', 'order_filled_timestamp': 1760867400000, 'ft_is_entry': False, 'ft_order_tag': 'stop_loss', 'cost': 523.981049595}]",0.0,6
raw_be_profit_lock_3y,Raw + Breakeven + ProfitLock,3y,profit_lock,SOL/USDT:USDT,273.6478,273.6478,1.46,2025-10-20 17:00:00+00:00,2025-10-21 12:20:00+00:00,187.43,186.71,0.0005,0.0005,1160,0.0027530381805397682,0.75298616,profit_lock_pullback_restart,198.67,-0.06,187.24,-0.021174574607329744,182.65,191.07,False,short_pullback_restart,1.0,True,1760979600000,1761049200000,"[{'amount': 1.46, 'safe_price': 187.43, 'ft_order_side': 'sell', 'order_filled_timestamp': 1760979600000, 'ft_is_entry': True, 'ft_order_tag': 'short_pullback_restart', 'cost': 273.7846239}, {'amount': 1.46, 'safe_price': 186.71, 'ft_order_side': 'buy', 'order_filled_timestamp': 1761049200000, 'ft_is_entry': False, 'ft_order_tag': 'profit_lock_pullback_restart', 'cost': 272.7328983}]",-0.025091637444616097,1
raw_be_profit_lock_3y,Raw + Breakeven + ProfitLock,3y,profit_lock,ETH/USDT:USDT,257.89774,257.89774,0.067,2025-10-21 05:00:00+00:00,2025-10-21 14:55:00+00:00,3849.22,4009.27,0.0005,0.0005,595,-0.042621478154270455,-10.9864869,trailing_stop_loss,4080.17,-0.06,4009.27,-0.04013275177678244,3838.21,4023.58,False,short_compression_breakdown,1.0,True,1761022800000,1761058500000,"[{'amount': 0.067, 'safe_price': 3849.22, 'ft_order_side': 'sell', 'order_filled_timestamp': 1761022800000, 'ft_is_entry': True, 'ft_order_tag': 'short_compression_breakdown', 'cost': 258.02668887}, {'amount': 0.067, 'safe_price': 4009.27, 'ft_order_side': 'buy', 'order_filled_timestamp': 1761058500000, 'ft_is_entry': False, 'ft_order_tag': 'trailing_stop_loss', 'cost': 268.75540054500004}]",0.0001225183714854569,1
raw_be_profit_lock_3y,Raw + Breakeven + ProfitLock,3y,profit_lock,TRX/USDT:USDT,502.38288,502.38288,1706.0,2025-10-26 05:00:00+00:00,2025-10-26 11:45:00+00:00,0.29448,0.29902,0.0005,0.0005,405,-0.016871204373288082,-8.47156634,stop_loss,0.31214,-0.06,0.29902,-0.01543813174718478,0.29389,0.2994,False,short_pullback_restart,1.0,True,1761454800000,1761479100000,"[{'amount': 1706.0, 'safe_price': 0.29448, 'ft_order_side': 'sell', 'order_filled_timestamp': 1761454800000, 'ft_is_entry': True, 'ft_order_tag': 'short_pullback_restart', 'cost': 502.63407144}, {'amount': 1706.0, 'safe_price': 0.29902, 'ft_order_side': 'buy', 'order_filled_timestamp': 1761479100000, 'ft_is_entry': False, 'ft_order_tag': 'stop_loss', 'cost': 510.38318406}]",-0.22007083554059997,6
raw_be_profit_lock_3y,Raw + Breakeven + ProfitLock,3y,profit_lock,TRX/USDT:USDT,499.2318,499.2318,1685.0,2025-10-28 06:00:00+00:00,2025-10-29 18:35:00+00:00,0.29628,0.29607,0.0005,0.0005,2195,-0.0010229886281825668,-0.5104531,profit_lock_pullback_restart,0.31405,-0.06,0.30071,-0.01496250873734084,0.28996,0.29966,False,short_pullback_restart,1.0,True,1761631200000,1761762900000,"[{'amount': 1685.0, 'safe_price': 0.29628, 'ft_order_side': 'sell', 'order_filled_timestamp': 1761631200000, 'ft_is_entry': True, 'ft_order_tag': 'short_pullback_restart', 'cost': 499.48141589999994}, {'amount': 1685.0, 'safe_price': 0.29607, 'ft_order_side': 'buy', 'order_filled_timestamp': 1761762900000, 'ft_is_entry': False, 'ft_order_tag': 'profit_lock_pullback_restart', 'cost': 499.127388975}]",-0.3652482238311965,2
raw_be_profit_lock_3y,Raw + Breakeven + ProfitLock,3y,profit_lock,ETH/USDT:USDT,462.17691,462.17691,0.117,2025-10-29 16:00:00+00:00,2025-10-29 18:35:00+00:00,3950.23,4002.06,0.0005,0.0005,155,-0.014095212980221136,-6.51122474,profit_lock_compression_breakdown,4187.24,-0.06,3946.27,-0.024981109581569294,3850.1,4017.11,False,short_compression_breakdown,1.0,True,1761753600000,1761762900000,"[{'amount': 0.117, 'safe_price': 3950.23, 'ft_order_side': 'sell', 'order_filled_timestamp': 1761753600000, 'ft_is_entry': True, 'ft_order_tag': 'short_compression_breakdown', 'cost': 462.407998455}, {'amount': 0.117, 'safe_price': 4002.06, 'ft_order_side': 'buy', 'order_filled_timestamp': 1761762900000, 'ft_is_entry': False, 'ft_order_tag': 'profit_lock_compression_breakdown', 'cost': 468.47514051}]",0.0180942260265,2
raw_be_profit_lock_3y,Raw + Breakeven + ProfitLock,3y,profit_lock,ETH/USDT:USDT,289.99016,289.99016,0.076,2025-10-30 13:00:00+00:00,2025-10-30 21:00:00+00:00,3815.66,3755.01,0.0005,0.0005,480,0.014847188502136219,4.3033858,profit_lock_compression_breakdown,4044.59,-0.06,3811.84,-0.021506741094278636,3677.7,3835.0,False,short_compression_breakdown,1.0,True,1761829200000,1761858000000,"[{'amount': 0.076, 'safe_price': 3815.66, 'ft_order_side': 'sell', 'order_filled_timestamp': 1761829200000, 'ft_is_entry': True, 'ft_order_tag': 'short_compression_breakdown', 'cost': 290.13515508}, {'amount': 0.076, 'safe_price': 3755.01, 'ft_order_side': 'buy', 'order_filled_timestamp': 1761858000000, 'ft_is_entry': False, 'ft_order_tag': 'profit_lock_compression_breakdown', 'cost': 285.52345038}]",-0.0183287386032,3
raw_be_profit_lock_3y,Raw + Breakeven + ProfitLock,3y,profit_lock,NEAR/USDT:USDT,275.73,275.73,130.0,2025-11-02 15:00:00+00:00,2025-11-03 00:05:00+00:00,2.121,2.202,0.0005,0.0005,545,-0.03908160942256208,-10.77058418,stop_loss,2.248,-0.06,2.202,-0.03848467228380037,2.101,2.202,False,short_pullback_restart,1.0,True,1762095600000,1762128300000,"[{'amount': 130.0, 'safe_price': 2.121, 'ft_order_side': 'sell', 'order_filled_timestamp': 1762095600000, 'ft_is_entry': True, 'ft_order_tag': 'short_pullback_restart', 'cost': 275.867865}, {'amount': 130.0, 'safe_price': 2.202, 'ft_order_side': 'buy', 'order_filled_timestamp': 1762128300000, 'ft_is_entry': False, 'ft_order_tag': 'stop_loss', 'cost': 286.40313}]",0.040410823054602,0
raw_be_profit_lock_3y,Raw + Breakeven + ProfitLock,3y,profit_lock,ADA/USDT:USDT,321.4928,321.4928,536.0,2025-11-02 15:00:00+00:00,2025-11-03 15:30:00+00:00,0.5998,0.5392,0.0005,0.0005,1470,0.10003342900242802,32.14394717,roi,0.6357,-0.06,0.5992,-0.020610117526826732,0.5244,0.612,False,short_pullback_restart,1.0,True,1762095600000,1762183800000,"[{'amount': 536.0, 'safe_price': 0.5998, 'ft_order_side': 'sell', 'order_filled_timestamp': 1762095600000, 'ft_is_entry': True, 'ft_order_tag': 'short_pullback_restart', 'cost': 321.6535464}, {'amount': 536.0, 'safe_price': 0.5392, 'ft_order_side': 'buy', 'order_filled_timestamp': 1762183800000, 'ft_is_entry': False, 'ft_order_tag': 'roi', 'cost': 289.15570560000003}]",-0.032400834001511995,0
raw_be_profit_lock_3y,Raw + Breakeven + ProfitLock,3y,profit_lock,BTC/USDT:USDT,208.3286,208.3286,0.002,2025-11-04 06:00:00+00:00,2025-11-05 03:30:00+00:00,104164.3,102061.9,0.0005,0.0005,1290,0.019393754322946644,4.03825355,profit_giveback_guard,110414.1,-0.06,104060.1,-0.023206840707964638,98888.8,105190.0,False,short_pullback_restart,1.0,True,1762236000000,1762313400000,"[{'amount': 0.002, 'safe_price': 104164.3, 'ft_order_side': 'sell', 'order_filled_timestamp': 1762236000000, 'ft_is_entry': True, 'ft_order_tag': 'short_pullback_restart', 'cost': 208.4327643}, {'amount': 0.002, 'safe_price': 102061.9, 'ft_order_side': 'buy', 'order_filled_timestamp': 1762313400000, 'ft_is_entry': False, 'ft_order_tag': 'profit_giveback_guard', 'cost': 204.22586189999998}]",0.039679748875061274,2
raw_be_profit_lock_3y,Raw + Breakeven + ProfitLock,3y,profit_lock,DOGE/USDT:USDT,324.02167,324.02167,1979.0,2025-11-06 06:00:00+00:00,2025-11-06 18:45:00+00:00,0.16373,0.1613,0.0005,0.0005,765,0.01387907352088564,4.49487202,profit_lock_pullback_restart,0.17355,-0.06,0.16356,-0.020566980720034822,0.15691,0.16441,False,short_pullback_restart,1.0,True,1762408800000,1762454700000,"[{'amount': 1979.0, 'safe_price': 0.16373, 'ft_order_side': 'sell', 'order_filled_timestamp': 1762408800000, 'ft_is_entry': True, 'ft_order_tag': 'short_pullback_restart', 'cost': 324.18368083499996}, {'amount': 1979.0, 'safe_price': 0.1613, 'ft_order_side': 'buy', 'order_filled_timestamp': 1762454700000, 'ft_is_entry': False, 'ft_order_tag': 'profit_lock_pullback_restart', 'cost': 319.37230635}]",0.007519203528774601,3
raw_be_profit_lock_3y,Raw + Breakeven + ProfitLock,3y,profit_lock,ETH/USDT:USDT,207.56856,207.56856,0.062,2025-11-06 13:00:00+00:00,2025-11-06 18:45:00+00:00,3347.88,3334.66,0.0005,0.0005,345,0.002952918286364029,0.61262653,profit_lock_pullback_restart,3548.75,-0.06,3344.53,-0.021171938116567368,3245.0,3402.03,False,short_pullback_restart,1.0,True,1762434000000,1762454700000,"[{'amount': 0.062, 'safe_price': 3347.88, 'ft_order_side': 'sell', 'order_filled_timestamp': 1762434000000, 'ft_is_entry': True, 'ft_order_tag': 'short_pullback_restart', 'cost': 207.67234428}, {'amount': 0.062, 'safe_price': 3334.66, 'ft_order_side': 'buy', 'order_filled_timestamp': 1762454700000, 'ft_is_entry': False, 'ft_order_tag': 'profit_lock_pullback_restart', 'cost': 206.85229446}]",0.000145266,3
raw_be_profit_lock_3y,Raw + Breakeven + ProfitLock,3y,profit_lock,BTC/USDT:USDT,410.0284,410.0284,0.004,2025-11-06 13:00:00+00:00,2025-11-06 18:50:00+00:00,102507.1,102241.5,0.0005,0.0005,350,0.001637866952589117,0.67123618,profit_lock_pullback_restart,108657.5,-0.06,102404.5,-0.021610409783077156,100238.4,103585.0,False,short_pullback_restart,1.0,True,1762434000000,1762455000000,"[{'amount': 0.004, 'safe_price': 102507.1, 'ft_order_side': 'sell', 'order_filled_timestamp': 1762434000000, 'ft_is_entry': True, 'ft_order_tag': 'short_pullback_restart', 'cost': 410.2334142}, {'amount': 0.004, 'safe_price': 102241.5, 'ft_order_side': 'buy', 'order_filled_timestamp': 1762455000000, 'ft_is_entry': False, 'ft_order_tag': 'profit_lock_pullback_restart', 'cost': 409.170483}]",0.018333380856000003,3
raw_be_profit_lock_3y,Raw + Breakeven + ProfitLock,3y,profit_lock,TRX/USDT:USDT,507.29613,507.29613,1769.0,2025-11-06 06:00:00+00:00,2025-11-07 17:20:00+00:00,0.28677,0.29056,0.0005,0.0005,2120,-0.014751789931792868,-7.47978418,stop_loss,0.30397,-0.06,0.29056,-0.013220140124795554,0.28171,0.29097,False,short_pullback_restart,1.0,True,1762408800000,1762536000000,"[{'amount': 1769.0, 'safe_price': 0.28677, 'ft_order_side': 'sell', 'order_filled_timestamp': 1762408800000, 'ft_is_entry': True, 'ft_order_tag': 'short_pullback_restart', 'cost': 507.54977806500005}, {'amount': 1769.0, 'safe_price': 0.29056, 'ft_order_side': 'buy', 'order_filled_timestamp': 1762536000000, 'ft_is_entry': False, 'ft_order_tag': 'stop_loss', 'cost': 514.25764032}]",-0.26462579189987956,4
raw_be_profit_lock_3y,Raw + Breakeven + ProfitLock,3y,profit_lock,ADA/USDT:USDT,258.566,258.566,460.0,2025-11-11 20:00:00+00:00,2025-11-11 22:35:00+00:00,0.5621,0.5605,0.0005,0.0005,155,0.0018488162423143614,0.477802,profit_lock_compression_breakdown,0.5958,-0.06,0.5854,-0.04719977156247279,0.553,0.5642,False,short_compression_breakdown,1.0,True,1762891200000,1762900500000,"[{'amount': 460.0, 'safe_price': 0.5621, 'ft_order_side': 'sell', 'order_filled_timestamp': 1762891200000, 'ft_is_entry': True, 'ft_order_tag': 'short_compression_breakdown', 'cost': 258.695283}, {'amount': 460.0, 'safe_price': 0.5605, 'ft_order_side': 'buy', 'order_filled_timestamp': 1762900500000, 'ft_is_entry': False, 'ft_order_tag': 'profit_lock_compression_breakdown', 'cost': 257.958915}]",0.0,1
raw_be_profit_lock_3y,Raw + Breakeven + ProfitLock,3y,profit_lock,DOGE/USDT:USDT,246.03293,246.03293,1573.0,2025-11-19 06:00:00+00:00,2025-11-19 21:25:00+00:00,0.15641,0.15306,0.0005,0.0005,925,0.020579292828223964,5.06065212,profit_giveback_guard,0.16579,-0.06,0.15625,-0.02026503428011739,0.14705,0.1597,False,short_pullback_restart,1.0,True,1763532000000,1763587500000,"[{'amount': 1573.0, 'safe_price': 0.15641, 'ft_order_side': 'sell', 'order_filled_timestamp': 1763532000000, 'ft_is_entry': True, 'ft_order_tag': 'short_pullback_restart', 'cost': 246.15594646499997}, {'amount': 1573.0, 'safe_price': 0.15306, 'ft_order_side': 'buy', 'order_filled_timestamp': 1763587500000, 'ft_is_entry': False, 'ft_order_tag': 'profit_giveback_guard', 'cost': 240.88376169}]",0.0345002736364,2
raw_be_profit_lock_3y,Raw + Breakeven + ProfitLock,3y,profit_lock,SUI/USDT:USDT,217.94204,217.94204,134.3,2025-11-19 06:00:00+00:00,2025-11-19 21:25:00+00:00,1.6228,1.5881,0.0005,0.0005,925,0.020581403829056037,4.48331036,profit_giveback_guard,1.7201,-0.06,1.6211,-0.024958715306315993,1.5084,1.6645,False,short_pullback_restart,1.0,True,1763532000000,1763587500000,"[{'amount': 134.3, 'safe_price': 1.6228, 'ft_order_side': 'sell', 'order_filled_timestamp': 1763532000000, 'ft_is_entry': True, 'ft_order_tag': 'short_pullback_restart', 'cost': 218.05101102}, {'amount': 134.3, 'safe_price': 1.5881, 'ft_order_side': 'buy', 'order_filled_timestamp': 1763587500000, 'ft_is_entry': False, 'ft_order_tag': 'profit_giveback_guard', 'cost': 213.388470915}]",0.03871229355960001,2
raw_be_profit_lock_3y,Raw + Breakeven + ProfitLock,3y,profit_lock,ETH/USDT:USDT,274.77036,274.77036,0.093,2025-11-20 16:00:00+00:00,2025-11-20 21:45:00+00:00,2954.52,2887.06,0.0005,0.0005,345,0.02192307003172562,6.02079794,profit_giveback_guard,3131.79,-0.06,2951.56,-0.02286731956833621,2788.01,2960.11,False,short_pullback_restart,1.0,True,1763654400000,1763675100000,"[{'amount': 0.093, 'safe_price': 2954.52, 'ft_order_side': 'sell', 'order_filled_timestamp': 1763654400000, 'ft_is_entry': True, 'ft_order_tag': 'short_pullback_restart', 'cost': 274.90774517999995}, {'amount': 0.093, 'safe_price': 2887.06, 'ft_order_side': 'buy', 'order_filled_timestamp': 1763675100000, 'ft_is_entry': False, 'ft_order_tag': 'profit_giveback_guard', 'cost': 268.63082828999995}]",0.0186514120368,3
raw_be_profit_lock_3y,Raw + Breakeven + ProfitLock,3y,profit_lock,XRP/USDT:USDT,329.59107,329.59107,158.1,2025-11-20 16:00:00+00:00,2025-11-20 22:15:00+00:00,2.0847,2.0375,0.0005,0.0005,375,0.02176335446115643,7.16942078,profit_giveback_guard,2.2097,-0.06,2.0826,-0.025716755319148854,1.9734,2.0872,False,short_pullback_restart,1.0,True,1763654400000,1763676900000,"[{'amount': 158.1, 'safe_price': 2.0847, 'ft_order_side': 'sell', 'order_filled_timestamp': 1763654400000, 'ft_is_entry': True, 'ft_order_tag': 'short_pullback_restart', 'cost': 329.755865535}, {'amount': 158.1, 'safe_price': 2.0375, 'ft_order_side': 'buy', 'order_filled_timestamp': 1763676900000, 'ft_is_entry': False, 'ft_order_tag': 'profit_giveback_guard', 'cost': 322.289814375}]",0.032960688,3
raw_be_profit_lock_3y,Raw + Breakeven + ProfitLock,3y,profit_lock,BNB/USDT:USDT,255.374,255.374,0.29,2025-11-20 17:00:00+00:00,2025-11-21 07:30:00+00:00,880.6,848.13,0.0005,0.0005,870,0.0359089776548506,9.16563415,profit_giveback_guard,933.43,-0.06,879.71,-0.020544309230751567,800.0,884.27,False,short_pullback_restart,1.0,True,1763658000000,1763710200000,"[{'amount': 0.29, 'safe_price': 880.6, 'ft_order_side': 'sell', 'order_filled_timestamp': 1763658000000, 'ft_is_entry': True, 'ft_order_tag': 'short_pullback_restart', 'cost': 255.50168699999998}, {'amount': 0.29, 'safe_price': 848.13, 'ft_order_side': 'buy', 'order_filled_timestamp': 1763710200000, 'ft_is_entry': False, 'ft_order_tag': 'profit_giveback_guard', 'cost': 246.08067884999997}]",0.0,4
raw_be_profit_lock_3y,Raw + Breakeven + ProfitLock,3y,profit_lock,BNB/USDT:USDT,379.026,379.026,0.45,2025-11-25 15:00:00+00:00,2025-11-25 23:10:00+00:00,842.28,866.81,0.0005,0.0005,490,-0.03015297005961308,-11.42304525,stop_loss,892.81,-0.06,866.81,-0.029128763825939652,837.54,868.1,False,short_pullback_restart,1.0,True,1764082800000,1764112200000,"[{'amount': 0.45, 'safe_price': 842.28, 'ft_order_side': 'sell', 'order_filled_timestamp': 1764082800000, 'ft_is_entry': True, 'ft_order_tag': 'short_pullback_restart', 'cost': 379.215513}, {'amount': 0.45, 'safe_price': 866.81, 'ft_order_side': 'buy', 'order_filled_timestamp': 1764112200000, 'ft_is_entry': False, 'ft_order_tag': 'stop_loss', 'cost': 390.25953225}]",0.0,1
raw_be_profit_lock_3y,Raw + Breakeven + ProfitLock,3y,profit_lock,TRX/USDT:USDT,432.68886,432.68886,1506.0,2025-11-18 07:00:00+00:00,2025-11-27 16:00:00+00:00,0.28731,0.27833,0.0005,0.0005,13500,0.030356165992876993,13.12820747,time_decay_profit_exit,0.30454,-0.06,0.28702,-0.021360365810262794,0.27063,0.29298,False,short_pullback_restart,1.0,True,1763449200000,1764259200000,"[{'amount': 1506.0, 'safe_price': 0.28731, 'ft_order_side': 'sell', 'order_filled_timestamp': 1763449200000, 'ft_is_entry': True, 'ft_order_tag': 'short_pullback_restart', 'cost': 432.90520443}, {'amount': 1506.0, 'safe_price': 0.27833, 'ft_order_side': 'buy', 'order_filled_timestamp': 1764259200000, 'ft_is_entry': False, 'ft_order_tag': 'time_decay_profit_exit', 'cost': 419.37456249}]",0.030254392690345196,3
raw_be_profit_lock_3y,Raw + Breakeven + ProfitLock,3y,profit_lock,NEAR/USDT:USDT,274.188,274.188,146.0,2025-11-28 02:00:00+00:00,2025-11-28 15:30:00+00:00,1.878,1.953,0.0005,0.0005,810,-0.040954742619971486,-11.22368432,stop_loss,1.99,-0.06,1.953,-0.040376540317068166,1.865,1.954,False,short_pullback_restart,1.0,True,1764295200000,1764343800000,"[{'amount': 146.0, 'safe_price': 1.878, 'ft_order_side': 'sell', 'order_filled_timestamp': 1764295200000, 'ft_is_entry': True, 'ft_order_tag': 'short_pullback_restart', 'cost': 274.325094}, {'amount': 146.0, 'safe_price': 1.953, 'ft_order_side': 'buy', 'order_filled_timestamp': 1764343800000, 'ft_is_entry': False, 'ft_order_tag': 'stop_loss', 'cost': 285.280569}]",0.0059786832691008,4
raw_be_profit_lock_3y,Raw + Breakeven + ProfitLock,3y,profit_lock,NEAR/USDT:USDT,437.335,437.335,235.0,2025-11-29 15:00:00+00:00,2025-11-30 01:10:00+00:00,1.861,1.857,0.0005,0.0005,610,0.0012306850831294435,0.53795255,profit_lock_compression_breakdown,1.972,-0.06,1.907,-0.025175612694085858,1.829,1.882,False,short_compression_breakdown,1.0,True,1764428400000,1764465000000,"[{'amount': 235.0, 'safe_price': 1.861, 'ft_order_side': 'sell', 'order_filled_timestamp': 1764428400000, 'ft_is_entry': True, 'ft_order_tag': 'short_compression_breakdown', 'cost': 437.55366749999996}, {'amount': 235.0, 'safe_price': 1.857, 'ft_order_side': 'buy', 'order_filled_timestamp': 1764465000000, 'ft_is_entry': False, 'ft_order_tag': 'profit_lock_compression_breakdown', 'cost': 436.61319749999996}]",0.034817546943814996,6
raw_be_profit_lock_3y,Raw + Breakeven + ProfitLock,3y,profit_lock,TAO/USDT:USDT,419.8909,419.8909,1.43,2025-11-29 18:00:00+00:00,2025-12-01 00:05:00+00:00,293.63,286.96,0.0005,0.0005,1805,0.02166062124441,9.0905502,profit_giveback_guard,311.24,-0.06,293.33,-0.02122395905862695,278.28,299.16,False,short_compression_breakdown,1.0,True,1764439200000,1764547500000,"[{'amount': 1.43, 'safe_price': 293.63, 'ft_order_side': 'sell', 'order_filled_timestamp': 1764439200000, 'ft_is_entry': True, 'ft_order_tag': 'short_compression_breakdown', 'cost': 420.10084544999995}, {'amount': 1.43, 'safe_price': 286.96, 'ft_order_side': 'buy', 'order_filled_timestamp': 1764547500000, 'ft_is_entry': False, 'ft_order_tag': 'profit_giveback_guard', 'cost': 410.5579763999999}]",-0.03242794528722319,0
raw_be_profit_lock_3y,Raw + Breakeven + ProfitLock,3y,profit_lock,XRP/USDT:USDT,389.31438,389.31438,189.3,2025-12-05 10:00:00+00:00,2025-12-06 06:30:00+00:00,2.0566,2.049,0.0005,0.0005,1230,0.002617479043839988,1.01851272,profit_lock_compression_breakdown,2.1799,-0.06,2.0545,-0.021652610641471837,2.011,2.0988,False,short_compression_breakdown,1.0,True,1764928800000,1765002600000,"[{'amount': 189.3, 'safe_price': 2.0566, 'ft_order_side': 'sell', 'order_filled_timestamp': 1764928800000, 'ft_is_entry': True, 'ft_order_tag': 'short_compression_breakdown', 'cost': 389.50903719}, {'amount': 189.3, 'safe_price': 2.049, 'ft_order_side': 'buy', 'order_filled_timestamp': 1765002600000, 'ft_is_entry': False, 'ft_order_tag': 'profit_lock_compression_breakdown', 'cost': 388.06963785}]",-0.03157224247805793,5
raw_be_profit_lock_3y,Raw + Breakeven + ProfitLock,3y,profit_lock,DOGE/USDT:USDT,518.2125,518.2125,3750.0,2025-12-07 14:00:00+00:00,2025-12-07 15:50:00+00:00,0.13819,0.13805,0.0005,0.0005,110,1.361126326242939e-05,0.00705,trailing_stop_loss,0.14648,-0.06,0.13805,-0.024275189197210167,0.13478,0.13823,False,short_pullback_restart,1.0,True,1765116000000,1765122600000,"[{'amount': 3750.0, 'safe_price': 0.13819, 'ft_order_side': 'sell', 'order_filled_timestamp': 1765116000000, 'ft_is_entry': True, 'ft_order_tag': 'short_pullback_restart', 'cost': 518.4716062499999}, {'amount': 3750.0, 'safe_price': 0.13805, 'ft_order_side': 'buy', 'order_filled_timestamp': 1765122600000, 'ft_is_entry': False, 'ft_order_tag': 'trailing_stop_loss', 'cost': 517.94634375}]",0.0,6
raw_be_profit_lock_3y,Raw + Breakeven + ProfitLock,3y,profit_lock,SUI/USDT:USDT,397.34436,397.34436,260.4,2025-12-11 15:00:00+00:00,2025-12-11 18:40:00+00:00,1.5259,1.5685,0.0005,0.0005,220,-0.02898567418215912,-11.51153551,stop_loss,1.6174,-0.06,1.5685,-0.027948758386364014,1.5225,1.5725,False,short_compression_breakdown,1.0,True,1765465200000,1765478400000,"[{'amount': 260.4, 'safe_price': 1.5259, 'ft_order_side': 'sell', 'order_filled_timestamp': 1765465200000, 'ft_is_entry': True, 'ft_order_tag': 'short_compression_breakdown', 'cost': 397.54303217999995}, {'amount': 260.4, 'safe_price': 1.5685, 'ft_order_side': 'buy', 'order_filled_timestamp': 1765478400000, 'ft_is_entry': False, 'ft_order_tag': 'stop_loss', 'cost': 408.6416186999999}]",-0.015604626500399999,3
raw_be_profit_lock_3y,Raw + Breakeven + ProfitLock,3y,profit_lock,TRX/USDT:USDT,514.33252,514.33252,1846.0,2025-12-12 08:00:00+00:00,2025-12-14 19:15:00+00:00,0.27862,0.27715,0.0005,0.0005,3555,0.002965207238413834,1.52433996,profit_lock_pullback_restart,0.29533,-0.06,0.27834,-0.02196130121897477,0.27034,0.27876,False,short_pullback_restart,1.0,True,1765526400000,1765739700000,"[{'amount': 1846.0, 'safe_price': 0.27862, 'ft_order_side': 'sell', 'order_filled_timestamp': 1765526400000, 'ft_is_entry': True, 'ft_order_tag': 'short_pullback_restart', 'cost': 514.5896862599999}, {'amount': 1846.0, 'safe_price': 0.27715, 'ft_order_side': 'buy', 'order_filled_timestamp': 1765739700000, 'ft_is_entry': False, 'ft_order_tag': 'profit_lock_pullback_restart', 'cost': 511.87470944999995}]",-0.6763043268242872,6
raw_be_profit_lock_3y,Raw + Breakeven + ProfitLock,3y,profit_lock,XRP/USDT:USDT,514.15892,514.15892,256.4,2025-12-14 11:00:00+00:00,2025-12-15 01:35:00+00:00,2.0053,2.0032,0.0005,0.0005,875,-0.00017574774572727008,-0.09031709,trailing_stop_loss,2.1256,-0.06,2.0032,-0.02944229188078107,1.946,2.009,False,short_pullback_restart,1.0,True,1765710000000,1765762500000,"[{'amount': 256.4, 'safe_price': 2.0053, 'ft_order_side': 'sell', 'order_filled_timestamp': 1765710000000, 'ft_is_entry': True, 'ft_order_tag': 'short_pullback_restart', 'cost': 514.41599946}, {'amount': 256.4, 'safe_price': 2.0032, 'ft_order_side': 'buy', 'order_filled_timestamp': 1765762500000, 'ft_is_entry': False, 'ft_order_tag': 'trailing_stop_loss', 'cost': 513.8772902399999}]",-0.11486738989489106,0
raw_be_profit_lock_3y,Raw + Breakeven + ProfitLock,3y,profit_lock,NEAR/USDT:USDT,323.176,323.176,203.0,2025-12-14 18:00:00+00:00,2025-12-15 02:15:00+00:00,1.592,1.641,0.0005,0.0005,495,-0.03199821743557374,-10.33588539,trailing_stop_loss,1.687,-0.06,1.641,-0.026437310892168275,1.569,1.644,False,short_compression_breakdown,1.0,True,1765735200000,1765764900000,"[{'amount': 203.0, 'safe_price': 1.592, 'ft_order_side': 'sell', 'order_filled_timestamp': 1765735200000, 'ft_is_entry': True, 'ft_order_tag': 'short_compression_breakdown', 'cost': 323.33758800000004}, {'amount': 203.0, 'safe_price': 1.641, 'ft_order_side': 'buy', 'order_filled_timestamp': 1765764900000, 'ft_is_entry': False, 'ft_order_tag': 'trailing_stop_loss', 'cost': 333.2895615}]",-0.0607358908197993,0
raw_be_profit_lock_3y,Raw + Breakeven + ProfitLock,3y,profit_lock,TAO/USDT:USDT,231.68388,231.68388,0.916,2025-12-17 06:00:00+00:00,2025-12-17 14:55:00+00:00,252.93,252.67,0.0005,0.0005,535,8.267082176098823e-05,0.01914392,trailing_stop_loss,268.1,-0.06,252.67,-0.021330113177041365,243.46,253.74,False,short_pullback_restart,1.0,True,1765951200000,1765983300000,"[{'amount': 0.916, 'safe_price': 252.93, 'ft_order_side': 'sell', 'order_filled_timestamp': 1765951200000, 'ft_is_entry': True, 'ft_order_tag': 'short_pullback_restart', 'cost': 231.79972194}, {'amount': 0.916, 'safe_price': 252.67, 'ft_order_side': 'buy', 'order_filled_timestamp': 1765983300000, 'ft_is_entry': False, 'ft_order_tag': 'trailing_stop_loss', 'cost': 231.56144285999997}]",0.012548719710261,2
raw_be_profit_lock_3y,Raw + Breakeven + ProfitLock,3y,profit_lock,BNB/USDT:USDT,495.407,495.407,0.58,2025-12-17 16:00:00+00:00,2025-12-18 13:50:00+00:00,854.15,851.11,0.0005,0.0005,1310,0.002562154460125339,1.2686746,profit_lock_pullback_restart,905.39,-0.06,853.29,-0.021299640933572617,830.0,858.32,False,short_pullback_restart,1.0,True,1765987200000,1766065800000,"[{'amount': 0.58, 'safe_price': 854.15, 'ft_order_side': 'sell', 'order_filled_timestamp': 1765987200000, 'ft_is_entry': True, 'ft_order_tag': 'short_pullback_restart', 'cost': 495.6547034999999}, {'amount': 0.58, 'safe_price': 851.11, 'ft_order_side': 'buy', 'order_filled_timestamp': 1766065800000, 'ft_is_entry': False, 'ft_order_tag': 'profit_lock_pullback_restart', 'cost': 493.8906219}]",0.0,3
raw_be_profit_lock_3y,Raw + Breakeven + ProfitLock,3y,profit_lock,SUI/USDT:USDT,511.62384,511.62384,354.9,2025-12-21 02:00:00+00:00,2025-12-21 09:30:00+00:00,1.4416,1.4681,0.0005,0.0005,450,-0.01930748630701527,-9.8732312,trailing_stop_loss,1.528,-0.06,1.4681,-0.02257125763090384,1.4344,1.477,False,short_pullback_restart,1.0,True,1766282400000,1766309400000,"[{'amount': 354.9, 'safe_price': 1.4416, 'ft_order_side': 'sell', 'order_filled_timestamp': 1766282400000, 'ft_is_entry': True, 'ft_order_tag': 'short_pullback_restart', 'cost': 511.87965191999996}, {'amount': 354.9, 'safe_price': 1.4681, 'ft_order_side': 'buy', 'order_filled_timestamp': 1766309400000, 'ft_is_entry': False, 'ft_order_tag': 'trailing_stop_loss', 'cost': 521.2892043449999}]",0.04794506440962965,6
raw_be_profit_lock_3y,Raw + Breakeven + ProfitLock,3y,profit_lock,LINK/USDT:USDT,48.21246,48.21246,3.87,2025-12-21 02:00:00+00:00,2025-12-21 09:50:00+00:00,12.458,12.691,0.0005,0.0005,470,-0.019672867318206378,-0.94800309,stop_loss,13.205,-0.06,12.691,-0.01877357359203491,12.376,12.706,False,short_pullback_restart,1.0,True,1766282400000,1766310600000,"[{'amount': 3.87, 'safe_price': 12.458, 'ft_order_side': 'sell', 'order_filled_timestamp': 1766282400000, 'ft_is_entry': True, 'ft_order_tag': 'short_pullback_restart', 'cost': 48.236566229999994}, {'amount': 3.87, 'safe_price': 12.691, 'ft_order_side': 'buy', 'order_filled_timestamp': 1766310600000, 'ft_is_entry': False, 'ft_order_tag': 'stop_loss', 'cost': 49.138727085}]",0.0023702225902606077,6
raw_be_profit_lock_3y,Raw + Breakeven + ProfitLock,3y,profit_lock,SOL/USDT:USDT,511.4954,511.4954,4.09,2025-12-21 02:00:00+00:00,2025-12-22 00:10:00+00:00,125.06,126.79,0.0005,0.0005,1330,-0.014726264846886565,-7.52865052,stop_loss,132.56,-0.06,126.79,-0.013866127461943156,123.3,127.64,False,short_pullback_restart,1.0,True,1766282400000,1766362200000,"[{'amount': 4.09, 'safe_price': 125.06, 'ft_order_side': 'sell', 'order_filled_timestamp': 1766282400000, 'ft_is_entry': True, 'ft_order_tag': 'short_pullback_restart', 'cost': 511.7511477}, {'amount': 4.09, 'safe_price': 126.79, 'ft_order_side': 'buy', 'order_filled_timestamp': 1766362200000, 'ft_is_entry': False, 'ft_order_tag': 'stop_loss', 'cost': 518.83038555}]",0.06208273434073559,0
raw_be_profit_lock_3y,Raw + Breakeven + ProfitLock,3y,profit_lock,ADA/USDT:USDT,390.6672,390.6672,1057.0,2025-12-21 02:00:00+00:00,2025-12-22 00:10:00+00:00,0.3696,0.3692,0.0005,0.0005,1330,0.00013600869760382818,0.05310757,trailing_stop_loss,0.3917,-0.06,0.3692,-0.023649570280011023,0.3573,0.3744,False,short_pullback_restart,1.0,True,1766282400000,1766362200000,"[{'amount': 1057.0, 'safe_price': 0.3696, 'ft_order_side': 'sell', 'order_filled_timestamp': 1766282400000, 'ft_is_entry': True, 'ft_order_tag': 'short_pullback_restart', 'cost': 390.86253359999995}, {'amount': 1057.0, 'safe_price': 0.3692, 'ft_order_side': 'buy', 'order_filled_timestamp': 1766362200000, 'ft_is_entry': False, 'ft_order_tag': 'trailing_stop_loss', 'cost': 390.43952219999994}]",0.020763370278775603,0
raw_be_profit_lock_3y,Raw + Breakeven + ProfitLock,3y,profit_lock,ADA/USDT:USDT,324.4474,324.4474,898.0,2025-12-23 14:00:00+00:00,2025-12-23 15:10:00+00:00,0.3613,0.3607,0.0005,0.0005,70,0.0006618310539161084,0.214622,profit_lock_compression_breakdown,0.3829,-0.06,0.3726,-0.043573259739807746,0.3548,0.3632,False,short_compression_breakdown,1.0,True,1766498400000,1766502600000,"[{'amount': 898.0, 'safe_price': 0.3613, 'ft_order_side': 'sell', 'order_filled_timestamp': 1766498400000, 'ft_is_entry': True, 'ft_order_tag': 'short_compression_breakdown', 'cost': 324.6096237}, {'amount': 898.0, 'safe_price': 0.3607, 'ft_order_side': 'buy', 'order_filled_timestamp': 1766502600000, 'ft_is_entry': False, 'ft_order_tag': 'profit_lock_compression_breakdown', 'cost': 324.0705543}]",0.0,1
raw_be_profit_lock_3y,Raw + Breakeven + ProfitLock,3y,profit_lock,ADA/USDT:USDT,322.34,322.34,908.0,2025-12-24 06:00:00+00:00,2025-12-25 10:35:00+00:00,0.355,0.354,0.0005,0.0005,1715,0.001865285375826835,0.60095546,profit_lock_compression_breakdown,0.3763,-0.06,0.3669,-0.03357257977337902,0.3495,0.3612,False,short_compression_breakdown,1.0,True,1766556000000,1766658900000,"[{'amount': 908.0, 'safe_price': 0.355, 'ft_order_side': 'sell', 'order_filled_timestamp': 1766556000000, 'ft_is_entry': True, 'ft_order_tag': 'short_compression_breakdown', 'cost': 322.50116999999995}, {'amount': 908.0, 'safe_price': 0.354, 'ft_order_side': 'buy', 'order_filled_timestamp': 1766658900000, 'ft_is_entry': False, 'ft_order_tag': 'profit_lock_compression_breakdown', 'cost': 321.59271599999994}]",0.014841459950407598,3
raw_be_profit_lock_3y,Raw + Breakeven + ProfitLock,3y,profit_lock,XRP/USDT:USDT,505.54716,505.54716,272.4,2025-12-28 19:00:00+00:00,2025-12-29 01:40:00+00:00,1.8559,1.8803,0.0005,0.0005,400,-0.014136308441120796,-7.1429973,stop_loss,1.9672,-0.06,1.8803,-0.01316103012090708,1.8528,1.886,False,short_pullback_restart,1.0,True,1766948400000,1766972400000,"[{'amount': 272.4, 'safe_price': 1.8559, 'ft_order_side': 'sell', 'order_filled_timestamp': 1766948400000, 'ft_is_entry': True, 'ft_order_tag': 'short_pullback_restart', 'cost': 505.79993357999996}, {'amount': 272.4, 'safe_price': 1.8803, 'ft_order_side': 'buy', 'order_filled_timestamp': 1766972400000, 'ft_is_entry': False, 'ft_order_tag': 'stop_loss', 'cost': 512.4498168599999}]",0.012433142303999998,0
raw_be_profit_lock_3y,Raw + Breakeven + ProfitLock,3y,profit_lock,NEAR/USDT:USDT,480.0,480.0,320.0,2025-12-31 11:00:00+00:00,2025-12-31 20:45:00+00:00,1.5,1.496,0.0005,0.0005,585,0.0017694180423545106,0.848896,profit_lock_compression_breakdown,1.59,-0.06,1.498,-0.021472392638036686,1.467,1.529,False,short_compression_breakdown,1.0,True,1767178800000,1767213900000,"[{'amount': 320.0, 'safe_price': 1.5, 'ft_order_side': 'sell', 'order_filled_timestamp': 1767178800000, 'ft_is_entry': True, 'ft_order_tag': 'short_compression_breakdown', 'cost': 480.23999999999995}, {'amount': 320.0, 'safe_price': 1.496, 'ft_order_side': 'buy', 'order_filled_timestamp': 1767213900000, 'ft_is_entry': False, 'ft_order_tag': 'profit_lock_compression_breakdown', 'cost': 478.95936}]",0.048256,2
raw_be_profit_lock_3y,Raw + Breakeven + ProfitLock,3y,profit_lock,TRX/USDT:USDT,503.21332,503.21332,1702.0,2026-01-04 00:00:00+00:00,2026-01-20 08:00:00+00:00,0.29566,0.30658,0.0005,0.0005,23520,0.0348104045623729,17.52581778,time_decay_profit_exit,0.27793,-0.06,0.29596,-0.020598120325633906,0.29076,0.32084,False,long_1d_center_compression,1.0,False,1767484800000,1768896000000,"[{'amount': 1702.0, 'safe_price': 0.29566, 'ft_order_side': 'buy', 'order_filled_timestamp': 1767484800000, 'ft_is_entry': True, 'ft_order_tag': 'long_1d_center_compression', 'cost': 503.46492665999995}, {'amount': 1702.0, 'safe_price': 0.30658, 'ft_order_side': 'sell', 'order_filled_timestamp': 1768896000000, 'ft_is_entry': False, 'ft_order_tag': 'time_decay_profit_exit', 'cost': 522.06005958}]",-0.5475159775879704,1
raw_be_profit_lock_3y,Raw + Breakeven + ProfitLock,3y,profit_lock,ADA/USDT:USDT,316.519,316.519,878.0,2026-01-20 09:00:00+00:00,2026-01-21 00:40:00+00:00,0.3605,0.3556,0.0005,0.0005,940,0.012707407036809613,4.0201247,profit_lock_pullback_restart,0.3821,-0.06,0.3601,-0.021092996881202142,0.3463,0.364,False,short_pullback_restart,1.0,True,1768899600000,1768956000000,"[{'amount': 878.0, 'safe_price': 0.3605, 'ft_order_side': 'sell', 'order_filled_timestamp': 1768899600000, 'ft_is_entry': True, 'ft_order_tag': 'short_pullback_restart', 'cost': 316.6772595}, {'amount': 878.0, 'safe_price': 0.3556, 'ft_order_side': 'buy', 'order_filled_timestamp': 1768956000000, 'ft_is_entry': False, 'ft_order_tag': 'profit_lock_pullback_restart', 'cost': 312.37290840000003}]",0.0322926002194292,2
raw_be_profit_lock_3y,Raw + Breakeven + ProfitLock,3y,profit_lock,NEAR/USDT:USDT,265.37,265.37,170.0,2026-01-20 07:00:00+00:00,2026-01-21 01:15:00+00:00,1.561,1.54,0.0005,0.0005,1095,0.012588261949492287,3.3388768,profit_lock_pullback_restart,1.654,-0.06,1.559,-0.027975609756097697,1.487,1.568,False,short_pullback_restart,1.0,True,1768892400000,1768958100000,"[{'amount': 170.0, 'safe_price': 1.561, 'ft_order_side': 'sell', 'order_filled_timestamp': 1768892400000, 'ft_is_entry': True, 'ft_order_tag': 'short_pullback_restart', 'cost': 265.502685}, {'amount': 170.0, 'safe_price': 1.54, 'ft_order_side': 'buy', 'order_filled_timestamp': 1768958100000, 'ft_is_entry': False, 'ft_order_tag': 'profit_lock_pullback_restart', 'cost': 261.9309}]",0.032461799539558,2
raw_be_profit_lock_3y,Raw + Breakeven + ProfitLock,3y,profit_lock,XRP/USDT:USDT,504.07383,504.07383,261.3,2026-01-22 14:00:00+00:00,2026-01-23 16:00:00+00:00,1.9291,1.9271,0.0005,0.0005,1560,0.00012561643991712483,0.0632883,trailing_stop_loss,2.0448,-0.06,1.9271,-0.021017695364238476,1.8862,1.9349,False,short_pullback_restart,1.0,True,1769090400000,1769184000000,"[{'amount': 261.3, 'safe_price': 1.9291, 'ft_order_side': 'sell', 'order_filled_timestamp': 1769090400000, 'ft_is_entry': True, 'ft_order_tag': 'short_pullback_restart', 'cost': 504.325866915}, {'amount': 261.3, 'safe_price': 1.9271, 'ft_order_side': 'buy', 'order_filled_timestamp': 1769184000000, 'ft_is_entry': False, 'ft_order_tag': 'trailing_stop_loss', 'cost': 503.803005615}]",0.04450083464761155,4
raw_be_profit_lock_3y,Raw + Breakeven + ProfitLock,3y,profit_lock,ADA/USDT:USDT,351.4578,351.4578,982.0,2026-01-22 15:00:00+00:00,2026-01-23 17:25:00+00:00,0.3579,0.368,0.0005,0.0005,1585,-0.029336495676337407,-10.30538496,trailing_stop_loss,0.3793,-0.06,0.368,-0.027359019305571497,0.3522,0.3681,False,short_pullback_restart,1.0,True,1769094000000,1769189100000,"[{'amount': 982.0, 'safe_price': 0.3579, 'ft_order_side': 'sell', 'order_filled_timestamp': 1769094000000, 'ft_is_entry': True, 'ft_order_tag': 'short_pullback_restart', 'cost': 351.6335289}, {'amount': 982.0, 'safe_price': 0.368, 'ft_order_side': 'buy', 'order_filled_timestamp': 1769189100000, 'ft_is_entry': False, 'ft_order_tag': 'trailing_stop_loss', 'cost': 361.55668799999995}]",-0.0307680588522602,4
raw_be_profit_lock_3y,Raw + Breakeven + ProfitLock,3y,profit_lock,DOGE/USDT:USDT,351.04572,351.04572,2826.0,2026-01-22 15:00:00+00:00,2026-01-23 17:35:00+00:00,0.12422,0.12774,0.0005,0.0005,1595,-0.029399744447044143,-10.31549413,trailing_stop_loss,0.13167,-0.06,0.12774,-0.028746985682621018,0.12194,0.12783,False,short_pullback_restart,1.0,True,1769094000000,1769189700000,"[{'amount': 2826.0, 'safe_price': 0.12422, 'ft_order_side': 'sell', 'order_filled_timestamp': 1769094000000, 'ft_is_entry': True, 'ft_order_tag': 'short_pullback_restart', 'cost': 351.22124286}, {'amount': 2826.0, 'safe_price': 0.12774, 'ft_order_side': 'buy', 'order_filled_timestamp': 1769189700000, 'ft_is_entry': False, 'ft_order_tag': 'trailing_stop_loss', 'cost': 361.17373661999994}]",-0.011954645238987,4
raw_be_profit_lock_3y,Raw + Breakeven + ProfitLock,3y,profit_lock,NEAR/USDT:USDT,178.32,178.32,120.0,2026-01-25 09:00:00+00:00,2026-01-26 01:05:00+00:00,1.486,1.453,0.0005,0.0005,965,0.021285053248921455,3.79365292,profit_giveback_guard,1.575,-0.06,1.484,-0.02098624484181566,1.408,1.511,False,short_pullback_restart,1.0,True,1769331600000,1769389500000,"[{'amount': 120.0, 'safe_price': 1.486, 'ft_order_side': 'sell', 'order_filled_timestamp': 1769331600000, 'ft_is_entry': True, 'ft_order_tag': 'short_pullback_restart', 'cost': 178.40915999999999}, {'amount': 120.0, 'safe_price': 1.453, 'ft_order_side': 'buy', 'order_filled_timestamp': 1769389500000, 'ft_is_entry': False, 'ft_order_tag': 'profit_giveback_guard', 'cost': 174.44718}]",0.0099929208,0
raw_be_profit_lock_3y,Raw + Breakeven + ProfitLock,3y,profit_lock,TAO/USDT:USDT,504.82651,504.82651,2.143,2026-01-25 05:00:00+00:00,2026-01-26 01:10:00+00:00,235.57,230.03,0.0005,0.0005,1210,0.022637184892534194,11.42213712,profit_giveback_guard,249.7,-0.06,235.33,-0.02319317391304354,220.39,237.77,False,short_pullback_restart,1.0,True,1769317200000,1769389800000,"[{'amount': 2.143, 'safe_price': 235.57, 'ft_order_side': 'sell', 'order_filled_timestamp': 1769317200000, 'ft_is_entry': True, 'ft_order_tag': 'short_pullback_restart', 'cost': 505.0789232549999}, {'amount': 2.143, 'safe_price': 230.03, 'ft_order_side': 'buy', 'order_filled_timestamp': 1769389800000, 'ft_is_entry': False, 'ft_order_tag': 'profit_giveback_guard', 'cost': 493.20076714499993}]",0.04880752439824101,0
raw_be_profit_lock_3y,Raw + Breakeven + ProfitLock,3y,profit_lock,ETH/USDT:USDT,503.00334,503.00334,0.171,2026-01-25 04:00:00+00:00,2026-01-26 01:25:00+00:00,2941.54,2874.66,0.0005,0.0005,1285,0.02173605850214137,10.92784337,profit_giveback_guard,3118.03,-0.06,2938.59,-0.022441272050381045,2784.15,2948.15,False,short_pullback_restart,1.0,True,1769313600000,1769390700000,"[{'amount': 0.171, 'safe_price': 2941.54, 'ft_order_side': 'sell', 'order_filled_timestamp': 1769313600000, 'ft_is_entry': True, 'ft_order_tag': 'short_pullback_restart', 'cost': 503.25484167}, {'amount': 0.171, 'safe_price': 2874.66, 'ft_order_side': 'buy', 'order_filled_timestamp': 1769390700000, 'ft_is_entry': False, 'ft_order_tag': 'profit_giveback_guard', 'cost': 491.81264343}]",-0.011351532098982747,0
raw_be_profit_lock_3y,Raw + Breakeven + ProfitLock,3y,profit_lock,LINK/USDT:USDT,256.52944,256.52944,20.96,2026-01-22 15:00:00+00:00,2026-01-26 07:55:00+00:00,12.239,11.855,0.0005,0.0005,5335,0.030389825091444483,7.79198687,profit_giveback_guard,12.973,-0.06,12.226,-0.021791826842721296,11.355,12.495,False,short_pullback_restart,1.0,True,1769094000000,1769414100000,"[{'amount': 20.96, 'safe_price': 12.239, 'ft_order_side': 'sell', 'order_filled_timestamp': 1769094000000, 'ft_is_entry': True, 'ft_order_tag': 'short_pullback_restart', 'cost': 256.65770472}, {'amount': 20.96, 'safe_price': 11.855, 'ft_order_side': 'buy', 'order_filled_timestamp': 1769414100000, 'ft_is_entry': False, 'ft_order_tag': 'profit_giveback_guard', 'cost': 248.6050404}]",-0.004148012536608224,0
raw_be_profit_lock_3y,Raw + Breakeven + ProfitLock,3y,profit_lock,SOL/USDT:USDT,515.9147,515.9147,4.19,2026-01-27 14:00:00+00:00,2026-01-27 16:00:00+00:00,123.13,125.29,0.0005,0.0005,120,-0.01853584235295755,-9.55813209,stop_loss,130.51,-0.06,125.29,-0.017611653936642213,123.12,125.42,False,short_pullback_restart,1.0,True,1769522400000,1769529600000,"[{'amount': 4.19, 'safe_price': 123.13, 'ft_order_side': 'sell', 'order_filled_timestamp': 1769522400000, 'ft_is_entry': True, 'ft_order_tag': 'short_pullback_restart', 'cost': 516.17265735}, {'amount': 4.19, 'safe_price': 125.29, 'ft_order_side': 'buy', 'order_filled_timestamp': 1769529600000, 'ft_is_entry': False, 'ft_order_tag': 'stop_loss', 'cost': 525.2275825500001}]",0.012707809407416532,1
raw_be_profit_lock_3y,Raw + Breakeven + ProfitLock,3y,profit_lock,ZEC/USDT:USDT,313.53321,313.53321,0.867,2026-01-29 12:00:00+00:00,2026-01-29 16:50:00+00:00,361.63,357.49,0.0005,0.0005,290,0.010557211270120586,3.30838132,profit_lock_compression_breakdown,383.32,-0.06,361.26,-0.024903883798121917,350.05,364.92,False,short_compression_breakdown,1.0,True,1769688000000,1769705400000,"[{'amount': 0.867, 'safe_price': 361.63, 'ft_order_side': 'sell', 'order_filled_timestamp': 1769688000000, 'ft_is_entry': True, 'ft_order_tag': 'short_compression_breakdown', 'cost': 313.68997660499997}, {'amount': 0.867, 'safe_price': 357.49, 'ft_order_side': 'buy', 'order_filled_timestamp': 1769705400000, 'ft_is_entry': False, 'ft_order_tag': 'profit_lock_compression_breakdown', 'cost': 310.09880191499997}]",0.030739843969212005,3
raw_be_profit_lock_3y,Raw + Breakeven + ProfitLock,3y,profit_lock,SOL/USDT:USDT,27.669,27.669,0.23,2026-01-29 15:00:00+00:00,2026-01-29 16:55:00+00:00,120.3,118.19,0.0005,0.0005,115,0.016482011290078882,0.45581275,profit_lock_compression_breakdown,127.51,-0.06,120.17,-0.02507420675537353,116.03,120.38,False,short_compression_breakdown,1.0,True,1769698800000,1769705700000,"[{'amount': 0.23, 'safe_price': 120.3, 'ft_order_side': 'sell', 'order_filled_timestamp': 1769698800000, 'ft_is_entry': True, 'ft_order_tag': 'short_compression_breakdown', 'cost': 27.6828345}, {'amount': 0.23, 'safe_price': 118.19, 'ft_order_side': 'buy', 'order_filled_timestamp': 1769705700000, 'ft_is_entry': False, 'ft_order_tag': 'profit_lock_compression_breakdown', 'cost': 27.19729185}]",-0.0020609036623068597,3
raw_be_profit_lock_3y,Raw + Breakeven + ProfitLock,3y,profit_lock,TAO/USDT:USDT,295.5864,295.5864,1.264,2026-01-29 02:00:00+00:00,2026-01-29 17:20:00+00:00,233.85,224.4,0.0005,0.0005,920,0.039354073544866176,11.62671266,profit_lock_pullback_restart,247.88,-0.06,233.61,-0.020469794260254304,214.16,234.61,False,short_pullback_restart,1.0,True,1769652000000,1769707200000,"[{'amount': 1.264, 'safe_price': 233.85, 'ft_order_side': 'sell', 'order_filled_timestamp': 1769652000000, 'ft_is_entry': True, 'ft_order_tag': 'short_pullback_restart', 'cost': 295.73419319999994}, {'amount': 1.264, 'safe_price': 224.4, 'ft_order_side': 'buy', 'order_filled_timestamp': 1769707200000, 'ft_is_entry': False, 'ft_order_tag': 'profit_lock_pullback_restart', 'cost': 283.7834208}]",-0.028473335427759996,3
raw_be_profit_lock_3y,Raw + Breakeven + ProfitLock,3y,profit_lock,XRP/USDT:USDT,331.2348,331.2348,176.8,2026-01-29 03:00:00+00:00,2026-01-29 17:20:00+00:00,1.8735,1.8387,0.0005,0.0005,860,0.01744780512228806,5.77643058,profit_lock_pullback_restart,1.9859,-0.06,1.8716,-0.021351432469304044,1.7845,1.8889,False,short_pullback_restart,1.0,True,1769655600000,1769707200000,"[{'amount': 176.8, 'safe_price': 1.8735, 'ft_order_side': 'sell', 'order_filled_timestamp': 1769655600000, 'ft_is_entry': True, 'ft_order_tag': 'short_pullback_restart', 'cost': 331.4004174}, {'amount': 176.8, 'safe_price': 1.8387, 'ft_order_side': 'buy', 'order_filled_timestamp': 1769707200000, 'ft_is_entry': False, 'ft_order_tag': 'profit_lock_pullback_restart', 'cost': 325.24470108}]",-0.04805094466595904,3
raw_be_profit_lock_3y,Raw + Breakeven + ProfitLock,3y,profit_lock,BTC/USDT:USDT,173.9576,173.9576,0.002,2026-01-29 15:00:00+00:00,2026-01-30 04:20:00+00:00,86978.8,83129.7,0.0005,0.0005,800,0.043379960731399284,7.54250072,profit_lock_compression_breakdown,92197.5,-0.06,86891.8,-0.021085474896442413,81000.0,87013.7,False,short_compression_breakdown,1.0,True,1769698800000,1769746800000,"[{'amount': 0.002, 'safe_price': 86978.8, 'ft_order_side': 'sell', 'order_filled_timestamp': 1769698800000, 'ft_is_entry': True, 'ft_order_tag': 'short_compression_breakdown', 'cost': 174.0445788}, {'amount': 0.002, 'safe_price': 83129.7, 'ft_order_side': 'buy', 'order_filled_timestamp': 1769746800000, 'ft_is_entry': False, 'ft_order_tag': 'profit_lock_compression_breakdown', 'cost': 166.3425297}]",0.014409223917698982,4
raw_be_profit_lock_3y,Raw + Breakeven + ProfitLock,3y,profit_lock,ADA/USDT:USDT,323.7696,323.7696,924.0,2026-01-29 03:00:00+00:00,2026-01-30 19:25:00+00:00,0.3504,0.3311,0.0005,0.0005,2425,0.05384045664434147,17.42318716,profit_lock_pullback_restart,0.3714,-0.06,0.35,-0.02085039370078756,0.3157,0.353,False,short_pullback_restart,1.0,True,1769655600000,1769801100000,"[{'amount': 924.0, 'safe_price': 0.3504, 'ft_order_side': 'sell', 'order_filled_timestamp': 1769655600000, 'ft_is_entry': True, 'ft_order_tag': 'short_pullback_restart', 'cost': 323.93148479999996}, {'amount': 924.0, 'safe_price': 0.3311, 'ft_order_side': 'buy', 'order_filled_timestamp': 1769801100000, 'ft_is_entry': False, 'ft_order_tag': 'profit_lock_pullback_restart', 'cost': 306.08936819999997}]",-0.0951598436941152,4
raw_be_profit_lock_3y,Raw + Breakeven + ProfitLock,3y,profit_lock,LINK/USDT:USDT,255.56223,255.56223,24.43,2026-01-31 09:00:00+00:00,2026-01-31 17:10:00+00:00,10.461,9.86,0.0005,0.0005,490,0.056516667673511094,14.43630386,profit_lock_pullback_restart,11.088,-0.06,10.45,-0.02056044921875011,9.357,10.572,False,short_pullback_restart,1.0,True,1769850000000,1769879400000,"[{'amount': 24.43, 'safe_price': 10.461, 'ft_order_side': 'sell', 'order_filled_timestamp': 1769850000000, 'ft_is_entry': True, 'ft_order_tag': 'short_pullback_restart', 'cost': 255.69001111499998}, {'amount': 24.43, 'safe_price': 9.86, 'ft_order_side': 'buy', 'order_filled_timestamp': 1769879400000, 'ft_is_entry': False, 'ft_order_tag': 'profit_lock_pullback_restart', 'cost': 241.00023989999997}]",0.0020948759202,5
raw_be_profit_lock_3y,Raw + Breakeven + ProfitLock,3y,profit_lock,BNB/USDT:USDT,342.8953,342.8953,0.41,2026-01-31 09:00:00+00:00,2026-01-31 18:40:00+00:00,836.33,751.94,0.0005,0.0005,580,0.10000560047101138,34.27430465,roi,886.5,-0.06,835.49,-0.021798121491555467,749.21,841.47,False,short_pullback_restart,1.0,True,1769850000000,1769884800000,"[{'amount': 0.41, 'safe_price': 836.33, 'ft_order_side': 'sell', 'order_filled_timestamp': 1769850000000, 'ft_is_entry': True, 'ft_order_tag': 'short_pullback_restart', 'cost': 343.06674765}, {'amount': 0.41, 'safe_price': 751.94, 'ft_order_side': 'buy', 'order_filled_timestamp': 1769884800000, 'ft_is_entry': False, 'ft_order_tag': 'roi', 'cost': 308.44954770000004}]",0.0,5
raw_be_profit_lock_3y,Raw + Breakeven + ProfitLock,3y,profit_lock,TAO/USDT:USDT,274.5171,274.5171,1.43,2026-02-03 15:00:00+00:00,2026-02-03 19:15:00+00:00,191.97,191.03,0.0005,0.0005,255,0.00395230952197199,1.08443406,profit_lock_pullback_restart,203.48,-0.06,191.77,-0.021726318593500382,184.33,197.18,False,short_pullback_restart,1.0,True,1770130800000,1770146100000,"[{'amount': 1.43, 'safe_price': 191.97, 'ft_order_side': 'sell', 'order_filled_timestamp': 1770130800000, 'ft_is_entry': True, 'ft_order_tag': 'short_pullback_restart', 'cost': 274.65435855}, {'amount': 1.43, 'safe_price': 191.03, 'ft_order_side': 'buy', 'order_filled_timestamp': 1770146100000, 'ft_is_entry': False, 'ft_order_tag': 'profit_lock_pullback_restart', 'cost': 273.30948644999995}]",0.014079065,1
raw_be_profit_lock_3y,Raw + Breakeven + ProfitLock,3y,profit_lock,XRP/USDT:USDT,174.16204,174.16204,111.8,2026-02-03 18:00:00+00:00,2026-02-03 19:15:00+00:00,1.5578,1.5707,0.0005,0.0005,75,-0.009289694275819384,-1.61710315,profit_lock_compression_breakdown,1.6512,-0.06,1.6291,-0.04581120537921812,1.5263,1.5784,False,short_compression_breakdown,1.0,True,1770141600000,1770146100000,"[{'amount': 111.8, 'safe_price': 1.5578, 'ft_order_side': 'sell', 'order_filled_timestamp': 1770141600000, 'ft_is_entry': True, 'ft_order_tag': 'short_compression_breakdown', 'cost': 174.24912102}, {'amount': 111.8, 'safe_price': 1.5707, 'ft_order_side': 'buy', 'order_filled_timestamp': 1770146100000, 'ft_is_entry': False, 'ft_order_tag': 'profit_lock_compression_breakdown', 'cost': 175.69206212999998}]",0.0,1
raw_be_profit_lock_3y,Raw + Breakeven + ProfitLock,3y,profit_lock,SOL/USDT:USDT,260.0124,260.0124,2.58,2026-02-03 15:00:00+00:00,2026-02-03 19:20:00+00:00,100.78,99.38,0.0005,0.0005,260,0.012737984522905378,3.31037791,profit_lock_pullback_restart,106.82,-0.06,100.67,-0.020983875874657665,96.6,102.73,False,short_pullback_restart,1.0,True,1770130800000,1770146400000,"[{'amount': 2.58, 'safe_price': 100.78, 'ft_order_side': 'sell', 'order_filled_timestamp': 1770130800000, 'ft_is_entry': True, 'ft_order_tag': 'short_pullback_restart', 'cost': 260.1424062}, {'amount': 2.58, 'safe_price': 99.38, 'ft_order_side': 'buy', 'order_filled_timestamp': 1770146400000, 'ft_is_entry': False, 'ft_order_tag': 'profit_lock_pullback_restart', 'cost': 256.52860019999997}]",-0.043415686762187655,1
raw_be_profit_lock_3y,Raw + Breakeven + ProfitLock,3y,profit_lock,BTC/USDT:USDT,305.8328,305.8328,0.004,2026-02-03 17:00:00+00:00,2026-02-03 20:25:00+00:00,76458.2,75478.7,0.0005,0.0005,205,0.011823238603196066,3.6141262,profit_lock_pullback_restart,81045.6,-0.06,76381.7,-0.020536414736113562,72889.2,76500.0,False,short_pullback_restart,1.0,True,1770138000000,1770150300000,"[{'amount': 0.004, 'safe_price': 76458.2, 'ft_order_side': 'sell', 'order_filled_timestamp': 1770138000000, 'ft_is_entry': True, 'ft_order_tag': 'short_pullback_restart', 'cost': 305.9857164}, {'amount': 0.004, 'safe_price': 75478.7, 'ft_order_side': 'buy', 'order_filled_timestamp': 1770150300000, 'ft_is_entry': False, 'ft_order_tag': 'profit_lock_pullback_restart', 'cost': 302.0657574}]",0.0,1
raw_be_profit_lock_3y,Raw + Breakeven + ProfitLock,3y,profit_lock,NEAR/USDT:USDT,279.319,279.319,241.0,2026-02-04 14:00:00+00:00,2026-02-04 16:10:00+00:00,1.159,1.157,0.0005,0.0005,130,0.0008009293581664578,0.22360293,trailing_stop_loss,1.228,-0.06,1.157,-0.02373209549071631,1.131,1.167,False,short_pullback_restart,1.0,True,1770213600000,1770221400000,"[{'amount': 241.0, 'safe_price': 1.159, 'ft_order_side': 'sell', 'order_filled_timestamp': 1770213600000, 'ft_is_entry': True, 'ft_order_tag': 'short_pullback_restart', 'cost': 279.4586595}, {'amount': 241.0, 'safe_price': 1.157, 'ft_order_side': 'buy', 'order_filled_timestamp': 1770221400000, 'ft_is_entry': False, 'ft_order_tag': 'trailing_stop_loss', 'cost': 278.97641849999997}]",0.020680933,2
raw_be_profit_lock_3y,Raw + Breakeven + ProfitLock,3y,profit_lock,TRX/USDT:USDT,546.15034,546.15034,1927.0,2026-02-01 17:00:00+00:00,2026-02-04 17:05:00+00:00,0.28342,0.28314,0.0005,0.0005,4325,-0.0024271172392801702,-1.32490812,stale_loss_72h,0.30042,-0.06,0.28772,-0.015201674698184897,0.28079,0.28741,False,short_pullback_restart,1.0,True,1769965200000,1770224700000,"[{'amount': 1927.0, 'safe_price': 0.28342, 'ft_order_side': 'sell', 'order_filled_timestamp': 1769965200000, 'ft_is_entry': True, 'ft_order_tag': 'short_pullback_restart', 'cost': 546.42341517}, {'amount': 1927.0, 'safe_price': 0.28314, 'ft_order_side': 'buy', 'order_filled_timestamp': 1770224700000, 'ft_is_entry': False, 'ft_order_tag': 'stale_loss_72h', 'cost': 545.8835853899999}]",-1.3185875598489087,2
raw_be_profit_lock_3y,Raw + Breakeven + ProfitLock,3y,profit_lock,TRX/USDT:USDT,548.0698,548.0698,1948.0,2026-02-05 03:00:00+00:00,2026-02-06 17:35:00+00:00,0.28135,0.27381,0.0005,0.0005,2315,0.022222534155184177,12.1734101,profit_giveback_guard,0.29823,-0.06,0.28106,-0.02519933615407055,0.26645,0.28221,False,short_pullback_restart,1.0,True,1770260400000,1770399300000,"[{'amount': 1948.0, 'safe_price': 0.28135, 'ft_order_side': 'sell', 'order_filled_timestamp': 1770260400000, 'ft_is_entry': True, 'ft_order_tag': 'short_pullback_restart', 'cost': 548.3438348999999}, {'amount': 1948.0, 'safe_price': 0.27381, 'ft_order_side': 'buy', 'order_filled_timestamp': 1770399300000, 'ft_is_entry': False, 'ft_order_tag': 'profit_giveback_guard', 'cost': 533.64857094}]",-1.973784062582636,4
raw_be_profit_lock_3y,Raw + Breakeven + ProfitLock,3y,profit_lock,BNB/USDT:USDT,328.562,328.562,0.52,2026-02-09 08:00:00+00:00,2026-02-09 13:15:00+00:00,631.85,630.14,0.0005,0.0005,315,0.0017085459719651706,0.5610826,profit_lock_pullback_restart,669.76,-0.06,631.21,-0.023425507077192487,615.97,633.51,False,short_pullback_restart,1.0,True,1770624000000,1770642900000,"[{'amount': 0.52, 'safe_price': 631.85, 'ft_order_side': 'sell', 'order_filled_timestamp': 1770624000000, 'ft_is_entry': True, 'ft_order_tag': 'short_pullback_restart', 'cost': 328.726281}, {'amount': 0.52, 'safe_price': 630.14, 'ft_order_side': 'buy', 'order_filled_timestamp': 1770642900000, 'ft_is_entry': False, 'ft_order_tag': 'profit_lock_pullback_restart', 'cost': 327.8366364}]",0.0,0
raw_be_profit_lock_3y,Raw + Breakeven + ProfitLock,3y,profit_lock,TAO/USDT:USDT,297.2547,297.2547,1.935,2026-02-10 19:00:00+00:00,2026-02-11 02:30:00+00:00,153.62,153.18,0.0005,0.0005,450,0.0019321583530076663,0.57405598,profit_lock_compression_breakdown,162.83,-0.06,159.74,-0.03988359409327802,151.29,154.99,False,short_compression_breakdown,1.0,True,1770750000000,1770777000000,"[{'amount': 1.935, 'safe_price': 153.62, 'ft_order_side': 'sell', 'order_filled_timestamp': 1770750000000, 'ft_is_entry': True, 'ft_order_tag': 'short_compression_breakdown', 'cost': 297.40332735}, {'amount': 1.935, 'safe_price': 153.18, 'ft_order_side': 'buy', 'order_filled_timestamp': 1770777000000, 'ft_is_entry': False, 'ft_order_tag': 'profit_lock_compression_breakdown', 'cost': 296.55150165}]",0.01948497832434195,2
raw_be_profit_lock_3y,Raw + Breakeven + ProfitLock,3y,profit_lock,SUI/USDT:USDT,301.72725,301.72725,328.5,2026-02-10 19:00:00+00:00,2026-02-11 12:25:00+00:00,0.9185,0.9013,0.0005,0.0005,1045,0.017830636525080948,5.37729893,profit_lock_compression_breakdown,0.9736,-0.06,0.9175,-0.023857955813434417,0.883,0.9372,False,short_compression_breakdown,1.0,True,1770750000000,1770812700000,"[{'amount': 328.5, 'safe_price': 0.9185, 'ft_order_side': 'sell', 'order_filled_timestamp': 1770750000000, 'ft_is_entry': True, 'ft_order_tag': 'short_compression_breakdown', 'cost': 301.87811362499997}, {'amount': 328.5, 'safe_price': 0.9013, 'ft_order_side': 'buy', 'order_filled_timestamp': 1770812700000, 'ft_is_entry': False, 'ft_order_tag': 'profit_lock_compression_breakdown', 'cost': 296.225088525}]",0.026001079848,2
raw_be_profit_lock_3y,Raw + Breakeven + ProfitLock,3y,profit_lock,SOL/USDT:USDT,295.9173,295.9173,3.57,2026-02-10 19:00:00+00:00,2026-02-11 13:35:00+00:00,82.89,81.65,0.0005,0.0005,1115,0.013920060109029282,4.11712701,profit_lock_compression_breakdown,87.86,-0.06,82.8,-0.02560205598216503,80.23,84.34,False,short_compression_breakdown,1.0,True,1770750000000,1770816900000,"[{'amount': 3.57, 'safe_price': 82.89, 'ft_order_side': 'sell', 'order_filled_timestamp': 1770750000000, 'ft_is_entry': True, 'ft_order_tag': 'short_compression_breakdown', 'cost': 296.06525865}, {'amount': 3.57, 'safe_price': 81.65, 'ft_order_side': 'buy', 'order_filled_timestamp': 1770816900000, 'ft_is_entry': False, 'ft_order_tag': 'profit_lock_compression_breakdown', 'cost': 291.63624525}]",-0.015969089808000003,2
raw_be_profit_lock_3y,Raw + Breakeven + ProfitLock,3y,profit_lock,LINK/USDT:USDT,167.57576,167.57576,19.94,2026-02-11 05:00:00+00:00,2026-02-11 14:00:00+00:00,8.404,8.395,0.0005,0.0005,540,9.432690892600375e-05,0.015799,trailing_stop_loss,8.908,-0.06,8.395,-0.020617067833697877,8.188,8.434,False,short_pullback_restart,1.0,True,1770786000000,1770818400000,"[{'amount': 19.94, 'safe_price': 8.404, 'ft_order_side': 'sell', 'order_filled_timestamp': 1770786000000, 'ft_is_entry': True, 'ft_order_tag': 'short_pullback_restart', 'cost': 167.65954788}, {'amount': 19.94, 'safe_price': 8.395, 'ft_order_side': 'buy', 'order_filled_timestamp': 1770818400000, 'ft_is_entry': False, 'ft_order_tag': 'trailing_stop_loss', 'cost': 167.47999815}]",0.0038250313770000002,2
raw_be_profit_lock_3y,Raw + Breakeven + ProfitLock,3y,profit_lock,ADA/USDT:USDT,261.476,261.476,998.0,2026-02-10 07:00:00+00:00,2026-02-11 14:05:00+00:00,0.262,0.2583,0.0005,0.0005,1865,0.012787132945995401,3.34185661,profit_lock_pullback_restart,0.2777,-0.06,0.2617,-0.021217323449083336,0.2519,0.2661,False,short_pullback_restart,1.0,True,1770706800000,1770818700000,"[{'amount': 998.0, 'safe_price': 0.262, 'ft_order_side': 'sell', 'order_filled_timestamp': 1770706800000, 'ft_is_entry': True, 'ft_order_tag': 'short_pullback_restart', 'cost': 261.606738}, {'amount': 998.0, 'safe_price': 0.2583, 'ft_order_side': 'buy', 'order_filled_timestamp': 1770818700000, 'ft_is_entry': False, 'ft_order_tag': 'profit_lock_pullback_restart', 'cost': 257.91229169999997}]",-0.09111369215904301,2
raw_be_profit_lock_3y,Raw + Breakeven + ProfitLock,3y,profit_lock,DOGE/USDT:USDT,282.29554,282.29554,3026.0,2026-02-10 07:00:00+00:00,2026-02-11 14:15:00+00:00,0.09329,0.09197,0.0005,0.0005,1875,0.01293759222087301,3.65039847,profit_lock_pullback_restart,0.09888,-0.06,0.09319,-0.02346485833516354,0.08921,0.09416,False,short_pullback_restart,1.0,True,1770706800000,1770819300000,"[{'amount': 3026.0, 'safe_price': 0.09329, 'ft_order_side': 'sell', 'order_filled_timestamp': 1770706800000, 'ft_is_entry': True, 'ft_order_tag': 'short_pullback_restart', 'cost': 282.43668777}, {'amount': 3026.0, 'safe_price': 0.09197, 'ft_order_side': 'buy', 'order_filled_timestamp': 1770819300000, 'ft_is_entry': False, 'ft_order_tag': 'profit_lock_pullback_restart', 'cost': 278.44037061}]",-0.0636231501340532,2
raw_be_profit_lock_3y,Raw + Breakeven + ProfitLock,3y,profit_lock,BTC/USDT:USDT,270.1952,270.1952,0.004,2026-02-11 05:00:00+00:00,2026-02-11 19:05:00+00:00,67548.8,67339.7,0.0005,0.0005,845,0.0020030963300116116,0.5409564,profit_lock_pullback_restart,71601.7,-0.06,67481.2,-0.025222173436785456,65718.5,68821.1,False,short_pullback_restart,1.0,True,1770786000000,1770836700000,"[{'amount': 0.004, 'safe_price': 67548.8, 'ft_order_side': 'sell', 'order_filled_timestamp': 1770786000000, 'ft_is_entry': True, 'ft_order_tag': 'short_pullback_restart', 'cost': 270.3302976}, {'amount': 0.004, 'safe_price': 67339.7, 'ft_order_side': 'buy', 'order_filled_timestamp': 1770836700000, 'ft_is_entry': False, 'ft_order_tag': 'profit_lock_pullback_restart', 'cost': 269.49347939999996}]",-0.025666604344000005,2
raw_be_profit_lock_3y,Raw + Breakeven + ProfitLock,3y,profit_lock,ETH/USDT:USDT,358.3492,358.3492,0.184,2026-02-17 15:00:00+00:00,2026-02-17 16:35:00+00:00,1947.55,2007.95,0.0005,0.0005,95,-0.03209269714059104,-11.49464215,trailing_stop_loss,2064.4,-0.06,2007.95,-0.020955355233311268,1940.01,2009.89,False,short_pullback_restart,1.0,True,1771340400000,1771346100000,"[{'amount': 0.184, 'safe_price': 1947.55, 'ft_order_side': 'sell', 'order_filled_timestamp': 1771340400000, 'ft_is_entry': True, 'ft_order_tag': 'short_pullback_restart', 'cost': 358.52837459999995}, {'amount': 0.184, 'safe_price': 2007.95, 'ft_order_side': 'buy', 'order_filled_timestamp': 1771346100000, 'ft_is_entry': False, 'ft_order_tag': 'trailing_stop_loss', 'cost': 369.6475314}]",-0.017136148344,1
raw_be_profit_lock_3y,Raw + Breakeven + ProfitLock,3y,profit_lock,LINK/USDT:USDT,270.9906,270.9906,32.28,2026-02-19 14:00:00+00:00,2026-02-20 15:00:00+00:00,8.395,8.763,0.0005,0.0005,1500,-0.04489717553401533,-12.16062918,stop_loss,8.898,-0.06,8.763,-0.04385021543701617,8.338,8.839,False,short_compression_breakdown,1.0,True,1771509600000,1771599600000,"[{'amount': 32.28, 'safe_price': 8.395, 'ft_order_side': 'sell', 'order_filled_timestamp': 1771509600000, 'ft_is_entry': True, 'ft_order_tag': 'short_compression_breakdown', 'cost': 271.1260953}, {'amount': 32.28, 'safe_price': 8.763, 'ft_order_side': 'buy', 'order_filled_timestamp': 1771599600000, 'ft_is_entry': False, 'ft_order_tag': 'stop_loss', 'cost': 283.01107482}]",-0.0046590581351441465,4
raw_be_profit_lock_3y,Raw + Breakeven + ProfitLock,3y,profit_lock,SUI/USDT:USDT,451.65897,451.65897,487.7,2026-02-22 13:00:00+00:00,2026-02-23 01:00:00+00:00,0.9261,0.9087,0.0005,0.0005,720,0.017726836051227164,8.00248127,profit_lock_compression_breakdown,0.9816,-0.06,0.9251,-0.04586694551209569,0.8846,0.9286,False,short_compression_breakdown,1.0,True,1771765200000,1771808400000,"[{'amount': 487.7, 'safe_price': 0.9261, 'ft_order_side': 'sell', 'order_filled_timestamp': 1771765200000, 'ft_is_entry': True, 'ft_order_tag': 'short_compression_breakdown', 'cost': 451.884799485}, {'amount': 487.7, 'safe_price': 0.9087, 'ft_order_side': 'buy', 'order_filled_timestamp': 1771808400000, 'ft_is_entry': False, 'ft_order_tag': 'profit_lock_compression_breakdown', 'cost': 443.39457649499997}]",-0.03608274805205583,0
raw_be_profit_lock_3y,Raw + Breakeven + ProfitLock,3y,profit_lock,ADA/USDT:USDT,436.1407,436.1407,1597.0,2026-02-22 13:00:00+00:00,2026-02-23 01:00:00+00:00,0.2731,0.2681,0.0005,0.0005,720,0.017070573225287024,7.44144917,profit_lock_compression_breakdown,0.2894,-0.06,0.2728,-0.04491344312523937,0.2611,0.2737,False,short_compression_breakdown,1.0,True,1771765200000,1771808400000,"[{'amount': 1597.0, 'safe_price': 0.2731, 'ft_order_side': 'sell', 'order_filled_timestamp': 1771765200000, 'ft_is_entry': True, 'ft_order_tag': 'short_compression_breakdown', 'cost': 436.35877035}, {'amount': 1597.0, 'safe_price': 0.2681, 'ft_order_side': 'buy', 'order_filled_timestamp': 1771808400000, 'ft_is_entry': False, 'ft_order_tag': 'profit_lock_compression_breakdown', 'cost': 428.36977785}]",-0.11140263310963439,0
raw_be_profit_lock_3y,Raw + Breakeven + ProfitLock,3y,profit_lock,TAO/USDT:USDT,134.4384,134.4384,0.768,2026-02-22 13:00:00+00:00,2026-02-23 01:05:00+00:00,175.05,169.57,0.0005,0.0005,725,0.030160878291545092,4.05275283,profit_lock_compression_breakdown,185.55,-0.06,174.87,-0.022540930885276644,165.83,177.85,False,short_compression_breakdown,1.0,True,1771765200000,1771808700000,"[{'amount': 0.768, 'safe_price': 175.05, 'ft_order_side': 'sell', 'order_filled_timestamp': 1771765200000, 'ft_is_entry': True, 'ft_order_tag': 'short_compression_breakdown', 'cost': 134.50561919999998}, {'amount': 0.768, 'safe_price': 169.57, 'ft_order_side': 'buy', 'order_filled_timestamp': 1771808700000, 'ft_is_entry': False, 'ft_order_tag': 'profit_lock_compression_breakdown', 'cost': 130.29487487999998}]",-0.023553092311142398,0
raw_be_profit_lock_3y,Raw + Breakeven + ProfitLock,3y,profit_lock,XRP/USDT:USDT,550.42629,550.42629,390.9,2026-02-22 13:00:00+00:00,2026-02-23 07:40:00+00:00,1.4081,1.3749,0.0005,0.0005,1120,0.02227191134487123,12.25291601,profit_giveback_guard,1.4925,-0.06,1.4066,-0.02059921642603202,1.329,1.41,False,short_pullback_restart,1.0,True,1771765200000,1771832400000,"[{'amount': 390.9, 'safe_price': 1.4081, 'ft_order_side': 'sell', 'order_filled_timestamp': 1771765200000, 'ft_is_entry': True, 'ft_order_tag': 'short_pullback_restart', 'cost': 550.7015031449998}, {'amount': 390.9, 'safe_price': 1.3749, 'ft_order_side': 'buy', 'order_filled_timestamp': 1771832400000, 'ft_is_entry': False, 'ft_order_tag': 'profit_giveback_guard', 'cost': 537.717134205}]",-0.18102664393649054,0
raw_be_profit_lock_3y,Raw + Breakeven + ProfitLock,3y,profit_lock,NEAR/USDT:USDT,383.672,383.672,398.0,2026-02-24 14:00:00+00:00,2026-02-24 16:10:00+00:00,0.964,0.988,0.0005,0.0005,130,-0.02599357519832499,-9.96802048,trailing_stop_loss,1.021,-0.06,0.988,-0.02726387134956476,0.951,0.99,False,short_compression_breakdown,1.0,True,1771941600000,1771949400000,"[{'amount': 398.0, 'safe_price': 0.964, 'ft_order_side': 'sell', 'order_filled_timestamp': 1771941600000, 'ft_is_entry': True, 'ft_order_tag': 'short_compression_breakdown', 'cost': 383.86383599999994}, {'amount': 398.0, 'safe_price': 0.988, 'ft_order_side': 'buy', 'order_filled_timestamp': 1771949400000, 'ft_is_entry': False, 'ft_order_tag': 'trailing_stop_loss', 'cost': 393.42061199999995}]",-0.027572484799999998,1
raw_be_profit_lock_3y,Raw + Breakeven + ProfitLock,3y,profit_lock,LINK/USDT:USDT,390.32539,390.32539,48.23,2026-02-24 14:00:00+00:00,2026-02-25 01:10:00+00:00,8.093,8.324,0.0005,0.0005,670,-0.02962436120327731,-11.55735877,trailing_stop_loss,8.578,-0.06,8.324,-0.022308299952257027,8.05,8.508,False,short_compression_breakdown,1.0,True,1771941600000,1771981800000,"[{'amount': 48.23, 'safe_price': 8.093, 'ft_order_side': 'sell', 'order_filled_timestamp': 1771941600000, 'ft_is_entry': True, 'ft_order_tag': 'short_compression_breakdown', 'cost': 390.52055269499994}, {'amount': 48.23, 'safe_price': 8.324, 'ft_order_side': 'buy', 'order_filled_timestamp': 1771981800000, 'ft_is_entry': False, 'ft_order_tag': 'trailing_stop_loss', 'cost': 401.66725325999994}]",-0.020332819309446824,2
raw_be_profit_lock_3y,Raw + Breakeven + ProfitLock,3y,profit_lock,ZEC/USDT:USDT,290.48812,290.48812,1.313,2026-03-06 13:00:00+00:00,2026-03-06 19:25:00+00:00,221.24,210.68,0.0005,0.0005,385,0.046745214553859805,13.57214003,profit_lock_compression_breakdown,234.51,-0.06,221.01,-0.021013350579757173,205.17,221.81,False,short_compression_breakdown,1.0,True,1772802000000,1772825100000,"[{'amount': 1.313, 'safe_price': 221.24, 'ft_order_side': 'sell', 'order_filled_timestamp': 1772802000000, 'ft_is_entry': True, 'ft_order_tag': 'short_compression_breakdown', 'cost': 290.63336405999996}, {'amount': 1.313, 'safe_price': 210.68, 'ft_order_side': 'buy', 'order_filled_timestamp': 1772825100000, 'ft_is_entry': False, 'ft_order_tag': 'profit_lock_compression_breakdown', 'cost': 276.76115142}]",-0.009584489034950029,4
raw_be_profit_lock_3y,Raw + Breakeven + ProfitLock,3y,profit_lock,SOL/USDT:USDT,389.2584,389.2584,4.72,2026-03-07 20:00:00+00:00,2026-03-08 14:20:00+00:00,82.47,82.25,0.0005,0.0005,1100,0.0013934088462805802,0.5421249,profit_lock_compression_breakdown,87.41,-0.06,85.0,-0.030738046996966695,81.11,84.07,False,short_compression_breakdown,1.0,True,1772913600000,1772979600000,"[{'amount': 4.72, 'safe_price': 82.47, 'ft_order_side': 'sell', 'order_filled_timestamp': 1772913600000, 'ft_is_entry': True, 'ft_order_tag': 'short_compression_breakdown', 'cost': 389.45302919999995}, {'amount': 4.72, 'safe_price': 82.25, 'ft_order_side': 'buy', 'order_filled_timestamp': 1772979600000, 'ft_is_entry': False, 'ft_order_tag': 'profit_lock_compression_breakdown', 'cost': 388.41410999999994}]",-0.10753590159828144,6
raw_be_profit_lock_3y,Raw + Breakeven + ProfitLock,3y,profit_lock,SUI/USDT:USDT,303.74334,303.74334,325.8,2026-03-22 00:00:00+00:00,2026-03-23 05:15:00+00:00,0.9323,0.917,0.0005,0.0005,1755,0.015338356988801616,4.65659432,profit_lock_pullback_restart,0.9882,-0.06,0.9313,-0.024381544214694184,0.8929,0.9462,False,short_pullback_restart,1.0,True,1774137600000,1774242900000,"[{'amount': 325.8, 'safe_price': 0.9323, 'ft_order_side': 'sell', 'order_filled_timestamp': 1774137600000, 'ft_is_entry': True, 'ft_order_tag': 'short_pullback_restart', 'cost': 303.89521167}, {'amount': 325.8, 'safe_price': 0.917, 'ft_order_side': 'buy', 'order_filled_timestamp': 1774242900000, 'ft_is_entry': False, 'ft_order_tag': 'profit_lock_pullback_restart', 'cost': 298.90797929999997}]",-0.02689470598279374,0
raw_be_profit_lock_3y,Raw + Breakeven + ProfitLock,3y,profit_lock,XRP/USDT:USDT,428.48483,428.48483,304.3,2026-03-22 00:00:00+00:00,2026-03-23 11:05:00+00:00,1.4081,1.4066,0.0005,0.0005,2105,-1.1947376607982619e-05,-0.00511671,trailing_stop_loss,1.4925,-0.06,1.4066,-0.024165926465234744,1.3608,1.4368,False,short_pullback_restart,1.0,True,1774137600000,1774263900000,"[{'amount': 304.3, 'safe_price': 1.4081, 'ft_order_side': 'sell', 'order_filled_timestamp': 1774137600000, 'ft_is_entry': True, 'ft_order_tag': 'short_pullback_restart', 'cost': 428.699072415}, {'amount': 304.3, 'safe_price': 1.4066, 'ft_order_side': 'buy', 'order_filled_timestamp': 1774263900000, 'ft_is_entry': False, 'ft_order_tag': 'trailing_stop_loss', 'cost': 428.24239419}]",-0.03331010061029007,0
raw_be_profit_lock_3y,Raw + Breakeven + ProfitLock,3y,profit_lock,BNB/USDT:USDT,453.8088,453.8088,0.72,2026-03-22 00:00:00+00:00,2026-03-23 11:05:00+00:00,630.29,646.74,0.0005,0.0005,2105,-0.02724279698962482,-12.3568395,stop_loss,668.1,-0.06,646.74,-0.0261010184795889,620.0,648.24,False,short_pullback_restart,1.0,True,1774137600000,1774263900000,"[{'amount': 0.72, 'safe_price': 630.29, 'ft_order_side': 'sell', 'order_filled_timestamp': 1774137600000, 'ft_is_entry': True, 'ft_order_tag': 'short_pullback_restart', 'cost': 454.03570439999993}, {'amount': 0.72, 'safe_price': 646.74, 'ft_order_side': 'buy', 'order_filled_timestamp': 1774263900000, 'ft_is_entry': False, 'ft_order_tag': 'stop_loss', 'cost': 465.8856264}]",-0.053108698084979325,0
raw_be_profit_lock_3y,Raw + Breakeven + ProfitLock,3y,profit_lock,LINK/USDT:USDT,319.86513,319.86513,36.27,2026-03-22 00:00:00+00:00,2026-03-23 11:05:00+00:00,8.819,8.81,0.0005,0.0005,2105,0.00021438425321169507,0.06853976,trailing_stop_loss,9.348,-0.06,8.81,-0.024439651162790677,8.569,9.134,False,short_pullback_restart,1.0,True,1774137600000,1774263900000,"[{'amount': 36.27, 'safe_price': 8.819, 'ft_order_side': 'sell', 'order_filled_timestamp': 1774137600000, 'ft_is_entry': True, 'ft_order_tag': 'short_pullback_restart', 'cost': 320.02506256500004}, {'amount': 36.27, 'safe_price': 8.81, 'ft_order_side': 'buy', 'order_filled_timestamp': 1774263900000, 'ft_is_entry': False, 'ft_order_tag': 'trailing_stop_loss', 'cost': 319.69846935000004}]",0.06181167861418575,0
raw_be_profit_lock_3y,Raw + Breakeven + ProfitLock,3y,profit_lock,XRP/USDT:USDT,365.57,365.57,263.0,2026-03-24 17:00:00+00:00,2026-03-25 11:15:00+00:00,1.39,1.4353,0.0005,0.0005,1095,-0.03368306890540765,-12.30736274,stop_loss,1.4734,-0.06,1.4353,-0.03260072872793085,1.3826,1.4372,False,short_compression_breakdown,1.0,True,1774371600000,1774437300000,"[{'amount': 263.0, 'safe_price': 1.39, 'ft_order_side': 'sell', 'order_filled_timestamp': 1774371600000, 'ft_is_entry': True, 'ft_order_tag': 'short_compression_breakdown', 'cost': 365.75278499999996}, {'amount': 263.0, 'safe_price': 1.4353, 'ft_order_side': 'buy', 'order_filled_timestamp': 1774437300000, 'ft_is_entry': False, 'ft_order_tag': 'stop_loss', 'cost': 377.67264194999996}]",-0.021935787460714895,2
raw_be_profit_lock_3y,Raw + Breakeven + ProfitLock,3y,profit_lock,BTC/USDT:USDT,475.1369,475.1369,0.007,2026-03-27 09:00:00+00:00,2026-03-27 10:35:00+00:00,67876.7,67649.6,0.0005,0.0005,95,0.0023486197513894985,1.11535795,profit_lock_compression_breakdown,71949.3,-0.06,69313.6,-0.0258710457007032,66770.9,67912.1,False,short_compression_breakdown,1.0,True,1774602000000,1774607700000,"[{'amount': 0.007, 'safe_price': 67876.7, 'ft_order_side': 'sell', 'order_filled_timestamp': 1774602000000, 'ft_is_entry': True, 'ft_order_tag': 'short_compression_breakdown', 'cost': 475.37446844999994}, {'amount': 0.007, 'safe_price': 67649.6, 'ft_order_side': 'buy', 'order_filled_timestamp': 1774607700000, 'ft_is_entry': False, 'ft_order_tag': 'profit_lock_compression_breakdown', 'cost': 473.7839736}]",0.0,4
raw_be_profit_lock_3y,Raw + Breakeven + ProfitLock,3y,profit_lock,ADA/USDT:USDT,522.396,522.396,2073.0,2026-03-27 09:00:00+00:00,2026-03-27 10:35:00+00:00,0.252,0.2512,0.0005,0.0005,95,0.0021772791157483504,1.1368332,profit_lock_compression_breakdown,0.2671,-0.06,0.2517,-0.02087591240875919,0.2466,0.2521,False,short_compression_breakdown,1.0,True,1774602000000,1774607700000,"[{'amount': 2073.0, 'safe_price': 0.252, 'ft_order_side': 'sell', 'order_filled_timestamp': 1774602000000, 'ft_is_entry': True, 'ft_order_tag': 'short_compression_breakdown', 'cost': 522.6571979999999}, {'amount': 2073.0, 'safe_price': 0.2512, 'ft_order_side': 'buy', 'order_filled_timestamp': 1774607700000, 'ft_is_entry': False, 'ft_order_tag': 'profit_lock_compression_breakdown', 'cost': 520.9979687999999}]",0.0,4
raw_be_profit_lock_3y,Raw + Breakeven + ProfitLock,3y,profit_lock,NEAR/USDT:USDT,552.366,552.366,477.0,2026-03-29 11:00:00+00:00,2026-03-29 22:55:00+00:00,1.158,1.156,0.0005,0.0005,715,0.0008284372142295824,0.45737175,trailing_stop_loss,1.227,-0.06,1.156,-0.024660761736049475,1.129,1.175,False,short_pullback_restart,1.0,True,1774782000000,1774824900000,"[{'amount': 477.0, 'safe_price': 1.158, 'ft_order_side': 'sell', 'order_filled_timestamp': 1774782000000, 'ft_is_entry': True, 'ft_order_tag': 'short_pullback_restart', 'cost': 552.6421829999999}, {'amount': 477.0, 'safe_price': 1.156, 'ft_order_side': 'buy', 'order_filled_timestamp': 1774824900000, 'ft_is_entry': False, 'ft_order_tag': 'trailing_stop_loss', 'cost': 551.6877059999999}]",0.055260746694,6
raw_be_profit_lock_3y,Raw + Breakeven + ProfitLock,3y,profit_lock,ETH/USDT:USDT,260.64939,260.64939,0.131,2026-03-27 11:00:00+00:00,2026-03-29 23:00:00+00:00,1989.69,1987.7,0.0005,0.0005,3600,-0.0003976130110812735,-0.10358577,trailing_stop_loss,2109.07,-0.06,1987.7,-0.02641841118696231,1936.54,2049.36,False,short_pullback_restart,1.0,True,1774609200000,1774825200000,"[{'amount': 0.131, 'safe_price': 1989.69, 'ft_order_side': 'sell', 'order_filled_timestamp': 1774609200000, 'ft_is_entry': True, 'ft_order_tag': 'short_pullback_restart', 'cost': 260.77971469500005}, {'amount': 0.131, 'safe_price': 1987.7, 'ft_order_side': 'buy', 'order_filled_timestamp': 1774825200000, 'ft_is_entry': False, 'ft_order_tag': 'trailing_stop_loss', 'cost': 260.51889435000004}]",-0.10375672107043803,6
raw_be_profit_lock_3y,Raw + Breakeven + ProfitLock,3y,profit_lock,BNB/USDT:USDT,305.03,305.03,0.5,2026-03-29 14:00:00+00:00,2026-03-30 00:15:00+00:00,610.06,609.44,0.0005,0.0005,615,1.6810031085109486e-05,0.005125,trailing_stop_loss,646.66,-0.06,609.44,-0.022549856546031144,596.01,613.56,False,short_pullback_restart,1.0,True,1774792800000,1774829700000,"[{'amount': 0.5, 'safe_price': 610.06, 'ft_order_side': 'sell', 'order_filled_timestamp': 1774792800000, 'ft_is_entry': True, 'ft_order_tag': 'short_pullback_restart', 'cost': 305.18251499999997}, {'amount': 0.5, 'safe_price': 609.44, 'ft_order_side': 'buy', 'order_filled_timestamp': 1774829700000, 'ft_is_entry': False, 'ft_order_tag': 'trailing_stop_loss', 'cost': 304.87236}]",0.0,0
raw_be_profit_lock_3y,Raw + Breakeven + ProfitLock,3y,profit_lock,XRP/USDT:USDT,460.3996,460.3996,331.7,2026-03-26 06:00:00+00:00,2026-03-30 00:20:00+00:00,1.388,1.3472,0.0005,0.0005,5420,0.02745927444221225,12.63591785,profit_giveback_guard,1.4712,-0.06,1.3866,-0.024010043571375705,1.2937,1.3922,False,short_pullback_restart,1.0,True,1774504800000,1774830000000,"[{'amount': 331.7, 'safe_price': 1.388, 'ft_order_side': 'sell', 'order_filled_timestamp': 1774504800000, 'ft_is_entry': True, 'ft_order_tag': 'short_pullback_restart', 'cost': 460.62979979999994}, {'amount': 331.7, 'safe_price': 1.3472, 'ft_order_side': 'buy', 'order_filled_timestamp': 1774830000000, 'ft_is_entry': False, 'ft_order_tag': 'profit_giveback_guard', 'cost': 447.08967311999993}]",-0.44380923069736794,0
raw_be_profit_lock_3y,Raw + Breakeven + ProfitLock,3y,profit_lock,NEAR/USDT:USDT,276.12,276.12,236.0,2026-04-02 02:00:00+00:00,2026-04-02 14:35:00+00:00,1.17,1.168,0.0005,0.0005,755,0.0007652792787817928,0.21120326,trailing_stop_loss,1.24,-0.06,1.168,-0.021704545454545476,1.138,1.171,False,short_pullback_restart,1.0,True,1775095200000,1775140500000,"[{'amount': 236.0, 'safe_price': 1.17, 'ft_order_side': 'sell', 'order_filled_timestamp': 1775095200000, 'ft_is_entry': True, 'ft_order_tag': 'short_pullback_restart', 'cost': 276.25806}, {'amount': 236.0, 'safe_price': 1.168, 'ft_order_side': 'buy', 'order_filled_timestamp': 1775140500000, 'ft_is_entry': False, 'ft_order_tag': 'trailing_stop_loss', 'cost': 275.78582399999993}]",0.0150872623409288,3
raw_be_profit_lock_3y,Raw + Breakeven + ProfitLock,3y,profit_lock,XRP/USDT:USDT,374.06132,374.06132,281.8,2026-04-02 02:00:00+00:00,2026-04-02 20:40:00+00:00,1.3274,1.3217,0.0005,0.0005,1120,0.00290127267621114,1.08471126,profit_lock_pullback_restart,1.407,-0.06,1.326,-0.020526858550099725,1.2791,1.3293,False,short_pullback_restart,1.0,True,1775095200000,1775162400000,"[{'amount': 281.8, 'safe_price': 1.3274, 'ft_order_side': 'sell', 'order_filled_timestamp': 1775095200000, 'ft_is_entry': True, 'ft_order_tag': 'short_pullback_restart', 'cost': 374.24835065999997}, {'amount': 281.8, 'safe_price': 1.3217, 'ft_order_side': 'buy', 'order_filled_timestamp': 1775162400000, 'ft_is_entry': False, 'ft_order_tag': 'profit_lock_pullback_restart', 'cost': 372.64128753000006}]",-0.14829055233619703,3
raw_be_profit_lock_3y,Raw + Breakeven + ProfitLock,3y,profit_lock,BNB/USDT:USDT,556.3376,556.3376,0.91,2026-04-01 14:00:00+00:00,2026-04-04 18:55:00+00:00,611.36,593.75,0.0005,0.0005,4615,0.027877009453014023,15.50127402,profit_giveback_guard,648.04,-0.06,610.74,-0.023629665633118302,570.71,619.98,False,short_pullback_restart,1.0,True,1775052000000,1775328900000,"[{'amount': 0.91, 'safe_price': 611.36, 'ft_order_side': 'sell', 'order_filled_timestamp': 1775052000000, 'ft_is_entry': True, 'ft_order_tag': 'short_pullback_restart', 'cost': 556.6157688000001}, {'amount': 0.91, 'safe_price': 593.75, 'ft_order_side': 'buy', 'order_filled_timestamp': 1775328900000, 'ft_is_entry': False, 'ft_order_tag': 'profit_giveback_guard', 'cost': 540.58265625}]",0.024499070889953026,5
raw_be_profit_lock_3y,Raw + Breakeven + ProfitLock,3y,profit_lock,XRP/USDT:USDT,562.94338,562.94338,433.1,2026-04-05 06:00:00+00:00,2026-04-05 23:15:00+00:00,1.2998,1.323,0.0005,0.0005,1035,-0.019159940935721598,-10.78056893,stop_loss,1.3777,-0.06,1.323,-0.017866565330447726,1.277,1.3318,False,short_pullback_restart,1.0,True,1775368800000,1775430900000,"[{'amount': 433.1, 'safe_price': 1.2998, 'ft_order_side': 'sell', 'order_filled_timestamp': 1775368800000, 'ft_is_entry': True, 'ft_order_tag': 'short_pullback_restart', 'cost': 563.22485169}, {'amount': 433.1, 'safe_price': 1.323, 'ft_order_side': 'buy', 'order_filled_timestamp': 1775430900000, 'ft_is_entry': False, 'ft_order_tag': 'stop_loss', 'cost': 573.27779565}]",-0.16468159061136203,6
raw_be_profit_lock_3y,Raw + Breakeven + ProfitLock,3y,profit_lock,ADA/USDT:USDT,523.4621,523.4621,2219.0,2026-04-13 00:00:00+00:00,2026-04-13 12:50:00+00:00,0.2359,0.2413,0.0005,0.0005,770,-0.0242621014688411,-12.69394044,stop_loss,0.25,-0.06,0.2413,-0.022892263088250653,0.2357,0.2419,False,short_compression_breakdown,1.0,True,1776038400000,1776084600000,"[{'amount': 2219.0, 'safe_price': 0.2359, 'ft_order_side': 'sell', 'order_filled_timestamp': 1776038400000, 'ft_is_entry': True, 'ft_order_tag': 'short_compression_breakdown', 'cost': 523.72383105}, {'amount': 2219.0, 'safe_price': 0.2413, 'ft_order_side': 'buy', 'order_filled_timestamp': 1776084600000, 'ft_is_entry': False, 'ft_order_tag': 'stop_loss', 'cost': 535.71242235}]",-0.1818870360067642,0
raw_be_profit_lock_3y,Raw + Breakeven + ProfitLock,3y,profit_lock,BTC/USDT:USDT,539.2142,539.2142,0.007,2026-04-18 00:00:00+00:00,2026-04-18 18:35:00+00:00,77030.6,75490.0,0.0005,0.0005,1115,-0.020782389299632418,-11.2117625,stop_loss,72408.8,-0.06,75490.0,-0.02000004705922065,75481.6,77380.0,False,long_1d_center_compression,1.0,False,1776470400000,1776537300000,"[{'amount': 0.007, 'safe_price': 77030.6, 'ft_order_side': 'buy', 'order_filled_timestamp': 1776470400000, 'ft_is_entry': True, 'ft_order_tag': 'long_1d_center_compression', 'cost': 539.4838070999999}, {'amount': 0.007, 'safe_price': 75490.0, 'ft_order_side': 'sell', 'order_filled_timestamp': 1776537300000, 'ft_is_entry': False, 'ft_order_tag': 'stop_loss', 'cost': 528.694215}]",0.10625960396468602,5
raw_be_profit_lock_3y,Raw + Breakeven + ProfitLock,3y,profit_lock,TRX/USDT:USDT,554.6768,554.6768,1696.0,2026-04-16 00:00:00+00:00,2026-04-20 14:00:00+00:00,0.32705,0.32738,0.0005,0.0005,6600,0.00013114925173788016,0.07278182,trailing_stop_loss,0.30743,-0.06,0.32738,-0.019946563285834218,0.32291,0.33659,False,long_1d_center_compression,1.0,False,1776297600000,1776693600000,"[{'amount': 1696.0, 'safe_price': 0.32705, 'ft_order_side': 'buy', 'order_filled_timestamp': 1776297600000, 'ft_is_entry': True, 'ft_order_tag': 'long_1d_center_compression', 'cost': 554.9541383999999}, {'amount': 1696.0, 'safe_price': 0.32738, 'ft_order_side': 'sell', 'order_filled_timestamp': 1776693600000, 'ft_is_entry': False, 'ft_order_tag': 'trailing_stop_loss', 'cost': 555.51409824}]",0.06805845742875519,0
raw_be_profit_lock_3y,Raw + Breakeven + ProfitLock,3y,profit_lock,TAO/USDT:USDT,447.23784,447.23784,1.806,2026-04-30 15:00:00+00:00,2026-05-01 03:00:00+00:00,247.64,252.29,0.0005,0.0005,720,-0.01968378705881327,-8.79893274,trailing_stop_loss,262.49,-0.06,252.29,-0.015218672035330671,247.21,253.83,False,short_compression_breakdown,1.0,True,1777561200000,1777604400000,"[{'amount': 1.806, 'safe_price': 247.64, 'ft_order_side': 'sell', 'order_filled_timestamp': 1777561200000, 'ft_is_entry': True, 'ft_order_tag': 'short_compression_breakdown', 'cost': 447.46145892}, {'amount': 1.806, 'safe_price': 252.29, 'ft_order_side': 'buy', 'order_filled_timestamp': 1777604400000, 'ft_is_entry': False, 'ft_order_tag': 'trailing_stop_loss', 'cost': 455.86355786999997}]",0.05040404906972238,4
raw_be_profit_lock_3y,Raw + Breakeven + ProfitLock,3y,profit_lock,XRP/USDT:USDT,547.90371,547.90371,402.9,2026-05-22 07:00:00+00:00,2026-05-23 07:00:00+00:00,1.3599,1.3323,0.0005,0.0005,1440,0.01916725428792485,10.49655883,profit_giveback_guard,1.4414,-0.06,1.3585,-0.023074101965509408,1.2951,1.3697,False,short_pullback_restart,1.0,True,1779433200000,1779519600000,"[{'amount': 402.9, 'safe_price': 1.3599, 'ft_order_side': 'sell', 'order_filled_timestamp': 1779433200000, 'ft_is_entry': True, 'ft_order_tag': 'short_pullback_restart', 'cost': 548.177661855}, {'amount': 402.9, 'safe_price': 1.3323, 'ft_order_side': 'buy', 'order_filled_timestamp': 1779519600000, 'ft_is_entry': False, 'ft_order_tag': 'profit_giveback_guard', 'cost': 537.052061835}]",-0.08113748441503038,5
raw_be_profit_lock_3y,Raw + Breakeven + ProfitLock,3y,profit_lock,SOL/USDT:USDT,275.3365,275.3365,3.35,2026-05-23 08:00:00+00:00,2026-05-23 20:00:00+00:00,82.19,85.41,0.0005,0.0005,720,-0.04063374516850579,-11.1823592,trailing_stop_loss,87.12,-0.06,85.41,-0.04288308466164903,81.63,87.05,False,short_compression_breakdown,1.0,True,1779523200000,1779566400000,"[{'amount': 3.35, 'safe_price': 82.19, 'ft_order_side': 'sell', 'order_filled_timestamp': 1779523200000, 'ft_is_entry': True, 'ft_order_tag': 'short_compression_breakdown', 'cost': 275.47416825}, {'amount': 3.35, 'safe_price': 85.41, 'ft_order_side': 'buy', 'order_filled_timestamp': 1779566400000, 'ft_is_entry': False, 'ft_order_tag': 'trailing_stop_loss', 'cost': 286.26656174999994}]",-0.11462919616205694,5
raw_be_profit_lock_3y,Raw + Breakeven + ProfitLock,3y,profit_lock,XRP/USDT:USDT,547.73303,547.73303,406.3,2026-05-25 23:00:00+00:00,2026-05-28 17:00:00+00:00,1.3481,1.3228,0.0005,0.0005,3960,0.017562266158439113,9.61462354,profit_giveback_guard,1.4289,-0.06,1.3467,-0.021892328704757658,1.2668,1.3651,False,short_pullback_restart,1.0,True,1779750000000,1779987600000,"[{'amount': 406.3, 'safe_price': 1.3481, 'ft_order_side': 'sell', 'order_filled_timestamp': 1779750000000, 'ft_is_entry': True, 'ft_order_tag': 'short_pullback_restart', 'cost': 548.0068965150001}, {'amount': 406.3, 'safe_price': 1.3228, 'ft_order_side': 'buy', 'order_filled_timestamp': 1779987600000, 'ft_is_entry': False, 'ft_order_tag': 'profit_giveback_guard', 'cost': 537.7223668199999}]",-0.12217312743502465,3
raw_be_profit_lock_3y,Raw + Breakeven + ProfitLock,3y,profit_lock,DOGE/USDT:USDT,551.03464,551.03464,5512.0,2026-05-31 15:00:00+00:00,2026-06-01 03:00:00+00:00,0.09997,0.10146,0.0005,0.0005,720,-0.015855933638477194,-8.7328001,trailing_stop_loss,0.10596,-0.06,0.10146,-0.025431652512437175,0.09895,0.10154,False,short_pullback_restart,1.0,True,1780239600000,1780282800000,"[{'amount': 5512.0, 'safe_price': 0.09997, 'ft_order_side': 'sell', 'order_filled_timestamp': 1780239600000, 'ft_is_entry': True, 'ft_order_tag': 'short_pullback_restart', 'cost': 551.3101573199999}, {'amount': 5512.0, 'safe_price': 0.10146, 'ft_order_side': 'buy', 'order_filled_timestamp': 1780282800000, 'ft_is_entry': False, 'ft_order_tag': 'trailing_stop_loss', 'cost': 559.52714376}]",0.0352209798139472,0
raw_be_profit_lock_3y,Raw + Breakeven + ProfitLock,3y,profit_lock,SOL/USDT:USDT,550.5024,550.5024,6.72,2026-05-31 15:00:00+00:00,2026-06-02 22:00:00+00:00,81.92,73.67,0.0005,0.0005,3300,0.0999745346080604,55.00870313,roi,86.83,-0.06,81.83,-0.02067947118982283,73.27,83.08,False,short_pullback_restart,1.0,True,1780239600000,1780437600000,"[{'amount': 6.72, 'safe_price': 81.92, 'ft_order_side': 'sell', 'order_filled_timestamp': 1780239600000, 'ft_is_entry': True, 'ft_order_tag': 'short_pullback_restart', 'cost': 550.7776511999999}, {'amount': 6.72, 'safe_price': 73.67, 'ft_order_side': 'buy', 'order_filled_timestamp': 1780437600000, 'ft_is_entry': False, 'ft_order_tag': 'roi', 'cost': 495.30993119999994}]",0.09148553328551214,1
raw_be_profit_lock_3y,Raw + Breakeven + ProfitLock,3y,profit_lock,ADA/USDT:USDT,472.9774,472.9774,2023.0,2026-05-31 15:00:00+00:00,2026-06-02 23:00:00+00:00,0.2338,0.2102,0.0005,0.0005,3360,0.0999442566755487,47.24773898,roi,0.2478,-0.06,0.2335,-0.020831293706293774,0.2093,0.2375,False,short_pullback_restart,1.0,True,1780239600000,1780441200000,"[{'amount': 2023.0, 'safe_price': 0.2338, 'ft_order_side': 'sell', 'order_filled_timestamp': 1780239600000, 'ft_is_entry': True, 'ft_order_tag': 'short_pullback_restart', 'cost': 473.2138887}, {'amount': 2023.0, 'safe_price': 0.2102, 'ft_order_side': 'buy', 'order_filled_timestamp': 1780441200000, 'ft_is_entry': False, 'ft_order_tag': 'roi', 'cost': 425.4472173}]",-0.0459550215949615,1
raw_be_profit_lock_3y,Raw + Breakeven + ProfitLock,3y,profit_lock,XRP/USDT:USDT,313.70031,313.70031,260.7,2026-06-03 20:00:00+00:00,2026-06-04 01:00:00+00:00,1.2033,1.1929,0.0005,0.0005,300,0.007607401956906221,2.38525113,profit_lock_pullback_restart,1.2754,-0.06,1.202,-0.04014597213809812,1.1557,1.2199,False,short_pullback_restart,1.0,True,1780516800000,1780534800000,"[{'amount': 260.7, 'safe_price': 1.2033, 'ft_order_side': 'sell', 'order_filled_timestamp': 1780516800000, 'ft_is_entry': True, 'ft_order_tag': 'short_pullback_restart', 'cost': 313.857160155}, {'amount': 260.7, 'safe_price': 1.1929, 'ft_order_side': 'buy', 'order_filled_timestamp': 1780534800000, 'ft_is_entry': False, 'ft_order_tag': 'profit_lock_pullback_restart', 'cost': 311.144524515}]",-0.013684203482399997,3
raw_be_profit_lock_3y,Raw + Breakeven + ProfitLock,3y,profit_lock,ETH/USDT:USDT,313.04312,313.04312,0.181,2026-06-05 03:00:00+00:00,2026-06-05 05:00:00+00:00,1729.52,1743.67,0.0005,0.0005,120,-0.009190146539789907,-2.87547369,profit_lock_pullback_restart,1833.29,-0.06,1727.79,-0.02838550086304381,1680.1,1747.0,False,short_pullback_restart,1.0,True,1780628400000,1780635600000,"[{'amount': 0.181, 'safe_price': 1729.52, 'ft_order_side': 'sell', 'order_filled_timestamp': 1780628400000, 'ft_is_entry': True, 'ft_order_tag': 'short_pullback_restart', 'cost': 313.19964156}, {'amount': 0.181, 'safe_price': 1743.67, 'ft_order_side': 'buy', 'order_filled_timestamp': 1780635600000, 'ft_is_entry': False, 'ft_order_tag': 'profit_lock_pullback_restart', 'cost': 315.762072135}]",0.0,4
raw_be_profit_lock_3y,Raw + Breakeven + ProfitLock,3y,profit_lock,LINK/USDT:USDT,272.30616,272.30616,34.92,2026-06-05 03:00:00+00:00,2026-06-05 05:00:00+00:00,7.798,7.878,0.0005,0.0005,120,-0.011269805202678283,-3.06730296,profit_lock_pullback_restart,8.265,-0.06,8.156,-0.045977833883124486,7.635,7.892,False,short_pullback_restart,1.0,True,1780628400000,1780635600000,"[{'amount': 34.92, 'safe_price': 7.798, 'ft_order_side': 'sell', 'order_filled_timestamp': 1780628400000, 'ft_is_entry': True, 'ft_order_tag': 'short_pullback_restart', 'cost': 272.44231308}, {'amount': 34.92, 'safe_price': 7.878, 'ft_order_side': 'buy', 'order_filled_timestamp': 1780635600000, 'ft_is_entry': False, 'ft_order_tag': 'profit_lock_pullback_restart', 'cost': 275.23730988}]",0.0,4
raw_be_profit_lock_3y,Raw + Breakeven + ProfitLock,3y,profit_lock,XRP/USDT:USDT,267.85545,267.85545,236.1,2026-06-05 03:00:00+00:00,2026-06-05 06:00:00+00:00,1.1345,1.1201,0.0005,0.0005,180,0.01170501513427494,3.13368447,profit_lock_pullback_restart,1.2025,-0.06,1.1333,-0.0393081155433288,1.0905,1.1485,False,short_pullback_restart,1.0,True,1780628400000,1780639200000,"[{'amount': 236.1, 'safe_price': 1.1345, 'ft_order_side': 'sell', 'order_filled_timestamp': 1780628400000, 'ft_is_entry': True, 'ft_order_tag': 'short_pullback_restart', 'cost': 267.989377725}, {'amount': 236.1, 'safe_price': 1.1201, 'ft_order_side': 'buy', 'order_filled_timestamp': 1780639200000, 'ft_is_entry': False, 'ft_order_tag': 'profit_lock_pullback_restart', 'cost': 264.58783780500005}]",0.0,4
raw_be_profit_lock_3y,Raw + Breakeven + ProfitLock,3y,profit_lock,BNB/USDT:USDT,263.169,263.169,0.45,2026-06-05 06:00:00+00:00,2026-06-05 06:00:00+00:00,584.82,584.82,0.0005,0.0005,0,-0.0010005002501250625,-0.263169,profit_lock_pullback_restart,619.9,-0.06,584.23,-0.02439889886379576,570.32,585.7,False,short_pullback_restart,1.0,True,1780639200000,1780639200000,"[{'amount': 0.45, 'safe_price': 584.82, 'ft_order_side': 'sell', 'order_filled_timestamp': 1780639200000, 'ft_is_entry': True, 'ft_order_tag': 'short_pullback_restart', 'cost': 263.3005845}, {'amount': 0.45, 'safe_price': 584.82, 'ft_order_side': 'buy', 'order_filled_timestamp': 1780639200000, 'ft_is_entry': False, 'ft_order_tag': 'profit_lock_pullback_restart', 'cost': 263.3005845}]",0.0,4
raw_be_profit_lock_3y,Raw + Breakeven + ProfitLock,3y,profit_lock,BTC/USDT:USDT,429.1259,429.1259,0.007,2026-06-07 20:00:00+00:00,2026-06-07 22:00:00+00:00,61303.7,63043.1,0.0005,0.0005,120,-0.02940237925800008,-12.6110138,stop_loss,64981.9,-0.06,63043.1,-0.028374600044532405,61189.7,64250.0,False,short_pullback_restart,1.0,True,1780862400000,1780869600000,"[{'amount': 0.007, 'safe_price': 61303.7, 'ft_order_side': 'sell', 'order_filled_timestamp': 1780862400000, 'ft_is_entry': True, 'ft_order_tag': 'short_pullback_restart', 'cost': 429.34046294999996}, {'amount': 0.007, 'safe_price': 63043.1, 'ft_order_side': 'buy', 'order_filled_timestamp': 1780869600000, 'ft_is_entry': False, 'ft_order_tag': 'stop_loss', 'cost': 441.52235084999995}]",0.0,6
raw_be_profit_lock_3y,Raw + Breakeven + ProfitLock,3y,profit_lock,LINK/USDT:USDT,346.37733,346.37733,45.63,2026-06-07 20:00:00+00:00,2026-06-07 22:00:00+00:00,7.591,7.864,0.0005,0.0005,120,-0.03700012305053555,-12.80959583,stop_loss,8.046,-0.06,7.864,-0.03608027008301873,7.566,8.04,False,short_pullback_restart,1.0,True,1780862400000,1780869600000,"[{'amount': 45.63, 'safe_price': 7.591, 'ft_order_side': 'sell', 'order_filled_timestamp': 1780862400000, 'ft_is_entry': True, 'ft_order_tag': 'short_pullback_restart', 'cost': 346.550518665}, {'amount': 45.63, 'safe_price': 7.864, 'ft_order_side': 'buy', 'order_filled_timestamp': 1780869600000, 'ft_is_entry': False, 'ft_order_tag': 'stop_loss', 'cost': 359.01373715999995}]",0.0,6
raw_be_profit_lock_3y,Raw + Breakeven + ProfitLock,3y,profit_lock,BTC/USDT:USDT,560.1996,560.1996,0.009,2026-06-09 14:00:00+00:00,2026-06-09 20:00:00+00:00,62244.4,62068.9,0.0005,0.0005,360,0.001827804496243548,1.02342338,profit_lock_pullback_restart,65979.0,-0.06,62182.1,-0.023490339889721046,60755.0,62371.6,False,short_pullback_restart,1.0,True,1781013600000,1781035200000,"[{'amount': 0.009, 'safe_price': 62244.4, 'ft_order_side': 'sell', 'order_filled_timestamp': 1781013600000, 'ft_is_entry': True, 'ft_order_tag': 'short_pullback_restart', 'cost': 560.4796997999999}, {'amount': 0.009, 'safe_price': 62068.9, 'ft_order_side': 'buy', 'order_filled_timestamp': 1781035200000, 'ft_is_entry': False, 'ft_order_tag': 'profit_lock_pullback_restart', 'cost': 558.8994100499999}]",0.0033332262847473827,1
raw_be_profit_lock_3y,Raw + Breakeven + ProfitLock,3y,profit_lock,ETH/USDT:USDT,370.10475,370.10475,0.225,2026-06-09 15:00:00+00:00,2026-06-10 12:00:00+00:00,1644.91,1643.26,0.0005,0.0005,1260,-0.0001343730823720285,-0.04970725,trailing_stop_loss,1743.6,-0.06,1643.26,-0.02384117757009352,1605.0,1662.98,False,short_pullback_restart,1.0,True,1781017200000,1781092800000,"[{'amount': 0.225, 'safe_price': 1644.91, 'ft_order_side': 'sell', 'order_filled_timestamp': 1781017200000, 'ft_is_entry': True, 'ft_order_tag': 'short_pullback_restart', 'cost': 370.289802375}, {'amount': 0.225, 'safe_price': 1643.26, 'ft_order_side': 'buy', 'order_filled_timestamp': 1781092800000, 'ft_is_entry': False, 'ft_order_tag': 'trailing_stop_loss', 'cost': 369.91836674999996}]",-0.05103812107282221,2
raw_be_profit_lock_3y,Raw + Breakeven + ProfitLock,3y,profit_lock,DOGE/USDT:USDT,368.47881,368.47881,4383.0,2026-06-09 16:00:00+00:00,2026-06-11 01:00:00+00:00,0.08407,0.08398,0.0005,0.0005,1980,0.000152850013262629,0.05629383,trailing_stop_loss,0.08911,-0.06,0.08398,-0.027099547511312272,0.08177,0.08568,False,short_pullback_restart,1.0,True,1781020800000,1781139600000,"[{'amount': 4383.0, 'safe_price': 0.08407, 'ft_order_side': 'sell', 'order_filled_timestamp': 1781020800000, 'ft_is_entry': True, 'ft_order_tag': 'short_pullback_restart', 'cost': 368.663049405}, {'amount': 4383.0, 'safe_price': 0.08398, 'ft_order_side': 'buy', 'order_filled_timestamp': 1781139600000, 'ft_is_entry': False, 'ft_order_tag': 'trailing_stop_loss', 'cost': 368.26838217}]",0.0301054021147512,3
raw_be_profit_lock_3y,Raw + Breakeven + ProfitLock,3y,profit_lock,SOL/USDT:USDT,349.0542,349.0542,5.49,2026-06-10 09:00:00+00:00,2026-06-11 01:00:00+00:00,63.58,63.62,0.0005,0.0005,960,-0.0017304755103145478,-0.60372773,profit_lock_compression_breakdown,67.39,-0.06,65.77,-0.040292257525848196,62.29,65.74,False,short_compression_breakdown,1.0,True,1781082000000,1781139600000,"[{'amount': 5.49, 'safe_price': 63.58, 'ft_order_side': 'sell', 'order_filled_timestamp': 1781082000000, 'ft_is_entry': True, 'ft_order_tag': 'short_compression_breakdown', 'cost': 349.22872709999996}, {'amount': 5.49, 'safe_price': 63.62, 'ft_order_side': 'buy', 'order_filled_timestamp': 1781139600000, 'ft_is_entry': False, 'ft_order_tag': 'profit_lock_compression_breakdown', 'cost': 349.4484369}]",-0.034963725674773516,3
raw_be_profit_lock_3y,Raw + Breakeven + ProfitLock,3y,profit_lock,ADA/USDT:USDT,295.0683,295.0683,1747.0,2026-06-17 09:00:00+00:00,2026-06-17 19:00:00+00:00,0.1689,0.1695,0.0005,0.0005,600,-0.004508170478155565,-1.32955309,profit_lock_compression_breakdown,0.179,-0.06,0.1687,-0.02509781287970836,0.1646,0.1728,False,short_compression_breakdown,1.0,True,1781686800000,1781722800000,"[{'amount': 1747.0, 'safe_price': 0.1689, 'ft_order_side': 'sell', 'order_filled_timestamp': 1781686800000, 'ft_is_entry': True, 'ft_order_tag': 'short_compression_breakdown', 'cost': 295.2158341499999}, {'amount': 1747.0, 'safe_price': 0.1695, 'ft_order_side': 'buy', 'order_filled_timestamp': 1781722800000, 'ft_is_entry': False, 'ft_order_tag': 'profit_lock_compression_breakdown', 'cost': 296.26455825}]",0.014239305058775999,2
raw_be_guard_profit_lock_3y,Raw + Breakeven + Guard + ProfitLock,3y,profit_lock,LINK/USDT:USDT,270.8394,270.8394,53.42,2023-06-19 11:00:00+00:00,2023-06-19 17:10:00+00:00,5.07,5.067,0.0005,0.0005,370,-0.00044310216594181347,-0.11994952,profit_lock_compression_breakdown,5.374,-0.06,5.193,-0.02127435284729895,4.97,5.126,False,short_compression_breakdown,1.0,True,1687172400000,1687194600000,"[{'amount': 53.42, 'safe_price': 5.07, 'ft_order_side': 'sell', 'order_filled_timestamp': 1687172400000, 'ft_is_entry': True, 'ft_order_tag': 'short_compression_breakdown', 'cost': 270.9748197}, {'amount': 53.42, 'safe_price': 5.067, 'ft_order_side': 'buy', 'order_filled_timestamp': 1687194600000, 'ft_is_entry': False, 'ft_order_tag': 'profit_lock_compression_breakdown', 'cost': 270.81447957}]",-0.0094502501424,0
raw_be_guard_profit_lock_3y,Raw + Breakeven + Guard + ProfitLock,3y,profit_lock,NEAR/USDT:USDT,157.296,157.296,116.0,2023-07-05 11:00:00+00:00,2023-07-05 16:30:00+00:00,1.356,1.352,0.0005,0.0005,330,0.0019822418202285965,0.31164281,profit_lock_compression_breakdown,1.437,-0.06,1.418,-0.04634811041277764,1.331,1.371,False,short_compression_breakdown,1.0,True,1688554800000,1688574600000,"[{'amount': 116.0, 'safe_price': 1.356, 'ft_order_side': 'sell', 'order_filled_timestamp': 1688554800000, 'ft_is_entry': True, 'ft_order_tag': 'short_compression_breakdown', 'cost': 157.374648}, {'amount': 116.0, 'safe_price': 1.352, 'ft_order_side': 'buy', 'order_filled_timestamp': 1688574600000, 'ft_is_entry': False, 'ft_order_tag': 'profit_lock_compression_breakdown', 'cost': 156.91041600000003}]",0.0047068104764164,2
raw_be_guard_profit_lock_3y,Raw + Breakeven + Guard + ProfitLock,3y,profit_lock,NEAR/USDT:USDT,185.471,185.471,143.0,2023-07-10 01:00:00+00:00,2023-07-10 19:50:00+00:00,1.297,1.347,0.0005,0.0005,1130,-0.039752869301460096,-7.36931792,stop_loss,1.374,-0.06,1.347,-0.03896759800848448,1.284,1.351,False,short_compression_breakdown,1.0,True,1688950800000,1689018600000,"[{'amount': 143.0, 'safe_price': 1.297, 'ft_order_side': 'sell', 'order_filled_timestamp': 1688950800000, 'ft_is_entry': True, 'ft_order_tag': 'short_compression_breakdown', 'cost': 185.5637355}, {'amount': 143.0, 'safe_price': 1.347, 'ft_order_side': 'buy', 'order_filled_timestamp': 1689018600000, 'ft_is_entry': False, 'ft_order_tag': 'stop_loss', 'cost': 192.7173105}]",-0.030271916580334,0
raw_be_guard_profit_lock_3y,Raw + Breakeven + Guard + ProfitLock,3y,profit_lock,TRX/USDT:USDT,343.99552,343.99552,4103.0,2023-07-23 00:00:00+00:00,2023-07-24 03:40:00+00:00,0.08384,0.08217,0.0005,0.0005,1660,-0.021050315547361084,-7.24483485,stop_loss,0.07881,-0.06,0.08217,-0.020000002595759514,0.08215,0.0852,False,long_1d_center_compression,1.0,False,1690070400000,1690170000000,"[{'amount': 4103.0, 'safe_price': 0.08384, 'ft_order_side': 'buy', 'order_filled_timestamp': 1690070400000, 'ft_is_entry': True, 'ft_order_tag': 'long_1d_center_compression', 'cost': 344.16751775999995}, {'amount': 4103.0, 'safe_price': 0.08217, 'ft_order_side': 'sell', 'order_filled_timestamp': 1690170000000, 'ft_is_entry': False, 'ft_order_tag': 'stop_loss', 'cost': 337.312081755}]",-0.052255330390284994,0
raw_be_guard_profit_lock_3y,Raw + Breakeven + Guard + ProfitLock,3y,profit_lock,NEAR/USDT:USDT,264.03,264.03,195.0,2023-07-27 19:00:00+00:00,2023-07-28 03:35:00+00:00,1.354,1.39,0.0005,0.0005,515,-0.027591380964883075,-7.28130984,stop_loss,1.435,-0.06,1.39,-0.02687445489835527,1.352,1.39,False,short_pullback_restart,1.0,True,1690484400000,1690515300000,"[{'amount': 195.0, 'safe_price': 1.354, 'ft_order_side': 'sell', 'order_filled_timestamp': 1690484400000, 'ft_is_entry': True, 'ft_order_tag': 'short_pullback_restart', 'cost': 264.162015}, {'amount': 195.0, 'safe_price': 1.39, 'ft_order_side': 'buy', 'order_filled_timestamp': 1690515300000, 'ft_is_entry': False, 'ft_order_tag': 'stop_loss', 'cost': 271.1855249999999}]",0.006230159379229501,4
raw_be_guard_profit_lock_3y,Raw + Breakeven + Guard + ProfitLock,3y,profit_lock,SUI/USDT:USDT,250.08944,250.08944,405.2,2023-07-30 20:00:00+00:00,2023-07-30 20:00:00+00:00,0.6172,0.6172,0.0005,0.0005,0,-0.0010005002501250625,-0.25008944,profit_lock_pullback_restart,0.6542,-0.06,0.6165,-0.04487849517031006,0.5901,0.6177,False,short_pullback_restart,1.0,True,1690747200000,1690747200000,"[{'amount': 405.2, 'safe_price': 0.6172, 'ft_order_side': 'sell', 'order_filled_timestamp': 1690747200000, 'ft_is_entry': True, 'ft_order_tag': 'short_pullback_restart', 'cost': 250.21448471999994}, {'amount': 405.2, 'safe_price': 0.6172, 'ft_order_side': 'buy', 'order_filled_timestamp': 1690747200000, 'ft_is_entry': False, 'ft_order_tag': 'profit_lock_pullback_restart', 'cost': 250.21448471999994}]",0.0,6
raw_be_guard_profit_lock_3y,Raw + Breakeven + Guard + ProfitLock,3y,profit_lock,ZEC/USDT:USDT,338.97136,338.97136,11.284,2023-07-30 07:00:00+00:00,2023-07-30 20:45:00+00:00,30.04,29.52,0.0005,0.0005,825,0.016527696256813315,5.59961447,profit_lock_pullback_restart,31.84,-0.06,30.0,-0.02388126919140232,28.61,30.28,False,short_pullback_restart,1.0,True,1690700400000,1690749900000,"[{'amount': 11.284, 'safe_price': 30.04, 'ft_order_side': 'sell', 'order_filled_timestamp': 1690700400000, 'ft_is_entry': True, 'ft_order_tag': 'short_pullback_restart', 'cost': 339.14084568}, {'amount': 11.284, 'safe_price': 29.52, 'ft_order_side': 'buy', 'order_filled_timestamp': 1690749900000, 'ft_is_entry': False, 'ft_order_tag': 'profit_lock_pullback_restart', 'cost': 333.27023183999995}]",0.06797198529576001,6
raw_be_guard_profit_lock_3y,Raw + Breakeven + Guard + ProfitLock,3y,profit_lock,NEAR/USDT:USDT,219.121,219.121,161.0,2023-07-31 20:00:00+00:00,2023-08-01 02:10:00+00:00,1.361,1.346,0.0005,0.0005,370,0.010132472555160756,2.2191274,profit_lock_compression_breakdown,1.442,-0.06,1.359,-0.032375854214123034,1.317,1.382,False,short_compression_breakdown,1.0,True,1690833600000,1690855800000,"[{'amount': 161.0, 'safe_price': 1.361, 'ft_order_side': 'sell', 'order_filled_timestamp': 1690833600000, 'ft_is_entry': True, 'ft_order_tag': 'short_compression_breakdown', 'cost': 219.2305605}, {'amount': 161.0, 'safe_price': 1.346, 'ft_order_side': 'buy', 'order_filled_timestamp': 1690855800000, 'ft_is_entry': False, 'ft_order_tag': 'profit_lock_compression_breakdown', 'cost': 216.814353}]",0.0220409,1
raw_be_guard_profit_lock_3y,Raw + Breakeven + Guard + ProfitLock,3y,profit_lock,ZEC/USDT:USDT,330.61314,330.61314,11.253,2023-08-04 09:00:00+00:00,2023-08-06 00:15:00+00:00,29.38,29.29,0.0005,0.0005,2355,0.002479639770958204,0.81939159,profit_lock_pullback_restart,31.14,-0.06,29.35,-0.020536161335187764,28.64,29.66,False,short_pullback_restart,1.0,True,1691139600000,1691280900000,"[{'amount': 11.253, 'safe_price': 29.38, 'ft_order_side': 'sell', 'order_filled_timestamp': 1691139600000, 'ft_is_entry': True, 'ft_order_tag': 'short_pullback_restart', 'cost': 330.77844656999997}, {'amount': 11.253, 'safe_price': 29.29, 'ft_order_side': 'buy', 'order_filled_timestamp': 1691280900000, 'ft_is_entry': False, 'ft_order_tag': 'profit_lock_pullback_restart', 'cost': 329.765170185}]",0.13672834883981774,6
raw_be_guard_profit_lock_3y,Raw + Breakeven + Guard + ProfitLock,3y,profit_lock,ETH/USDT:USDT,340.57575,340.57575,0.185,2023-08-02 15:00:00+00:00,2023-08-07 01:30:00+00:00,1840.95,1842.0,0.0005,0.0005,6390,-0.00034646297760255134,-0.11793789,stale_loss_72h,1951.4,-0.06,1868.78,-0.01548657815989607,1808.77,1858.9,False,short_pullback_restart,1.0,True,1690988400000,1691371800000,"[{'amount': 0.185, 'safe_price': 1840.95, 'ft_order_side': 'sell', 'order_filled_timestamp': 1690988400000, 'ft_is_entry': True, 'ft_order_tag': 'short_pullback_restart', 'cost': 340.746037875}, {'amount': 0.185, 'safe_price': 1842.0, 'ft_order_side': 'buy', 'order_filled_timestamp': 1691371800000, 'ft_is_entry': False, 'ft_order_tag': 'stale_loss_72h', 'cost': 340.94038499999994}]",0.41698498762284164,0
raw_be_guard_profit_lock_3y,Raw + Breakeven + Guard + ProfitLock,3y,profit_lock,ADA/USDT:USDT,341.8149,341.8149,1171.0,2023-08-06 14:00:00+00:00,2023-08-07 02:50:00+00:00,0.2919,0.2959,0.0005,0.0005,770,-0.014517619739132742,-4.95985757,stop_loss,0.3094,-0.06,0.2959,-0.014015187789169437,0.2903,0.2961,False,short_pullback_restart,1.0,True,1691330400000,1691376600000,"[{'amount': 1171.0, 'safe_price': 0.2919, 'ft_order_side': 'sell', 'order_filled_timestamp': 1691330400000, 'ft_is_entry': True, 'ft_order_tag': 'short_pullback_restart', 'cost': 341.9858074499999}, {'amount': 1171.0, 'safe_price': 0.2959, 'ft_order_side': 'buy', 'order_filled_timestamp': 1691376600000, 'ft_is_entry': False, 'ft_order_tag': 'stop_loss', 'cost': 346.67214944999995}]",0.068299330295,0
raw_be_guard_profit_lock_3y,Raw + Breakeven + Guard + ProfitLock,3y,profit_lock,NEAR/USDT:USDT,294.336,294.336,219.0,2023-08-06 14:00:00+00:00,2023-08-08 00:10:00+00:00,1.344,1.342,0.0005,0.0005,2050,0.0008570832831614765,0.25214433,trailing_stop_loss,1.424,-0.06,1.342,-0.02025531914893608,1.3,1.363,False,short_pullback_restart,1.0,True,1691330400000,1691453400000,"[{'amount': 219.0, 'safe_price': 1.344, 'ft_order_side': 'sell', 'order_filled_timestamp': 1691330400000, 'ft_is_entry': True, 'ft_order_tag': 'short_pullback_restart', 'cost': 294.483168}, {'amount': 219.0, 'safe_price': 1.342, 'ft_order_side': 'buy', 'order_filled_timestamp': 1691453400000, 'ft_is_entry': False, 'ft_order_tag': 'trailing_stop_loss', 'cost': 294.04494900000003}]",0.10826132657480941,1
raw_be_guard_profit_lock_3y,Raw + Breakeven + Guard + ProfitLock,3y,profit_lock,ADA/USDT:USDT,340.2135,340.2135,1185.0,2023-08-15 19:00:00+00:00,2023-08-15 19:05:00+00:00,0.2871,0.2864,0.0005,0.0005,5,0.0014401139963921353,0.48970125,profit_giveback_guard,0.3043,-0.06,0.2868,-0.05136693548387106,0.2728,0.2871,False,short_pullback_restart,1.0,True,1692126000000,1692126300000,"[{'amount': 1185.0, 'safe_price': 0.2871, 'ft_order_side': 'sell', 'order_filled_timestamp': 1692126000000, 'ft_is_entry': True, 'ft_order_tag': 'short_pullback_restart', 'cost': 340.38360675}, {'amount': 1185.0, 'safe_price': 0.2864, 'ft_order_side': 'buy', 'order_filled_timestamp': 1692126300000, 'ft_is_entry': False, 'ft_order_tag': 'profit_giveback_guard', 'cost': 339.55369199999996}]",0.0,1
raw_be_guard_profit_lock_3y,Raw + Breakeven + Guard + ProfitLock,3y,profit_lock,ZEC/USDT:USDT,320.5068,320.5068,12.004,2023-08-17 15:00:00+00:00,2023-08-17 16:30:00+00:00,26.7,26.67,0.0005,0.0005,90,0.00022277056131061784,0.07136378,trailing_stop_loss,28.3,-0.06,26.67,-0.020401683244070323,26.12,26.86,False,short_pullback_restart,1.0,True,1692284400000,1692289800000,"[{'amount': 12.004, 'safe_price': 26.7, 'ft_order_side': 'sell', 'order_filled_timestamp': 1692284400000, 'ft_is_entry': True, 'ft_order_tag': 'short_pullback_restart', 'cost': 320.6670534}, {'amount': 12.004, 'safe_price': 26.67, 'ft_order_side': 'buy', 'order_filled_timestamp': 1692289800000, 'ft_is_entry': False, 'ft_order_tag': 'trailing_stop_loss', 'cost': 320.30675334}]",0.031570520000000005,3
raw_be_guard_profit_lock_3y,Raw + Breakeven + Guard + ProfitLock,3y,profit_lock,BTC/USDT:USDT,312.3274,312.3274,0.011,2023-08-17 14:00:00+00:00,2023-08-17 21:40:00+00:00,28393.4,27566.1,0.0005,0.0005,460,0.028264089076806467,8.82323563,profit_giveback_guard,30097.0,-0.06,28365.0,-0.023748749413505577,24581.0,28500.0,False,short_compression_breakdown,1.0,True,1692280800000,1692308400000,"[{'amount': 0.011, 'safe_price': 28393.4, 'ft_order_side': 'sell', 'order_filled_timestamp': 1692280800000, 'ft_is_entry': True, 'ft_order_tag': 'short_compression_breakdown', 'cost': 312.4835637}, {'amount': 0.011, 'safe_price': 27566.1, 'ft_order_side': 'buy', 'order_filled_timestamp': 1692308400000, 'ft_is_entry': False, 'ft_order_tag': 'profit_giveback_guard', 'cost': 303.37871354999993}]",0.030712879999999998,3
raw_be_guard_profit_lock_3y,Raw + Breakeven + Guard + ProfitLock,3y,profit_lock,ETH/USDT:USDT,339.68968,339.68968,0.191,2023-08-17 15:00:00+00:00,2023-08-17 21:40:00+00:00,1778.48,1704.5,0.0005,0.0005,400,0.0407083219850371,13.82128277,profit_giveback_guard,1885.18,-0.06,1776.7,-0.024336560026290144,1492.66,1779.46,False,short_pullback_restart,1.0,True,1692284400000,1692308400000,"[{'amount': 0.191, 'safe_price': 1778.48, 'ft_order_side': 'sell', 'order_filled_timestamp': 1692284400000, 'ft_is_entry': True, 'ft_order_tag': 'short_pullback_restart', 'cost': 339.85952484}, {'amount': 0.191, 'safe_price': 1704.5, 'ft_order_side': 'buy', 'order_filled_timestamp': 1692308400000, 'ft_is_entry': False, 'ft_order_tag': 'profit_giveback_guard', 'cost': 325.72227975}]",0.023727362858271206,3
raw_be_guard_profit_lock_3y,Raw + Breakeven + Guard + ProfitLock,3y,profit_lock,XRP/USDT:USDT,224.3949,224.3949,391.0,2023-08-17 16:30:00+00:00,2023-08-17 21:40:00+00:00,0.5739,0.5492,0.0005,0.0005,310,0.04208141708073064,9.43813395,profit_giveback_guard,0.6083,-0.06,0.5733,-0.02306584582441107,0.4082,0.5796,False,short_pullback_restart,1.0,True,1692289800000,1692308400000,"[{'amount': 391.0, 'safe_price': 0.5739, 'ft_order_side': 'sell', 'order_filled_timestamp': 1692289800000, 'ft_is_entry': True, 'ft_order_tag': 'short_pullback_restart', 'cost': 224.50709744999997}, {'amount': 391.0, 'safe_price': 0.5492, 'ft_order_side': 'buy', 'order_filled_timestamp': 1692308400000, 'ft_is_entry': False, 'ft_order_tag': 'profit_giveback_guard', 'cost': 214.8445686}]",0.0,3
raw_be_guard_profit_lock_3y,Raw + Breakeven + Guard + ProfitLock,3y,profit_lock,BNB/USDT:USDT,94.3194,94.3194,0.42,2023-08-17 16:30:00+00:00,2023-08-17 21:40:00+00:00,224.57,221.75,0.0005,0.0005,310,0.011569395153113806,1.0906728,profit_giveback_guard,238.04,-0.06,224.34,-0.09741931223401656,204.43,226.66,False,short_pullback_restart,1.0,True,1692289800000,1692308400000,"[{'amount': 0.42, 'safe_price': 224.57, 'ft_order_side': 'sell', 'order_filled_timestamp': 1692289800000, 'ft_is_entry': True, 'ft_order_tag': 'short_pullback_restart', 'cost': 94.36655969999998}, {'amount': 0.42, 'safe_price': 221.75, 'ft_order_side': 'buy', 'order_filled_timestamp': 1692308400000, 'ft_is_entry': False, 'ft_order_tag': 'profit_giveback_guard', 'cost': 93.18156749999999}]",0.0,3
raw_be_guard_profit_lock_3y,Raw + Breakeven + Guard + ProfitLock,3y,profit_lock,LINK/USDT:USDT,351.8996,351.8996,57.35,2023-08-21 11:00:00+00:00,2023-08-21 15:25:00+00:00,6.136,6.121,0.0005,0.0005,265,0.0014465348853018357,0.50878053,profit_lock_pullback_restart,6.504,-0.06,6.129,-0.021643999999999997,6.0,6.233,False,short_pullback_restart,1.0,True,1692615600000,1692631500000,"[{'amount': 57.35, 'safe_price': 6.136, 'ft_order_side': 'sell', 'order_filled_timestamp': 1692615600000, 'ft_is_entry': True, 'ft_order_tag': 'short_pullback_restart', 'cost': 352.0755498}, {'amount': 57.35, 'safe_price': 6.121, 'ft_order_side': 'buy', 'order_filled_timestamp': 1692631500000, 'ft_is_entry': False, 'ft_order_tag': 'profit_lock_pullback_restart', 'cost': 351.214869675}]",0.0,0
raw_be_guard_profit_lock_3y,Raw + Breakeven + Guard + ProfitLock,3y,profit_lock,NEAR/USDT:USDT,227.6,227.6,200.0,2023-08-21 11:00:00+00:00,2023-08-21 15:25:00+00:00,1.138,1.136,0.0005,0.0005,265,0.0007587273425816599,0.1726,trailing_stop_loss,1.206,-0.06,1.136,-0.027904159132007056,1.106,1.154,False,short_pullback_restart,1.0,True,1692615600000,1692631500000,"[{'amount': 200.0, 'safe_price': 1.138, 'ft_order_side': 'sell', 'order_filled_timestamp': 1692615600000, 'ft_is_entry': True, 'ft_order_tag': 'short_pullback_restart', 'cost': 227.71379999999996}, {'amount': 200.0, 'safe_price': 1.136, 'ft_order_side': 'buy', 'order_filled_timestamp': 1692631500000, 'ft_is_entry': False, 'ft_order_tag': 'trailing_stop_loss', 'cost': 227.31359999999998}]",0.0,0
raw_be_guard_profit_lock_3y,Raw + Breakeven + Guard + ProfitLock,3y,profit_lock,XRP/USDT:USDT,352.08922,352.08922,686.2,2023-08-22 14:00:00+00:00,2023-08-22 18:35:00+00:00,0.5131,0.5117,0.0005,0.0005,275,0.0017017727152054156,0.59887624,profit_lock_pullback_restart,0.5438,-0.06,0.5237,-0.020705088888825163,0.5028,0.5171,False,short_pullback_restart,1.0,True,1692712800000,1692729300000,"[{'amount': 686.2, 'safe_price': 0.5131, 'ft_order_side': 'sell', 'order_filled_timestamp': 1692712800000, 'ft_is_entry': True, 'ft_order_tag': 'short_pullback_restart', 'cost': 352.26526461}, {'amount': 686.2, 'safe_price': 0.5117, 'ft_order_side': 'buy', 'order_filled_timestamp': 1692729300000, 'ft_is_entry': False, 'ft_order_tag': 'profit_lock_pullback_restart', 'cost': 351.30410427000004}]",-0.0101948763616392,1
raw_be_guard_profit_lock_3y,Raw + Breakeven + Guard + ProfitLock,3y,profit_lock,NEAR/USDT:USDT,230.109,230.109,209.0,2023-08-22 18:00:00+00:00,2023-08-22 20:45:00+00:00,1.101,1.137,0.0005,0.0005,165,-0.03373076183868501,-7.757871,stop_loss,1.167,-0.06,1.137,-0.03274851252445843,1.092,1.14,False,short_pullback_restart,1.0,True,1692727200000,1692737100000,"[{'amount': 209.0, 'safe_price': 1.101, 'ft_order_side': 'sell', 'order_filled_timestamp': 1692727200000, 'ft_is_entry': True, 'ft_order_tag': 'short_pullback_restart', 'cost': 230.2240545}, {'amount': 209.0, 'safe_price': 1.137, 'ft_order_side': 'buy', 'order_filled_timestamp': 1692737100000, 'ft_is_entry': False, 'ft_order_tag': 'stop_loss', 'cost': 237.7518165}]",0.0,1
raw_be_guard_profit_lock_3y,Raw + Breakeven + Guard + ProfitLock,3y,profit_lock,ZEC/USDT:USDT,222.46632,222.46632,9.036,2023-08-24 15:00:00+00:00,2023-08-24 22:50:00+00:00,24.62,24.52,0.0005,0.0005,470,0.0029240814736469375,0.65018439,profit_lock_pullback_restart,26.09,-0.06,24.59,-0.024380674718867068,24.01,24.73,False,short_pullback_restart,1.0,True,1692889200000,1692917400000,"[{'amount': 9.036, 'safe_price': 24.62, 'ft_order_side': 'sell', 'order_filled_timestamp': 1692889200000, 'ft_is_entry': True, 'ft_order_tag': 'short_pullback_restart', 'cost': 222.57755315999998}, {'amount': 9.036, 'safe_price': 24.52, 'ft_order_side': 'buy', 'order_filled_timestamp': 1692917400000, 'ft_is_entry': False, 'ft_order_tag': 'profit_lock_pullback_restart', 'cost': 221.67350135999996}]",-0.0314010885384,3
raw_be_guard_profit_lock_3y,Raw + Breakeven + Guard + ProfitLock,3y,profit_lock,ADA/USDT:USDT,222.9992,222.9992,863.0,2023-08-26 09:00:00+00:00,2023-08-26 21:50:00+00:00,0.2584,0.2615,0.0005,0.0005,770,-0.013108860357733764,-2.92180374,stop_loss,0.2739,-0.06,0.2615,-0.01219574364346232,0.258,0.2616,False,short_pullback_restart,1.0,True,1693040400000,1693086600000,"[{'amount': 863.0, 'safe_price': 0.2584, 'ft_order_side': 'sell', 'order_filled_timestamp': 1693040400000, 'ft_is_entry': True, 'ft_order_tag': 'short_pullback_restart', 'cost': 223.1106996}, {'amount': 863.0, 'safe_price': 0.2615, 'ft_order_side': 'buy', 'order_filled_timestamp': 1693086600000, 'ft_is_entry': False, 'ft_order_tag': 'stop_loss', 'cost': 225.78733724999998}]",-0.022166893728000004,5
raw_be_guard_profit_lock_3y,Raw + Breakeven + Guard + ProfitLock,3y,profit_lock,SOL/USDT:USDT,196.38675,196.38675,9.25,2023-08-24 15:00:00+00:00,2023-08-27 10:50:00+00:00,21.231,20.701,0.0005,0.0005,4070,0.022835343624046576,4.48231664,profit_giveback_guard,22.504,-0.06,21.209,-0.026212937874975806,20.077,21.332,False,short_pullback_restart,1.0,True,1692889200000,1693133400000,"[{'amount': 9.25, 'safe_price': 21.231, 'ft_order_side': 'sell', 'order_filled_timestamp': 1692889200000, 'ft_is_entry': True, 'ft_order_tag': 'short_pullback_restart', 'cost': 196.484943375}, {'amount': 9.25, 'safe_price': 20.701, 'ft_order_side': 'buy', 'order_filled_timestamp': 1693133400000, 'ft_is_entry': False, 'ft_order_tag': 'profit_giveback_guard', 'cost': 191.579992125}]",-0.22624785933783867,6
raw_be_guard_profit_lock_3y,Raw + Breakeven + Guard + ProfitLock,3y,profit_lock,ETH/USDT:USDT,348.75484,348.75484,0.212,2023-08-24 15:00:00+00:00,2023-08-27 15:05:00+00:00,1645.07,1658.32,0.0005,0.0005,4325,-0.009128082326959885,-3.18187116,stale_loss_72h,1743.77,-0.06,1680.21,-0.021364034376196717,1631.66,1676.73,False,short_pullback_restart,1.0,True,1692889200000,1693148700000,"[{'amount': 0.212, 'safe_price': 1645.07, 'ft_order_side': 'sell', 'order_filled_timestamp': 1692889200000, 'ft_is_entry': True, 'ft_order_tag': 'short_pullback_restart', 'cost': 348.92921742}, {'amount': 0.212, 'safe_price': 1658.32, 'ft_order_side': 'buy', 'order_filled_timestamp': 1693148700000, 'ft_is_entry': False, 'ft_order_tag': 'stale_loss_72h', 'cost': 351.73962191999993}]",-0.022711819646886178,6
raw_be_guard_profit_lock_3y,Raw + Breakeven + Guard + ProfitLock,3y,profit_lock,DOGE/USDT:USDT,231.35522,231.35522,3694.0,2023-08-24 15:00:00+00:00,2023-08-27 15:05:00+00:00,0.06263,0.06345,0.0005,0.0005,4325,-0.013791272189171712,-3.18908747,stale_loss_72h,0.06638,-0.06,0.06408,-0.023232618041375774,0.0616,0.06376,False,short_pullback_restart,1.0,True,1692889200000,1693148700000,"[{'amount': 3694.0, 'safe_price': 0.06263, 'ft_order_side': 'sell', 'order_filled_timestamp': 1692889200000, 'ft_is_entry': True, 'ft_order_tag': 'short_pullback_restart', 'cost': 231.47089761}, {'amount': 3694.0, 'safe_price': 0.06345, 'ft_order_side': 'buy', 'order_filled_timestamp': 1693148700000, 'ft_is_entry': False, 'ft_order_tag': 'stale_loss_72h', 'cost': 234.50149215000002}]",0.0728622923616494,6
raw_be_guard_profit_lock_3y,Raw + Breakeven + Guard + ProfitLock,3y,profit_lock,NEAR/USDT:USDT,52.118,52.118,46.0,2023-09-01 15:00:00+00:00,2023-09-01 18:50:00+00:00,1.133,1.13,0.0005,0.0005,230,0.001549112750473245,0.08069629,profit_lock_compression_breakdown,1.2,-0.06,1.163,-0.02728852527076331,1.112,1.144,False,short_compression_breakdown,1.0,True,1693580400000,1693594200000,"[{'amount': 46.0, 'safe_price': 1.133, 'ft_order_side': 'sell', 'order_filled_timestamp': 1693580400000, 'ft_is_entry': True, 'ft_order_tag': 'short_compression_breakdown', 'cost': 52.144059}, {'amount': 46.0, 'safe_price': 1.13, 'ft_order_side': 'buy', 'order_filled_timestamp': 1693594200000, 'ft_is_entry': False, 'ft_order_tag': 'profit_lock_compression_breakdown', 'cost': 52.00599}]",-0.0052547127947964,4
raw_be_guard_profit_lock_3y,Raw + Breakeven + Guard + ProfitLock,3y,profit_lock,SOL/USDT:USDT,246.43728,246.43728,12.72,2023-09-01 15:00:00+00:00,2023-09-01 18:55:00+00:00,19.374,19.313,0.0005,0.0005,235,0.00220326824625259,0.54269595,profit_lock_compression_breakdown,20.536,-0.06,19.96,-0.030265183545763685,19.009,19.628,False,short_compression_breakdown,1.0,True,1693580400000,1693594500000,"[{'amount': 12.72, 'safe_price': 19.374, 'ft_order_side': 'sell', 'order_filled_timestamp': 1693580400000, 'ft_is_entry': True, 'ft_order_tag': 'short_compression_breakdown', 'cost': 246.56049863999996}, {'amount': 12.72, 'safe_price': 19.313, 'ft_order_side': 'buy', 'order_filled_timestamp': 1693594500000, 'ft_is_entry': False, 'ft_order_tag': 'profit_lock_compression_breakdown', 'cost': 245.78419068}]",0.012825270073824,4
raw_be_guard_profit_lock_3y,Raw + Breakeven + Guard + ProfitLock,3y,profit_lock,ETH/USDT:USDT,347.14953,347.14953,0.213,2023-09-01 15:00:00+00:00,2023-09-01 20:20:00+00:00,1629.81,1623.48,0.0005,0.0005,320,0.002911917857004527,1.01036548,profit_lock_compression_breakdown,1727.59,-0.06,1653.96,-0.014823271553701112,1601.22,1641.94,False,short_compression_breakdown,1.0,True,1693580400000,1693599600000,"[{'amount': 0.213, 'safe_price': 1629.81, 'ft_order_side': 'sell', 'order_filled_timestamp': 1693580400000, 'ft_is_entry': True, 'ft_order_tag': 'short_compression_breakdown', 'cost': 347.3231047649999}, {'amount': 0.213, 'safe_price': 1623.48, 'ft_order_side': 'buy', 'order_filled_timestamp': 1693599600000, 'ft_is_entry': False, 'ft_order_tag': 'profit_lock_compression_breakdown', 'cost': 345.97414062}]",0.008550861334032572,4
raw_be_guard_profit_lock_3y,Raw + Breakeven + Guard + ProfitLock,3y,profit_lock,XRP/USDT:USDT,348.20298,348.20298,694.6,2023-09-01 15:00:00+00:00,2023-09-01 20:20:00+00:00,0.5013,0.4958,0.0005,0.0005,320,0.010006763274674438,3.4826426,profit_lock_compression_breakdown,0.5313,-0.06,0.5007,-0.02496663937781407,0.4863,0.5041,False,short_compression_breakdown,1.0,True,1693580400000,1693599600000,"[{'amount': 694.6, 'safe_price': 0.5013, 'ft_order_side': 'sell', 'order_filled_timestamp': 1693580400000, 'ft_is_entry': True, 'ft_order_tag': 'short_compression_breakdown', 'cost': 348.37708148999997}, {'amount': 694.6, 'safe_price': 0.4958, 'ft_order_side': 'buy', 'order_filled_timestamp': 1693599600000, 'ft_is_entry': False, 'ft_order_tag': 'profit_lock_compression_breakdown', 'cost': 344.55487134000003}]",0.008635433904,4
raw_be_guard_profit_lock_3y,Raw + Breakeven + Guard + ProfitLock,3y,profit_lock,LINK/USDT:USDT,53.19,53.19,9.0,2023-09-01 18:50:00+00:00,2023-09-03 04:10:00+00:00,5.91,6.04,0.0005,0.0005,2000,-0.023101527451072783,-1.22815586,stop_loss,6.264,-0.06,6.04,-0.022039613546251946,5.862,6.04,False,short_pullback_restart,1.0,True,1693594200000,1693714200000,"[{'amount': 9.0, 'safe_price': 5.91, 'ft_order_side': 'sell', 'order_filled_timestamp': 1693594200000, 'ft_is_entry': True, 'ft_order_tag': 'short_pullback_restart', 'cost': 53.216595}, {'amount': 9.0, 'safe_price': 6.04, 'ft_order_side': 'buy', 'order_filled_timestamp': 1693714200000, 'ft_is_entry': False, 'ft_order_tag': 'stop_loss', 'cost': 54.387179999999994}]",-0.0043808565101688,6
raw_be_guard_profit_lock_3y,Raw + Breakeven + Guard + ProfitLock,3y,profit_lock,DOGE/USDT:USDT,349.52151,349.52151,5613.0,2023-09-04 22:00:00+00:00,2023-09-05 02:45:00+00:00,0.06227,0.06352,0.0005,0.0005,285,-0.02105257855095173,-7.35464988,stop_loss,0.066,-0.06,0.06352,-0.020177478523799586,0.06218,0.06354,False,short_pullback_restart,1.0,True,1693864800000,1693881900000,"[{'amount': 5613.0, 'safe_price': 0.06227, 'ft_order_side': 'sell', 'order_filled_timestamp': 1693864800000, 'ft_is_entry': True, 'ft_order_tag': 'short_pullback_restart', 'cost': 349.69627075499994}, {'amount': 5613.0, 'safe_price': 0.06352, 'ft_order_side': 'buy', 'order_filled_timestamp': 1693881900000, 'ft_is_entry': False, 'ft_order_tag': 'stop_loss', 'cost': 356.7160288799999}]",0.014629754493597602,1
raw_be_guard_profit_lock_3y,Raw + Breakeven + Guard + ProfitLock,3y,profit_lock,BTC/USDT:USDT,333.6333,333.6333,0.013,2023-09-04 22:00:00+00:00,2023-09-06 17:55:00+00:00,25664.1,25981.6,0.0005,0.0005,2635,-0.013319072265917425,-4.44146419,trailing_stop_loss,27203.9,-0.06,25981.6,-0.00869225474904689,25326.0,26052.0,False,short_pullback_restart,1.0,True,1693864800000,1694022900000,"[{'amount': 0.013, 'safe_price': 25664.1, 'ft_order_side': 'sell', 'order_filled_timestamp': 1693864800000, 'ft_is_entry': True, 'ft_order_tag': 'short_pullback_restart', 'cost': 333.80011664999995}, {'amount': 0.013, 'safe_price': 25981.6, 'ft_order_side': 'buy', 'order_filled_timestamp': 1694022900000, 'ft_is_entry': False, 'ft_order_tag': 'trailing_stop_loss', 'cost': 337.92968039999994}]",0.021732855232675177,2
raw_be_guard_profit_lock_3y,Raw + Breakeven + Guard + ProfitLock,3y,profit_lock,XRP/USDT:USDT,346.99546,346.99546,695.8,2023-09-06 15:00:00+00:00,2023-09-07 21:05:00+00:00,0.4987,0.5056,0.0005,0.0005,1805,-0.014516404806223232,-5.034608,stop_loss,0.5286,-0.06,0.5056,-0.013839988257188462,0.4907,0.506,False,short_pullback_restart,1.0,True,1694012400000,1694120700000,"[{'amount': 695.8, 'safe_price': 0.4987, 'ft_order_side': 'sell', 'order_filled_timestamp': 1694012400000, 'ft_is_entry': True, 'ft_order_tag': 'short_pullback_restart', 'cost': 347.16895773}, {'amount': 695.8, 'safe_price': 0.5056, 'ft_order_side': 'buy', 'order_filled_timestamp': 1694120700000, 'ft_is_entry': False, 'ft_order_tag': 'stop_loss', 'cost': 351.97237824}]",0.11580797080482727,3
raw_be_guard_profit_lock_3y,Raw + Breakeven + Guard + ProfitLock,3y,profit_lock,SUI/USDT:USDT,153.17742,153.17742,349.8,2023-09-11 09:00:00+00:00,2023-09-11 10:00:00+00:00,0.4379,0.4344,0.0005,0.0005,60,0.007000188836139924,1.07173473,profit_lock_compression_breakdown,0.4641,-0.06,0.4374,-0.04132849321590104,0.4201,0.4399,False,short_compression_breakdown,1.0,True,1694422800000,1694426400000,"[{'amount': 349.8, 'safe_price': 0.4379, 'ft_order_side': 'sell', 'order_filled_timestamp': 1694422800000, 'ft_is_entry': True, 'ft_order_tag': 'short_compression_breakdown', 'cost': 153.25400871}, {'amount': 349.8, 'safe_price': 0.4344, 'ft_order_side': 'buy', 'order_filled_timestamp': 1694426400000, 'ft_is_entry': False, 'ft_order_tag': 'profit_lock_compression_breakdown', 'cost': 152.02909656}]",0.0,0
raw_be_guard_profit_lock_3y,Raw + Breakeven + Guard + ProfitLock,3y,profit_lock,SUI/USDT:USDT,249.77304,249.77304,568.7,2023-09-17 17:00:00+00:00,2023-09-17 20:00:00+00:00,0.4392,0.4387,0.0005,0.0005,180,0.0001390722483464371,0.03471913,profit_lock_compression_breakdown,0.4655,-0.06,0.4387,-0.03897892493488042,0.4223,0.4413,False,short_compression_breakdown,1.0,True,1694970000000,1694980800000,"[{'amount': 568.7, 'safe_price': 0.4392, 'ft_order_side': 'sell', 'order_filled_timestamp': 1694970000000, 'ft_is_entry': True, 'ft_order_tag': 'short_compression_breakdown', 'cost': 249.89792652}, {'amount': 568.7, 'safe_price': 0.4387, 'ft_order_side': 'buy', 'order_filled_timestamp': 1694980800000, 'ft_is_entry': False, 'ft_order_tag': 'profit_lock_compression_breakdown', 'cost': 249.613434345}]",0.0,6
raw_be_guard_profit_lock_3y,Raw + Breakeven + Guard + ProfitLock,3y,profit_lock,ADA/USDT:USDT,344.0115,344.0115,1407.0,2023-09-26 16:00:00+00:00,2023-09-27 11:10:00+00:00,0.2445,0.2469,0.0005,0.0005,1150,-0.010547163402244914,-3.62653133,trailing_stop_loss,0.2591,-0.06,0.2469,-0.007444405740545612,0.2428,0.2469,False,short_pullback_restart,1.0,True,1695744000000,1695813000000,"[{'amount': 1407.0, 'safe_price': 0.2445, 'ft_order_side': 'sell', 'order_filled_timestamp': 1695744000000, 'ft_is_entry': True, 'ft_order_tag': 'short_pullback_restart', 'cost': 344.18350575}, {'amount': 1407.0, 'safe_price': 0.2469, 'ft_order_side': 'buy', 'order_filled_timestamp': 1695813000000, 'ft_is_entry': False, 'ft_order_tag': 'trailing_stop_loss', 'cost': 347.56199415}]",0.09596857146181201,2
raw_be_guard_profit_lock_3y,Raw + Breakeven + Guard + ProfitLock,3y,profit_lock,TRX/USDT:USDT,342.81602,342.81602,3851.0,2023-09-30 00:00:00+00:00,2023-10-02 18:35:00+00:00,0.08902,0.08725,0.0005,0.0005,3995,-0.01896441571558231,-6.50455617,stop_loss,0.08368,-0.06,0.08725,-0.019889932245491515,0.08682,0.09058,False,long_1d_center_compression,1.0,False,1696032000000,1696271700000,"[{'amount': 3851.0, 'safe_price': 0.08902, 'ft_order_side': 'buy', 'order_filled_timestamp': 1696032000000, 'ft_is_entry': True, 'ft_order_tag': 'long_1d_center_compression', 'cost': 342.98742801}, {'amount': 3851.0, 'safe_price': 0.08725, 'ft_order_side': 'sell', 'order_filled_timestamp': 1696271700000, 'ft_is_entry': False, 'ft_order_tag': 'stop_loss', 'cost': 336.16774987499997}]",0.6511217120094589,0
raw_be_guard_profit_lock_3y,Raw + Breakeven + Guard + ProfitLock,3y,profit_lock,SUI/USDT:USDT,291.0765,291.0765,678.5,2023-10-09 09:00:00+00:00,2023-10-09 09:00:00+00:00,0.429,0.429,0.0005,0.0005,0,-0.0010005002501250627,-0.2910765,profit_giveback_guard,0.4547,-0.06,0.4285,-0.07925207756232688,0.3971,0.43,False,short_pullback_restart,1.0,True,1696842000000,1696842000000,"[{'amount': 678.5, 'safe_price': 0.429, 'ft_order_side': 'sell', 'order_filled_timestamp': 1696842000000, 'ft_is_entry': True, 'ft_order_tag': 'short_pullback_restart', 'cost': 291.22203824999997}, {'amount': 678.5, 'safe_price': 0.429, 'ft_order_side': 'buy', 'order_filled_timestamp': 1696842000000, 'ft_is_entry': False, 'ft_order_tag': 'profit_giveback_guard', 'cost': 291.22203824999997}]",0.0,0
raw_be_guard_profit_lock_3y,Raw + Breakeven + Guard + ProfitLock,3y,profit_lock,BNB/USDT:USDT,340.0788,340.0788,1.67,2023-10-12 10:00:00+00:00,2023-10-12 11:50:00+00:00,203.64,206.99,0.0005,0.0005,110,-0.01746755817508047,-5.93737605,stop_loss,215.85,-0.06,206.99,-0.01647018285753976,203.34,207.47,False,short_pullback_restart,1.0,True,1697104800000,1697111400000,"[{'amount': 1.67, 'safe_price': 203.64, 'ft_order_side': 'sell', 'order_filled_timestamp': 1697104800000, 'ft_is_entry': True, 'ft_order_tag': 'short_pullback_restart', 'cost': 340.24883939999995}, {'amount': 1.67, 'safe_price': 206.99, 'ft_order_side': 'buy', 'order_filled_timestamp': 1697111400000, 'ft_is_entry': False, 'ft_order_tag': 'stop_loss', 'cost': 345.84613664999995}]",0.0,3
raw_be_guard_profit_lock_3y,Raw + Breakeven + Guard + ProfitLock,3y,profit_lock,XRP/USDT:USDT,264.91806,264.91806,556.2,2023-10-12 09:00:00+00:00,2023-10-13 20:50:00+00:00,0.4763,0.4894,0.0005,0.0005,2150,-0.02818383274113729,-7.46267309,stop_loss,0.5048,-0.06,0.4894,-0.027540589440101737,0.4715,0.49,False,short_pullback_restart,1.0,True,1697101200000,1697230200000,"[{'amount': 556.2, 'safe_price': 0.4763, 'ft_order_side': 'sell', 'order_filled_timestamp': 1697101200000, 'ft_is_entry': True, 'ft_order_tag': 'short_pullback_restart', 'cost': 265.05051903000003}, {'amount': 556.2, 'safe_price': 0.4894, 'ft_order_side': 'buy', 'order_filled_timestamp': 1697230200000, 'ft_is_entry': False, 'ft_order_tag': 'stop_loss', 'cost': 272.34038214000003}]",0.09210807955759286,4
raw_be_guard_profit_lock_3y,Raw + Breakeven + Guard + ProfitLock,3y,profit_lock,ETH/USDT:USDT,339.0156,339.0156,0.22,2023-10-12 10:00:00+00:00,2023-10-13 21:00:00+00:00,1540.98,1570.34,0.0005,0.0005,2100,-0.019902485922781436,-6.74387958,stop_loss,1633.43,-0.06,1570.34,-0.019058650354603968,1514.5,1575.53,False,short_pullback_restart,1.0,True,1697104800000,1697230800000,"[{'amount': 0.22, 'safe_price': 1540.98, 'ft_order_side': 'sell', 'order_filled_timestamp': 1697104800000, 'ft_is_entry': True, 'ft_order_tag': 'short_pullback_restart', 'cost': 339.18510779999997}, {'amount': 0.22, 'safe_price': 1570.34, 'ft_order_side': 'buy', 'order_filled_timestamp': 1697230800000, 'ft_is_entry': False, 'ft_order_tag': 'stop_loss', 'cost': 345.6475373999999}]",0.05756561932452731,4
raw_be_guard_profit_lock_3y,Raw + Breakeven + Guard + ProfitLock,3y,profit_lock,ADA/USDT:USDT,28.7566,28.7566,118.0,2023-10-12 10:00:00+00:00,2023-10-13 21:00:00+00:00,0.2437,0.2483,0.0005,0.0005,2100,-0.01961621463660201,-0.56381359,stop_loss,0.2583,-0.06,0.2483,-0.01918494500828216,0.2417,0.2496,False,short_pullback_restart,1.0,True,1697104800000,1697230800000,"[{'amount': 118.0, 'safe_price': 0.2437, 'ft_order_side': 'sell', 'order_filled_timestamp': 1697104800000, 'ft_is_entry': True, 'ft_order_tag': 'short_pullback_restart', 'cost': 28.770978299999996}, {'amount': 118.0, 'safe_price': 0.2483, 'ft_order_side': 'buy', 'order_filled_timestamp': 1697230800000, 'ft_is_entry': False, 'ft_order_tag': 'stop_loss', 'cost': 29.314049699999998}]",0.0080144124642578,4
raw_be_guard_profit_lock_3y,Raw + Breakeven + Guard + ProfitLock,3y,profit_lock,BTC/USDT:USDT,330.74,330.74,0.01,2023-10-24 00:00:00+00:00,2023-10-24 06:00:00+00:00,33074.0,33902.3,0.0005,0.0005,360,0.023919357791020435,7.91504394,profit_giveback_guard,31089.6,-0.06,33107.1,-0.02180310237849037,32833.5,35300.0,False,long_1d_center_compression,1.0,False,1698105600000,1698127200000,"[{'amount': 0.01, 'safe_price': 33074.0, 'ft_order_side': 'buy', 'order_filled_timestamp': 1698105600000, 'ft_is_entry': True, 'ft_order_tag': 'long_1d_center_compression', 'cost': 330.90537}, {'amount': 0.01, 'safe_price': 33902.3, 'ft_order_side': 'sell', 'order_filled_timestamp': 1698127200000, 'ft_is_entry': False, 'ft_order_tag': 'profit_giveback_guard', 'cost': 339.1925115}]",-0.033074564945050004,1
raw_be_guard_profit_lock_3y,Raw + Breakeven + Guard + ProfitLock,3y,profit_lock,TRX/USDT:USDT,333.30393,333.30393,3753.0,2023-10-17 00:00:00+00:00,2023-11-01 08:10:00+00:00,0.08881,0.09801,0.0005,0.0005,22090,0.10000468060328081,33.34861904,roi,0.08349,-0.06,0.0889,-0.020614630384488408,0.08715,0.09829,False,long_1d_center_compression,1.0,False,1697500800000,1698826200000,"[{'amount': 3753.0, 'safe_price': 0.08881, 'ft_order_side': 'buy', 'order_filled_timestamp': 1697500800000, 'ft_is_entry': True, 'ft_order_tag': 'long_1d_center_compression', 'cost': 333.47058196499995}, {'amount': 3753.0, 'safe_price': 0.09801, 'ft_order_side': 'sell', 'order_filled_timestamp': 1698826200000, 'ft_is_entry': False, 'ft_order_tag': 'roi', 'cost': 368.015445765}]",-0.8284132304772228,2
raw_be_guard_profit_lock_3y,Raw + Breakeven + Guard + ProfitLock,3y,profit_lock,BTC/USDT:USDT,318.9375,318.9375,0.009,2023-11-02 00:00:00+00:00,2023-11-02 13:40:00+00:00,35437.5,34728.7,0.0005,0.0005,820,-0.021180377571355415,-6.75859428,stop_loss,33311.3,-0.06,34728.7,-0.02000275573192245,34544.6,35999.9,False,long_1d_center_compression,1.0,False,1698883200000,1698932400000,"[{'amount': 0.009, 'safe_price': 35437.5, 'ft_order_side': 'buy', 'order_filled_timestamp': 1698883200000, 'ft_is_entry': True, 'ft_order_tag': 'long_1d_center_compression', 'cost': 319.09696875}, {'amount': 0.009, 'safe_price': 34728.7, 'ft_order_side': 'sell', 'order_filled_timestamp': 1698932400000, 'ft_is_entry': False, 'ft_order_tag': 'stop_loss', 'cost': 312.71457914999996}]",-0.06364638,3
raw_be_guard_profit_lock_3y,Raw + Breakeven + Guard + ProfitLock,3y,profit_lock,ADA/USDT:USDT,345.2844,345.2844,1068.0,2023-11-03 00:00:00+00:00,2023-11-03 01:15:00+00:00,0.3233,0.3169,0.0005,0.0005,75,-0.020875481258317796,-7.21158201,stop_loss,0.304,-0.06,0.3169,-0.01999999154583787,0.3141,0.3271,False,long_1d_center_compression,1.0,False,1698969600000,1698974100000,"[{'amount': 1068.0, 'safe_price': 0.3233, 'ft_order_side': 'buy', 'order_filled_timestamp': 1698969600000, 'ft_is_entry': True, 'ft_order_tag': 'long_1d_center_compression', 'cost': 345.45704219999993}, {'amount': 1068.0, 'safe_price': 0.3169, 'ft_order_side': 'sell', 'order_filled_timestamp': 1698974100000, 'ft_is_entry': False, 'ft_order_tag': 'stop_loss', 'cost': 338.6184246}]",-0.034515211752,4
raw_be_guard_profit_lock_3y,Raw + Breakeven + Guard + ProfitLock,3y,profit_lock,LDO/USDT:USDT,341.8128,341.8128,168.0,2023-11-05 00:00:00+00:00,2023-11-05 06:50:00+00:00,2.0346,1.9939,0.0005,0.0005,410,-0.021275812045529665,-7.27598106,stop_loss,1.9126,-0.06,1.9939,-0.02004813838588637,1.9933,2.048,False,long_1d_center_compression,1.0,False,1699142400000,1699167000000,"[{'amount': 168.0, 'safe_price': 2.0346, 'ft_order_side': 'buy', 'order_filled_timestamp': 1699142400000, 'ft_is_entry': True, 'ft_order_tag': 'long_1d_center_compression', 'cost': 341.9837064}, {'amount': 168.0, 'safe_price': 1.9939, 'ft_order_side': 'sell', 'order_filled_timestamp': 1699167000000, 'ft_is_entry': False, 'ft_order_tag': 'stop_loss', 'cost': 335.14268759999993}]",-0.0999870624988872,6
raw_be_guard_profit_lock_3y,Raw + Breakeven + Guard + ProfitLock,3y,profit_lock,DOGE/USDT:USDT,340.18993,340.18993,4451.0,2023-11-07 00:00:00+00:00,2023-11-07 00:30:00+00:00,0.07643,0.07491,0.0005,0.0005,30,-0.020967051464794807,-7.13634616,stop_loss,0.07185,-0.06,0.07491,-0.019999973876585808,0.07453,0.07654,False,long_1d_center_compression,1.0,False,1699315200000,1699317000000,"[{'amount': 4451.0, 'safe_price': 0.07643, 'ft_order_side': 'buy', 'order_filled_timestamp': 1699315200000, 'ft_is_entry': True, 'ft_order_tag': 'long_1d_center_compression', 'cost': 340.360024965}, {'amount': 4451.0, 'safe_price': 0.07491, 'ft_order_side': 'sell', 'order_filled_timestamp': 1699317000000, 'ft_is_entry': False, 'ft_order_tag': 'stop_loss', 'cost': 333.591122205}]",-0.034018993,1
raw_be_guard_profit_lock_3y,Raw + Breakeven + Guard + ProfitLock,3y,profit_lock,LTC/USDT:USDT,340.1942,340.1942,4.748,2023-11-06 00:00:00+00:00,2023-11-07 15:30:00+00:00,71.65,71.73,0.0005,0.0005,2370,-0.000393617782891718,-0.13397344,trailing_stop_loss,67.36,-0.06,71.73,-0.0200621669626998,70.8,75.0,False,long_1d_center_compression,1.0,False,1699228800000,1699371000000,"[{'amount': 4.748, 'safe_price': 71.65, 'ft_order_side': 'buy', 'order_filled_timestamp': 1699228800000, 'ft_is_entry': True, 'ft_order_tag': 'long_1d_center_compression', 'cost': 340.3642971}, {'amount': 4.748, 'safe_price': 71.73, 'ft_order_side': 'sell', 'order_filled_timestamp': 1699371000000, 'ft_is_entry': False, 'ft_order_tag': 'trailing_stop_loss', 'cost': 340.74432702}]",-0.17342931860283603,1
raw_be_guard_profit_lock_3y,Raw + Breakeven + Guard + ProfitLock,3y,profit_lock,ETH/USDT:USDT,337.54428,337.54428,0.159,2023-11-10 00:00:00+00:00,2023-11-10 12:10:00+00:00,2122.92,2080.47,0.0005,0.0005,730,-0.021661210467422,-7.3152735,stop_loss,1995.55,-0.06,2080.47,-0.019999967063349056,2075.5,2139.6,False,long_1d_center_compression,1.0,False,1699574400000,1699618200000,"[{'amount': 0.159, 'safe_price': 2122.92, 'ft_order_side': 'buy', 'order_filled_timestamp': 1699574400000, 'ft_is_entry': True, 'ft_order_tag': 'long_1d_center_compression', 'cost': 337.71305214}, {'amount': 0.159, 'safe_price': 2080.47, 'ft_order_side': 'sell', 'order_filled_timestamp': 1699618200000, 'ft_is_entry': False, 'ft_order_tag': 'stop_loss', 'cost': 330.96012736499995}]",-0.23155399034822582,4
raw_be_guard_profit_lock_3y,Raw + Breakeven + Guard + ProfitLock,3y,profit_lock,BTC/USDT:USDT,330.4764,330.4764,0.009,2023-11-10 00:00:00+00:00,2023-11-11 22:10:00+00:00,36719.6,36756.4,0.0005,0.0005,2770,-0.0007320074426125318,-0.24203214,trailing_stop_loss,34516.5,-0.06,36756.4,-0.021657716262975857,36350.0,37570.0,False,long_1d_center_compression,1.0,False,1699574400000,1699740600000,"[{'amount': 0.009, 'safe_price': 36719.6, 'ft_order_side': 'buy', 'order_filled_timestamp': 1699574400000, 'ft_is_entry': True, 'ft_order_tag': 'long_1d_center_compression', 'cost': 330.64163819999993}, {'amount': 0.009, 'safe_price': 36756.4, 'ft_order_side': 'sell', 'order_filled_timestamp': 1699740600000, 'ft_is_entry': False, 'ft_order_tag': 'trailing_stop_loss', 'cost': 330.97300379999996}]",-0.24259013557528958,5
raw_be_guard_profit_lock_3y,Raw + Breakeven + Guard + ProfitLock,3y,profit_lock,NEAR/USDT:USDT,333.826,333.826,166.0,2023-12-03 00:00:00+00:00,2023-12-03 04:45:00+00:00,2.011,1.971,0.0005,0.0005,285,-0.020970125794256,-7.0038734,stop_loss,1.891,-0.06,1.971,-0.019999992545121748,1.966,2.014,False,long_1d_center_compression,1.0,False,1701561600000,1701578700000,"[{'amount': 166.0, 'safe_price': 2.011, 'ft_order_side': 'buy', 'order_filled_timestamp': 1701561600000, 'ft_is_entry': True, 'ft_order_tag': 'long_1d_center_compression', 'cost': 333.992913}, {'amount': 166.0, 'safe_price': 1.971, 'ft_order_side': 'sell', 'order_filled_timestamp': 1701578700000, 'ft_is_entry': False, 'ft_order_tag': 'stop_loss', 'cost': 327.349593}]",-0.033367404526,6
raw_be_guard_profit_lock_3y,Raw + Breakeven + Guard + ProfitLock,3y,profit_lock,AVAX/USDT:USDT,328.11,328.11,15.0,2023-12-02 00:00:00+00:00,2023-12-03 10:20:00+00:00,21.874,21.983,0.0005,0.0005,2060,0.003336347735430996,1.0952364,profit_lock_long_center,20.562,-0.06,21.896,-0.021107206723891436,21.758,22.77,False,long_1d_center_compression,1.0,False,1701475200000,1701598800000,"[{'amount': 15.0, 'safe_price': 21.874, 'ft_order_side': 'buy', 'order_filled_timestamp': 1701475200000, 'ft_is_entry': True, 'ft_order_tag': 'long_1d_center_compression', 'cost': 328.2740549999999}, {'amount': 15.0, 'safe_price': 21.983, 'ft_order_side': 'sell', 'order_filled_timestamp': 1701598800000, 'ft_is_entry': False, 'ft_order_tag': 'profit_lock_long_center', 'cost': 329.9098725}]",-0.210836096235,6
raw_be_guard_profit_lock_3y,Raw + Breakeven + Guard + ProfitLock,3y,profit_lock,ETH/USDT:USDT,332.06316,332.06316,0.148,2023-12-05 00:00:00+00:00,2023-12-05 07:40:00+00:00,2243.67,2198.79,0.0005,0.0005,460,-0.02108239621175314,-7.00418745,stop_loss,2109.05,-0.06,2198.79,-0.020004338768903174,2186.0,2253.6,False,long_1d_center_compression,1.0,False,1701734400000,1701762000000,"[{'amount': 0.148, 'safe_price': 2243.67, 'ft_order_side': 'buy', 'order_filled_timestamp': 1701734400000, 'ft_is_entry': True, 'ft_order_tag': 'long_1d_center_compression', 'cost': 332.22919157999996}, {'amount': 0.148, 'safe_price': 2198.79, 'ft_order_side': 'sell', 'order_filled_timestamp': 1701762000000, 'ft_is_entry': False, 'ft_order_tag': 'stop_loss', 'cost': 325.58363045999994}]",-0.033205405687816,1
raw_be_guard_profit_lock_3y,Raw + Breakeven + Guard + ProfitLock,3y,profit_lock,LTC/USDT:USDT,330.61695,330.61695,4.209,2023-12-09 00:00:00+00:00,2023-12-09 08:40:00+00:00,78.55,76.98,0.0005,0.0005,520,-0.021498717684514113,-7.11139439,stop_loss,73.84,-0.06,76.98,-0.020000047398402665,76.72,79.65,False,long_1d_center_compression,1.0,False,1702080000000,1702111200000,"[{'amount': 4.209, 'safe_price': 78.55, 'ft_order_side': 'buy', 'order_filled_timestamp': 1702080000000, 'ft_is_entry': True, 'ft_order_tag': 'long_1d_center_compression', 'cost': 330.78225847499994}, {'amount': 4.209, 'safe_price': 76.98, 'ft_order_side': 'sell', 'order_filled_timestamp': 1702111200000, 'ft_is_entry': False, 'ft_order_tag': 'stop_loss', 'cost': 324.17082441}]",-0.1759515001454094,5
raw_be_guard_profit_lock_3y,Raw + Breakeven + Guard + ProfitLock,3y,profit_lock,ZEC/USDT:USDT,172.36839,172.36839,6.207,2023-12-31 21:00:00+00:00,2023-12-31 22:50:00+00:00,27.77,27.64,0.0005,0.0005,110,0.003685494140460863,0.63494506,profit_giveback_guard,29.43,-0.06,27.74,-0.0892120141342756,25.47,28.08,False,short_pullback_restart,1.0,True,1704056400000,1704063000000,"[{'amount': 6.207, 'safe_price': 27.77, 'ft_order_side': 'sell', 'order_filled_timestamp': 1704056400000, 'ft_is_entry': True, 'ft_order_tag': 'short_pullback_restart', 'cost': 172.454574195}, {'amount': 6.207, 'safe_price': 27.64, 'ft_order_side': 'buy', 'order_filled_timestamp': 1704063000000, 'ft_is_entry': False, 'ft_order_tag': 'profit_giveback_guard', 'cost': 171.64726073999998}]",0.0,6
raw_be_guard_profit_lock_3y,Raw + Breakeven + Guard + ProfitLock,3y,profit_lock,BTC/USDT:USDT,314.8579,314.8579,0.007,2024-01-03 00:00:00+00:00,2024-01-03 11:50:00+00:00,44979.7,44080.3,0.0005,0.0005,710,-0.021358001854785612,-6.72809798,stop_loss,42281.0,-0.06,44080.3,-0.01999784069257904,44020.3,45582.3,False,long_1d_center_compression,1.0,False,1704240000000,1704282600000,"[{'amount': 0.007, 'safe_price': 44979.7, 'ft_order_side': 'buy', 'order_filled_timestamp': 1704240000000, 'ft_is_entry': True, 'ft_order_tag': 'long_1d_center_compression', 'cost': 315.01532894999997}, {'amount': 0.007, 'safe_price': 44080.3, 'ft_order_side': 'sell', 'order_filled_timestamp': 1704282600000, 'ft_is_entry': False, 'ft_order_tag': 'stop_loss', 'cost': 308.71638105000005}]",-0.12058798200616078,2
raw_be_guard_profit_lock_3y,Raw + Breakeven + Guard + ProfitLock,3y,profit_lock,XRP/USDT:USDT,326.0466,326.0466,598.8,2024-01-19 15:00:00+00:00,2024-01-19 17:40:00+00:00,0.5445,0.5338,0.0005,0.0005,160,0.01876921930812968,6.11658032,profit_lock_compression_breakdown,0.5771,-0.06,0.5439,-0.020937500000000053,0.5215,0.5451,False,short_compression_breakdown,1.0,True,1705676400000,1705686000000,"[{'amount': 598.8, 'safe_price': 0.5445, 'ft_order_side': 'sell', 'order_filled_timestamp': 1705676400000, 'ft_is_entry': True, 'ft_order_tag': 'short_compression_breakdown', 'cost': 326.2096232999999}, {'amount': 598.8, 'safe_price': 0.5338, 'ft_order_side': 'buy', 'order_filled_timestamp': 1705686000000, 'ft_is_entry': False, 'ft_order_tag': 'profit_lock_compression_breakdown', 'cost': 319.79925971999995}]",0.032263344,4
raw_be_guard_profit_lock_3y,Raw + Breakeven + Guard + ProfitLock,3y,profit_lock,ADA/USDT:USDT,257.95,257.95,500.0,2024-01-18 11:00:00+00:00,2024-01-19 18:40:00+00:00,0.5159,0.4911,0.0005,0.0005,1900,0.04750885801497376,12.24878247,profit_lock_pullback_restart,0.5468,-0.06,0.5153,-0.02523194748358848,0.471,0.5235,False,short_pullback_restart,1.0,True,1705575600000,1705689600000,"[{'amount': 500.0, 'safe_price': 0.5159, 'ft_order_side': 'sell', 'order_filled_timestamp': 1705575600000, 'ft_is_entry': True, 'ft_order_tag': 'short_pullback_restart', 'cost': 258.07897499999996}, {'amount': 500.0, 'safe_price': 0.4911, 'ft_order_side': 'buy', 'order_filled_timestamp': 1705689600000, 'ft_is_entry': False, 'ft_order_tag': 'profit_lock_pullback_restart', 'cost': 245.67277499999997}]",0.10053246700000001,4
raw_be_guard_profit_lock_3y,Raw + Breakeven + Guard + ProfitLock,3y,profit_lock,NEAR/USDT:USDT,234.077,234.077,79.0,2024-01-21 16:00:00+00:00,2024-01-22 05:45:00+00:00,2.963,2.922,0.0005,0.0005,825,0.013049407131142821,3.05303879,profit_lock_pullback_restart,3.14,-0.06,2.96,-0.027433877125998096,2.842,2.99,False,short_pullback_restart,1.0,True,1705852800000,1705902300000,"[{'amount': 79.0, 'safe_price': 2.963, 'ft_order_side': 'sell', 'order_filled_timestamp': 1705852800000, 'ft_is_entry': True, 'ft_order_tag': 'short_pullback_restart', 'cost': 234.19403849999998}, {'amount': 79.0, 'safe_price': 2.922, 'ft_order_side': 'buy', 'order_filled_timestamp': 1705902300000, 'ft_is_entry': False, 'ft_order_tag': 'profit_lock_pullback_restart', 'cost': 230.953419}]",0.046496286768,0
raw_be_guard_profit_lock_3y,Raw + Breakeven + Guard + ProfitLock,3y,profit_lock,ADA/USDT:USDT,178.8962,178.8962,371.0,2024-01-22 20:00:00+00:00,2024-01-23 10:30:00+00:00,0.4822,0.463,0.0005,0.0005,870,0.03905475915084838,6.98325463,profit_lock_compression_breakdown,0.5111,-0.06,0.4817,-0.02318988954970269,0.4515,0.4894,False,short_compression_breakdown,1.0,True,1705953600000,1706005800000,"[{'amount': 371.0, 'safe_price': 0.4822, 'ft_order_side': 'sell', 'order_filled_timestamp': 1705953600000, 'ft_is_entry': True, 'ft_order_tag': 'short_compression_breakdown', 'cost': 178.9856481}, {'amount': 371.0, 'safe_price': 0.463, 'ft_order_side': 'buy', 'order_filled_timestamp': 1706005800000, 'ft_is_entry': False, 'ft_order_tag': 'profit_lock_compression_breakdown', 'cost': 171.85888649999998}]",0.035389230331,1
raw_be_guard_profit_lock_3y,Raw + Breakeven + Guard + ProfitLock,3y,profit_lock,XRP/USDT:USDT,332.43595,332.43595,608.3,2024-01-22 00:00:00+00:00,2024-01-23 23:30:00+00:00,0.5465,0.5191,0.0005,0.0005,2850,0.04976772695851756,16.5363093,profit_lock_pullback_restart,0.5792,-0.06,0.5459,-0.02238483146067405,0.4958,0.5499,False,short_pullback_restart,1.0,True,1705881600000,1706052600000,"[{'amount': 608.3, 'safe_price': 0.5465, 'ft_order_side': 'sell', 'order_filled_timestamp': 1705881600000, 'ft_is_entry': True, 'ft_order_tag': 'short_pullback_restart', 'cost': 332.602167975}, {'amount': 608.3, 'safe_price': 0.5191, 'ft_order_side': 'buy', 'order_filled_timestamp': 1706052600000, 'ft_is_entry': False, 'ft_order_tag': 'profit_lock_pullback_restart', 'cost': 315.926414265}]",0.1929915439914,1
raw_be_guard_profit_lock_3y,Raw + Breakeven + Guard + ProfitLock,3y,profit_lock,BTC/USDT:USDT,330.9112,330.9112,0.008,2024-01-22 02:00:00+00:00,2024-01-24 00:55:00+00:00,41363.9,40197.0,0.0005,0.0005,2815,0.02781942034263102,9.20115489,profit_giveback_guard,43845.7,-0.06,41322.5,-0.02400860639792657,38545.0,41430.4,False,short_pullback_restart,1.0,True,1705888800000,1706057700000,"[{'amount': 0.008, 'safe_price': 41363.9, 'ft_order_side': 'sell', 'order_filled_timestamp': 1705888800000, 'ft_is_entry': True, 'ft_order_tag': 'short_pullback_restart', 'cost': 331.0766556}, {'amount': 0.008, 'safe_price': 40197.0, 'ft_order_side': 'buy', 'order_filled_timestamp': 1706057700000, 'ft_is_entry': False, 'ft_order_tag': 'profit_giveback_guard', 'cost': 321.736788}]",0.19219848647027202,2
raw_be_guard_profit_lock_3y,Raw + Breakeven + Guard + ProfitLock,3y,profit_lock,XRP/USDT:USDT,344.83072,344.83072,678.4,2024-01-25 13:00:00+00:00,2024-01-26 10:30:00+00:00,0.5083,0.5166,0.0005,0.0005,1290,-0.01704418010799393,-5.87441822,trailing_stop_loss,0.5387,-0.06,0.5166,-0.01672936743391107,0.5036,0.5166,False,short_pullback_restart,1.0,True,1706187600000,1706265000000,"[{'amount': 678.4, 'safe_price': 0.5083, 'ft_order_side': 'sell', 'order_filled_timestamp': 1706187600000, 'ft_is_entry': True, 'ft_order_tag': 'short_pullback_restart', 'cost': 345.00313536}, {'amount': 678.4, 'safe_price': 0.5166, 'ft_order_side': 'buy', 'order_filled_timestamp': 1706265000000, 'ft_is_entry': False, 'ft_order_tag': 'trailing_stop_loss', 'cost': 350.6366707199999}]",0.1039478617088,4
raw_be_guard_profit_lock_3y,Raw + Breakeven + Guard + ProfitLock,3y,profit_lock,BTC/USDT:USDT,237.2874,237.2874,0.006,2024-01-24 21:00:00+00:00,2024-01-26 10:40:00+00:00,39547.9,40626.4,0.0005,0.0005,2260,-0.027792764075813468,-6.59157529,stop_loss,41920.7,-0.06,40626.4,-0.027273058430409725,39493.3,40720.0,False,short_pullback_restart,1.0,True,1706130000000,1706265600000,"[{'amount': 0.006, 'safe_price': 39547.9, 'ft_order_side': 'sell', 'order_filled_timestamp': 1706130000000, 'ft_is_entry': True, 'ft_order_tag': 'short_pullback_restart', 'cost': 237.4060437}, {'amount': 0.006, 'safe_price': 40626.4, 'ft_order_side': 'buy', 'order_filled_timestamp': 1706265600000, 'ft_is_entry': False, 'ft_order_tag': 'stop_loss', 'cost': 243.88027920000002}]",0.11994760770126,4
raw_be_guard_profit_lock_3y,Raw + Breakeven + Guard + ProfitLock,3y,profit_lock,ETH/USDT:USDT,338.78209,338.78209,0.151,2024-01-29 14:00:00+00:00,2024-01-29 16:00:00+00:00,2243.59,2280.04,0.0005,0.0005,120,-0.01716158049575179,-5.81112909,stop_loss,2378.2,-0.06,2280.04,-0.016248151156461166,2232.0,2282.22,False,short_pullback_restart,1.0,True,1706536800000,1706544000000,"[{'amount': 0.151, 'safe_price': 2243.59, 'ft_order_side': 'sell', 'order_filled_timestamp': 1706536800000, 'ft_is_entry': True, 'ft_order_tag': 'short_pullback_restart', 'cost': 338.95148104500004}, {'amount': 0.151, 'safe_price': 2280.04, 'ft_order_side': 'buy', 'order_filled_timestamp': 1706544000000, 'ft_is_entry': False, 'ft_order_tag': 'stop_loss', 'cost': 344.4581830199999}]",0.03435497640000001,0
raw_be_guard_profit_lock_3y,Raw + Breakeven + Guard + ProfitLock,3y,profit_lock,ZEC/USDT:USDT,281.517,281.517,13.155,2024-02-04 23:00:00+00:00,2024-02-05 23:30:00+00:00,21.4,21.33,0.0005,0.0005,1470,0.002574210943108358,0.7243218,profit_lock_compression_breakdown,22.68,-0.06,21.95,-0.02576621224947062,21.08,21.69,False,short_compression_breakdown,1.0,True,1707087600000,1707175800000,"[{'amount': 13.155, 'safe_price': 21.4, 'ft_order_side': 'sell', 'order_filled_timestamp': 1707087600000, 'ft_is_entry': True, 'ft_order_tag': 'short_compression_breakdown', 'cost': 281.6577585}, {'amount': 13.155, 'safe_price': 21.33, 'ft_order_side': 'buy', 'order_filled_timestamp': 1707175800000, 'ft_is_entry': False, 'ft_order_tag': 'profit_lock_compression_breakdown', 'cost': 280.73644807499994}]",0.08452837742805,0
raw_be_guard_profit_lock_3y,Raw + Breakeven + Guard + ProfitLock,3y,profit_lock,BNB/USDT:USDT,318.54,318.54,1.0,2024-02-09 00:00:00+00:00,2024-02-10 10:50:00+00:00,318.54,318.86,0.0005,0.0005,2090,0.0036942222365303817,1.17734593,trailing_stop_loss,299.43,-0.06,318.86,-0.0181717576056164,317.08,325.82,False,long_1d_center_compression,1.0,False,1707436800000,1707562200000,"[{'amount': 1.0, 'safe_price': 318.54, 'ft_order_side': 'buy', 'order_filled_timestamp': 1707436800000, 'ft_is_entry': True, 'ft_order_tag': 'long_1d_center_compression', 'cost': 318.69927}, {'amount': 1.0, 'safe_price': 318.86, 'ft_order_side': 'sell', 'order_filled_timestamp': 1707562200000, 'ft_is_entry': False, 'ft_order_tag': 'trailing_stop_loss', 'cost': 319.01943}]",1.1760459341,5
raw_be_guard_profit_lock_3y,Raw + Breakeven + Guard + ProfitLock,3y,profit_lock,LINK/USDT:USDT,320.63423,320.63423,15.91,2024-02-12 00:00:00+00:00,2024-02-12 01:35:00+00:00,20.153,20.174,0.0005,0.0005,95,-5.845149229820942e-05,-0.01875092,trailing_stop_loss,18.944,-0.06,20.174,-0.02261855620155062,20.146,20.64,False,long_1d_center_compression,1.0,False,1707696000000,1707701700000,"[{'amount': 15.91, 'safe_price': 20.153, 'ft_order_side': 'buy', 'order_filled_timestamp': 1707696000000, 'ft_is_entry': True, 'ft_order_tag': 'long_1d_center_compression', 'cost': 320.794547115}, {'amount': 15.91, 'safe_price': 20.174, 'ft_order_side': 'sell', 'order_filled_timestamp': 1707701700000, 'ft_is_entry': False, 'ft_order_tag': 'trailing_stop_loss', 'cost': 321.12882417}]",-0.03205963015146,0
raw_be_guard_profit_lock_3y,Raw + Breakeven + Guard + ProfitLock,3y,profit_lock,SOL/USDT:USDT,338.02118,338.02118,3.29,2024-02-09 00:00:00+00:00,2024-02-12 02:40:00+00:00,102.742,106.116,0.0005,0.0005,4480,0.030864187402331596,10.43796542,profit_giveback_guard,96.578,-0.06,102.845,-0.02293635698610097,102.728,110.839,False,long_1d_center_compression,1.0,False,1707436800000,1707705600000,"[{'amount': 3.29, 'safe_price': 102.742, 'ft_order_side': 'buy', 'order_filled_timestamp': 1707436800000, 'ft_is_entry': True, 'ft_order_tag': 'long_1d_center_compression', 'cost': 338.19019059}, {'amount': 3.29, 'safe_price': 106.116, 'ft_order_side': 'sell', 'order_filled_timestamp': 1707705600000, 'ft_is_entry': False, 'ft_order_tag': 'profit_giveback_guard', 'cost': 349.29620081999997}]",-0.31892316981049,0
raw_be_guard_profit_lock_3y,Raw + Breakeven + Guard + ProfitLock,3y,profit_lock,BTC/USDT:USDT,310.2841,310.2841,0.007,2024-02-08 00:00:00+00:00,2024-02-12 15:00:00+00:00,44326.3,48864.2,0.0005,0.0005,6660,0.09999958457249429,31.04379524,roi,41666.8,-0.06,44370.7,-0.023619701170671692,44306.8,48899.0,False,long_1d_center_compression,1.0,False,1707350400000,1707750000000,"[{'amount': 0.007, 'safe_price': 44326.3, 'ft_order_side': 'buy', 'order_filled_timestamp': 1707350400000, 'ft_is_entry': True, 'ft_order_tag': 'long_1d_center_compression', 'cost': 310.43924205}, {'amount': 0.007, 'safe_price': 48864.2, 'ft_order_side': 'sell', 'order_filled_timestamp': 1707750000000, 'ft_is_entry': False, 'ft_order_tag': 'roi', 'cost': 342.22042469999997}]",-0.3953380109212122,0
raw_be_guard_profit_lock_3y,Raw + Breakeven + Guard + ProfitLock,3y,profit_lock,TRX/USDT:USDT,353.48042,353.48042,2726.0,2024-02-15 00:00:00+00:00,2024-02-25 00:00:00+00:00,0.12967,0.13753,0.0005,0.0005,14400,0.054083045253890974,19.1268562,swing_exit_long_1d,0.12189,-0.06,0.1298,-0.020601599637817825,0.12958,0.14075,False,long_1d_center_compression,1.0,False,1707955200000,1708819200000,"[{'amount': 2726.0, 'safe_price': 0.12967, 'ft_order_side': 'buy', 'order_filled_timestamp': 1707955200000, 'ft_is_entry': True, 'ft_order_tag': 'long_1d_center_compression', 'cost': 353.65716021000003}, {'amount': 2726.0, 'safe_price': 0.13753, 'ft_order_side': 'sell', 'order_filled_timestamp': 1708819200000, 'ft_is_entry': False, 'ft_order_tag': 'swing_exit_long_1d', 'cost': 375.09423339}]",-1.9353102007760337,6
raw_be_guard_profit_lock_3y,Raw + Breakeven + Guard + ProfitLock,3y,profit_lock,APE/USDT:USDT,359.828,359.828,181.0,2024-02-27 00:00:00+00:00,2024-02-27 00:35:00+00:00,1.988,1.9484,0.0005,0.0005,35,-0.021182368507598973,-7.6258203,stop_loss,1.8688,-0.06,1.9484,-0.019950688245070958,1.9478,1.991,False,long_1d_center_compression,1.0,False,1708992000000,1708994100000,"[{'amount': 181.0, 'safe_price': 1.988, 'ft_order_side': 'buy', 'order_filled_timestamp': 1708992000000, 'ft_is_entry': True, 'ft_order_tag': 'long_1d_center_compression', 'cost': 360.00791399999997}, {'amount': 181.0, 'safe_price': 1.9484, 'ft_order_side': 'sell', 'order_filled_timestamp': 1708994100000, 'ft_is_entry': False, 'ft_order_tag': 'stop_loss', 'cost': 352.8367302}]",-0.101976098376373,1
raw_be_guard_profit_lock_3y,Raw + Breakeven + Guard + ProfitLock,3y,profit_lock,BTC/USDT:USDT,327.0702,327.0702,0.006,2024-02-27 00:00:00+00:00,2024-02-27 02:05:00+00:00,54511.7,55736.8,0.0005,0.0005,125,0.021129653114423046,6.91433531,profit_giveback_guard,51241.0,-0.06,54566.3,-0.021214558493530933,54495.0,57780.0,False,long_1d_center_compression,1.0,False,1708992000000,1708999500000,"[{'amount': 0.006, 'safe_price': 54511.7, 'ft_order_side': 'buy', 'order_filled_timestamp': 1708992000000, 'ft_is_entry': True, 'ft_order_tag': 'long_1d_center_compression', 'cost': 327.2337351}, {'amount': 0.006, 'safe_price': 55736.8, 'ft_order_side': 'sell', 'order_filled_timestamp': 1708999500000, 'ft_is_entry': False, 'ft_order_tag': 'profit_giveback_guard', 'cost': 334.58801040000003}]",-0.10551919435200001,1
raw_be_guard_profit_lock_3y,Raw + Breakeven + Guard + ProfitLock,3y,profit_lock,DOT/USDT:USDT,341.8099,341.8099,42.1,2024-02-27 00:00:00+00:00,2024-02-28 17:30:00+00:00,8.119,8.128,0.0005,0.0005,2490,-0.0028926306847679114,-0.98922417,trailing_stop_loss,7.632,-0.06,8.128,-0.02212501504030817,7.676,8.738,False,long_1d_center_compression,1.0,False,1708992000000,1709141400000,"[{'amount': 42.1, 'safe_price': 8.119, 'ft_order_side': 'buy', 'order_filled_timestamp': 1708992000000, 'ft_is_entry': True, 'ft_order_tag': 'long_1d_center_compression', 'cost': 341.98080495}, {'amount': 42.1, 'safe_price': 8.128, 'ft_order_side': 'sell', 'order_filled_timestamp': 1709141400000, 'ft_is_entry': False, 'ft_order_tag': 'trailing_stop_loss', 'cost': 342.3598944}]",-1.026124819935794,2
raw_be_guard_profit_lock_3y,Raw + Breakeven + Guard + ProfitLock,3y,profit_lock,TRX/USDT:USDT,359.77075,359.77075,2515.0,2024-02-28 00:00:00+00:00,2024-02-28 17:30:00+00:00,0.14305,0.14018,0.0005,0.0005,1050,-0.022690991478570052,-8.1676368,stop_loss,0.13447,-0.06,0.14018,-0.02006849380941178,0.13792,0.14448,False,long_1d_center_compression,1.0,False,1709078400000,1709141400000,"[{'amount': 2515.0, 'safe_price': 0.14305, 'ft_order_side': 'buy', 'order_filled_timestamp': 1709078400000, 'ft_is_entry': True, 'ft_order_tag': 'long_1d_center_compression', 'cost': 359.950635375}, {'amount': 2515.0, 'safe_price': 0.14018, 'ft_order_side': 'sell', 'order_filled_timestamp': 1709141400000, 'ft_is_entry': False, 'ft_order_tag': 'stop_loss', 'cost': 352.72897635}]",-0.593425070500287,2
raw_be_guard_profit_lock_3y,Raw + Breakeven + Guard + ProfitLock,3y,profit_lock,TRX/USDT:USDT,192.26178,192.26178,1642.0,2024-03-22 14:00:00+00:00,2024-03-25 14:05:00+00:00,0.11709,0.11887,0.0005,0.0005,4325,-0.015337563990496907,-2.94735294,stale_loss_72h,0.12411,-0.06,0.12175,-0.039840672341732164,0.11491,0.12064,False,short_pullback_restart,1.0,True,1711116000000,1711375500000,"[{'amount': 1642.0, 'safe_price': 0.11709, 'ft_order_side': 'sell', 'order_filled_timestamp': 1711116000000, 'ft_is_entry': True, 'ft_order_tag': 'short_pullback_restart', 'cost': 192.35791088999997}, {'amount': 1642.0, 'safe_price': 0.11887, 'ft_order_side': 'buy', 'order_filled_timestamp': 1711375500000, 'ft_is_entry': False, 'ft_order_tag': 'stale_loss_72h', 'cost': 195.28213226999998}]",0.169130218760223,0
raw_be_guard_profit_lock_3y,Raw + Breakeven + Guard + ProfitLock,3y,profit_lock,NEAR/USDT:USDT,350.62,350.62,47.0,2024-03-26 00:00:00+00:00,2024-03-26 14:30:00+00:00,7.46,7.682,0.0005,0.0005,870,0.027996141539064476,9.82091515,profit_giveback_guard,7.013,-0.06,7.468,-0.025263020493408228,7.428,8.11,False,long_1d_center_compression,1.0,False,1711411200000,1711463400000,"[{'amount': 47.0, 'safe_price': 7.46, 'ft_order_side': 'buy', 'order_filled_timestamp': 1711411200000, 'ft_is_entry': True, 'ft_order_tag': 'long_1d_center_compression', 'cost': 350.79531}, {'amount': 47.0, 'safe_price': 7.682, 'ft_order_side': 'sell', 'order_filled_timestamp': 1711463400000, 'ft_is_entry': False, 'ft_order_tag': 'profit_giveback_guard', 'cost': 361.234527}]",-0.2572478450735024,1
raw_be_guard_profit_lock_3y,Raw + Breakeven + Guard + ProfitLock,3y,profit_lock,SUI/USDT:USDT,359.04384,359.04384,172.8,2024-03-28 00:00:00+00:00,2024-03-28 00:00:00+00:00,2.0778,2.0778,0.0005,0.0005,0,-0.0015098330105846138,-0.54236729,profit_lock_long_center,1.9532,-0.06,2.0799,-0.040469736113674326,2.0769,2.1676,False,long_1d_center_compression,1.0,False,1711584000000,1711584000000,"[{'amount': 172.8, 'safe_price': 2.0778, 'ft_order_side': 'buy', 'order_filled_timestamp': 1711584000000, 'ft_is_entry': True, 'ft_order_tag': 'long_1d_center_compression', 'cost': 359.22336191999995}, {'amount': 172.8, 'safe_price': 2.0778, 'ft_order_side': 'sell', 'order_filled_timestamp': 1711584000000, 'ft_is_entry': False, 'ft_order_tag': 'profit_lock_long_center', 'cost': 359.22336191999995}]",-0.1833234501888,3
raw_be_guard_profit_lock_3y,Raw + Breakeven + Guard + ProfitLock,3y,profit_lock,BTC/USDT:USDT,358.3915,358.3915,0.005,2024-04-09 00:00:00+00:00,2024-04-09 07:45:00+00:00,71678.3,70244.9,0.0005,0.0005,465,-0.02118623431875916,-7.59676278,stop_loss,67377.7,-0.06,70244.9,-0.019998686841066315,70160.0,71820.6,False,long_1d_center_compression,1.0,False,1712620800000,1712648700000,"[{'amount': 0.005, 'safe_price': 71678.3, 'ft_order_side': 'buy', 'order_filled_timestamp': 1712620800000, 'ft_is_entry': True, 'ft_order_tag': 'long_1d_center_compression', 'cost': 358.57069574999997}, {'amount': 0.005, 'safe_price': 70244.9, 'ft_order_side': 'sell', 'order_filled_timestamp': 1712648700000, 'ft_is_entry': False, 'ft_order_tag': 'stop_loss', 'cost': 351.40011224999995}]",-0.07495478315275134,1
raw_be_guard_profit_lock_3y,Raw + Breakeven + Guard + ProfitLock,3y,profit_lock,ZEC/USDT:USDT,235.2416,235.2416,8.965,2024-04-12 14:00:00+00:00,2024-04-12 16:35:00+00:00,26.24,26.17,0.0005,0.0005,155,0.0017728181167155068,0.41683205,profit_lock_pullback_restart,27.81,-0.06,27.09,-0.03245399347165745,25.72,26.52,False,short_pullback_restart,1.0,True,1712930400000,1712939700000,"[{'amount': 8.965, 'safe_price': 26.24, 'ft_order_side': 'sell', 'order_filled_timestamp': 1712930400000, 'ft_is_entry': True, 'ft_order_tag': 'short_pullback_restart', 'cost': 235.35922079999997}, {'amount': 8.965, 'safe_price': 26.17, 'ft_order_side': 'buy', 'order_filled_timestamp': 1712939700000, 'ft_is_entry': False, 'ft_order_tag': 'profit_lock_pullback_restart', 'cost': 234.731357025}]",0.024209871819849214,4
raw_be_guard_profit_lock_3y,Raw + Breakeven + Guard + ProfitLock,3y,profit_lock,TRX/USDT:USDT,270.38,270.38,2458.0,2024-04-17 15:00:00+00:00,2024-04-19 03:25:00+00:00,0.11,0.10785,0.0005,0.0005,2185,0.017403592061582977,4.70323043,profit_giveback_guard,0.1166,-0.06,0.10988,-0.023470243084660503,0.10475,0.11107,False,short_pullback_restart,1.0,True,1713366000000,1713497100000,"[{'amount': 2458.0, 'safe_price': 0.11, 'ft_order_side': 'sell', 'order_filled_timestamp': 1713366000000, 'ft_is_entry': True, 'ft_order_tag': 'short_pullback_restart', 'cost': 270.51518999999996}, {'amount': 2458.0, 'safe_price': 0.10785, 'ft_order_side': 'buy', 'order_filled_timestamp': 1713497100000, 'ft_is_entry': False, 'ft_order_tag': 'profit_giveback_guard', 'cost': 265.22784765}]",-0.3137319156300212,4
raw_be_guard_profit_lock_3y,Raw + Breakeven + Guard + ProfitLock,3y,profit_lock,BTC/USDT:USDT,317.192,317.192,0.005,2024-04-25 11:00:00+00:00,2024-04-25 17:05:00+00:00,63438.4,64807.3,0.0005,0.0005,365,-0.022588977343220275,-7.16146038,stop_loss,67244.7,-0.06,64807.3,-0.0215794721730056,62721.3,64850.0,False,short_compression_breakdown,1.0,True,1714042800000,1714064700000,"[{'amount': 0.005, 'safe_price': 63438.4, 'ft_order_side': 'sell', 'order_filled_timestamp': 1714042800000, 'ft_is_entry': True, 'ft_order_tag': 'short_compression_breakdown', 'cost': 317.350596}, {'amount': 0.005, 'safe_price': 64807.3, 'ft_order_side': 'buy', 'order_filled_timestamp': 1714064700000, 'ft_is_entry': False, 'ft_order_tag': 'stop_loss', 'cost': 324.19851825}]",0.00365387254223418,3
raw_be_guard_profit_lock_3y,Raw + Breakeven + Guard + ProfitLock,3y,profit_lock,XRP/USDT:USDT,244.08018,244.08018,472.2,2024-04-25 11:00:00+00:00,2024-04-25 20:00:00+00:00,0.5169,0.5317,0.0005,0.0005,540,-0.02955988794905712,-7.21137528,trailing_stop_loss,0.5479,-0.06,0.5317,-0.028203517083317697,0.5133,0.5322,False,short_compression_breakdown,1.0,True,1714042800000,1714075200000,"[{'amount': 472.2, 'safe_price': 0.5169, 'ft_order_side': 'sell', 'order_filled_timestamp': 1714042800000, 'ft_is_entry': True, 'ft_order_tag': 'short_compression_breakdown', 'cost': 244.20222009}, {'amount': 472.2, 'safe_price': 0.5317, 'ft_order_side': 'buy', 'order_filled_timestamp': 1714075200000, 'ft_is_entry': False, 'ft_order_tag': 'trailing_stop_loss', 'cost': 251.19427436999996}]",0.024759177557399998,3
raw_be_guard_profit_lock_3y,Raw + Breakeven + Guard + ProfitLock,3y,profit_lock,ADA/USDT:USDT,196.2297,196.2297,423.0,2024-04-25 11:00:00+00:00,2024-04-27 00:40:00+00:00,0.4639,0.4622,0.0005,0.0005,2260,0.002930946280581774,0.57485114,profit_lock_compression_breakdown,0.4917,-0.06,0.4809,-0.02630765123648149,0.4557,0.4787,False,short_compression_breakdown,1.0,True,1714042800000,1714178400000,"[{'amount': 423.0, 'safe_price': 0.4639, 'ft_order_side': 'sell', 'order_filled_timestamp': 1714042800000, 'ft_is_entry': True, 'ft_order_tag': 'short_compression_breakdown', 'cost': 196.32781484999998}, {'amount': 423.0, 'safe_price': 0.4622, 'ft_order_side': 'buy', 'order_filled_timestamp': 1714178400000, 'ft_is_entry': False, 'ft_order_tag': 'profit_lock_compression_breakdown', 'cost': 195.6083553}]",0.0516212854579089,5
raw_be_guard_profit_lock_3y,Raw + Breakeven + Guard + ProfitLock,3y,profit_lock,LINK/USDT:USDT,235.52663,235.52663,16.97,2024-04-27 17:00:00+00:00,2024-04-27 18:00:00+00:00,13.879,14.324,0.0005,0.0005,60,-0.033095407831112214,-7.79095245,stop_loss,14.711,-0.06,14.324,-0.03212902564653386,13.866,14.393,False,short_compression_breakdown,1.0,True,1714237200000,1714240800000,"[{'amount': 16.97, 'safe_price': 13.879, 'ft_order_side': 'sell', 'order_filled_timestamp': 1714237200000, 'ft_is_entry': True, 'ft_order_tag': 'short_compression_breakdown', 'cost': 235.64439331499997}, {'amount': 16.97, 'safe_price': 14.324, 'ft_order_side': 'buy', 'order_filled_timestamp': 1714240800000, 'ft_is_entry': False, 'ft_order_tag': 'stop_loss', 'cost': 243.19981913999996}]",0.0,5
raw_be_guard_profit_lock_3y,Raw + Breakeven + Guard + ProfitLock,3y,profit_lock,XRP/USDT:USDT,193.24722,193.24722,385.8,2024-04-30 09:00:00+00:00,2024-04-30 14:55:00+00:00,0.5009,0.4992,0.0005,0.0005,355,0.002396786334872367,0.46294071,profit_lock_pullback_restart,0.5309,-0.06,0.5003,-0.026880976810999435,0.4873,0.5046,False,short_pullback_restart,1.0,True,1714467600000,1714488900000,"[{'amount': 385.8, 'safe_price': 0.5009, 'ft_order_side': 'sell', 'order_filled_timestamp': 1714467600000, 'ft_is_entry': True, 'ft_order_tag': 'short_pullback_restart', 'cost': 193.34384361}, {'amount': 385.8, 'safe_price': 0.4992, 'ft_order_side': 'buy', 'order_filled_timestamp': 1714488900000, 'ft_is_entry': False, 'ft_order_tag': 'profit_lock_pullback_restart', 'cost': 192.68765568}]",0.0,1
raw_be_guard_profit_lock_3y,Raw + Breakeven + Guard + ProfitLock,3y,profit_lock,LINK/USDT:USDT,264.05205,264.05205,19.05,2024-04-28 23:00:00+00:00,2024-05-01 08:20:00+00:00,13.861,12.464,0.0005,0.0005,3440,0.10002311686096459,26.3981034,roi,14.692,-0.06,13.847,-0.022759361843563086,12.393,14.206,False,short_pullback_restart,1.0,True,1714345200000,1714551600000,"[{'amount': 19.05, 'safe_price': 13.861, 'ft_order_side': 'sell', 'order_filled_timestamp': 1714345200000, 'ft_is_entry': True, 'ft_order_tag': 'short_pullback_restart', 'cost': 264.18407602499997}, {'amount': 19.05, 'safe_price': 12.464, 'ft_order_side': 'buy', 'order_filled_timestamp': 1714551600000, 'ft_is_entry': False, 'ft_order_tag': 'roi', 'cost': 237.55791960000002}]",0.035999020566179235,2
raw_be_guard_profit_lock_3y,Raw + Breakeven + Guard + ProfitLock,3y,profit_lock,SUI/USDT:USDT,209.25146,209.25146,195.8,2024-05-05 02:00:00+00:00,2024-05-05 07:10:00+00:00,1.0687,1.065,0.0005,0.0005,310,0.002465113908128388,0.51557077,profit_lock_compression_breakdown,1.1328,-0.06,1.1006,-0.033748988759476184,1.0526,1.0731,False,short_compression_breakdown,1.0,True,1714874400000,1714893000000,"[{'amount': 195.8, 'safe_price': 1.0687, 'ft_order_side': 'sell', 'order_filled_timestamp': 1714874400000, 'ft_is_entry': True, 'ft_order_tag': 'short_compression_breakdown', 'cost': 209.35608573}, {'amount': 195.8, 'safe_price': 1.065, 'ft_order_side': 'buy', 'order_filled_timestamp': 1714893000000, 'ft_is_entry': False, 'ft_order_tag': 'profit_lock_compression_breakdown', 'cost': 208.63126350000002}]",0.0,6
raw_be_guard_profit_lock_3y,Raw + Breakeven + Guard + ProfitLock,3y,profit_lock,ADA/USDT:USDT,225.4532,225.4532,511.0,2024-05-08 00:00:00+00:00,2024-05-08 14:55:00+00:00,0.4412,0.4561,0.0005,0.0005,895,-0.03481574548782323,-7.84539657,stop_loss,0.4676,-0.06,0.4561,-0.03396651481133861,0.4358,0.4591,False,short_compression_breakdown,1.0,True,1715126400000,1715180100000,"[{'amount': 511.0, 'safe_price': 0.4412, 'ft_order_side': 'sell', 'order_filled_timestamp': 1715126400000, 'ft_is_entry': True, 'ft_order_tag': 'short_compression_breakdown', 'cost': 225.56592659999995}, {'amount': 511.0, 'safe_price': 0.4561, 'ft_order_side': 'buy', 'order_filled_timestamp': 1715180100000, 'ft_is_entry': False, 'ft_order_tag': 'stop_loss', 'cost': 233.18363355}]",-0.0022364202479912996,2
raw_be_guard_profit_lock_3y,Raw + Breakeven + Guard + ProfitLock,3y,profit_lock,ETH/USDT:USDT,181.94458,181.94458,0.062,2024-05-10 15:00:00+00:00,2024-05-11 01:15:00+00:00,2934.59,2931.39,0.0005,0.0005,615,0.00021727372086568323,0.03951201,profit_lock_pullback_restart,3110.66,-0.06,3057.31,-0.04182071444073099,2877.0,2944.99,False,short_pullback_restart,1.0,True,1715353200000,1715390100000,"[{'amount': 0.062, 'safe_price': 2934.59, 'ft_order_side': 'sell', 'order_filled_timestamp': 1715353200000, 'ft_is_entry': True, 'ft_order_tag': 'short_pullback_restart', 'cost': 182.03555229}, {'amount': 0.062, 'safe_price': 2931.39, 'ft_order_side': 'buy', 'order_filled_timestamp': 1715390100000, 'ft_is_entry': False, 'ft_order_tag': 'profit_lock_pullback_restart', 'cost': 181.83705308999998}]",0.022957390014199996,5
raw_be_guard_profit_lock_3y,Raw + Breakeven + Guard + ProfitLock,3y,profit_lock,DOGE/USDT:USDT,118.2866,118.2866,844.0,2024-05-12 08:00:00+00:00,2024-05-13 06:40:00+00:00,0.14015,0.14,0.0005,0.0005,1360,0.00024763384764581506,0.02927712,trailing_stop_loss,0.14855,-0.06,0.14,-0.02189511714473391,0.13574,0.14435,False,short_pullback_restart,1.0,True,1715500800000,1715582400000,"[{'amount': 844.0, 'safe_price': 0.14015, 'ft_order_side': 'sell', 'order_filled_timestamp': 1715500800000, 'ft_is_entry': True, 'ft_order_tag': 'short_pullback_restart', 'cost': 118.34574329999998}, {'amount': 844.0, 'safe_price': 0.14, 'ft_order_side': 'buy', 'order_filled_timestamp': 1715582400000, 'ft_is_entry': False, 'ft_order_tag': 'trailing_stop_loss', 'cost': 118.21908}]",0.0209004247210092,0
raw_be_guard_profit_lock_3y,Raw + Breakeven + Guard + ProfitLock,3y,profit_lock,LINK/USDT:USDT,348.75127,348.75127,26.11,2024-05-11 21:00:00+00:00,2024-05-13 06:45:00+00:00,13.357,13.343,0.0005,0.0005,2025,0.00019772340368558956,0.06892181,trailing_stop_loss,14.158,-0.06,13.343,-0.020858618315354738,13.064,13.628,False,short_pullback_restart,1.0,True,1715461200000,1715582700000,"[{'amount': 26.11, 'safe_price': 13.357, 'ft_order_side': 'sell', 'order_filled_timestamp': 1715461200000, 'ft_is_entry': True, 'ft_order_tag': 'short_pullback_restart', 'cost': 348.92564563499997}, {'amount': 26.11, 'safe_price': 13.343, 'ft_order_side': 'buy', 'order_filled_timestamp': 1715582700000, 'ft_is_entry': False, 'ft_order_tag': 'trailing_stop_loss', 'cost': 348.559922865}]",0.05195030970800651,0
raw_be_guard_profit_lock_3y,Raw + Breakeven + Guard + ProfitLock,3y,profit_lock,XRP/USDT:USDT,196.72866,196.72866,393.3,2024-05-10 15:00:00+00:00,2024-05-13 07:00:00+00:00,0.5002,0.4996,0.0005,0.0005,3840,0.0007168009869473232,0.14094479,trailing_stop_loss,0.5302,-0.06,0.4996,-0.02104577033101762,0.4861,0.5084,False,short_pullback_restart,1.0,True,1715353200000,1715583600000,"[{'amount': 393.3, 'safe_price': 0.5002, 'ft_order_side': 'sell', 'order_filled_timestamp': 1715353200000, 'ft_is_entry': True, 'ft_order_tag': 'short_pullback_restart', 'cost': 196.82702432999997}, {'amount': 393.3, 'safe_price': 0.4996, 'ft_order_side': 'buy', 'order_filled_timestamp': 1715583600000, 'ft_is_entry': False, 'ft_order_tag': 'trailing_stop_loss', 'cost': 196.59092634}]",0.10157546237501458,0
raw_be_guard_profit_lock_3y,Raw + Breakeven + Guard + ProfitLock,3y,profit_lock,TRX/USDT:USDT,357.28512,357.28512,2832.0,2024-05-10 00:00:00+00:00,2024-05-15 05:00:00+00:00,0.12616,0.12532,0.0005,0.0005,7500,-0.00830365413473703,-2.96825545,swing_exit_long_1d,0.1186,-0.06,0.12364,-0.020000023220487995,0.12403,0.12769,False,long_1d_center_compression,1.0,False,1715299200000,1715749200000,"[{'amount': 2832.0, 'safe_price': 0.12616, 'ft_order_side': 'buy', 'order_filled_timestamp': 1715299200000, 'ft_is_entry': True, 'ft_order_tag': 'long_1d_center_compression', 'cost': 357.46376255999996}, {'amount': 2832.0, 'safe_price': 0.12532, 'ft_order_side': 'sell', 'order_filled_timestamp': 1715749200000, 'ft_is_entry': False, 'ft_order_tag': 'swing_exit_long_1d', 'cost': 355.08369311999996}]",-0.233279774425728,2
raw_be_guard_profit_lock_3y,Raw + Breakeven + Guard + ProfitLock,3y,profit_lock,TRX/USDT:USDT,356.35058,356.35058,3202.0,2024-05-30 03:00:00+00:00,2024-05-31 05:10:00+00:00,0.11129,0.11258,0.0005,0.0005,1570,-0.012302516848737143,-4.38181701,stop_loss,0.11796,-0.06,0.11258,-0.011608622553792136,0.11062,0.11288,False,short_pullback_restart,1.0,True,1717038000000,1717132200000,"[{'amount': 3202.0, 'safe_price': 0.11129, 'ft_order_side': 'sell', 'order_filled_timestamp': 1717038000000, 'ft_is_entry': True, 'ft_order_tag': 'short_pullback_restart', 'cost': 356.52875528999994}, {'amount': 3202.0, 'safe_price': 0.11258, 'ft_order_side': 'buy', 'order_filled_timestamp': 1717132200000, 'ft_is_entry': False, 'ft_order_tag': 'stop_loss', 'cost': 360.66140057999996}]",0.10717885854600001,4
raw_be_guard_profit_lock_3y,Raw + Breakeven + Guard + ProfitLock,3y,profit_lock,SUI/USDT:USDT,354.90026,354.90026,350.9,2024-06-02 10:00:00+00:00,2024-06-02 14:50:00+00:00,1.0114,1.0331,0.0005,0.0005,290,-0.02247737475050465,-7.97323753,stop_loss,1.072,-0.06,1.0331,-0.021460367564464677,1.0077,1.0332,False,short_pullback_restart,1.0,True,1717322400000,1717339800000,"[{'amount': 350.9, 'safe_price': 1.0114, 'ft_order_side': 'sell', 'order_filled_timestamp': 1717322400000, 'ft_is_entry': True, 'ft_order_tag': 'short_pullback_restart', 'cost': 355.07771012999996}, {'amount': 350.9, 'safe_price': 1.0331, 'ft_order_side': 'buy', 'order_filled_timestamp': 1717339800000, 'ft_is_entry': False, 'ft_order_tag': 'stop_loss', 'cost': 362.69604739499994}]",0.0,6
raw_be_guard_profit_lock_3y,Raw + Breakeven + Guard + ProfitLock,3y,profit_lock,BNB/USDT:USDT,351.0416,351.0416,0.56,2024-06-04 00:00:00+00:00,2024-06-05 00:15:00+00:00,626.86,690.63,0.0005,0.0005,1455,0.09999536901846844,35.1200856,roi,589.25,-0.06,627.49,-0.020760529970817232,625.18,691.11,False,long_1d_center_compression,1.0,False,1717459200000,1717546500000,"[{'amount': 0.56, 'safe_price': 626.86, 'ft_order_side': 'buy', 'order_filled_timestamp': 1717459200000, 'ft_is_entry': True, 'ft_order_tag': 'long_1d_center_compression', 'cost': 351.2171208}, {'amount': 0.56, 'safe_price': 690.63, 'ft_order_side': 'sell', 'order_filled_timestamp': 1717546500000, 'ft_is_entry': False, 'ft_order_tag': 'roi', 'cost': 386.9461764}]",-0.22221719547548607,2
raw_be_guard_profit_lock_3y,Raw + Breakeven + Guard + ProfitLock,3y,profit_lock,SOL/USDT:USDT,362.96403,362.96403,2.09,2024-06-06 00:00:00+00:00,2024-06-06 19:30:00+00:00,173.667,170.195,0.0005,0.0005,1170,-0.021541771662255522,-7.8227977,stop_loss,163.247,-0.06,170.195,-0.019994350606152844,169.5,174.49,False,long_1d_center_compression,1.0,False,1717632000000,1717702200000,"[{'amount': 2.09, 'safe_price': 173.667, 'ft_order_side': 'buy', 'order_filled_timestamp': 1717632000000, 'ft_is_entry': True, 'ft_order_tag': 'long_1d_center_compression', 'cost': 363.14551201499995}, {'amount': 2.09, 'safe_price': 170.195, 'ft_order_side': 'sell', 'order_filled_timestamp': 1717702200000, 'ft_is_entry': False, 'ft_order_tag': 'stop_loss', 'cost': 355.88540377499993}]",-0.20698191189332493,3
raw_be_guard_profit_lock_3y,Raw + Breakeven + Guard + ProfitLock,3y,profit_lock,TAO/USDT:USDT,220.58892,220.58892,0.618,2024-06-10 05:00:00+00:00,2024-06-10 08:35:00+00:00,356.94,348.48,0.0005,0.0005,215,0.022772222512286625,5.02078832,profit_giveback_guard,378.35,-0.06,356.58,-0.028387437272884508,337.03,358.84,False,short_pullback_restart,1.0,True,1717995600000,1718008500000,"[{'amount': 0.618, 'safe_price': 356.94, 'ft_order_side': 'sell', 'order_filled_timestamp': 1717995600000, 'ft_is_entry': True, 'ft_order_tag': 'short_pullback_restart', 'cost': 220.69921445999998}, {'amount': 0.618, 'safe_price': 348.48, 'ft_order_side': 'buy', 'order_filled_timestamp': 1718008500000, 'ft_is_entry': False, 'ft_order_tag': 'profit_giveback_guard', 'cost': 215.46832032}]",0.010483099111119,0
raw_be_guard_profit_lock_3y,Raw + Breakeven + Guard + ProfitLock,3y,profit_lock,ADA/USDT:USDT,361.35,361.35,825.0,2024-06-10 07:00:00+00:00,2024-06-10 09:55:00+00:00,0.438,0.4466,0.0005,0.0005,175,-0.020555274177838884,-7.4239345,stop_loss,0.4642,-0.06,0.4466,-0.01967305625410387,0.4349,0.4494,False,short_pullback_restart,1.0,True,1718002800000,1718013300000,"[{'amount': 825.0, 'safe_price': 0.438, 'ft_order_side': 'sell', 'order_filled_timestamp': 1718002800000, 'ft_is_entry': True, 'ft_order_tag': 'short_pullback_restart', 'cost': 361.53067500000003}, {'amount': 825.0, 'safe_price': 0.4466, 'ft_order_side': 'buy', 'order_filled_timestamp': 1718013300000, 'ft_is_entry': False, 'ft_order_tag': 'stop_loss', 'cost': 368.62922249999997}]",0.035963000700000004,0
raw_be_guard_profit_lock_3y,Raw + Breakeven + Guard + ProfitLock,3y,profit_lock,SOL/USDT:USDT,174.69676,174.69676,1.19,2024-06-13 16:00:00+00:00,2024-06-14 16:05:00+00:00,146.804,143.211,0.0005,0.0005,1445,0.023879362351178168,4.16956141,profit_lock_compression_breakdown,155.612,-0.06,146.657,-0.023006549989885494,139.5,149.711,False,short_compression_breakdown,1.0,True,1718294400000,1718381100000,"[{'amount': 1.19, 'safe_price': 146.804, 'ft_order_side': 'sell', 'order_filled_timestamp': 1718294400000, 'ft_is_entry': True, 'ft_order_tag': 'short_compression_breakdown', 'cost': 174.78410837999996}, {'amount': 1.19, 'safe_price': 143.211, 'ft_order_side': 'buy', 'order_filled_timestamp': 1718381100000, 'ft_is_entry': False, 'ft_order_tag': 'profit_lock_compression_breakdown', 'cost': 170.50630054500002}]",0.06645033240351612,4
raw_be_guard_profit_lock_3y,Raw + Breakeven + Guard + ProfitLock,3y,profit_lock,XRP/USDT:USDT,360.7594,360.7594,750.8,2024-06-13 16:00:00+00:00,2024-06-14 16:05:00+00:00,0.4805,0.4738,0.0005,0.0005,1445,0.013354867668100987,4.8154851,profit_lock_compression_breakdown,0.5093,-0.06,0.48,-0.04716295811518334,0.4584,0.4849,False,short_compression_breakdown,1.0,True,1718294400000,1718381100000,"[{'amount': 750.8, 'safe_price': 0.4805, 'ft_order_side': 'sell', 'order_filled_timestamp': 1718294400000, 'ft_is_entry': True, 'ft_order_tag': 'short_compression_breakdown', 'cost': 360.9397797}, {'amount': 750.8, 'safe_price': 0.4738, 'ft_order_side': 'buy', 'order_filled_timestamp': 1718381100000, 'ft_is_entry': False, 'ft_order_tag': 'profit_lock_compression_breakdown', 'cost': 355.90690451999996}]",0.1433693248312,4
raw_be_guard_profit_lock_3y,Raw + Breakeven + Guard + ProfitLock,3y,profit_lock,LINK/USDT:USDT,198.716,198.716,13.16,2024-06-13 16:00:00+00:00,2024-06-14 16:05:00+00:00,15.1,15.128,0.0005,0.0005,1445,-0.002453947388759095,-0.48739479,profit_lock_compression_breakdown,16.006,-0.06,15.084,-0.034416786669409616,14.583,15.478,False,short_compression_breakdown,1.0,True,1718294400000,1718381100000,"[{'amount': 13.16, 'safe_price': 15.1, 'ft_order_side': 'sell', 'order_filled_timestamp': 1718294400000, 'ft_is_entry': True, 'ft_order_tag': 'short_compression_breakdown', 'cost': 198.815358}, {'amount': 13.16, 'safe_price': 15.128, 'ft_order_side': 'buy', 'order_filled_timestamp': 1718381100000, 'ft_is_entry': False, 'ft_order_tag': 'profit_lock_compression_breakdown', 'cost': 199.18402224}]",0.07998545366476001,4
raw_be_guard_profit_lock_3y,Raw + Breakeven + Guard + ProfitLock,3y,profit_lock,DOGE/USDT:USDT,250.74462,250.74462,1799.0,2024-06-14 16:00:00+00:00,2024-06-14 16:05:00+00:00,0.13938,0.13907,0.0005,0.0005,5,0.0013259232603356793,0.33230189,profit_giveback_guard,0.14774,-0.06,0.13924,-0.06290549618320607,0.131,0.13961,False,short_pullback_restart,1.0,True,1718380800000,1718381100000,"[{'amount': 1799.0, 'safe_price': 0.13938, 'ft_order_side': 'sell', 'order_filled_timestamp': 1718380800000, 'ft_is_entry': True, 'ft_order_tag': 'short_pullback_restart', 'cost': 250.86999231}, {'amount': 1799.0, 'safe_price': 0.13907, 'ft_order_side': 'buy', 'order_filled_timestamp': 1718381100000, 'ft_is_entry': False, 'ft_order_tag': 'profit_giveback_guard', 'cost': 250.31202346499998}]",0.025077660621999998,4
raw_be_guard_profit_lock_3y,Raw + Breakeven + Guard + ProfitLock,3y,profit_lock,ADA/USDT:USDT,45.496,45.496,110.0,2024-06-14 16:00:00+00:00,2024-06-14 16:05:00+00:00,0.4136,0.412,0.0005,0.0005,5,0.002971892135622937,0.1351416,profit_lock_compression_breakdown,0.4384,-0.06,0.4131,-0.04155886059994951,0.3967,0.4142,False,short_compression_breakdown,1.0,True,1718380800000,1718381100000,"[{'amount': 110.0, 'safe_price': 0.4136, 'ft_order_side': 'sell', 'order_filled_timestamp': 1718380800000, 'ft_is_entry': True, 'ft_order_tag': 'short_compression_breakdown', 'cost': 45.518748}, {'amount': 110.0, 'safe_price': 0.412, 'ft_order_side': 'buy', 'order_filled_timestamp': 1718381100000, 'ft_is_entry': False, 'ft_order_tag': 'profit_lock_compression_breakdown', 'cost': 45.342659999999995}]",0.0045496,4
raw_be_guard_profit_lock_3y,Raw + Breakeven + Guard + ProfitLock,3y,profit_lock,LINK/USDT:USDT,363.85885,363.85885,24.61,2024-06-15 21:00:00+00:00,2024-06-16 13:15:00+00:00,14.785,15.063,0.0005,0.0005,975,-0.019680802588966984,-7.15745368,trailing_stop_loss,15.672,-0.06,15.063,-0.013432496073941369,14.561,15.08,False,short_pullback_restart,1.0,True,1718485200000,1718543700000,"[{'amount': 24.61, 'safe_price': 14.785, 'ft_order_side': 'sell', 'order_filled_timestamp': 1718485200000, 'ft_is_entry': True, 'ft_order_tag': 'short_pullback_restart', 'cost': 364.040779425}, {'amount': 24.61, 'safe_price': 15.063, 'ft_order_side': 'buy', 'order_filled_timestamp': 1718543700000, 'ft_is_entry': False, 'ft_order_tag': 'trailing_stop_loss', 'cost': 370.88578021499995}]",0.051405962085400006,6
raw_be_guard_profit_lock_3y,Raw + Breakeven + Guard + ProfitLock,3y,profit_lock,SOL/USDT:USDT,363.56036,363.56036,2.54,2024-06-16 05:00:00+00:00,2024-06-16 13:25:00+00:00,143.134,145.837,0.0005,0.0005,505,-0.01980283681983817,-7.19592672,trailing_stop_loss,151.722,-0.06,145.837,-0.010428867044600443,143.02,145.971,False,short_pullback_restart,1.0,True,1718514000000,1718544300000,"[{'amount': 2.54, 'safe_price': 143.134, 'ft_order_side': 'sell', 'order_filled_timestamp': 1718514000000, 'ft_is_entry': True, 'ft_order_tag': 'short_pullback_restart', 'cost': 363.7421401799999}, {'amount': 2.54, 'safe_price': 145.837, 'ft_order_side': 'buy', 'order_filled_timestamp': 1718544300000, 'ft_is_entry': False, 'ft_order_tag': 'trailing_stop_loss', 'cost': 370.61119298999995}]",0.036686453865960006,6
raw_be_guard_profit_lock_3y,Raw + Breakeven + Guard + ProfitLock,3y,profit_lock,DOGE/USDT:USDT,181.83004,181.83004,1492.0,2024-06-19 15:00:00+00:00,2024-06-20 11:05:00+00:00,0.12187,0.12701,0.0005,0.0005,1205,-0.04324826869759038,-7.85990251,stop_loss,0.12918,-0.06,0.12701,-0.042210836646065175,0.12137,0.12872,False,short_pullback_restart,1.0,True,1718809200000,1718881500000,"[{'amount': 1492.0, 'safe_price': 0.12187, 'ft_order_side': 'sell', 'order_filled_timestamp': 1718809200000, 'ft_is_entry': True, 'ft_order_tag': 'short_pullback_restart', 'cost': 181.92095501999998}, {'amount': 1492.0, 'safe_price': 0.12701, 'ft_order_side': 'buy', 'order_filled_timestamp': 1718881500000, 'ft_is_entry': False, 'ft_order_tag': 'stop_loss', 'cost': 189.59366946000003}]",-0.005358033958646004,3
raw_be_guard_profit_lock_3y,Raw + Breakeven + Guard + ProfitLock,3y,profit_lock,TAO/USDT:USDT,230.92659,230.92659,0.831,2024-06-22 20:00:00+00:00,2024-06-23 04:00:00+00:00,277.89,287.03,0.0005,0.0005,480,-0.033857752663666155,-7.81474604,stop_loss,294.56,-0.06,287.03,-0.03290641186429433,276.38,287.36,False,short_pullback_restart,1.0,True,1719086400000,1719115200000,"[{'amount': 0.831, 'safe_price': 277.89, 'ft_order_side': 'sell', 'order_filled_timestamp': 1719086400000, 'ft_is_entry': True, 'ft_order_tag': 'short_pullback_restart', 'cost': 231.04205329499996}, {'amount': 0.831, 'safe_price': 287.03, 'ft_order_side': 'buy', 'order_filled_timestamp': 1719115200000, 'ft_is_entry': False, 'ft_order_tag': 'stop_loss', 'cost': 238.64119096499996}]",0.015318218809267444,6
raw_be_guard_profit_lock_3y,Raw + Breakeven + Guard + ProfitLock,3y,profit_lock,ADA/USDT:USDT,210.0568,210.0568,556.0,2024-06-21 14:00:00+00:00,2024-06-23 09:15:00+00:00,0.3778,0.3915,0.0005,0.0005,2595,-0.036907100335227656,-7.7487111,stop_loss,0.4004,-0.06,0.3915,-0.036332611560569106,0.3711,0.3924,False,short_pullback_restart,1.0,True,1718978400000,1719134100000,"[{'amount': 556.0, 'safe_price': 0.3778, 'ft_order_side': 'sell', 'order_filled_timestamp': 1718978400000, 'ft_is_entry': True, 'ft_order_tag': 'short_pullback_restart', 'cost': 210.1618284}, {'amount': 556.0, 'safe_price': 0.3915, 'ft_order_side': 'buy', 'order_filled_timestamp': 1719134100000, 'ft_is_entry': False, 'ft_order_tag': 'stop_loss', 'cost': 217.782837}]",0.0823542977637588,6
raw_be_guard_profit_lock_3y,Raw + Breakeven + Guard + ProfitLock,3y,profit_lock,BTC/USDT:USDT,254.4544,254.4544,0.004,2024-06-21 09:00:00+00:00,2024-06-24 09:30:00+00:00,63613.6,62129.6,0.0005,0.0005,4350,0.023059875181375037,5.86475286,profit_lock_compression_breakdown,67430.4,-0.06,63549.9,-0.020996486357524047,60580.0,64520.0,False,short_compression_breakdown,1.0,True,1718960400000,1719221400000,"[{'amount': 0.004, 'safe_price': 63613.6, 'ft_order_side': 'sell', 'order_filled_timestamp': 1718960400000, 'ft_is_entry': True, 'ft_order_tag': 'short_compression_breakdown', 'cost': 254.58162719999999}, {'amount': 0.004, 'safe_price': 62129.6, 'ft_order_side': 'buy', 'order_filled_timestamp': 1719221400000, 'ft_is_entry': False, 'ft_order_tag': 'profit_lock_compression_breakdown', 'cost': 248.64265919999997}]",0.18023925860068002,0
raw_be_guard_profit_lock_3y,Raw + Breakeven + Guard + ProfitLock,3y,profit_lock,TAO/USDT:USDT,174.7026,174.7026,0.639,2024-06-27 06:00:00+00:00,2024-06-27 12:30:00+00:00,273.4,285.24,0.0005,0.0005,390,-0.04424872757404262,-7.72650257,stop_loss,289.8,-0.06,285.24,-0.04331339547995161,272.25,285.65,False,short_pullback_restart,1.0,True,1719468000000,1719491400000,"[{'amount': 0.639, 'safe_price': 273.4, 'ft_order_side': 'sell', 'order_filled_timestamp': 1719468000000, 'ft_is_entry': True, 'ft_order_tag': 'short_pullback_restart', 'cost': 174.78995129999998}, {'amount': 0.639, 'safe_price': 285.24, 'ft_order_side': 'buy', 'order_filled_timestamp': 1719491400000, 'ft_is_entry': False, 'ft_order_tag': 'stop_loss', 'cost': 182.35949417999998}]",0.0177429074966415,3
raw_be_guard_profit_lock_3y,Raw + Breakeven + Guard + ProfitLock,3y,profit_lock,DOGE/USDT:USDT,244.92375,244.92375,2025.0,2024-06-27 06:00:00+00:00,2024-06-27 13:05:00+00:00,0.12095,0.12468,0.0005,0.0005,425,-0.031770294386803684,-7.77740899,stop_loss,0.1282,-0.06,0.12468,-0.03086485701092223,0.12059,0.1247,False,short_compression_breakdown,1.0,True,1719468000000,1719493500000,"[{'amount': 2025.0, 'safe_price': 0.12095, 'ft_order_side': 'sell', 'order_filled_timestamp': 1719468000000, 'ft_is_entry': True, 'ft_order_tag': 'short_compression_breakdown', 'cost': 245.046211875}, {'amount': 2025.0, 'safe_price': 0.12468, 'ft_order_side': 'buy', 'order_filled_timestamp': 1719493500000, 'ft_is_entry': False, 'ft_order_tag': 'stop_loss', 'cost': 252.6032385}]",0.024541382025,3
raw_be_guard_profit_lock_3y,Raw + Breakeven + Guard + ProfitLock,3y,profit_lock,XRP/USDT:USDT,352.779,352.779,749.0,2024-06-26 11:00:00+00:00,2024-06-28 07:50:00+00:00,0.471,0.4786,0.0005,0.0005,2690,-0.016693072753073107,-5.88602103,stop_loss,0.4992,-0.06,0.4786,-0.01628773025140151,0.4644,0.4794,False,short_pullback_restart,1.0,True,1719399600000,1719561000000,"[{'amount': 749.0, 'safe_price': 0.471, 'ft_order_side': 'sell', 'order_filled_timestamp': 1719399600000, 'ft_is_entry': True, 'ft_order_tag': 'short_pullback_restart', 'cost': 352.95538949999997}, {'amount': 749.0, 'safe_price': 0.4786, 'ft_order_side': 'buy', 'order_filled_timestamp': 1719561000000, 'ft_is_entry': False, 'ft_order_tag': 'stop_loss', 'cost': 358.6506357}]",0.162004170048,4
raw_be_guard_profit_lock_3y,Raw + Breakeven + Guard + ProfitLock,3y,profit_lock,SUI/USDT:USDT,260.62741,260.62741,332.9,2024-06-29 23:00:00+00:00,2024-06-30 13:55:00+00:00,0.7829,0.8051,0.0005,0.0005,895,-0.029192905288234355,-7.60466706,stop_loss,0.8298,-0.06,0.8051,-0.028397025725807712,0.7721,0.8051,False,short_pullback_restart,1.0,True,1719702000000,1719755700000,"[{'amount': 332.9, 'safe_price': 0.7829, 'ft_order_side': 'sell', 'order_filled_timestamp': 1719702000000, 'ft_is_entry': True, 'ft_order_tag': 'short_pullback_restart', 'cost': 260.757723705}, {'amount': 332.9, 'safe_price': 0.8051, 'ft_order_side': 'buy', 'order_filled_timestamp': 1719755700000, 'ft_is_entry': False, 'ft_order_tag': 'stop_loss', 'cost': 268.15179889499996}]",0.050035542320079535,6
raw_be_guard_profit_lock_3y,Raw + Breakeven + Guard + ProfitLock,3y,profit_lock,XRP/USDT:USDT,345.38361,345.38361,731.9,2024-06-29 23:00:00+00:00,2024-06-30 22:25:00+00:00,0.4719,0.4771,0.0005,0.0005,1405,-0.011781398286199707,-4.06706732,stop_loss,0.5002,-0.06,0.4771,-0.011065796134481554,0.4697,0.4771,False,short_pullback_restart,1.0,True,1719702000000,1719786300000,"[{'amount': 731.9, 'safe_price': 0.4719, 'ft_order_side': 'sell', 'order_filled_timestamp': 1719702000000, 'ft_is_entry': True, 'ft_order_tag': 'short_pullback_restart', 'cost': 345.556301805}, {'amount': 731.9, 'safe_price': 0.4771, 'ft_order_side': 'buy', 'order_filled_timestamp': 1719786300000, 'ft_is_entry': False, 'ft_order_tag': 'stop_loss', 'cost': 349.364084745}]",0.08609922860998473,6
raw_be_guard_profit_lock_3y,Raw + Breakeven + Guard + ProfitLock,3y,profit_lock,ETH/USDT:USDT,192.5586,192.5586,0.06,2024-07-04 02:00:00+00:00,2024-07-04 02:00:00+00:00,3209.31,3209.31,0.0005,0.0005,0,-0.0010005002501250625,-0.1925586,profit_lock_compression_breakdown,3401.86,-0.06,3330.57,-0.03778468079002972,3152.54,3210.2,False,short_compression_breakdown,1.0,True,1720058400000,1720058400000,"[{'amount': 0.06, 'safe_price': 3209.31, 'ft_order_side': 'sell', 'order_filled_timestamp': 1720058400000, 'ft_is_entry': True, 'ft_order_tag': 'short_compression_breakdown', 'cost': 192.65487929999998}, {'amount': 0.06, 'safe_price': 3209.31, 'ft_order_side': 'buy', 'order_filled_timestamp': 1720058400000, 'ft_is_entry': False, 'ft_order_tag': 'profit_lock_compression_breakdown', 'cost': 192.65487929999998}]",0.0,3
raw_be_guard_profit_lock_3y,Raw + Breakeven + Guard + ProfitLock,3y,profit_lock,BNB/USDT:USDT,155.8228,155.8228,0.29,2024-07-04 02:00:00+00:00,2024-07-04 02:00:00+00:00,537.32,537.32,0.0005,0.0005,0,-0.0010005002501250627,-0.1558228,profit_lock_compression_breakdown,569.55,-0.06,561.7,-0.04539175891897518,527.36,538.64,False,short_compression_breakdown,1.0,True,1720058400000,1720058400000,"[{'amount': 0.29, 'safe_price': 537.32, 'ft_order_side': 'sell', 'order_filled_timestamp': 1720058400000, 'ft_is_entry': True, 'ft_order_tag': 'short_compression_breakdown', 'cost': 155.9007114}, {'amount': 0.29, 'safe_price': 537.32, 'ft_order_side': 'buy', 'order_filled_timestamp': 1720058400000, 'ft_is_entry': False, 'ft_order_tag': 'profit_lock_compression_breakdown', 'cost': 155.9007114}]",0.0,3
raw_be_guard_profit_lock_3y,Raw + Breakeven + Guard + ProfitLock,3y,profit_lock,TRX/USDT:USDT,341.3421,341.3421,2673.0,2024-07-02 00:00:00+00:00,2024-07-05 02:45:00+00:00,0.1277,0.12515,0.0005,0.0005,4485,-0.02118133488173692,-7.23369637,stop_loss,0.12004,-0.06,0.12515,-0.019999987647789208,0.1249,0.13007,False,long_1d_center_compression,1.0,False,1719878400000,1720147500000,"[{'amount': 2673.0, 'safe_price': 0.1277, 'ft_order_side': 'buy', 'order_filled_timestamp': 1719878400000, 'ft_is_entry': True, 'ft_order_tag': 'long_1d_center_compression', 'cost': 341.51277104999997}, {'amount': 2673.0, 'safe_price': 0.12515, 'ft_order_side': 'sell', 'order_filled_timestamp': 1720147500000, 'ft_is_entry': False, 'ft_order_tag': 'stop_loss', 'cost': 334.693212975}]",-0.07961234659336532,4
raw_be_guard_profit_lock_3y,Raw + Breakeven + Guard + ProfitLock,3y,profit_lock,ADA/USDT:USDT,162.0255,162.0255,455.0,2024-07-07 14:00:00+00:00,2024-07-08 02:30:00+00:00,0.3561,0.3424,0.0005,0.0005,750,0.03767243568212292,6.10084328,profit_lock_pullback_restart,0.3774,-0.06,0.3557,-0.020493115318416466,0.3296,0.3626,False,short_pullback_restart,1.0,True,1720360800000,1720405800000,"[{'amount': 455.0, 'safe_price': 0.3561, 'ft_order_side': 'sell', 'order_filled_timestamp': 1720360800000, 'ft_is_entry': True, 'ft_order_tag': 'short_pullback_restart', 'cost': 162.10651275}, {'amount': 455.0, 'safe_price': 0.3424, 'ft_order_side': 'buy', 'order_filled_timestamp': 1720405800000, 'ft_is_entry': False, 'ft_order_tag': 'profit_lock_pullback_restart', 'cost': 155.86989599999998}]",0.026252030805,0
raw_be_guard_profit_lock_3y,Raw + Breakeven + Guard + ProfitLock,3y,profit_lock,ETH/USDT:USDT,264.26224,264.26224,0.088,2024-07-07 08:00:00+00:00,2024-07-08 06:20:00+00:00,3002.98,2929.23,0.0005,0.0005,1340,0.0238233783216998,6.29247151,profit_giveback_guard,3183.15,-0.06,2999.97,-0.0252826452494872,2821.26,3031.83,False,short_pullback_restart,1.0,True,1720339200000,1720419600000,"[{'amount': 0.088, 'safe_price': 3002.98, 'ft_order_side': 'sell', 'order_filled_timestamp': 1720339200000, 'ft_is_entry': True, 'ft_order_tag': 'short_pullback_restart', 'cost': 264.39437111999996}, {'amount': 0.088, 'safe_price': 2929.23, 'ft_order_side': 'buy', 'order_filled_timestamp': 1720419600000, 'ft_is_entry': False, 'ft_order_tag': 'profit_giveback_guard', 'cost': 257.90112612}]",0.06348874593849937,0
raw_be_guard_profit_lock_3y,Raw + Breakeven + Guard + ProfitLock,3y,profit_lock,DOGE/USDT:USDT,225.58928,225.58928,2128.0,2024-07-10 01:00:00+00:00,2024-07-10 04:25:00+00:00,0.10601,0.10946,0.0005,0.0005,205,-0.03357716024317224,-7.57086008,stop_loss,0.11237,-0.06,0.10946,-0.032572036171373275,0.10564,0.10975,False,short_pullback_restart,1.0,True,1720573200000,1720585500000,"[{'amount': 2128.0, 'safe_price': 0.10601, 'ft_order_side': 'sell', 'order_filled_timestamp': 1720573200000, 'ft_is_entry': True, 'ft_order_tag': 'short_pullback_restart', 'cost': 225.70207463999995}, {'amount': 2128.0, 'safe_price': 0.10946, 'ft_order_side': 'buy', 'order_filled_timestamp': 1720585500000, 'ft_is_entry': False, 'ft_order_tag': 'stop_loss', 'cost': 233.04734544}]",0.0,2
raw_be_guard_profit_lock_3y,Raw + Breakeven + Guard + ProfitLock,3y,profit_lock,LINK/USDT:USDT,214.21968,214.21968,16.98,2024-07-11 04:00:00+00:00,2024-07-11 12:30:00+00:00,12.616,13.046,0.0005,0.0005,510,-0.035016737524552255,-7.49752367,stop_loss,13.372,-0.06,13.046,-0.03412252025809859,12.591,13.16,False,short_pullback_restart,1.0,True,1720670400000,1720701000000,"[{'amount': 16.98, 'safe_price': 12.616, 'ft_order_side': 'sell', 'order_filled_timestamp': 1720670400000, 'ft_is_entry': True, 'ft_order_tag': 'short_pullback_restart', 'cost': 214.32678984}, {'amount': 16.98, 'safe_price': 13.046, 'ft_order_side': 'buy', 'order_filled_timestamp': 1720701000000, 'ft_is_entry': False, 'ft_order_tag': 'stop_loss', 'cost': 221.63184053999998}]",0.021746707596420004,3
raw_be_guard_profit_lock_3y,Raw + Breakeven + Guard + ProfitLock,3y,profit_lock,LINK/USDT:USDT,162.94985,162.94985,12.95,2024-07-25 19:00:00+00:00,2024-07-26 02:25:00+00:00,12.583,13.134,0.0005,0.0005,445,-0.04491318892714139,-7.3149381,trailing_stop_loss,13.337,-0.06,13.134,-0.04651361069881754,12.462,13.205,False,short_compression_breakdown,1.0,True,1721934000000,1721960700000,"[{'amount': 12.95, 'safe_price': 12.583, 'ft_order_side': 'sell', 'order_filled_timestamp': 1721934000000, 'ft_is_entry': True, 'ft_order_tag': 'short_compression_breakdown', 'cost': 163.03132492499998}, {'amount': 12.95, 'safe_price': 13.134, 'ft_order_side': 'buy', 'order_filled_timestamp': 1721960700000, 'ft_is_entry': False, 'ft_order_tag': 'trailing_stop_loss', 'cost': 170.17034264999998}]",-0.0129705252500264,4
raw_be_guard_profit_lock_3y,Raw + Breakeven + Guard + ProfitLock,3y,profit_lock,SUI/USDT:USDT,201.15975,201.15975,277.5,2024-07-30 15:00:00+00:00,2024-07-31 00:50:00+00:00,0.7249,0.7103,0.0005,0.0005,590,0.019072218032213963,3.83464433,profit_lock_compression_breakdown,0.7683,-0.06,0.7241,-0.022557328438294055,0.6934,0.7353,False,short_compression_breakdown,1.0,True,1722351600000,1722387000000,"[{'amount': 277.5, 'safe_price': 0.7249, 'ft_order_side': 'sell', 'order_filled_timestamp': 1722351600000, 'ft_is_entry': True, 'ft_order_tag': 'short_compression_breakdown', 'cost': 201.260329875}, {'amount': 277.5, 'safe_price': 0.7103, 'ft_order_side': 'buy', 'order_filled_timestamp': 1722387000000, 'ft_is_entry': False, 'ft_order_tag': 'profit_lock_compression_breakdown', 'cost': 197.206804125}]",-0.017721668227281752,2
raw_be_guard_profit_lock_3y,Raw + Breakeven + Guard + ProfitLock,3y,profit_lock,LINK/USDT:USDT,214.98692,214.98692,16.54,2024-07-31 17:00:00+00:00,2024-07-31 20:05:00+00:00,12.998,12.948,0.0005,0.0005,185,0.002850094073040521,0.61242658,profit_lock_compression_breakdown,13.777,-0.06,13.433,-0.0335367997805327,12.803,13.146,False,short_compression_breakdown,1.0,True,1722445200000,1722456300000,"[{'amount': 16.54, 'safe_price': 12.998, 'ft_order_side': 'sell', 'order_filled_timestamp': 1722445200000, 'ft_is_entry': True, 'ft_order_tag': 'short_compression_breakdown', 'cost': 215.09441345999997}, {'amount': 16.54, 'safe_price': 12.948, 'ft_order_side': 'buy', 'order_filled_timestamp': 1722456300000, 'ft_is_entry': False, 'ft_order_tag': 'profit_lock_compression_breakdown', 'cost': 214.26699996}]",0.0,2
raw_be_guard_profit_lock_3y,Raw + Breakeven + Guard + ProfitLock,3y,profit_lock,LINK/USDT:USDT,184.35266,184.35266,14.54,2024-08-01 05:00:00+00:00,2024-08-01 19:30:00+00:00,12.679,12.4,0.0005,0.0005,870,0.02098798968164024,3.86725713,profit_lock_compression_breakdown,13.439,-0.06,12.666,-0.024866170402136012,12.113,13.093,False,short_compression_breakdown,1.0,True,1722488400000,1722540600000,"[{'amount': 14.54, 'safe_price': 12.679, 'ft_order_side': 'sell', 'order_filled_timestamp': 1722488400000, 'ft_is_entry': True, 'ft_order_tag': 'short_compression_breakdown', 'cost': 184.44483633}, {'amount': 14.54, 'safe_price': 12.4, 'ft_order_side': 'buy', 'order_filled_timestamp': 1722540600000, 'ft_is_entry': False, 'ft_order_tag': 'profit_lock_compression_breakdown', 'cost': 180.386148}]",-0.007078541642000001,3
raw_be_guard_profit_lock_3y,Raw + Breakeven + Guard + ProfitLock,3y,profit_lock,DOGE/USDT:USDT,181.2856,181.2856,1640.0,2024-08-03 16:00:00+00:00,2024-08-03 23:20:00+00:00,0.11054,0.10841,0.0005,0.0005,440,0.0183273101598216,3.32081618,profit_giveback_guard,0.11717,-0.06,0.11042,-0.02249499999999993,0.10517,0.11129,False,short_pullback_restart,1.0,True,1722700800000,1722727200000,"[{'amount': 1640.0, 'safe_price': 0.11054, 'ft_order_side': 'sell', 'order_filled_timestamp': 1722700800000, 'ft_is_entry': True, 'ft_order_tag': 'short_pullback_restart', 'cost': 181.37624279999997}, {'amount': 1640.0, 'safe_price': 0.10841, 'ft_order_side': 'buy', 'order_filled_timestamp': 1722727200000, 'ft_is_entry': False, 'ft_order_tag': 'profit_giveback_guard', 'cost': 177.8812962}]",0.007155180157692001,5
raw_be_guard_profit_lock_3y,Raw + Breakeven + Guard + ProfitLock,3y,profit_lock,BNB/USDT:USDT,266.075,266.075,0.5,2024-08-03 16:00:00+00:00,2024-08-03 23:30:00+00:00,532.15,530.49,0.0005,0.0005,450,0.0021220419474042196,0.56434,profit_lock_pullback_restart,564.07,-0.06,546.43,-0.026849665162841818,521.36,534.19,False,short_pullback_restart,1.0,True,1722700800000,1722727800000,"[{'amount': 0.5, 'safe_price': 532.15, 'ft_order_side': 'sell', 'order_filled_timestamp': 1722700800000, 'ft_is_entry': True, 'ft_order_tag': 'short_pullback_restart', 'cost': 266.2080375}, {'amount': 0.5, 'safe_price': 530.49, 'ft_order_side': 'buy', 'order_filled_timestamp': 1722727800000, 'ft_is_entry': False, 'ft_order_tag': 'profit_lock_pullback_restart', 'cost': 265.3776225}]",0.0,5
raw_be_guard_profit_lock_3y,Raw + Breakeven + Guard + ProfitLock,3y,profit_lock,BNB/USDT:USDT,147.4853,147.4853,0.29,2024-08-04 15:00:00+00:00,2024-08-04 15:35:00+00:00,508.57,507.06,0.0005,0.0005,35,0.0019715798084267372,0.29063365,profit_lock_compression_breakdown,539.08,-0.06,532.94,-0.04792947992502272,501.0,508.66,False,short_compression_breakdown,1.0,True,1722783600000,1722785700000,"[{'amount': 0.29, 'safe_price': 508.57, 'ft_order_side': 'sell', 'order_filled_timestamp': 1722783600000, 'ft_is_entry': True, 'ft_order_tag': 'short_compression_breakdown', 'cost': 147.55904264999998}, {'amount': 0.29, 'safe_price': 507.06, 'ft_order_side': 'buy', 'order_filled_timestamp': 1722785700000, 'ft_is_entry': False, 'ft_order_tag': 'profit_lock_compression_breakdown', 'cost': 147.12092369999996}]",0.0,6
raw_be_guard_profit_lock_3y,Raw + Breakeven + Guard + ProfitLock,3y,profit_lock,BNB/USDT:USDT,157.3935,157.3935,0.33,2024-08-07 15:00:00+00:00,2024-08-08 01:05:00+00:00,476.95,475.64,0.0005,0.0005,605,0.0017488668854817387,0.27512265,profit_lock_pullback_restart,505.56,-0.06,498.78,-0.045780167888077816,467.4,482.0,False,short_pullback_restart,1.0,True,1723042800000,1723079100000,"[{'amount': 0.33, 'safe_price': 476.95, 'ft_order_side': 'sell', 'order_filled_timestamp': 1723042800000, 'ft_is_entry': True, 'ft_order_tag': 'short_pullback_restart', 'cost': 157.47219675}, {'amount': 0.33, 'safe_price': 475.64, 'ft_order_side': 'buy', 'order_filled_timestamp': 1723079100000, 'ft_is_entry': False, 'ft_order_tag': 'profit_lock_pullback_restart', 'cost': 157.03968059999997}]",0.0,3
raw_be_guard_profit_lock_3y,Raw + Breakeven + Guard + ProfitLock,3y,profit_lock,NEAR/USDT:USDT,159.777,159.777,41.0,2024-08-19 00:00:00+00:00,2024-08-20 00:30:00+00:00,3.897,4.071,0.0005,0.0005,1470,-0.045804706492765836,-7.31487932,stop_loss,4.13,-0.06,4.071,-0.04486033767805919,3.83,4.098,False,short_pullback_restart,1.0,True,1724025600000,1724113800000,"[{'amount': 41.0, 'safe_price': 3.897, 'ft_order_side': 'sell', 'order_filled_timestamp': 1724025600000, 'ft_is_entry': True, 'ft_order_tag': 'short_pullback_restart', 'cost': 159.85688849999997}, {'amount': 41.0, 'safe_price': 4.071, 'ft_order_side': 'buy', 'order_filled_timestamp': 1724113800000, 'ft_is_entry': False, 'ft_order_tag': 'stop_loss', 'cost': 166.9944555}]",-0.0175353189545116,1
raw_be_guard_profit_lock_3y,Raw + Breakeven + Guard + ProfitLock,3y,profit_lock,ADA/USDT:USDT,221.8952,221.8952,632.0,2024-08-30 12:00:00+00:00,2024-08-30 18:30:00+00:00,0.3511,0.3466,0.0005,0.0005,390,0.011878360124724527,2.63443322,profit_lock_pullback_restart,0.3721,-0.06,0.3507,-0.028589149560117377,0.337,0.3545,False,short_pullback_restart,1.0,True,1725019200000,1725042600000,"[{'amount': 632.0, 'safe_price': 0.3511, 'ft_order_side': 'sell', 'order_filled_timestamp': 1725019200000, 'ft_is_entry': True, 'ft_order_tag': 'short_pullback_restart', 'cost': 222.0061476}, {'amount': 632.0, 'safe_price': 0.3466, 'ft_order_side': 'buy', 'order_filled_timestamp': 1725042600000, 'ft_is_entry': False, 'ft_order_tag': 'profit_lock_pullback_restart', 'cost': 219.1607256}]",0.010906424431529602,4
raw_be_guard_profit_lock_3y,Raw + Breakeven + Guard + ProfitLock,3y,profit_lock,NEAR/USDT:USDT,201.4,201.4,50.0,2024-08-31 17:00:00+00:00,2024-09-01 08:00:00+00:00,4.028,4.013,0.0005,0.0005,900,0.002903086200498462,0.58438922,profit_lock_pullback_restart,4.269,-0.06,4.023,-0.022350609756097484,3.928,4.07,False,short_pullback_restart,1.0,True,1725123600000,1725177600000,"[{'amount': 50.0, 'safe_price': 4.028, 'ft_order_side': 'sell', 'order_filled_timestamp': 1725123600000, 'ft_is_entry': True, 'ft_order_tag': 'short_pullback_restart', 'cost': 201.50069999999997}, {'amount': 50.0, 'safe_price': 4.013, 'ft_order_side': 'buy', 'order_filled_timestamp': 1725177600000, 'ft_is_entry': False, 'ft_order_tag': 'profit_lock_pullback_restart', 'cost': 200.750325}]",0.035414225,6
raw_be_guard_profit_lock_3y,Raw + Breakeven + Guard + ProfitLock,3y,profit_lock,SOL/USDT:USDT,89.50329,89.50329,0.67,2024-09-01 02:00:00+00:00,2024-09-01 15:35:00+00:00,133.587,133.453,0.0005,0.0005,815,-2.256184861852475e-05,-0.00201835,trailing_stop_loss,141.602,-0.06,133.453,-0.02167638682610873,130.0,134.399,False,short_compression_breakdown,1.0,True,1725156000000,1725204900000,"[{'amount': 0.67, 'safe_price': 133.587, 'ft_order_side': 'sell', 'order_filled_timestamp': 1725156000000, 'ft_is_entry': True, 'ft_order_tag': 'short_compression_breakdown', 'cost': 89.54804164499998}, {'amount': 0.67, 'safe_price': 133.453, 'ft_order_side': 'buy', 'order_filled_timestamp': 1725204900000, 'ft_is_entry': False, 'ft_order_tag': 'trailing_stop_loss', 'cost': 89.458216755}]",-0.0023399537811,6
raw_be_guard_profit_lock_3y,Raw + Breakeven + Guard + ProfitLock,3y,profit_lock,ZEC/USDT:USDT,338.05176,338.05176,10.392,2024-08-31 16:00:00+00:00,2024-09-01 22:55:00+00:00,32.53,29.26,0.0005,0.0005,1855,0.0999497654650978,33.77130003,roi,34.48,-0.06,32.49,-0.020649183417085437,29.17,32.7,False,short_pullback_restart,1.0,True,1725120000000,1725231300000,"[{'amount': 10.392, 'safe_price': 32.53, 'ft_order_side': 'sell', 'order_filled_timestamp': 1725120000000, 'ft_is_entry': True, 'ft_order_tag': 'short_pullback_restart', 'cost': 338.22078588}, {'amount': 10.392, 'safe_price': 29.26, 'ft_order_side': 'buy', 'order_filled_timestamp': 1725231300000, 'ft_is_entry': False, 'ft_order_tag': 'roi', 'cost': 304.22195496}]",0.11052087161759999,6
raw_be_guard_profit_lock_3y,Raw + Breakeven + Guard + ProfitLock,3y,profit_lock,BNB/USDT:USDT,335.9538,335.9538,0.63,2024-08-31 17:00:00+00:00,2024-09-02 10:25:00+00:00,533.26,519.67,0.0005,0.0005,2485,0.024457367420048177,8.21243725,profit_giveback_guard,565.25,-0.06,532.72,-0.02250813819577724,501.7,534.78,False,short_pullback_restart,1.0,True,1725123600000,1725272700000,"[{'amount': 0.63, 'safe_price': 533.26, 'ft_order_side': 'sell', 'order_filled_timestamp': 1725123600000, 'ft_is_entry': True, 'ft_order_tag': 'short_pullback_restart', 'cost': 336.1217769}, {'amount': 0.63, 'safe_price': 519.67, 'ft_order_side': 'buy', 'order_filled_timestamp': 1725272700000, 'ft_is_entry': False, 'ft_order_tag': 'profit_giveback_guard', 'cost': 327.55579604999997}]",-0.017589799201488572,0
raw_be_guard_profit_lock_3y,Raw + Breakeven + Guard + ProfitLock,3y,profit_lock,ZEC/USDT:USDT,189.78668,189.78668,6.484,2024-09-03 14:00:00+00:00,2024-09-03 19:55:00+00:00,29.27,29.17,0.0005,0.0005,355,0.0024675072560677203,0.46806586,profit_lock_pullback_restart,31.02,-0.06,30.43,-0.03983251886397121,28.67,29.27,False,short_pullback_restart,1.0,True,1725372000000,1725393300000,"[{'amount': 6.484, 'safe_price': 29.27, 'ft_order_side': 'sell', 'order_filled_timestamp': 1725372000000, 'ft_is_entry': True, 'ft_order_tag': 'short_pullback_restart', 'cost': 189.88157334}, {'amount': 6.484, 'safe_price': 29.17, 'ft_order_side': 'buy', 'order_filled_timestamp': 1725393300000, 'ft_is_entry': False, 'ft_order_tag': 'profit_lock_pullback_restart', 'cost': 189.23284913999998}]",0.009128341190400001,1
raw_be_guard_profit_lock_3y,Raw + Breakeven + Guard + ProfitLock,3y,profit_lock,ETH/USDT:USDT,269.8488,269.8488,0.108,2024-09-03 09:00:00+00:00,2024-09-04 01:00:00+00:00,2498.6,2394.77,0.0005,0.0005,960,0.040725559022740915,10.98424836,profit_lock_pullback_restart,2648.51,-0.06,2496.1,-0.02191601468944593,2304.87,2518.0,False,short_pullback_restart,1.0,True,1725354000000,1725411600000,"[{'amount': 0.108, 'safe_price': 2498.6, 'ft_order_side': 'sell', 'order_filled_timestamp': 1725354000000, 'ft_is_entry': True, 'ft_order_tag': 'short_pullback_restart', 'cost': 269.98372439999997}, {'amount': 0.108, 'safe_price': 2394.77, 'ft_order_side': 'buy', 'order_filled_timestamp': 1725411600000, 'ft_is_entry': False, 'ft_order_tag': 'profit_lock_pullback_restart', 'cost': 258.76447757999995}]",0.034850337192368436,2
raw_be_guard_profit_lock_3y,Raw + Breakeven + Guard + ProfitLock,3y,profit_lock,DOGE/USDT:USDT,284.45126,284.45126,2894.0,2024-09-03 14:00:00+00:00,2024-09-04 01:00:00+00:00,0.09829,0.0958,0.0005,0.0005,660,0.024436251825042558,6.94744716,profit_giveback_guard,0.10418,-0.06,0.09819,-0.026251149665551754,0.09189,0.09857,False,short_pullback_restart,1.0,True,1725372000000,1725411600000,"[{'amount': 2894.0, 'safe_price': 0.09829, 'ft_order_side': 'sell', 'order_filled_timestamp': 1725372000000, 'ft_is_entry': True, 'ft_order_tag': 'short_pullback_restart', 'cost': 284.59348563}, {'amount': 2894.0, 'safe_price': 0.0958, 'ft_order_side': 'buy', 'order_filled_timestamp': 1725411600000, 'ft_is_entry': False, 'ft_order_tag': 'profit_giveback_guard', 'cost': 277.3838226}]",0.022235394194878,2
raw_be_guard_profit_lock_3y,Raw + Breakeven + Guard + ProfitLock,3y,profit_lock,LINK/USDT:USDT,191.29397,191.29397,18.83,2024-09-05 04:00:00+00:00,2024-09-06 02:20:00+00:00,10.159,10.136,0.0005,0.0005,1340,0.0012580217033657229,0.24053164,profit_lock_pullback_restart,10.768,-0.06,10.148,-0.021524006039255195,9.904,10.3,False,short_pullback_restart,1.0,True,1725508800000,1725589200000,"[{'amount': 18.83, 'safe_price': 10.159, 'ft_order_side': 'sell', 'order_filled_timestamp': 1725508800000, 'ft_is_entry': True, 'ft_order_tag': 'short_pullback_restart', 'cost': 191.389616985}, {'amount': 18.83, 'safe_price': 10.136, 'ft_order_side': 'buy', 'order_filled_timestamp': 1725589200000, 'ft_is_entry': False, 'ft_order_tag': 'profit_lock_pullback_restart', 'cost': 190.95631043999998}]",-0.001480930680955985,4
raw_be_guard_profit_lock_3y,Raw + Breakeven + Guard + ProfitLock,3y,profit_lock,DOGE/USDT:USDT,213.96375,213.96375,2223.0,2024-09-05 04:00:00+00:00,2024-09-06 23:25:00+00:00,0.09625,0.09226,0.0005,0.0005,2605,0.040724538841386736,8.70921826,profit_lock_pullback_restart,0.10202,-0.06,0.09615,-0.021499521937745625,0.08886,0.0994,False,short_pullback_restart,1.0,True,1725508800000,1725665100000,"[{'amount': 2223.0, 'safe_price': 0.09625, 'ft_order_side': 'sell', 'order_filled_timestamp': 1725508800000, 'ft_is_entry': True, 'ft_order_tag': 'short_pullback_restart', 'cost': 214.07073187499998}, {'amount': 2223.0, 'safe_price': 0.09226, 'ft_order_side': 'buy', 'order_filled_timestamp': 1725665100000, 'ft_is_entry': False, 'ft_order_tag': 'profit_lock_pullback_restart', 'cost': 205.19652698999997}]",0.048977120427885,4
raw_be_guard_profit_lock_3y,Raw + Breakeven + Guard + ProfitLock,3y,profit_lock,XRP/USDT:USDT,335.478,335.478,607.2,2024-09-05 04:00:00+00:00,2024-09-07 05:10:00+00:00,0.5525,0.5255,0.0005,0.0005,2950,0.047841832940507596,16.04185749,profit_lock_pullback_restart,0.5856,-0.06,0.5519,-0.023641505934718143,0.5021,0.5552,False,short_pullback_restart,1.0,True,1725508800000,1725685800000,"[{'amount': 607.2, 'safe_price': 0.5525, 'ft_order_side': 'sell', 'order_filled_timestamp': 1725508800000, 'ft_is_entry': True, 'ft_order_tag': 'short_pullback_restart', 'cost': 335.645739}, {'amount': 607.2, 'safe_price': 0.5255, 'ft_order_side': 'buy', 'order_filled_timestamp': 1725685800000, 'ft_is_entry': False, 'ft_order_tag': 'profit_lock_pullback_restart', 'cost': 319.2431418}]",-0.025261707525740404,5
raw_be_guard_profit_lock_3y,Raw + Breakeven + Guard + ProfitLock,3y,profit_lock,BTC/USDT:USDT,285.5205,285.5205,0.005,2024-09-05 04:00:00+00:00,2024-09-07 12:50:00+00:00,57104.1,54564.4,0.0005,0.0005,3410,0.04352168795954591,12.42012094,profit_lock_pullback_restart,60530.3,-0.06,57046.9,-0.020790799336495747,52510.8,57300.0,False,short_pullback_restart,1.0,True,1725508800000,1725713400000,"[{'amount': 0.005, 'safe_price': 57104.1, 'ft_order_side': 'sell', 'order_filled_timestamp': 1725508800000, 'ft_is_entry': True, 'ft_order_tag': 'short_pullback_restart', 'cost': 285.66326025}, {'amount': 0.005, 'safe_price': 54564.4, 'ft_order_side': 'buy', 'order_filled_timestamp': 1725713400000, 'ft_is_entry': False, 'ft_order_tag': 'profit_lock_pullback_restart', 'cost': 272.958411}]",0.0007921906696178748,5
raw_be_guard_profit_lock_3y,Raw + Breakeven + Guard + ProfitLock,3y,profit_lock,XRP/USDT:USDT,372.14768,372.14768,606.4,2024-09-29 00:00:00+00:00,2024-09-30 10:00:00+00:00,0.6137,0.6337,0.0005,0.0005,2040,0.031037963952540482,11.55648163,profit_giveback_guard,0.5769,-0.06,0.6144,-0.024589234677675598,0.6075,0.6661,False,long_1d_center_compression,1.0,False,1727568000000,1727690400000,"[{'amount': 606.4, 'safe_price': 0.6137, 'ft_order_side': 'buy', 'order_filled_timestamp': 1727568000000, 'ft_is_entry': True, 'ft_order_tag': 'long_1d_center_compression', 'cost': 372.33375384}, {'amount': 606.4, 'safe_price': 0.6337, 'ft_order_side': 'sell', 'order_filled_timestamp': 1727690400000, 'ft_is_entry': False, 'ft_order_tag': 'profit_giveback_guard', 'cost': 384.46781784}]",-0.1933066869152,0
raw_be_guard_profit_lock_3y,Raw + Breakeven + Guard + ProfitLock,3y,profit_lock,ZEC/USDT:USDT,189.56833,189.56833,6.797,2024-09-30 16:00:00+00:00,2024-10-01 00:10:00+00:00,27.89,27.8,0.0005,0.0005,490,0.002429282082475152,0.46028469,profit_lock_compression_breakdown,29.56,-0.06,29.07,-0.04252126918722965,27.43,28.31,False,short_compression_breakdown,1.0,True,1727712000000,1727741400000,"[{'amount': 6.797, 'safe_price': 27.89, 'ft_order_side': 'sell', 'order_filled_timestamp': 1727712000000, 'ft_is_entry': True, 'ft_order_tag': 'short_compression_breakdown', 'cost': 189.663114165}, {'amount': 6.797, 'safe_price': 27.8, 'ft_order_side': 'buy', 'order_filled_timestamp': 1727741400000, 'ft_is_entry': False, 'ft_order_tag': 'profit_lock_compression_breakdown', 'cost': 189.0510783}]",0.037817154227916,1
raw_be_guard_profit_lock_3y,Raw + Breakeven + Guard + ProfitLock,3y,profit_lock,ADA/USDT:USDT,318.4863,318.4863,937.0,2024-10-09 13:00:00+00:00,2024-10-09 23:05:00+00:00,0.3399,0.3401,0.0005,0.0005,605,-0.0016165930885431738,-0.51460532,profit_lock_compression_breakdown,0.3602,-0.06,0.3483,-0.024992176980683345,0.3336,0.344,False,short_compression_breakdown,1.0,True,1728478800000,1728515100000,"[{'amount': 937.0, 'safe_price': 0.3399, 'ft_order_side': 'sell', 'order_filled_timestamp': 1728478800000, 'ft_is_entry': True, 'ft_order_tag': 'short_compression_breakdown', 'cost': 318.64554315}, {'amount': 937.0, 'safe_price': 0.3401, 'ft_order_side': 'buy', 'order_filled_timestamp': 1728515100000, 'ft_is_entry': False, 'ft_order_tag': 'profit_lock_compression_breakdown', 'cost': 318.83303685}]",-0.0086253235022934,2
raw_be_guard_profit_lock_3y,Raw + Breakeven + Guard + ProfitLock,3y,profit_lock,XRP/USDT:USDT,337.83608,337.83608,646.7,2024-10-09 21:00:00+00:00,2024-10-10 12:50:00+00:00,0.5224,0.5348,0.0005,0.0005,950,-0.024559802563751794,-8.29303883,stop_loss,0.5537,-0.06,0.5348,-0.023866658371404004,0.5206,0.5359,False,short_pullback_restart,1.0,True,1728507600000,1728564600000,"[{'amount': 646.7, 'safe_price': 0.5224, 'ft_order_side': 'sell', 'order_filled_timestamp': 1728507600000, 'ft_is_entry': True, 'ft_order_tag': 'short_pullback_restart', 'cost': 338.00499804}, {'amount': 646.7, 'safe_price': 0.5348, 'ft_order_side': 'buy', 'order_filled_timestamp': 1728564600000, 'ft_is_entry': False, 'ft_order_tag': 'stop_loss', 'cost': 346.02808758000003}]",0.0678867937989,3
raw_be_guard_profit_lock_3y,Raw + Breakeven + Guard + ProfitLock,3y,profit_lock,LINK/USDT:USDT,42.62598,42.62598,4.09,2024-10-09 21:00:00+00:00,2024-10-10 18:45:00+00:00,10.422,10.384,0.0005,0.0005,1305,0.002903663346810418,0.12370961,profit_lock_compression_breakdown,11.047,-0.06,10.825,-0.03185361157312672,10.243,10.735,False,short_compression_breakdown,1.0,True,1728507600000,1728585900000,"[{'amount': 4.09, 'safe_price': 10.422, 'ft_order_side': 'sell', 'order_filled_timestamp': 1728507600000, 'ft_is_entry': True, 'ft_order_tag': 'short_compression_breakdown', 'cost': 42.64729299}, {'amount': 4.09, 'safe_price': 10.384, 'ft_order_side': 'buy', 'order_filled_timestamp': 1728585900000, 'ft_is_entry': False, 'ft_order_tag': 'profit_lock_compression_breakdown', 'cost': 42.49179528}]",0.0108378790562,3
raw_be_guard_profit_lock_3y,Raw + Breakeven + Guard + ProfitLock,3y,profit_lock,TRX/USDT:USDT,376.23053,376.23053,2351.0,2024-10-09 00:00:00+00:00,2024-10-14 08:05:00+00:00,0.16003,0.1602,0.0005,0.0005,7685,-0.0008637848950630408,-0.32514474,trailing_stop_loss,0.15043,-0.06,0.1602,-0.02042420351005947,0.158,0.16405,False,long_1d_center_compression,1.0,False,1728432000000,1728893100000,"[{'amount': 2351.0, 'safe_price': 0.16003, 'ft_order_side': 'buy', 'order_filled_timestamp': 1728432000000, 'ft_is_entry': True, 'ft_order_tag': 'long_1d_center_compression', 'cost': 376.41864526499995}, {'amount': 2351.0, 'safe_price': 0.1602, 'ft_order_side': 'sell', 'order_filled_timestamp': 1728893100000, 'ft_is_entry': False, 'ft_order_tag': 'trailing_stop_loss', 'cost': 376.81851509999996}]",-0.3483843709891543,0
raw_be_guard_profit_lock_3y,Raw + Breakeven + Guard + ProfitLock,3y,profit_lock,LINK/USDT:USDT,232.06736,232.06736,21.64,2024-10-13 15:00:00+00:00,2024-10-14 13:45:00+00:00,10.724,11.093,0.0005,0.0005,1365,-0.0351409691822796,-8.15099441,stop_loss,11.367,-0.06,11.093,-0.03445704060675081,10.6,11.099,False,short_pullback_restart,1.0,True,1728831600000,1728913500000,"[{'amount': 21.64, 'safe_price': 10.724, 'ft_order_side': 'sell', 'order_filled_timestamp': 1728831600000, 'ft_is_entry': True, 'ft_order_tag': 'short_pullback_restart', 'cost': 232.18339368}, {'amount': 21.64, 'safe_price': 11.093, 'ft_order_side': 'buy', 'order_filled_timestamp': 1728913500000, 'ft_is_entry': False, 'ft_order_tag': 'stop_loss', 'cost': 240.17254626}]",0.07022553320296,0
raw_be_guard_profit_lock_3y,Raw + Breakeven + Guard + ProfitLock,3y,profit_lock,SOL/USDT:USDT,369.9982,369.9982,2.21,2024-10-21 00:00:00+00:00,2024-10-21 08:45:00+00:00,167.42,167.588,0.0005,0.0005,525,-0.00019769054937642091,-0.07318172,trailing_stop_loss,157.375,-0.06,167.588,-0.019956608187134628,167.19,171.93,False,long_1d_center_compression,1.0,False,1729468800000,1729500300000,"[{'amount': 2.21, 'safe_price': 167.42, 'ft_order_side': 'buy', 'order_filled_timestamp': 1729468800000, 'ft_is_entry': True, 'ft_order_tag': 'long_1d_center_compression', 'cost': 370.1831990999999}, {'amount': 2.21, 'safe_price': 167.588, 'ft_order_side': 'sell', 'order_filled_timestamp': 1729500300000, 'ft_is_entry': False, 'ft_order_tag': 'trailing_stop_loss', 'cost': 370.5546647399999}]",-0.07427787551925,0
raw_be_guard_profit_lock_3y,Raw + Breakeven + Guard + ProfitLock,3y,profit_lock,XRP/USDT:USDT,370.3224,370.3224,703.5,2024-10-23 08:00:00+00:00,2024-10-23 22:15:00+00:00,0.5264,0.5245,0.0005,0.0005,855,0.0028121855379226977,1.04089459,profit_lock_compression_breakdown,0.5579,-0.06,0.5258,-0.021312099436783694,0.5113,0.529,False,short_compression_breakdown,1.0,True,1729670400000,1729721700000,"[{'amount': 703.5, 'safe_price': 0.5264, 'ft_order_side': 'sell', 'order_filled_timestamp': 1729670400000, 'ft_is_entry': True, 'ft_order_tag': 'short_compression_breakdown', 'cost': 370.50756119999994}, {'amount': 703.5, 'safe_price': 0.5245, 'ft_order_side': 'buy', 'order_filled_timestamp': 1729721700000, 'ft_is_entry': False, 'ft_order_tag': 'profit_lock_compression_breakdown', 'cost': 369.170242875}]",0.0738986601255,2
raw_be_guard_profit_lock_3y,Raw + Breakeven + Guard + ProfitLock,3y,profit_lock,DOGE/USDT:USDT,338.79959,338.79959,2099.0,2024-10-29 00:00:00+00:00,2024-10-29 16:20:00+00:00,0.16141,0.17778,0.0005,0.0005,980,0.10000899884824815,33.89994931,roi,0.15173,-0.06,0.16158,-0.024680610889774468,0.16048,0.17912,False,long_1d_center_compression,1.0,False,1730160000000,1730218800000,"[{'amount': 2099.0, 'safe_price': 0.16141, 'ft_order_side': 'buy', 'order_filled_timestamp': 1730160000000, 'ft_is_entry': True, 'ft_order_tag': 'long_1d_center_compression', 'cost': 338.968989795}, {'amount': 2099.0, 'safe_price': 0.17778, 'ft_order_side': 'sell', 'order_filled_timestamp': 1730218800000, 'ft_is_entry': False, 'ft_order_tag': 'roi', 'cost': 373.34680010999995}]",-0.10470078573,1
raw_be_guard_profit_lock_3y,Raw + Breakeven + Guard + ProfitLock,3y,profit_lock,BTC/USDT:USDT,349.6995,349.6995,0.005,2024-10-29 00:00:00+00:00,2024-10-30 13:45:00+00:00,69939.9,71507.4,0.0005,0.0005,2265,0.020878159417000816,7.30473245,profit_giveback_guard,65743.6,-0.06,70009.9,-0.02230452469730626,69733.0,73660.0,False,long_1d_center_compression,1.0,False,1730160000000,1730295900000,"[{'amount': 0.005, 'safe_price': 69939.9, 'ft_order_side': 'buy', 'order_filled_timestamp': 1730160000000, 'ft_is_entry': True, 'ft_order_tag': 'long_1d_center_compression', 'cost': 349.87434974999996}, {'amount': 0.005, 'safe_price': 71507.4, 'ft_order_side': 'sell', 'order_filled_timestamp': 1730295900000, 'ft_is_entry': False, 'ft_order_tag': 'profit_giveback_guard', 'cost': 357.71576849999997}]",-0.179149295776595,2
raw_be_guard_profit_lock_3y,Raw + Breakeven + Guard + ProfitLock,3y,profit_lock,TRX/USDT:USDT,370.60464,370.60464,2251.0,2024-10-25 00:00:00+00:00,2024-11-02 18:10:00+00:00,0.16464,0.16578,0.0005,0.0005,12610,0.004295338568340916,1.59266834,profit_lock_long_center,0.15477,-0.06,0.16481,-0.020710440311367262,0.16175,0.17068,False,long_1d_center_compression,1.0,False,1729814400000,1730571000000,"[{'amount': 2251.0, 'safe_price': 0.16464, 'ft_order_side': 'buy', 'order_filled_timestamp': 1729814400000, 'ft_is_entry': True, 'ft_order_tag': 'long_1d_center_compression', 'cost': 370.78994232}, {'amount': 2251.0, 'safe_price': 0.16578, 'ft_order_side': 'sell', 'order_filled_timestamp': 1730571000000, 'ft_is_entry': False, 'ft_order_tag': 'profit_lock_long_center', 'cost': 373.35736539000004}]",-0.6015839504319543,5
raw_be_guard_profit_lock_3y,Raw + Breakeven + Guard + ProfitLock,3y,profit_lock,TAO/USDT:USDT,224.80716,224.80716,0.498,2024-11-02 13:00:00+00:00,2024-11-02 21:15:00+00:00,451.42,444.98,0.0005,0.0005,495,0.013376994852437332,3.0057406,profit_lock_pullback_restart,478.5,-0.06,450.96,-0.02450947339724663,430.02,453.11,False,short_pullback_restart,1.0,True,1730552400000,1730582100000,"[{'amount': 0.498, 'safe_price': 451.42, 'ft_order_side': 'sell', 'order_filled_timestamp': 1730552400000, 'ft_is_entry': True, 'ft_order_tag': 'short_pullback_restart', 'cost': 224.91956358}, {'amount': 0.498, 'safe_price': 444.98, 'ft_order_side': 'buy', 'order_filled_timestamp': 1730582100000, 'ft_is_entry': False, 'ft_order_tag': 'profit_lock_pullback_restart', 'cost': 221.71084002}]",0.021824198036079004,5
raw_be_guard_profit_lock_3y,Raw + Breakeven + Guard + ProfitLock,3y,profit_lock,NEAR/USDT:USDT,243.432,243.432,63.0,2024-11-02 13:00:00+00:00,2024-11-03 03:15:00+00:00,3.864,3.722,0.0005,0.0005,855,0.0358723784564733,8.72811859,profit_lock_compression_breakdown,4.095,-0.06,3.86,-0.02092991272150213,3.643,3.926,False,short_compression_breakdown,1.0,True,1730552400000,1730603700000,"[{'amount': 63.0, 'safe_price': 3.864, 'ft_order_side': 'sell', 'order_filled_timestamp': 1730552400000, 'ft_is_entry': True, 'ft_order_tag': 'short_compression_breakdown', 'cost': 243.55371599999998}, {'amount': 63.0, 'safe_price': 3.722, 'ft_order_side': 'buy', 'order_filled_timestamp': 1730603700000, 'ft_is_entry': False, 'ft_order_tag': 'profit_lock_compression_breakdown', 'cost': 234.60324299999996}]",0.021077589708,6
raw_be_guard_profit_lock_3y,Raw + Breakeven + Guard + ProfitLock,3y,profit_lock,XRP/USDT:USDT,350.49014,350.49014,700.7,2024-11-03 03:00:00+00:00,2024-11-04 10:00:00+00:00,0.5002,0.5121,0.0005,0.0005,1860,-0.024463074776516186,-8.56977947,stop_loss,0.5302,-0.06,0.5121,-0.02383787276410243,0.4914,0.5126,False,short_pullback_restart,1.0,True,1730602800000,1730714400000,"[{'amount': 700.7, 'safe_price': 0.5002, 'ft_order_side': 'sell', 'order_filled_timestamp': 1730602800000, 'ft_is_entry': True, 'ft_order_tag': 'short_pullback_restart', 'cost': 350.66538506999996}, {'amount': 700.7, 'safe_price': 0.5121, 'ft_order_side': 'buy', 'order_filled_timestamp': 1730714400000, 'ft_is_entry': False, 'ft_order_tag': 'stop_loss', 'cost': 359.007884235}]",0.12320983024350002,0
raw_be_guard_profit_lock_3y,Raw + Breakeven + Guard + ProfitLock,3y,profit_lock,TRX/USDT:USDT,386.51994,386.51994,2061.0,2024-11-13 00:00:00+00:00,2024-11-13 01:00:00+00:00,0.18754,0.18773,0.0005,0.0005,60,-0.0002622650067488463,-0.10142134,trailing_stop_loss,0.17629,-0.06,0.18773,-0.020211169102296367,0.18661,0.19245,False,long_1d_center_compression,1.0,False,1731456000000,1731459600000,"[{'amount': 2061.0, 'safe_price': 0.18754, 'ft_order_side': 'buy', 'order_filled_timestamp': 1731456000000, 'ft_is_entry': True, 'ft_order_tag': 'long_1d_center_compression', 'cost': 386.71319997}, {'amount': 2061.0, 'safe_price': 0.18773, 'ft_order_side': 'sell', 'order_filled_timestamp': 1731459600000, 'ft_is_entry': False, 'ft_order_tag': 'trailing_stop_loss', 'cost': 387.104985765}]",-0.10629560567526299,2
raw_be_guard_profit_lock_3y,Raw + Breakeven + Guard + ProfitLock,3y,profit_lock,XRP/USDT:USDT,386.60397,386.60397,262.3,2024-11-23 00:00:00+00:00,2024-11-23 01:05:00+00:00,1.4739,1.6232,0.0005,0.0005,65,0.09998228741773477,38.67287602,roi,1.3855,-0.06,1.4754,-0.028272475795297458,1.4711,1.635,False,long_1d_center_compression,1.0,False,1732320000000,1732323900000,"[{'amount': 262.3, 'safe_price': 1.4739, 'ft_order_side': 'buy', 'order_filled_timestamp': 1732320000000, 'ft_is_entry': True, 'ft_order_tag': 'long_1d_center_compression', 'cost': 386.797271985}, {'amount': 262.3, 'safe_price': 1.6232, 'ft_order_side': 'sell', 'order_filled_timestamp': 1732323900000, 'ft_is_entry': False, 'ft_order_tag': 'roi', 'cost': 425.97824267999994}]",-0.08232931644311701,5
raw_be_guard_profit_lock_3y,Raw + Breakeven + Guard + ProfitLock,3y,profit_lock,TRX/USDT:USDT,399.997,399.997,1885.0,2024-11-24 00:00:00+00:00,2024-11-24 10:40:00+00:00,0.2122,0.21242,0.0005,0.0005,640,-0.0006108827925154966,-0.24447346,trailing_stop_loss,0.19947,-0.06,0.21242,-0.020012918108419986,0.21197,0.21748,False,long_1d_center_compression,1.0,False,1732406400000,1732444800000,"[{'amount': 1885.0, 'safe_price': 0.2122, 'ft_order_side': 'buy', 'order_filled_timestamp': 1732406400000, 'ft_is_entry': True, 'ft_order_tag': 'long_1d_center_compression', 'cost': 400.1969985}, {'amount': 1885.0, 'safe_price': 0.21242, 'ft_order_side': 'sell', 'order_filled_timestamp': 1732444800000, 'ft_is_entry': False, 'ft_order_tag': 'trailing_stop_loss', 'cost': 400.61190584999997}]",-0.2589691063505,6
raw_be_guard_profit_lock_3y,Raw + Breakeven + Guard + ProfitLock,3y,profit_lock,BNB/USDT:USDT,397.1893,397.1893,0.61,2024-11-24 00:00:00+00:00,2024-11-24 10:50:00+00:00,651.13,665.29,0.0005,0.0005,650,0.020214289735914076,8.03291404,profit_giveback_guard,612.07,-0.06,651.79,-0.02134965465465466,649.1,688.34,False,long_1d_center_compression,1.0,False,1732406400000,1732445400000,"[{'amount': 0.61, 'safe_price': 651.13, 'ft_order_side': 'buy', 'order_filled_timestamp': 1732406400000, 'ft_is_entry': True, 'ft_order_tag': 'long_1d_center_compression', 'cost': 397.38789464999996}, {'amount': 0.61, 'safe_price': 665.29, 'ft_order_side': 'sell', 'order_filled_timestamp': 1732445400000, 'ft_is_entry': False, 'ft_order_tag': 'profit_giveback_guard', 'cost': 406.02981344999995}]",-0.20317785535400001,6
raw_be_guard_profit_lock_3y,Raw + Breakeven + Guard + ProfitLock,3y,profit_lock,BTC/USDT:USDT,295.1004,295.1004,0.003,2024-11-22 00:00:00+00:00,2024-11-24 15:35:00+00:00,98366.8,96399.5,0.0005,0.0005,3815,-0.021841819310283565,-6.44875238,stop_loss,92464.8,-0.06,96399.5,-0.02000003113347193,96227.5,99660.0,False,long_1d_center_compression,1.0,False,1732233600000,1732462500000,"[{'amount': 0.003, 'safe_price': 98366.8, 'ft_order_side': 'buy', 'order_filled_timestamp': 1732233600000, 'ft_is_entry': True, 'ft_order_tag': 'long_1d_center_compression', 'cost': 295.24795020000005}, {'amount': 0.003, 'safe_price': 96399.5, 'ft_order_side': 'sell', 'order_filled_timestamp': 1732462500000, 'ft_is_entry': False, 'ft_order_tag': 'stop_loss', 'cost': 289.34309925}]",-0.25470292992078575,6
raw_be_guard_profit_lock_3y,Raw + Breakeven + Guard + ProfitLock,3y,profit_lock,XRP/USDT:USDT,400.38218,400.38218,222.2,2024-11-30 00:00:00+00:00,2024-11-30 00:30:00+00:00,1.8019,1.8038,0.0005,0.0005,30,-6.236430208354629e-05,-0.02498204,trailing_stop_loss,1.6938,-0.06,1.8038,-0.026604479222881894,1.7962,1.8688,False,long_1d_center_compression,1.0,False,1732924800000,1732926600000,"[{'amount': 222.2, 'safe_price': 1.8019, 'ft_order_side': 'buy', 'order_filled_timestamp': 1732924800000, 'ft_is_entry': True, 'ft_order_tag': 'long_1d_center_compression', 'cost': 400.58237109}, {'amount': 222.2, 'safe_price': 1.8038, 'ft_order_side': 'sell', 'order_filled_timestamp': 1732926600000, 'ft_is_entry': False, 'ft_order_tag': 'trailing_stop_loss', 'cost': 401.00476217999994}]",-0.0465687653613963,5
raw_be_guard_profit_lock_3y,Raw + Breakeven + Guard + ProfitLock,3y,profit_lock,FIL/USDT:USDT,400.02,400.02,56.5,2024-12-01 00:00:00+00:00,2024-12-01 00:35:00+00:00,7.08,6.94,0.0005,0.0005,35,-0.021039391108905323,-8.42038532,stop_loss,6.656,-0.06,6.94,-0.019861558062882034,6.933,7.1,False,long_1d_center_compression,1.0,False,1733011200000,1733013300000,"[{'amount': 56.5, 'safe_price': 7.08, 'ft_order_side': 'buy', 'order_filled_timestamp': 1733011200000, 'ft_is_entry': True, 'ft_order_tag': 'long_1d_center_compression', 'cost': 400.22000999999995}, {'amount': 56.5, 'safe_price': 6.94, 'ft_order_side': 'sell', 'order_filled_timestamp': 1733013300000, 'ft_is_entry': False, 'ft_order_tag': 'stop_loss', 'cost': 392.306055}]",-0.11432031882447109,6
raw_be_guard_profit_lock_3y,Raw + Breakeven + Guard + ProfitLock,3y,profit_lock,TRX/USDT:USDT,341.7644,341.7644,1544.0,2024-12-03 00:00:00+00:00,2024-12-03 01:25:00+00:00,0.22135,0.22158,0.0005,0.0005,85,-0.00039461338745697887,-0.13493224,trailing_stop_loss,0.20807,-0.06,0.22158,-0.020029411764705962,0.22124,0.22708,False,long_1d_center_compression,1.0,False,1733184000000,1733189100000,"[{'amount': 1544.0, 'safe_price': 0.22135, 'ft_order_side': 'buy', 'order_filled_timestamp': 1733184000000, 'ft_is_entry': True, 'ft_order_tag': 'long_1d_center_compression', 'cost': 341.93528219999996}, {'amount': 1544.0, 'safe_price': 0.22158, 'ft_order_side': 'sell', 'order_filled_timestamp': 1733189100000, 'ft_is_entry': False, 'ft_order_tag': 'trailing_stop_loss', 'cost': 342.29057976}]",-0.14811028372836002,1
raw_be_guard_profit_lock_3y,Raw + Breakeven + Guard + ProfitLock,3y,profit_lock,DOT/USDT:USDT,396.8712,396.8712,39.6,2024-12-03 00:00:00+00:00,2024-12-03 02:00:00+00:00,10.022,10.047,0.0005,0.0005,120,0.0011791865658336933,0.46821918,profit_lock_long_center,9.421,-0.06,10.033,-0.02762217698943492,9.83,10.403,False,long_1d_center_compression,1.0,False,1733184000000,1733191200000,"[{'amount': 39.6, 'safe_price': 10.022, 'ft_order_side': 'buy', 'order_filled_timestamp': 1733184000000, 'ft_is_entry': True, 'ft_order_tag': 'long_1d_center_compression', 'cost': 397.0696356}, {'amount': 39.6, 'safe_price': 10.047, 'ft_order_side': 'sell', 'order_filled_timestamp': 1733191200000, 'ft_is_entry': False, 'ft_order_tag': 'profit_lock_long_center', 'cost': 398.06013060000004}]",-0.12441462436060416,1
raw_be_guard_profit_lock_3y,Raw + Breakeven + Guard + ProfitLock,3y,profit_lock,ADA/USDT:USDT,397.188,397.188,330.0,2024-12-03 00:00:00+00:00,2024-12-03 03:40:00+00:00,1.2036,1.3258,0.0005,0.0005,220,0.10000208162533032,39.73948661,roi,1.1314,-0.06,1.2049,-0.02175738876258526,1.1849,1.329,False,long_1d_center_compression,1.0,False,1733184000000,1733197200000,"[{'amount': 330.0, 'safe_price': 1.2036, 'ft_order_side': 'buy', 'order_filled_timestamp': 1733184000000, 'ft_is_entry': True, 'ft_order_tag': 'long_1d_center_compression', 'cost': 397.38659399999995}, {'amount': 330.0, 'safe_price': 1.3258, 'ft_order_side': 'sell', 'order_filled_timestamp': 1733197200000, 'ft_is_entry': False, 'ft_order_tag': 'roi', 'cost': 437.732757}]",-0.169162394897595,1
raw_be_guard_profit_lock_3y,Raw + Breakeven + Guard + ProfitLock,3y,profit_lock,LDO/USDT:USDT,410.8764,410.8764,204.0,2024-12-04 00:00:00+00:00,2024-12-04 00:35:00+00:00,2.0141,2.0162,0.0005,0.0005,35,-0.00018802798571313775,-0.07729489,trailing_stop_loss,1.8933,-0.06,2.0162,-0.022015959252971284,2.0136,2.0615,False,long_1d_center_compression,1.0,False,1733270400000,1733272500000,"[{'amount': 204.0, 'safe_price': 2.0141, 'ft_order_side': 'buy', 'order_filled_timestamp': 1733270400000, 'ft_is_entry': True, 'ft_order_tag': 'long_1d_center_compression', 'cost': 411.0818382}, {'amount': 204.0, 'safe_price': 2.0162, 'ft_order_side': 'sell', 'order_filled_timestamp': 1733272500000, 'ft_is_entry': False, 'ft_order_tag': 'trailing_stop_loss', 'cost': 411.51045239999996}]",-0.0946042911,2
raw_be_guard_profit_lock_3y,Raw + Breakeven + Guard + ProfitLock,3y,profit_lock,SOL/USDT:USDT,234.8094,234.8094,1.11,2024-12-18 20:00:00+00:00,2024-12-18 20:10:00+00:00,211.54,211.328,0.0005,0.0005,10,2.676955382295478e-06,0.00062826,trailing_stop_loss,224.232,-0.06,211.328,-0.025866310679611537,205.81,212.63,False,short_compression_breakdown,1.0,True,1734552000000,1734552600000,"[{'amount': 1.11, 'safe_price': 211.54, 'ft_order_side': 'sell', 'order_filled_timestamp': 1734552000000, 'ft_is_entry': True, 'ft_order_tag': 'short_compression_breakdown', 'cost': 234.9268047}, {'amount': 1.11, 'safe_price': 211.328, 'ft_order_side': 'buy', 'order_filled_timestamp': 1734552600000, 'ft_is_entry': False, 'ft_order_tag': 'trailing_stop_loss', 'cost': 234.69136704000002}]",0.0,2
raw_be_guard_profit_lock_3y,Raw + Breakeven + Guard + ProfitLock,3y,profit_lock,NEAR/USDT:USDT,176.715,176.715,35.0,2024-12-30 14:00:00+00:00,2024-12-30 17:35:00+00:00,5.049,5.063,0.0005,0.0005,215,-0.003696835770401965,-0.65295969,profit_lock_pullback_restart,5.351,-0.06,5.281,-0.05736553967297375,4.949,5.098,False,short_pullback_restart,1.0,True,1735567200000,1735580100000,"[{'amount': 35.0, 'safe_price': 5.049, 'ft_order_side': 'sell', 'order_filled_timestamp': 1735567200000, 'ft_is_entry': True, 'ft_order_tag': 'short_pullback_restart', 'cost': 176.8033575}, {'amount': 35.0, 'safe_price': 5.063, 'ft_order_side': 'buy', 'order_filled_timestamp': 1735580100000, 'ft_is_entry': False, 'ft_order_tag': 'profit_lock_pullback_restart', 'cost': 177.29360249999996}]",0.014000313599999998,0
raw_be_guard_profit_lock_3y,Raw + Breakeven + Guard + ProfitLock,3y,profit_lock,BTC/USDT:USDT,375.4364,375.4364,0.004,2025-01-12 10:00:00+00:00,2025-01-12 15:15:00+00:00,93859.1,95051.1,0.0005,0.0005,315,-0.013713093875017578,-5.1458204,trailing_stop_loss,99490.6,-0.06,95051.1,-0.011548059936572708,93783.0,95274.0,False,short_pullback_restart,1.0,True,1736676000000,1736694900000,"[{'amount': 0.004, 'safe_price': 93859.1, 'ft_order_side': 'sell', 'order_filled_timestamp': 1736676000000, 'ft_is_entry': True, 'ft_order_tag': 'short_pullback_restart', 'cost': 375.62411820000005}, {'amount': 0.004, 'safe_price': 95051.1, 'ft_order_side': 'buy', 'order_filled_timestamp': 1736694900000, 'ft_is_entry': False, 'ft_order_tag': 'trailing_stop_loss', 'cost': 380.3945022}]",0.0,6
raw_be_guard_profit_lock_3y,Raw + Breakeven + Guard + ProfitLock,3y,profit_lock,TAO/USDT:USDT,179.40264,179.40264,0.444,2025-01-15 10:00:00+00:00,2025-01-15 13:30:00+00:00,404.06,423.84,0.0005,0.0005,210,-0.049952368166720856,-8.95710593,stop_loss,428.3,-0.06,423.84,-0.04896520108496416,402.46,424.85,False,short_pullback_restart,1.0,True,1736935200000,1736947800000,"[{'amount': 0.444, 'safe_price': 404.06, 'ft_order_side': 'sell', 'order_filled_timestamp': 1736935200000, 'ft_is_entry': True, 'ft_order_tag': 'short_pullback_restart', 'cost': 179.49234131999998}, {'amount': 0.444, 'safe_price': 423.84, 'ft_order_side': 'buy', 'order_filled_timestamp': 1736947800000, 'ft_is_entry': False, 'ft_order_tag': 'stop_loss', 'cost': 188.27905248}]",0.009007872,2
raw_be_guard_profit_lock_3y,Raw + Breakeven + Guard + ProfitLock,3y,profit_lock,TRX/USDT:USDT,411.14802,411.14802,1707.0,2025-01-11 18:00:00+00:00,2025-01-15 13:45:00+00:00,0.24086,0.22703,0.0005,0.0005,5505,0.05565976623538323,22.87296048,profit_lock_pullback_restart,0.25531,-0.06,0.24061,-0.02082703321878565,0.21659,0.24335,False,short_pullback_restart,1.0,True,1736618400000,1736948700000,"[{'amount': 1707.0, 'safe_price': 0.24086, 'ft_order_side': 'sell', 'order_filled_timestamp': 1736618400000, 'ft_is_entry': True, 'ft_order_tag': 'short_pullback_restart', 'cost': 411.35359400999994}, {'amount': 1707.0, 'safe_price': 0.22703, 'ft_order_side': 'buy', 'order_filled_timestamp': 1736948700000, 'ft_is_entry': False, 'ft_order_tag': 'profit_lock_pullback_restart', 'cost': 387.733980105}]",-0.3355054047754926,2
raw_be_guard_profit_lock_3y,Raw + Breakeven + Guard + ProfitLock,3y,profit_lock,NEAR/USDT:USDT,205.632,205.632,42.0,2025-01-15 10:00:00+00:00,2025-01-15 13:45:00+00:00,4.896,5.1,0.0005,0.0005,225,-0.04270885442721361,-8.777916,stop_loss,5.189,-0.06,5.1,-0.04178244771521067,4.858,5.115,False,short_pullback_restart,1.0,True,1736935200000,1736948700000,"[{'amount': 42.0, 'safe_price': 4.896, 'ft_order_side': 'sell', 'order_filled_timestamp': 1736935200000, 'ft_is_entry': True, 'ft_order_tag': 'short_pullback_restart', 'cost': 205.734816}, {'amount': 42.0, 'safe_price': 5.1, 'ft_order_side': 'buy', 'order_filled_timestamp': 1736948700000, 'ft_is_entry': False, 'ft_order_tag': 'stop_loss', 'cost': 214.30709999999996}]",0.0,2
raw_be_guard_profit_lock_3y,Raw + Breakeven + Guard + ProfitLock,3y,profit_lock,SUI/USDT:USDT,332.75664,332.75664,81.6,2025-01-26 21:00:00+00:00,2025-01-27 05:15:00+00:00,4.0779,3.6667,0.0005,0.0005,495,0.10000595745645105,33.26100756,roi,4.3225,-0.06,4.0738,-0.02159693557689879,3.6433,4.0812,False,short_pullback_restart,1.0,True,1737925200000,1737954900000,"[{'amount': 81.6, 'safe_price': 4.0779, 'ft_order_side': 'sell', 'order_filled_timestamp': 1737925200000, 'ft_is_entry': True, 'ft_order_tag': 'short_pullback_restart', 'cost': 332.9230183199999}, {'amount': 81.6, 'safe_price': 3.6667, 'ft_order_side': 'buy', 'order_filled_timestamp': 1737954900000, 'ft_is_entry': False, 'ft_order_tag': 'roi', 'cost': 299.35232135999996}]",0.023067238379131674,0
raw_be_guard_profit_lock_3y,Raw + Breakeven + Guard + ProfitLock,3y,profit_lock,ZEC/USDT:USDT,323.84914,323.84914,7.054,2025-01-26 22:00:00+00:00,2025-01-27 07:25:00+00:00,45.91,41.28,0.0005,0.0005,565,0.10004747690445415,32.38408921,roi,48.66,-0.06,45.86,-0.023295180722891606,41.0,46.1,False,short_pullback_restart,1.0,True,1737928800000,1737962700000,"[{'amount': 7.054, 'safe_price': 45.91, 'ft_order_side': 'sell', 'order_filled_timestamp': 1737928800000, 'ft_is_entry': True, 'ft_order_tag': 'short_pullback_restart', 'cost': 324.01106457}, {'amount': 7.054, 'safe_price': 41.28, 'ft_order_side': 'buy', 'order_filled_timestamp': 1737962700000, 'ft_is_entry': False, 'ft_order_tag': 'roi', 'cost': 291.33471456}]",0.031588339660362,0
raw_be_guard_profit_lock_3y,Raw + Breakeven + Guard + ProfitLock,3y,profit_lock,NEAR/USDT:USDT,259.594,259.594,53.0,2025-01-26 22:00:00+00:00,2025-01-27 07:25:00+00:00,4.898,4.403,0.0005,0.0005,565,0.10008974355510614,25.96970554,roi,5.191,-0.06,4.893,-0.02366150627615049,4.351,4.919,False,short_pullback_restart,1.0,True,1737928800000,1737962700000,"[{'amount': 53.0, 'safe_price': 4.898, 'ft_order_side': 'sell', 'order_filled_timestamp': 1737928800000, 'ft_is_entry': True, 'ft_order_tag': 'short_pullback_restart', 'cost': 259.723797}, {'amount': 53.0, 'safe_price': 4.403, 'ft_order_side': 'buy', 'order_filled_timestamp': 1737962700000, 'ft_is_entry': False, 'ft_order_tag': 'roi', 'cost': 233.47567949999996}]",-0.018817960050000002,0
raw_be_guard_profit_lock_3y,Raw + Breakeven + Guard + ProfitLock,3y,profit_lock,BNB/USDT:USDT,363.5555,363.5555,0.55,2025-01-28 22:00:00+00:00,2025-01-29 04:05:00+00:00,661.01,678.16,0.0005,0.0005,365,-0.02697160292525803,-9.80077175,stop_loss,700.67,-0.06,678.16,-0.025948335690836766,659.13,679.0,False,short_pullback_restart,1.0,True,1738101600000,1738123500000,"[{'amount': 0.55, 'safe_price': 661.01, 'ft_order_side': 'sell', 'order_filled_timestamp': 1738101600000, 'ft_is_entry': True, 'ft_order_tag': 'short_pullback_restart', 'cost': 363.73727775000003}, {'amount': 0.55, 'safe_price': 678.16, 'ft_order_side': 'buy', 'order_filled_timestamp': 1738123500000, 'ft_is_entry': False, 'ft_order_tag': 'stop_loss', 'cost': 373.174494}]",0.0,2
raw_be_guard_profit_lock_3y,Raw + Breakeven + Guard + ProfitLock,3y,profit_lock,ETH/USDT:USDT,377.9292,377.9292,0.12,2025-01-28 17:00:00+00:00,2025-01-29 06:20:00+00:00,3149.41,3137.95,0.0005,0.0005,800,0.0027396334915292956,1.0348698,profit_lock_pullback_restart,3338.37,-0.06,3146.26,-0.02172880315651038,3038.0,3181.61,False,short_pullback_restart,1.0,True,1738083600000,1738131600000,"[{'amount': 0.12, 'safe_price': 3149.41, 'ft_order_side': 'sell', 'order_filled_timestamp': 1738083600000, 'ft_is_entry': True, 'ft_order_tag': 'short_pullback_restart', 'cost': 378.11816459999994}, {'amount': 0.12, 'safe_price': 3137.95, 'ft_order_side': 'buy', 'order_filled_timestamp': 1738131600000, 'ft_is_entry': False, 'ft_order_tag': 'profit_lock_pullback_restart', 'cost': 376.74227699999994}]",0.0369114,2
raw_be_guard_profit_lock_3y,Raw + Breakeven + Guard + ProfitLock,3y,profit_lock,DOGE/USDT:USDT,212.61825,212.61825,675.0,2025-02-01 20:00:00+00:00,2025-02-01 23:50:00+00:00,0.31499,0.3097,0.0005,0.0005,230,0.01581048625392919,3.35991712,profit_lock_compression_breakdown,0.33388,-0.06,0.31467,-0.028282497875955714,0.30298,0.31561,False,short_compression_breakdown,1.0,True,1738440000000,1738453800000,"[{'amount': 675.0, 'safe_price': 0.31499, 'ft_order_side': 'sell', 'order_filled_timestamp': 1738440000000, 'ft_is_entry': True, 'ft_order_tag': 'short_compression_breakdown', 'cost': 212.72455912499998}, {'amount': 675.0, 'safe_price': 0.3097, 'ft_order_side': 'buy', 'order_filled_timestamp': 1738453800000, 'ft_is_entry': False, 'ft_order_tag': 'profit_lock_compression_breakdown', 'cost': 209.15202374999998}]",0.0,5
raw_be_guard_profit_lock_3y,Raw + Breakeven + Guard + ProfitLock,3y,profit_lock,ETH/USDT:USDT,271.5903,271.5903,0.085,2025-02-01 20:00:00+00:00,2025-02-02 00:35:00+00:00,3195.18,3149.64,0.0005,0.0005,275,0.013340728355203056,3.62140081,profit_lock_compression_breakdown,3386.89,-0.06,3191.98,-0.02207618858548077,3100.67,3196.06,False,short_compression_breakdown,1.0,True,1738440000000,1738456500000,"[{'amount': 0.085, 'safe_price': 3195.18, 'ft_order_side': 'sell', 'order_filled_timestamp': 1738440000000, 'ft_is_entry': True, 'ft_order_tag': 'short_compression_breakdown', 'cost': 271.72609515}, {'amount': 0.085, 'safe_price': 3149.64, 'ft_order_side': 'buy', 'order_filled_timestamp': 1738456500000, 'ft_is_entry': False, 'ft_order_tag': 'profit_lock_compression_breakdown', 'cost': 267.85325969999997}]",0.02015566408985441,6
raw_be_guard_profit_lock_3y,Raw + Breakeven + Guard + ProfitLock,3y,profit_lock,ETH/USDT:USDT,275.715,275.715,0.09,2025-02-02 12:00:00+00:00,2025-02-02 19:40:00+00:00,3063.5,2958.03,0.0005,0.0005,460,0.0334880357139925,9.22853719,profit_lock_compression_breakdown,3247.31,-0.06,3060.43,-0.023386223039625342,2889.97,3100.36,False,short_compression_breakdown,1.0,True,1738497600000,1738525200000,"[{'amount': 0.09, 'safe_price': 3063.5, 'ft_order_side': 'sell', 'order_filled_timestamp': 1738497600000, 'ft_is_entry': True, 'ft_order_tag': 'short_compression_breakdown', 'cost': 275.85285749999997}, {'amount': 0.09, 'safe_price': 2958.03, 'ft_order_side': 'buy', 'order_filled_timestamp': 1738525200000, 'ft_is_entry': False, 'ft_order_tag': 'profit_lock_compression_breakdown', 'cost': 266.35581135}]",0.007206042944294999,6
raw_be_guard_profit_lock_3y,Raw + Breakeven + Guard + ProfitLock,3y,profit_lock,SOL/USDT:USDT,241.968,241.968,1.2,2025-02-05 16:00:00+00:00,2025-02-05 17:10:00+00:00,201.64,201.13,0.0005,0.0005,70,0.0014226875968566838,0.34407275,profit_lock_compression_breakdown,213.738,-0.06,208.935,-0.04713766866295943,197.7,202.03,False,short_compression_breakdown,1.0,True,1738771200000,1738775400000,"[{'amount': 1.2, 'safe_price': 201.64, 'ft_order_side': 'sell', 'order_filled_timestamp': 1738771200000, 'ft_is_entry': True, 'ft_order_tag': 'short_compression_breakdown', 'cost': 242.08898399999995}, {'amount': 1.2, 'safe_price': 201.13, 'ft_order_side': 'buy', 'order_filled_timestamp': 1738775400000, 'ft_is_entry': False, 'ft_order_tag': 'profit_lock_compression_breakdown', 'cost': 241.476678}]",-0.026265245999999996,2
raw_be_guard_profit_lock_3y,Raw + Breakeven + Guard + ProfitLock,3y,profit_lock,SOL/USDT:USDT,201.0354,201.0354,1.03,2025-02-06 15:00:00+00:00,2025-02-07 01:55:00+00:00,195.18,193.52,0.0005,0.0005,655,0.007606419913283519,1.52839509,profit_lock_pullback_restart,206.89,-0.06,194.984,-0.023649832003360016,187.16,196.14,False,short_pullback_restart,1.0,True,1738854000000,1738893300000,"[{'amount': 1.03, 'safe_price': 195.18, 'ft_order_side': 'sell', 'order_filled_timestamp': 1738854000000, 'ft_is_entry': True, 'ft_order_tag': 'short_pullback_restart', 'cost': 201.1359177}, {'amount': 1.03, 'safe_price': 193.52, 'ft_order_side': 'buy', 'order_filled_timestamp': 1738893300000, 'ft_is_entry': False, 'ft_order_tag': 'profit_lock_pullback_restart', 'cost': 199.42526279999998}]",0.01877558599731092,4
raw_be_guard_profit_lock_3y,Raw + Breakeven + Guard + ProfitLock,3y,profit_lock,LINK/USDT:USDT,209.79028,209.79028,10.97,2025-02-06 15:00:00+00:00,2025-02-07 09:20:00+00:00,19.124,19.104,0.0005,0.0005,1100,1.3599612590567272e-05,0.00285164,trailing_stop_loss,20.271,-0.06,19.104,-0.021651122994652328,18.394,19.2,False,short_pullback_restart,1.0,True,1738854000000,1738920000000,"[{'amount': 10.97, 'safe_price': 19.124, 'ft_order_side': 'sell', 'order_filled_timestamp': 1738854000000, 'ft_is_entry': True, 'ft_order_tag': 'short_pullback_restart', 'cost': 209.89517514}, {'amount': 10.97, 'safe_price': 19.104, 'ft_order_side': 'buy', 'order_filled_timestamp': 1738920000000, 'ft_is_entry': False, 'ft_order_tag': 'trailing_stop_loss', 'cost': 209.67566544000002}]",-0.006867775520800001,4
raw_be_guard_profit_lock_3y,Raw + Breakeven + Guard + ProfitLock,3y,profit_lock,DOGE/USDT:USDT,212.35248,212.35248,852.0,2025-02-09 14:00:00+00:00,2025-02-09 22:45:00+00:00,0.24924,0.2482,0.0005,0.0005,525,0.0032431589045638135,0.68834849,profit_lock_pullback_restart,0.26419,-0.06,0.24899,-0.026215884268227185,0.2395,0.25469,False,short_pullback_restart,1.0,True,1739109600000,1739141100000,"[{'amount': 852.0, 'safe_price': 0.24924, 'ft_order_side': 'sell', 'order_filled_timestamp': 1739109600000, 'ft_is_entry': True, 'ft_order_tag': 'short_pullback_restart', 'cost': 212.45865623999998}, {'amount': 852.0, 'safe_price': 0.2482, 'ft_order_side': 'buy', 'order_filled_timestamp': 1739141100000, 'ft_is_entry': False, 'ft_order_tag': 'profit_lock_pullback_restart', 'cost': 211.57213319999997}]",0.014177932802400001,6
raw_be_guard_profit_lock_3y,Raw + Breakeven + Guard + ProfitLock,3y,profit_lock,SOL/USDT:USDT,218.4112,218.4112,1.12,2025-02-09 22:00:00+00:00,2025-02-10 00:05:00+00:00,195.01,203.24,0.0005,0.0005,125,-0.043411358132786716,-9.47678606,trailing_stop_loss,206.71,-0.06,203.24,-0.03277848729927846,193.95,204.0,False,short_pullback_restart,1.0,True,1739138400000,1739145900000,"[{'amount': 1.12, 'safe_price': 195.01, 'ft_order_side': 'sell', 'order_filled_timestamp': 1739138400000, 'ft_is_entry': True, 'ft_order_tag': 'short_pullback_restart', 'cost': 218.5204056}, {'amount': 1.12, 'safe_price': 203.24, 'ft_order_side': 'buy', 'order_filled_timestamp': 1739145900000, 'ft_is_entry': False, 'ft_order_tag': 'trailing_stop_loss', 'cost': 227.74261440000004}]",-0.03616605780855581,0
raw_be_guard_profit_lock_3y,Raw + Breakeven + Guard + ProfitLock,3y,profit_lock,BTC/USDT:USDT,383.342,383.342,0.004,2025-02-09 14:00:00+00:00,2025-02-10 05:45:00+00:00,95835.5,97377.7,0.0005,0.0005,945,-0.01706203397257164,-6.53732393,stop_loss,101585.6,-0.06,97377.7,-0.01609259812386843,94650.1,97500.0,False,short_pullback_restart,1.0,True,1739109600000,1739166300000,"[{'amount': 0.004, 'safe_price': 95835.5, 'ft_order_side': 'sell', 'order_filled_timestamp': 1739109600000, 'ft_is_entry': True, 'ft_order_tag': 'short_pullback_restart', 'cost': 383.53367099999997}, {'amount': 0.004, 'safe_price': 97377.7, 'ft_order_side': 'buy', 'order_filled_timestamp': 1739166300000, 'ft_is_entry': False, 'ft_order_tag': 'stop_loss', 'cost': 389.7055554}]",0.01790247054655729,0
raw_be_guard_profit_lock_3y,Raw + Breakeven + Guard + ProfitLock,3y,profit_lock,ETH/USDT:USDT,198.9585,198.9585,0.078,2025-02-09 22:00:00+00:00,2025-02-10 13:50:00+00:00,2550.75,2673.23,0.0005,0.0005,950,-0.04898326403933073,-9.74076392,stop_loss,2703.79,-0.06,2673.23,-0.048017625024502575,2525.0,2673.5,False,short_pullback_restart,1.0,True,1739138400000,1739195400000,"[{'amount': 0.078, 'safe_price': 2550.75, 'ft_order_side': 'sell', 'order_filled_timestamp': 1739138400000, 'ft_is_entry': True, 'ft_order_tag': 'short_pullback_restart', 'cost': 199.05797925}, {'amount': 0.078, 'safe_price': 2673.23, 'ft_order_side': 'buy', 'order_filled_timestamp': 1739195400000, 'ft_is_entry': False, 'ft_order_tag': 'stop_loss', 'cost': 208.61619597}]",0.0164112999492,0
raw_be_guard_profit_lock_3y,Raw + Breakeven + Guard + ProfitLock,3y,profit_lock,SUI/USDT:USDT,318.6787,318.6787,95.8,2025-02-16 14:00:00+00:00,2025-02-17 01:55:00+00:00,3.3265,3.3139,0.0005,0.0005,715,0.00269044794718666,0.85695976,profit_lock_compression_breakdown,3.526,-0.06,3.3231,-0.022137518454724336,3.2512,3.3529,False,short_compression_breakdown,1.0,True,1739714400000,1739757300000,"[{'amount': 95.8, 'safe_price': 3.3265, 'ft_order_side': 'sell', 'order_filled_timestamp': 1739714400000, 'ft_is_entry': True, 'ft_order_tag': 'short_compression_breakdown', 'cost': 318.83803935}, {'amount': 95.8, 'safe_price': 3.3139, 'ft_order_side': 'buy', 'order_filled_timestamp': 1739757300000, 'ft_is_entry': False, 'ft_order_tag': 'profit_lock_compression_breakdown', 'cost': 317.63035580999997}]",-0.03204508238872196,0
raw_be_guard_profit_lock_3y,Raw + Breakeven + Guard + ProfitLock,3y,profit_lock,SOL/USDT:USDT,301.0848,301.0848,1.58,2025-02-16 14:00:00+00:00,2025-02-17 12:50:00+00:00,190.56,186.45,0.0005,0.0005,1370,0.020114470510186274,6.05313325,profit_giveback_guard,201.993,-0.06,190.369,-0.023491612903225878,180.5,191.16,False,short_pullback_restart,1.0,True,1739714400000,1739796600000,"[{'amount': 1.58, 'safe_price': 190.56, 'ft_order_side': 'sell', 'order_filled_timestamp': 1739714400000, 'ft_is_entry': True, 'ft_order_tag': 'short_pullback_restart', 'cost': 301.23534240000004}, {'amount': 1.58, 'safe_price': 186.45, 'ft_order_side': 'buy', 'order_filled_timestamp': 1739796600000, 'ft_is_entry': False, 'ft_order_tag': 'profit_giveback_guard', 'cost': 294.7382955}]",-0.1428288469702076,0
raw_be_guard_profit_lock_3y,Raw + Breakeven + Guard + ProfitLock,3y,profit_lock,SUI/USDT:USDT,265.13487,265.13487,81.9,2025-02-17 05:00:00+00:00,2025-02-17 14:10:00+00:00,3.2373,3.3456,0.0005,0.0005,550,-0.034549241200477115,-9.15562847,trailing_stop_loss,3.4315,-0.06,3.3456,-0.027144525526314522,3.19,3.3486,False,short_compression_breakdown,1.0,True,1739768400000,1739801400000,"[{'amount': 81.9, 'safe_price': 3.2373, 'ft_order_side': 'sell', 'order_filled_timestamp': 1739768400000, 'ft_is_entry': True, 'ft_order_tag': 'short_compression_breakdown', 'cost': 265.267437435}, {'amount': 81.9, 'safe_price': 3.3456, 'ft_order_side': 'buy', 'order_filled_timestamp': 1739801400000, 'ft_is_entry': False, 'ft_order_tag': 'trailing_stop_loss', 'cost': 274.14164232}]",-0.01628871989607135,0
raw_be_guard_profit_lock_3y,Raw + Breakeven + Guard + ProfitLock,3y,profit_lock,DOGE/USDT:USDT,245.74994,245.74994,974.0,2025-02-18 06:00:00+00:00,2025-02-18 07:40:00+00:00,0.25231,0.25136,0.0005,0.0005,100,0.0027684763074335705,0.68001271,profit_lock_compression_breakdown,0.26744,-0.06,0.25205,-0.02113794360719501,0.24684,0.25253,False,short_compression_breakdown,1.0,True,1739858400000,1739864400000,"[{'amount': 974.0, 'safe_price': 0.25231, 'ft_order_side': 'sell', 'order_filled_timestamp': 1739858400000, 'ft_is_entry': True, 'ft_order_tag': 'short_compression_breakdown', 'cost': 245.87281496999998}, {'amount': 974.0, 'safe_price': 0.25136, 'ft_order_side': 'buy', 'order_filled_timestamp': 1739864400000, 'ft_is_entry': False, 'ft_order_tag': 'profit_lock_compression_breakdown', 'cost': 244.94705231999995}]",0.0,1
raw_be_guard_profit_lock_3y,Raw + Breakeven + Guard + ProfitLock,3y,profit_lock,SOL/USDT:USDT,230.5632,230.5632,1.41,2025-02-24 02:00:00+00:00,2025-02-24 06:55:00+00:00,163.52,160.52,0.0005,0.0005,295,0.01736423495505091,4.0015518,profit_lock_compression_breakdown,173.331,-0.06,163.356,-0.02085039370078734,157.05,164.88,False,short_compression_breakdown,1.0,True,1740362400000,1740380100000,"[{'amount': 1.41, 'safe_price': 163.52, 'ft_order_side': 'sell', 'order_filled_timestamp': 1740362400000, 'ft_is_entry': True, 'ft_order_tag': 'short_compression_breakdown', 'cost': 230.67848159999997}, {'amount': 1.41, 'safe_price': 160.52, 'ft_order_side': 'buy', 'order_filled_timestamp': 1740380100000, 'ft_is_entry': False, 'ft_order_tag': 'profit_lock_compression_breakdown', 'cost': 226.4463666}]",0.0,0
raw_be_guard_profit_lock_3y,Raw + Breakeven + Guard + ProfitLock,3y,profit_lock,DOGE/USDT:USDT,314.02215,314.02215,1305.0,2025-02-23 16:00:00+00:00,2025-02-24 22:00:00+00:00,0.24063,0.21634,0.0005,0.0005,1800,0.10000896919457078,31.38932901,roi,0.25506,-0.06,0.24038,-0.021933299324065958,0.20943,0.24383,False,short_pullback_restart,1.0,True,1740326400000,1740434400000,"[{'amount': 1305.0, 'safe_price': 0.24063, 'ft_order_side': 'sell', 'order_filled_timestamp': 1740326400000, 'ft_is_entry': True, 'ft_order_tag': 'short_pullback_restart', 'cost': 314.17916107499997}, {'amount': 1305.0, 'safe_price': 0.21634, 'ft_order_side': 'buy', 'order_filled_timestamp': 1740434400000, 'ft_is_entry': False, 'ft_order_tag': 'roi', 'cost': 282.46486185000003}]",-0.010948065999264005,0
raw_be_guard_profit_lock_3y,Raw + Breakeven + Guard + ProfitLock,3y,profit_lock,LINK/USDT:USDT,303.6034,303.6034,17.59,2025-02-24 03:00:00+00:00,2025-02-24 22:00:00+00:00,17.26,15.515,0.0005,0.0005,1140,0.09998937514246732,30.3419357,roi,18.295,-0.06,17.242,-0.022155433042859718,15.339,17.261,False,short_pullback_restart,1.0,True,1740366000000,1740434400000,"[{'amount': 17.59, 'safe_price': 17.26, 'ft_order_side': 'sell', 'order_filled_timestamp': 1740366000000, 'ft_is_entry': True, 'ft_order_tag': 'short_pullback_restart', 'cost': 303.7552017}, {'amount': 17.59, 'safe_price': 15.515, 'ft_order_side': 'buy', 'order_filled_timestamp': 1740434400000, 'ft_is_entry': False, 'ft_order_tag': 'roi', 'cost': 273.04530442500004}]",-0.0643581769614,0
raw_be_guard_profit_lock_3y,Raw + Breakeven + Guard + ProfitLock,3y,profit_lock,ETH/USDT:USDT,294.26474,294.26474,0.121,2025-02-26 13:00:00+00:00,2025-02-26 14:45:00+00:00,2431.94,2429.5,0.0005,0.0005,105,3.817792511805628e-06,0.00112288,trailing_stop_loss,2577.85,-0.06,2429.5,-0.0210076233862293,2368.29,2439.0,False,short_pullback_restart,1.0,True,1740574800000,1740581100000,"[{'amount': 0.121, 'safe_price': 2431.94, 'ft_order_side': 'sell', 'order_filled_timestamp': 1740574800000, 'ft_is_entry': True, 'ft_order_tag': 'short_pullback_restart', 'cost': 294.41187237}, {'amount': 0.121, 'safe_price': 2429.5, 'ft_order_side': 'buy', 'order_filled_timestamp': 1740581100000, 'ft_is_entry': False, 'ft_order_tag': 'trailing_stop_loss', 'cost': 294.11648475}]",0.0,2
raw_be_guard_profit_lock_3y,Raw + Breakeven + Guard + ProfitLock,3y,profit_lock,BTC/USDT:USDT,348.6,348.6,0.004,2025-02-26 14:00:00+00:00,2025-02-26 14:50:00+00:00,87150.0,87284.5,0.0005,0.0005,50,-0.0025453604599201493,-0.886869,profit_lock_pullback_restart,92379.0,-0.06,89539.7,-0.027420844090648266,85377.2,87783.0,False,short_pullback_restart,1.0,True,1740578400000,1740581400000,"[{'amount': 0.004, 'safe_price': 87150.0, 'ft_order_side': 'sell', 'order_filled_timestamp': 1740578400000, 'ft_is_entry': True, 'ft_order_tag': 'short_pullback_restart', 'cost': 348.7743}, {'amount': 0.004, 'safe_price': 87284.5, 'ft_order_side': 'buy', 'order_filled_timestamp': 1740581400000, 'ft_is_entry': False, 'ft_order_tag': 'profit_lock_pullback_restart', 'cost': 349.312569}]",0.0,2
raw_be_guard_profit_lock_3y,Raw + Breakeven + Guard + ProfitLock,3y,profit_lock,TRX/USDT:USDT,355.2885,355.2885,1575.0,2025-02-26 18:00:00+00:00,2025-02-26 21:50:00+00:00,0.22558,0.23181,0.0005,0.0005,230,-0.028645828380874552,-10.17244463,trailing_stop_loss,0.23911,-0.06,0.23181,-0.04169823564779862,0.22242,0.23188,False,short_pullback_restart,1.0,True,1740592800000,1740606600000,"[{'amount': 1575.0, 'safe_price': 0.22558, 'ft_order_side': 'sell', 'order_filled_timestamp': 1740592800000, 'ft_is_entry': True, 'ft_order_tag': 'short_pullback_restart', 'cost': 355.46614424999996}, {'amount': 1575.0, 'safe_price': 0.23181, 'ft_order_side': 'buy', 'order_filled_timestamp': 1740606600000, 'ft_is_entry': False, 'ft_order_tag': 'trailing_stop_loss', 'cost': 365.283300375}]",0.0,2
raw_be_guard_profit_lock_3y,Raw + Breakeven + Guard + ProfitLock,3y,profit_lock,TRX/USDT:USDT,455.8333,455.8333,2015.0,2025-02-27 21:00:00+00:00,2025-02-28 09:40:00+00:00,0.22622,0.22274,0.0005,0.0005,760,0.014009350840125449,6.38273566,profit_lock_pullback_restart,0.23979,-0.06,0.22599,-0.02074878048780482,0.21669,0.22876,False,short_pullback_restart,1.0,True,1740690000000,1740735600000,"[{'amount': 2015.0, 'safe_price': 0.22622, 'ft_order_side': 'sell', 'order_filled_timestamp': 1740690000000, 'ft_is_entry': True, 'ft_order_tag': 'short_pullback_restart', 'cost': 456.06121665}, {'amount': 2015.0, 'safe_price': 0.22274, 'ft_order_side': 'buy', 'order_filled_timestamp': 1740735600000, 'ft_is_entry': False, 'ft_order_tag': 'profit_lock_pullback_restart', 'cost': 449.04551054999996}]",-0.17713713793775349,4
raw_be_guard_profit_lock_3y,Raw + Breakeven + Guard + ProfitLock,3y,profit_lock,BNB/USDT:USDT,325.5336,325.5336,0.54,2025-02-27 15:00:00+00:00,2025-02-28 14:45:00+00:00,602.84,583.62,0.0005,0.0005,1425,0.030861979149273053,10.04158787,profit_giveback_guard,639.01,-0.06,602.23,-0.02821730890713825,559.56,609.31,False,short_pullback_restart,1.0,True,1740668400000,1740753900000,"[{'amount': 0.54, 'safe_price': 602.84, 'ft_order_side': 'sell', 'order_filled_timestamp': 1740668400000, 'ft_is_entry': True, 'ft_order_tag': 'short_pullback_restart', 'cost': 325.6963668}, {'amount': 0.54, 'safe_price': 583.62, 'ft_order_side': 'buy', 'order_filled_timestamp': 1740753900000, 'ft_is_entry': False, 'ft_order_tag': 'profit_giveback_guard', 'cost': 315.3123774}]",-0.01686792970154664,4
raw_be_guard_profit_lock_3y,Raw + Breakeven + Guard + ProfitLock,3y,profit_lock,LINK/USDT:USDT,411.71495,411.71495,28.19,2025-03-02 14:00:00+00:00,2025-03-02 15:25:00+00:00,14.605,14.954,0.0005,0.0005,85,-0.02492033417068905,-10.2549441,stop_loss,15.481,-0.06,14.954,-0.023946564232637746,14.402,15.01,False,short_pullback_restart,1.0,True,1740924000000,1740929100000,"[{'amount': 28.19, 'safe_price': 14.605, 'ft_order_side': 'sell', 'order_filled_timestamp': 1740924000000, 'ft_is_entry': True, 'ft_order_tag': 'short_pullback_restart', 'cost': 411.920807475}, {'amount': 28.19, 'safe_price': 14.954, 'ft_order_side': 'buy', 'order_filled_timestamp': 1740929100000, 'ft_is_entry': False, 'ft_order_tag': 'stop_loss', 'cost': 421.76403663}]",0.0,6
raw_be_guard_profit_lock_3y,Raw + Breakeven + Guard + ProfitLock,3y,profit_lock,BTC/USDT:USDT,425.382,425.382,0.005,2025-03-02 15:00:00+00:00,2025-03-02 15:25:00+00:00,85076.4,86618.0,0.0005,0.0005,25,-0.019138813239221834,-8.137236,stop_loss,90180.9,-0.06,86618.0,-0.018121285691449218,85030.1,87288.0,False,short_pullback_restart,1.0,True,1740927600000,1740929100000,"[{'amount': 0.005, 'safe_price': 85076.4, 'ft_order_side': 'sell', 'order_filled_timestamp': 1740927600000, 'ft_is_entry': True, 'ft_order_tag': 'short_pullback_restart', 'cost': 425.59469099999995}, {'amount': 0.005, 'safe_price': 86618.0, 'ft_order_side': 'buy', 'order_filled_timestamp': 1740929100000, 'ft_is_entry': False, 'ft_order_tag': 'stop_loss', 'cost': 433.306545}]",0.0,6
raw_be_guard_profit_lock_3y,Raw + Breakeven + Guard + ProfitLock,3y,profit_lock,BNB/USDT:USDT,458.394,458.394,0.76,2025-03-02 15:00:00+00:00,2025-03-02 15:25:00+00:00,603.15,612.21,0.0005,0.0005,25,-0.016036667923616122,-7.3474368,stop_loss,639.33,-0.06,612.21,-0.015030282909257675,602.44,612.48,False,short_pullback_restart,1.0,True,1740927600000,1740929100000,"[{'amount': 0.76, 'safe_price': 603.15, 'ft_order_side': 'sell', 'order_filled_timestamp': 1740927600000, 'ft_is_entry': True, 'ft_order_tag': 'short_pullback_restart', 'cost': 458.623197}, {'amount': 0.76, 'safe_price': 612.21, 'ft_order_side': 'buy', 'order_filled_timestamp': 1740929100000, 'ft_is_entry': False, 'ft_order_tag': 'stop_loss', 'cost': 465.5122398}]",0.0,6
raw_be_guard_profit_lock_3y,Raw + Breakeven + Guard + ProfitLock,3y,profit_lock,ZEC/USDT:USDT,271.57416,271.57416,8.492,2025-03-09 03:00:00+00:00,2025-03-09 04:20:00+00:00,31.98,31.88,0.0005,0.0005,80,0.0021295826149472486,0.57805044,profit_lock_pullback_restart,33.89,-0.06,33.1,-0.05686760192325435,31.32,32.06,False,short_pullback_restart,1.0,True,1741489200000,1741494000000,"[{'amount': 8.492, 'safe_price': 31.98, 'ft_order_side': 'sell', 'order_filled_timestamp': 1741489200000, 'ft_is_entry': True, 'ft_order_tag': 'short_pullback_restart', 'cost': 271.70994708}, {'amount': 8.492, 'safe_price': 31.88, 'ft_order_side': 'buy', 'order_filled_timestamp': 1741494000000, 'ft_is_entry': False, 'ft_order_tag': 'profit_lock_pullback_restart', 'cost': 270.86032248}]",0.0,6
raw_be_guard_profit_lock_3y,Raw + Breakeven + Guard + ProfitLock,3y,profit_lock,DOGE/USDT:USDT,254.83238,254.83238,1342.0,2025-03-09 03:00:00+00:00,2025-03-09 16:55:00+00:00,0.18989,0.17074,0.0005,0.0005,835,0.10001030470298158,25.47312104,roi,0.20128,-0.06,0.1897,-0.022752372223420414,0.17032,0.19197,False,short_compression_breakdown,1.0,True,1741489200000,1741539300000,"[{'amount': 1342.0, 'safe_price': 0.18989, 'ft_order_side': 'sell', 'order_filled_timestamp': 1741489200000, 'ft_is_entry': True, 'ft_order_tag': 'short_compression_breakdown', 'cost': 254.95979619}, {'amount': 1342.0, 'safe_price': 0.17074, 'ft_order_side': 'buy', 'order_filled_timestamp': 1741539300000, 'ft_is_entry': False, 'ft_order_tag': 'roi', 'cost': 229.24764654}]",0.015803772642732798,6
raw_be_guard_profit_lock_3y,Raw + Breakeven + Guard + ProfitLock,3y,profit_lock,XRP/USDT:USDT,314.25696,314.25696,136.8,2025-03-09 10:00:00+00:00,2025-03-09 20:10:00+00:00,2.2972,2.1796,0.0005,0.0005,610,0.05026147471522846,15.78712074,profit_lock_pullback_restart,2.435,-0.06,2.2949,-0.021318558077436656,2.0814,2.3001,False,short_pullback_restart,1.0,True,1741514400000,1741551000000,"[{'amount': 136.8, 'safe_price': 2.2972, 'ft_order_side': 'sell', 'order_filled_timestamp': 1741514400000, 'ft_is_entry': True, 'ft_order_tag': 'short_pullback_restart', 'cost': 314.41408848000003}, {'amount': 136.8, 'safe_price': 2.1796, 'ft_order_side': 'buy', 'order_filled_timestamp': 1741551000000, 'ft_is_entry': False, 'ft_order_tag': 'profit_lock_pullback_restart', 'cost': 298.31836464}]",0.0056538587740377596,6
raw_be_guard_profit_lock_3y,Raw + Breakeven + Guard + ProfitLock,3y,profit_lock,ETH/USDT:USDT,234.6124,234.6124,0.11,2025-03-09 11:00:00+00:00,2025-03-10 04:15:00+00:00,2132.84,2068.04,0.0005,0.0005,1035,0.029371547772655358,6.88748385,profit_giveback_guard,2260.81,-0.06,2130.7,-0.023394409221902057,1986.8,2147.64,False,short_pullback_restart,1.0,True,1741518000000,1741580100000,"[{'amount': 0.11, 'safe_price': 2132.84, 'ft_order_side': 'sell', 'order_filled_timestamp': 1741518000000, 'ft_is_entry': True, 'ft_order_tag': 'short_pullback_restart', 'cost': 234.72970619999998}, {'amount': 0.11, 'safe_price': 2068.04, 'ft_order_side': 'buy', 'order_filled_timestamp': 1741580100000, 'ft_is_entry': False, 'ft_order_tag': 'profit_giveback_guard', 'cost': 227.59814219999998}]",-0.009467747632470646,0
raw_be_guard_profit_lock_3y,Raw + Breakeven + Guard + ProfitLock,3y,profit_lock,BTC/USDT:USDT,427.6645,427.6645,0.005,2025-03-09 10:00:00+00:00,2025-03-10 09:20:00+00:00,85532.9,83072.8,0.0005,0.0005,1400,0.027937678335747555,11.94197926,profit_giveback_guard,90664.8,-0.06,85447.3,-0.02119010377140884,79933.4,85588.6,False,short_pullback_restart,1.0,True,1741514400000,1741598400000,"[{'amount': 0.005, 'safe_price': 85532.9, 'ft_order_side': 'sell', 'order_filled_timestamp': 1741514400000, 'ft_is_entry': True, 'ft_order_tag': 'short_pullback_restart', 'cost': 427.87833224999997}, {'amount': 0.005, 'safe_price': 83072.8, 'ft_order_side': 'buy', 'order_filled_timestamp': 1741598400000, 'ft_is_entry': False, 'ft_order_tag': 'profit_giveback_guard', 'cost': 415.571682}]",0.06299350850056273,0
raw_be_guard_profit_lock_3y,Raw + Breakeven + Guard + ProfitLock,3y,profit_lock,BTC/USDT:USDT,245.1915,245.1915,0.003,2025-03-13 14:00:00+00:00,2025-03-13 23:10:00+00:00,81730.5,81439.1,0.0005,0.0005,550,0.0026000802996612735,0.63719883,profit_lock_pullback_restart,86634.3,-0.06,81648.7,-0.021843494769934635,79903.4,82500.0,False,short_pullback_restart,1.0,True,1741874400000,1741907400000,"[{'amount': 0.003, 'safe_price': 81730.5, 'ft_order_side': 'sell', 'order_filled_timestamp': 1741874400000, 'ft_is_entry': True, 'ft_order_tag': 'short_pullback_restart', 'cost': 245.31409575}, {'amount': 0.003, 'safe_price': 81439.1, 'ft_order_side': 'buy', 'order_filled_timestamp': 1741907400000, 'ft_is_entry': False, 'ft_order_tag': 'profit_lock_pullback_restart', 'cost': 244.43945865}]",0.007753231200000001,3
raw_be_guard_profit_lock_3y,Raw + Breakeven + Guard + ProfitLock,3y,profit_lock,SOL/USDT:USDT,255.5652,255.5652,2.09,2025-03-18 14:00:00+00:00,2025-03-19 00:30:00+00:00,122.28,126.16,0.0005,0.0005,630,-0.032859432362864156,-8.39352854,trailing_stop_loss,129.61,-0.06,126.16,-0.03093119379858078,121.8,126.2,False,short_compression_breakdown,1.0,True,1742306400000,1742344200000,"[{'amount': 2.09, 'safe_price': 122.28, 'ft_order_side': 'sell', 'order_filled_timestamp': 1742306400000, 'ft_is_entry': True, 'ft_order_tag': 'short_compression_breakdown', 'cost': 255.69298259999997}, {'amount': 2.09, 'safe_price': 126.16, 'ft_order_side': 'buy', 'order_filled_timestamp': 1742344200000, 'ft_is_entry': False, 'ft_order_tag': 'trailing_stop_loss', 'cost': 263.8062372}]",-0.024708742984922455,2
raw_be_guard_profit_lock_3y,Raw + Breakeven + Guard + ProfitLock,3y,profit_lock,ADA/USDT:USDT,222.69,222.69,325.0,2025-03-18 14:00:00+00:00,2025-03-19 09:20:00+00:00,0.6852,0.714,0.0005,0.0005,1160,-0.043301766919204364,-9.63804904,trailing_stop_loss,0.7263,-0.06,0.714,-0.03374923450894696,0.6812,0.7166,False,short_compression_breakdown,1.0,True,1742306400000,1742376000000,"[{'amount': 325.0, 'safe_price': 0.6852, 'ft_order_side': 'sell', 'order_filled_timestamp': 1742306400000, 'ft_is_entry': True, 'ft_order_tag': 'short_compression_breakdown', 'cost': 222.801345}, {'amount': 325.0, 'safe_price': 0.714, 'ft_order_side': 'buy', 'order_filled_timestamp': 1742376000000, 'ft_is_entry': False, 'ft_order_tag': 'trailing_stop_loss', 'cost': 232.16602499999996}]",-0.050679035897489996,2
raw_be_guard_profit_lock_3y,Raw + Breakeven + Guard + ProfitLock,3y,profit_lock,ADA/USDT:USDT,301.1092,301.1092,434.0,2025-03-23 19:00:00+00:00,2025-03-24 00:30:00+00:00,0.6938,0.7168,0.0005,0.0005,330,-0.03430321892324679,-10.3238503,stop_loss,0.7354,-0.06,0.7168,-0.033210864359860315,0.691,0.7177,False,short_pullback_restart,1.0,True,1742756400000,1742776200000,"[{'amount': 434.0, 'safe_price': 0.6938, 'ft_order_side': 'sell', 'order_filled_timestamp': 1742756400000, 'ft_is_entry': True, 'ft_order_tag': 'short_pullback_restart', 'cost': 301.25975459999995}, {'amount': 434.0, 'safe_price': 0.7168, 'ft_order_side': 'buy', 'order_filled_timestamp': 1742776200000, 'ft_is_entry': False, 'ft_order_tag': 'stop_loss', 'cost': 311.2467456}]",-0.035750095094000005,0
raw_be_guard_profit_lock_3y,Raw + Breakeven + Guard + ProfitLock,3y,profit_lock,XRP/USDT:USDT,251.72073,251.72073,110.7,2025-03-28 05:00:00+00:00,2025-03-28 12:30:00+00:00,2.2739,2.2384,0.0005,0.0005,450,0.014618351619552888,3.67790227,profit_lock_compression_breakdown,2.4103,-0.06,2.2716,-0.022472025926092654,2.1913,2.2765,False,short_compression_breakdown,1.0,True,1743138000000,1743165000000,"[{'amount': 110.7, 'safe_price': 2.2739, 'ft_order_side': 'sell', 'order_filled_timestamp': 1743138000000, 'ft_is_entry': True, 'ft_order_tag': 'short_compression_breakdown', 'cost': 251.84659036499997}, {'amount': 110.7, 'safe_price': 2.2384, 'ft_order_side': 'buy', 'order_filled_timestamp': 1743165000000, 'ft_is_entry': False, 'ft_order_tag': 'profit_lock_compression_breakdown', 'cost': 247.91477543999997}]",-0.0021919281912000004,4
raw_be_guard_profit_lock_3y,Raw + Breakeven + Guard + ProfitLock,3y,profit_lock,SOL/USDT:USDT,365.1752,365.1752,2.96,2025-03-30 14:00:00+00:00,2025-03-30 18:45:00+00:00,123.37,126.72,0.0005,0.0005,285,-0.02836424061277795,-10.35273828,stop_loss,130.77,-0.06,126.72,-0.027218847343579045,122.81,126.84,False,short_pullback_restart,1.0,True,1743343200000,1743360300000,"[{'amount': 2.96, 'safe_price': 123.37, 'ft_order_side': 'sell', 'order_filled_timestamp': 1743343200000, 'ft_is_entry': True, 'ft_order_tag': 'short_pullback_restart', 'cost': 365.3577876}, {'amount': 2.96, 'safe_price': 126.72, 'ft_order_side': 'buy', 'order_filled_timestamp': 1743360300000, 'ft_is_entry': False, 'ft_order_tag': 'stop_loss', 'cost': 375.2787456}]",-0.06660507787999999,6
raw_be_guard_profit_lock_3y,Raw + Breakeven + Guard + ProfitLock,3y,profit_lock,BTC/USDT:USDT,327.6492,327.6492,0.004,2025-04-03 13:00:00+00:00,2025-04-04 08:00:00+00:00,81912.3,84029.5,0.0005,0.0005,1140,-0.02671648582570567,-8.74925839,stop_loss,86827.0,-0.06,84029.5,-0.025847442172909352,81172.2,84270.7,False,short_pullback_restart,1.0,True,1743685200000,1743753600000,"[{'amount': 0.004, 'safe_price': 81912.3, 'ft_order_side': 'sell', 'order_filled_timestamp': 1743685200000, 'ft_is_entry': True, 'ft_order_tag': 'short_pullback_restart', 'cost': 327.8130246}, {'amount': 0.004, 'safe_price': 84029.5, 'ft_order_side': 'buy', 'order_filled_timestamp': 1743753600000, 'ft_is_entry': False, 'ft_order_tag': 'stop_loss', 'cost': 336.28605899999997}]",0.051425206774490265,4
raw_be_guard_profit_lock_3y,Raw + Breakeven + Guard + ProfitLock,3y,profit_lock,ETH/USDT:USDT,458.2452,458.2452,0.255,2025-04-05 13:00:00+00:00,2025-04-05 20:45:00+00:00,1797.04,1791.5,0.0005,0.0005,465,0.0020776769789435344,0.95160946,profit_lock_pullback_restart,1904.86,-0.06,1829.47,-0.01804720964318407,1761.18,1804.5,False,short_pullback_restart,1.0,True,1743858000000,1743885900000,"[{'amount': 0.255, 'safe_price': 1797.04, 'ft_order_side': 'sell', 'order_filled_timestamp': 1743858000000, 'ft_is_entry': True, 'ft_order_tag': 'short_pullback_restart', 'cost': 458.4743226}, {'amount': 0.255, 'safe_price': 1791.5, 'ft_order_side': 'buy', 'order_filled_timestamp': 1743885900000, 'ft_is_entry': False, 'ft_order_tag': 'profit_lock_pullback_restart', 'cost': 457.06091624999993}]",-0.003551694706881297,5
raw_be_guard_profit_lock_3y,Raw + Breakeven + Guard + ProfitLock,3y,profit_lock,ADA/USDT:USDT,326.656,326.656,512.0,2025-04-06 08:00:00+00:00,2025-04-06 14:50:00+00:00,0.638,0.6294,0.0005,0.0005,410,0.012483275336727924,4.07569792,profit_lock_compression_breakdown,0.6762,-0.06,0.6373,-0.020595676541232955,0.618,0.6415,False,short_compression_breakdown,1.0,True,1743926400000,1743951000000,"[{'amount': 512.0, 'safe_price': 0.638, 'ft_order_side': 'sell', 'order_filled_timestamp': 1743926400000, 'ft_is_entry': True, 'ft_order_tag': 'short_compression_breakdown', 'cost': 326.819328}, {'amount': 512.0, 'safe_price': 0.6294, 'ft_order_side': 'buy', 'order_filled_timestamp': 1743951000000, 'ft_is_entry': False, 'ft_order_tag': 'profit_lock_compression_breakdown', 'cost': 322.4139264}]",-0.0030476772162048,6
raw_be_guard_profit_lock_3y,Raw + Breakeven + Guard + ProfitLock,3y,profit_lock,ETH/USDT:USDT,421.19403,421.19403,0.237,2025-04-06 13:00:00+00:00,2025-04-06 20:30:00+00:00,1777.19,1597.83,0.0005,0.0005,450,0.10000034455393879,42.09848835,roi,1883.82,-0.06,1775.41,-0.02328678797240369,1574.55,1780.12,False,short_pullback_restart,1.0,True,1743944400000,1743971400000,"[{'amount': 0.237, 'safe_price': 1777.19, 'ft_order_side': 'sell', 'order_filled_timestamp': 1743944400000, 'ft_is_entry': True, 'ft_order_tag': 'short_pullback_restart', 'cost': 421.40462701499996}, {'amount': 0.237, 'safe_price': 1597.83, 'ft_order_side': 'buy', 'order_filled_timestamp': 1743971400000, 'ft_is_entry': False, 'ft_order_tag': 'roi', 'cost': 378.875052855}]",-0.009891781527599999,6
raw_be_guard_profit_lock_3y,Raw + Breakeven + Guard + ProfitLock,3y,profit_lock,SOL/USDT:USDT,219.0894,219.0894,1.86,2025-04-05 14:00:00+00:00,2025-04-06 20:35:00+00:00,117.79,105.91,0.0005,0.0005,1835,0.09996890805325143,21.89117702,roi,124.85,-0.06,117.67,-0.021194220255141838,105.26,121.08,False,short_pullback_restart,1.0,True,1743861600000,1743971700000,"[{'amount': 1.86, 'safe_price': 117.79, 'ft_order_side': 'sell', 'order_filled_timestamp': 1743861600000, 'ft_is_entry': True, 'ft_order_tag': 'short_pullback_restart', 'cost': 219.1989447}, {'amount': 1.86, 'safe_price': 105.91, 'ft_order_side': 'buy', 'order_filled_timestamp': 1743971700000, 'ft_is_entry': False, 'ft_order_tag': 'roi', 'cost': 197.0910963}]",0.002418024890283409,6
raw_be_guard_profit_lock_3y,Raw + Breakeven + Guard + ProfitLock,3y,profit_lock,BTC/USDT:USDT,313.7616,313.7616,0.004,2025-04-08 15:00:00+00:00,2025-04-09 06:05:00+00:00,78440.4,76827.6,0.0005,0.0005,905,0.019705382226913887,6.17970086,profit_giveback_guard,83146.8,-0.06,78361.9,-0.023861539124878872,74578.5,78815.0,False,short_pullback_restart,1.0,True,1744124400000,1744178700000,"[{'amount': 0.004, 'safe_price': 78440.4, 'ft_order_side': 'sell', 'order_filled_timestamp': 1744124400000, 'ft_is_entry': True, 'ft_order_tag': 'short_pullback_restart', 'cost': 313.9184808}, {'amount': 0.004, 'safe_price': 76827.6, 'ft_order_side': 'buy', 'order_filled_timestamp': 1744178700000, 'ft_is_entry': False, 'ft_order_tag': 'profit_giveback_guard', 'cost': 307.4640552}]",0.03903685839274417,2
raw_be_guard_profit_lock_3y,Raw + Breakeven + Guard + ProfitLock,3y,profit_lock,ZEC/USDT:USDT,283.83576,283.83576,9.411,2025-04-18 07:00:00+00:00,2025-04-18 17:35:00+00:00,30.16,31.25,0.0005,0.0005,635,-0.036974953004313034,-10.48956648,stop_loss,31.96,-0.06,31.25,-0.03625119206759919,29.85,31.25,False,short_pullback_restart,1.0,True,1744959600000,1744997700000,"[{'amount': 9.411, 'safe_price': 30.16, 'ft_order_side': 'sell', 'order_filled_timestamp': 1744959600000, 'ft_is_entry': True, 'ft_order_tag': 'short_pullback_restart', 'cost': 283.97767788}, {'amount': 9.411, 'safe_price': 31.25, 'ft_order_side': 'buy', 'order_filled_timestamp': 1744997700000, 'ft_is_entry': False, 'ft_order_tag': 'stop_loss', 'cost': 294.240796875}]",0.057388278,4
raw_be_guard_profit_lock_3y,Raw + Breakeven + Guard + ProfitLock,3y,profit_lock,SUI/USDT:USDT,481.01206,481.01206,226.7,2025-04-19 17:00:00+00:00,2025-04-19 18:05:00+00:00,2.1218,2.1624,0.0005,0.0005,65,-0.020154341474630237,-9.68963407,trailing_stop_loss,2.2491,-0.06,2.1624,-0.003979319366960832,2.1203,2.1635,False,short_pullback_restart,1.0,True,1745082000000,1745085900000,"[{'amount': 226.7, 'safe_price': 2.1218, 'ft_order_side': 'sell', 'order_filled_timestamp': 1745082000000, 'ft_is_entry': True, 'ft_order_tag': 'short_pullback_restart', 'cost': 481.2525660299999}, {'amount': 226.7, 'safe_price': 2.1624, 'ft_order_side': 'buy', 'order_filled_timestamp': 1745085900000, 'ft_is_entry': False, 'ft_order_tag': 'trailing_stop_loss', 'cost': 490.4611880399999}]",0.0,5
raw_be_guard_profit_lock_3y,Raw + Breakeven + Guard + ProfitLock,3y,profit_lock,NEAR/USDT:USDT,302.575,302.575,133.0,2025-05-06 11:00:00+00:00,2025-05-06 22:05:00+00:00,2.275,2.284,0.0005,0.0005,665,-0.0049886191711901555,-1.50867673,profit_lock_compression_breakdown,2.411,-0.06,2.352,-0.03413361769456125,2.229,2.323,False,short_compression_breakdown,1.0,True,1746529200000,1746569100000,"[{'amount': 133.0, 'safe_price': 2.275, 'ft_order_side': 'sell', 'order_filled_timestamp': 1746529200000, 'ft_is_entry': True, 'ft_order_tag': 'short_compression_breakdown', 'cost': 302.72628749999996}, {'amount': 133.0, 'safe_price': 2.284, 'ft_order_side': 'buy', 'order_filled_timestamp': 1746569100000, 'ft_is_entry': False, 'ft_order_tag': 'profit_lock_compression_breakdown', 'cost': 303.923886}]",-0.008503232639999999,1
raw_be_guard_profit_lock_3y,Raw + Breakeven + Guard + ProfitLock,3y,profit_lock,SOL/USDT:USDT,476.789,476.789,2.9,2025-05-09 00:00:00+00:00,2025-05-09 04:00:00+00:00,164.41,161.132,0.0005,0.0005,240,-0.02101748450004374,-10.02591587,stop_loss,154.546,-0.06,161.132,-0.01994035000508443,161.11,164.43,False,long_1d_center_compression,1.0,False,1746748800000,1746763200000,"[{'amount': 2.9, 'safe_price': 164.41, 'ft_order_side': 'buy', 'order_filled_timestamp': 1746748800000, 'ft_is_entry': True, 'ft_order_tag': 'long_1d_center_compression', 'cost': 477.02739449999996}, {'amount': 2.9, 'safe_price': 161.132, 'ft_order_side': 'sell', 'order_filled_timestamp': 1746763200000, 'ft_is_entry': False, 'ft_order_tag': 'stop_loss', 'cost': 467.51644139999996}]",-0.0476799735075,4
raw_be_guard_profit_lock_3y,Raw + Breakeven + Guard + ProfitLock,3y,profit_lock,BTC/USDT:USDT,412.912,412.912,0.004,2025-05-09 00:00:00+00:00,2025-05-12 14:25:00+00:00,103228.0,103331.3,0.0005,0.0005,5185,-0.0008726431239373145,-0.36050498,trailing_stop_loss,97034.4,-0.06,103331.3,-0.022745944391850403,102240.0,105863.1,False,long_1d_center_compression,1.0,False,1746748800000,1747059900000,"[{'amount': 0.004, 'safe_price': 103228.0, 'ft_order_side': 'buy', 'order_filled_timestamp': 1746748800000, 'ft_is_entry': True, 'ft_order_tag': 'long_1d_center_compression', 'cost': 413.11845600000004}, {'amount': 0.004, 'safe_price': 103331.3, 'ft_order_side': 'sell', 'order_filled_timestamp': 1747059900000, 'ft_is_entry': False, 'ft_order_tag': 'trailing_stop_loss', 'cost': 413.53186259999995}]",-0.360586381243828,0
raw_be_guard_profit_lock_3y,Raw + Breakeven + Guard + ProfitLock,3y,profit_lock,TRX/USDT:USDT,473.78001,473.78001,1843.0,2025-05-09 00:00:00+00:00,2025-05-13 01:40:00+00:00,0.25707,0.2665,0.0005,0.0005,5860,0.03431516310880144,16.26596724,profit_giveback_guard,0.24165,-0.06,0.25733,-0.021904785434642138,0.25404,0.28029,False,long_1d_center_compression,1.0,False,1746748800000,1747100400000,"[{'amount': 1843.0, 'safe_price': 0.25707, 'ft_order_side': 'buy', 'order_filled_timestamp': 1746748800000, 'ft_is_entry': True, 'ft_order_tag': 'long_1d_center_compression', 'cost': 474.016900005}, {'amount': 1843.0, 'safe_price': 0.2665, 'ft_order_side': 'sell', 'order_filled_timestamp': 1747100400000, 'ft_is_entry': False, 'ft_order_tag': 'profit_giveback_guard', 'cost': 491.40507975}]",-0.63105300476,1
raw_be_guard_profit_lock_3y,Raw + Breakeven + Guard + ProfitLock,3y,profit_lock,BCH/USDT:USDT,452.42581,452.42581,1.019,2025-05-23 00:00:00+00:00,2025-05-23 04:30:00+00:00,443.99,444.44,0.0005,0.0005,270,6.480600663560178e-05,0.02933457,trailing_stop_loss,417.36,-0.06,444.44,-0.021695414823130754,442.14,464.4,False,long_1d_center_compression,1.0,False,1747958400000,1747974600000,"[{'amount': 1.019, 'safe_price': 443.99, 'ft_order_side': 'buy', 'order_filled_timestamp': 1747958400000, 'ft_is_entry': True, 'ft_order_tag': 'long_1d_center_compression', 'cost': 452.6520229049999}, {'amount': 1.019, 'safe_price': 444.44, 'ft_order_side': 'sell', 'order_filled_timestamp': 1747974600000, 'ft_is_entry': False, 'ft_order_tag': 'trailing_stop_loss', 'cost': 453.11080217999995}]",0.023439653272199996,4
raw_be_guard_profit_lock_3y,Raw + Breakeven + Guard + ProfitLock,3y,profit_lock,BTC/USDT:USDT,438.4384,438.4384,0.004,2025-05-22 00:00:00+00:00,2025-05-23 11:45:00+00:00,109609.6,109719.3,0.0005,0.0005,2145,-0.00047047955162931774,-0.20637944,trailing_stop_loss,103033.1,-0.06,109719.3,-0.019962559656144907,109153.4,111959.5,False,long_1d_center_compression,1.0,False,1747872000000,1748000700000,"[{'amount': 0.004, 'safe_price': 109609.6, 'ft_order_side': 'buy', 'order_filled_timestamp': 1747872000000, 'ft_is_entry': True, 'ft_order_tag': 'long_1d_center_compression', 'cost': 438.65761920000006}, {'amount': 0.004, 'safe_price': 109719.3, 'ft_order_side': 'sell', 'order_filled_timestamp': 1748000700000, 'ft_is_entry': False, 'ft_order_tag': 'trailing_stop_loss', 'cost': 439.0966386}]",-0.20652164410429683,4
raw_be_guard_profit_lock_3y,Raw + Breakeven + Guard + ProfitLock,3y,profit_lock,BNB/USDT:USDT,478.2489,478.2489,0.71,2025-05-22 00:00:00+00:00,2025-05-23 11:50:00+00:00,673.59,674.27,0.0005,0.0005,2150,9.00691298377593e-06,0.0043097,trailing_stop_loss,633.18,-0.06,674.27,-0.022792228872882347,672.0,691.66,False,long_1d_center_compression,1.0,False,1747872000000,1748001000000,"[{'amount': 0.71, 'safe_price': 673.59, 'ft_order_side': 'buy', 'order_filled_timestamp': 1747872000000, 'ft_is_entry': True, 'ft_order_tag': 'long_1d_center_compression', 'cost': 478.48802444999995}, {'amount': 0.71, 'safe_price': 674.27, 'ft_order_side': 'sell', 'order_filled_timestamp': 1748001000000, 'ft_is_entry': False, 'ft_order_tag': 'trailing_stop_loss', 'cost': 478.97106584999995}]",0.0,4
raw_be_guard_profit_lock_3y,Raw + Breakeven + Guard + ProfitLock,3y,profit_lock,XRP/USDT:USDT,289.296,289.296,134.4,2025-05-30 17:00:00+00:00,2025-05-31 10:10:00+00:00,2.1525,2.1503,0.0005,0.0005,1030,6.0765823429385175e-05,0.01757052,trailing_stop_loss,2.2816,-0.06,2.1503,-0.022174026714835593,2.0778,2.2046,False,short_pullback_restart,1.0,True,1748624400000,1748686200000,"[{'amount': 134.4, 'safe_price': 2.1525, 'ft_order_side': 'sell', 'order_filled_timestamp': 1748624400000, 'ft_is_entry': True, 'ft_order_tag': 'short_pullback_restart', 'cost': 289.44064799999995}, {'amount': 134.4, 'safe_price': 2.1503, 'ft_order_side': 'buy', 'order_filled_timestamp': 1748686200000, 'ft_is_entry': False, 'ft_order_tag': 'trailing_stop_loss', 'cost': 289.14482016000005}]",0.01103867744789376,5
raw_be_guard_profit_lock_3y,Raw + Breakeven + Guard + ProfitLock,3y,profit_lock,NEAR/USDT:USDT,262.404,262.404,111.0,2025-06-01 10:00:00+00:00,2025-06-01 16:10:00+00:00,2.364,2.448,0.0005,0.0005,370,-0.0365879921714184,-9.59603508,trailing_stop_loss,2.505,-0.06,2.448,-0.03139746761563056,2.359,2.457,False,short_pullback_restart,1.0,True,1748772000000,1748794200000,"[{'amount': 111.0, 'safe_price': 2.364, 'ft_order_side': 'sell', 'order_filled_timestamp': 1748772000000, 'ft_is_entry': True, 'ft_order_tag': 'short_pullback_restart', 'cost': 262.53520199999997}, {'amount': 111.0, 'safe_price': 2.448, 'ft_order_side': 'buy', 'order_filled_timestamp': 1748794200000, 'ft_is_entry': False, 'ft_order_tag': 'trailing_stop_loss', 'cost': 271.863864}]",-0.004969078169999999,6
raw_be_guard_profit_lock_3y,Raw + Breakeven + Guard + ProfitLock,3y,profit_lock,NEAR/USDT:USDT,233.24,233.24,98.0,2025-06-02 10:00:00+00:00,2025-06-02 22:00:00+00:00,2.38,2.483,0.0005,0.0005,720,-0.04424089977590407,-10.31358809,stop_loss,2.522,-0.06,2.483,-0.043679634062182116,2.372,2.491,False,short_pullback_restart,1.0,True,1748858400000,1748901600000,"[{'amount': 98.0, 'safe_price': 2.38, 'ft_order_side': 'sell', 'order_filled_timestamp': 1748858400000, 'ft_is_entry': True, 'ft_order_tag': 'short_pullback_restart', 'cost': 233.35661999999996}, {'amount': 98.0, 'safe_price': 2.483, 'ft_order_side': 'buy', 'order_filled_timestamp': 1748901600000, 'ft_is_entry': False, 'ft_order_tag': 'stop_loss', 'cost': 243.45566699999998}]",0.018698905680000003,0
raw_be_guard_profit_lock_3y,Raw + Breakeven + Guard + ProfitLock,3y,profit_lock,ADA/USDT:USDT,351.9184,351.9184,524.0,2025-06-02 09:00:00+00:00,2025-06-02 22:20:00+00:00,0.6716,0.6909,0.0005,0.0005,800,-0.029765852725043125,-10.46991369,stop_loss,0.7118,-0.06,0.6909,-0.028785310095445826,0.6632,0.691,False,short_pullback_restart,1.0,True,1748854800000,1748902800000,"[{'amount': 524.0, 'safe_price': 0.6716, 'ft_order_side': 'sell', 'order_filled_timestamp': 1748854800000, 'ft_is_entry': True, 'ft_order_tag': 'short_pullback_restart', 'cost': 352.09435919999993}, {'amount': 524.0, 'safe_price': 0.6909, 'ft_order_side': 'buy', 'order_filled_timestamp': 1748902800000, 'ft_is_entry': False, 'ft_order_tag': 'stop_loss', 'cost': 362.2126157999999}]",0.000261311464,0
raw_be_guard_profit_lock_3y,Raw + Breakeven + Guard + ProfitLock,3y,profit_lock,LINK/USDT:USDT,255.4794,255.4794,18.7,2025-06-01 10:00:00+00:00,2025-06-03 00:15:00+00:00,13.662,14.185,0.0005,0.0005,2295,-0.038947575975483095,-9.94532819,trailing_stop_loss,14.481,-0.06,14.185,-0.03227270862244569,13.58,14.214,False,short_pullback_restart,1.0,True,1748772000000,1748909700000,"[{'amount': 18.7, 'safe_price': 13.662, 'ft_order_side': 'sell', 'order_filled_timestamp': 1748772000000, 'ft_is_entry': True, 'ft_order_tag': 'short_pullback_restart', 'cost': 255.60713969999998}, {'amount': 18.7, 'safe_price': 14.185, 'ft_order_side': 'buy', 'order_filled_timestamp': 1748909700000, 'ft_is_entry': False, 'ft_order_tag': 'trailing_stop_loss', 'cost': 265.39212975}]",0.0951412618992,1
raw_be_guard_profit_lock_3y,Raw + Breakeven + Guard + ProfitLock,3y,profit_lock,SUI/USDT:USDT,415.66327,415.66327,129.1,2025-06-04 11:00:00+00:00,2025-06-05 02:40:00+00:00,3.2197,3.2095,0.0005,0.0005,940,0.0022269442268972425,0.92519609,profit_lock_pullback_restart,3.4128,-0.06,3.2164,-0.021040029204494992,3.1359,3.2461,False,short_pullback_restart,1.0,True,1749034800000,1749091200000,"[{'amount': 129.1, 'safe_price': 3.2197, 'ft_order_side': 'sell', 'order_filled_timestamp': 1749034800000, 'ft_is_entry': True, 'ft_order_tag': 'short_pullback_restart', 'cost': 415.87110163499995}, {'amount': 129.1, 'safe_price': 3.2095, 'ft_order_side': 'buy', 'order_filled_timestamp': 1749091200000, 'ft_is_entry': False, 'ft_order_tag': 'profit_lock_pullback_restart', 'cost': 414.5536232249999}]",0.0233809506335735,3
raw_be_guard_profit_lock_3y,Raw + Breakeven + Guard + ProfitLock,3y,profit_lock,DOGE/USDT:USDT,339.58925,339.58925,1771.0,2025-06-04 14:00:00+00:00,2025-06-05 12:20:00+00:00,0.19175,0.19127,0.0005,0.0005,1340,0.0016215422283083968,0.55038298,profit_lock_pullback_restart,0.20325,-0.06,0.19155,-0.02142609576623644,0.18679,0.19349,False,short_pullback_restart,1.0,True,1749045600000,1749126000000,"[{'amount': 1771.0, 'safe_price': 0.19175, 'ft_order_side': 'sell', 'order_filled_timestamp': 1749045600000, 'ft_is_entry': True, 'ft_order_tag': 'short_pullback_restart', 'cost': 339.759044625}, {'amount': 1771.0, 'safe_price': 0.19127, 'ft_order_side': 'buy', 'order_filled_timestamp': 1749126000000, 'ft_is_entry': False, 'ft_order_tag': 'profit_lock_pullback_restart', 'cost': 338.90853958499997}]",0.039467194633651406,3
raw_be_guard_profit_lock_3y,Raw + Breakeven + Guard + ProfitLock,3y,profit_lock,SOL/USDT:USDT,324.5616,324.5616,2.16,2025-06-05 14:00:00+00:00,2025-06-05 19:15:00+00:00,150.26,148.34,0.0005,0.0005,315,0.011784070569035892,3.82274447,profit_lock_pullback_restart,159.27,-0.06,150.1,-0.042066921207913666,144.05,151.64,False,short_pullback_restart,1.0,True,1749132000000,1749150900000,"[{'amount': 2.16, 'safe_price': 150.26, 'ft_order_side': 'sell', 'order_filled_timestamp': 1749132000000, 'ft_is_entry': True, 'ft_order_tag': 'short_pullback_restart', 'cost': 324.72388079999996}, {'amount': 2.16, 'safe_price': 148.34, 'ft_order_side': 'buy', 'order_filled_timestamp': 1749150900000, 'ft_is_entry': False, 'ft_order_tag': 'profit_lock_pullback_restart', 'cost': 320.5746072}]",-0.001967527584,3
raw_be_guard_profit_lock_3y,Raw + Breakeven + Guard + ProfitLock,3y,profit_lock,TRX/USDT:USDT,466.84318,466.84318,1657.0,2025-06-06 00:00:00+00:00,2025-06-06 02:15:00+00:00,0.28174,0.27612,0.0005,0.0005,135,-0.0209473431053787,-9.78401383,stop_loss,0.26484,-0.06,0.27612,-0.019965215276654624,0.27612,0.28241,False,long_1d_center_compression,1.0,False,1749168000000,1749176100000,"[{'amount': 1657.0, 'safe_price': 0.28174, 'ft_order_side': 'buy', 'order_filled_timestamp': 1749168000000, 'ft_is_entry': True, 'ft_order_tag': 'long_1d_center_compression', 'cost': 467.07660158999994}, {'amount': 1657.0, 'safe_price': 0.27612, 'ft_order_side': 'sell', 'order_filled_timestamp': 1749176100000, 'ft_is_entry': False, 'ft_order_tag': 'stop_loss', 'cost': 457.75960541999996}]",-0.0094868214345488,4
raw_be_guard_profit_lock_3y,Raw + Breakeven + Guard + ProfitLock,3y,profit_lock,XRP/USDT:USDT,412.23065,412.23065,188.5,2025-06-05 07:00:00+00:00,2025-06-06 04:35:00+00:00,2.1869,2.1307,0.0005,0.0005,1295,0.024773101577679733,10.20712565,profit_giveback_guard,2.3181,-0.06,2.1847,-0.03540905213270151,2.0576,2.2255,False,short_pullback_restart,1.0,True,1749106800000,1749184500000,"[{'amount': 188.5, 'safe_price': 2.1869, 'ft_order_side': 'sell', 'order_filled_timestamp': 1749106800000, 'ft_is_entry': True, 'ft_order_tag': 'short_pullback_restart', 'cost': 412.436765325}, {'amount': 188.5, 'safe_price': 2.1307, 'ft_order_side': 'buy', 'order_filled_timestamp': 1749184500000, 'ft_is_entry': False, 'ft_order_tag': 'profit_giveback_guard', 'cost': 401.837768475}]",0.020359446253526245,4
raw_be_guard_profit_lock_3y,Raw + Breakeven + Guard + ProfitLock,3y,profit_lock,ETH/USDT:USDT,464.5971,464.5971,0.165,2025-06-11 00:00:00+00:00,2025-06-11 09:50:00+00:00,2815.74,2759.43,0.0005,0.0005,590,-0.021176824143882455,-9.84361043,stop_loss,2646.8,-0.06,2759.43,-0.01999996698248052,2756.0,2834.23,False,long_1d_center_compression,1.0,False,1749600000000,1749635400000,"[{'amount': 0.165, 'safe_price': 2815.74, 'ft_order_side': 'buy', 'order_filled_timestamp': 1749600000000, 'ft_is_entry': True, 'ft_order_tag': 'long_1d_center_compression', 'cost': 464.82939855}, {'amount': 0.165, 'safe_price': 2759.43, 'ft_order_side': 'sell', 'order_filled_timestamp': 1749635400000, 'ft_is_entry': False, 'ft_order_tag': 'stop_loss', 'cost': 455.53360297499995}]",-0.0925089,2
raw_be_guard_profit_lock_3y,Raw + Breakeven + Guard + ProfitLock,3y,profit_lock,ADA/USDT:USDT,250.5,250.5,375.0,2025-06-12 20:00:00+00:00,2025-06-13 03:55:00+00:00,0.668,0.6351,0.0005,0.0005,475,0.04824344467643003,12.0789404,profit_lock_compression_breakdown,0.708,-0.06,0.6673,-0.024615384615384706,0.6168,0.6708,False,short_compression_breakdown,1.0,True,1749758400000,1749786900000,"[{'amount': 375.0, 'safe_price': 0.668, 'ft_order_side': 'sell', 'order_filled_timestamp': 1749758400000, 'ft_is_entry': True, 'ft_order_tag': 'short_compression_breakdown', 'cost': 250.62525000000002}, {'amount': 375.0, 'safe_price': 0.6351, 'ft_order_side': 'buy', 'order_filled_timestamp': 1749786900000, 'ft_is_entry': False, 'ft_order_tag': 'profit_lock_compression_breakdown', 'cost': 238.28158125}]",-0.014228350875000002,4
raw_be_guard_profit_lock_3y,Raw + Breakeven + Guard + ProfitLock,3y,profit_lock,DOGE/USDT:USDT,276.48528,276.48528,1488.0,2025-06-12 16:00:00+00:00,2025-06-13 08:10:00+00:00,0.18581,0.17514,0.0005,0.0005,970,0.056468350444703316,15.60486135,profit_lock_compression_breakdown,0.19695,-0.06,0.18562,-0.028217969312579694,0.16961,0.19003,False,short_compression_breakdown,1.0,True,1749744000000,1749802200000,"[{'amount': 1488.0, 'safe_price': 0.18581, 'ft_order_side': 'sell', 'order_filled_timestamp': 1749744000000, 'ft_is_entry': True, 'ft_order_tag': 'short_compression_breakdown', 'cost': 276.62352264}, {'amount': 1488.0, 'safe_price': 0.17514, 'ft_order_side': 'buy', 'order_filled_timestamp': 1749802200000, 'ft_is_entry': False, 'ft_order_tag': 'profit_lock_compression_breakdown', 'cost': 260.73862416}]",-0.0035518536035759993,4
raw_be_guard_profit_lock_3y,Raw + Breakeven + Guard + ProfitLock,3y,profit_lock,DOGE/USDT:USDT,441.4476,441.4476,2524.0,2025-06-15 09:00:00+00:00,2025-06-15 22:05:00+00:00,0.1749,0.17424,0.0005,0.0005,785,0.0027916884406689276,1.23176797,profit_lock_pullback_restart,0.18539,-0.06,0.17891,-0.022977836476931746,0.17126,0.17736,False,short_pullback_restart,1.0,True,1749978000000,1750025100000,"[{'amount': 2524.0, 'safe_price': 0.1749, 'ft_order_side': 'sell', 'order_filled_timestamp': 1749978000000, 'ft_is_entry': True, 'ft_order_tag': 'short_pullback_restart', 'cost': 441.6683238}, {'amount': 2524.0, 'safe_price': 0.17424, 'ft_order_side': 'buy', 'order_filled_timestamp': 1750025100000, 'ft_is_entry': False, 'ft_order_tag': 'profit_lock_pullback_restart', 'cost': 440.00165088}]",0.006542653233599999,6
raw_be_guard_profit_lock_3y,Raw + Breakeven + Guard + ProfitLock,3y,profit_lock,LINK/USDT:USDT,266.41344,266.41344,20.71,2025-06-14 17:00:00+00:00,2025-06-16 00:25:00+00:00,12.864,13.327,0.0005,0.0005,1885,-0.03723723420196036,-9.91553941,trailing_stop_loss,13.635,-0.06,13.327,-0.02568729594980579,12.841,13.337,False,short_compression_breakdown,1.0,True,1749920400000,1750033500000,"[{'amount': 20.71, 'safe_price': 12.864, 'ft_order_side': 'sell', 'order_filled_timestamp': 1749920400000, 'ft_is_entry': True, 'ft_order_tag': 'short_compression_breakdown', 'cost': 266.54664672}, {'amount': 20.71, 'safe_price': 13.327, 'ft_order_side': 'buy', 'order_filled_timestamp': 1750033500000, 'ft_is_entry': False, 'ft_order_tag': 'trailing_stop_loss', 'cost': 276.140171085}]",-0.05560160137967049,0
raw_be_guard_profit_lock_3y,Raw + Breakeven + Guard + ProfitLock,3y,profit_lock,SOL/USDT:USDT,336.2615,336.2615,2.35,2025-06-19 15:00:00+00:00,2025-06-19 22:35:00+00:00,143.09,147.37,0.0005,0.0005,455,-0.030930916498585457,-10.39567594,stop_loss,151.67,-0.06,147.37,-0.029975832995732477,142.83,147.43,False,short_pullback_restart,1.0,True,1750345200000,1750372500000,"[{'amount': 2.35, 'safe_price': 143.09, 'ft_order_side': 'sell', 'order_filled_timestamp': 1750345200000, 'ft_is_entry': True, 'ft_order_tag': 'short_pullback_restart', 'cost': 336.42963075}, {'amount': 2.35, 'safe_price': 147.37, 'ft_order_side': 'buy', 'order_filled_timestamp': 1750372500000, 'ft_is_entry': False, 'ft_order_tag': 'stop_loss', 'cost': 346.49265975}]",0.003614558500000001,3
raw_be_guard_profit_lock_3y,Raw + Breakeven + Guard + ProfitLock,3y,profit_lock,SOL/USDT:USDT,328.4346,328.4346,2.37,2025-06-21 18:00:00+00:00,2025-06-21 21:30:00+00:00,138.58,135.22,0.0005,0.0005,210,0.023269680734435624,7.638747,profit_giveback_guard,146.89,-0.06,138.44,-0.02473293856402692,130.46,139.58,False,short_pullback_restart,1.0,True,1750528800000,1750541400000,"[{'amount': 2.37, 'safe_price': 138.58, 'ft_order_side': 'sell', 'order_filled_timestamp': 1750528800000, 'ft_is_entry': True, 'ft_order_tag': 'short_pullback_restart', 'cost': 328.5988173}, {'amount': 2.37, 'safe_price': 135.22, 'ft_order_side': 'buy', 'order_filled_timestamp': 1750541400000, 'ft_is_entry': False, 'ft_order_tag': 'profit_giveback_guard', 'cost': 320.6316357}]",0.0,5
raw_be_guard_profit_lock_3y,Raw + Breakeven + Guard + ProfitLock,3y,profit_lock,NEAR/USDT:USDT,281.106,281.106,138.0,2025-06-21 14:00:00+00:00,2025-06-22 00:05:00+00:00,2.037,1.981,0.0005,0.0005,605,0.026479493935779228,7.43982285,profit_giveback_guard,2.159,-0.06,2.034,-0.023108597285067756,1.902,2.054,False,short_pullback_restart,1.0,True,1750514400000,1750550700000,"[{'amount': 138.0, 'safe_price': 2.037, 'ft_order_side': 'sell', 'order_filled_timestamp': 1750514400000, 'ft_is_entry': True, 'ft_order_tag': 'short_pullback_restart', 'cost': 281.246553}, {'amount': 138.0, 'safe_price': 1.981, 'ft_order_side': 'buy', 'order_filled_timestamp': 1750550700000, 'ft_is_entry': False, 'ft_order_tag': 'profit_giveback_guard', 'cost': 273.514689}]",-0.0109351476,6
raw_be_guard_profit_lock_3y,Raw + Breakeven + Guard + ProfitLock,3y,profit_lock,ETH/USDT:USDT,206.6966,206.6966,0.094,2025-06-22 14:00:00+00:00,2025-06-22 14:50:00+00:00,2198.9,2197.38,0.0005,0.0005,50,-0.00030855393133831,-0.06374516,profit_lock_pullback_restart,2330.83,-0.06,2306.19,-0.048794549973850465,2155.1,2212.0,False,short_pullback_restart,1.0,True,1750600800000,1750603800000,"[{'amount': 0.094, 'safe_price': 2198.9, 'ft_order_side': 'sell', 'order_filled_timestamp': 1750600800000, 'ft_is_entry': True, 'ft_order_tag': 'short_pullback_restart', 'cost': 206.7999483}, {'amount': 0.094, 'safe_price': 2197.38, 'ft_order_side': 'buy', 'order_filled_timestamp': 1750603800000, 'ft_is_entry': False, 'ft_order_tag': 'profit_lock_pullback_restart', 'cost': 206.65699686}]",0.0,6
raw_be_guard_profit_lock_3y,Raw + Breakeven + Guard + ProfitLock,3y,profit_lock,BNB/USDT:USDT,308.08,308.08,0.5,2025-06-22 14:00:00+00:00,2025-06-22 22:40:00+00:00,616.16,614.46,0.0005,0.0005,520,0.001761283783932995,0.542345,profit_lock_pullback_restart,653.12,-0.06,615.54,-0.02190394289034603,600.91,618.54,False,short_pullback_restart,1.0,True,1750600800000,1750632000000,"[{'amount': 0.5, 'safe_price': 616.16, 'ft_order_side': 'sell', 'order_filled_timestamp': 1750600800000, 'ft_is_entry': True, 'ft_order_tag': 'short_pullback_restart', 'cost': 308.23404}, {'amount': 0.5, 'safe_price': 614.46, 'ft_order_side': 'buy', 'order_filled_timestamp': 1750632000000, 'ft_is_entry': False, 'ft_order_tag': 'profit_lock_pullback_restart', 'cost': 307.383615}]",0.0,6
raw_be_guard_profit_lock_3y,Raw + Breakeven + Guard + ProfitLock,3y,profit_lock,LINK/USDT:USDT,301.54256,301.54256,23.47,2025-07-01 19:00:00+00:00,2025-07-02 15:10:00+00:00,12.848,13.278,0.0005,0.0005,1210,-0.03452560029652025,-10.40573243,stop_loss,13.618,-0.06,13.278,-0.03354424349546137,12.716,13.315,False,short_compression_breakdown,1.0,True,1751396400000,1751469000000,"[{'amount': 23.47, 'safe_price': 12.848, 'ft_order_side': 'sell', 'order_filled_timestamp': 1751396400000, 'ft_is_entry': True, 'ft_order_tag': 'short_compression_breakdown', 'cost': 301.69333127999994}, {'amount': 23.47, 'safe_price': 13.278, 'ft_order_side': 'buy', 'order_filled_timestamp': 1751469000000, 'ft_is_entry': False, 'ft_order_tag': 'stop_loss', 'cost': 311.79047733}]",-0.007043819145588666,2
raw_be_guard_profit_lock_3y,Raw + Breakeven + Guard + ProfitLock,3y,profit_lock,BTC/USDT:USDT,444.7992,444.7992,0.004,2025-07-10 00:00:00+00:00,2025-07-10 21:15:00+00:00,111199.8,113622.7,0.0005,0.0005,1275,0.02056320710775675,9.15107132,profit_giveback_guard,104527.9,-0.06,111311.0,-0.021218899072404263,110432.2,117500.0,False,long_1d_center_compression,1.0,False,1752105600000,1752182100000,"[{'amount': 0.004, 'safe_price': 111199.8, 'ft_order_side': 'buy', 'order_filled_timestamp': 1752105600000, 'ft_is_entry': True, 'ft_order_tag': 'long_1d_center_compression', 'cost': 445.0215996}, {'amount': 0.004, 'safe_price': 113622.7, 'ft_order_side': 'sell', 'order_filled_timestamp': 1752182100000, 'ft_is_entry': False, 'ft_order_tag': 'profit_giveback_guard', 'cost': 454.71804539999994}]",-0.09088367905200001,3
raw_be_guard_profit_lock_3y,Raw + Breakeven + Guard + ProfitLock,3y,profit_lock,ETH/USDT:USDT,423.45657,423.45657,0.153,2025-07-10 00:00:00+00:00,2025-07-14 03:40:00+00:00,2767.69,3049.98,0.0005,0.0005,5980,0.10000094531854666,42.36723033,roi,2601.63,-0.06,2770.46,-0.020215697300203006,2754.08,3051.91,False,long_1d_center_compression,1.0,False,1752105600000,1752464400000,"[{'amount': 0.153, 'safe_price': 2767.69, 'ft_order_side': 'buy', 'order_filled_timestamp': 1752105600000, 'ft_is_entry': True, 'ft_order_tag': 'long_1d_center_compression', 'cost': 423.668298285}, {'amount': 0.153, 'safe_price': 3049.98, 'ft_order_side': 'sell', 'order_filled_timestamp': 1752464400000, 'ft_is_entry': False, 'ft_order_tag': 'roi', 'cost': 466.88026346999993}]",-0.3780879145377025,0
raw_be_guard_profit_lock_3y,Raw + Breakeven + Guard + ProfitLock,3y,profit_lock,BNB/USDT:USDT,452.958,452.958,0.66,2025-07-11 00:00:00+00:00,2025-07-14 18:55:00+00:00,686.3,689.87,0.0005,0.0005,5455,0.004078224223561725,1.84818792,profit_lock_long_center,645.13,-0.06,686.99,-0.021791140412080523,679.47,708.0,False,long_1d_center_compression,1.0,False,1752192000000,1752519300000,"[{'amount': 0.66, 'safe_price': 686.3, 'ft_order_side': 'buy', 'order_filled_timestamp': 1752192000000, 'ft_is_entry': True, 'ft_order_tag': 'long_1d_center_compression', 'cost': 453.18447899999995}, {'amount': 0.66, 'safe_price': 689.87, 'ft_order_side': 'sell', 'order_filled_timestamp': 1752519300000, 'ft_is_entry': False, 'ft_order_tag': 'profit_lock_long_center', 'cost': 455.5418571}]",-0.053875979520000006,0
raw_be_guard_profit_lock_3y,Raw + Breakeven + Guard + ProfitLock,3y,profit_lock,TRX/USDT:USDT,468.4068,468.4068,1647.0,2025-07-03 00:00:00+00:00,2025-07-17 09:35:00+00:00,0.2844,0.31359,0.0005,0.0005,20735,0.10001631504700727,46.87174624,roi,0.26734,-0.06,0.28469,-0.019681818181818356,0.28086,0.31378,False,long_1d_center_compression,1.0,False,1751500800000,1752744900000,"[{'amount': 1647.0, 'safe_price': 0.2844, 'ft_order_side': 'buy', 'order_filled_timestamp': 1751500800000, 'ft_is_entry': True, 'ft_order_tag': 'long_1d_center_compression', 'cost': 468.64100339999993}, {'amount': 1647.0, 'safe_price': 0.31359, 'ft_order_side': 'sell', 'order_filled_timestamp': 1752744900000, 'ft_is_entry': False, 'ft_order_tag': 'roi', 'cost': 516.740971365}]",-0.711738998959798,3
raw_be_guard_profit_lock_3y,Raw + Breakeven + Guard + ProfitLock,3y,profit_lock,LTC/USDT:USDT,503.2224,503.2224,4.152,2025-08-05 00:00:00+00:00,2025-08-05 07:30:00+00:00,121.2,121.33,0.0005,0.0005,450,-2.786870759536833e-05,-0.01403117,trailing_stop_loss,113.93,-0.06,121.33,-0.020101768839350664,120.04,125.06,False,long_1d_center_compression,1.0,False,1754352000000,1754379000000,"[{'amount': 4.152, 'safe_price': 121.2, 'ft_order_side': 'buy', 'order_filled_timestamp': 1754352000000, 'ft_is_entry': True, 'ft_order_tag': 'long_1d_center_compression', 'cost': 503.4740112}, {'amount': 4.152, 'safe_price': 121.33, 'ft_order_side': 'sell', 'order_filled_timestamp': 1754379000000, 'ft_is_entry': False, 'ft_order_tag': 'trailing_stop_loss', 'cost': 504.01404107999997}]",-0.050298888458616006,1
raw_be_guard_profit_lock_3y,Raw + Breakeven + Guard + ProfitLock,3y,profit_lock,ETH/USDT:USDT,500.2752,500.2752,0.128,2025-08-08 00:00:00+00:00,2025-08-09 22:20:00+00:00,3908.4,4305.73,0.0005,0.0005,2780,0.09999886954773815,50.05196794,roi,3673.9,-0.06,3912.31,-0.024627121306178834,3876.7,4325.24,False,long_1d_center_compression,1.0,False,1754611200000,1754778000000,"[{'amount': 0.128, 'safe_price': 3908.4, 'ft_order_side': 'buy', 'order_filled_timestamp': 1754611200000, 'ft_is_entry': True, 'ft_order_tag': 'long_1d_center_compression', 'cost': 500.5253376}, {'amount': 0.128, 'safe_price': 4305.73, 'ft_order_side': 'sell', 'order_filled_timestamp': 1754778000000, 'ft_is_entry': False, 'ft_order_tag': 'roi', 'cost': 551.4090067199999}]",-0.2805677434650893,5
raw_be_guard_profit_lock_3y,Raw + Breakeven + Guard + ProfitLock,3y,profit_lock,BTC/USDT:USDT,477.0212,477.0212,0.004,2025-08-11 00:00:00+00:00,2025-08-11 13:00:00+00:00,119255.3,119374.6,0.0005,0.0005,780,-0.0002019347283239961,-0.09637531,trailing_stop_loss,112100.0,-0.06,119374.6,-0.01970649554134174,118950.0,122450.0,False,long_1d_center_compression,1.0,False,1754870400000,1754917200000,"[{'amount': 0.004, 'safe_price': 119255.3, 'ft_order_side': 'buy', 'order_filled_timestamp': 1754870400000, 'ft_is_entry': True, 'ft_order_tag': 'long_1d_center_compression', 'cost': 477.2597106}, {'amount': 0.004, 'safe_price': 119374.6, 'ft_order_side': 'sell', 'order_filled_timestamp': 1754917200000, 'ft_is_entry': False, 'ft_order_tag': 'trailing_stop_loss', 'cost': 477.73714920000003}]",-0.096315512869564,0
raw_be_guard_profit_lock_3y,Raw + Breakeven + Guard + ProfitLock,3y,profit_lock,TRX/USDT:USDT,520.48003,520.48003,1477.0,2025-08-13 00:00:00+00:00,2025-08-14 12:30:00+00:00,0.35239,0.35275,0.0005,0.0005,2190,-0.0005413964431671073,-0.28192693,trailing_stop_loss,0.33125,-0.06,0.35275,-0.01994223716381438,0.35,0.37038,False,long_1d_center_compression,1.0,False,1755043200000,1755174600000,"[{'amount': 1477.0, 'safe_price': 0.35239, 'ft_order_side': 'buy', 'order_filled_timestamp': 1755043200000, 'ft_is_entry': True, 'ft_order_tag': 'long_1d_center_compression', 'cost': 520.740270015}, {'amount': 1477.0, 'safe_price': 0.35275, 'ft_order_side': 'sell', 'order_filled_timestamp': 1755174600000, 'ft_is_entry': False, 'ft_order_tag': 'trailing_stop_loss', 'cost': 521.2722558749999}]",-0.292901041584879,3
raw_be_guard_profit_lock_3y,Raw + Breakeven + Guard + ProfitLock,3y,profit_lock,BNB/USDT:USDT,517.4569,517.4569,0.61,2025-08-14 00:00:00+00:00,2025-08-14 12:30:00+00:00,848.29,849.14,0.0005,0.0005,750,-0.00021795793636331744,-0.11284023,trailing_stop_loss,797.4,-0.06,849.14,-0.021154952794845028,833.45,870.15,False,long_1d_center_compression,1.0,False,1755129600000,1755174600000,"[{'amount': 0.61, 'safe_price': 848.29, 'ft_order_side': 'buy', 'order_filled_timestamp': 1755129600000, 'ft_is_entry': True, 'ft_order_tag': 'long_1d_center_compression', 'cost': 517.7156284499999}, {'amount': 0.61, 'safe_price': 849.14, 'ft_order_side': 'sell', 'order_filled_timestamp': 1755174600000, 'ft_is_entry': False, 'ft_order_tag': 'trailing_stop_loss', 'cost': 518.2343877}]",-0.11362408211041512,3
raw_be_guard_profit_lock_3y,Raw + Breakeven + Guard + ProfitLock,3y,profit_lock,NEAR/USDT:USDT,290.277,290.277,117.0,2025-08-21 12:00:00+00:00,2025-08-22 02:15:00+00:00,2.481,2.478,0.0005,0.0005,855,0.0004074185419997382,0.1182051,trailing_stop_loss,2.629,-0.06,2.478,-0.022491336633663428,2.424,2.51,False,short_pullback_restart,1.0,True,1755777600000,1755828900000,"[{'amount': 117.0, 'safe_price': 2.481, 'ft_order_side': 'sell', 'order_filled_timestamp': 1755777600000, 'ft_is_entry': True, 'ft_order_tag': 'short_pullback_restart', 'cost': 290.42213849999996}, {'amount': 117.0, 'safe_price': 2.478, 'ft_order_side': 'buy', 'order_filled_timestamp': 1755828900000, 'ft_is_entry': False, 'ft_order_tag': 'trailing_stop_loss', 'cost': 290.070963}]",0.05730660000000001,4
raw_be_guard_profit_lock_3y,Raw + Breakeven + Guard + ProfitLock,3y,profit_lock,NEAR/USDT:USDT,322.806,322.806,134.0,2025-08-22 12:00:00+00:00,2025-08-22 12:50:00+00:00,2.409,2.41,0.0005,0.0005,50,-0.0014160255719391451,-0.456873,profit_lock_compression_breakdown,2.553,-0.06,2.49,-0.033998713447821016,2.367,2.411,False,short_compression_breakdown,1.0,True,1755864000000,1755867000000,"[{'amount': 134.0, 'safe_price': 2.409, 'ft_order_side': 'sell', 'order_filled_timestamp': 1755864000000, 'ft_is_entry': True, 'ft_order_tag': 'short_compression_breakdown', 'cost': 322.967403}, {'amount': 134.0, 'safe_price': 2.41, 'ft_order_side': 'buy', 'order_filled_timestamp': 1755867000000, 'ft_is_entry': False, 'ft_order_tag': 'profit_lock_compression_breakdown', 'cost': 323.10147}]",0.0,4
raw_be_guard_profit_lock_3y,Raw + Breakeven + Guard + ProfitLock,3y,profit_lock,XRP/USDT:USDT,340.33428,340.33428,120.2,2025-08-22 04:00:00+00:00,2025-08-22 13:45:00+00:00,2.8314,2.8455,0.0005,0.0005,585,-0.005924757150468328,-2.01538976,profit_lock_compression_breakdown,3.0012,-0.06,2.9241,-0.03276917900230414,2.7812,2.8753,False,short_compression_breakdown,1.0,True,1755835200000,1755870300000,"[{'amount': 120.2, 'safe_price': 2.8314, 'ft_order_side': 'sell', 'order_filled_timestamp': 1755835200000, 'ft_is_entry': True, 'ft_order_tag': 'short_compression_breakdown', 'cost': 340.50444713999997}, {'amount': 120.2, 'safe_price': 2.8455, 'ft_order_side': 'buy', 'order_filled_timestamp': 1755870300000, 'ft_is_entry': False, 'ft_order_tag': 'profit_lock_compression_breakdown', 'cost': 342.20011454999997}]",0.02061193474614546,4
raw_be_guard_profit_lock_3y,Raw + Breakeven + Guard + ProfitLock,3y,profit_lock,BTC/USDT:USDT,449.4032,449.4032,0.004,2025-08-21 17:00:00+00:00,2025-08-22 14:00:00+00:00,112350.8,114093.8,0.0005,0.0005,1260,-0.01635619787271634,-7.3468524,trailing_stop_loss,119091.8,-0.06,114093.8,-0.016824313695957605,111625.9,114280.0,False,short_pullback_restart,1.0,True,1755795600000,1755871200000,"[{'amount': 0.004, 'safe_price': 112350.8, 'ft_order_side': 'sell', 'order_filled_timestamp': 1755795600000, 'ft_is_entry': True, 'ft_order_tag': 'short_pullback_restart', 'cost': 449.62790160000003}, {'amount': 0.004, 'safe_price': 114093.8, 'ft_order_side': 'buy', 'order_filled_timestamp': 1755871200000, 'ft_is_entry': False, 'ft_order_tag': 'trailing_stop_loss', 'cost': 456.60338759999996}]",0.07803680416,4
raw_be_guard_profit_lock_3y,Raw + Breakeven + Guard + ProfitLock,3y,profit_lock,TAO/USDT:USDT,326.8374,326.8374,0.996,2025-08-28 17:00:00+00:00,2025-08-29 12:30:00+00:00,328.15,327.82,0.0005,0.0005,1170,0.00025575281406716675,0.08354779,trailing_stop_loss,347.83,-0.06,327.82,-0.022302834689867934,315.65,338.0,False,short_pullback_restart,1.0,True,1756400400000,1756470600000,"[{'amount': 0.996, 'safe_price': 328.15, 'ft_order_side': 'sell', 'order_filled_timestamp': 1756400400000, 'ft_is_entry': True, 'ft_order_tag': 'short_pullback_restart', 'cost': 327.00081869999997}, {'amount': 0.996, 'safe_price': 327.82, 'ft_order_side': 'buy', 'order_filled_timestamp': 1756470600000, 'ft_is_entry': False, 'ft_order_tag': 'trailing_stop_loss', 'cost': 326.67197436}]",0.081540848643774,4
raw_be_guard_profit_lock_3y,Raw + Breakeven + Guard + ProfitLock,3y,profit_lock,SUI/USDT:USDT,245.2505,245.2505,73.1,2025-08-29 08:00:00+00:00,2025-08-29 12:30:00+00:00,3.355,3.3516,0.0005,0.0005,270,0.00011399397163010732,0.0279431,trailing_stop_loss,3.5563,-0.06,3.3516,-0.02034979298587425,3.2848,3.4006,False,short_compression_breakdown,1.0,True,1756454400000,1756470600000,"[{'amount': 73.1, 'safe_price': 3.355, 'ft_order_side': 'sell', 'order_filled_timestamp': 1756454400000, 'ft_is_entry': True, 'ft_order_tag': 'short_compression_breakdown', 'cost': 245.37312525}, {'amount': 73.1, 'safe_price': 3.3516, 'ft_order_side': 'buy', 'order_filled_timestamp': 1756470600000, 'ft_is_entry': False, 'ft_order_tag': 'trailing_stop_loss', 'cost': 245.12446097999995}]",0.0245293301512,4
raw_be_guard_profit_lock_3y,Raw + Breakeven + Guard + ProfitLock,3y,profit_lock,NEAR/USDT:USDT,221.767,221.767,91.0,2025-08-29 08:00:00+00:00,2025-08-29 21:45:00+00:00,2.437,2.434,0.0005,0.0005,825,0.00037875968110268683,0.0839544,profit_lock_pullback_restart,2.583,-0.06,2.557,-0.04953629294525763,2.388,2.51,False,short_pullback_restart,1.0,True,1756454400000,1756503900000,"[{'amount': 91.0, 'safe_price': 2.437, 'ft_order_side': 'sell', 'order_filled_timestamp': 1756454400000, 'ft_is_entry': True, 'ft_order_tag': 'short_pullback_restart', 'cost': 221.8778835}, {'amount': 91.0, 'safe_price': 2.434, 'ft_order_side': 'buy', 'order_filled_timestamp': 1756503900000, 'ft_is_entry': False, 'ft_order_tag': 'profit_lock_pullback_restart', 'cost': 221.604747}]",0.0325848991263341,4
raw_be_guard_profit_lock_3y,Raw + Breakeven + Guard + ProfitLock,3y,profit_lock,DOGE/USDT:USDT,443.39208,443.39208,2076.0,2025-09-01 00:00:00+00:00,2025-09-01 07:30:00+00:00,0.21358,0.21336,0.0005,0.0005,450,0.00012953981601167102,0.05740821,trailing_stop_loss,0.22639,-0.06,0.21336,-0.022408452728928108,0.20805,0.21462,False,short_pullback_restart,1.0,True,1756684800000,1756711800000,"[{'amount': 2076.0, 'safe_price': 0.21358, 'ft_order_side': 'sell', 'order_filled_timestamp': 1756684800000, 'ft_is_entry': True, 'ft_order_tag': 'short_pullback_restart', 'cost': 443.61377603999995}, {'amount': 2076.0, 'safe_price': 0.21336, 'ft_order_side': 'buy', 'order_filled_timestamp': 1756711800000, 'ft_is_entry': False, 'ft_order_tag': 'trailing_stop_loss', 'cost': 443.15682768}]",0.043851932514408,0
raw_be_guard_profit_lock_3y,Raw + Breakeven + Guard + ProfitLock,3y,profit_lock,XRP/USDT:USDT,71.30208,71.30208,25.7,2025-09-01 00:00:00+00:00,2025-09-01 07:45:00+00:00,2.7744,2.7716,0.0005,0.0005,465,2.9648321528583012e-05,0.00211293,trailing_stop_loss,2.9408,-0.06,2.7716,-0.022626867874405043,2.7,2.7784,False,short_pullback_restart,1.0,True,1756684800000,1756712700000,"[{'amount': 25.7, 'safe_price': 2.7744, 'ft_order_side': 'sell', 'order_filled_timestamp': 1756684800000, 'ft_is_entry': True, 'ft_order_tag': 'short_pullback_restart', 'cost': 71.33773104}, {'amount': 25.7, 'safe_price': 2.7716, 'ft_order_side': 'buy', 'order_filled_timestamp': 1756712700000, 'ft_is_entry': False, 'ft_order_tag': 'trailing_stop_loss', 'cost': 71.26573506}]",0.0014190250368603,0
raw_be_guard_profit_lock_3y,Raw + Breakeven + Guard + ProfitLock,3y,profit_lock,NEAR/USDT:USDT,517.075,517.075,215.0,2025-08-31 23:00:00+00:00,2025-09-01 07:50:00+00:00,2.405,2.402,0.0005,0.0005,530,9.09906967214691e-05,0.04702549,trailing_stop_loss,2.549,-0.06,2.402,-0.020643585386575847,2.318,2.407,False,short_pullback_restart,1.0,True,1756681200000,1756713000000,"[{'amount': 215.0, 'safe_price': 2.405, 'ft_order_side': 'sell', 'order_filled_timestamp': 1756681200000, 'ft_is_entry': True, 'ft_order_tag': 'short_pullback_restart', 'cost': 517.3335374999999}, {'amount': 215.0, 'safe_price': 2.402, 'ft_order_side': 'buy', 'order_filled_timestamp': 1756713000000, 'ft_is_entry': False, 'ft_order_tag': 'trailing_stop_loss', 'cost': 516.688215}]",-0.081222009201474,0
raw_be_guard_profit_lock_3y,Raw + Breakeven + Guard + ProfitLock,3y,profit_lock,BTC/USDT:USDT,445.7,445.7,0.004,2025-08-29 02:00:00+00:00,2025-09-02 13:55:00+00:00,111425.0,111148.1,0.0005,0.0005,6475,0.0022597618306573076,1.00667226,profit_lock_pullback_restart,118110.5,-0.06,111313.5,-0.020505487413008616,107211.5,111797.2,False,short_pullback_restart,1.0,True,1756432800000,1756821300000,"[{'amount': 0.004, 'safe_price': 111425.0, 'ft_order_side': 'sell', 'order_filled_timestamp': 1756432800000, 'ft_is_entry': True, 'ft_order_tag': 'short_pullback_restart', 'cost': 445.92285}, {'amount': 0.004, 'safe_price': 111148.1, 'ft_order_side': 'buy', 'order_filled_timestamp': 1756821300000, 'ft_is_entry': False, 'ft_order_tag': 'profit_lock_pullback_restart', 'cost': 444.8146962}]",0.34421846312673837,1
raw_be_guard_profit_lock_3y,Raw + Breakeven + Guard + ProfitLock,3y,profit_lock,TAO/USDT:USDT,338.2992,338.2992,1.08,2025-09-04 16:00:00+00:00,2025-09-05 12:25:00+00:00,313.24,322.66,0.0005,0.0005,1225,-0.030883179763664094,-10.44253113,trailing_stop_loss,332.03,-0.06,322.66,-0.03106905555103423,310.63,322.71,False,short_compression_breakdown,1.0,True,1757001600000,1757075100000,"[{'amount': 1.08, 'safe_price': 313.24, 'ft_order_side': 'sell', 'order_filled_timestamp': 1757001600000, 'ft_is_entry': True, 'ft_order_tag': 'short_compression_breakdown', 'cost': 338.4683496}, {'amount': 1.08, 'safe_price': 322.66, 'ft_order_side': 'buy', 'order_filled_timestamp': 1757075100000, 'ft_is_entry': False, 'ft_order_tag': 'trailing_stop_loss', 'cost': 348.64703640000005}]",0.07445487065627665,4
raw_be_guard_profit_lock_3y,Raw + Breakeven + Guard + ProfitLock,3y,profit_lock,XRP/USDT:USDT,408.00246,408.00246,146.6,2025-09-04 20:00:00+00:00,2025-09-05 12:30:00+00:00,2.7831,2.8587,0.0005,0.0005,990,-0.02806808965027418,-11.4461237,stop_loss,2.95,-0.06,2.8587,-0.027180500804257823,2.7765,2.8768,False,short_pullback_restart,1.0,True,1757016000000,1757075400000,"[{'amount': 146.6, 'safe_price': 2.7831, 'ft_order_side': 'sell', 'order_filled_timestamp': 1757016000000, 'ft_is_entry': True, 'ft_order_tag': 'short_pullback_restart', 'cost': 408.20646122999995}, {'amount': 146.6, 'safe_price': 2.8587, 'ft_order_side': 'buy', 'order_filled_timestamp': 1757075400000, 'ft_is_entry': False, 'ft_order_tag': 'stop_loss', 'cost': 419.29496270999994}]",0.05038023802624192,4
raw_be_guard_profit_lock_3y,Raw + Breakeven + Guard + ProfitLock,3y,profit_lock,SOL/USDT:USDT,508.3438,508.3438,2.27,2025-09-11 00:00:00+00:00,2025-09-11 12:30:00+00:00,223.94,224.17,0.0005,0.0005,750,-3.156245381795633e-06,-0.00160526,trailing_stop_loss,210.51,-0.06,224.17,-0.02111816593886473,221.59,229.0,False,long_1d_center_compression,1.0,False,1757548800000,1757593800000,"[{'amount': 2.27, 'safe_price': 223.94, 'ft_order_side': 'buy', 'order_filled_timestamp': 1757548800000, 'ft_is_entry': True, 'ft_order_tag': 'long_1d_center_compression', 'cost': 508.59797189999995}, {'amount': 2.27, 'safe_price': 224.17, 'ft_order_side': 'sell', 'order_filled_timestamp': 1757593800000, 'ft_is_entry': False, 'ft_order_tag': 'trailing_stop_loss', 'cost': 509.1203329499999}]",-0.015100405035083664,3
raw_be_guard_profit_lock_3y,Raw + Breakeven + Guard + ProfitLock,3y,profit_lock,ETH/USDT:USDT,508.76856,508.76856,0.108,2025-09-13 00:00:00+00:00,2025-09-13 16:45:00+00:00,4710.82,4616.62,0.0005,0.0005,1005,-0.021272756369197433,-10.82832108,stop_loss,4428.18,-0.06,4616.62,-0.019997944890698394,4613.07,4768.0,False,long_1d_center_compression,1.0,False,1757721600000,1757781900000,"[{'amount': 0.108, 'safe_price': 4710.82, 'ft_order_side': 'buy', 'order_filled_timestamp': 1757721600000, 'ft_is_entry': True, 'ft_order_tag': 'long_1d_center_compression', 'cost': 509.02294427999993}, {'amount': 0.108, 'safe_price': 4616.62, 'ft_order_side': 'sell', 'order_filled_timestamp': 1757781900000, 'ft_is_entry': False, 'ft_order_tag': 'stop_loss', 'cost': 498.84425747999995}]",-0.15103932243300805,5
raw_be_guard_profit_lock_3y,Raw + Breakeven + Guard + ProfitLock,3y,profit_lock,BCH/USDT:USDT,506.09724,506.09724,0.821,2025-09-18 00:00:00+00:00,2025-09-18 22:55:00+00:00,616.44,627.7,0.0005,0.0005,1375,0.016941876785297762,8.5785242,profit_giveback_guard,579.46,-0.06,617.06,-0.027736993035641144,612.06,650.89,False,long_1d_center_compression,1.0,False,1758153600000,1758236100000,"[{'amount': 0.821, 'safe_price': 616.44, 'ft_order_side': 'buy', 'order_filled_timestamp': 1758153600000, 'ft_is_entry': True, 'ft_order_tag': 'long_1d_center_compression', 'cost': 506.35028861999996}, {'amount': 0.821, 'safe_price': 627.7, 'ft_order_side': 'sell', 'order_filled_timestamp': 1758236100000, 'ft_is_entry': False, 'ft_order_tag': 'profit_giveback_guard', 'cost': 515.59937085}]",-0.155216330649179,3
raw_be_guard_profit_lock_3y,Raw + Breakeven + Guard + ProfitLock,3y,profit_lock,SUI/USDT:USDT,237.11,237.11,72.4,2025-09-24 04:00:00+00:00,2025-09-24 14:45:00+00:00,3.275,3.4257,0.0005,0.0005,645,-0.04699583046130631,-11.13760977,stop_loss,3.4715,-0.06,3.4257,-0.04602209484304187,3.2333,3.4286,False,short_pullback_restart,1.0,True,1758686400000,1758725100000,"[{'amount': 72.4, 'safe_price': 3.275, 'ft_order_side': 'sell', 'order_filled_timestamp': 1758686400000, 'ft_is_entry': True, 'ft_order_tag': 'short_pullback_restart', 'cost': 237.228555}, {'amount': 72.4, 'safe_price': 3.4257, 'ft_order_side': 'buy', 'order_filled_timestamp': 1758725100000, 'ft_is_entry': False, 'ft_order_tag': 'stop_loss', 'cost': 248.14469034}]",0.01563557459,2
raw_be_guard_profit_lock_3y,Raw + Breakeven + Guard + ProfitLock,3y,profit_lock,LINK/USDT:USDT,293.79394,293.79394,13.81,2025-09-24 04:00:00+00:00,2025-09-25 12:50:00+00:00,21.274,20.975,0.0005,0.0005,1970,0.013437841904632646,3.94598254,profit_lock_pullback_restart,22.55,-0.06,21.252,-0.02029409505520885,20.355,21.954,False,short_pullback_restart,1.0,True,1758686400000,1758804600000,"[{'amount': 13.81, 'safe_price': 21.274, 'ft_order_side': 'sell', 'order_filled_timestamp': 1758686400000, 'ft_is_entry': True, 'ft_order_tag': 'short_pullback_restart', 'cost': 293.94083697}, {'amount': 13.81, 'safe_price': 20.975, 'ft_order_side': 'buy', 'order_filled_timestamp': 1758804600000, 'ft_is_entry': False, 'ft_order_tag': 'profit_lock_pullback_restart', 'cost': 289.809582375}]",0.10852188786491004,3
raw_be_guard_profit_lock_3y,Raw + Breakeven + Guard + ProfitLock,3y,profit_lock,TAO/USDT:USDT,284.52453,284.52453,0.921,2025-09-23 18:00:00+00:00,2025-09-25 13:25:00+00:00,308.93,301.76,0.0005,0.0005,2605,0.022532363782861015,6.40780471,profit_giveback_guard,327.46,-0.06,308.62,-0.030247930297770065,291.61,316.64,False,short_pullback_restart,1.0,True,1758650400000,1758806700000,"[{'amount': 0.921, 'safe_price': 308.93, 'ft_order_side': 'sell', 'order_filled_timestamp': 1758650400000, 'ft_is_entry': True, 'ft_order_tag': 'short_pullback_restart', 'cost': 284.666792265}, {'amount': 0.921, 'safe_price': 301.76, 'ft_order_side': 'buy', 'order_filled_timestamp': 1758806700000, 'ft_is_entry': False, 'ft_order_tag': 'profit_giveback_guard', 'cost': 278.05992047999996}]",0.08545745348450953,3
raw_be_guard_profit_lock_3y,Raw + Breakeven + Guard + ProfitLock,3y,profit_lock,SUI/USDT:USDT,344.74992,344.74992,103.2,2025-09-25 01:00:00+00:00,2025-09-25 14:25:00+00:00,3.3406,3.2453,0.0005,0.0005,805,0.027527507629375263,9.485361,profit_giveback_guard,3.541,-0.06,3.3372,-0.025555268737899706,3.12,3.3656,False,short_pullback_restart,1.0,True,1758762000000,1758810300000,"[{'amount': 103.2, 'safe_price': 3.3406, 'ft_order_side': 'sell', 'order_filled_timestamp': 1758762000000, 'ft_is_entry': True, 'ft_order_tag': 'short_pullback_restart', 'cost': 344.92229495999993}, {'amount': 103.2, 'safe_price': 3.2453, 'ft_order_side': 'buy', 'order_filled_timestamp': 1758810300000, 'ft_is_entry': False, 'ft_order_tag': 'profit_giveback_guard', 'cost': 335.08241748}]",-0.009766559040000001,3
raw_be_guard_profit_lock_3y,Raw + Breakeven + Guard + ProfitLock,3y,profit_lock,ETH/USDT:USDT,397.67478,397.67478,0.097,2025-09-25 02:00:00+00:00,2025-09-26 16:20:00+00:00,4099.74,3978.98,0.0005,0.0005,2300,0.028664402592986908,11.39341044,profit_giveback_guard,4345.72,-0.06,4095.64,-0.022504121832480184,3822.0,4137.0,False,short_pullback_restart,1.0,True,1758765600000,1758903600000,"[{'amount': 0.097, 'safe_price': 4099.74, 'ft_order_side': 'sell', 'order_filled_timestamp': 1758765600000, 'ft_is_entry': True, 'ft_order_tag': 'short_pullback_restart', 'cost': 397.87361739}, {'amount': 0.097, 'safe_price': 3978.98, 'ft_order_side': 'buy', 'order_filled_timestamp': 1758903600000, 'ft_is_entry': False, 'ft_order_tag': 'profit_giveback_guard', 'cost': 386.15404053000003}]",0.07150835600545963,4
raw_be_guard_profit_lock_3y,Raw + Breakeven + Guard + ProfitLock,3y,profit_lock,TRX/USDT:USDT,122.8479,122.8479,366.0,2025-09-25 04:00:00+00:00,2025-09-27 03:30:00+00:00,0.33565,0.33959,0.0005,0.0005,2850,-0.012711958517030834,-1.56085659,stop_loss,0.35578,-0.06,0.33959,-0.01174369540953979,0.32968,0.33985,False,short_pullback_restart,1.0,True,1758772800000,1758943800000,"[{'amount': 366.0, 'safe_price': 0.33565, 'ft_order_side': 'sell', 'order_filled_timestamp': 1758772800000, 'ft_is_entry': True, 'ft_order_tag': 'short_pullback_restart', 'cost': 122.90932394999999}, {'amount': 366.0, 'safe_price': 0.33959, 'ft_order_side': 'buy', 'order_filled_timestamp': 1758943800000, 'ft_is_entry': False, 'ft_order_tag': 'stop_loss', 'cost': 124.35208496999999}]",0.004752332095818,5
raw_be_guard_profit_lock_3y,Raw + Breakeven + Guard + ProfitLock,3y,profit_lock,BTC/USDT:USDT,326.3817,326.3817,0.003,2025-09-25 18:00:00+00:00,2025-09-28 18:05:00+00:00,108793.9,110151.6,0.0005,0.0005,4325,-0.013090221309412174,-4.27027248,stale_loss_72h,115321.5,-0.06,112339.2,-0.032587405520897894,108566.0,110350.0,False,short_compression_breakdown,1.0,True,1758823200000,1759082700000,"[{'amount': 0.003, 'safe_price': 108793.9, 'ft_order_side': 'sell', 'order_filled_timestamp': 1758823200000, 'ft_is_entry': True, 'ft_order_tag': 'short_compression_breakdown', 'cost': 326.54489084999994}, {'amount': 0.003, 'safe_price': 110151.6, 'ft_order_side': 'buy', 'order_filled_timestamp': 1759082700000, 'ft_is_entry': False, 'ft_order_tag': 'stale_loss_72h', 'cost': 330.6200274}]",0.13124576898468,6
raw_be_guard_profit_lock_3y,Raw + Breakeven + Guard + ProfitLock,3y,profit_lock,XRP/USDT:USDT,221.8896,221.8896,81.1,2025-09-25 18:00:00+00:00,2025-09-28 18:05:00+00:00,2.736,2.8206,0.0005,0.0005,4325,-0.03132180688775319,-6.94650821,stale_loss_72h,2.9001,-0.06,2.8707,-0.02607625609121178,2.6967,2.8336,False,short_compression_breakdown,1.0,True,1758823200000,1759082700000,"[{'amount': 81.1, 'safe_price': 2.736, 'ft_order_side': 'sell', 'order_filled_timestamp': 1758823200000, 'ft_is_entry': True, 'ft_order_tag': 'short_compression_breakdown', 'cost': 222.0005448}, {'amount': 81.1, 'safe_price': 2.8206, 'ft_order_side': 'buy', 'order_filled_timestamp': 1759082700000, 'ft_is_entry': False, 'ft_order_tag': 'stale_loss_72h', 'cost': 228.86503533}]",0.13987192269385681,6
raw_be_guard_profit_lock_3y,Raw + Breakeven + Guard + ProfitLock,3y,profit_lock,SUI/USDT:USDT,405.34818,405.34818,129.1,2025-09-28 02:00:00+00:00,2025-09-28 20:15:00+00:00,3.1398,3.2233,0.0005,0.0005,1095,-0.027570400972141935,-11.17002405,trailing_stop_loss,3.3281,-0.06,3.2233,-0.023972540769095607,3.0929,3.2247,False,short_pullback_restart,1.0,True,1759024800000,1759090500000,"[{'amount': 129.1, 'safe_price': 3.1398, 'ft_order_side': 'sell', 'order_filled_timestamp': 1759024800000, 'ft_is_entry': True, 'ft_order_tag': 'short_pullback_restart', 'cost': 405.55085409}, {'amount': 129.1, 'safe_price': 3.2233, 'ft_order_side': 'buy', 'order_filled_timestamp': 1759090500000, 'ft_is_entry': False, 'ft_order_tag': 'trailing_stop_loss', 'cost': 416.33609401499996}]",0.020564051365200002,6
raw_be_guard_profit_lock_3y,Raw + Breakeven + Guard + ProfitLock,3y,profit_lock,SUI/USDT:USDT,287.53488,287.53488,90.9,2025-09-30 16:00:00+00:00,2025-09-30 20:30:00+00:00,3.1632,3.2828,0.0005,0.0005,270,-0.03880209878679486,-11.15137834,stop_loss,3.3529,-0.06,3.2828,-0.03783211023082744,3.151,3.29,False,short_compression_breakdown,1.0,True,1759248000000,1759264200000,"[{'amount': 90.9, 'safe_price': 3.1632, 'ft_order_side': 'sell', 'order_filled_timestamp': 1759248000000, 'ft_is_entry': True, 'ft_order_tag': 'short_compression_breakdown', 'cost': 287.67864743999996}, {'amount': 90.9, 'safe_price': 3.2828, 'ft_order_side': 'buy', 'order_filled_timestamp': 1759264200000, 'ft_is_entry': False, 'ft_order_tag': 'stop_loss', 'cost': 298.55572326}]",0.0132323551776,1
raw_be_guard_profit_lock_3y,Raw + Breakeven + Guard + ProfitLock,3y,profit_lock,TRX/USDT:USDT,515.4816,515.4816,1536.0,2025-09-28 02:00:00+00:00,2025-10-01 08:30:00+00:00,0.3356,0.33531,0.0005,0.0005,4710,-0.00021622919437966898,-0.11140644,stale_loss_72h,0.35573,-0.06,0.33859,-0.008913844504146118,0.33111,0.33774,False,short_pullback_restart,1.0,True,1759024800000,1759307400000,"[{'amount': 1536.0, 'safe_price': 0.3356, 'ft_order_side': 'sell', 'order_filled_timestamp': 1759024800000, 'ft_is_entry': True, 'ft_order_tag': 'short_pullback_restart', 'cost': 515.7393408}, {'amount': 1536.0, 'safe_price': 0.33531, 'ft_order_side': 'buy', 'order_filled_timestamp': 1759307400000, 'ft_is_entry': False, 'ft_order_tag': 'stale_loss_72h', 'cost': 515.29367808}]",-0.041587558892851206,2
raw_be_guard_profit_lock_3y,Raw + Breakeven + Guard + ProfitLock,3y,profit_lock,BNB/USDT:USDT,501.8186,501.8186,0.46,2025-10-03 00:00:00+00:00,2025-10-06 06:10:00+00:00,1090.91,1201.83,0.0005,0.0005,4690,0.10000306788197942,50.20849122,roi,1025.46,-0.06,1092.01,-0.02116249406154469,1084.5,1204.64,False,long_1d_center_compression,1.0,False,1759449600000,1759731000000,"[{'amount': 0.46, 'safe_price': 1090.91, 'ft_order_side': 'buy', 'order_filled_timestamp': 1759449600000, 'ft_is_entry': True, 'ft_order_tag': 'long_1d_center_compression', 'cost': 502.06950930000005}, {'amount': 0.46, 'safe_price': 1201.83, 'ft_order_side': 'sell', 'order_filled_timestamp': 1759731000000, 'ft_is_entry': False, 'ft_order_tag': 'roi', 'cost': 553.1182209}]",-0.28737857994255367,0
raw_be_guard_profit_lock_3y,Raw + Breakeven + Guard + ProfitLock,3y,profit_lock,XRP/USDT:USDT,413.7432,413.7432,149.0,2025-10-09 17:00:00+00:00,2025-10-10 19:25:00+00:00,2.7768,2.6855,0.0005,0.0005,1585,0.03201206290924742,13.23815096,profit_lock_compression_breakdown,2.9434,-0.06,2.774,-0.02320947216996805,2.6297,2.8358,False,short_compression_breakdown,1.0,True,1760029200000,1760124300000,"[{'amount': 149.0, 'safe_price': 2.7768, 'ft_order_side': 'sell', 'order_filled_timestamp': 1760029200000, 'ft_is_entry': True, 'ft_order_tag': 'short_compression_breakdown', 'cost': 413.9500716}, {'amount': 149.0, 'safe_price': 2.6855, 'ft_order_side': 'buy', 'order_filled_timestamp': 1760124300000, 'ft_is_entry': False, 'ft_order_tag': 'profit_lock_compression_breakdown', 'cost': 400.33956975}]",0.041392305577809096,4
raw_be_guard_profit_lock_3y,Raw + Breakeven + Guard + ProfitLock,3y,profit_lock,SOL/USDT:USDT,513.5832,513.5832,2.79,2025-10-19 09:00:00+00:00,2025-10-19 09:45:00+00:00,184.08,188.11,0.0005,0.0005,45,-0.02291505922452752,-11.76290505,stop_loss,195.12,-0.06,188.11,-0.02192548397881522,183.06,188.29,False,short_pullback_restart,1.0,True,1760864400000,1760867100000,"[{'amount': 2.79, 'safe_price': 184.08, 'ft_order_side': 'sell', 'order_filled_timestamp': 1760864400000, 'ft_is_entry': True, 'ft_order_tag': 'short_pullback_restart', 'cost': 513.8399916}, {'amount': 2.79, 'safe_price': 188.11, 'ft_order_side': 'buy', 'order_filled_timestamp': 1760867100000, 'ft_is_entry': False, 'ft_order_tag': 'stop_loss', 'cost': 525.08931345}]",0.0,6
raw_be_guard_profit_lock_3y,Raw + Breakeven + Guard + ProfitLock,3y,profit_lock,XRP/USDT:USDT,525.91872,525.91872,225.6,2025-10-19 09:00:00+00:00,2025-10-19 09:50:00+00:00,2.3312,2.3773,0.0005,0.0005,50,-0.020795508426828375,-10.9312788,stop_loss,2.471,-0.06,2.3773,-0.01981123343018032,2.3164,2.3826,False,short_pullback_restart,1.0,True,1760864400000,1760867400000,"[{'amount': 225.6, 'safe_price': 2.3312, 'ft_order_side': 'sell', 'order_filled_timestamp': 1760864400000, 'ft_is_entry': True, 'ft_order_tag': 'short_pullback_restart', 'cost': 526.18167936}, {'amount': 225.6, 'safe_price': 2.3773, 'ft_order_side': 'buy', 'order_filled_timestamp': 1760867400000, 'ft_is_entry': False, 'ft_order_tag': 'stop_loss', 'cost': 536.58703944}]",0.0,6
raw_be_guard_profit_lock_3y,Raw + Breakeven + Guard + ProfitLock,3y,profit_lock,SOL/USDT:USDT,281.145,281.145,1.5,2025-10-20 17:00:00+00:00,2025-10-21 12:20:00+00:00,187.43,186.71,0.0005,0.0005,1160,0.0027530381883395768,0.77361592,profit_lock_pullback_restart,198.67,-0.06,187.24,-0.021174574607329744,182.65,191.07,False,short_pullback_restart,1.0,True,1760979600000,1761049200000,"[{'amount': 1.5, 'safe_price': 187.43, 'ft_order_side': 'sell', 'order_filled_timestamp': 1760979600000, 'ft_is_entry': True, 'ft_order_tag': 'short_pullback_restart', 'cost': 281.28557249999994}, {'amount': 1.5, 'safe_price': 186.71, 'ft_order_side': 'buy', 'order_filled_timestamp': 1761049200000, 'ft_is_entry': False, 'ft_order_tag': 'profit_lock_pullback_restart', 'cost': 280.20503249999996}]",-0.0257790795663864,1
raw_be_guard_profit_lock_3y,Raw + Breakeven + Guard + ProfitLock,3y,profit_lock,TRX/USDT:USDT,518.2848,518.2848,1760.0,2025-10-26 05:00:00+00:00,2025-10-26 11:45:00+00:00,0.29448,0.29902,0.0005,0.0005,405,-0.01687120437333334,-8.73971674,stop_loss,0.31214,-0.06,0.29902,-0.01543813174718478,0.29389,0.2994,False,short_pullback_restart,1.0,True,1761454800000,1761479100000,"[{'amount': 1760.0, 'safe_price': 0.29448, 'ft_order_side': 'sell', 'order_filled_timestamp': 1761454800000, 'ft_is_entry': True, 'ft_order_tag': 'short_pullback_restart', 'cost': 518.5439424}, {'amount': 1760.0, 'safe_price': 0.29902, 'ft_order_side': 'buy', 'order_filled_timestamp': 1761479100000, 'ft_is_entry': False, 'ft_order_tag': 'stop_loss', 'cost': 526.5383376}]",-0.22703673537599997,6
raw_be_guard_profit_lock_3y,Raw + Breakeven + Guard + ProfitLock,3y,profit_lock,TRX/USDT:USDT,515.23092,515.23092,1739.0,2025-10-28 06:00:00+00:00,2025-10-29 18:35:00+00:00,0.29628,0.29607,0.0005,0.0005,2195,-0.0010229886197121903,-0.52681183,profit_lock_pullback_restart,0.31405,-0.06,0.30071,-0.01496250873734084,0.28996,0.29966,False,short_pullback_restart,1.0,True,1761631200000,1761762900000,"[{'amount': 1739.0, 'safe_price': 0.29628, 'ft_order_side': 'sell', 'order_filled_timestamp': 1761631200000, 'ft_is_entry': True, 'ft_order_tag': 'short_pullback_restart', 'cost': 515.48853546}, {'amount': 1739.0, 'safe_price': 0.29607, 'ft_order_side': 'buy', 'order_filled_timestamp': 1761762900000, 'ft_is_entry': False, 'ft_order_tag': 'profit_lock_pullback_restart', 'cost': 515.1231628649999}]",-0.3769535081557571,2
raw_be_guard_profit_lock_3y,Raw + Breakeven + Guard + ProfitLock,3y,profit_lock,ETH/USDT:USDT,477.97783,477.97783,0.121,2025-10-29 16:00:00+00:00,2025-10-29 18:35:00+00:00,3950.23,4002.06,0.0005,0.0005,155,-0.01409521297181258,-6.73383071,profit_lock_compression_breakdown,4187.24,-0.06,3946.27,-0.024981109581569294,3850.1,4017.11,False,short_compression_breakdown,1.0,True,1761753600000,1761762900000,"[{'amount': 0.121, 'safe_price': 3950.23, 'ft_order_side': 'sell', 'order_filled_timestamp': 1761753600000, 'ft_is_entry': True, 'ft_order_tag': 'short_compression_breakdown', 'cost': 478.216818915}, {'amount': 0.121, 'safe_price': 4002.06, 'ft_order_side': 'buy', 'order_filled_timestamp': 1761762900000, 'ft_is_entry': False, 'ft_order_tag': 'profit_lock_compression_breakdown', 'cost': 484.49138462999997}]",0.0187128320445,2
raw_be_guard_profit_lock_3y,Raw + Breakeven + Guard + ProfitLock,3y,profit_lock,ETH/USDT:USDT,297.62148,297.62148,0.078,2025-10-30 13:00:00+00:00,2025-10-30 21:00:00+00:00,3815.66,3755.01,0.0005,0.0005,480,0.014847188519829134,4.4166328,profit_lock_compression_breakdown,4044.59,-0.06,3811.84,-0.021506741094278636,3677.7,3835.0,False,short_compression_breakdown,1.0,True,1761829200000,1761858000000,"[{'amount': 0.078, 'safe_price': 3815.66, 'ft_order_side': 'sell', 'order_filled_timestamp': 1761829200000, 'ft_is_entry': True, 'ft_order_tag': 'short_compression_breakdown', 'cost': 297.77029073999995}, {'amount': 0.078, 'safe_price': 3755.01, 'ft_order_side': 'buy', 'order_filled_timestamp': 1761858000000, 'ft_is_entry': False, 'ft_order_tag': 'profit_lock_compression_breakdown', 'cost': 293.03722539}]",-0.0188110738296,3
raw_be_guard_profit_lock_3y,Raw + Breakeven + Guard + ProfitLock,3y,profit_lock,NEAR/USDT:USDT,286.335,286.335,135.0,2025-11-02 15:00:00+00:00,2025-11-03 00:05:00+00:00,2.121,2.202,0.0005,0.0005,545,-0.039081609395683926,-11.18483741,stop_loss,2.248,-0.06,2.202,-0.03848467228380037,2.101,2.202,False,short_pullback_restart,1.0,True,1762095600000,1762128300000,"[{'amount': 135.0, 'safe_price': 2.121, 'ft_order_side': 'sell', 'order_filled_timestamp': 1762095600000, 'ft_is_entry': True, 'ft_order_tag': 'short_pullback_restart', 'cost': 286.4781675}, {'amount': 135.0, 'safe_price': 2.202, 'ft_order_side': 'buy', 'order_filled_timestamp': 1762128300000, 'ft_is_entry': False, 'ft_order_tag': 'stop_loss', 'cost': 297.41863499999994}]",0.041965085479779,0
raw_be_guard_profit_lock_3y,Raw + Breakeven + Guard + ProfitLock,3y,profit_lock,ADA/USDT:USDT,331.6894,331.6894,553.0,2025-11-02 15:00:00+00:00,2025-11-03 15:30:00+00:00,0.5998,0.5392,0.0005,0.0005,1470,0.1000334289971944,33.16343803,roi,0.6357,-0.06,0.5992,-0.020610117526826732,0.5244,0.612,False,short_pullback_restart,1.0,True,1762095600000,1762183800000,"[{'amount': 553.0, 'safe_price': 0.5998, 'ft_order_side': 'sell', 'order_filled_timestamp': 1762095600000, 'ft_is_entry': True, 'ft_order_tag': 'short_pullback_restart', 'cost': 331.85524469999996}, {'amount': 553.0, 'safe_price': 0.5392, 'ft_order_side': 'buy', 'order_filled_timestamp': 1762183800000, 'ft_is_entry': False, 'ft_order_tag': 'roi', 'cost': 298.32668879999994}]",-0.033428472393351,0
raw_be_guard_profit_lock_3y,Raw + Breakeven + Guard + ProfitLock,3y,profit_lock,BTC/USDT:USDT,208.3286,208.3286,0.002,2025-11-04 06:00:00+00:00,2025-11-05 03:30:00+00:00,104164.3,102061.9,0.0005,0.0005,1290,0.019393754322946644,4.03825355,profit_giveback_guard,110414.1,-0.06,104060.1,-0.023206840707964638,98888.8,105190.0,False,short_pullback_restart,1.0,True,1762236000000,1762313400000,"[{'amount': 0.002, 'safe_price': 104164.3, 'ft_order_side': 'sell', 'order_filled_timestamp': 1762236000000, 'ft_is_entry': True, 'ft_order_tag': 'short_pullback_restart', 'cost': 208.4327643}, {'amount': 0.002, 'safe_price': 102061.9, 'ft_order_side': 'buy', 'order_filled_timestamp': 1762313400000, 'ft_is_entry': False, 'ft_order_tag': 'profit_giveback_guard', 'cost': 204.22586189999998}]",0.039679748875061274,2
raw_be_guard_profit_lock_3y,Raw + Breakeven + Guard + ProfitLock,3y,profit_lock,DOGE/USDT:USDT,334.33666,334.33666,2042.0,2025-11-06 06:00:00+00:00,2025-11-06 18:45:00+00:00,0.16373,0.1613,0.0005,0.0005,765,0.013879073510935865,4.63796294,profit_lock_pullback_restart,0.17355,-0.06,0.16356,-0.020566980720034822,0.15691,0.16441,False,short_pullback_restart,1.0,True,1762408800000,1762454700000,"[{'amount': 2042.0, 'safe_price': 0.16373, 'ft_order_side': 'sell', 'order_filled_timestamp': 1762408800000, 'ft_is_entry': True, 'ft_order_tag': 'short_pullback_restart', 'cost': 334.50382833}, {'amount': 2042.0, 'safe_price': 0.1613, 'ft_order_side': 'buy', 'order_filled_timestamp': 1762454700000, 'ft_is_entry': False, 'ft_order_tag': 'profit_lock_pullback_restart', 'cost': 329.53928729999996}]",0.0077585718068507985,3
raw_be_guard_profit_lock_3y,Raw + Breakeven + Guard + ProfitLock,3y,profit_lock,ETH/USDT:USDT,123.87156,123.87156,0.037,2025-11-06 13:00:00+00:00,2025-11-06 18:45:00+00:00,3347.88,3334.66,0.0005,0.0005,345,0.002952918259006731,0.3655997,profit_lock_pullback_restart,3548.75,-0.06,3344.53,-0.021171938116567368,3245.0,3402.03,False,short_pullback_restart,1.0,True,1762434000000,1762454700000,"[{'amount': 0.037, 'safe_price': 3347.88, 'ft_order_side': 'sell', 'order_filled_timestamp': 1762434000000, 'ft_is_entry': True, 'ft_order_tag': 'short_pullback_restart', 'cost': 123.93349578}, {'amount': 0.037, 'safe_price': 3334.66, 'ft_order_side': 'buy', 'order_filled_timestamp': 1762454700000, 'ft_is_entry': False, 'ft_order_tag': 'profit_lock_pullback_restart', 'cost': 123.44411120999997}]",8.6691e-05,3
raw_be_guard_profit_lock_3y,Raw + Breakeven + Guard + ProfitLock,3y,profit_lock,BTC/USDT:USDT,512.5355,512.5355,0.005,2025-11-06 13:00:00+00:00,2025-11-06 18:50:00+00:00,102507.1,102241.5,0.0005,0.0005,350,0.001637866962349419,0.83904523,profit_lock_pullback_restart,108657.5,-0.06,102404.5,-0.021610409783077156,100238.4,103585.0,False,short_pullback_restart,1.0,True,1762434000000,1762455000000,"[{'amount': 0.005, 'safe_price': 102507.1, 'ft_order_side': 'sell', 'order_filled_timestamp': 1762434000000, 'ft_is_entry': True, 'ft_order_tag': 'short_pullback_restart', 'cost': 512.7917677500001}, {'amount': 0.005, 'safe_price': 102241.5, 'ft_order_side': 'buy', 'order_filled_timestamp': 1762455000000, 'ft_is_entry': False, 'ft_order_tag': 'profit_lock_pullback_restart', 'cost': 511.46310375}]",0.02291672607,3
raw_be_guard_profit_lock_3y,Raw + Breakeven + Guard + ProfitLock,3y,profit_lock,TRX/USDT:USDT,523.35525,523.35525,1825.0,2025-11-06 06:00:00+00:00,2025-11-07 17:20:00+00:00,0.28677,0.29056,0.0005,0.0005,2120,-0.014751789923482521,-7.71656649,stop_loss,0.30397,-0.06,0.29056,-0.013220140124795554,0.28171,0.29097,False,short_pullback_restart,1.0,True,1762408800000,1762536000000,"[{'amount': 1825.0, 'safe_price': 0.28677, 'ft_order_side': 'sell', 'order_filled_timestamp': 1762408800000, 'ft_is_entry': True, 'ft_order_tag': 'short_pullback_restart', 'cost': 523.616927625}, {'amount': 1825.0, 'safe_price': 0.29056, 'ft_order_side': 'buy', 'order_filled_timestamp': 1762536000000, 'ft_is_entry': False, 'ft_order_tag': 'stop_loss', 'cost': 530.5371359999999}]",-0.27300286614883,4
raw_be_guard_profit_lock_3y,Raw + Breakeven + Guard + ProfitLock,3y,profit_lock,ADA/USDT:USDT,266.4354,266.4354,474.0,2025-11-11 20:00:00+00:00,2025-11-11 22:35:00+00:00,0.5621,0.5605,0.0005,0.0005,155,0.001848816242314361,0.4923438,profit_lock_compression_breakdown,0.5958,-0.06,0.5854,-0.04719977156247279,0.553,0.5642,False,short_compression_breakdown,1.0,True,1762891200000,1762900500000,"[{'amount': 474.0, 'safe_price': 0.5621, 'ft_order_side': 'sell', 'order_filled_timestamp': 1762891200000, 'ft_is_entry': True, 'ft_order_tag': 'short_compression_breakdown', 'cost': 266.5686177}, {'amount': 474.0, 'safe_price': 0.5605, 'ft_order_side': 'buy', 'order_filled_timestamp': 1762900500000, 'ft_is_entry': False, 'ft_order_tag': 'profit_lock_compression_breakdown', 'cost': 265.8098385}]",0.0,1
raw_be_guard_profit_lock_3y,Raw + Breakeven + Guard + ProfitLock,3y,profit_lock,DOGE/USDT:USDT,253.85343,253.85343,1623.0,2025-11-19 06:00:00+00:00,2025-11-19 21:25:00+00:00,0.15641,0.15306,0.0005,0.0005,925,0.020579292830654357,5.22151201,profit_giveback_guard,0.16579,-0.06,0.15625,-0.02026503428011739,0.14705,0.1597,False,short_pullback_restart,1.0,True,1763532000000,1763587500000,"[{'amount': 1623.0, 'safe_price': 0.15641, 'ft_order_side': 'sell', 'order_filled_timestamp': 1763532000000, 'ft_is_entry': True, 'ft_order_tag': 'short_pullback_restart', 'cost': 253.980356715}, {'amount': 1623.0, 'safe_price': 0.15306, 'ft_order_side': 'buy', 'order_filled_timestamp': 1763587500000, 'ft_is_entry': False, 'ft_order_tag': 'profit_giveback_guard', 'cost': 248.54058819}]",0.0355969129764,2
raw_be_guard_profit_lock_3y,Raw + Breakeven + Guard + ProfitLock,3y,profit_lock,SUI/USDT:USDT,224.7578,224.7578,138.5,2025-11-19 06:00:00+00:00,2025-11-19 21:25:00+00:00,1.6228,1.5881,0.0005,0.0005,925,0.020581403829022894,4.62351813,profit_giveback_guard,1.7201,-0.06,1.6211,-0.024958715306315993,1.5084,1.6645,False,short_pullback_restart,1.0,True,1763532000000,1763587500000,"[{'amount': 138.5, 'safe_price': 1.6228, 'ft_order_side': 'sell', 'order_filled_timestamp': 1763532000000, 'ft_is_entry': True, 'ft_order_tag': 'short_pullback_restart', 'cost': 224.87017889999998}, {'amount': 138.5, 'safe_price': 1.5881, 'ft_order_side': 'buy', 'order_filled_timestamp': 1763587500000, 'ft_is_entry': False, 'ft_order_tag': 'profit_giveback_guard', 'cost': 220.061825925}]",0.039922953522,2
raw_be_guard_profit_lock_3y,Raw + Breakeven + Guard + ProfitLock,3y,profit_lock,ETH/USDT:USDT,283.63392,283.63392,0.096,2025-11-20 16:00:00+00:00,2025-11-20 21:45:00+00:00,2954.52,2887.06,0.0005,0.0005,345,0.021923070037415036,6.21501723,profit_giveback_guard,3131.79,-0.06,2951.56,-0.02286731956833621,2788.01,2960.11,False,short_pullback_restart,1.0,True,1763654400000,1763675100000,"[{'amount': 0.096, 'safe_price': 2954.52, 'ft_order_side': 'sell', 'order_filled_timestamp': 1763654400000, 'ft_is_entry': True, 'ft_order_tag': 'short_pullback_restart', 'cost': 283.77573695999996}, {'amount': 0.096, 'safe_price': 2887.06, 'ft_order_side': 'buy', 'order_filled_timestamp': 1763675100000, 'ft_is_entry': False, 'ft_order_tag': 'profit_giveback_guard', 'cost': 277.29633888}]",0.0192530704896,3
raw_be_guard_profit_lock_3y,Raw + Breakeven + Guard + ProfitLock,3y,profit_lock,XRP/USDT:USDT,340.01457,340.01457,163.1,2025-11-20 16:00:00+00:00,2025-11-20 22:15:00+00:00,2.0847,2.0375,0.0005,0.0005,375,0.021763354460970313,7.39615768,profit_giveback_guard,2.2097,-0.06,2.0826,-0.025716755319148854,1.9734,2.0872,False,short_pullback_restart,1.0,True,1763654400000,1763676900000,"[{'amount': 163.1, 'safe_price': 2.0847, 'ft_order_side': 'sell', 'order_filled_timestamp': 1763654400000, 'ft_is_entry': True, 'ft_order_tag': 'short_pullback_restart', 'cost': 340.18457728500005}, {'amount': 163.1, 'safe_price': 2.0375, 'ft_order_side': 'buy', 'order_filled_timestamp': 1763676900000, 'ft_is_entry': False, 'ft_order_tag': 'profit_giveback_guard', 'cost': 332.482408125}]",0.034003088,3
raw_be_guard_profit_lock_3y,Raw + Breakeven + Guard + ProfitLock,3y,profit_lock,BNB/USDT:USDT,264.18,264.18,0.3,2025-11-20 17:00:00+00:00,2025-11-21 07:30:00+00:00,880.6,848.13,0.0005,0.0005,870,0.035908977654850585,9.4816905,profit_giveback_guard,933.43,-0.06,879.71,-0.020544309230751567,800.0,884.27,False,short_pullback_restart,1.0,True,1763658000000,1763710200000,"[{'amount': 0.3, 'safe_price': 880.6, 'ft_order_side': 'sell', 'order_filled_timestamp': 1763658000000, 'ft_is_entry': True, 'ft_order_tag': 'short_pullback_restart', 'cost': 264.31209}, {'amount': 0.3, 'safe_price': 848.13, 'ft_order_side': 'buy', 'order_filled_timestamp': 1763710200000, 'ft_is_entry': False, 'ft_order_tag': 'profit_giveback_guard', 'cost': 254.5662195}]",0.0,4
raw_be_guard_profit_lock_3y,Raw + Breakeven + Guard + ProfitLock,3y,profit_lock,BNB/USDT:USDT,387.4488,387.4488,0.46,2025-11-25 15:00:00+00:00,2025-11-25 23:10:00+00:00,842.28,866.81,0.0005,0.0005,490,-0.03015297005961308,-11.6768907,stop_loss,892.81,-0.06,866.81,-0.029128763825939652,837.54,868.1,False,short_pullback_restart,1.0,True,1764082800000,1764112200000,"[{'amount': 0.46, 'safe_price': 842.28, 'ft_order_side': 'sell', 'order_filled_timestamp': 1764082800000, 'ft_is_entry': True, 'ft_order_tag': 'short_pullback_restart', 'cost': 387.64252439999996}, {'amount': 0.46, 'safe_price': 866.81, 'ft_order_side': 'buy', 'order_filled_timestamp': 1764112200000, 'ft_is_entry': False, 'ft_order_tag': 'stop_loss', 'cost': 398.93196629999994}]",0.0,1
raw_be_guard_profit_lock_3y,Raw + Breakeven + Guard + ProfitLock,3y,profit_lock,TRX/USDT:USDT,446.47974,446.47974,1554.0,2025-11-18 07:00:00+00:00,2025-11-27 16:00:00+00:00,0.28731,0.27833,0.0005,0.0005,13500,0.030356166007786328,13.5466364,time_decay_profit_exit,0.30454,-0.06,0.28702,-0.021360365810262794,0.27063,0.29298,False,short_pullback_restart,1.0,True,1763449200000,1764259200000,"[{'amount': 1554.0, 'safe_price': 0.28731, 'ft_order_side': 'sell', 'order_filled_timestamp': 1763449200000, 'ft_is_entry': True, 'ft_order_tag': 'short_pullback_restart', 'cost': 446.70297987}, {'amount': 1554.0, 'safe_price': 0.27833, 'ft_order_side': 'buy', 'order_filled_timestamp': 1764259200000, 'ft_is_entry': False, 'ft_order_tag': 'time_decay_profit_exit', 'cost': 432.74108241}]",0.031218676122706793,3
raw_be_guard_profit_lock_3y,Raw + Breakeven + Guard + ProfitLock,3y,profit_lock,NEAR/USDT:USDT,283.578,283.578,151.0,2025-11-28 02:00:00+00:00,2025-11-28 15:30:00+00:00,1.878,1.953,0.0005,0.0005,810,-0.040954742617554954,-11.60805707,stop_loss,1.99,-0.06,1.953,-0.040376540317068166,1.865,1.954,False,short_pullback_restart,1.0,True,1764295200000,1764343800000,"[{'amount': 151.0, 'safe_price': 1.878, 'ft_order_side': 'sell', 'order_filled_timestamp': 1764295200000, 'ft_is_entry': True, 'ft_order_tag': 'short_pullback_restart', 'cost': 283.71978899999993}, {'amount': 151.0, 'safe_price': 1.953, 'ft_order_side': 'buy', 'order_filled_timestamp': 1764343800000, 'ft_is_entry': False, 'ft_order_tag': 'stop_loss', 'cost': 295.0504515}]",0.006183432696124799,4
raw_be_guard_profit_lock_3y,Raw + Breakeven + Guard + ProfitLock,3y,profit_lock,NEAR/USDT:USDT,450.362,450.362,242.0,2025-11-29 15:00:00+00:00,2025-11-30 01:10:00+00:00,1.861,1.857,0.0005,0.0005,610,0.0012306850864381301,0.55397667,profit_lock_compression_breakdown,1.972,-0.06,1.907,-0.025175612694085858,1.829,1.882,False,short_compression_breakdown,1.0,True,1764428400000,1764465000000,"[{'amount': 242.0, 'safe_price': 1.861, 'ft_order_side': 'sell', 'order_filled_timestamp': 1764428400000, 'ft_is_entry': True, 'ft_order_tag': 'short_compression_breakdown', 'cost': 450.587181}, {'amount': 242.0, 'safe_price': 1.857, 'ft_order_side': 'buy', 'order_filled_timestamp': 1764465000000, 'ft_is_entry': False, 'ft_order_tag': 'profit_lock_compression_breakdown', 'cost': 449.618697}]",0.035854665363418,6
raw_be_guard_profit_lock_3y,Raw + Breakeven + Guard + ProfitLock,3y,profit_lock,TAO/USDT:USDT,433.39788,433.39788,1.476,2025-11-29 18:00:00+00:00,2025-12-01 00:05:00+00:00,293.63,286.96,0.0005,0.0005,1805,0.021660621260230516,9.3829735,profit_giveback_guard,311.24,-0.06,293.33,-0.02122395905862695,278.28,299.16,False,short_compression_breakdown,1.0,True,1764439200000,1764547500000,"[{'amount': 1.476, 'safe_price': 293.63, 'ft_order_side': 'sell', 'order_filled_timestamp': 1764439200000, 'ft_is_entry': True, 'ft_order_tag': 'short_compression_breakdown', 'cost': 433.61457893999994}, {'amount': 1.476, 'safe_price': 286.96, 'ft_order_side': 'buy', 'order_filled_timestamp': 1764547500000, 'ft_is_entry': False, 'ft_order_tag': 'profit_giveback_guard', 'cost': 423.76473647999995}]",-0.03347108198877023,0
raw_be_guard_profit_lock_3y,Raw + Breakeven + Guard + ProfitLock,3y,profit_lock,XRP/USDT:USDT,401.65398,401.65398,195.3,2025-12-05 10:00:00+00:00,2025-12-06 06:30:00+00:00,2.0566,2.049,0.0005,0.0005,1230,0.002617479031168115,1.05079521,profit_lock_compression_breakdown,2.1799,-0.06,2.0545,-0.021652610641471837,2.011,2.0988,False,short_compression_breakdown,1.0,True,1764928800000,1765002600000,"[{'amount': 195.3, 'safe_price': 2.0566, 'ft_order_side': 'sell', 'order_filled_timestamp': 1764928800000, 'ft_is_entry': True, 'ft_order_tag': 'short_compression_breakdown', 'cost': 401.85480699000004}, {'amount': 195.3, 'safe_price': 2.049, 'ft_order_side': 'buy', 'order_filled_timestamp': 1765002600000, 'ft_is_entry': False, 'ft_order_tag': 'profit_lock_compression_breakdown', 'cost': 400.36978485000003}]",-0.032572947469438535,5
raw_be_guard_profit_lock_3y,Raw + Breakeven + Guard + ProfitLock,3y,profit_lock,DOGE/USDT:USDT,534.65711,534.65711,3869.0,2025-12-07 14:00:00+00:00,2025-12-07 15:50:00+00:00,0.13819,0.13805,0.0005,0.0005,110,1.361126326242939e-05,0.00727372,trailing_stop_loss,0.14648,-0.06,0.13805,-0.024275189197210167,0.13478,0.13823,False,short_pullback_restart,1.0,True,1765116000000,1765122600000,"[{'amount': 3869.0, 'safe_price': 0.13819, 'ft_order_side': 'sell', 'order_filled_timestamp': 1765116000000, 'ft_is_entry': True, 'ft_order_tag': 'short_pullback_restart', 'cost': 534.9244385549999}, {'amount': 3869.0, 'safe_price': 0.13805, 'ft_order_side': 'buy', 'order_filled_timestamp': 1765122600000, 'ft_is_entry': False, 'ft_order_tag': 'trailing_stop_loss', 'cost': 534.382507725}]",0.0,6
raw_be_guard_profit_lock_3y,Raw + Breakeven + Guard + ProfitLock,3y,profit_lock,SUI/USDT:USDT,409.85674,409.85674,268.6,2025-12-11 15:00:00+00:00,2025-12-11 18:40:00+00:00,1.5259,1.5685,0.0005,0.0005,220,-0.028985674182065376,-11.87403394,stop_loss,1.6174,-0.06,1.5685,-0.027948758386364014,1.5225,1.5725,False,short_compression_breakdown,1.0,True,1765465200000,1765478400000,"[{'amount': 268.6, 'safe_price': 1.5259, 'ft_order_side': 'sell', 'order_filled_timestamp': 1765465200000, 'ft_is_entry': True, 'ft_order_tag': 'short_compression_breakdown', 'cost': 410.06166837000006}, {'amount': 268.6, 'safe_price': 1.5685, 'ft_order_side': 'buy', 'order_filled_timestamp': 1765478400000, 'ft_is_entry': False, 'ft_order_tag': 'stop_loss', 'cost': 421.50974955}]",-0.016096016428600004,3
raw_be_guard_profit_lock_3y,Raw + Breakeven + Guard + ProfitLock,3y,profit_lock,TRX/USDT:USDT,530.49248,530.49248,1904.0,2025-12-12 08:00:00+00:00,2025-12-14 19:15:00+00:00,0.27862,0.27715,0.0005,0.0005,3555,0.0029652072354918865,1.57223363,profit_lock_pullback_restart,0.29533,-0.06,0.27834,-0.02196130121897477,0.27034,0.27876,False,short_pullback_restart,1.0,True,1765526400000,1765739700000,"[{'amount': 1904.0, 'safe_price': 0.27862, 'ft_order_side': 'sell', 'order_filled_timestamp': 1765526400000, 'ft_is_entry': True, 'ft_order_tag': 'short_pullback_restart', 'cost': 530.75772624}, {'amount': 1904.0, 'safe_price': 0.27715, 'ft_order_side': 'buy', 'order_filled_timestamp': 1765739700000, 'ft_is_entry': False, 'ft_order_tag': 'profit_lock_pullback_restart', 'cost': 527.9574468000001}]",-0.6975533251752127,6
raw_be_guard_profit_lock_3y,Raw + Breakeven + Guard + ProfitLock,3y,profit_lock,XRP/USDT:USDT,530.60238,530.60238,264.6,2025-12-14 11:00:00+00:00,2025-12-15 01:35:00+00:00,2.0053,2.0032,0.0005,0.0005,875,-0.00017574775312550241,-0.09320555,trailing_stop_loss,2.1256,-0.06,2.0032,-0.02944229188078107,1.946,2.009,False,short_pullback_restart,1.0,True,1765710000000,1765762500000,"[{'amount': 264.6, 'safe_price': 2.0053, 'ft_order_side': 'sell', 'order_filled_timestamp': 1765710000000, 'ft_is_entry': True, 'ft_order_tag': 'short_pullback_restart', 'cost': 530.86768119}, {'amount': 264.6, 'safe_price': 2.0032, 'ft_order_side': 'buy', 'order_filled_timestamp': 1765762500000, 'ft_is_entry': False, 'ft_order_tag': 'trailing_stop_loss', 'cost': 530.31174336}]",-0.11854099596797263,0
raw_be_guard_profit_lock_3y,Raw + Breakeven + Guard + ProfitLock,3y,profit_lock,NEAR/USDT:USDT,334.32,334.32,210.0,2025-12-14 18:00:00+00:00,2025-12-15 02:15:00+00:00,1.592,1.641,0.0005,0.0005,495,-0.031998217432477896,-10.69229523,trailing_stop_loss,1.687,-0.06,1.641,-0.026437310892168275,1.569,1.644,False,short_compression_breakdown,1.0,True,1765735200000,1765764900000,"[{'amount': 210.0, 'safe_price': 1.592, 'ft_order_side': 'sell', 'order_filled_timestamp': 1765735200000, 'ft_is_entry': True, 'ft_order_tag': 'short_compression_breakdown', 'cost': 334.48715999999996}, {'amount': 210.0, 'safe_price': 1.641, 'ft_order_side': 'buy', 'order_filled_timestamp': 1765764900000, 'ft_is_entry': False, 'ft_order_tag': 'trailing_stop_loss', 'cost': 344.782305}]",-0.06283023188255099,0
raw_be_guard_profit_lock_3y,Raw + Breakeven + Guard + ProfitLock,3y,profit_lock,TAO/USDT:USDT,239.01885,239.01885,0.945,2025-12-17 06:00:00+00:00,2025-12-17 14:55:00+00:00,252.93,252.67,0.0005,0.0005,535,8.267080165422093e-05,0.01975,trailing_stop_loss,268.1,-0.06,252.67,-0.021330113177041365,243.46,253.74,False,short_pullback_restart,1.0,True,1765951200000,1765983300000,"[{'amount': 0.945, 'safe_price': 252.93, 'ft_order_side': 'sell', 'order_filled_timestamp': 1765951200000, 'ft_is_entry': True, 'ft_order_tag': 'short_pullback_restart', 'cost': 239.13835942499998}, {'amount': 0.945, 'safe_price': 252.67, 'ft_order_side': 'buy', 'order_filled_timestamp': 1765983300000, 'ft_is_entry': False, 'ft_order_tag': 'trailing_stop_loss', 'cost': 238.89253657499998}]",0.01294600450458149,2
raw_be_guard_profit_lock_3y,Raw + Breakeven + Guard + ProfitLock,3y,profit_lock,BNB/USDT:USDT,512.49,512.49,0.6,2025-12-17 16:00:00+00:00,2025-12-18 13:50:00+00:00,854.15,851.11,0.0005,0.0005,1310,0.002562154460125339,1.312422,profit_lock_pullback_restart,905.39,-0.06,853.29,-0.021299640933572617,830.0,858.32,False,short_pullback_restart,1.0,True,1765987200000,1766065800000,"[{'amount': 0.6, 'safe_price': 854.15, 'ft_order_side': 'sell', 'order_filled_timestamp': 1765987200000, 'ft_is_entry': True, 'ft_order_tag': 'short_pullback_restart', 'cost': 512.7462449999999}, {'amount': 0.6, 'safe_price': 851.11, 'ft_order_side': 'buy', 'order_filled_timestamp': 1766065800000, 'ft_is_entry': False, 'ft_order_tag': 'profit_lock_pullback_restart', 'cost': 510.92133299999995}]",0.0,3
raw_be_guard_profit_lock_3y,Raw + Breakeven + Guard + ProfitLock,3y,profit_lock,SUI/USDT:USDT,527.76976,527.76976,366.1,2025-12-21 02:00:00+00:00,2025-12-21 09:30:00+00:00,1.4416,1.4681,0.0005,0.0005,450,-0.019307486305594417,-10.18481246,trailing_stop_loss,1.528,-0.06,1.4681,-0.02257125763090384,1.4344,1.477,False,short_pullback_restart,1.0,True,1766282400000,1766309400000,"[{'amount': 366.1, 'safe_price': 1.4416, 'ft_order_side': 'sell', 'order_filled_timestamp': 1766282400000, 'ft_is_entry': True, 'ft_order_tag': 'short_pullback_restart', 'cost': 528.03364488}, {'amount': 366.1, 'safe_price': 1.4681, 'ft_order_side': 'buy', 'order_filled_timestamp': 1766309400000, 'ft_is_entry': False, 'ft_order_tag': 'trailing_stop_loss', 'cost': 537.7401457049999}]",0.049458123641491734,6
raw_be_guard_profit_lock_3y,Raw + Breakeven + Guard + ProfitLock,3y,profit_lock,LINK/USDT:USDT,49.832,49.832,4.0,2025-12-21 02:00:00+00:00,2025-12-21 09:50:00+00:00,12.458,12.691,0.0005,0.0005,470,-0.019672867417815505,-0.97984816,stop_loss,13.205,-0.06,12.691,-0.01877357359203491,12.376,12.706,False,short_pullback_restart,1.0,True,1766282400000,1766310600000,"[{'amount': 4.0, 'safe_price': 12.458, 'ft_order_side': 'sell', 'order_filled_timestamp': 1766282400000, 'ft_is_entry': True, 'ft_order_tag': 'short_pullback_restart', 'cost': 49.856916}, {'amount': 4.0, 'safe_price': 12.691, 'ft_order_side': 'buy', 'order_filled_timestamp': 1766310600000, 'ft_is_entry': False, 'ft_order_tag': 'stop_loss', 'cost': 50.789382}]",0.0024498424705536,6
raw_be_guard_profit_lock_3y,Raw + Breakeven + Guard + ProfitLock,3y,profit_lock,SOL/USDT:USDT,527.7532,527.7532,4.22,2025-12-21 02:00:00+00:00,2025-12-22 00:10:00+00:00,125.06,126.79,0.0005,0.0005,1330,-0.014726264846330349,-7.76794748,stop_loss,132.56,-0.06,126.79,-0.013866127461943156,123.3,127.64,False,short_pullback_restart,1.0,True,1766282400000,1766362200000,"[{'amount': 4.22, 'safe_price': 125.06, 'ft_order_side': 'sell', 'order_filled_timestamp': 1766282400000, 'ft_is_entry': True, 'ft_order_tag': 'short_pullback_restart', 'cost': 528.0170766}, {'amount': 4.22, 'safe_price': 126.79, 'ft_order_side': 'buy', 'order_filled_timestamp': 1766362200000, 'ft_is_entry': False, 'ft_order_tag': 'stop_loss', 'cost': 535.3213269}]",0.06405602418530665,0
raw_be_guard_profit_lock_3y,Raw + Breakeven + Guard + ProfitLock,3y,profit_lock,ADA/USDT:USDT,402.864,402.864,1090.0,2025-12-21 02:00:00+00:00,2025-12-22 00:10:00+00:00,0.3696,0.3692,0.0005,0.0005,1330,0.00013600869400902445,0.05476561,trailing_stop_loss,0.3917,-0.06,0.3692,-0.023649570280011023,0.3573,0.3744,False,short_pullback_restart,1.0,True,1766282400000,1766362200000,"[{'amount': 1090.0, 'safe_price': 0.3696, 'ft_order_side': 'sell', 'order_filled_timestamp': 1766282400000, 'ft_is_entry': True, 'ft_order_tag': 'short_pullback_restart', 'cost': 403.06543199999993}, {'amount': 1090.0, 'safe_price': 0.3692, 'ft_order_side': 'buy', 'order_filled_timestamp': 1766362200000, 'ft_is_entry': False, 'ft_order_tag': 'trailing_stop_loss', 'cost': 402.629214}]",0.021411611734971997,0
raw_be_guard_profit_lock_3y,Raw + Breakeven + Guard + ProfitLock,3y,profit_lock,ADA/USDT:USDT,334.9251,334.9251,927.0,2025-12-23 14:00:00+00:00,2025-12-23 15:10:00+00:00,0.3613,0.3607,0.0005,0.0005,70,0.0006618310539161083,0.221553,profit_lock_compression_breakdown,0.3829,-0.06,0.3726,-0.043573259739807746,0.3548,0.3632,False,short_compression_breakdown,1.0,True,1766498400000,1766502600000,"[{'amount': 927.0, 'safe_price': 0.3613, 'ft_order_side': 'sell', 'order_filled_timestamp': 1766498400000, 'ft_is_entry': True, 'ft_order_tag': 'short_compression_breakdown', 'cost': 335.09256254999997}, {'amount': 927.0, 'safe_price': 0.3607, 'ft_order_side': 'buy', 'order_filled_timestamp': 1766502600000, 'ft_is_entry': False, 'ft_order_tag': 'profit_lock_compression_breakdown', 'cost': 334.53608445}]",0.0,1
raw_be_guard_profit_lock_3y,Raw + Breakeven + Guard + ProfitLock,3y,profit_lock,ADA/USDT:USDT,332.635,332.635,937.0,2025-12-24 06:00:00+00:00,2025-12-25 10:35:00+00:00,0.355,0.354,0.0005,0.0005,1715,0.0018652853716530128,0.62014897,profit_lock_compression_breakdown,0.3763,-0.06,0.3669,-0.03357257977337902,0.3495,0.3612,False,short_compression_breakdown,1.0,True,1766556000000,1766658900000,"[{'amount': 937.0, 'safe_price': 0.355, 'ft_order_side': 'sell', 'order_filled_timestamp': 1766556000000, 'ft_is_entry': True, 'ft_order_tag': 'short_compression_breakdown', 'cost': 332.8013175}, {'amount': 937.0, 'safe_price': 0.354, 'ft_order_side': 'buy', 'order_filled_timestamp': 1766658900000, 'ft_is_entry': False, 'ft_order_tag': 'profit_lock_compression_breakdown', 'cost': 331.86384899999996}]",0.015315471336488896,3
raw_be_guard_profit_lock_3y,Raw + Breakeven + Guard + ProfitLock,3y,profit_lock,XRP/USDT:USDT,521.5079,521.5079,281.0,2025-12-28 19:00:00+00:00,2025-12-29 01:40:00+00:00,1.8559,1.8803,0.0005,0.0005,400,-0.014136308439937597,-7.36851043,stop_loss,1.9672,-0.06,1.8803,-0.01316103012090708,1.8528,1.886,False,short_pullback_restart,1.0,True,1766948400000,1766972400000,"[{'amount': 281.0, 'safe_price': 1.8559, 'ft_order_side': 'sell', 'order_filled_timestamp': 1766948400000, 'ft_is_entry': True, 'ft_order_tag': 'short_pullback_restart', 'cost': 521.76865395}, {'amount': 281.0, 'safe_price': 1.8803, 'ft_order_side': 'buy', 'order_filled_timestamp': 1766972400000, 'ft_is_entry': False, 'ft_order_tag': 'stop_loss', 'cost': 528.6284821500001}]",0.01282567176,0
raw_be_guard_profit_lock_3y,Raw + Breakeven + Guard + ProfitLock,3y,profit_lock,NEAR/USDT:USDT,495.0,495.0,330.0,2025-12-31 11:00:00+00:00,2025-12-31 20:45:00+00:00,1.5,1.496,0.0005,0.0005,585,0.0017694180423545106,0.875424,profit_lock_compression_breakdown,1.59,-0.06,1.498,-0.021472392638036686,1.467,1.529,False,short_compression_breakdown,1.0,True,1767178800000,1767213900000,"[{'amount': 330.0, 'safe_price': 1.5, 'ft_order_side': 'sell', 'order_filled_timestamp': 1767178800000, 'ft_is_entry': True, 'ft_order_tag': 'short_compression_breakdown', 'cost': 495.24749999999995}, {'amount': 330.0, 'safe_price': 1.496, 'ft_order_side': 'buy', 'order_filled_timestamp': 1767213900000, 'ft_is_entry': False, 'ft_order_tag': 'profit_lock_compression_breakdown', 'cost': 493.92683999999997}]",0.049764,2
raw_be_guard_profit_lock_3y,Raw + Breakeven + Guard + ProfitLock,3y,profit_lock,TRX/USDT:USDT,519.17896,519.17896,1756.0,2026-01-04 00:00:00+00:00,2026-01-20 08:00:00+00:00,0.29566,0.30658,0.0005,0.0005,23520,0.03481040457644395,18.08186606,time_decay_profit_exit,0.27793,-0.06,0.29596,-0.020598120325633906,0.29076,0.32084,False,long_1d_center_compression,1.0,False,1767484800000,1768896000000,"[{'amount': 1756.0, 'safe_price': 0.29566, 'ft_order_side': 'buy', 'order_filled_timestamp': 1767484800000, 'ft_is_entry': True, 'ft_order_tag': 'long_1d_center_compression', 'cost': 519.4385494799999}, {'amount': 1756.0, 'safe_price': 0.30658, 'ft_order_side': 'sell', 'order_filled_timestamp': 1768896000000, 'ft_is_entry': False, 'ft_order_tag': 'time_decay_profit_exit', 'cost': 538.6236572400001}]",-0.5648872248204913,1
raw_be_guard_profit_lock_3y,Raw + Breakeven + Guard + ProfitLock,3y,profit_lock,ADA/USDT:USDT,326.2525,326.2525,905.0,2026-01-20 09:00:00+00:00,2026-01-21 00:40:00+00:00,0.3605,0.3556,0.0005,0.0005,940,0.012707407028776265,4.1437504,profit_lock_pullback_restart,0.3821,-0.06,0.3601,-0.021092996881202142,0.3463,0.364,False,short_pullback_restart,1.0,True,1768899600000,1768956000000,"[{'amount': 905.0, 'safe_price': 0.3605, 'ft_order_side': 'sell', 'order_filled_timestamp': 1768899600000, 'ft_is_entry': True, 'ft_order_tag': 'short_pullback_restart', 'cost': 326.41562625}, {'amount': 905.0, 'safe_price': 0.3556, 'ft_order_side': 'buy', 'order_filled_timestamp': 1768956000000, 'ft_is_entry': False, 'ft_order_tag': 'profit_lock_pullback_restart', 'cost': 321.97890900000004}]",0.033285652845767004,2
raw_be_guard_profit_lock_3y,Raw + Breakeven + Guard + ProfitLock,3y,profit_lock,NEAR/USDT:USDT,273.175,273.175,175.0,2026-01-20 07:00:00+00:00,2026-01-21 01:15:00+00:00,1.561,1.54,0.0005,0.0005,1095,0.012588261953801097,3.43707906,profit_lock_pullback_restart,1.654,-0.06,1.559,-0.027975609756097697,1.487,1.568,False,short_pullback_restart,1.0,True,1768892400000,1768958100000,"[{'amount': 175.0, 'safe_price': 1.561, 'ft_order_side': 'sell', 'order_filled_timestamp': 1768892400000, 'ft_is_entry': True, 'ft_order_tag': 'short_pullback_restart', 'cost': 273.3115875}, {'amount': 175.0, 'safe_price': 1.54, 'ft_order_side': 'buy', 'order_filled_timestamp': 1768958100000, 'ft_is_entry': False, 'ft_order_tag': 'profit_lock_pullback_restart', 'cost': 269.63475}]",0.033416558349545,2
raw_be_guard_profit_lock_3y,Raw + Breakeven + Guard + ProfitLock,3y,profit_lock,XRP/USDT:USDT,520.08536,520.08536,269.6,2026-01-22 14:00:00+00:00,2026-01-23 16:00:00+00:00,1.9291,1.9271,0.0005,0.0005,1560,0.00012561644811116953,0.06529861,trailing_stop_loss,2.0448,-0.06,1.9271,-0.021017695364238476,1.8862,1.9349,False,short_pullback_restart,1.0,True,1769090400000,1769184000000,"[{'amount': 269.6, 'safe_price': 1.9291, 'ft_order_side': 'sell', 'order_filled_timestamp': 1769090400000, 'ft_is_entry': True, 'ft_order_tag': 'short_pullback_restart', 'cost': 520.34540268}, {'amount': 269.6, 'safe_price': 1.9271, 'ft_order_side': 'buy', 'order_filled_timestamp': 1769184000000, 'ft_is_entry': False, 'ft_order_tag': 'trailing_stop_loss', 'cost': 519.80593308}]",0.04591437053576761,4
raw_be_guard_profit_lock_3y,Raw + Breakeven + Guard + ProfitLock,3y,profit_lock,ADA/USDT:USDT,362.5527,362.5527,1013.0,2026-01-22 15:00:00+00:00,2026-01-23 17:25:00+00:00,0.3579,0.368,0.0005,0.0005,1585,-0.029336495667682046,-10.6307077,trailing_stop_loss,0.3793,-0.06,0.368,-0.027359019305571497,0.3522,0.3681,False,short_pullback_restart,1.0,True,1769094000000,1769189100000,"[{'amount': 1013.0, 'safe_price': 0.3579, 'ft_order_side': 'sell', 'order_filled_timestamp': 1769094000000, 'ft_is_entry': True, 'ft_order_tag': 'short_pullback_restart', 'cost': 362.73397635}, {'amount': 1013.0, 'safe_price': 0.368, 'ft_order_side': 'buy', 'order_filled_timestamp': 1769189100000, 'ft_is_entry': False, 'ft_order_tag': 'trailing_stop_loss', 'cost': 372.97039199999995}]",-0.0317393519524843,4
raw_be_guard_profit_lock_3y,Raw + Breakeven + Guard + ProfitLock,3y,profit_lock,DOGE/USDT:USDT,362.1013,362.1013,2915.0,2026-01-22 15:00:00+00:00,2026-01-23 17:35:00+00:00,0.12422,0.12774,0.0005,0.0005,1595,-0.029399744444003433,-10.64036284,trailing_stop_loss,0.13167,-0.06,0.12774,-0.028746985682621018,0.12194,0.12783,False,short_pullback_restart,1.0,True,1769094000000,1769189700000,"[{'amount': 2915.0, 'safe_price': 0.12422, 'ft_order_side': 'sell', 'order_filled_timestamp': 1769094000000, 'ft_is_entry': True, 'ft_order_tag': 'short_pullback_restart', 'cost': 362.28235064999996}, {'amount': 2915.0, 'safe_price': 0.12774, 'ft_order_side': 'buy', 'order_filled_timestamp': 1769189700000, 'ft_is_entry': False, 'ft_order_tag': 'trailing_stop_loss', 'cost': 372.54828104999996}]",-0.012331136189542503,4
raw_be_guard_profit_lock_3y,Raw + Breakeven + Guard + ProfitLock,3y,profit_lock,NEAR/USDT:USDT,181.292,181.292,122.0,2026-01-25 09:00:00+00:00,2026-01-26 01:05:00+00:00,1.486,1.453,0.0005,0.0005,965,0.021285053256279753,3.85688047,profit_giveback_guard,1.575,-0.06,1.484,-0.02098624484181566,1.408,1.511,False,short_pullback_restart,1.0,True,1769331600000,1769389500000,"[{'amount': 122.0, 'safe_price': 1.486, 'ft_order_side': 'sell', 'order_filled_timestamp': 1769331600000, 'ft_is_entry': True, 'ft_order_tag': 'short_pullback_restart', 'cost': 181.382646}, {'amount': 122.0, 'safe_price': 1.453, 'ft_order_side': 'buy', 'order_filled_timestamp': 1769389500000, 'ft_is_entry': False, 'ft_order_tag': 'profit_giveback_guard', 'cost': 177.354633}]",0.010159469479999999,0
raw_be_guard_profit_lock_3y,Raw + Breakeven + Guard + ProfitLock,3y,profit_lock,TAO/USDT:USDT,520.84527,520.84527,2.211,2026-01-25 05:00:00+00:00,2026-01-26 01:10:00+00:00,235.57,230.03,0.0005,0.0005,1210,0.02263718490779934,11.78457545,profit_giveback_guard,249.7,-0.06,235.33,-0.02319317391304354,220.39,237.77,False,short_pullback_restart,1.0,True,1769317200000,1769389800000,"[{'amount': 2.211, 'safe_price': 235.57, 'ft_order_side': 'sell', 'order_filled_timestamp': 1769317200000, 'ft_is_entry': True, 'ft_order_tag': 'short_pullback_restart', 'cost': 521.1056926349999}, {'amount': 2.211, 'safe_price': 230.03, 'ft_order_side': 'buy', 'order_filled_timestamp': 1769389800000, 'ft_is_entry': False, 'ft_order_tag': 'profit_giveback_guard', 'cost': 508.85062816499993}]",0.05035624659099901,0
raw_be_guard_profit_lock_3y,Raw + Breakeven + Guard + ProfitLock,3y,profit_lock,ETH/USDT:USDT,520.65258,520.65258,0.177,2026-01-25 04:00:00+00:00,2026-01-26 01:25:00+00:00,2941.54,2874.66,0.0005,0.0005,1285,0.021736058500792858,11.31127647,profit_giveback_guard,3118.03,-0.06,2938.59,-0.022441272050381045,2784.15,2948.15,False,short_pullback_restart,1.0,True,1769313600000,1769390700000,"[{'amount': 0.177, 'safe_price': 2941.54, 'ft_order_side': 'sell', 'order_filled_timestamp': 1769313600000, 'ft_is_entry': True, 'ft_order_tag': 'short_pullback_restart', 'cost': 520.9129062899999}, {'amount': 0.177, 'safe_price': 2874.66, 'ft_order_side': 'buy', 'order_filled_timestamp': 1769390700000, 'ft_is_entry': False, 'ft_order_tag': 'profit_giveback_guard', 'cost': 509.06922740999994}]",-0.011749831470876878,0
raw_be_guard_profit_lock_3y,Raw + Breakeven + Guard + ProfitLock,3y,profit_lock,LINK/USDT:USDT,264.60718,264.60718,21.62,2026-01-22 15:00:00+00:00,2026-01-26 07:55:00+00:00,12.239,11.855,0.0005,0.0005,5335,0.0303898250718536,8.03734523,profit_giveback_guard,12.973,-0.06,12.226,-0.021791826842721296,11.355,12.495,False,short_pullback_restart,1.0,True,1769094000000,1769414100000,"[{'amount': 21.62, 'safe_price': 12.239, 'ft_order_side': 'sell', 'order_filled_timestamp': 1769094000000, 'ft_is_entry': True, 'ft_order_tag': 'short_pullback_restart', 'cost': 264.73948359}, {'amount': 21.62, 'safe_price': 11.855, 'ft_order_side': 'buy', 'order_filled_timestamp': 1769414100000, 'ft_is_entry': False, 'ft_order_tag': 'profit_giveback_guard', 'cost': 256.43325255}]",-0.004278627435184627,0
raw_be_guard_profit_lock_3y,Raw + Breakeven + Guard + ProfitLock,3y,profit_lock,SOL/USDT:USDT,531.9216,531.9216,4.32,2026-01-27 14:00:00+00:00,2026-01-27 16:00:00+00:00,123.13,125.29,0.0005,0.0005,120,-0.018535842344922126,-9.85468511,stop_loss,130.51,-0.06,125.29,-0.017611653936642213,123.12,125.42,False,short_pullback_restart,1.0,True,1769522400000,1769529600000,"[{'amount': 4.32, 'safe_price': 123.13, 'ft_order_side': 'sell', 'order_filled_timestamp': 1769522400000, 'ft_is_entry': True, 'ft_order_tag': 'short_pullback_restart', 'cost': 532.1875608}, {'amount': 4.32, 'safe_price': 125.29, 'ft_order_side': 'buy', 'order_filled_timestamp': 1769529600000, 'ft_is_entry': False, 'ft_order_tag': 'stop_loss', 'cost': 541.5234264000001}]",0.013102085116954513,1
raw_be_guard_profit_lock_3y,Raw + Breakeven + Guard + ProfitLock,3y,profit_lock,ZEC/USDT:USDT,323.65885,323.65885,0.895,2026-01-29 12:00:00+00:00,2026-01-29 16:50:00+00:00,361.63,357.49,0.0005,0.0005,290,0.01055721129650469,3.4152264,profit_lock_compression_breakdown,383.32,-0.06,361.26,-0.024903883798121917,350.05,364.92,False,short_compression_breakdown,1.0,True,1769688000000,1769705400000,"[{'amount': 0.895, 'safe_price': 361.63, 'ft_order_side': 'sell', 'order_filled_timestamp': 1769688000000, 'ft_is_entry': True, 'ft_order_tag': 'short_compression_breakdown', 'cost': 323.82067942500004}, {'amount': 0.895, 'safe_price': 357.49, 'ft_order_side': 'buy', 'order_filled_timestamp': 1769705400000, 'ft_is_entry': False, 'ft_order_tag': 'profit_lock_compression_breakdown', 'cost': 320.11352677499997}]",0.03173259556222001,3
raw_be_guard_profit_lock_3y,Raw + Breakeven + Guard + ProfitLock,3y,profit_lock,SOL/USDT:USDT,33.684,33.684,0.28,2026-01-29 15:00:00+00:00,2026-01-29 16:55:00+00:00,120.3,118.19,0.0005,0.0005,115,0.0164820110447101,0.55490247,profit_lock_compression_breakdown,127.51,-0.06,120.17,-0.02507420675537353,116.03,120.38,False,short_compression_breakdown,1.0,True,1769698800000,1769705700000,"[{'amount': 0.28, 'safe_price': 120.3, 'ft_order_side': 'sell', 'order_filled_timestamp': 1769698800000, 'ft_is_entry': True, 'ft_order_tag': 'short_compression_breakdown', 'cost': 33.700842}, {'amount': 0.28, 'safe_price': 118.19, 'ft_order_side': 'buy', 'order_filled_timestamp': 1769705700000, 'ft_is_entry': False, 'ft_order_tag': 'profit_lock_compression_breakdown', 'cost': 33.1097466}]",-0.00250892619759096,3
raw_be_guard_profit_lock_3y,Raw + Breakeven + Guard + ProfitLock,3y,profit_lock,TAO/USDT:USDT,305.17425,305.17425,1.305,2026-01-29 02:00:00+00:00,2026-01-29 17:20:00+00:00,233.85,224.4,0.0005,0.0005,920,0.03935407356597902,12.00384496,profit_lock_pullback_restart,247.88,-0.06,233.61,-0.020469794260254304,214.16,234.61,False,short_pullback_restart,1.0,True,1769652000000,1769707200000,"[{'amount': 1.305, 'safe_price': 233.85, 'ft_order_side': 'sell', 'order_filled_timestamp': 1769652000000, 'ft_is_entry': True, 'ft_order_tag': 'short_pullback_restart', 'cost': 305.32683712499994}, {'amount': 1.305, 'safe_price': 224.4, 'ft_order_side': 'buy', 'order_filled_timestamp': 1769707200000, 'ft_is_entry': False, 'ft_order_tag': 'profit_lock_pullback_restart', 'cost': 292.98842099999996}]",-0.029396916719324998,3
raw_be_guard_profit_lock_3y,Raw + Breakeven + Guard + ProfitLock,3y,profit_lock,XRP/USDT:USDT,341.7264,341.7264,182.4,2026-01-29 03:00:00+00:00,2026-01-29 17:20:00+00:00,1.8735,1.8387,0.0005,0.0005,860,0.017447805109040173,5.95939444,profit_lock_pullback_restart,1.9859,-0.06,1.8716,-0.021351432469304044,1.7845,1.8889,False,short_pullback_restart,1.0,True,1769655600000,1769707200000,"[{'amount': 182.4, 'safe_price': 1.8735, 'ft_order_side': 'sell', 'order_filled_timestamp': 1769655600000, 'ft_is_entry': True, 'ft_order_tag': 'short_pullback_restart', 'cost': 341.8972632}, {'amount': 182.4, 'safe_price': 1.8387, 'ft_order_side': 'buy', 'order_filled_timestamp': 1769707200000, 'ft_is_entry': False, 'ft_order_tag': 'profit_lock_pullback_restart', 'cost': 335.54656944000004}]",-0.04957292028886272,3
raw_be_guard_profit_lock_3y,Raw + Breakeven + Guard + ProfitLock,3y,profit_lock,BTC/USDT:USDT,173.9576,173.9576,0.002,2026-01-29 15:00:00+00:00,2026-01-30 04:20:00+00:00,86978.8,83129.7,0.0005,0.0005,800,0.043379960731399284,7.54250072,profit_lock_compression_breakdown,92197.5,-0.06,86891.8,-0.021085474896442413,81000.0,87013.7,False,short_compression_breakdown,1.0,True,1769698800000,1769746800000,"[{'amount': 0.002, 'safe_price': 86978.8, 'ft_order_side': 'sell', 'order_filled_timestamp': 1769698800000, 'ft_is_entry': True, 'ft_order_tag': 'short_compression_breakdown', 'cost': 174.0445788}, {'amount': 0.002, 'safe_price': 83129.7, 'ft_order_side': 'buy', 'order_filled_timestamp': 1769746800000, 'ft_is_entry': False, 'ft_order_tag': 'profit_lock_compression_breakdown', 'cost': 166.3425297}]",0.014409223917698982,4
raw_be_guard_profit_lock_3y,Raw + Breakeven + Guard + ProfitLock,3y,profit_lock,ADA/USDT:USDT,333.9312,333.9312,953.0,2026-01-29 03:00:00+00:00,2026-01-30 19:25:00+00:00,0.3504,0.3311,0.0005,0.0005,2425,0.05384045663941277,17.97001879,profit_lock_pullback_restart,0.3714,-0.06,0.35,-0.02085039370078756,0.3157,0.353,False,short_pullback_restart,1.0,True,1769655600000,1769801100000,"[{'amount': 953.0, 'safe_price': 0.3504, 'ft_order_side': 'sell', 'order_filled_timestamp': 1769655600000, 'ft_is_entry': True, 'ft_order_tag': 'short_pullback_restart', 'cost': 334.09816559999996}, {'amount': 953.0, 'safe_price': 0.3311, 'ft_order_side': 'buy', 'order_filled_timestamp': 1769801100000, 'ft_is_entry': False, 'ft_order_tag': 'profit_lock_pullback_restart', 'cost': 315.69606914999997}]",-0.09814646216503439,4
raw_be_guard_profit_lock_3y,Raw + Breakeven + Guard + ProfitLock,3y,profit_lock,LINK/USDT:USDT,263.72181,263.72181,25.21,2026-01-31 09:00:00+00:00,2026-01-31 17:10:00+00:00,10.461,9.86,0.0005,0.0005,490,0.05651666769217713,14.89722556,profit_lock_pullback_restart,11.088,-0.06,10.45,-0.02056044921875011,9.357,10.572,False,short_pullback_restart,1.0,True,1769850000000,1769879400000,"[{'amount': 25.21, 'safe_price': 10.461, 'ft_order_side': 'sell', 'order_filled_timestamp': 1769850000000, 'ft_is_entry': True, 'ft_order_tag': 'short_pullback_restart', 'cost': 263.853670905}, {'amount': 25.21, 'safe_price': 9.86, 'ft_order_side': 'buy', 'order_filled_timestamp': 1769879400000, 'ft_is_entry': False, 'ft_order_tag': 'profit_lock_pullback_restart', 'cost': 248.69488529999998}]",0.0021617610294,5
raw_be_guard_profit_lock_3y,Raw + Breakeven + Guard + ProfitLock,3y,profit_lock,BNB/USDT:USDT,351.2586,351.2586,0.42,2026-01-31 09:00:00+00:00,2026-01-31 18:40:00+00:00,836.33,751.94,0.0005,0.0005,580,0.1000056004710114,35.1102633,roi,886.5,-0.06,835.49,-0.021798121491555467,749.21,841.47,False,short_pullback_restart,1.0,True,1769850000000,1769884800000,"[{'amount': 0.42, 'safe_price': 836.33, 'ft_order_side': 'sell', 'order_filled_timestamp': 1769850000000, 'ft_is_entry': True, 'ft_order_tag': 'short_pullback_restart', 'cost': 351.43422929999997}, {'amount': 0.42, 'safe_price': 751.94, 'ft_order_side': 'buy', 'order_filled_timestamp': 1769884800000, 'ft_is_entry': False, 'ft_order_tag': 'roi', 'cost': 315.9727074}]",0.0,5
raw_be_guard_profit_lock_3y,Raw + Breakeven + Guard + ProfitLock,3y,profit_lock,TAO/USDT:USDT,283.15575,283.15575,1.475,2026-02-03 15:00:00+00:00,2026-02-03 19:15:00+00:00,191.97,191.03,0.0005,0.0005,255,0.003952309531361423,1.11855961,profit_lock_pullback_restart,203.48,-0.06,191.77,-0.021726318593500382,184.33,197.18,False,short_pullback_restart,1.0,True,1770130800000,1770146100000,"[{'amount': 1.475, 'safe_price': 191.97, 'ft_order_side': 'sell', 'order_filled_timestamp': 1770130800000, 'ft_is_entry': True, 'ft_order_tag': 'short_pullback_restart', 'cost': 283.297327875}, {'amount': 1.475, 'safe_price': 191.03, 'ft_order_side': 'buy', 'order_filled_timestamp': 1770146100000, 'ft_is_entry': False, 'ft_order_tag': 'profit_lock_pullback_restart', 'cost': 281.910134625}]",0.014522112500000002,1
raw_be_guard_profit_lock_3y,Raw + Breakeven + Guard + ProfitLock,3y,profit_lock,XRP/USDT:USDT,189.42848,189.42848,121.6,2026-02-03 18:00:00+00:00,2026-02-03 19:15:00+00:00,1.5578,1.5707,0.0005,0.0005,75,-0.009289694275819384,-1.7588528,profit_lock_compression_breakdown,1.6512,-0.06,1.6291,-0.04581120537921812,1.5263,1.5784,False,short_compression_breakdown,1.0,True,1770141600000,1770146100000,"[{'amount': 121.6, 'safe_price': 1.5578, 'ft_order_side': 'sell', 'order_filled_timestamp': 1770141600000, 'ft_is_entry': True, 'ft_order_tag': 'short_compression_breakdown', 'cost': 189.52319424}, {'amount': 121.6, 'safe_price': 1.5707, 'ft_order_side': 'buy', 'order_filled_timestamp': 1770146100000, 'ft_is_entry': False, 'ft_order_tag': 'profit_lock_compression_breakdown', 'cost': 191.09261855999998}]",0.0,1
raw_be_guard_profit_lock_3y,Raw + Breakeven + Guard + ProfitLock,3y,profit_lock,SOL/USDT:USDT,268.0748,268.0748,2.66,2026-02-03 15:00:00+00:00,2026-02-03 19:20:00+00:00,100.78,99.38,0.0005,0.0005,260,0.01273798453389936,3.41302529,profit_lock_pullback_restart,106.82,-0.06,100.67,-0.020983875874657665,96.6,102.73,False,short_pullback_restart,1.0,True,1770130800000,1770146400000,"[{'amount': 2.66, 'safe_price': 100.78, 'ft_order_side': 'sell', 'order_filled_timestamp': 1770130800000, 'ft_is_entry': True, 'ft_order_tag': 'short_pullback_restart', 'cost': 268.20883740000005}, {'amount': 2.66, 'safe_price': 99.38, 'ft_order_side': 'buy', 'order_filled_timestamp': 1770146400000, 'ft_is_entry': False, 'ft_order_tag': 'profit_lock_pullback_restart', 'cost': 264.4829754}]",-0.04476190960752681,1
raw_be_guard_profit_lock_3y,Raw + Breakeven + Guard + ProfitLock,3y,profit_lock,BTC/USDT:USDT,305.8328,305.8328,0.004,2026-02-03 17:00:00+00:00,2026-02-03 20:25:00+00:00,76458.2,75478.7,0.0005,0.0005,205,0.011823238603196066,3.6141262,profit_lock_pullback_restart,81045.6,-0.06,76381.7,-0.020536414736113562,72889.2,76500.0,False,short_pullback_restart,1.0,True,1770138000000,1770150300000,"[{'amount': 0.004, 'safe_price': 76458.2, 'ft_order_side': 'sell', 'order_filled_timestamp': 1770138000000, 'ft_is_entry': True, 'ft_order_tag': 'short_pullback_restart', 'cost': 305.9857164}, {'amount': 0.004, 'safe_price': 75478.7, 'ft_order_side': 'buy', 'order_filled_timestamp': 1770150300000, 'ft_is_entry': False, 'ft_order_tag': 'profit_lock_pullback_restart', 'cost': 302.0657574}]",0.0,1
raw_be_guard_profit_lock_3y,Raw + Breakeven + Guard + ProfitLock,3y,profit_lock,NEAR/USDT:USDT,288.591,288.591,249.0,2026-02-04 14:00:00+00:00,2026-02-04 16:10:00+00:00,1.159,1.157,0.0005,0.0005,130,0.0008009293793127735,0.23102544,trailing_stop_loss,1.228,-0.06,1.157,-0.02373209549071631,1.131,1.167,False,short_pullback_restart,1.0,True,1770213600000,1770221400000,"[{'amount': 249.0, 'safe_price': 1.159, 'ft_order_side': 'sell', 'order_filled_timestamp': 1770213600000, 'ft_is_entry': True, 'ft_order_tag': 'short_pullback_restart', 'cost': 288.7352955}, {'amount': 249.0, 'safe_price': 1.157, 'ft_order_side': 'buy', 'order_filled_timestamp': 1770221400000, 'ft_is_entry': False, 'ft_order_tag': 'trailing_stop_loss', 'cost': 288.2370465}]",0.021367437,2
raw_be_guard_profit_lock_3y,Raw + Breakeven + Guard + ProfitLock,3y,profit_lock,TRX/USDT:USDT,563.15554,563.15554,1987.0,2026-02-01 17:00:00+00:00,2026-02-04 17:05:00+00:00,0.28342,0.28314,0.0005,0.0005,4325,-0.002427117244129625,-1.3661611,stale_loss_72h,0.30042,-0.06,0.28772,-0.015201674698184897,0.28079,0.28741,False,short_pullback_restart,1.0,True,1769965200000,1770224700000,"[{'amount': 1987.0, 'safe_price': 0.28342, 'ft_order_side': 'sell', 'order_filled_timestamp': 1769965200000, 'ft_is_entry': True, 'ft_order_tag': 'short_pullback_restart', 'cost': 563.43711777}, {'amount': 1987.0, 'safe_price': 0.28314, 'ft_order_side': 'buy', 'order_filled_timestamp': 1770224700000, 'ft_is_entry': False, 'ft_order_tag': 'stale_loss_72h', 'cost': 562.88047959}]",-1.3596437371145729,2
raw_be_guard_profit_lock_3y,Raw + Breakeven + Guard + ProfitLock,3y,profit_lock,TRX/USDT:USDT,565.23215,565.23215,2009.0,2026-02-05 03:00:00+00:00,2026-02-06 17:35:00+00:00,0.28135,0.27381,0.0005,0.0005,2315,0.022222534148805387,12.55461031,profit_giveback_guard,0.29823,-0.06,0.28106,-0.02519933615407055,0.26645,0.28221,False,short_pullback_restart,1.0,True,1770260400000,1770399300000,"[{'amount': 2009.0, 'safe_price': 0.28135, 'ft_order_side': 'sell', 'order_filled_timestamp': 1770260400000, 'ft_is_entry': True, 'ft_order_tag': 'short_pullback_restart', 'cost': 565.5147660749999}, {'amount': 2009.0, 'safe_price': 0.27381, 'ft_order_side': 'buy', 'order_filled_timestamp': 1770399300000, 'ft_is_entry': False, 'ft_order_tag': 'profit_giveback_guard', 'cost': 550.3593321449999}]",-2.035591469059813,4
raw_be_guard_profit_lock_3y,Raw + Breakeven + Guard + ProfitLock,3y,profit_lock,BNB/USDT:USDT,334.8805,334.8805,0.53,2026-02-09 08:00:00+00:00,2026-02-09 13:15:00+00:00,631.85,630.14,0.0005,0.0005,315,0.0017085459719651706,0.57187265,profit_lock_pullback_restart,669.76,-0.06,631.21,-0.023425507077192487,615.97,633.51,False,short_pullback_restart,1.0,True,1770624000000,1770642900000,"[{'amount': 0.53, 'safe_price': 631.85, 'ft_order_side': 'sell', 'order_filled_timestamp': 1770624000000, 'ft_is_entry': True, 'ft_order_tag': 'short_pullback_restart', 'cost': 335.04794025}, {'amount': 0.53, 'safe_price': 630.14, 'ft_order_side': 'buy', 'order_filled_timestamp': 1770642900000, 'ft_is_entry': False, 'ft_order_tag': 'profit_lock_pullback_restart', 'cost': 334.14118709999997}]",0.0,0
raw_be_guard_profit_lock_3y,Raw + Breakeven + Guard + ProfitLock,3y,profit_lock,TAO/USDT:USDT,306.62552,306.62552,1.996,2026-02-10 19:00:00+00:00,2026-02-11 02:30:00+00:00,153.62,153.18,0.0005,0.0005,450,0.001932158336094346,0.59215283,profit_lock_compression_breakdown,162.83,-0.06,159.74,-0.03988359409327802,151.29,154.99,False,short_compression_breakdown,1.0,True,1770750000000,1770777000000,"[{'amount': 1.996, 'safe_price': 153.62, 'ft_order_side': 'sell', 'order_filled_timestamp': 1770750000000, 'ft_is_entry': True, 'ft_order_tag': 'short_compression_breakdown', 'cost': 306.77883276}, {'amount': 1.996, 'safe_price': 153.18, 'ft_order_side': 'buy', 'order_filled_timestamp': 1770777000000, 'ft_is_entry': False, 'ft_order_tag': 'profit_lock_compression_breakdown', 'cost': 305.90015364}]",0.020099233454980117,2
raw_be_guard_profit_lock_3y,Raw + Breakeven + Guard + ProfitLock,3y,profit_lock,SUI/USDT:USDT,311.1878,311.1878,338.8,2026-02-10 19:00:00+00:00,2026-02-11 12:25:00+00:00,0.9185,0.9013,0.0005,0.0005,1045,0.017830636510409913,5.54590221,profit_lock_compression_breakdown,0.9736,-0.06,0.9175,-0.023857955813434417,0.883,0.9372,False,short_compression_breakdown,1.0,True,1770750000000,1770812700000,"[{'amount': 338.8, 'safe_price': 0.9185, 'ft_order_side': 'sell', 'order_filled_timestamp': 1770750000000, 'ft_is_entry': True, 'ft_order_tag': 'short_compression_breakdown', 'cost': 311.34339389999997}, {'amount': 338.8, 'safe_price': 0.9013, 'ft_order_side': 'buy', 'order_filled_timestamp': 1770812700000, 'ft_is_entry': False, 'ft_order_tag': 'profit_lock_compression_breakdown', 'cost': 305.51312021999996}]",0.026816334406399998,2
raw_be_guard_profit_lock_3y,Raw + Breakeven + Guard + ProfitLock,3y,profit_lock,SOL/USDT:USDT,305.0352,305.0352,3.68,2026-02-10 19:00:00+00:00,2026-02-11 13:35:00+00:00,82.89,81.65,0.0005,0.0005,1115,0.013920060124739966,4.24398527,profit_lock_compression_breakdown,87.86,-0.06,82.8,-0.02560205598216503,80.23,84.34,False,short_compression_breakdown,1.0,True,1770750000000,1770816900000,"[{'amount': 3.68, 'safe_price': 82.89, 'ft_order_side': 'sell', 'order_filled_timestamp': 1770750000000, 'ft_is_entry': True, 'ft_order_tag': 'short_compression_breakdown', 'cost': 305.18771760000004}, {'amount': 3.68, 'safe_price': 81.65, 'ft_order_side': 'buy', 'order_filled_timestamp': 1770816900000, 'ft_is_entry': False, 'ft_order_tag': 'profit_lock_compression_breakdown', 'cost': 300.62223600000004}]",-0.016461134592000003,2
raw_be_guard_profit_lock_3y,Raw + Breakeven + Guard + ProfitLock,3y,profit_lock,LINK/USDT:USDT,181.44236,181.44236,21.59,2026-02-11 05:00:00+00:00,2026-02-11 14:00:00+00:00,8.404,8.395,0.0005,0.0005,540,9.432691158075965e-05,0.01710634,trailing_stop_loss,8.908,-0.06,8.395,-0.020617067833697877,8.188,8.434,False,short_pullback_restart,1.0,True,1770786000000,1770818400000,"[{'amount': 21.59, 'safe_price': 8.404, 'ft_order_side': 'sell', 'order_filled_timestamp': 1770786000000, 'ft_is_entry': True, 'ft_order_tag': 'short_pullback_restart', 'cost': 181.53308118}, {'amount': 21.59, 'safe_price': 8.395, 'ft_order_side': 'buy', 'order_filled_timestamp': 1770818400000, 'ft_is_entry': False, 'ft_order_tag': 'trailing_stop_loss', 'cost': 181.33867402499996}]",0.0041415460095,2
raw_be_guard_profit_lock_3y,Raw + Breakeven + Guard + ProfitLock,3y,profit_lock,ADA/USDT:USDT,269.598,269.598,1029.0,2026-02-10 07:00:00+00:00,2026-02-11 14:05:00+00:00,0.262,0.2583,0.0005,0.0005,1865,0.012787132926547547,3.44566177,profit_lock_pullback_restart,0.2777,-0.06,0.2617,-0.021217323449083336,0.2519,0.2661,False,short_pullback_restart,1.0,True,1770706800000,1770818700000,"[{'amount': 1029.0, 'safe_price': 0.262, 'ft_order_side': 'sell', 'order_filled_timestamp': 1770706800000, 'ft_is_entry': True, 'ft_order_tag': 'short_pullback_restart', 'cost': 269.732799}, {'amount': 1029.0, 'safe_price': 0.2583, 'ft_order_side': 'buy', 'order_filled_timestamp': 1770818700000, 'ft_is_entry': False, 'ft_order_tag': 'profit_lock_pullback_restart', 'cost': 265.92359534999997}]",-0.0939438769856265,2
raw_be_guard_profit_lock_3y,Raw + Breakeven + Guard + ProfitLock,3y,profit_lock,DOGE/USDT:USDT,291.0648,291.0648,3120.0,2026-02-10 07:00:00+00:00,2026-02-11 14:15:00+00:00,0.09329,0.09197,0.0005,0.0005,1875,0.012937592209172741,3.76379485,profit_lock_pullback_restart,0.09888,-0.06,0.09319,-0.02346485833516354,0.08921,0.09416,False,short_pullback_restart,1.0,True,1770706800000,1770819300000,"[{'amount': 3120.0, 'safe_price': 0.09329, 'ft_order_side': 'sell', 'order_filled_timestamp': 1770706800000, 'ft_is_entry': True, 'ft_order_tag': 'short_pullback_restart', 'cost': 291.21033239999997}, {'amount': 3120.0, 'safe_price': 0.09197, 'ft_order_side': 'buy', 'order_filled_timestamp': 1770819300000, 'ft_is_entry': False, 'ft_order_tag': 'profit_lock_pullback_restart', 'cost': 287.08987319999994}]",-0.06559954673438399,2
raw_be_guard_profit_lock_3y,Raw + Breakeven + Guard + ProfitLock,3y,profit_lock,BTC/USDT:USDT,270.1952,270.1952,0.004,2026-02-11 05:00:00+00:00,2026-02-11 19:05:00+00:00,67548.8,67339.7,0.0005,0.0005,845,0.0020030963300116116,0.5409564,profit_lock_pullback_restart,71601.7,-0.06,67481.2,-0.025222173436785456,65718.5,68821.1,False,short_pullback_restart,1.0,True,1770786000000,1770836700000,"[{'amount': 0.004, 'safe_price': 67548.8, 'ft_order_side': 'sell', 'order_filled_timestamp': 1770786000000, 'ft_is_entry': True, 'ft_order_tag': 'short_pullback_restart', 'cost': 270.3302976}, {'amount': 0.004, 'safe_price': 67339.7, 'ft_order_side': 'buy', 'order_filled_timestamp': 1770836700000, 'ft_is_entry': False, 'ft_order_tag': 'profit_lock_pullback_restart', 'cost': 269.49347939999996}]",-0.025666604344000005,2
raw_be_guard_profit_lock_3y,Raw + Breakeven + Guard + ProfitLock,3y,profit_lock,ETH/USDT:USDT,368.08695,368.08695,0.189,2026-02-17 15:00:00+00:00,2026-02-17 16:35:00+00:00,1947.55,2007.95,0.0005,0.0005,95,-0.03209269712360286,-11.80699655,trailing_stop_loss,2064.4,-0.06,2007.95,-0.020955355233311268,1940.01,2009.89,False,short_pullback_restart,1.0,True,1771340400000,1771346100000,"[{'amount': 0.189, 'safe_price': 1947.55, 'ft_order_side': 'sell', 'order_filled_timestamp': 1771340400000, 'ft_is_entry': True, 'ft_order_tag': 'short_pullback_restart', 'cost': 368.27099347499995}, {'amount': 0.189, 'safe_price': 2007.95, 'ft_order_side': 'buy', 'order_filled_timestamp': 1771346100000, 'ft_is_entry': False, 'ft_order_tag': 'trailing_stop_loss', 'cost': 379.692301275}]",-0.017601804549,1
raw_be_guard_profit_lock_3y,Raw + Breakeven + Guard + ProfitLock,3y,profit_lock,LINK/USDT:USDT,279.46955,279.46955,33.29,2026-02-19 14:00:00+00:00,2026-02-20 15:00:00+00:00,8.395,8.763,0.0005,0.0005,1500,-0.04489717551238895,-12.54111974,stop_loss,8.898,-0.06,8.763,-0.04385021543701617,8.338,8.839,False,short_compression_breakdown,1.0,True,1771509600000,1771599600000,"[{'amount': 33.29, 'safe_price': 8.395, 'ft_order_side': 'sell', 'order_filled_timestamp': 1771509600000, 'ft_is_entry': True, 'ft_order_tag': 'short_compression_breakdown', 'cost': 279.60928477499994}, {'amount': 33.29, 'safe_price': 8.763, 'ft_order_side': 'buy', 'order_filled_timestamp': 1771599600000, 'ft_is_entry': False, 'ft_order_tag': 'stop_loss', 'cost': 291.86613013499993}]",-0.0048048341176873816,4
raw_be_guard_profit_lock_3y,Raw + Breakeven + Guard + ProfitLock,3y,profit_lock,SUI/USDT:USDT,465.8283,465.8283,503.0,2026-02-22 13:00:00+00:00,2026-02-23 01:00:00+00:00,0.9261,0.9087,0.0005,0.0005,720,0.01772683604871253,8.25353307,profit_lock_compression_breakdown,0.9816,-0.06,0.9251,-0.04586694551209569,0.8846,0.9286,False,short_compression_breakdown,1.0,True,1771765200000,1771808400000,"[{'amount': 503.0, 'safe_price': 0.9261, 'ft_order_side': 'sell', 'order_filled_timestamp': 1771765200000, 'ft_is_entry': True, 'ft_order_tag': 'short_compression_breakdown', 'cost': 466.06121415}, {'amount': 503.0, 'safe_price': 0.9087, 'ft_order_side': 'buy', 'order_filled_timestamp': 1771808400000, 'ft_is_entry': False, 'ft_order_tag': 'profit_lock_compression_breakdown', 'cost': 457.30463805}]",-0.0372147268201437,0
raw_be_guard_profit_lock_3y,Raw + Breakeven + Guard + ProfitLock,3y,profit_lock,ADA/USDT:USDT,449.7957,449.7957,1647.0,2026-02-22 13:00:00+00:00,2026-02-23 01:00:00+00:00,0.2731,0.2681,0.0005,0.0005,720,0.017070573207375272,7.67443129,profit_lock_compression_breakdown,0.2894,-0.06,0.2728,-0.04491344312523937,0.2611,0.2737,False,short_compression_breakdown,1.0,True,1771765200000,1771808400000,"[{'amount': 1647.0, 'safe_price': 0.2731, 'ft_order_side': 'sell', 'order_filled_timestamp': 1771765200000, 'ft_is_entry': True, 'ft_order_tag': 'short_compression_breakdown', 'cost': 450.02059785}, {'amount': 1647.0, 'safe_price': 0.2681, 'ft_order_side': 'buy', 'order_filled_timestamp': 1771808400000, 'ft_is_entry': False, 'ft_order_tag': 'profit_lock_compression_breakdown', 'cost': 441.78148035}]",-0.11489050515439439,0
raw_be_guard_profit_lock_3y,Raw + Breakeven + Guard + ProfitLock,3y,profit_lock,TAO/USDT:USDT,138.46455,138.46455,0.791,2026-02-22 13:00:00+00:00,2026-02-23 01:05:00+00:00,175.05,169.57,0.0005,0.0005,725,0.030160878262473018,4.17412433,profit_lock_compression_breakdown,185.55,-0.06,174.87,-0.022540930885276644,165.83,177.85,False,short_compression_breakdown,1.0,True,1771765200000,1771808700000,"[{'amount': 0.791, 'safe_price': 175.05, 'ft_order_side': 'sell', 'order_filled_timestamp': 1771765200000, 'ft_is_entry': True, 'ft_order_tag': 'short_compression_breakdown', 'cost': 138.533782275}, {'amount': 0.791, 'safe_price': 169.57, 'ft_order_side': 'buy', 'order_filled_timestamp': 1771808700000, 'ft_is_entry': False, 'ft_order_tag': 'profit_lock_compression_breakdown', 'cost': 134.196934935}]",-0.024258458356918793,0
raw_be_guard_profit_lock_3y,Raw + Breakeven + Guard + ProfitLock,3y,profit_lock,XRP/USDT:USDT,567.60511,567.60511,403.1,2026-02-22 13:00:00+00:00,2026-02-23 07:40:00+00:00,1.4081,1.3749,0.0005,0.0005,1120,0.022271911338752167,12.63532986,profit_giveback_guard,1.4925,-0.06,1.4066,-0.02059921642603202,1.329,1.41,False,short_pullback_restart,1.0,True,1771765200000,1771832400000,"[{'amount': 403.1, 'safe_price': 1.4081, 'ft_order_side': 'sell', 'order_filled_timestamp': 1771765200000, 'ft_is_entry': True, 'ft_order_tag': 'short_pullback_restart', 'cost': 567.8889125549999}, {'amount': 403.1, 'safe_price': 1.3749, 'ft_order_side': 'buy', 'order_filled_timestamp': 1771832400000, 'ft_is_entry': False, 'ft_order_tag': 'profit_giveback_guard', 'cost': 554.4993010950001}]",-0.18667649058787247,0
raw_be_guard_profit_lock_3y,Raw + Breakeven + Guard + ProfitLock,3y,profit_lock,NEAR/USDT:USDT,396.204,396.204,411.0,2026-02-24 14:00:00+00:00,2026-02-24 16:10:00+00:00,0.964,0.988,0.0005,0.0005,130,-0.025993575201751162,-10.29360909,trailing_stop_loss,1.021,-0.06,0.988,-0.02726387134956476,0.951,0.99,False,short_compression_breakdown,1.0,True,1771941600000,1771949400000,"[{'amount': 411.0, 'safe_price': 0.964, 'ft_order_side': 'sell', 'order_filled_timestamp': 1771941600000, 'ft_is_entry': True, 'ft_order_tag': 'short_compression_breakdown', 'cost': 396.402102}, {'amount': 411.0, 'safe_price': 0.988, 'ft_order_side': 'buy', 'order_filled_timestamp': 1771949400000, 'ft_is_entry': False, 'ft_order_tag': 'trailing_stop_loss', 'cost': 406.271034}]",-0.0284730936,1
raw_be_guard_profit_lock_3y,Raw + Breakeven + Guard + ProfitLock,3y,profit_lock,LINK/USDT:USDT,402.54582,402.54582,49.74,2026-02-24 14:00:00+00:00,2026-02-25 01:10:00+00:00,8.093,8.324,0.0005,0.0005,670,-0.029624361225240634,-11.9192002,trailing_stop_loss,8.578,-0.06,8.324,-0.022308299952257027,8.05,8.508,False,short_compression_breakdown,1.0,True,1771941600000,1771981800000,"[{'amount': 49.74, 'safe_price': 8.093, 'ft_order_side': 'sell', 'order_filled_timestamp': 1771941600000, 'ft_is_entry': True, 'ft_order_tag': 'short_compression_breakdown', 'cost': 402.74709291}, {'amount': 49.74, 'safe_price': 8.324, 'ft_order_side': 'buy', 'order_filled_timestamp': 1771981800000, 'ft_is_entry': False, 'ft_order_tag': 'trailing_stop_loss', 'cost': 414.24277787999995}]",-0.020969405607544785,2
raw_be_guard_profit_lock_3y,Raw + Breakeven + Guard + ProfitLock,3y,profit_lock,ZEC/USDT:USDT,299.55896,299.55896,1.354,2026-03-06 13:00:00+00:00,2026-03-06 19:25:00+00:00,221.24,210.68,0.0005,0.0005,385,0.0467452145444989,13.99594638,profit_lock_compression_breakdown,234.51,-0.06,221.01,-0.021013350579757173,205.17,221.81,False,short_compression_breakdown,1.0,True,1772802000000,1772825100000,"[{'amount': 1.354, 'safe_price': 221.24, 'ft_order_side': 'sell', 'order_filled_timestamp': 1772802000000, 'ft_is_entry': True, 'ft_order_tag': 'short_compression_breakdown', 'cost': 299.70873948}, {'amount': 1.354, 'safe_price': 210.68, 'ft_order_side': 'buy', 'order_filled_timestamp': 1772825100000, 'ft_is_entry': False, 'ft_order_tag': 'profit_lock_compression_breakdown', 'cost': 285.40335036000005}]",-0.009883776202073374,4
raw_be_guard_profit_lock_3y,Raw + Breakeven + Guard + ProfitLock,3y,profit_lock,SOL/USDT:USDT,401.6289,401.6289,4.87,2026-03-07 20:00:00+00:00,2026-03-08 14:20:00+00:00,82.47,82.25,0.0005,0.0005,1100,0.0013934088324528294,0.55935344,profit_lock_compression_breakdown,87.41,-0.06,85.0,-0.030738046996966695,81.11,84.07,False,short_compression_breakdown,1.0,True,1772913600000,1772979600000,"[{'amount': 4.87, 'safe_price': 82.47, 'ft_order_side': 'sell', 'order_filled_timestamp': 1772913600000, 'ft_is_entry': True, 'ft_order_tag': 'short_compression_breakdown', 'cost': 401.82971445}, {'amount': 4.87, 'safe_price': 82.25, 'ft_order_side': 'buy', 'order_filled_timestamp': 1772979600000, 'ft_is_entry': False, 'ft_order_tag': 'profit_lock_compression_breakdown', 'cost': 400.75777875}]",-0.11095335609822683,6
raw_be_guard_profit_lock_3y,Raw + Breakeven + Guard + ProfitLock,3y,profit_lock,SUI/USDT:USDT,313.2528,313.2528,336.0,2026-03-22 00:00:00+00:00,2026-03-23 05:15:00+00:00,0.9323,0.917,0.0005,0.0005,1755,0.015338357012741213,4.80238089,profit_lock_pullback_restart,0.9882,-0.06,0.9313,-0.024381544214694184,0.8929,0.9462,False,short_pullback_restart,1.0,True,1774137600000,1774242900000,"[{'amount': 336.0, 'safe_price': 0.9323, 'ft_order_side': 'sell', 'order_filled_timestamp': 1774137600000, 'ft_is_entry': True, 'ft_order_tag': 'short_pullback_restart', 'cost': 313.4094264}, {'amount': 336.0, 'safe_price': 0.917, 'ft_order_side': 'buy', 'order_filled_timestamp': 1774242900000, 'ft_is_entry': False, 'ft_order_tag': 'profit_lock_pullback_restart', 'cost': 308.266056}]",-0.0277367133524208,0
raw_be_guard_profit_lock_3y,Raw + Breakeven + Guard + ProfitLock,3y,profit_lock,XRP/USDT:USDT,442.00259,442.00259,313.9,2026-03-22 00:00:00+00:00,2026-03-23 11:05:00+00:00,1.4081,1.4066,0.0005,0.0005,2105,-1.1947374302020711e-05,-0.00527813,trailing_stop_loss,1.4925,-0.06,1.4066,-0.024165926465234744,1.3608,1.4368,False,short_pullback_restart,1.0,True,1774137600000,1774263900000,"[{'amount': 313.9, 'safe_price': 1.4081, 'ft_order_side': 'sell', 'order_filled_timestamp': 1774137600000, 'ft_is_entry': True, 'ft_order_tag': 'short_pullback_restart', 'cost': 442.2235912949999}, {'amount': 313.9, 'safe_price': 1.4066, 'ft_order_side': 'buy', 'order_filled_timestamp': 1774263900000, 'ft_is_entry': False, 'ft_order_tag': 'trailing_stop_loss', 'cost': 441.75250587}]",-0.03436096149053583,0
raw_be_guard_profit_lock_3y,Raw + Breakeven + Guard + ProfitLock,3y,profit_lock,BNB/USDT:USDT,472.7175,472.7175,0.75,2026-03-22 00:00:00+00:00,2026-03-23 11:05:00+00:00,630.29,646.74,0.0005,0.0005,2105,-0.027242796984333604,-12.87170781,stop_loss,668.1,-0.06,646.74,-0.0261010184795889,620.0,648.24,False,short_pullback_restart,1.0,True,1774137600000,1774263900000,"[{'amount': 0.75, 'safe_price': 630.29, 'ft_order_side': 'sell', 'order_filled_timestamp': 1774137600000, 'ft_is_entry': True, 'ft_order_tag': 'short_pullback_restart', 'cost': 472.95385874999994}, {'amount': 0.75, 'safe_price': 646.74, 'ft_order_side': 'buy', 'order_filled_timestamp': 1774263900000, 'ft_is_entry': False, 'ft_order_tag': 'stop_loss', 'cost': 485.2975275}]",-0.0553215605051868,0
raw_be_guard_profit_lock_3y,Raw + Breakeven + Guard + ProfitLock,3y,profit_lock,LINK/USDT:USDT,329.91879,329.91879,37.41,2026-03-22 00:00:00+00:00,2026-03-23 11:05:00+00:00,8.819,8.81,0.0005,0.0005,2105,0.0002143842570995992,0.07069403,trailing_stop_loss,9.348,-0.06,8.81,-0.024439651162790677,8.569,9.134,False,short_pullback_restart,1.0,True,1774137600000,1774263900000,"[{'amount': 37.41, 'safe_price': 8.819, 'ft_order_side': 'sell', 'order_filled_timestamp': 1774137600000, 'ft_is_entry': True, 'ft_order_tag': 'short_pullback_restart', 'cost': 330.083749395}, {'amount': 37.41, 'safe_price': 8.81, 'ft_order_side': 'buy', 'order_filled_timestamp': 1774263900000, 'ft_is_entry': False, 'ft_order_tag': 'trailing_stop_loss', 'cost': 329.74689104999993}]",0.0637544774457317,0
raw_be_guard_profit_lock_3y,Raw + Breakeven + Guard + ProfitLock,3y,profit_lock,XRP/USDT:USDT,376.968,376.968,271.2,2026-03-24 17:00:00+00:00,2026-03-25 11:15:00+00:00,1.39,1.4353,0.0005,0.0005,1095,-0.033683068906537904,-12.6910904,stop_loss,1.4734,-0.06,1.4353,-0.03260072872793085,1.3826,1.4372,False,short_compression_breakdown,1.0,True,1774371600000,1774437300000,"[{'amount': 271.2, 'safe_price': 1.39, 'ft_order_side': 'sell', 'order_filled_timestamp': 1774371600000, 'ft_is_entry': True, 'ft_order_tag': 'short_compression_breakdown', 'cost': 377.1564839999999}, {'amount': 271.2, 'safe_price': 1.4353, 'ft_order_side': 'buy', 'order_filled_timestamp': 1774437300000, 'ft_is_entry': False, 'ft_order_tag': 'stop_loss', 'cost': 389.44798668}]",-0.022619716955687756,2
raw_be_guard_profit_lock_3y,Raw + Breakeven + Guard + ProfitLock,3y,profit_lock,BTC/USDT:USDT,475.1369,475.1369,0.007,2026-03-27 09:00:00+00:00,2026-03-27 10:35:00+00:00,67876.7,67649.6,0.0005,0.0005,95,0.0023486197513894985,1.11535795,profit_lock_compression_breakdown,71949.3,-0.06,69313.6,-0.0258710457007032,66770.9,67912.1,False,short_compression_breakdown,1.0,True,1774602000000,1774607700000,"[{'amount': 0.007, 'safe_price': 67876.7, 'ft_order_side': 'sell', 'order_filled_timestamp': 1774602000000, 'ft_is_entry': True, 'ft_order_tag': 'short_compression_breakdown', 'cost': 475.37446844999994}, {'amount': 0.007, 'safe_price': 67649.6, 'ft_order_side': 'buy', 'order_filled_timestamp': 1774607700000, 'ft_is_entry': False, 'ft_order_tag': 'profit_lock_compression_breakdown', 'cost': 473.7839736}]",0.0,4
raw_be_guard_profit_lock_3y,Raw + Breakeven + Guard + ProfitLock,3y,profit_lock,ADA/USDT:USDT,538.776,538.776,2138.0,2026-03-27 09:00:00+00:00,2026-03-27 10:35:00+00:00,0.252,0.2512,0.0005,0.0005,95,0.00217727911574835,1.1724792,profit_lock_compression_breakdown,0.2671,-0.06,0.2517,-0.02087591240875919,0.2466,0.2521,False,short_compression_breakdown,1.0,True,1774602000000,1774607700000,"[{'amount': 2138.0, 'safe_price': 0.252, 'ft_order_side': 'sell', 'order_filled_timestamp': 1774602000000, 'ft_is_entry': True, 'ft_order_tag': 'short_compression_breakdown', 'cost': 539.0453879999999}, {'amount': 2138.0, 'safe_price': 0.2512, 'ft_order_side': 'buy', 'order_filled_timestamp': 1774607700000, 'ft_is_entry': False, 'ft_order_tag': 'profit_lock_compression_breakdown', 'cost': 537.3341327999999}]",0.0,4
raw_be_guard_profit_lock_3y,Raw + Breakeven + Guard + ProfitLock,3y,profit_lock,NEAR/USDT:USDT,569.736,569.736,492.0,2026-03-29 11:00:00+00:00,2026-03-29 22:55:00+00:00,1.158,1.156,0.0005,0.0005,715,0.0008284372152235883,0.47175451,trailing_stop_loss,1.227,-0.06,1.156,-0.024660761736049475,1.129,1.175,False,short_pullback_restart,1.0,True,1774782000000,1774824900000,"[{'amount': 492.0, 'safe_price': 1.158, 'ft_order_side': 'sell', 'order_filled_timestamp': 1774782000000, 'ft_is_entry': True, 'ft_order_tag': 'short_pullback_restart', 'cost': 570.020868}, {'amount': 492.0, 'safe_price': 1.156, 'ft_order_side': 'buy', 'order_filled_timestamp': 1774824900000, 'ft_is_entry': False, 'ft_order_tag': 'trailing_stop_loss', 'cost': 569.0363759999999}]",0.056998506024,6
raw_be_guard_profit_lock_3y,Raw + Breakeven + Guard + ProfitLock,3y,profit_lock,ETH/USDT:USDT,268.60815,268.60815,0.135,2026-03-27 11:00:00+00:00,2026-03-29 23:00:00+00:00,1989.69,1987.7,0.0005,0.0005,3600,-0.00039761299515864563,-0.10674869,trailing_stop_loss,2109.07,-0.06,1987.7,-0.02641841118696231,1936.54,2049.36,False,short_pullback_restart,1.0,True,1774609200000,1774825200000,"[{'amount': 0.135, 'safe_price': 1989.69, 'ft_order_side': 'sell', 'order_filled_timestamp': 1774609200000, 'ft_is_entry': True, 'ft_order_tag': 'short_pullback_restart', 'cost': 268.742454075}, {'amount': 0.135, 'safe_price': 1987.7, 'ft_order_side': 'buy', 'order_filled_timestamp': 1774825200000, 'ft_is_entry': False, 'ft_order_tag': 'trailing_stop_loss', 'cost': 268.47366975000006}]",-0.10692486522526057,6
raw_be_guard_profit_lock_3y,Raw + Breakeven + Guard + ProfitLock,3y,profit_lock,BNB/USDT:USDT,311.1306,311.1306,0.51,2026-03-29 14:00:00+00:00,2026-03-30 00:15:00+00:00,610.06,609.44,0.0005,0.0005,615,1.6810031085109486e-05,0.0052275,trailing_stop_loss,646.66,-0.06,609.44,-0.022549856546031144,596.01,613.56,False,short_pullback_restart,1.0,True,1774792800000,1774829700000,"[{'amount': 0.51, 'safe_price': 610.06, 'ft_order_side': 'sell', 'order_filled_timestamp': 1774792800000, 'ft_is_entry': True, 'ft_order_tag': 'short_pullback_restart', 'cost': 311.28616529999994}, {'amount': 0.51, 'safe_price': 609.44, 'ft_order_side': 'buy', 'order_filled_timestamp': 1774829700000, 'ft_is_entry': False, 'ft_order_tag': 'trailing_stop_loss', 'cost': 310.9698072}]",0.0,0
raw_be_guard_profit_lock_3y,Raw + Breakeven + Guard + ProfitLock,3y,profit_lock,XRP/USDT:USDT,474.696,474.696,342.0,2026-03-26 06:00:00+00:00,2026-03-30 00:20:00+00:00,1.388,1.3472,0.0005,0.0005,5420,0.027459274449062,13.02829034,profit_giveback_guard,1.4712,-0.06,1.3866,-0.024010043571375705,1.2937,1.3922,False,short_pullback_restart,1.0,True,1774504800000,1774830000000,"[{'amount': 342.0, 'safe_price': 1.388, 'ft_order_side': 'sell', 'order_filled_timestamp': 1774504800000, 'ft_is_entry': True, 'ft_order_tag': 'short_pullback_restart', 'cost': 474.93334799999997}, {'amount': 342.0, 'safe_price': 1.3472, 'ft_order_side': 'buy', 'order_filled_timestamp': 1774830000000, 'ft_is_entry': False, 'ft_order_tag': 'profit_giveback_guard', 'cost': 460.97277119999995}]",-0.45759046396894737,0
raw_be_guard_profit_lock_3y,Raw + Breakeven + Guard + ProfitLock,3y,profit_lock,NEAR/USDT:USDT,284.31,284.31,243.0,2026-04-02 02:00:00+00:00,2026-04-02 14:35:00+00:00,1.17,1.168,0.0005,0.0005,755,0.0007652793017450655,0.21746777,trailing_stop_loss,1.24,-0.06,1.168,-0.021704545454545476,1.138,1.171,False,short_pullback_restart,1.0,True,1775095200000,1775140500000,"[{'amount': 243.0, 'safe_price': 1.17, 'ft_order_side': 'sell', 'order_filled_timestamp': 1775095200000, 'ft_is_entry': True, 'ft_order_tag': 'short_pullback_restart', 'cost': 284.452155}, {'amount': 243.0, 'safe_price': 1.168, 'ft_order_side': 'buy', 'order_filled_timestamp': 1775140500000, 'ft_is_entry': False, 'ft_order_tag': 'trailing_stop_loss', 'cost': 283.96591199999995}]",0.0155347658849394,3
raw_be_guard_profit_lock_3y,Raw + Breakeven + Guard + ProfitLock,3y,profit_lock,XRP/USDT:USDT,385.74244,385.74244,290.6,2026-04-02 02:00:00+00:00,2026-04-02 20:40:00+00:00,1.3274,1.3217,0.0005,0.0005,1120,0.0029012726782176226,1.11858443,profit_lock_pullback_restart,1.407,-0.06,1.326,-0.020526858550099725,1.2791,1.3293,False,short_pullback_restart,1.0,True,1775095200000,1775162400000,"[{'amount': 290.6, 'safe_price': 1.3274, 'ft_order_side': 'sell', 'order_filled_timestamp': 1775095200000, 'ft_is_entry': True, 'ft_order_tag': 'short_pullback_restart', 'cost': 385.93531121999996}, {'amount': 290.6, 'safe_price': 1.3217, 'ft_order_side': 'buy', 'order_filled_timestamp': 1775162400000, 'ft_is_entry': False, 'ft_order_tag': 'profit_lock_pullback_restart', 'cost': 384.27806301000004}]",-0.1529213431827497,3
raw_be_guard_profit_lock_3y,Raw + Breakeven + Guard + ProfitLock,3y,profit_lock,BNB/USDT:USDT,568.5648,568.5648,0.93,2026-04-01 14:00:00+00:00,2026-04-04 18:55:00+00:00,611.36,593.75,0.0005,0.0005,4615,0.02787700945108029,15.84196136,profit_giveback_guard,648.04,-0.06,610.74,-0.023629665633118302,570.71,619.98,False,short_pullback_restart,1.0,True,1775052000000,1775328900000,"[{'amount': 0.93, 'safe_price': 611.36, 'ft_order_side': 'sell', 'order_filled_timestamp': 1775052000000, 'ft_is_entry': True, 'ft_order_tag': 'short_pullback_restart', 'cost': 568.8490823999999}, {'amount': 0.93, 'safe_price': 593.75, 'ft_order_side': 'buy', 'order_filled_timestamp': 1775328900000, 'ft_is_entry': False, 'ft_order_tag': 'profit_giveback_guard', 'cost': 552.46359375}]",0.02503751200841353,5
raw_be_guard_profit_lock_3y,Raw + Breakeven + Guard + ProfitLock,3y,profit_lock,XRP/USDT:USDT,580.49068,580.49068,446.6,2026-04-05 06:00:00+00:00,2026-04-05 23:15:00+00:00,1.2998,1.323,0.0005,0.0005,1035,-0.019159940937504432,-11.11660606,stop_loss,1.3777,-0.06,1.323,-0.017866565330447726,1.277,1.3318,False,short_pullback_restart,1.0,True,1775368800000,1775430900000,"[{'amount': 446.6, 'safe_price': 1.2998, 'ft_order_side': 'sell', 'order_filled_timestamp': 1775368800000, 'ft_is_entry': True, 'ft_order_tag': 'short_pullback_restart', 'cost': 580.7809253400001}, {'amount': 446.6, 'safe_price': 1.323, 'ft_order_side': 'buy', 'order_filled_timestamp': 1775430900000, 'ft_is_entry': False, 'ft_order_tag': 'stop_loss', 'cost': 591.1472259}]",-0.16981481959601546,6
raw_be_guard_profit_lock_3y,Raw + Breakeven + Guard + ProfitLock,3y,profit_lock,ADA/USDT:USDT,539.7392,539.7392,2288.0,2026-04-13 00:00:00+00:00,2026-04-13 12:50:00+00:00,0.2359,0.2413,0.0005,0.0005,770,-0.024262101462367028,-13.08865963,stop_loss,0.25,-0.06,0.2413,-0.022892263088250653,0.2357,0.2419,False,short_compression_breakdown,1.0,True,1776038400000,1776084600000,"[{'amount': 2288.0, 'safe_price': 0.2359, 'ft_order_side': 'sell', 'order_filled_timestamp': 1776038400000, 'ft_is_entry': True, 'ft_order_tag': 'short_compression_breakdown', 'cost': 540.0090696}, {'amount': 2288.0, 'safe_price': 0.2413, 'ft_order_side': 'buy', 'order_filled_timestamp': 1776084600000, 'ft_is_entry': False, 'ft_order_tag': 'stop_loss', 'cost': 552.3704472}]",-0.1875428293751584,0
raw_be_guard_profit_lock_3y,Raw + Breakeven + Guard + ProfitLock,3y,profit_lock,BTC/USDT:USDT,539.2142,539.2142,0.007,2026-04-18 00:00:00+00:00,2026-04-18 18:35:00+00:00,77030.6,75490.0,0.0005,0.0005,1115,-0.020782389299632418,-11.2117625,stop_loss,72408.8,-0.06,75490.0,-0.02000004705922065,75481.6,77380.0,False,long_1d_center_compression,1.0,False,1776470400000,1776537300000,"[{'amount': 0.007, 'safe_price': 77030.6, 'ft_order_side': 'buy', 'order_filled_timestamp': 1776470400000, 'ft_is_entry': True, 'ft_order_tag': 'long_1d_center_compression', 'cost': 539.4838070999999}, {'amount': 0.007, 'safe_price': 75490.0, 'ft_order_side': 'sell', 'order_filled_timestamp': 1776537300000, 'ft_is_entry': False, 'ft_order_tag': 'stop_loss', 'cost': 528.694215}]",0.10625960396468602,5
raw_be_guard_profit_lock_3y,Raw + Breakeven + Guard + ProfitLock,3y,profit_lock,TRX/USDT:USDT,572.01045,572.01045,1749.0,2026-04-16 00:00:00+00:00,2026-04-20 14:00:00+00:00,0.32705,0.32738,0.0005,0.0005,6600,0.0001311492484616062,0.07505625,trailing_stop_loss,0.30743,-0.06,0.32738,-0.019946563285834218,0.32291,0.33659,False,long_1d_center_compression,1.0,False,1776297600000,1776693600000,"[{'amount': 1749.0, 'safe_price': 0.32705, 'ft_order_side': 'buy', 'order_filled_timestamp': 1776297600000, 'ft_is_entry': True, 'ft_order_tag': 'long_1d_center_compression', 'cost': 572.2964552249999}, {'amount': 1749.0, 'safe_price': 0.32738, 'ft_order_side': 'sell', 'order_filled_timestamp': 1776693600000, 'ft_is_entry': False, 'ft_order_tag': 'trailing_stop_loss', 'cost': 572.87391381}]",0.0701852842234038,0
raw_be_guard_profit_lock_3y,Raw + Breakeven + Guard + ProfitLock,3y,profit_lock,TAO/USDT:USDT,461.10568,461.10568,1.862,2026-04-30 15:00:00+00:00,2026-05-01 03:00:00+00:00,247.64,252.29,0.0005,0.0005,720,-0.019683787050739657,-9.07176786,trailing_stop_loss,262.49,-0.06,252.29,-0.015218672035330671,247.21,253.83,False,short_compression_breakdown,1.0,True,1777561200000,1777604400000,"[{'amount': 1.862, 'safe_price': 247.64, 'ft_order_side': 'sell', 'order_filled_timestamp': 1777561200000, 'ft_is_entry': True, 'ft_order_tag': 'short_compression_breakdown', 'cost': 461.33623284}, {'amount': 1.862, 'safe_price': 252.29, 'ft_order_side': 'buy', 'order_filled_timestamp': 1777604400000, 'ft_is_entry': False, 'ft_order_tag': 'trailing_stop_loss', 'cost': 469.99886198999997}]",0.05196696531994633,4
raw_be_guard_profit_lock_3y,Raw + Breakeven + Guard + ProfitLock,3y,profit_lock,XRP/USDT:USDT,565.03845,565.03845,415.5,2026-05-22 07:00:00+00:00,2026-05-23 07:00:00+00:00,1.3599,1.3323,0.0005,0.0005,1440,0.01916725427769369,10.82482053,profit_giveback_guard,1.4414,-0.06,1.3585,-0.023074101965509408,1.2951,1.3697,False,short_pullback_restart,1.0,True,1779433200000,1779519600000,"[{'amount': 415.5, 'safe_price': 1.3599, 'ft_order_side': 'sell', 'order_filled_timestamp': 1779433200000, 'ft_is_entry': True, 'ft_order_tag': 'short_pullback_restart', 'cost': 565.320969225}, {'amount': 415.5, 'safe_price': 1.3323, 'ft_order_side': 'buy', 'order_filled_timestamp': 1779519600000, 'ft_is_entry': False, 'ft_order_tag': 'profit_giveback_guard', 'cost': 553.847435325}]",-0.08367491877499411,5
raw_be_guard_profit_lock_3y,Raw + Breakeven + Guard + ProfitLock,3y,profit_lock,SOL/USDT:USDT,284.3774,284.3774,3.46,2026-05-23 08:00:00+00:00,2026-05-23 20:00:00+00:00,82.19,85.41,0.0005,0.0005,720,-0.040633745154853025,-11.54954114,trailing_stop_loss,87.12,-0.06,85.41,-0.04288308466164903,81.63,87.05,False,short_compression_breakdown,1.0,True,1779523200000,1779566400000,"[{'amount': 3.46, 'safe_price': 82.19, 'ft_order_side': 'sell', 'order_filled_timestamp': 1779523200000, 'ft_is_entry': True, 'ft_order_tag': 'short_compression_breakdown', 'cost': 284.51958869999993}, {'amount': 3.46, 'safe_price': 85.41, 'ft_order_side': 'buy', 'order_filled_timestamp': 1779566400000, 'ft_is_entry': False, 'ft_order_tag': 'trailing_stop_loss', 'cost': 295.66635929999995}]",-0.11839313991663193,5
raw_be_guard_profit_lock_3y,Raw + Breakeven + Guard + ProfitLock,3y,profit_lock,XRP/USDT:USDT,564.8539,564.8539,419.0,2026-05-25 23:00:00+00:00,2026-05-28 17:00:00+00:00,1.3481,1.3228,0.0005,0.0005,3960,0.01756226614928857,9.91515447,profit_giveback_guard,1.4289,-0.06,1.3467,-0.021892328704757658,1.2668,1.3651,False,short_pullback_restart,1.0,True,1779750000000,1779987600000,"[{'amount': 419.0, 'safe_price': 1.3481, 'ft_order_side': 'sell', 'order_filled_timestamp': 1779750000000, 'ft_is_entry': True, 'ft_order_tag': 'short_pullback_restart', 'cost': 565.13632695}, {'amount': 419.0, 'safe_price': 1.3228, 'ft_order_side': 'buy', 'order_filled_timestamp': 1779987600000, 'ft_is_entry': False, 'ft_order_tag': 'profit_giveback_guard', 'cost': 554.5303266}]",-0.1259919773450045,3
raw_be_guard_profit_lock_3y,Raw + Breakeven + Guard + ProfitLock,3y,profit_lock,DOGE/USDT:USDT,568.32945,568.32945,5685.0,2026-05-31 15:00:00+00:00,2026-06-01 03:00:00+00:00,0.09997,0.10146,0.0005,0.0005,720,-0.015855933643810844,-9.00688835,trailing_stop_loss,0.10596,-0.06,0.10146,-0.025431652512437175,0.09895,0.10154,False,short_pullback_restart,1.0,True,1780239600000,1780282800000,"[{'amount': 5685.0, 'safe_price': 0.09997, 'ft_order_side': 'sell', 'order_filled_timestamp': 1780239600000, 'ft_is_entry': True, 'ft_order_tag': 'short_pullback_restart', 'cost': 568.613614725}, {'amount': 5685.0, 'safe_price': 0.10146, 'ft_order_side': 'buy', 'order_filled_timestamp': 1780282800000, 'ft_is_entry': False, 'ft_order_tag': 'trailing_stop_loss', 'cost': 577.0885000499999}]",0.036326427837861004,0
raw_be_guard_profit_lock_3y,Raw + Breakeven + Guard + ProfitLock,3y,profit_lock,SOL/USDT:USDT,567.7056,567.7056,6.93,2026-05-31 15:00:00+00:00,2026-06-02 22:00:00+00:00,81.92,73.67,0.0005,0.0005,3300,0.09997453462072735,56.72772511,roi,86.83,-0.06,81.83,-0.02067947118982283,73.27,83.08,False,short_pullback_restart,1.0,True,1780239600000,1780437600000,"[{'amount': 6.93, 'safe_price': 81.92, 'ft_order_side': 'sell', 'order_filled_timestamp': 1780239600000, 'ft_is_entry': True, 'ft_order_tag': 'short_pullback_restart', 'cost': 567.9894528}, {'amount': 6.93, 'safe_price': 73.67, 'ft_order_side': 'buy', 'order_filled_timestamp': 1780437600000, 'ft_is_entry': False, 'ft_order_tag': 'roi', 'cost': 510.78836655}]",0.09434445620068438,1
raw_be_guard_profit_lock_3y,Raw + Breakeven + Guard + ProfitLock,3y,profit_lock,ADA/USDT:USDT,487.7068,487.7068,2086.0,2026-05-31 15:00:00+00:00,2026-06-02 23:00:00+00:00,0.2338,0.2102,0.0005,0.0005,3360,0.09994425666568192,48.71912185,roi,0.2478,-0.06,0.2335,-0.020831293706293774,0.2093,0.2375,False,short_pullback_restart,1.0,True,1780239600000,1780441200000,"[{'amount': 2086.0, 'safe_price': 0.2338, 'ft_order_side': 'sell', 'order_filled_timestamp': 1780239600000, 'ft_is_entry': True, 'ft_order_tag': 'short_pullback_restart', 'cost': 487.9506534}, {'amount': 2086.0, 'safe_price': 0.2102, 'ft_order_side': 'buy', 'order_filled_timestamp': 1780441200000, 'ft_is_entry': False, 'ft_order_tag': 'roi', 'cost': 438.69643859999996}]",-0.047386146834943,1
raw_be_guard_profit_lock_3y,Raw + Breakeven + Guard + ProfitLock,3y,profit_lock,XRP/USDT:USDT,323.56737,323.56737,268.9,2026-06-03 20:00:00+00:00,2026-06-04 01:00:00+00:00,1.2033,1.1929,0.0005,0.0005,300,0.007607401956265741,2.46027629,profit_lock_pullback_restart,1.2754,-0.06,1.202,-0.04014597213809812,1.1557,1.2199,False,short_pullback_restart,1.0,True,1780516800000,1780534800000,"[{'amount': 268.9, 'safe_price': 1.2033, 'ft_order_side': 'sell', 'order_filled_timestamp': 1780516800000, 'ft_is_entry': True, 'ft_order_tag': 'short_pullback_restart', 'cost': 323.72915368499997}, {'amount': 268.9, 'safe_price': 1.1929, 'ft_order_side': 'buy', 'order_filled_timestamp': 1780534800000, 'ft_is_entry': False, 'ft_order_tag': 'profit_lock_pullback_restart', 'cost': 320.931195405}]",-0.014114623384799997,3
raw_be_guard_profit_lock_3y,Raw + Breakeven + Guard + ProfitLock,3y,profit_lock,ETH/USDT:USDT,323.42024,323.42024,0.187,2026-06-05 03:00:00+00:00,2026-06-05 05:00:00+00:00,1729.52,1743.67,0.0005,0.0005,120,-0.009190146540302641,-2.97079326,profit_lock_pullback_restart,1833.29,-0.06,1727.79,-0.02838550086304381,1680.1,1747.0,False,short_pullback_restart,1.0,True,1780628400000,1780635600000,"[{'amount': 0.187, 'safe_price': 1729.52, 'ft_order_side': 'sell', 'order_filled_timestamp': 1780628400000, 'ft_is_entry': True, 'ft_order_tag': 'short_pullback_restart', 'cost': 323.58195012}, {'amount': 0.187, 'safe_price': 1743.67, 'ft_order_side': 'buy', 'order_filled_timestamp': 1780635600000, 'ft_is_entry': False, 'ft_order_tag': 'profit_lock_pullback_restart', 'cost': 326.229323145}]",0.0,4
raw_be_guard_profit_lock_3y,Raw + Breakeven + Guard + ProfitLock,3y,profit_lock,LINK/USDT:USDT,280.80598,280.80598,36.01,2026-06-05 03:00:00+00:00,2026-06-05 05:00:00+00:00,7.798,7.878,0.0005,0.0005,120,-0.011269805202678281,-3.16304638,profit_lock_pullback_restart,8.265,-0.06,8.156,-0.045977833883124486,7.635,7.892,False,short_pullback_restart,1.0,True,1780628400000,1780635600000,"[{'amount': 36.01, 'safe_price': 7.798, 'ft_order_side': 'sell', 'order_filled_timestamp': 1780628400000, 'ft_is_entry': True, 'ft_order_tag': 'short_pullback_restart', 'cost': 280.94638298999996}, {'amount': 36.01, 'safe_price': 7.878, 'ft_order_side': 'buy', 'order_filled_timestamp': 1780635600000, 'ft_is_entry': False, 'ft_order_tag': 'profit_lock_pullback_restart', 'cost': 283.82862338999996}]",0.0,4
raw_be_guard_profit_lock_3y,Raw + Breakeven + Guard + ProfitLock,3y,profit_lock,XRP/USDT:USDT,276.25075,276.25075,243.5,2026-06-05 03:00:00+00:00,2026-06-05 06:00:00+00:00,1.1345,1.1201,0.0005,0.0005,180,0.011705015134274938,3.23190245,profit_lock_pullback_restart,1.2025,-0.06,1.1333,-0.0393081155433288,1.0905,1.1485,False,short_pullback_restart,1.0,True,1780628400000,1780639200000,"[{'amount': 243.5, 'safe_price': 1.1345, 'ft_order_side': 'sell', 'order_filled_timestamp': 1780628400000, 'ft_is_entry': True, 'ft_order_tag': 'short_pullback_restart', 'cost': 276.388875375}, {'amount': 243.5, 'safe_price': 1.1201, 'ft_order_side': 'buy', 'order_filled_timestamp': 1780639200000, 'ft_is_entry': False, 'ft_order_tag': 'profit_lock_pullback_restart', 'cost': 272.88072217499996}]",0.0,4
raw_be_guard_profit_lock_3y,Raw + Breakeven + Guard + ProfitLock,3y,profit_lock,BNB/USDT:USDT,269.0172,269.0172,0.46,2026-06-05 06:00:00+00:00,2026-06-05 06:00:00+00:00,584.82,584.82,0.0005,0.0005,0,-0.0010005002501250627,-0.2690172,profit_lock_pullback_restart,619.9,-0.06,584.23,-0.02439889886379576,570.32,585.7,False,short_pullback_restart,1.0,True,1780639200000,1780639200000,"[{'amount': 0.46, 'safe_price': 584.82, 'ft_order_side': 'sell', 'order_filled_timestamp': 1780639200000, 'ft_is_entry': True, 'ft_order_tag': 'short_pullback_restart', 'cost': 269.15170860000006}, {'amount': 0.46, 'safe_price': 584.82, 'ft_order_side': 'buy', 'order_filled_timestamp': 1780639200000, 'ft_is_entry': False, 'ft_order_tag': 'profit_lock_pullback_restart', 'cost': 269.15170860000006}]",0.0,4
raw_be_guard_profit_lock_3y,Raw + Breakeven + Guard + ProfitLock,3y,profit_lock,BTC/USDT:USDT,429.1259,429.1259,0.007,2026-06-07 20:00:00+00:00,2026-06-07 22:00:00+00:00,61303.7,63043.1,0.0005,0.0005,120,-0.02940237925800008,-12.6110138,stop_loss,64981.9,-0.06,63043.1,-0.028374600044532405,61189.7,64250.0,False,short_pullback_restart,1.0,True,1780862400000,1780869600000,"[{'amount': 0.007, 'safe_price': 61303.7, 'ft_order_side': 'sell', 'order_filled_timestamp': 1780862400000, 'ft_is_entry': True, 'ft_order_tag': 'short_pullback_restart', 'cost': 429.34046294999996}, {'amount': 0.007, 'safe_price': 63043.1, 'ft_order_side': 'buy', 'order_filled_timestamp': 1780869600000, 'ft_is_entry': False, 'ft_order_tag': 'stop_loss', 'cost': 441.52235084999995}]",0.0,6
raw_be_guard_profit_lock_3y,Raw + Breakeven + Guard + ProfitLock,3y,profit_lock,LINK/USDT:USDT,357.23246,357.23246,47.06,2026-06-07 20:00:00+00:00,2026-06-07 22:00:00+00:00,7.591,7.864,0.0005,0.0005,120,-0.0370001230360932,-13.21103615,stop_loss,8.046,-0.06,7.864,-0.03608027008301873,7.566,8.04,False,short_pullback_restart,1.0,True,1780862400000,1780869600000,"[{'amount': 47.06, 'safe_price': 7.591, 'ft_order_side': 'sell', 'order_filled_timestamp': 1780862400000, 'ft_is_entry': True, 'ft_order_tag': 'short_pullback_restart', 'cost': 357.41107623}, {'amount': 47.06, 'safe_price': 7.864, 'ft_order_side': 'buy', 'order_filled_timestamp': 1780869600000, 'ft_is_entry': False, 'ft_order_tag': 'stop_loss', 'cost': 370.26487991999994}]",0.0,6
raw_be_guard_profit_lock_3y,Raw + Breakeven + Guard + ProfitLock,3y,profit_lock,BTC/USDT:USDT,560.1996,560.1996,0.009,2026-06-09 14:00:00+00:00,2026-06-09 20:00:00+00:00,62244.4,62068.9,0.0005,0.0005,360,0.001827804496243548,1.02342338,profit_lock_pullback_restart,65979.0,-0.06,62182.1,-0.023490339889721046,60755.0,62371.6,False,short_pullback_restart,1.0,True,1781013600000,1781035200000,"[{'amount': 0.009, 'safe_price': 62244.4, 'ft_order_side': 'sell', 'order_filled_timestamp': 1781013600000, 'ft_is_entry': True, 'ft_order_tag': 'short_pullback_restart', 'cost': 560.4796997999999}, {'amount': 0.009, 'safe_price': 62068.9, 'ft_order_side': 'buy', 'order_filled_timestamp': 1781035200000, 'ft_is_entry': False, 'ft_order_tag': 'profit_lock_pullback_restart', 'cost': 558.8994100499999}]",0.0033332262847473827,1
raw_be_guard_profit_lock_3y,Raw + Breakeven + Guard + ProfitLock,3y,profit_lock,ETH/USDT:USDT,381.61912,381.61912,0.232,2026-06-09 15:00:00+00:00,2026-06-10 12:00:00+00:00,1644.91,1643.26,0.0005,0.0005,1260,-0.00013437306198083683,-0.05125369,trailing_stop_loss,1743.6,-0.06,1643.26,-0.02384117757009352,1605.0,1662.98,False,short_pullback_restart,1.0,True,1781017200000,1781092800000,"[{'amount': 0.232, 'safe_price': 1644.91, 'ft_order_side': 'sell', 'order_filled_timestamp': 1781017200000, 'ft_is_entry': True, 'ft_order_tag': 'short_pullback_restart', 'cost': 381.80992956000006}, {'amount': 0.232, 'safe_price': 1643.26, 'ft_order_side': 'buy', 'order_filled_timestamp': 1781092800000, 'ft_is_entry': False, 'ft_order_tag': 'trailing_stop_loss', 'cost': 381.42693816}]",-0.05262597372842113,2
raw_be_guard_profit_lock_3y,Raw + Breakeven + Guard + ProfitLock,3y,profit_lock,DOGE/USDT:USDT,380.08047,380.08047,4521.0,2026-06-09 16:00:00+00:00,2026-06-11 01:00:00+00:00,0.08407,0.08398,0.0005,0.0005,1980,0.00015284999423628479,0.05806625,trailing_stop_loss,0.08911,-0.06,0.08398,-0.027099547511312272,0.08177,0.08568,False,short_pullback_restart,1.0,True,1781020800000,1781139600000,"[{'amount': 4521.0, 'safe_price': 0.08407, 'ft_order_side': 'sell', 'order_filled_timestamp': 1781020800000, 'ft_is_entry': True, 'ft_order_tag': 'short_pullback_restart', 'cost': 380.270510235}, {'amount': 4521.0, 'safe_price': 0.08398, 'ft_order_side': 'buy', 'order_filled_timestamp': 1781139600000, 'ft_is_entry': False, 'ft_order_tag': 'trailing_stop_loss', 'cost': 379.86341679}]",0.0310532792518344,3
raw_be_guard_profit_lock_3y,Raw + Breakeven + Guard + ProfitLock,3y,profit_lock,SOL/USDT:USDT,359.8628,359.8628,5.66,2026-06-10 09:00:00+00:00,2026-06-11 01:00:00+00:00,63.58,63.62,0.0005,0.0005,960,-0.0017304754947675592,-0.62242239,profit_lock_compression_breakdown,67.39,-0.06,65.77,-0.040292257525848196,62.29,65.74,False,short_compression_breakdown,1.0,True,1781082000000,1781139600000,"[{'amount': 5.66, 'safe_price': 63.58, 'ft_order_side': 'sell', 'order_filled_timestamp': 1781082000000, 'ft_is_entry': True, 'ft_order_tag': 'short_compression_breakdown', 'cost': 360.0427314}, {'amount': 5.66, 'safe_price': 63.62, 'ft_order_side': 'buy', 'order_filled_timestamp': 1781139600000, 'ft_is_entry': False, 'ft_order_tag': 'profit_lock_compression_breakdown', 'cost': 360.2692446}]",-0.03604639113282661,3
