period,model,group_type,group_value,trades,profit_abs,profit_pct,pf,maxdd_pct,winrate_pct,avg_profit_pct,median_profit_pct,avg_duration_h,median_duration_h,max_duration_h,best_trade_abs,worst_trade_abs,avg_mae_pct,avg_mfe_pct,activated_count,top5_winner_share_pct,exit_reason_distribution
1y,baseline,all,all,111,512.33532181,51.233532180999994,1.999476955671573,7.651798565903853,39.63963963963964,1.523493335104481,-1.205157680846564,60.126126126126124,37.0,429.0,48.08852919,-11.8579296,2.664271009583386,5.7467933271522496,0,21.86325848584194,"{""force_exit"": 1, ""roi"": 33, ""stale_flat_120h"": 8, ""stale_loss_72h"": 11, ""stale_low_profit_240h"": 1, ""stop_loss"": 41, ""swing_exit_long_1d"": 3, ""trailing_stop_loss"": 13}"
1y,baseline,entry_tag,long_1d_center_compression,14,185.31779347,18.531779347,4.65843217204224,1.9023773875631491,50.0,3.6325133737927833,1.5732951860789388,140.92857142857142,92.0,429.0,42.8444889,-9.61008214,2.61999449047566,7.358905494987461,0,78.28880498840961,"{""roi"": 6, ""stop_loss"": 5, ""swing_exit_long_1d"": 3}"
1y,baseline,entry_tag,short_compression_breakdown,28,74.57637158,7.457637158,1.4960359595151063,4.918451495894239,32.142857142857146,0.7359157479367258,-2.350348302060375,44.57142857142857,30.0,133.0,43.46777421,-11.36564162,2.8682847595705443,4.972811765017925,0,77.76269002157946,"{""force_exit"": 1, ""roi"": 7, ""stale_flat_120h"": 1, ""stale_loss_72h"": 4, ""stop_loss"": 9, ""trailing_stop_loss"": 6}"
1y,baseline,entry_tag,short_pullback_restart,69,252.44115676,25.244115676,1.8101351115280155,8.325950518266936,40.57971014492754,1.4151729278444942,-1.0240577650724962,50.04347826086956,33.0,266.0,48.08852919,-11.8579296,2.590466462740889,5.733777579182222,0,34.65542855663738,"{""roi"": 20, ""stale_flat_120h"": 7, ""stale_loss_72h"": 7, ""stale_low_profit_240h"": 1, ""stop_loss"": 27, ""trailing_stop_loss"": 7}"
1y,baseline,pair,ADA/USDT:USDT,13,102.00784015,10.200784015,3.418558057087537,2.124627719207851,46.15384615384615,3.02219018764297,-0.09663576197330662,56.46153846153846,56.0,118.0,48.08852919,-11.23519559,2.345147779951802,7.041431466360011,0,97.86685324122969,"{""force_exit"": 1, ""roi"": 5, ""stale_loss_72h"": 3, ""stop_loss"": 2, ""trailing_stop_loss"": 2}"
1y,baseline,pair,BNB/USDT:USDT,9,31.66179771,3.1661797710000004,1.8092427635518515,1.8913522119999926,44.44444444444444,0.9824411798461401,-1.1497042210454975,57.888888888888886,35.0,121.0,36.01913501,-11.32710287,2.2227025364819397,5.2066953004240775,0,100.0,"{""roi"": 2, ""stale_flat_120h"": 2, ""stop_loss"": 4, ""swing_exit_long_1d"": 1}"
1y,baseline,pair,BTC/USDT:USDT,11,57.89299799,5.789299799,2.3469776821281276,2.94254387870639,45.45454545454545,1.8150468462158262,-0.09597030213662201,66.0,51.0,130.0,43.46777421,-11.26254354,1.5905316872323694,4.998513291371914,0,100.0,"{""roi"": 3, ""stale_flat_120h"": 2, ""stale_loss_72h"": 1, ""stop_loss"": 3, ""swing_exit_long_1d"": 1, ""trailing_stop_loss"": 1}"
1y,baseline,pair,DOGE/USDT:USDT,6,-18.95404119,-1.8954041190000004,0.4993470014881367,2.8951414320680278,16.666666666666664,-0.21817021700094036,-1.8647781691150183,36.833333333333336,41.0,74.0,18.90459792,-11.67556629,2.5385350945903395,5.103454357228449,0,100.0,"{""roi"": 1, ""stale_loss_72h"": 1, ""stop_loss"": 3, ""trailing_stop_loss"": 1}"
1y,baseline,pair,ETH/USDT:USDT,12,102.40398663,10.240398663,3.030487735491405,1.4888744128320643,41.66666666666667,2.4958094904991612,-1.0065874851050554,43.333333333333336,27.5,133.0,35.97485195,-10.68252069,2.32282123615071,6.034883234700282,0,100.0,"{""roi"": 5, ""stale_loss_72h"": 1, ""stop_loss"": 3, ""trailing_stop_loss"": 3}"
1y,baseline,pair,LINK/USDT:USDT,5,15.562879820000001,1.556287982,1.5066832715162002,1.154145360039386,40.0,1.670452164000466,-3.4525600302844768,16.0,20.0,25.0,23.87001913,-11.8579296,3.50974774993026,4.597859435021756,0,100.0,"{""roi"": 2, ""stop_loss"": 3}"
1y,baseline,pair,NEAR/USDT:USDT,10,50.04747273,5.004747273,1.9519730289610675,2.4250878060303096,40.0,1.8632333357407551,-2.737154100862398,41.8,24.5,223.0,34.24210235,-10.00882771,2.8554227487116624,5.5070959861389275,0,100.0,"{""roi"": 4, ""stop_loss"": 4, ""trailing_stop_loss"": 2}"
1y,baseline,pair,PAXG/USDT:USDT,4,43.976524010000006,4.397652401,3.629570144328752,1.672384519000002,50.0,2.4594368881969415,1.0868112232269724,328.5,400.0,429.0,42.8444889,-8.60223005,5.525330059263598,9.058932527826753,0,100.0,"{""roi"": 1, ""stop_loss"": 2, ""swing_exit_long_1d"": 1}"
1y,baseline,pair,SOL/USDT:USDT,10,47.8043764,4.78043764,1.799937111823654,2.2829538354737897,30.0,0.8644009865703284,-2.6922987864394266,31.1,24.0,74.0,48.05075705,-11.36564162,3.369349595533867,4.996236913851878,0,100.0,"{""roi"": 3, ""stop_loss"": 6, ""trailing_stop_loss"": 1}"
1y,baseline,pair,SUI/USDT:USDT,6,-13.984161840000002,-1.3984161840000002,0.5571942411645847,2.0380917046492177,33.33333333333333,-0.39159420675932305,-2.05186254920709,62.5,44.0,152.0,16.74242181,-11.19071837,3.060429512017432,6.762429027891825,0,100.0,"{""roi"": 1, ""stale_flat_120h"": 1, ""stale_loss_72h"": 1, ""stop_loss"": 3}"
1y,baseline,pair,TAO/USDT:USDT,8,28.16543285,2.816543285,1.83849530928491,2.4887912466442987,50.0,1.172912721977412,-0.5948390607471249,55.25,32.0,143.0,32.87029989,-10.87537742,3.067516210503182,5.898363798791381,0,100.0,"{""roi"": 2, ""stale_flat_120h"": 2, ""stale_loss_72h"": 1, ""stop_loss"": 1, ""trailing_stop_loss"": 2}"
1y,baseline,pair,XRP/USDT:USDT,15,49.12013235,4.912013235,1.7523282141022756,2.671145366715738,33.33333333333333,0.9421427409689968,-0.48731711605384564,64.66666666666667,46.0,266.0,41.63346062,-11.32824335,2.3409733612287598,5.058598015251203,0,100.0,"{""roi"": 3, ""stale_flat_120h"": 1, ""stale_loss_72h"": 3, ""stale_low_profit_240h"": 1, ""stop_loss"": 7}"
1y,baseline,pair,ZEC/USDT:USDT,2,16.6300842,1.66300842,2.6976976474988055,0.9795668989999968,50.0,2.8694400002829474,2.8694400002829474,21.0,21.0,33.0,26.42575319,-9.79566899,2.363417265707944,6.786705154881895,0,100.0,"{""roi"": 1, ""trailing_stop_loss"": 1}"
1y,baseline,side,long,14,185.31779347,18.531779347,4.65843217204224,1.9023773875631491,50.0,3.6325133737927833,1.5732951860789388,140.92857142857142,92.0,429.0,42.8444889,-9.61008214,2.61999449047566,7.358905494987461,0,78.28880498840961,"{""roi"": 6, ""stop_loss"": 5, ""swing_exit_long_1d"": 3}"
1y,baseline,side,short,97,327.01752834,32.701752834000004,1.7079091207926138,8.368918908647244,38.144329896907216,1.2190986903453445,-1.4136308435481033,48.4639175257732,33.0,266.0,48.08852919,-11.8579296,2.6706614350216142,5.514117344165724,0,27.32571383692029,"{""force_exit"": 1, ""roi"": 27, ""stale_flat_120h"": 8, ""stale_loss_72h"": 11, ""stale_low_profit_240h"": 1, ""stop_loss"": 36, ""trailing_stop_loss"": 13}"
1y,baseline,month,2025-06,5,-9.8110216,-0.9811021600000001,0.6775326531307353,2.2480499692574214,20.0,-0.8920500476258286,-3.133205342543032,27.6,24.0,52.0,20.61383132,-7.65298697,3.9038788515485683,5.262235833861218,0,100.0,"{""roi"": 1, ""stop_loss"": 3, ""trailing_stop_loss"": 1}"
1y,baseline,month,2025-07,4,56.48263983,5.648263983,6.156386823214812,0.7559341199999948,50.0,3.8494581592120567,4.425149066948188,81.0,100.0,104.0,34.05993027,-7.5593412,1.7267502246765618,6.225936523671036,0,100.0,"{""roi"": 2, ""stop_loss"": 1, ""swing_exit_long_1d"": 1}"
1y,baseline,month,2025-08,6,1.1332153500000004,0.11332153500000004,1.0325247451206123,3.363173974196201,16.666666666666664,-0.40924143594708845,-1.8768286506092107,37.833333333333336,24.0,110.0,35.97485195,-8.15723606,3.6538412771281816,4.11523383999492,0,100.0,"{""roi"": 1, ""stop_loss"": 3, ""swing_exit_long_1d"": 1, ""trailing_stop_loss"": 1}"
1y,baseline,month,2025-09,9,9.499597969999996,0.9499597969999998,1.3056590840677633,2.2952073504510078,55.55555555555556,-0.052743202251318635,0.0715392892018517,71.88888888888889,74.0,143.0,35.8418551,-8.06092198,2.545844155953052,4.496242500000803,0,100.0,"{""roi"": 1, ""stale_flat_120h"": 4, ""stop_loss"": 3, ""trailing_stop_loss"": 1}"
1y,baseline,month,2025-10,8,21.35102617,2.1351026170000003,1.4782664746607095,3.9169457608992944,25.0,0.4705983192892146,-2.185528383222429,89.625,24.5,429.0,36.01913501,-8.60223005,4.60357643154315,6.7207094095084114,0,100.0,"{""roi"": 2, ""stale_loss_72h"": 1, ""stop_loss"": 4, ""trailing_stop_loss"": 1}"
1y,baseline,month,2025-11,13,84.61767134,8.461767134,2.6598940300648692,1.6269502031355954,53.84615384615385,3.1009355107717904,0.4146374497774663,49.46153846153846,33.0,133.0,34.35006724,-8.88459075,2.578452232959332,7.58182091408514,0,87.01593500346499,"{""roi"": 6, ""stale_flat_120h"": 1, ""stop_loss"": 6}"
1y,baseline,month,2025-12,13,89.29012943000001,8.929012943,2.5144509470776066,3.417856755618223,38.46153846153847,2.0870040809003396,-1.4136308435481033,71.15384615384616,37.0,417.0,41.63346062,-9.61251105,2.2086891815211134,5.174802065891888,0,100.0,"{""roi"": 4, ""stale_loss_72h"": 1, ""stop_loss"": 6, ""swing_exit_long_1d"": 1, ""trailing_stop_loss"": 1}"
1y,baseline,month,2026-01,12,184.35478794,18.435478793999998,6.57773059108314,1.877017275000003,66.66666666666666,4.971332920306773,9.982008741280417,83.16666666666667,43.0,383.0,43.46777421,-9.79566899,1.6501387451886564,7.665227484823794,0,77.85118823434124,"{""roi"": 7, ""stale_flat_120h"": 1, ""stop_loss"": 2, ""trailing_stop_loss"": 2}"
1y,baseline,month,2026-02,12,17.97693961,1.797693961,1.3223071522400085,4.0479033074117625,33.33333333333333,0.9810586010452443,-0.5991470726386259,51.166666666666664,59.0,121.0,25.19935802,-11.29793275,2.854014037285494,6.4918644091853475,0,100.0,"{""roi"": 3, ""stale_flat_120h"": 1, ""stale_loss_72h"": 4, ""stop_loss"": 2, ""trailing_stop_loss"": 2}"
1y,baseline,month,2026-03,7,-30.18771843,-3.018771843,0.4667749995508931,5.515593450773483,14.285714285714285,-0.9102156337096204,-2.9016151902351184,40.0,38.0,76.0,26.42575319,-11.36564162,2.6809248553957996,4.255540751720165,0,100.0,"{""roi"": 1, ""stale_loss_72h"": 1, ""stop_loss"": 5}"
1y,baseline,month,2026-04,6,-16.66009193,-1.6660091929999998,0.4704474991264323,2.075839996921813,33.33333333333333,-0.8729974186156231,-1.1040338090651767,94.16666666666667,74.0,266.0,12.08256561,-11.23519559,1.9823386949647956,4.282902752282883,0,100.0,"{""stale_flat_120h"": 1, ""stale_loss_72h"": 1, ""stale_low_profit_240h"": 1, ""stop_loss"": 2, ""trailing_stop_loss"": 1}"
1y,baseline,month,2026-05,4,-18.26444442,-1.8264444420000001,0.0,1.8264444420000019,0.0,-1.5404313167957213,-1.032347339449523,49.0,43.0,98.0,-0.16317601,-9.84715213,2.71262713747447,2.912688347903087,0,0.0,"{""stale_loss_72h"": 2, ""trailing_stop_loss"": 2}"
1y,baseline,month,2026-06,12,122.55259055,12.255259055,3.2058265046031638,4.193839867911841,50.0,3.0195695788659203,0.0783708685230734,33.333333333333336,35.5,73.0,48.08852919,-11.8579296,2.487478658601844,5.40814304989196,0,98.27317005830604,"{""force_exit"": 1, ""roi"": 5, ""stale_loss_72h"": 1, ""stop_loss"": 4, ""trailing_stop_loss"": 1}"
1y,baseline,market_period,pressure_202603_202605,17,-65.11225478,-6.511225478,0.38768946120568076,8.9181324304765,17.647058823529413,-1.0453658361672922,-2.078238929345367,61.23529411764706,38.0,266.0,26.42575319,-11.36564162,2.441824394556309,3.9492326569029883,0,100.0,"{""roi"": 1, ""stale_flat_120h"": 1, ""stale_loss_72h"": 4, ""stale_low_profit_240h"": 1, ""stop_loss"": 7, ""trailing_stop_loss"": 3}"
1y,baseline,market_period,strong_202601_202602,24,202.33172755,20.233172755000002,3.277798994874528,3.448638677754735,50.0,2.976195760676009,0.26761598212279175,67.16666666666667,47.5,383.0,43.46777421,-11.29793275,2.2520763912370754,7.078545947004571,0,58.13093449358738,"{""roi"": 10, ""stale_flat_120h"": 2, ""stale_loss_72h"": 4, ""stop_loss"": 4, ""trailing_stop_loss"": 4}"
1y,baseline,market_period,repair_202606,12,122.55259055,12.255259055,3.2058265046031638,4.193839867911841,50.0,3.0195695788659203,0.0783708685230734,33.333333333333336,35.5,73.0,48.08852919,-11.8579296,2.487478658601844,5.40814304989196,0,98.27317005830604,"{""force_exit"": 1, ""roi"": 5, ""stale_loss_72h"": 1, ""stop_loss"": 4, ""trailing_stop_loss"": 1}"
1y,A_giveback50_floor1,all,all,111,116.2990448000002,11.629904480000022,1.3298697853678894,4.219850302732107,63.96396396396396,0.28331694888377656,1.5120365394948967,25.37837837837838,15.0,336.0,23.82198652999999,-11.8579296,2.0462128914155153,3.186482233284417,71,17.534997003301907,"{""counterfactual_A_giveback50_floor1"": 70, ""max_hold_14d"": 1, ""stale_loss_72h"": 1, ""stop_loss"": 29, ""trailing_stop_loss"": 10}"
1y,A_giveback50_floor1,entry_tag,long_1d_center_compression,14,74.54999349000018,7.454999349000017,3.9654538427976074,0.8864080458243825,78.57142857142857,1.487166512265732,1.535399939770922,74.85714285714286,22.5,336.0,23.82198652999999,-9.61008214,1.2079199337697477,3.9405601864108126,11,65.3094293435974,"{""counterfactual_A_giveback50_floor1"": 10, ""max_hold_14d"": 1, ""stop_loss"": 3}"
1y,A_giveback50_floor1,entry_tag,short_compression_breakdown,28,-24.558355419999902,-2.45583554199999,0.7969500915251835,4.1440935174320845,53.57142857142857,-0.42270269578523695,1.4114284582947767,18.678571428571427,16.5,52.0,13.990334400000027,-11.36564162,2.576625024353626,2.722980839256441,15,49.237174593933894,"{""counterfactual_A_giveback50_floor1"": 15, ""stop_loss"": 8, ""trailing_stop_loss"": 5}"
1y,A_giveback50_floor1,entry_tag,short_pullback_restart,69,66.30740672999994,6.630740672999994,1.321142313582951,4.393769995380787,65.21739130434783,0.32555834255602295,1.5639610389610359,18.057971014492754,11.0,83.0,15.770911999999946,-11.8579296,2.0010616114846984,3.221568431675921,45,23.527453102526938,"{""counterfactual_A_giveback50_floor1"": 45, ""stale_loss_72h"": 1, ""stop_loss"": 18, ""trailing_stop_loss"": 5}"
1y,A_giveback50_floor1,pair,ADA/USDT:USDT,13,52.75259910999996,5.2752599109999965,5.6952986877195935,1.0670416931820228,92.3076923076923,1.4041533541492632,1.5329919734292874,16.0,12.0,44.0,11.615119599999993,-11.23519559,1.4225524991567453,3.3727068605283113,12,55.953132261956185,"{""counterfactual_A_giveback50_floor1"": 12, ""stop_loss"": 1}"
1y,A_giveback50_floor1,pair,BNB/USDT:USDT,9,9.509828730000017,0.9509828730000016,1.2661533374152816,1.1270008784604995,55.55555555555556,0.13923189425565263,1.4809412793239143,34.44444444444444,32.0,86.0,15.770911999999946,-11.32710287,2.1503337958923043,3.6830687197516836,5,100.0,"{""counterfactual_A_giveback50_floor1"": 5, ""stop_loss"": 4}"
1y,A_giveback50_floor1,pair,BTC/USDT:USDT,11,8.152446920000067,0.8152446920000066,1.2191977280374995,3.046837326892998,63.63636363636363,0.481038386460564,1.6500114177618996,25.636363636363637,21.0,78.0,9.116700600000017,-11.26254354,1.4253437096591741,3.054161307911566,7,78.22213579968282,"{""counterfactual_A_giveback50_floor1"": 7, ""stop_loss"": 3, ""trailing_stop_loss"": 1}"
1y,A_giveback50_floor1,pair,DOGE/USDT:USDT,6,-14.691301570000038,-1.4691301570000037,0.4631433725889766,2.101503374492044,50.0,-0.312964619451118,-0.08197576249922245,19.166666666666668,11.0,50.0,6.214629819999973,-11.67556629,1.8769991668787247,2.8956199421695654,3,100.0,"{""counterfactual_A_giveback50_floor1"": 3, ""stop_loss"": 2, ""trailing_stop_loss"": 1}"
1y,A_giveback50_floor1,pair,ETH/USDT:USDT,12,23.125577610000082,2.3125577610000083,1.7734288969602612,1.5464216753302695,66.66666666666666,0.5872928496919396,1.6216518748035573,15.25,11.5,73.0,14.588699130000053,-10.68252069,1.642449284347337,3.4469374415059453,8,81.08858768114344,"{""counterfactual_A_giveback50_floor1"": 8, ""stale_loss_72h"": 1, ""stop_loss"": 1, ""trailing_stop_loss"": 2}"
1y,A_giveback50_floor1,pair,LINK/USDT:USDT,5,-17.744315129999997,-1.7744315129999997,0.4222953756072374,1.7744315129999904,40.0,-1.2094105806908175,-3.4525600302844768,11.0,5.0,25.0,6.913252259999981,-11.8579296,3.50974774993026,2.7252368366771997,2,100.0,"{""counterfactual_A_giveback50_floor1"": 2, ""stop_loss"": 3}"
1y,A_giveback50_floor1,pair,NEAR/USDT:USDT,10,-20.39607674000001,-2.039607674000001,0.5437593373435226,3.1185607617659366,50.0,-0.730831767395817,-0.38122495935502554,17.3,14.0,32.0,6.61176299999999,-10.00882771,2.401830669925055,2.9544465850765436,5,100.0,"{""counterfactual_A_giveback50_floor1"": 5, ""stop_loss"": 3, ""trailing_stop_loss"": 2}"
1y,A_giveback50_floor1,pair,PAXG/USDT:USDT,4,41.03873450000006,4.103873450000006,inf,0.0,100.0,2.5313876464130836,1.4905913026983335,185.25,171.5,336.0,23.82198652999999,5.391018419999993,0.9651762431944682,3.8717102398548855,4,100.0,"{""counterfactual_A_giveback50_floor1"": 3, ""max_hold_14d"": 1}"
1y,A_giveback50_floor1,pair,SOL/USDT:USDT,10,-24.63629696999999,-2.4636296969999987,0.5277279240134019,3.9533444936757687,40.0,-0.948552893757854,-1.882066203286855,15.6,17.0,41.0,8.489696,-11.36564162,2.8425780556291196,2.641775117944797,4,100.0,"{""counterfactual_A_giveback50_floor1"": 4, ""stop_loss"": 5, ""trailing_stop_loss"": 1}"
1y,A_giveback50_floor1,pair,SUI/USDT:USDT,6,-0.7930469199999823,-0.07930469199999823,0.9543811793238568,0.9889932750391076,66.66666666666666,0.03527616202130542,1.7468040647469198,10.666666666666666,10.0,23.0,5.572130130000015,-9.32328279,2.425790125526021,2.985952770757879,4,100.0,"{""counterfactual_A_giveback50_floor1"": 4, ""stop_loss"": 2}"
1y,A_giveback50_floor1,pair,TAO/USDT:USDT,8,21.66865641000007,2.166865641000007,2.43132634985341,0.756748606115736,75.0,1.0695516738536814,1.6092308814509517,16.25,13.5,34.0,13.990334400000027,-7.79041719,2.3412047407242045,3.6791357768550927,6,91.69850733956355,"{""counterfactual_A_giveback50_floor1"": 6, ""trailing_stop_loss"": 2}"
1y,A_giveback50_floor1,pair,XRP/USDT:USDT,15,43.37718963999996,4.337718963999996,2.052004736602909,1.6505145709999853,66.66666666666666,0.5266199600317685,1.5795682124849049,26.0,18.0,83.0,14.042568870000025,-11.01111199,2.0512355258017267,3.1481412740521453,10,62.771260933156924,"{""counterfactual_A_giveback50_floor1"": 10, ""stop_loss"": 5}"
1y,A_giveback50_floor1,pair,ZEC/USDT:USDT,2,-5.064950789999991,-0.5064950789999991,0.48293977724537307,0.9795668989999968,50.0,-1.2360344454501102,-1.2360344454501102,5.0,5.0,9.0,4.730718200000008,-9.79566899,2.363417265707944,2.363906384315996,1,100.0,"{""counterfactual_A_giveback50_floor1"": 1, ""trailing_stop_loss"": 1}"
1y,A_giveback50_floor1,side,long,14,74.54999349000018,7.454999349000017,3.9654538427976074,0.8864080458243825,78.57142857142857,1.487166512265732,1.535399939770922,74.85714285714286,22.5,336.0,23.82198652999999,-9.61008214,1.2079199337697477,3.9405601864108126,11,65.3094293435974,"{""counterfactual_A_giveback50_floor1"": 10, ""max_hold_14d"": 1, ""stop_loss"": 3}"
1y,A_giveback50_floor1,side,short,97,41.749051310000034,4.174905131000004,1.1275087864949465,5.462977330064345,61.855670103092784,0.10956546550906132,1.5120365394948967,18.237113402061855,12.0,83.0,15.770911999999946,-11.8579296,2.1672036275705744,3.0776462400496793,60,18.430688610940656,"{""counterfactual_A_giveback50_floor1"": 60, ""stale_loss_72h"": 1, ""stop_loss"": 26, ""trailing_stop_loss"": 10}"
1y,A_giveback50_floor1,month,2025-06,5,1.1343699300000116,0.11343699300000115,1.0743242109344346,0.7652986970000029,60.0,0.3019174093792115,1.8987266360453077,11.0,7.0,32.0,6.862485000000002,-7.65298697,1.9599815036959636,3.828197637477999,3,100.0,"{""counterfactual_A_giveback50_floor1"": 3, ""stop_loss"": 2}"
1y,A_giveback50_floor1,month,2025-07,4,20.51644953000008,2.0516449530000083,3.714052585693589,0.7559341199999948,75.0,1.261659049634059,2.1068850576735025,37.0,21.0,86.0,14.588699130000053,-7.5593412,1.5639205583498816,4.656447429478841,3,100.0,"{""counterfactual_A_giveback50_floor1"": 3, ""stop_loss"": 1}"
1y,A_giveback50_floor1,month,2025-08,9,8.86793764000004,0.886793764000004,1.4109931102364783,1.6833018264329078,66.66666666666666,0.4492783516415215,1.5181624257199458,26.666666666666668,17.0,78.0,7.577684100000026,-8.15723606,2.398807093296904,3.170221062938846,6,88.56187493584598,"{""counterfactual_A_giveback50_floor1"": 6, ""stop_loss"": 2, ""trailing_stop_loss"": 1}"
1y,A_giveback50_floor1,month,2025-09,8,-10.082264259999931,-1.0082264259999931,0.6755930441716654,2.258936713000003,50.0,-0.7281415832300122,-0.32336062290162326,37.5,18.0,177.0,8.489696,-8.06092198,2.48361378456434,2.268895289778586,4,100.0,"{""counterfactual_A_giveback50_floor1"": 4, ""stop_loss"": 3, ""trailing_stop_loss"": 1}"
1y,A_giveback50_floor1,month,2025-10,7,-9.802485409999996,-0.9802485409999996,0.7032644979907277,3.2490751164033735,42.857142857142854,-0.8185558276542559,-2.079550843992106,12.857142857142858,13.0,26.0,9.089549699999996,-8.6008338,2.686190392313391,2.650649633770227,3,100.0,"{""counterfactual_A_giveback50_floor1"": 3, ""stop_loss"": 3, ""trailing_stop_loss"": 1}"
1y,A_giveback50_floor1,month,2025-11,13,14.963105389999964,1.4963105389999964,1.5806933769426124,1.7177057184815676,76.92307692307693,0.47430149568623864,1.4364947369678738,15.692307692307692,10.0,62.0,5.391018419999993,-8.88459075,2.002398399344548,2.9667414416902846,10,59.9348140150058,"{""counterfactual_A_giveback50_floor1"": 10, ""stop_loss"": 3}"
1y,A_giveback50_floor1,month,2025-12,12,23.774628460000013,2.377462846000001,1.6043560358729676,2.6358077596703073,58.333333333333336,0.56956418859876,1.5003348855165797,45.25,16.5,336.0,23.82198652999999,-9.32328279,1.8142974142879025,3.122668214484463,7,88.25074383949429,"{""counterfactual_A_giveback50_floor1"": 6, ""max_hold_14d"": 1, ""stop_loss"": 4, ""trailing_stop_loss"": 1}"
1y,A_giveback50_floor1,month,2026-01,12,42.777220400000175,4.277722040000017,3.227129426287084,0.974357481331211,83.33333333333334,1.0401377313165012,1.6649799056185297,28.833333333333332,10.5,166.0,12.621643290000018,-9.79566899,1.2467432329233727,3.598685751536521,10,63.18613314484459,"{""counterfactual_A_giveback50_floor1"": 10, ""stop_loss"": 1, ""trailing_stop_loss"": 1}"
1y,A_giveback50_floor1,month,2026-02,12,44.511181959999995,4.4511181959999995,3.025034746507941,2.1137333976654196,83.33333333333334,1.2280617127576037,1.9318592128865806,16.583333333333332,12.0,54.0,11.615119599999993,-11.29793275,1.8336969751310395,3.9947986925712065,10,65.40652316396476,"{""counterfactual_A_giveback50_floor1"": 10, ""stop_loss"": 1, ""trailing_stop_loss"": 1}"
1y,A_giveback50_floor1,month,2026-03,9,3.9068401099999175,0.3906840109999917,1.1159167085914412,2.185841727756183,66.66666666666666,0.11142225203457262,1.5795682124849049,22.11111111111111,23.0,41.0,7.465565399999956,-11.36564162,1.6978166949228872,2.978438158433837,6,87.4218809303898,"{""counterfactual_A_giveback50_floor1"": 6, ""stop_loss"": 3}"
1y,A_giveback50_floor1,month,2026-04,4,-15.083193440000054,-1.5083193440000053,0.5111446848027608,2.0725853614491125,25.0,-1.3437573496874067,-2.2522245376305845,31.0,24.0,64.0,15.770911999999946,-11.23519559,2.630002484604458,2.480630145074981,1,100.0,"{""counterfactual_A_giveback50_floor1"": 1, ""stop_loss"": 2, ""trailing_stop_loss"": 1}"
1y,A_giveback50_floor1,month,2026-05,4,7.477003220000017,0.7477003220000017,1.4239248098388206,0.9814943543964205,50.0,-0.20846753756449293,0.15707471102152526,27.75,18.0,63.0,14.042568870000025,-9.84715213,2.598599894332353,2.912688347903087,2,100.0,"{""counterfactual_A_giveback50_floor1"": 2, ""trailing_stop_loss"": 2}"
1y,A_giveback50_floor1,month,2026-06,12,-16.661748730000024,-1.6661748730000023,0.7001048546038088,4.765473960331065,50.0,-0.21745894833216162,0.23602309118653642,21.5,12.5,73.0,8.248201320000003,-11.8579296,2.487478658601844,2.9295302187748544,6,89.6535302128721,"{""counterfactual_A_giveback50_floor1"": 6, ""stale_loss_72h"": 1, ""stop_loss"": 4, ""trailing_stop_loss"": 1}"
1y,A_giveback50_floor1,market_period,pressure_202603_202605,17,-3.699350110000119,-0.3699350110000119,0.9549932939882279,2.8361470010594694,52.94117647058824,-0.30624113415861437,1.4873015873015885,25.529411764705884,23.0,64.0,15.770911999999946,-11.36564162,2.1291035158854843,2.845836317518635,9,70.45386048578591,"{""counterfactual_A_giveback50_floor1"": 9, ""stop_loss"": 5, ""trailing_stop_loss"": 3}"
1y,A_giveback50_floor1,market_period,strong_202601_202602,24,87.28840236000018,8.728840236000018,3.1192787041277867,2.0302175855253495,83.33333333333334,1.1340997220370526,1.8002726881158297,22.708333333333332,11.5,166.0,12.621643290000018,-11.29793275,1.540220104027206,3.796742222053864,20,39.605070485147934,"{""counterfactual_A_giveback50_floor1"": 20, ""stop_loss"": 2, ""trailing_stop_loss"": 2}"
1y,A_giveback50_floor1,market_period,repair_202606,12,-16.661748730000024,-1.6661748730000023,0.7001048546038088,4.765473960331065,50.0,-0.21745894833216162,0.23602309118653642,21.5,12.5,73.0,8.248201320000003,-11.8579296,2.487478658601844,2.9295302187748544,6,89.6535302128721,"{""counterfactual_A_giveback50_floor1"": 6, ""stale_loss_72h"": 1, ""stop_loss"": 4, ""trailing_stop_loss"": 1}"
1y,B_giveback60_floor1.5,all,all,111,546.1348026400001,54.61348026400002,2.175286397199756,6.698880497778538,49.549549549549546,1.4408095844992581,-0.03365607198755909,59.37837837837838,27.0,336.0,137.47160580000002,-11.8579296,2.3584532726977394,6.350786671055771,53,45.33836294071045,"{""counterfactual_B_giveback60_floor1.5"": 44, ""force_exit"": 1, ""max_hold_14d"": 9, ""stale_flat_120h"": 1, ""stale_loss_72h"": 4, ""stop_loss"": 38, ""swing_exit_long_1d"": 2, ""trailing_stop_loss"": 12}"
1y,B_giveback60_floor1.5,entry_tag,long_1d_center_compression,14,106.72049787000006,10.672049787000006,3.5377771590954943,1.6392456901315775,57.14285714285714,2.0196556104124324,2.0830806594516265,125.57142857142857,94.5,336.0,32.23050720000002,-9.61008214,1.4122316728885607,6.292356969130308,8,82.50414269333403,"{""counterfactual_B_giveback60_floor1.5"": 5, ""max_hold_14d"": 3, ""stop_loss"": 4, ""swing_exit_long_1d"": 2}"
1y,B_giveback60_floor1.5,entry_tag,short_compression_breakdown,28,34.90827163000005,3.490827163000005,1.2665759847255567,3.5990285343538027,46.42857142857143,0.5766942256450961,-1.0321745035808685,41.035714285714285,24.5,336.0,49.64326500000001,-11.36564162,2.6415248676090832,5.17308923603375,12,63.49103665969249,"{""counterfactual_B_giveback60_floor1.5"": 11, ""force_exit"": 1, ""max_hold_14d"": 1, ""stale_loss_72h"": 1, ""stop_loss"": 9, ""trailing_stop_loss"": 5}"
1y,B_giveback60_floor1.5,entry_tag,short_pullback_restart,69,404.50603313999994,40.45060331399999,2.3868190956919357,9.332474388463654,49.275362318840585,1.6740180726895786,-0.03365607198755909,53.391304347826086,27.0,336.0,137.47160580000002,-11.8579296,2.4355706312457235,6.840548178411903,33,65.82846496008446,"{""counterfactual_B_giveback60_floor1.5"": 28, ""max_hold_14d"": 5, ""stale_flat_120h"": 1, ""stale_loss_72h"": 3, ""stop_loss"": 25, ""trailing_stop_loss"": 7}"
1y,B_giveback60_floor1.5,pair,ADA/USDT:USDT,13,278.25724052,27.825724052,10.16550048531882,1.1542826223080445,69.23076923076923,6.681204227225759,2.272757231783224,106.61538461538461,49.0,336.0,137.47160580000002,-11.23519559,2.0224088111033836,12.157295566742345,8,92.31910889683499,"{""counterfactual_B_giveback60_floor1.5"": 5, ""force_exit"": 1, ""max_hold_14d"": 3, ""stale_loss_72h"": 1, ""stop_loss"": 2, ""trailing_stop_loss"": 1}"
1y,B_giveback60_floor1.5,pair,BNB/USDT:USDT,9,63.39537065999999,6.339537065999999,2.62032002791456,2.0598473170000036,44.44444444444444,2.1818902625499623,-1.1497042210454975,75.44444444444444,35.0,336.0,74.32692120000003,-11.32710287,2.2227025364819397,6.7786038421183195,4,100.0,"{""counterfactual_B_giveback60_floor1.5"": 3, ""max_hold_14d"": 1, ""stop_loss"": 4, ""swing_exit_long_1d"": 1}"
1y,B_giveback60_floor1.5,pair,BTC/USDT:USDT,11,-0.2190218999999831,-0.02190218999999831,0.9949040882068633,3.108262302553004,45.45454545454545,0.44612421844938055,-0.09597030213662201,49.09090909090909,28.0,121.0,19.760465399999998,-11.26254354,1.5905316872323694,5.067874283849754,4,100.0,"{""counterfactual_B_giveback60_floor1.5"": 4, ""stale_flat_120h"": 1, ""stale_loss_72h"": 1, ""stop_loss"": 3, ""swing_exit_long_1d"": 1, ""trailing_stop_loss"": 1}"
1y,B_giveback60_floor1.5,pair,DOGE/USDT:USDT,6,-25.695372809999988,-2.569537280999999,0.28573503461887706,2.5695372809999983,33.33333333333333,-1.0109015391141103,-1.8647781691150183,24.666666666666668,24.0,50.0,5.941797820000015,-11.67556629,2.4663841299276457,3.704353702965084,2,100.0,"{""counterfactual_B_giveback60_floor1.5"": 2, ""stop_loss"": 3, ""trailing_stop_loss"": 1}"
1y,B_giveback60_floor1.5,pair,ETH/USDT:USDT,12,27.031482000000047,2.7031482000000047,1.5883174364015402,1.5265197736935991,50.0,0.2149440647297428,0.5255611306321715,40.166666666666664,21.0,245.0,32.23050720000002,-10.68252069,2.1826168987401475,5.71939058165611,6,93.80761758548786,"{""counterfactual_B_giveback60_floor1.5"": 6, ""stale_loss_72h"": 1, ""stop_loss"": 2, ""trailing_stop_loss"": 3}"
1y,B_giveback60_floor1.5,pair,LINK/USDT:USDT,5,-20.431120129999986,-2.0431120129999987,0.3348206175244446,2.043112012999995,40.0,-1.4412200600748986,-3.4525600302844768,11.0,5.0,25.0,5.482831259999996,-11.8579296,3.50974774993026,2.7252368366771997,2,100.0,"{""counterfactual_B_giveback60_floor1.5"": 2, ""stop_loss"": 3}"
1y,B_giveback60_floor1.5,pair,NEAR/USDT:USDT,10,-25.023973140000003,-2.5023973140000004,0.5240089817273338,3.0601356463124816,40.0,-1.1028880585861687,-2.737154100862398,21.1,24.0,36.0,11.801576000000011,-10.00882771,2.8297981490960313,3.9526912299863435,4,100.0,"{""counterfactual_B_giveback60_floor1.5"": 4, ""stop_loss"": 4, ""trailing_stop_loss"": 2}"
1y,B_giveback60_floor1.5,pair,PAXG/USDT:USDT,4,66.35987094000004,6.635987094000003,9.170772659882532,0.7954455970466066,75.0,4.0609325549836806,5.7218839069423035,273.25,336.0,336.0,29.64496755000004,-8.12161514,1.2981601977087505,5.617355638261136,3,100.0,"{""max_hold_14d"": 3, ""stop_loss"": 1}"
1y,B_giveback60_floor1.5,pair,SOL/USDT:USDT,10,85.36210302999999,8.536210302999999,2.636371637249345,2.298206801795405,40.0,1.9328711946949475,-1.882066203286855,62.1,22.0,336.0,84.8102296,-11.36564162,2.8425780556291196,8.539905756071674,4,100.0,"{""counterfactual_B_giveback60_floor1.5"": 3, ""max_hold_14d"": 1, ""stop_loss"": 5, ""trailing_stop_loss"": 1}"
1y,B_giveback60_floor1.5,pair,SUI/USDT:USDT,6,-11.966970419999988,-1.196697041999999,0.5812072577984199,2.0340153244959045,50.0,-0.5576463601752444,-0.24503631683149463,29.666666666666668,27.0,71.0,7.907697179999999,-11.19071837,2.867350424428376,4.582342503781411,3,100.0,"{""counterfactual_B_giveback60_floor1.5"": 3, ""stop_loss"": 3}"
1y,B_giveback60_floor1.5,pair,TAO/USDT:USDT,8,90.61039989999999,9.06103999,4.483107382772588,1.0728595117799211,62.5,4.5348295789242075,2.1683904408683423,69.125,25.0,336.0,89.84104199999999,-10.87537742,2.7983074130167487,8.817189151460989,5,100.0,"{""counterfactual_B_giveback60_floor1.5"": 4, ""max_hold_14d"": 1, ""stop_loss"": 1, ""trailing_stop_loss"": 2}"
1y,B_giveback60_floor1.5,pair,XRP/USDT:USDT,15,14.227424779999984,1.4227424779999984,1.2282347090523684,2.2132331117988397,46.666666666666664,0.046868308543754685,-0.03365607198755909,38.13333333333333,27.0,90.0,15.761865600000043,-11.32824335,2.2149721201937327,4.384476422113924,7,79.79243092734312,"{""counterfactual_B_giveback60_floor1.5"": 7, ""stale_loss_72h"": 1, ""stop_loss"": 7}"
1y,B_giveback60_floor1.5,pair,ZEC/USDT:USDT,2,4.22736921000002,0.4227369210000021,1.4315549263981429,0.9795668989999968,50.0,0.5213331191855817,0.5213331191855817,36.5,36.5,64.0,14.02303820000002,-9.79566899,2.363417265707944,7.229663028684103,1,100.0,"{""counterfactual_B_giveback60_floor1.5"": 1, ""trailing_stop_loss"": 1}"
1y,B_giveback60_floor1.5,side,long,14,106.72049787000006,10.672049787000006,3.5377771590954943,1.6392456901315775,57.14285714285714,2.0196556104124324,2.0830806594516265,125.57142857142857,94.5,336.0,32.23050720000002,-9.61008214,1.4122316728885607,6.292356969130308,8,82.50414269333403,"{""counterfactual_B_giveback60_floor1.5"": 5, ""max_hold_14d"": 3, ""stop_loss"": 4, ""swing_exit_long_1d"": 2}"
1y,B_giveback60_floor1.5,side,short,97,439.41430477,43.941430477,2.0397150078823634,6.559015307605804,48.45360824742268,1.357264797254058,-0.09597030213662201,49.824742268041234,25.0,336.0,137.47160580000002,-11.8579296,2.49502133864958,6.359219823910993,45,53.16294766448002,"{""counterfactual_B_giveback60_floor1.5"": 39, ""force_exit"": 1, ""max_hold_14d"": 6, ""stale_flat_120h"": 1, ""stale_loss_72h"": 4, ""stop_loss"": 34, ""trailing_stop_loss"": 12}"
1y,B_giveback60_floor1.5,month,2025-06,5,-12.140411230000012,-1.2140411230000012,0.4682292353858448,1.5131222353620168,40.0,-1.311366688249813,-3.0930916504261012,14.6,7.0,32.0,5.4414849999999815,-7.65298697,2.8503357717390747,3.828197637477999,2,100.0,"{""counterfactual_B_giveback60_floor1.5"": 2, ""stop_loss"": 2, ""trailing_stop_loss"": 1}"
1y,B_giveback60_floor1.5,month,2025-07,4,7.875596460000047,0.7875596460000047,1.71897528043178,0.7559341199999948,50.0,0.24308492706686563,0.5082794238864866,41.5,21.0,104.0,11.602874130000043,-7.5593412,1.7267502246765618,4.656447429478841,2,100.0,"{""counterfactual_B_giveback60_floor1.5"": 2, ""stop_loss"": 1, ""swing_exit_long_1d"": 1}"
1y,B_giveback60_floor1.5,month,2025-08,6,-2.6111293999999816,-0.2611129399999982,0.9250572115777138,2.1135134212287707,16.666666666666664,-0.5819633582413295,-1.8768286506092107,71.0,24.0,245.0,32.23050720000002,-8.15723606,3.6538412771281816,6.1141762887377995,1,100.0,"{""counterfactual_B_giveback60_floor1.5"": 1, ""stop_loss"": 3, ""swing_exit_long_1d"": 1, ""trailing_stop_loss"": 1}"
1y,B_giveback60_floor1.5,month,2025-09,10,7.148407780000008,0.7148407780000008,1.2300071836174429,2.2793110287155898,60.0,0.19367035710604433,1.107059257134509,52.8,41.5,121.0,16.032095999999996,-8.06092198,2.3660965960124205,4.50567985194453,5,99.37474704888868,"{""counterfactual_B_giveback60_floor1.5"": 5, ""stale_flat_120h"": 1, ""stop_loss"": 3, ""trailing_stop_loss"": 1}"
1y,B_giveback60_floor1.5,month,2025-10,8,20.08199058999999,2.008199058999999,1.6079110868137607,3.1642891713717742,50.0,0.3662408047507013,-0.03982629695366191,55.0,17.5,336.0,21.014532000000006,-8.6008338,2.463269362177305,4.467553123324498,4,100.0,"{""counterfactual_B_giveback60_floor1.5"": 3, ""max_hold_14d"": 1, ""stop_loss"": 3, ""trailing_stop_loss"": 1}"
1y,B_giveback60_floor1.5,month,2025-11,12,27.97225013999997,2.7972250139999972,1.5487148284700971,2.501558328728646,50.0,1.5955910657596022,-0.09841705985472926,49.583333333333336,18.0,336.0,49.64326500000001,-8.88459075,2.650103270223461,6.781539168069279,6,94.91821262289739,"{""counterfactual_B_giveback60_floor1.5"": 5, ""max_hold_14d"": 1, ""stop_loss"": 6}"
1y,B_giveback60_floor1.5,month,2025-12,13,12.124139440000015,1.2124139440000015,1.2073223007995373,3.5654875826936716,46.15384615384615,0.24353468310542345,-1.4136308435481033,54.15384615384615,33.0,336.0,23.82198652999999,-9.61251105,2.1213975636454934,4.293761118643027,6,93.14517086864629,"{""counterfactual_B_giveback60_floor1.5"": 5, ""max_hold_14d"": 1, ""stop_loss"": 6, ""trailing_stop_loss"": 1}"
1y,B_giveback60_floor1.5,month,2026-01,9,40.77206080000008,4.077206080000008,2.4273012211962244,1.869343959193419,66.66666666666666,0.8940800628322277,2.040239466401957,64.33333333333333,28.0,336.0,29.64496755000004,-9.79566899,1.7979303528302613,4.82610061104841,6,93.63457093693621,"{""counterfactual_B_giveback60_floor1.5"": 5, ""max_hold_14d"": 1, ""stop_loss"": 1, ""trailing_stop_loss"": 2}"
1y,B_giveback60_floor1.5,month,2026-02,15,300.3611766699999,30.03611766699999,10.076289714895756,1.695499804625326,73.33333333333333,7.327820372071364,2.272757231783224,95.13333333333334,35.0,336.0,89.84104199999999,-11.29793275,1.9462764954334264,13.938175280453358,11,86.07190897344091,"{""counterfactual_B_giveback60_floor1.5"": 8, ""max_hold_14d"": 3, ""stale_loss_72h"": 1, ""stop_loss"": 2, ""trailing_stop_loss"": 1}"
1y,B_giveback60_floor1.5,month,2026-03,9,-17.734989020000015,-1.7734989020000016,0.6867355328597314,5.544530654826301,33.33333333333333,-0.604336981814501,-2.7242796977599326,51.55555555555556,41.0,90.0,14.075739999999973,-11.36564162,2.1540586627970337,5.027380768247165,3,100.0,"{""counterfactual_B_giveback60_floor1.5"": 3, ""stale_loss_72h"": 1, ""stop_loss"": 5}"
1y,B_giveback60_floor1.5,month,2026-04,4,-18.335193440000005,-1.8335193440000004,0.4057454209568551,2.0793085333164614,25.0,-1.5099851042019292,-2.2522245376305845,34.25,24.0,77.0,12.518911999999993,-11.23519559,2.630002484604458,2.480630145074981,1,100.0,"{""counterfactual_B_giveback60_floor1.5"": 1, ""stop_loss"": 2, ""trailing_stop_loss"": 1}"
1y,B_giveback60_floor1.5,month,2026-05,4,-6.663025459999963,-0.6663025459999963,0.6256884003182375,1.780074533000004,25.0,-0.9382813345281861,-1.001017388506337,40.75,38.5,74.0,11.137719870000037,-9.84715213,2.707063751968944,2.912688347903087,1,100.0,"{""counterfactual_B_giveback60_floor1.5"": 1, ""stale_loss_72h"": 1, ""trailing_stop_loss"": 2}"
1y,B_giveback60_floor1.5,month,2026-06,12,187.28392931000002,18.728392931000002,4.370927153022334,4.847437181829682,50.0,3.257878043998826,0.0783708685230734,74.08333333333333,13.5,336.0,137.47160580000002,-11.8579296,2.487478658601844,7.763638432654472,5,98.73346843765242,"{""counterfactual_B_giveback60_floor1.5"": 3, ""force_exit"": 1, ""max_hold_14d"": 2, ""stale_loss_72h"": 1, ""stop_loss"": 4, ""trailing_stop_loss"": 1}"
1y,B_giveback60_floor1.5,market_period,pressure_202603_202605,17,-42.733207919999984,-4.273320791999998,0.5940544415471807,6.695505272791354,29.411764705882355,-0.8960057994853512,-2.078238929345367,44.94117647058823,39.0,90.0,14.075739999999973,-11.36564162,2.3961642889098185,3.930570640360986,5,100.0,"{""counterfactual_B_giveback60_floor1.5"": 5, ""stale_loss_72h"": 2, ""stop_loss"": 7, ""trailing_stop_loss"": 3}"
1y,B_giveback60_floor1.5,market_period,strong_202601_202602,24,341.13323747,34.113323746999995,6.53259710599655,1.869343959193419,70.83333333333334,4.915167756106688,2.217644294944259,83.58333333333333,31.5,336.0,89.84104199999999,-11.29793275,1.8906466919572396,10.521147279426502,17,73.70921285773136,"{""counterfactual_B_giveback60_floor1.5"": 13, ""max_hold_14d"": 4, ""stale_loss_72h"": 1, ""stop_loss"": 3, ""trailing_stop_loss"": 3}"
1y,B_giveback60_floor1.5,market_period,repair_202606,12,187.28392931000002,18.728392931000002,4.370927153022334,4.847437181829682,50.0,3.257878043998826,0.0783708685230734,74.08333333333333,13.5,336.0,137.47160580000002,-11.8579296,2.487478658601844,7.763638432654472,5,98.73346843765242,"{""counterfactual_B_giveback60_floor1.5"": 3, ""force_exit"": 1, ""max_hold_14d"": 2, ""stale_loss_72h"": 1, ""stop_loss"": 4, ""trailing_stop_loss"": 1}"
1y,C_giveback70_floor2,all,all,111,608.3581422999999,60.83581423,2.2118619010979153,9.866162066616544,41.44144144144144,1.672553235403564,-1.0240577650724962,92.51351351351352,48.0,429.0,137.47160580000002,-11.8579296,2.821835185069035,8.26876447967478,35,43.71316201348818,"{""counterfactual_C_giveback70_floor2"": 25, ""force_exit"": 1, ""max_hold_14d"": 10, ""roi"": 1, ""stale_flat_120h"": 7, ""stale_loss_72h"": 10, ""stale_low_profit_240h"": 1, ""stop_loss"": 40, ""swing_exit_long_1d"": 3, ""trailing_stop_loss"": 13}"
1y,C_giveback70_floor2,entry_tag,long_1d_center_compression,14,104.38692593999995,10.438692593999995,3.0607437691152355,1.5629462649525991,50.0,1.9809005776804507,0.6907757235193633,178.92857142857142,107.5,429.0,42.8444889,-9.61008214,4.328266876439148,9.054193483969891,5,86.74452203731715,"{""counterfactual_C_giveback70_floor2"": 4, ""max_hold_14d"": 1, ""roi"": 1, ""stop_loss"": 5, ""swing_exit_long_1d"": 3}"
1y,C_giveback70_floor2,entry_tag,short_compression_breakdown,28,95.30852947000001,9.530852947000001,1.6339334679873845,6.136115917786219,32.142857142857146,0.9722612603755397,-2.350348302060375,74.03571428571429,28.5,336.0,98.92410600000001,-11.36564162,2.8682847595705443,6.951090413714754,7,90.78223557119834,"{""counterfactual_C_giveback70_floor2"": 4, ""force_exit"": 1, ""max_hold_14d"": 3, ""stale_flat_120h"": 1, ""stale_loss_72h"": 4, ""stop_loss"": 9, ""trailing_stop_loss"": 6}"
1y,C_giveback70_floor2,entry_tag,short_pullback_restart,69,408.66268689,40.866268688999995,2.357668921563553,9.72151330189449,43.47826086956522,1.8941664601703503,-0.7109770292234062,82.47826086956522,47.0,336.0,137.47160580000002,-11.8579296,2.4973332754281095,8.644110389627667,23,64.57798562855011,"{""counterfactual_C_giveback70_floor2"": 17, ""max_hold_14d"": 6, ""stale_flat_120h"": 6, ""stale_loss_72h"": 6, ""stale_low_profit_240h"": 1, ""stop_loss"": 26, ""trailing_stop_loss"": 7}"
1y,C_giveback70_floor2,pair,ADA/USDT:USDT,13,236.10472198000002,23.610472198,6.597932245418118,2.039682389523222,46.15384615384615,5.858835118571529,-0.09663576197330662,122.6923076923077,73.0,336.0,137.47160580000002,-11.23519559,2.345147779951802,12.708828842906195,5,98.89476190904985,"{""counterfactual_C_giveback70_floor2"": 2, ""force_exit"": 1, ""max_hold_14d"": 3, ""stale_loss_72h"": 3, ""stop_loss"": 2, ""trailing_stop_loss"": 2}"
1y,C_giveback70_floor2,pair,BNB/USDT:USDT,9,66.4430722,6.644307220000001,2.698216123370058,1.8913522119999926,44.44444444444444,2.323107108567185,-1.1497042210454975,106.55555555555556,104.0,336.0,74.32692120000003,-11.32710287,4.880015136869588,8.965666834380642,2,100.0,"{""counterfactual_C_giveback70_floor2"": 1, ""max_hold_14d"": 1, ""stale_flat_120h"": 2, ""stop_loss"": 4, ""swing_exit_long_1d"": 1}"
1y,C_giveback70_floor2,pair,BTC/USDT:USDT,11,94.94858319000002,9.494858319000002,3.209138012315536,2.845795321121995,45.45454545454545,2.371318785498334,-0.09597030213662201,116.18181818181819,77.0,336.0,98.92410600000001,-11.26254354,1.5905316872323694,7.757837207757579,3,100.0,"{""counterfactual_C_giveback70_floor2"": 1, ""max_hold_14d"": 2, ""stale_flat_120h"": 2, ""stale_loss_72h"": 1, ""stop_loss"": 3, ""swing_exit_long_1d"": 1, ""trailing_stop_loss"": 1}"
1y,C_giveback70_floor2,pair,DOGE/USDT:USDT,6,-29.614963800000023,-2.961496380000002,0.21774885478708317,2.961496380000005,16.666666666666664,-1.158624749869623,-1.8647781691150183,50.5,41.5,131.0,8.243675309999977,-11.67556629,2.5385350945903395,5.184438096546056,1,100.0,"{""counterfactual_C_giveback70_floor2"": 1, ""stale_loss_72h"": 1, ""stop_loss"": 3, ""trailing_stop_loss"": 1}"
1y,C_giveback70_floor2,pair,ETH/USDT:USDT,12,47.376245379999986,4.737624537999999,1.9393861348903745,2.3702432864024225,41.66666666666667,0.8476219287901966,-1.0065874851050554,82.25,45.5,336.0,47.692509989999984,-10.68252069,2.32282123615071,8.0788851219779,5,100.0,"{""counterfactual_C_giveback70_floor2"": 4, ""max_hold_14d"": 1, ""stale_loss_72h"": 1, ""stop_loss"": 3, ""trailing_stop_loss"": 3}"
1y,C_giveback70_floor2,pair,LINK/USDT:USDT,5,-14.052333129999983,-1.4052333129999983,0.5424958487699821,1.5912360091091242,40.0,-0.8818191866834604,-3.4525600302844768,21.4,20.0,46.0,9.44944416,-11.8579296,3.50974774993026,5.362604679262265,2,100.0,"{""counterfactual_C_giveback70_floor2"": 2, ""stop_loss"": 3}"
1y,C_giveback70_floor2,pair,NEAR/USDT:USDT,10,42.45792685999998,4.245792685999998,1.8076092364219096,2.736203865005613,40.0,1.7756117881022315,-2.737154100862398,61.4,28.5,336.0,52.263654999999986,-10.00882771,2.8554227487116624,9.732134684105247,4,100.0,"{""counterfactual_C_giveback70_floor2"": 3, ""max_hold_14d"": 1, ""stop_loss"": 4, ""trailing_stop_loss"": 2}"
1y,C_giveback70_floor2,pair,PAXG/USDT:USDT,4,43.976524010000006,4.397652401,3.629570144328752,1.672384519000002,50.0,2.4594368881969415,1.0868112232269724,328.5,400.0,429.0,42.8444889,-8.60223005,5.525330059263598,9.058932527826753,0,100.0,"{""roi"": 1, ""stop_loss"": 2, ""swing_exit_long_1d"": 1}"
1y,C_giveback70_floor2,pair,SOL/USDT:USDT,10,74.40410302999996,7.440410302999996,2.426309328982684,2.305227963338692,40.0,1.5278388073235496,-1.882066203286855,86.2,29.5,336.0,84.8102296,-11.36564162,2.8425780556291196,8.874008801244138,4,100.0,"{""counterfactual_C_giveback70_floor2"": 3, ""max_hold_14d"": 1, ""stop_loss"": 5, ""trailing_stop_loss"": 1}"
1y,C_giveback70_floor2,pair,SUI/USDT:USDT,6,-12.341692660000032,-1.2341692660000032,0.5680935833306311,2.0347713369078337,50.0,-0.5193236857054727,-1.2010005947002353,66.5,66.0,132.0,9.510623039999997,-11.19071837,2.867350424428376,6.809672475431057,2,100.0,"{""counterfactual_C_giveback70_floor2"": 2, ""stale_flat_120h"": 1, ""stop_loss"": 3}"
1y,C_giveback70_floor2,pair,TAO/USDT:USDT,8,71.73067838999998,7.173067838999998,3.135448714108416,1.4135461892733558,50.0,3.628287673095423,-0.5330429703445487,90.625,51.5,336.0,89.84104199999999,-10.87537742,3.067516210503182,9.28398103392905,3,100.0,"{""counterfactual_C_giveback70_floor2"": 2, ""max_hold_14d"": 1, ""stale_flat_120h"": 1, ""stale_loss_72h"": 1, ""stop_loss"": 1, ""trailing_stop_loss"": 2}"
1y,C_giveback70_floor2,pair,XRP/USDT:USDT,15,-13.730237359999993,-1.3730237359999993,0.7897064918586454,3.551078216999986,33.33333333333333,-0.31925294952789923,-0.48731711605384564,69.66666666666667,71.0,266.0,14.22634919,-11.32824335,2.3409733612287598,5.322548260390041,3,100.0,"{""counterfactual_C_giveback70_floor2"": 3, ""stale_flat_120h"": 1, ""stale_loss_72h"": 3, ""stale_low_profit_240h"": 1, ""stop_loss"": 7}"
1y,C_giveback70_floor2,pair,ZEC/USDT:USDT,2,0.655514210000014,0.0655514210000014,1.0669187791736534,0.9795668989999968,50.0,-0.1541776383627831,-0.1541776383627831,40.5,40.5,72.0,10.451183200000013,-9.79566899,2.363417265707944,7.229663028684103,1,100.0,"{""counterfactual_C_giveback70_floor2"": 1, ""trailing_stop_loss"": 1}"
1y,C_giveback70_floor2,side,long,14,104.38692593999995,10.438692593999995,3.0607437691152355,1.5629462649525991,50.0,1.9809005776804507,0.6907757235193633,178.92857142857142,107.5,429.0,42.8444889,-9.61008214,4.328266876439148,9.054193483969891,5,86.74452203731715,"{""counterfactual_C_giveback70_floor2"": 4, ""max_hold_14d"": 1, ""roi"": 1, ""stop_loss"": 5, ""swing_exit_long_1d"": 3}"
1y,C_giveback70_floor2,side,short,97,503.97121635999997,50.397121635999994,2.116591507876587,9.981415556945109,40.20618556701031,1.6280494952811266,-1.0240577650724962,80.04123711340206,41.0,336.0,137.47160580000002,-11.8579296,2.6044120543558225,8.15540359245693,30,50.807515887907954,"{""counterfactual_C_giveback70_floor2"": 21, ""force_exit"": 1, ""max_hold_14d"": 9, ""stale_flat_120h"": 7, ""stale_loss_72h"": 10, ""stale_low_profit_240h"": 1, ""stop_loss"": 35, ""trailing_stop_loss"": 13}"
1y,C_giveback70_floor2,month,2025-06,5,-9.130861230000036,-0.9130861230000037,0.6000526698910792,1.5085957866553252,40.0,-1.0336899540441935,-3.0930916504261012,29.4,32.0,47.0,7.248062999999986,-7.65298697,2.8503357717390747,5.58624172487742,2,100.0,"{""counterfactual_C_giveback70_floor2"": 2, ""stop_loss"": 2, ""trailing_stop_loss"": 1}"
1y,C_giveback70_floor2,month,2025-07,4,20.802131460000023,2.0802131460000024,2.8990584873151533,0.7559341199999948,50.0,1.2162887877154205,0.6907757235193633,120.25,62.5,336.0,23.139000599999992,-7.5593412,1.7267502246765618,5.960406609261539,2,100.0,"{""counterfactual_C_giveback70_floor2"": 1, ""max_hold_14d"": 1, ""stop_loss"": 1, ""swing_exit_long_1d"": 1}"
1y,C_giveback70_floor2,month,2025-08,6,-10.75864940000002,-1.0758649400000022,0.6912128576646707,2.13054972331988,16.666666666666664,-0.9596115007037199,-1.8768286506092107,76.66666666666667,24.0,279.0,24.08298719999998,-8.15723606,3.6538412771281816,6.1141762887377995,1,100.0,"{""counterfactual_C_giveback70_floor2"": 1, ""stop_loss"": 3, ""swing_exit_long_1d"": 1, ""trailing_stop_loss"": 1}"
1y,C_giveback70_floor2,month,2025-09,10,-4.965511590000036,-0.4965511590000036,0.8402296887383671,2.287057183161668,60.0,-0.3232716461681562,0.28405275868449836,75.2,99.0,125.0,11.934495999999989,-8.06092198,2.3660965960124205,4.87991244832151,3,99.08469596855151,"{""counterfactual_C_giveback70_floor2"": 3, ""stale_flat_120h"": 3, ""stop_loss"": 3, ""trailing_stop_loss"": 1}"
1y,C_giveback70_floor2,month,2025-10,7,-3.322225450000012,-0.3322225450000012,0.92020910927856,4.010023335462172,28.57142857142857,-0.533358187890397,-2.291505922452752,96.57142857142857,22.0,429.0,26.567999699999966,-8.60223005,8.405368824821851,8.319318586256307,2,100.0,"{""counterfactual_C_giveback70_floor2"": 2, ""stop_loss"": 4, ""trailing_stop_loss"": 1}"
1y,C_giveback70_floor2,month,2025-11,13,80.74332021999994,8.074332021999995,2.583893211410537,1.7075974491184334,53.84615384615385,2.8018010369925017,0.4146374497774663,102.92307692307692,70.0,336.0,49.64326500000001,-8.88459075,2.578452232959332,10.063208225304704,6,94.094429041296,"{""counterfactual_C_giveback70_floor2"": 4, ""max_hold_14d"": 2, ""stale_flat_120h"": 1, ""stop_loss"": 6}"
1y,C_giveback70_floor2,month,2025-12,13,3.7903638199999925,0.37903638199999923,1.0642884058250568,3.648255005779588,38.46153846153847,0.06546293377153478,-1.4136308435481033,77.61538461538461,37.0,417.0,17.8558803,-9.61251105,2.2086891815211134,5.579261253094227,4,100.0,"{""counterfactual_C_giveback70_floor2"": 4, ""stale_loss_72h"": 1, ""stop_loss"": 6, ""swing_exit_long_1d"": 1, ""trailing_stop_loss"": 1}"
1y,C_giveback70_floor2,month,2026-01,7,22.422394610000005,2.2422394610000005,1.6783988511447756,1.877017275000003,42.857142857142854,0.5584391786795637,-1.0240577650724962,92.85714285714286,37.0,383.0,42.8444889,-9.79566899,2.463878144714382,6.217256775733239,1,100.0,"{""counterfactual_C_giveback70_floor2"": 1, ""roi"": 1, ""stale_flat_120h"": 1, ""stop_loss"": 2, ""trailing_stop_loss"": 2}"
1y,C_giveback70_floor2,month,2026-02,17,392.02540232,39.202540232,8.028592951228303,2.9815372765051453,52.94117647058824,8.134779041974953,0.6318677262188901,153.05882352941177,74.0,336.0,98.92410600000001,-11.29793275,2.1648639045111255,17.3756073971472,8,86.46556902039804,"{""counterfactual_C_giveback70_floor2"": 3, ""max_hold_14d"": 5, ""stale_flat_120h"": 1, ""stale_loss_72h"": 4, ""stop_loss"": 2, ""trailing_stop_loss"": 2}"
1y,C_giveback70_floor2,month,2026-03,7,-46.16228841999999,-4.616228841999999,0.18460594097020355,5.602791363033562,14.285714285714285,-1.7741063876084007,-2.9016151902351184,45.57142857142857,39.0,76.0,10.451183200000013,-11.36564162,2.6809248553957996,4.382100144235081,1,100.0,"{""counterfactual_C_giveback70_floor2"": 1, ""stale_loss_72h"": 1, ""stop_loss"": 5}"
1y,C_giveback70_floor2,month,2026-04,6,-16.66009193,-1.6660091929999998,0.4704474991264323,2.075839996921813,33.33333333333333,-0.8729974186156231,-1.1040338090651767,94.16666666666667,74.0,266.0,12.08256561,-11.23519559,1.9823386949647956,4.282902752282883,0,100.0,"{""stale_flat_120h"": 1, ""stale_loss_72h"": 1, ""stale_low_profit_240h"": 1, ""stop_loss"": 2, ""trailing_stop_loss"": 1}"
1y,C_giveback70_floor2,month,2026-05,4,-18.26444442,-1.8264444420000001,0.0,1.8264444420000019,0.0,-1.5404313167957213,-1.032347339449523,49.0,43.0,98.0,-0.16317601,-9.84715213,2.71262713747447,2.912688347903087,0,0.0,"{""stale_loss_72h"": 2, ""trailing_stop_loss"": 2}"
1y,C_giveback70_floor2,month,2026-06,12,197.83860231000003,19.783860231000002,4.560900921396661,4.797350202164676,50.0,3.585358453180278,0.0783708685230734,89.5,50.5,336.0,137.47160580000002,-11.8579296,2.487478658601844,9.338292712271246,5,98.78622287757796,"{""counterfactual_C_giveback70_floor2"": 3, ""force_exit"": 1, ""max_hold_14d"": 2, ""stale_loss_72h"": 1, ""stop_loss"": 4, ""trailing_stop_loss"": 1}"
1y,C_giveback70_floor2,market_period,pressure_202603_202605,17,-81.08682476999998,-8.108682476999999,0.23746585751335508,9.05912225072647,17.647058823529413,-1.4010855583609074,-2.078238929345367,63.529411764705884,39.0,266.0,12.08256561,-11.36564162,2.441824394556309,4.001345347938543,1,100.0,"{""counterfactual_C_giveback70_floor2"": 1, ""stale_flat_120h"": 1, ""stale_loss_72h"": 4, ""stale_low_profit_240h"": 1, ""stop_loss"": 7, ""trailing_stop_loss"": 3}"
1y,C_giveback70_floor2,market_period,strong_202601_202602,24,414.44779693000004,41.44477969300001,5.665747615098226,2.935660275949759,50.0,5.925013248513799,0.26761598212279175,135.5,73.0,383.0,98.92410600000001,-11.29793275,2.2520763912370754,14.12108846590146,9,76.9347670097821,"{""counterfactual_C_giveback70_floor2"": 4, ""max_hold_14d"": 5, ""roi"": 1, ""stale_flat_120h"": 2, ""stale_loss_72h"": 4, ""stop_loss"": 4, ""trailing_stop_loss"": 4}"
1y,C_giveback70_floor2,market_period,repair_202606,12,197.83860231000003,19.783860231000002,4.560900921396661,4.797350202164676,50.0,3.585358453180278,0.0783708685230734,89.5,50.5,336.0,137.47160580000002,-11.8579296,2.487478658601844,9.338292712271246,5,98.78622287757796,"{""counterfactual_C_giveback70_floor2"": 3, ""force_exit"": 1, ""max_hold_14d"": 2, ""stale_loss_72h"": 1, ""stop_loss"": 4, ""trailing_stop_loss"": 1}"
1y,D_atr1h_1.5,all,all,111,272.23085590217653,27.223085590217654,1.5858429462712313,4.454266038187789,49.549549549549546,0.6031599146974103,-0.03365607198755909,35.4054054054054,22.0,325.0,29.353144210616946,-11.8579296,2.3584532726977394,3.9966804206093776,53,17.67616014917395,"{""counterfactual_D_atr1h_1.5"": 53, ""force_exit"": 1, ""stale_flat_120h"": 1, ""stale_loss_72h"": 4, ""stop_loss"": 38, ""swing_exit_long_1d"": 2, ""trailing_stop_loss"": 12}"
1y,D_atr1h_1.5,entry_tag,long_1d_center_compression,14,105.37026072921714,10.537026072921714,3.5056689789086346,1.2593501939206464,57.14285714285714,2.0536122971783466,3.9299140301543813,97.42857142857143,28.5,325.0,22.77474192096594,-9.61008214,1.4122316728885607,4.630450188744719,8,70.65944369807855,"{""counterfactual_D_atr1h_1.5"": 8, ""stop_loss"": 4, ""swing_exit_long_1d"": 2}"
1y,D_atr1h_1.5,entry_tag,short_compression_breakdown,28,57.9513429300324,5.79513429300324,1.4425437177607348,2.699231007897227,46.42857142857143,0.4474420986696913,-1.0321745035808685,27.071428571428573,20.0,76.0,29.353144210616946,-11.36564162,2.6415248676090832,3.7147118350531136,12,59.78096653655375,"{""counterfactual_D_atr1h_1.5"": 12, ""force_exit"": 1, ""stale_loss_72h"": 1, ""stop_loss"": 9, ""trailing_stop_loss"": 5}"
1y,D_atr1h_1.5,entry_tag,short_pullback_restart,69,108.90925224292701,10.890925224292701,1.3733873374782193,6.809783393355552,49.275362318840585,0.37205506678499023,-0.03365607198755909,26.202898550724637,22.0,121.0,28.356912061129336,-11.8579296,2.4355706312457235,3.982511487880111,33,30.455237165663394,"{""counterfactual_D_atr1h_1.5"": 33, ""stale_flat_120h"": 1, ""stale_loss_72h"": 3, ""stop_loss"": 25, ""trailing_stop_loss"": 7}"
1y,D_atr1h_1.5,pair,ADA/USDT:USDT,13,92.9748389541546,9.29748389541546,4.062493288455843,1.0472997579996943,69.23076923076923,2.085678870287057,3.2377476997788466,36.15384615384615,37.0,73.0,29.353144210616946,-11.23519559,2.0224088111033836,5.045967645844469,8,80.06774430020087,"{""counterfactual_D_atr1h_1.5"": 8, ""force_exit"": 1, ""stale_loss_72h"": 1, ""stop_loss"": 2, ""trailing_stop_loss"": 1}"
1y,D_atr1h_1.5,pair,BNB/USDT:USDT,9,22.765737138492355,2.2765737138492352,1.5818686672497402,1.8913522119999926,44.44444444444444,0.4544414428273035,-1.1497042210454975,31.333333333333332,24.0,104.0,26.193526218659184,-11.32710287,2.2227025364819397,3.702273487057418,4,100.0,"{""counterfactual_D_atr1h_1.5"": 4, ""stop_loss"": 4, ""swing_exit_long_1d"": 1}"
1y,D_atr1h_1.5,pair,BTC/USDT:USDT,11,10.276147598308695,1.0276147598308696,1.2390918065008014,3.0769659288146127,45.45454545454545,0.5643461765203758,-0.09597030213662201,42.63636363636363,21.0,121.0,22.933259039215177,-11.26254354,1.5905316872323694,3.6052807003325804,4,100.0,"{""counterfactual_D_atr1h_1.5"": 4, ""stale_flat_120h"": 1, ""stale_loss_72h"": 1, ""stop_loss"": 3, ""swing_exit_long_1d"": 1, ""trailing_stop_loss"": 1}"
1y,D_atr1h_1.5,pair,DOGE/USDT:USDT,6,-20.787962297851703,-2.07879622978517,0.4221483657462007,2.0787962297851776,33.33333333333333,-0.6821025981949933,-1.8647781691150183,23.666666666666668,22.5,50.0,10.04570564477408,-11.67556629,2.4663841299276457,3.555173130537915,2,100.0,"{""counterfactual_D_atr1h_1.5"": 2, ""stop_loss"": 3, ""trailing_stop_loss"": 1}"
1y,D_atr1h_1.5,pair,ETH/USDT:USDT,12,49.7897376886843,4.97897376886843,2.0836317015882386,1.524625578789471,50.0,0.7803484283781745,1.0163335663694544,21.333333333333332,18.5,73.0,22.77474192096594,-10.68252069,2.1826168987401475,4.495530860713183,6,93.37890748935705,"{""counterfactual_D_atr1h_1.5"": 6, ""stale_loss_72h"": 1, ""stop_loss"": 2, ""trailing_stop_loss"": 3}"
1y,D_atr1h_1.5,pair,LINK/USDT:USDT,5,-16.35176552510036,-1.6351765525100364,0.46763284513215075,1.635176552510029,40.0,-1.0851339791292682,-3.4525600302844768,11.0,5.0,25.0,7.468417754933388,-11.8579296,3.50974774993026,2.7252368366771997,2,100.0,"{""counterfactual_D_atr1h_1.5"": 2, ""stop_loss"": 3}"
1y,D_atr1h_1.5,pair,NEAR/USDT:USDT,10,-7.938263387331021,-0.793826338733102,0.8490031118594656,2.4537044318864862,40.0,-0.5002629406164815,-2.737154100862398,21.0,23.5,36.0,22.36563781482544,-10.00882771,2.8297981490960313,3.9526912299863435,4,100.0,"{""counterfactual_D_atr1h_1.5"": 4, ""stop_loss"": 4, ""trailing_stop_loss"": 2}"
1y,D_atr1h_1.5,pair,PAXG/USDT:USDT,4,50.92582331967395,5.092582331967395,7.270405878857486,0.7985750820131363,75.0,3.1157759477087374,4.780682327452756,247.75,290.5,325.0,21.51615953389214,-8.12161514,1.2981601977087505,4.7505052422865734,3,100.0,"{""counterfactual_D_atr1h_1.5"": 3, ""stop_loss"": 1}"
1y,D_atr1h_1.5,pair,SOL/USDT:USDT,10,12.159604915145621,1.215960491514562,1.23309679467842,2.809775915838332,40.0,0.1525640334976616,-1.882066203286855,20.6,22.0,47.0,23.421110539107175,-11.36564162,2.8425780556291196,3.6295179142293383,4,100.0,"{""counterfactual_D_atr1h_1.5"": 4, ""stop_loss"": 5, ""trailing_stop_loss"": 1}"
1y,D_atr1h_1.5,pair,SUI/USDT:USDT,6,-4.219258362924803,-0.4219258362924803,0.8523440170861365,2.0185090305141995,50.0,0.1459163245038182,0.4927893576632951,23.666666666666668,12.0,66.0,9.69260779294515,-11.19071837,2.867350424428376,4.1590421391129,3,100.0,"{""counterfactual_D_atr1h_1.5"": 3, ""stop_loss"": 3}"
1y,D_atr1h_1.5,pair,TAO/USDT:USDT,8,28.44616433928923,2.844616433928923,2.0934842482881555,1.048382809848763,62.5,1.3893252141041734,3.3662050503615113,26.5,16.0,79.0,20.576003729901867,-10.87537742,2.7983074130167487,4.417094654450695,5,100.0,"{""counterfactual_D_atr1h_1.5"": 5, ""stop_loss"": 1, ""trailing_stop_loss"": 2}"
1y,D_atr1h_1.5,pair,XRP/USDT:USDT,15,54.383269999747874,5.438326999974787,1.8724101513548022,2.310977897482087,46.666666666666664,0.6230943277198909,-0.03365607198755909,32.2,26.0,76.0,22.583055443858182,-11.32824335,2.2149721201937327,3.593616080087636,7,84.54846635164732,"{""counterfactual_D_atr1h_1.5"": 7, ""stale_loss_72h"": 1, ""stop_loss"": 7}"
1y,D_atr1h_1.5,pair,ZEC/USDT:USDT,2,-0.19321847811218618,-0.019321847811218616,0.9802751115508869,0.9795668989999968,50.0,-0.3146903302561359,-0.3146903302561359,6.0,6.0,9.0,9.602450511887813,-9.79566899,2.363417265707944,3.566220613207696,1,100.0,"{""counterfactual_D_atr1h_1.5"": 1, ""trailing_stop_loss"": 1}"
1y,D_atr1h_1.5,side,long,14,105.37026072921714,10.537026072921714,3.5056689789086346,1.2593501939206464,57.14285714285714,2.0536122971783466,3.9299140301543813,97.42857142857143,28.5,325.0,22.77474192096594,-9.61008214,1.4122316728885607,4.630450188744719,8,70.65944369807855,"{""counterfactual_D_atr1h_1.5"": 8, ""stop_loss"": 4, ""swing_exit_long_1d"": 2}"
1y,D_atr1h_1.5,side,short,97,166.86059517295942,16.68605951729594,1.394815241885029,5.619309568691199,48.45360824742268,0.39381627186511015,-0.09597030213662201,26.45360824742268,21.0,121.0,29.353144210616946,-11.8579296,2.49502133864958,3.9052084953114936,45,22.09671342718811,"{""counterfactual_D_atr1h_1.5"": 45, ""force_exit"": 1, ""stale_flat_120h"": 1, ""stale_loss_72h"": 4, ""stop_loss"": 34, ""trailing_stop_loss"": 12}"
1y,D_atr1h_1.5,month,2025-06,5,-5.281365829390891,-0.5281365829390892,0.7686671487402108,1.5028453592299122,40.0,-0.6946612554297057,-3.0930916504261012,14.6,7.0,32.0,8.83799480736196,-7.65298697,2.8503357717390747,3.828197637477999,2,100.0,"{""counterfactual_D_atr1h_1.5"": 2, ""stop_loss"": 2, ""trailing_stop_loss"": 1}"
1y,D_atr1h_1.5,month,2025-07,4,26.71423101769616,2.671423101769616,3.438783123921935,0.7559341199999948,50.0,1.63806705574391,1.6573772290279551,41.5,21.0,104.0,22.77474192096594,-7.5593412,1.7267502246765618,4.656447429478841,2,100.0,"{""counterfactual_D_atr1h_1.5"": 2, ""stop_loss"": 1, ""swing_exit_long_1d"": 1}"
1y,D_atr1h_1.5,month,2025-08,6,-12.495540655849265,-1.2495540655849264,0.6413618338511324,3.408007986554033,16.666666666666664,-1.040118668090929,-1.8768286506092107,35.0,24.0,110.0,22.346095944150736,-8.15723606,3.6538412771281816,3.6664568468519465,1,100.0,"{""counterfactual_D_atr1h_1.5"": 1, ""stop_loss"": 3, ""swing_exit_long_1d"": 1, ""trailing_stop_loss"": 1}"
1y,D_atr1h_1.5,month,2025-09,10,18.423527119496207,1.8423527119496206,1.5927954469680374,1.541513018361927,60.0,0.7398809375780672,1.776572260865108,40.8,24.0,121.0,16.137982919241672,-8.06092198,2.3660965960124205,3.6319149917037867,5,99.51715983184853,"{""counterfactual_D_atr1h_1.5"": 5, ""stale_flat_120h"": 1, ""stop_loss"": 3, ""trailing_stop_loss"": 1}"
1y,D_atr1h_1.5,month,2025-10,8,23.661338256893252,2.3661338256893254,1.7162631508441515,3.1767285115584647,50.0,0.4706619767783405,0.6579092686076242,51.75,17.5,316.0,17.013343257111345,-8.6008338,2.463269362177305,3.3146732712779174,4,100.0,"{""counterfactual_D_atr1h_1.5"": 4, ""stop_loss"": 3, ""trailing_stop_loss"": 1}"
1y,D_atr1h_1.5,month,2025-11,12,-11.045611532641768,-1.1045611532641768,0.7833248735033348,1.8324550412870448,50.0,-0.016055808342437732,0.29797313474038534,23.583333333333332,14.0,85.0,7.806844302715955,-8.88459075,2.650103270223461,4.008316876251501,6,87.12591276250954,"{""counterfactual_D_atr1h_1.5"": 6, ""stop_loss"": 6}"
1y,D_atr1h_1.5,month,2025-12,13,46.27857999962208,4.627857999962208,1.7913618719694544,3.4970675133826115,46.15384615384615,1.0473031122746077,-1.4136308435481033,47.23076923076923,31.0,265.0,22.583055443858182,-9.61251105,2.1213975636454934,4.180722210821006,6,93.38198481141465,"{""counterfactual_D_atr1h_1.5"": 6, ""stop_loss"": 6, ""trailing_stop_loss"": 1}"
1y,D_atr1h_1.5,month,2026-01,12,95.80850417106099,9.580850417106099,4.353953475031084,1.8825390362178673,75.0,2.128574062241063,3.550799682589426,47.416666666666664,14.0,325.0,22.933259039215177,-9.79566899,1.4885805747650687,4.810825859107382,9,73.95371069807035,"{""counterfactual_D_atr1h_1.5"": 9, ""stop_loss"": 1, ""trailing_stop_loss"": 2}"
1y,D_atr1h_1.5,month,2026-02,12,70.55795972863048,7.055795972863048,3.1321147136555396,2.1283915354089737,66.66666666666666,1.7927124074083796,3.7043658136131983,24.166666666666668,23.5,73.0,21.445503753382148,-11.29793275,2.2927128091494104,4.973564284294589,8,74.51629838638938,"{""counterfactual_D_atr1h_1.5"": 8, ""stale_loss_72h"": 1, ""stop_loss"": 2, ""trailing_stop_loss"": 1}"
1y,D_atr1h_1.5,month,2026-03,9,-1.1233143942546033,-0.11233143942546034,0.9801581785728581,5.568807620414744,33.33333333333333,-0.27172045071353196,-2.7242796977599326,39.77777777777778,39.0,76.0,29.353144210616946,-11.36564162,2.1540586627970337,4.02436154431485,3,100.0,"{""counterfactual_D_atr1h_1.5"": 3, ""stale_loss_72h"": 1, ""stop_loss"": 5}"
1y,D_atr1h_1.5,month,2026-04,4,-4.660579221340816,-0.4660579221340816,0.848947841628274,3.0066556309015033,25.0,-0.8109997366065687,-2.2522245376305845,21.0,21.0,30.0,26.193526218659184,-11.23519559,2.630002484604458,2.480630145074981,1,100.0,"{""counterfactual_D_atr1h_1.5"": 1, ""stop_loss"": 2, ""trailing_stop_loss"": 1}"
1y,D_atr1h_1.5,month,2026-05,4,2.1805861171146947,0.21805861171146945,1.1224997086745407,1.780074533000004,25.0,-0.4792793710556212,-1.001017388506337,37.5,32.0,74.0,19.981331447114695,-9.84715213,2.707063751968944,2.7736037102649282,1,100.0,"{""counterfactual_D_atr1h_1.5"": 1, ""stale_loss_72h"": 1, ""trailing_stop_loss"": 2}"
1y,D_atr1h_1.5,month,2026-06,12,23.212541125140028,2.3212541125140027,1.4178029874622249,4.5835136563931735,50.0,0.5064406246616825,0.0783708685230734,25.916666666666668,13.5,73.0,28.356912061129336,-11.8579296,2.487478658601844,3.6609507764378875,5,96.09542563742667,"{""counterfactual_D_atr1h_1.5"": 5, ""force_exit"": 1, ""stale_loss_72h"": 1, ""stop_loss"": 4, ""trailing_stop_loss"": 1}"
1y,D_atr1h_1.5,market_period,pressure_202603_202605,17,-3.6033074984807247,-0.36033074984807245,0.9657702581681589,5.568807620414744,29.411764705882355,-0.44744708747473805,-2.078238929345367,34.8235294117647,35.0,76.0,29.353144210616946,-11.36564162,2.3961642889098185,3.3668346658937227,5,100.0,"{""counterfactual_D_atr1h_1.5"": 5, ""stale_loss_72h"": 2, ""stop_loss"": 7, ""trailing_stop_loss"": 3}"
1y,D_atr1h_1.5,market_period,strong_202601_202602,24,166.36646389969147,16.636646389969147,3.6981792320581426,1.9494651060793664,70.83333333333334,1.9606432348247214,3.7043658136131983,35.791666666666664,19.5,325.0,22.933259039215177,-11.29793275,1.8906466919572396,4.892195071700986,17,44.67323375964458,"{""counterfactual_D_atr1h_1.5"": 17, ""stale_loss_72h"": 1, ""stop_loss"": 3, ""trailing_stop_loss"": 3}"
1y,D_atr1h_1.5,market_period,repair_202606,12,23.212541125140028,2.3212541125140027,1.4178029874622249,4.5835136563931735,50.0,0.5064406246616825,0.0783708685230734,25.916666666666668,13.5,73.0,28.356912061129336,-11.8579296,2.487478658601844,3.6609507764378875,5,96.09542563742667,"{""counterfactual_D_atr1h_1.5"": 5, ""force_exit"": 1, ""stale_loss_72h"": 1, ""stop_loss"": 4, ""trailing_stop_loss"": 1}"
1y,D_atr1h_2.0,all,all,111,211.07565026909438,21.107565026909437,1.4542364620276447,4.605904724912782,49.549549549549546,0.4177026837582391,-0.03365607198755909,36.270270270270274,22.0,327.0,27.174012280822595,-11.8579296,2.3584532726977394,4.116775270637671,53,18.3475468536503,"{""counterfactual_D_atr1h_2.0"": 53, ""force_exit"": 1, ""stale_flat_120h"": 1, ""stale_loss_72h"": 4, ""stop_loss"": 38, ""swing_exit_long_1d"": 2, ""trailing_stop_loss"": 12}"
1y,D_atr1h_2.0,entry_tag,long_1d_center_compression,14,106.67004708946129,10.667004708946129,3.5365774566853183,1.2658908704314606,57.14285714285714,2.075339530950303,3.4539848239961506,100.35714285714286,45.0,327.0,25.050303310981825,-9.61008214,1.4122316728885607,4.852603877908491,8,72.64608105691981,"{""counterfactual_D_atr1h_2.0"": 8, ""stop_loss"": 4, ""swing_exit_long_1d"": 2}"
1y,D_atr1h_2.0,entry_tag,short_compression_breakdown,28,43.06154477914799,4.306154477914799,1.328838214191042,2.736819066541578,46.42857142857143,0.31439296506973946,-1.0321745035808685,27.464285714285715,20.0,76.0,27.174012280822595,-11.36564162,2.6415248676090832,3.8441513395472384,12,58.30959308406031,"{""counterfactual_D_atr1h_2.0"": 12, ""force_exit"": 1, ""stale_loss_72h"": 1, ""stop_loss"": 9, ""trailing_stop_loss"": 5}"
1y,D_atr1h_2.0,entry_tag,short_pullback_restart,69,61.344058400485096,6.13440584004851,1.2103135790995487,8.168695489063554,49.275362318840585,0.12329335423054487,-0.03365607198755909,26.840579710144926,22.0,121.0,25.89021414817244,-11.8579296,2.4355706312457235,4.078106713662898,33,31.373950505269793,"{""counterfactual_D_atr1h_2.0"": 33, ""stale_flat_120h"": 1, ""stale_loss_72h"": 3, ""stop_loss"": 25, ""trailing_stop_loss"": 7}"
1y,D_atr1h_2.0,pair,ADA/USDT:USDT,13,83.82993803345933,8.382993803345933,3.7612698821207955,1.053860198262179,69.23076923076923,1.9240149517368432,2.874715850585228,36.92307692307692,37.0,73.0,27.174012280822595,-11.23519559,2.0224088111033836,5.273724331461537,8,78.02733245358291,"{""counterfactual_D_atr1h_2.0"": 8, ""force_exit"": 1, ""stale_loss_72h"": 1, ""stop_loss"": 2, ""trailing_stop_loss"": 1}"
1y,D_atr1h_2.0,pair,BNB/USDT:USDT,9,19.495558615938616,1.9495558615938615,1.4982862904959566,1.8913522119999926,44.44444444444444,0.37605443196232624,-1.1497042210454975,32.44444444444444,26.0,104.0,23.90888344866261,-11.32710287,2.2227025364819397,3.881289252050869,4,100.0,"{""counterfactual_D_atr1h_2.0"": 4, ""stop_loss"": 4, ""swing_exit_long_1d"": 1}"
1y,D_atr1h_2.0,pair,BTC/USDT:USDT,11,3.7983295757221724,0.37983295757221724,1.088374507202904,3.096207730548858,45.45454545454545,0.3579981219953894,-0.09597030213662201,43.0,21.0,121.0,20.75797671895356,-11.26254354,1.5905316872323694,3.6052807003325804,4,100.0,"{""counterfactual_D_atr1h_2.0"": 4, ""stale_flat_120h"": 1, ""stale_loss_72h"": 1, ""stop_loss"": 3, ""swing_exit_long_1d"": 1, ""trailing_stop_loss"": 1}"
1y,D_atr1h_2.0,pair,DOGE/USDT:USDT,6,-22.72677349663699,-2.272677349663699,0.36825442445098155,2.2726773496637067,33.33333333333333,-0.8091193068162374,-1.8647781691150183,24.333333333333332,24.0,50.0,8.310210919698738,-11.67556629,2.4663841299276457,3.704353702965084,2,100.0,"{""counterfactual_D_atr1h_2.0"": 2, ""stop_loss"": 3, ""trailing_stop_loss"": 1}"
1y,D_atr1h_2.0,pair,ETH/USDT:USDT,12,37.07098007315727,3.7070980073157274,1.8068186554304508,1.5308739856160345,50.0,0.4442989868023989,0.5973356841383237,21.75,20.5,73.0,20.527047851287897,-10.68252069,2.1826168987401475,4.495530860713183,6,94.4819812775943,"{""counterfactual_D_atr1h_2.0"": 6, ""stale_loss_72h"": 1, ""stop_loss"": 2, ""trailing_stop_loss"": 3}"
1y,D_atr1h_2.0,pair,LINK/USDT:USDT,5,-20.36559065680048,-2.036559065680048,0.33695407150246665,2.0365590656800348,40.0,-1.4300575775822217,-3.4525600302844768,11.0,5.0,25.0,5.8447049532445146,-11.8579296,3.50974774993026,2.7252368366771997,2,100.0,"{""counterfactual_D_atr1h_2.0"": 2, ""stop_loss"": 3}"
1y,D_atr1h_2.0,pair,NEAR/USDT:USDT,10,-16.88019359297337,-1.688019359297337,0.6789150750759185,2.457536318972969,40.0,-0.8516438624999505,-2.737154100862398,21.1,24.0,36.0,19.814991753100585,-10.00882771,2.8297981490960313,3.9526912299863435,4,100.0,"{""counterfactual_D_atr1h_2.0"": 4, ""stop_loss"": 4, ""trailing_stop_loss"": 2}"
1y,D_atr1h_2.0,pair,PAXG/USDT:USDT,4,50.87794476807746,5.087794476807747,7.2645106781158635,0.7986683718748638,75.0,3.1111724007292594,4.719466518910817,249.75,293.5,327.0,21.96159591923657,-8.12161514,1.2981601977087505,4.869384585100151,3,100.0,"{""counterfactual_D_atr1h_2.0"": 3, ""stop_loss"": 1}"
1y,D_atr1h_2.0,pair,SOL/USDT:USDT,10,16.95040244661959,1.6950402446619592,1.3249352677482906,2.794690486958222,40.0,0.2796188687121618,-1.882066203286855,24.3,22.0,61.0,25.050303310981825,-11.36564162,2.8425780556291196,4.0189984088115365,4,100.0,"{""counterfactual_D_atr1h_2.0"": 4, ""stop_loss"": 5, ""trailing_stop_loss"": 1}"
1y,D_atr1h_2.0,pair,SUI/USDT:USDT,6,-7.5976985308028,-0.75976985308028,0.7341130720254738,2.0252414840942365,50.0,-0.1636035557958476,0.14000838392611414,24.333333333333332,14.0,66.0,8.943474219183901,-11.19071837,2.867350424428376,4.256828963835006,3,100.0,"{""counterfactual_D_atr1h_2.0"": 3, ""stop_loss"": 3}"
1y,D_atr1h_2.0,pair,TAO/USDT:USDT,8,21.766380862456884,2.1766380862456884,1.8367101564713828,1.053469207191975,62.5,1.0782248613011869,2.7283860941924605,27.375,16.0,86.0,17.99816017320251,-10.87537742,2.7983074130167487,4.552703369977132,5,100.0,"{""counterfactual_D_atr1h_2.0"": 5, ""stop_loss"": 1, ""trailing_stop_loss"": 2}"
1y,D_atr1h_2.0,pair,XRP/USDT:USDT,15,44.123185796333175,4.412318579633317,1.7078190627193535,2.4754953046427772,46.666666666666664,0.4409406301143962,-0.03365607198755909,32.333333333333336,26.0,77.0,20.656118837633937,-11.32824335,2.2149721201937327,3.6430346345085227,7,86.69502706428297,"{""counterfactual_D_atr1h_2.0"": 7, ""stale_loss_72h"": 1, ""stop_loss"": 7}"
1y,D_atr1h_2.0,pair,ZEC/USDT:USDT,2,0.7331863745435161,0.07331863745435162,1.0748480144941603,0.9795668989999968,50.0,-0.13948824511720015,-0.13948824511720015,8.0,8.0,9.0,10.528855364543515,-9.79566899,2.363417265707944,4.106358020548144,1,100.0,"{""counterfactual_D_atr1h_2.0"": 1, ""trailing_stop_loss"": 1}"
1y,D_atr1h_2.0,side,long,14,106.67004708946129,10.667004708946129,3.5365774566853183,1.2658908704314606,57.14285714285714,2.075339530950303,3.4539848239961506,100.35714285714286,45.0,327.0,25.050303310981825,-9.61008214,1.4122316728885607,4.852603877908491,8,72.64608105691981,"{""counterfactual_D_atr1h_2.0"": 8, ""stop_loss"": 4, ""swing_exit_long_1d"": 2}"
1y,D_atr1h_2.0,side,short,97,104.40560317963309,10.440560317963309,1.2470380944691681,6.117289389661039,48.45360824742268,0.17845612849340517,-0.09597030213662201,27.02061855670103,21.0,121.0,27.174012280822595,-11.8579296,2.49502133864958,4.010573203608893,45,22.538974736351843,"{""counterfactual_D_atr1h_2.0"": 45, ""force_exit"": 1, ""stale_flat_120h"": 1, ""stale_loss_72h"": 4, ""stop_loss"": 34, ""trailing_stop_loss"": 12}"
1y,D_atr1h_2.0,month,2025-06,5,-8.564017362521202,-0.8564017362521202,0.6248814002458798,1.5077462663942303,40.0,-0.9885657618514136,-3.0930916504261012,14.6,7.0,32.0,7.137977124329516,-7.65298697,2.8503357717390747,3.828197637477999,2,100.0,"{""counterfactual_D_atr1h_2.0"": 2, ""stop_loss"": 2, ""trailing_stop_loss"": 1}"
1y,D_atr1h_2.0,month,2025-07,4,23.24200587026153,2.324200587026153,3.1217983645099374,0.7559341199999948,50.0,1.3812356036865803,1.4738440635371615,41.5,21.0,104.0,20.527047851287897,-7.5593412,1.7267502246765618,4.656447429478841,2,100.0,"{""counterfactual_D_atr1h_2.0"": 2, ""stop_loss"": 1, ""swing_exit_long_1d"": 1}"
1y,D_atr1h_2.0,month,2025-08,6,-14.482717741132355,-1.4482717741132354,0.5843272832616493,3.4146451759313905,16.666666666666664,-1.1322269090036217,-1.8768286506092107,35.0,24.0,110.0,20.358918858867646,-8.15723606,3.6538412771281816,3.6664568468519465,1,100.0,"{""counterfactual_D_atr1h_2.0"": 1, ""stop_loss"": 3, ""swing_exit_long_1d"": 1, ""trailing_stop_loss"": 1}"
1y,D_atr1h_2.0,month,2025-09,10,24.860799583316158,2.486079958331616,1.799921139170972,1.5286239171655496,60.0,0.8647085725140851,1.4390984558418587,45.1,31.0,121.0,25.050303310981825,-8.06092198,2.3660965960124205,4.062537486662048,5,99.57272260172512,"{""counterfactual_D_atr1h_2.0"": 5, ""stale_flat_120h"": 1, ""stop_loss"": 3, ""trailing_stop_loss"": 1}"
1y,D_atr1h_2.0,month,2025-10,8,17.802843186210858,1.7802843186210857,1.5389179773390382,3.188592644948623,50.0,0.2526016877228156,0.3655132279401876,52.125,17.5,318.0,16.89454922756337,-8.6008338,2.463269362177305,3.329582749446182,4,100.0,"{""counterfactual_D_atr1h_2.0"": 4, ""stop_loss"": 3, ""trailing_stop_loss"": 1}"
1y,D_atr1h_2.0,month,2025-11,12,-13.620845917623527,-1.3620845917623527,0.7328080474792142,1.7719148296892577,50.0,-0.12423444710442617,0.030558213332415818,24.916666666666668,15.5,85.0,10.223510031250635,-8.88459075,2.650103270223461,4.329643571883577,6,87.73733297857159,"{""counterfactual_D_atr1h_2.0"": 6, ""stop_loss"": 6}"
1y,D_atr1h_2.0,month,2025-12,13,35.32588620836938,3.5325886208369384,1.6040712450352497,3.51434873053044,46.15384615384615,0.7750645661683109,-1.4136308435481033,47.61538461538461,32.0,269.0,20.656118837633937,-9.61251105,2.1213975636454934,4.184081132431141,6,94.56058622409024,"{""counterfactual_D_atr1h_2.0"": 6, ""stop_loss"": 6, ""trailing_stop_loss"": 1}"
1y,D_atr1h_2.0,month,2026-01,12,84.43620689894806,8.443620689894805,3.955845224778175,1.8854278579769856,75.0,1.7947629137038197,2.9345074974068153,48.0,16.0,327.0,21.96159591923657,-9.79566899,1.4885805747650687,4.8986470158815285,9,77.35851270603852,"{""counterfactual_D_atr1h_2.0"": 9, ""stop_loss"": 1, ""trailing_stop_loss"": 2}"
1y,D_atr1h_2.0,month,2026-02,12,61.1392685985763,6.113926859857631,2.847501467765199,2.135580461788883,66.66666666666666,1.5258428156735533,3.0149947612739574,25.5,24.5,73.0,19.19069537450951,-11.29793275,2.2927128091494104,5.212840330438301,8,78.53371327341779,"{""counterfactual_D_atr1h_2.0"": 8, ""stale_loss_72h"": 1, ""stop_loss"": 2, ""trailing_stop_loss"": 1}"
1y,D_atr1h_2.0,month,2026-03,9,-3.719477436979727,-0.3719477436979727,0.9343004883723517,5.563702402116751,33.33333333333333,-0.32082930881292343,-2.7242796977599326,40.22222222222222,39.0,76.0,27.174012280822595,-11.36564162,2.1540586627970337,4.144392079279394,3,100.0,"{""counterfactual_D_atr1h_2.0"": 3, ""stale_loss_72h"": 1, ""stop_loss"": 5}"
1y,D_atr1h_2.0,month,2026-04,4,-6.945221991337389,-0.6945221991337389,0.7749012038335282,3.013364366571295,25.0,-0.9277804984529321,-2.2522245376305845,21.5,22.0,30.0,23.90888344866261,-11.23519559,2.630002484604458,2.480630145074981,1,100.0,"{""counterfactual_D_atr1h_2.0"": 1, ""stop_loss"": 2, ""trailing_stop_loss"": 1}"
1y,D_atr1h_2.0,month,2026-05,4,0.21200864281960988,0.021200864281960986,1.0119100992059196,1.780074533000004,25.0,-0.5814526650849041,-1.001017388506337,37.5,32.0,74.0,18.01275397281961,-9.84715213,2.707063751968944,2.7736037102649282,1,100.0,"{""counterfactual_D_atr1h_2.0"": 1, ""stale_loss_72h"": 1, ""trailing_stop_loss"": 2}"
1y,D_atr1h_2.0,month,2026-06,12,11.388911730186685,1.1388911730186686,1.2049892478020057,4.634769564589433,50.0,0.20003735039815798,0.0783708685230734,25.916666666666668,13.5,73.0,25.89021414817244,-11.8579296,2.487478658601844,3.6609507764378875,5,95.40583685196957,"{""counterfactual_D_atr1h_2.0"": 5, ""force_exit"": 1, ""stale_loss_72h"": 1, ""stop_loss"": 4, ""trailing_stop_loss"": 1}"
1y,D_atr1h_2.0,market_period,pressure_202603_202605,17,-10.452690785497506,-1.0452690785497507,0.9007043092529566,5.563702402116751,29.411764705882355,-0.5249644960863327,-2.078238929345367,35.1764705882353,35.0,76.0,27.174012280822595,-11.36564162,2.3961642889098185,3.430380243227893,5,100.0,"{""counterfactual_D_atr1h_2.0"": 5, ""stale_loss_72h"": 2, ""stop_loss"": 7, ""trailing_stop_loss"": 3}"
1y,D_atr1h_2.0,market_period,strong_202601_202602,24,145.57547549752437,14.557547549752437,3.3609849934734215,1.9752656627888217,70.83333333333334,1.6603028646886864,3.0149947612739574,36.75,22.0,327.0,21.96159591923657,-11.29793275,1.8906466919572396,5.055743673159915,17,46.82395127724363,"{""counterfactual_D_atr1h_2.0"": 17, ""stale_loss_72h"": 1, ""stop_loss"": 3, ""trailing_stop_loss"": 3}"
1y,D_atr1h_2.0,market_period,repair_202606,12,11.388911730186685,1.1388911730186686,1.2049892478020057,4.634769564589433,50.0,0.20003735039815798,0.0783708685230734,25.916666666666668,13.5,73.0,25.89021414817244,-11.8579296,2.487478658601844,3.6609507764378875,5,95.40583685196957,"{""counterfactual_D_atr1h_2.0"": 5, ""force_exit"": 1, ""stale_loss_72h"": 1, ""stop_loss"": 4, ""trailing_stop_loss"": 1}"
1y,D_atr1h_2.5,all,all,111,303.0621342479427,30.306213424794272,1.6521921001301259,4.309295472703084,49.549549549549546,0.81256330220401,-0.03365607198755909,38.513513513513516,24.0,335.0,59.022648778624195,-11.8579296,2.3584532726977394,4.893236496918902,53,22.111380743599877,"{""counterfactual_D_atr1h_2.5"": 53, ""force_exit"": 1, ""stale_flat_120h"": 1, ""stale_loss_72h"": 4, ""stop_loss"": 38, ""swing_exit_long_1d"": 2, ""trailing_stop_loss"": 12}"
1y,D_atr1h_2.5,entry_tag,long_1d_center_compression,14,100.42032712238273,10.042032712238273,3.3879612404967925,1.2724998421597433,57.14285714285714,1.935712525270587,2.97805561783792,101.0,45.0,335.0,25.966838260251535,-9.61008214,1.4122316728885607,4.941863644587612,8,74.09027092473197,"{""counterfactual_D_atr1h_2.5"": 8, ""stop_loss"": 4, ""swing_exit_long_1d"": 2}"
1y,D_atr1h_2.5,entry_tag,short_compression_breakdown,28,38.04494895698599,3.8044948956985993,1.290529128440899,2.7497199248041064,46.42857142857143,0.32622015720011965,-1.0321745035808685,29.535714285714285,22.0,79.0,24.99488035102824,-11.36564162,2.6415248676090832,4.110921738101491,12,56.55190154808173,"{""counterfactual_D_atr1h_2.5"": 12, ""force_exit"": 1, ""stale_loss_72h"": 1, ""stop_loss"": 9, ""trailing_stop_loss"": 5}"
1y,D_atr1h_2.5,entry_tag,short_pullback_restart,69,164.59685816857396,16.459685816857398,1.5643081865235677,6.578830749087946,49.275362318840585,0.782034591148602,-0.03365607198755909,29.47826086956522,24.0,121.0,59.022648778624195,-11.8579296,2.4355706312457235,5.200831180680143,33,35.842203709159065,"{""counterfactual_D_atr1h_2.5"": 33, ""stale_flat_120h"": 1, ""stale_loss_72h"": 3, ""stop_loss"": 25, ""trailing_stop_loss"": 7}"
1y,D_atr1h_2.5,pair,ADA/USDT:USDT,13,97.85097013496161,9.785097013496161,4.223107914765819,1.0378099751723777,69.23076923076923,2.5553825750613695,3.0384450004557286,41.30769230769231,37.0,79.0,24.99488035102824,-11.23519559,2.0224088111033836,6.3148852240038496,8,76.56291561514415,"{""counterfactual_D_atr1h_2.5"": 8, ""force_exit"": 1, ""stale_loss_72h"": 1, ""stop_loss"": 2, ""trailing_stop_loss"": 1}"
1y,D_atr1h_2.5,pair,BNB/USDT:USDT,9,24.61096839401681,2.461096839401681,1.6290308673967406,1.978527940590891,44.44444444444444,0.6030222547176951,-1.1497042210454975,33.0,29.0,104.0,22.234330036038493,-11.32710287,2.2227025364819397,4.424270026519214,4,100.0,"{""counterfactual_D_atr1h_2.5"": 4, ""stop_loss"": 4, ""swing_exit_long_1d"": 1}"
1y,D_atr1h_2.5,pair,BTC/USDT:USDT,11,28.725966702419697,2.8725966702419696,1.668357787454687,3.0234501529048954,45.45454545454545,1.3967817707658163,-0.09597030213662201,46.09090909090909,21.0,121.0,36.351014460410894,-11.26254354,1.5905316872323694,5.067874283849754,4,100.0,"{""counterfactual_D_atr1h_2.5"": 4, ""stale_flat_120h"": 1, ""stale_loss_72h"": 1, ""stop_loss"": 3, ""swing_exit_long_1d"": 1, ""trailing_stop_loss"": 1}"
1y,D_atr1h_2.5,pair,DOGE/USDT:USDT,6,-26.681528903575973,-2.6681528903575975,0.258322443517482,2.668152890357601,33.33333333333333,-1.0968337893411946,-1.8647781691150183,24.666666666666668,24.0,50.0,5.90284495934368,-11.67556629,2.4663841299276457,3.704353702965084,2,100.0,"{""counterfactual_D_atr1h_2.5"": 2, ""stop_loss"": 3, ""trailing_stop_loss"": 1}"
1y,D_atr1h_2.5,pair,ETH/USDT:USDT,12,51.31874778593652,5.1318747785936525,2.1169093184295016,1.5371738191745061,50.0,1.0151714528894522,0.9477736157483005,25.0,22.5,73.0,22.507819802875957,-10.68252069,2.1826168987401475,5.4775036453181265,6,87.54211014514232,"{""counterfactual_D_atr1h_2.5"": 6, ""stale_loss_72h"": 1, ""stop_loss"": 2, ""trailing_stop_loss"": 3}"
1y,D_atr1h_2.5,pair,LINK/USDT:USDT,5,-14.614505777562119,-1.461450577756212,0.5241931002094199,1.4636281798444315,40.0,-0.9573300985605369,-3.4525600302844768,16.2,20.0,29.0,11.879705620882238,-11.8579296,3.50974774993026,3.607514343730291,2,100.0,"{""counterfactual_D_atr1h_2.5"": 2, ""stop_loss"": 3}"
1y,D_atr1h_2.5,pair,NEAR/USDT:USDT,10,-16.479860158738955,-1.6479860158738955,0.6865299777112335,2.5159176007978057,40.0,-0.8315674403407337,-2.737154100862398,21.2,24.5,36.0,17.26434569137573,-10.00882771,2.8297981490960313,4.40998199788971,4,100.0,"{""counterfactual_D_atr1h_2.5"": 4, ""stop_loss"": 4, ""trailing_stop_loss"": 2}"
1y,D_atr1h_2.5,pair,PAXG/USDT:USDT,4,53.86472845315292,5.386472845315292,7.632268031005582,0.7990120067828437,75.0,3.2803198338006454,4.590113225623475,252.0,294.0,335.0,25.966838260251535,-8.12161514,1.2981601977087505,5.181793768477076,3,100.0,"{""counterfactual_D_atr1h_2.5"": 3, ""stop_loss"": 1}"
1y,D_atr1h_2.5,pair,SOL/USDT:USDT,10,54.3473285248,5.43473285248,2.0418256322363595,2.2817250405892078,40.0,1.9349378087379658,-1.882066203286855,27.2,22.0,61.0,59.022648778624195,-11.36564162,2.8425780556291196,6.264483624132036,4,100.0,"{""counterfactual_D_atr1h_2.5"": 4, ""stop_loss"": 5, ""trailing_stop_loss"": 1}"
1y,D_atr1h_2.5,pair,SUI/USDT:USDT,6,-12.048193198378735,-1.2048193198378736,0.578364808214888,2.0341791459905116,50.0,-0.5440779513288615,-0.3313615926499147,25.166666666666668,14.0,71.0,7.122023478979908,-11.19071837,2.867350424428376,4.320912421361087,3,100.0,"{""counterfactual_D_atr1h_2.5"": 3, ""stop_loss"": 3}"
1y,D_atr1h_2.5,pair,TAO/USDT:USDT,8,20.52358622926997,2.052358622926997,1.788936532616937,1.1855730447107986,62.5,1.0269954722625274,2.2735396769160383,27.625,16.5,86.0,15.420316616503158,-10.87537742,2.7983074130167487,4.961084811071851,5,100.0,"{""counterfactual_D_atr1h_2.5"": 5, ""stop_loss"": 1, ""trailing_stop_loss"": 2}"
1y,D_atr1h_2.5,pair,XRP/USDT:USDT,15,33.585135663586904,3.3585135663586905,1.5387688766724998,2.640012711803479,46.666666666666664,0.25133358070569645,-0.03365607198755909,33.46666666666667,26.0,82.0,22.18912429332432,-11.32824335,2.2149721201937327,3.6945647463787337,7,89.71882508161478,"{""counterfactual_D_atr1h_2.5"": 7, ""stale_loss_72h"": 1, ""stop_loss"": 7}"
1y,D_atr1h_2.5,pair,ZEC/USDT:USDT,2,8.05879039805404,0.8058790398054039,1.822689129888008,0.9795668989999968,50.0,1.2459331461265473,1.2459331461265473,19.5,19.5,30.0,17.85445938805404,-9.79566899,2.363417265707944,5.496251349060162,1,100.0,"{""counterfactual_D_atr1h_2.5"": 1, ""trailing_stop_loss"": 1}"
1y,D_atr1h_2.5,side,long,14,100.42032712238273,10.042032712238273,3.3879612404967925,1.2724998421597433,57.14285714285714,1.935712525270587,2.97805561783792,101.0,45.0,335.0,25.966838260251535,-9.61008214,1.4122316728885607,4.941863644587612,8,74.09027092473197,"{""counterfactual_D_atr1h_2.5"": 8, ""stop_loss"": 4, ""swing_exit_long_1d"": 2}"
1y,D_atr1h_2.5,side,short,97,202.64180712555995,20.264180712555994,1.4794785372386274,6.783310697446562,48.45360824742268,0.6504592906273906,-0.09597030213662201,29.49484536082474,24.0,121.0,59.022648778624195,-11.8579296,2.49502133864958,4.886218145708986,45,26.5964325581873,"{""counterfactual_D_atr1h_2.5"": 45, ""force_exit"": 1, ""stale_flat_120h"": 1, ""stale_loss_72h"": 4, ""stop_loss"": 34, ""trailing_stop_loss"": 12}"
1y,D_atr1h_2.5,month,2025-06,5,-11.846668895651495,-1.1846668895651495,0.48109565175154956,1.5126792426930216,40.0,-1.2824702682731197,-3.0930916504261012,14.6,7.0,32.0,5.565155655411905,-7.65298697,2.8503357717390747,3.828197637477999,2,100.0,"{""counterfactual_D_atr1h_2.5"": 2, ""stop_loss"": 2, ""trailing_stop_loss"": 1}"
1y,D_atr1h_2.5,month,2025-07,4,19.7697807228269,1.97697807228269,2.804813605097941,0.7559341199999948,50.0,1.1244041516292511,1.2903108980463673,41.5,21.0,104.0,18.27935378160986,-7.5593412,1.7267502246765618,4.656447429478841,2,100.0,"{""counterfactual_D_atr1h_2.5"": 2, ""stop_loss"": 1, ""swing_exit_long_1d"": 1}"
1y,D_atr1h_2.5,month,2025-08,6,-16.469894826415437,-1.6469894826415439,0.5272927326721663,3.4213082679729725,16.666666666666664,-1.224335149916314,-1.8768286506092107,35.0,24.0,110.0,18.371741773584564,-8.15723606,3.6538412771281816,3.6664568468519465,1,100.0,"{""counterfactual_D_atr1h_2.5"": 1, ""stop_loss"": 3, ""swing_exit_long_1d"": 1, ""trailing_stop_loss"": 1}"
1y,D_atr1h_2.5,month,2025-09,10,17.644493801303906,1.7644493801303907,1.5677292692993703,1.5345103023087414,60.0,0.5603107426701122,1.0848684075940982,45.7,31.5,121.0,23.378455138727304,-8.06092198,2.3660965960124205,4.100987561177697,5,99.50943977604715,"{""counterfactual_D_atr1h_2.5"": 5, ""stale_flat_120h"": 1, ""stop_loss"": 3, ""trailing_stop_loss"": 1}"
1y,D_atr1h_2.5,month,2025-10,8,12.14313945654758,1.214313945654758,1.3675905070903085,3.2015338003141034,50.0,0.04254045599822781,0.0731171872727503,52.375,17.5,318.0,16.45720853445422,-8.6008338,2.463269362177305,3.329582749446182,4,100.0,"{""counterfactual_D_atr1h_2.5"": 4, ""stop_loss"": 3, ""trailing_stop_loss"": 1}"
1y,D_atr1h_2.5,month,2025-11,12,8.364135077008026,0.8364135077008027,1.1640742135906406,2.483516962364043,50.0,0.6807429487023746,-0.16493241531468705,29.0,18.0,85.0,19.127384085536086,-8.88459075,2.650103270223461,5.676380928757268,6,94.28701534861932,"{""counterfactual_D_atr1h_2.5"": 6, ""stop_loss"": 6}"
1y,D_atr1h_2.5,month,2025-12,13,35.30764898323422,3.530764898323422,1.6037593892129103,3.5318015906705034,46.15384615384615,0.8357512203503645,-1.4136308435481033,50.15384615384615,33.0,270.0,22.18912429332432,-9.61251105,2.1213975636454934,4.420013002330601,6,91.04559647830598,"{""counterfactual_D_atr1h_2.5"": 6, ""stop_loss"": 6, ""trailing_stop_loss"": 1}"
1y,D_atr1h_2.5,month,2026-01,12,91.5108459587269,9.15108459587269,4.203506019239288,1.8817217408951454,75.0,2.0087042263995,2.820770259634318,49.583333333333336,17.5,335.0,25.966838260251535,-9.79566899,1.4885805747650687,5.682273285254909,9,78.70801606273932,"{""counterfactual_D_atr1h_2.5"": 9, ""stop_loss"": 1, ""trailing_stop_loss"": 2}"
1y,D_atr1h_2.5,month,2026-02,12,130.40906906095273,13.040906906095273,4.94069068902165,1.99166527067467,66.66666666666666,4.0838910987818045,2.8806615980428862,30.583333333333332,25.0,73.0,59.022648778624195,-11.29793275,2.2927128091494104,8.805864434682265,8,85.17714379637347,"{""counterfactual_D_atr1h_2.5"": 8, ""stale_loss_72h"": 1, ""stop_loss"": 2, ""trailing_stop_loss"": 1}"
1y,D_atr1h_2.5,month,2026-03,9,0.08355869114996711,0.00835586911499671,1.0014759506661388,5.523659859367499,33.33333333333333,-0.10100054333346789,-2.7242796977599326,42.77777777777778,39.0,76.0,24.99488035102824,-11.36564162,2.1540586627970337,4.4532572633931755,3,100.0,"{""counterfactual_D_atr1h_2.5"": 3, ""stale_loss_72h"": 1, ""stop_loss"": 5}"
1y,D_atr1h_2.5,month,2026-04,4,-8.619775403961507,-0.8619775403961506,0.7206279267851784,3.0183006511738126,25.0,-1.0133762098905528,-2.2522245376305845,22.25,23.5,30.0,22.234330036038493,-11.23519559,2.630002484604458,2.480630145074981,1,100.0,"{""counterfactual_D_atr1h_2.5"": 1, ""stop_loss"": 2, ""trailing_stop_loss"": 1}"
1y,D_atr1h_2.5,month,2026-05,4,-1.7565688314754784,-0.17565688314754782,0.901320489737298,1.780074533000004,25.0,-0.6836259591141871,-1.001017388506337,37.5,32.0,74.0,16.04417649852452,-9.84715213,2.707063751968944,2.7736037102649282,1,100.0,"{""counterfactual_D_atr1h_2.5"": 1, ""stale_loss_72h"": 1, ""trailing_stop_loss"": 2}"
1y,D_atr1h_2.5,month,2026-06,12,26.522370453696364,2.6522370453696364,1.477376671101852,4.569367882796058,50.0,0.7553357932638272,-0.04077225987826061,30.333333333333332,29.0,73.0,23.423516235215605,-11.8579296,2.487478658601844,4.600545913142113,5,96.95316852252037,"{""counterfactual_D_atr1h_2.5"": 5, ""force_exit"": 1, ""stale_loss_72h"": 1, ""stop_loss"": 4, ""trailing_stop_loss"": 1}"
1y,D_atr1h_2.5,market_period,pressure_202603_202605,17,-10.292785544287018,-1.0292785544287018,0.9022233345169678,5.523659859367499,29.411764705882355,-0.4527655038835395,-2.078238929345367,36.705882352941174,35.0,76.0,24.99488035102824,-11.36564162,2.3961642889098185,3.5938971054057776,5,100.0,"{""counterfactual_D_atr1h_2.5"": 5, ""stale_loss_72h"": 2, ""stop_loss"": 7, ""trailing_stop_loss"": 3}"
1y,D_atr1h_2.5,market_period,strong_202601_202602,24,221.91991501967962,22.191991501967962,4.599161104050598,1.8817217408951454,70.83333333333334,3.046297662590652,2.820770259634318,40.083333333333336,22.5,335.0,59.022648778624195,-11.29793275,1.8906466919572396,7.2440688599685865,17,56.49129884687725,"{""counterfactual_D_atr1h_2.5"": 17, ""stale_loss_72h"": 1, ""stop_loss"": 3, ""trailing_stop_loss"": 3}"
1y,D_atr1h_2.5,market_period,repair_202606,12,26.522370453696364,2.6522370453696364,1.477376671101852,4.569367882796058,50.0,0.7553357932638272,-0.04077225987826061,30.333333333333332,29.0,73.0,23.423516235215605,-11.8579296,2.487478658601844,4.600545913142113,5,96.95316852252037,"{""counterfactual_D_atr1h_2.5"": 5, ""force_exit"": 1, ""stale_loss_72h"": 1, ""stop_loss"": 4, ""trailing_stop_loss"": 1}"
1y,D_atr1h_3.0,all,all,111,300.3200863186398,30.03200863186398,1.6459765386550036,4.415607748873051,48.64864864864865,0.7671840298670699,-0.09597030213662201,40.567567567567565,27.0,336.0,55.134245134349044,-11.8579296,2.3584532726977394,5.148376375888335,53,24.46328073930611,"{""counterfactual_D_atr1h_3.0"": 52, ""force_exit"": 1, ""max_hold_14d"": 1, ""stale_flat_120h"": 1, ""stale_loss_72h"": 4, ""stop_loss"": 38, ""swing_exit_long_1d"": 2, ""trailing_stop_loss"": 12}"
1y,D_atr1h_3.0,entry_tag,long_1d_center_compression,14,94.1689581037601,9.41689581037601,3.239305810423154,1.2791781843877532,57.14285714285714,1.809569023426794,2.502126411679689,102.85714285714286,45.0,336.0,25.173072402301813,-9.61008214,1.4122316728885607,5.02470354536635,8,75.65802430720481,"{""counterfactual_D_atr1h_3.0"": 7, ""max_hold_14d"": 1, ""stop_loss"": 4, ""swing_exit_long_1d"": 2}"
1y,D_atr1h_3.0,entry_tag,short_compression_breakdown,28,43.52358928340907,4.352358928340908,1.3323666033939199,2.849438587210219,46.42857142857143,0.42709718210404135,-1.0321745035808685,30.928571428571427,22.0,93.0,24.440091113605593,-11.36564162,2.6415248676090832,4.5237385866831,12,60.561494907912696,"{""counterfactual_D_atr1h_3.0"": 12, ""force_exit"": 1, ""stale_loss_72h"": 1, ""stop_loss"": 9, ""trailing_stop_loss"": 5}"
1y,D_atr1h_3.0,entry_tag,short_pullback_restart,69,162.62753893147067,16.262753893147067,1.5571241884428357,7.577492519285661,47.82608695652174,0.6936918824399491,-0.09663576197330662,31.840579710144926,27.0,121.0,55.134245134349044,-11.8579296,2.4355706312457235,5.426945618280428,33,41.18514965997877,"{""counterfactual_D_atr1h_3.0"": 33, ""stale_flat_120h"": 1, ""stale_loss_72h"": 3, ""stop_loss"": 25, ""trailing_stop_loss"": 7}"
1y,D_atr1h_3.0,pair,ADA/USDT:USDT,13,107.2328540778498,10.72328540778498,4.532137292298103,1.166036307078992,69.23076923076923,2.7217368069126895,2.902470677779194,44.30769230769231,37.0,93.0,34.51818969790459,-11.23519559,2.0224088111033836,6.876626786791266,8,77.31705338792143,"{""counterfactual_D_atr1h_3.0"": 8, ""force_exit"": 1, ""stale_loss_72h"": 1, ""stop_loss"": 2, ""trailing_stop_loss"": 1}"
1y,D_atr1h_3.0,pair,BNB/USDT:USDT,9,17.553097374584326,1.7553097374584326,1.4486389925931773,2.189053265309076,44.44444444444444,0.3786830428511974,-1.1497042210454975,33.666666666666664,30.0,104.0,20.705006383014364,-11.32710287,2.2227025364819397,4.424270026519214,4,100.0,"{""counterfactual_D_atr1h_3.0"": 4, ""stop_loss"": 4, ""swing_exit_long_1d"": 1}"
1y,D_atr1h_3.0,pair,BTC/USDT:USDT,11,22.602213175605158,2.2602213175605157,1.5258783924007742,3.0410051956610826,45.45454545454545,1.2098008381068182,-0.09597030213662201,46.63636363636363,27.0,121.0,33.67217227249309,-11.26254354,1.5905316872323694,5.067874283849754,4,100.0,"{""counterfactual_D_atr1h_3.0"": 4, ""stale_flat_120h"": 1, ""stale_loss_72h"": 1, ""stop_loss"": 3, ""swing_exit_long_1d"": 1, ""trailing_stop_loss"": 1}"
1y,D_atr1h_3.0,pair,DOGE/USDT:USDT,6,-29.310511545546582,-2.931051154554658,0.18524351955558022,2.931051154554666,33.33333333333333,-1.2922954241258853,-1.8647781691150183,25.5,25.0,50.0,4.468652425453953,-11.67556629,2.4663841299276457,3.704353702965084,2,100.0,"{""counterfactual_D_atr1h_3.0"": 2, ""stop_loss"": 3, ""trailing_stop_loss"": 1}"
1y,D_atr1h_3.0,pair,ETH/USDT:USDT,12,47.49352640084766,4.749352640084766,2.033656597067653,1.5435257169802983,50.0,0.9753927062805113,0.711180192811228,28.25,26.5,73.0,25.521654987490415,-10.68252069,2.1826168987401475,5.541388811098017,6,88.68880469991961,"{""counterfactual_D_atr1h_3.0"": 6, ""stale_loss_72h"": 1, ""stop_loss"": 2, ""trailing_stop_loss"": 3}"
1y,D_atr1h_3.0,pair,LINK/USDT:USDT,5,-16.90840919382935,-1.690840919382935,0.44951010445674394,1.690840919382936,40.0,-1.1582384585504195,-3.4525600302844768,17.4,20.0,35.0,11.209515006303882,-11.8579296,3.50974774993026,3.607514343730291,2,100.0,"{""counterfactual_D_atr1h_3.0"": 2, ""stop_loss"": 3}"
1y,D_atr1h_3.0,pair,NEAR/USDT:USDT,10,-25.21727966450697,-2.521727966450697,0.5223883296532622,2.9093463023967243,30.0,-1.1729329340373449,-2.737154100862398,21.2,24.5,36.0,14.713699629650876,-10.00882771,2.8297981490960313,4.40998199788971,4,100.0,"{""counterfactual_D_atr1h_3.0"": 4, ""stop_loss"": 4, ""trailing_stop_loss"": 2}"
1y,D_atr1h_3.0,pair,PAXG/USDT:USDT,4,56.84986308668432,5.684986308668432,7.999822339117183,0.7954455970466066,75.0,3.496659530297763,5.1154719400878275,258.5,306.5,336.0,25.173072402301813,-8.12161514,1.2981601977087505,5.471733421202656,3,100.0,"{""counterfactual_D_atr1h_3.0"": 2, ""max_hold_14d"": 1, ""stop_loss"": 1}"
1y,D_atr1h_3.0,pair,SOL/USDT:USDT,10,66.73767631358456,6.673767631358456,2.279345714070527,2.2893064387615074,40.0,2.0624412130007497,-1.882066203286855,29.1,22.0,66.0,55.134245134349044,-11.36564162,2.8425780556291196,6.805255108507037,4,100.0,"{""counterfactual_D_atr1h_3.0"": 4, ""stop_loss"": 5, ""trailing_stop_loss"": 1}"
1y,D_atr1h_3.0,pair,SUI/USDT:USDT,6,-13.008502716902393,-1.3008502716902393,0.5447580855014543,2.036118035256422,50.0,-0.6858721080518425,-0.7677701078251841,30.0,28.0,71.0,8.615673787393758,-11.19071837,2.867350424428376,4.582342503781411,3,100.0,"{""counterfactual_D_atr1h_3.0"": 3, ""stop_loss"": 3}"
1y,D_atr1h_3.0,pair,TAO/USDT:USDT,8,9.868264862915778,0.9868264862915779,1.379340850907968,1.4638812988299457,62.5,0.509786657455203,1.34953221580979,29.125,20.0,87.0,12.84247305980374,-10.87537742,2.7983074130167487,4.961084811071851,5,100.0,"{""counterfactual_D_atr1h_3.0"": 5, ""stop_loss"": 1, ""trailing_stop_loss"": 2}"
1y,D_atr1h_3.0,pair,XRP/USDT:USDT,15,41.78287202374794,4.178287202374794,1.6702760188279457,2.1633817240115523,46.666666666666664,0.4714361163882378,-0.03365607198755909,35.2,27.0,83.0,23.947021486761045,-11.32824335,2.2149721201937327,4.2711238764847215,7,86.94153954580551,"{""counterfactual_D_atr1h_3.0"": 7, ""stale_loss_72h"": 1, ""stop_loss"": 7}"
1y,D_atr1h_3.0,pair,ZEC/USDT:USDT,2,14.644422123605594,1.4644422123605594,2.4949894834702446,0.9795668989999968,50.0,2.4914106573530304,2.4914106573530304,27.0,27.0,45.0,24.440091113605593,-9.79566899,2.363417265707944,7.229663028684103,1,100.0,"{""counterfactual_D_atr1h_3.0"": 1, ""trailing_stop_loss"": 1}"
1y,D_atr1h_3.0,side,long,14,94.1689581037601,9.41689581037601,3.239305810423154,1.2791781843877532,57.14285714285714,1.809569023426794,2.502126411679689,102.85714285714286,45.0,336.0,25.173072402301813,-9.61008214,1.4122316728885607,5.02470354536635,8,75.65802430720481,"{""counterfactual_D_atr1h_3.0"": 7, ""max_hold_14d"": 1, ""stop_loss"": 4, ""swing_exit_long_1d"": 2}"
1y,D_atr1h_3.0,side,short,97,206.15112821487972,20.615112821487973,1.4875209777346232,5.605153376392103,47.42268041237113,0.6167367112089654,-0.09663576197330662,31.577319587628867,25.0,121.0,55.134245134349044,-11.8579296,2.49502133864958,5.166226062767797,45,29.761202014058146,"{""counterfactual_D_atr1h_3.0"": 45, ""force_exit"": 1, ""stale_flat_120h"": 1, ""stale_loss_72h"": 4, ""stop_loss"": 34, ""trailing_stop_loss"": 12}"
1y,D_atr1h_3.0,month,2025-06,5,-15.129320428781787,-1.5129320428781785,0.3373099032572193,1.5176446039265543,40.0,-1.5763747746948256,-3.0930916504261012,14.6,7.0,32.0,3.992334186494295,-7.65298697,2.8503357717390747,3.828197637477999,2,100.0,"{""counterfactual_D_atr1h_3.0"": 2, ""stop_loss"": 2, ""trailing_stop_loss"": 1}"
1y,D_atr1h_3.0,month,2025-07,4,16.29755557539227,1.629755557539227,2.4878288456859434,0.7559341199999948,50.0,0.8675726995719215,1.1067777325555737,41.5,21.0,104.0,16.03165971193182,-7.5593412,1.7267502246765618,4.656447429478841,2,100.0,"{""counterfactual_D_atr1h_3.0"": 2, ""stop_loss"": 1, ""swing_exit_long_1d"": 1}"
1y,D_atr1h_3.0,month,2025-08,6,-18.457071911698478,-1.845707191169848,0.47025818208268444,3.4279974146090098,16.666666666666664,-1.3164433908290047,-1.8768286506092107,35.0,24.0,110.0,16.384564688301523,-8.15723606,3.6538412771281816,3.6664568468519465,1,100.0,"{""counterfactual_D_atr1h_3.0"": 1, ""stop_loss"": 3, ""swing_exit_long_1d"": 1, ""trailing_stop_loss"": 1}"
1y,D_atr1h_3.0,month,2025-09,10,13.603031470949041,1.360303147094904,1.4376911689406204,1.540381522644895,60.0,0.3825963577280703,0.6868751796696855,48.6,42.0,121.0,21.706606966472734,-8.06092198,2.3660965960124205,4.257845610629891,5,99.46506896748095,"{""counterfactual_D_atr1h_3.0"": 5, ""stale_flat_120h"": 1, ""stop_loss"": 3, ""trailing_stop_loss"": 1}"
1y,D_atr1h_3.0,month,2025-10,8,29.212975825540397,2.9212975825540397,1.8843193010961563,3.143533256474461,50.0,0.7439426353862577,-0.21927885339468656,54.875,17.5,336.0,23.947021486761045,-8.6008338,2.463269362177305,4.467553123324498,4,100.0,"{""counterfactual_D_atr1h_3.0"": 3, ""max_hold_14d"": 1, ""stop_loss"": 3, ""trailing_stop_loss"": 1}"
1y,D_atr1h_3.0,month,2025-11,12,6.092103487995502,0.6092103487995502,1.119505134685512,2.4889935921363864,50.0,0.5850269224696667,-0.4808478216490071,32.916666666666664,25.5,93.0,18.05387345378495,-8.88459075,2.650103270223461,5.740266094537159,6,96.15313052511058,"{""counterfactual_D_atr1h_3.0"": 6, ""stop_loss"": 6}"
1y,D_atr1h_3.0,month,2025-12,13,24.344904448552274,2.4344904448552276,1.4162968949669836,3.5494286637916552,46.15384615384615,0.5725608227489627,-1.4136308435481033,51.07692307692308,33.0,278.0,20.113416698414575,-9.61251105,2.1213975636454934,4.431401003939291,6,91.90361930651935,"{""counterfactual_D_atr1h_3.0"": 6, ""stop_loss"": 6, ""trailing_stop_loss"": 1}"
1y,D_atr1h_3.0,month,2026-01,12,82.83427769887858,8.283427769887858,3.876970702048127,1.907979655761232,66.66666666666666,1.8057092059719546,2.912438168753175,50.916666666666664,21.5,335.0,25.173072402301813,-9.79566899,1.4885805747650687,5.970039647507573,9,79.31411904221156,"{""counterfactual_D_atr1h_3.0"": 9, ""stop_loss"": 1, ""trailing_stop_loss"": 2}"
1y,D_atr1h_3.0,month,2026-02,12,110.03619534926004,11.003619534926004,4.325064840893272,2.014646200277139,66.66666666666666,3.482862575647589,2.2142988597447193,31.916666666666668,25.0,73.0,55.134245134349044,-11.29793275,2.2927128091494104,8.805864434682265,8,88.11776196836456,"{""counterfactual_D_atr1h_3.0"": 8, ""stale_loss_72h"": 1, ""stop_loss"": 2, ""trailing_stop_loss"": 1}"
1y,D_atr1h_3.0,month,2026-03,9,4.049722979073554,0.40497229790735534,1.0715328501006975,5.4881509116734835,33.33333333333333,0.11209571122048377,-2.7242796977599326,45.0,41.0,76.0,24.440091113605593,-11.36564162,2.1540586627970337,4.838459858865162,3,100.0,"{""counterfactual_D_atr1h_3.0"": 3, ""stale_loss_72h"": 1, ""stop_loss"": 5}"
1y,D_atr1h_3.0,month,2026-04,4,-10.149099056985635,-1.0149099056985635,0.6710616330548965,3.022822975007743,25.0,-1.0915484229188896,-2.2522245376305845,22.5,24.0,30.0,20.705006383014364,-11.23519559,2.630002484604458,2.480630145074981,1,100.0,"{""counterfactual_D_atr1h_3.0"": 1, ""stop_loss"": 2, ""trailing_stop_loss"": 1}"
1y,D_atr1h_3.0,month,2026-05,4,0.275487931273508,0.0275487931273508,1.01547620204471,1.780074533000004,25.0,-0.5781579570591037,-1.001017388506337,40.0,37.0,74.0,18.076233261273508,-9.84715213,2.707063751968944,2.912688347903087,1,100.0,"{""counterfactual_D_atr1h_3.0"": 1, ""stale_loss_72h"": 1, ""trailing_stop_loss"": 2}"
1y,D_atr1h_3.0,month,2026-06,12,57.30932294919057,5.730932294919057,2.0315116388389303,4.441855117621767,50.0,1.2861379207629207,-0.46025100895836396,35.083333333333336,39.5,73.0,38.35379416803887,-11.8579296,2.487478658601844,5.371975814221652,5,99.83248288236027,"{""counterfactual_D_atr1h_3.0"": 5, ""force_exit"": 1, ""stale_loss_72h"": 1, ""stop_loss"": 4, ""trailing_stop_loss"": 1}"
1y,D_atr1h_3.0,market_period,pressure_202603_202605,17,-5.823888146638574,-0.5823888146638575,0.9446757769629678,5.4881509116734835,29.411764705882355,-0.33352730111338935,-2.078238929345367,38.529411764705884,38.0,76.0,24.440091113605593,-11.36564162,2.3961642889098185,3.8305536883352196,5,100.0,"{""counterfactual_D_atr1h_3.0"": 5, ""stale_loss_72h"": 2, ""stop_loss"": 7, ""trailing_stop_loss"": 3}"
1y,D_atr1h_3.0,market_period,strong_202601_202602,24,192.87047304813862,19.28704730481386,4.1165881148527586,1.907979655761232,66.66666666666666,2.6442858908097717,2.5773096742034665,41.416666666666664,23.0,335.0,55.134245134349044,-11.29793275,1.8906466919572396,7.387952041094918,17,58.458049568510276,"{""counterfactual_D_atr1h_3.0"": 17, ""stale_loss_72h"": 1, ""stop_loss"": 3, ""trailing_stop_loss"": 3}"
1y,D_atr1h_3.0,market_period,repair_202606,12,57.30932294919057,5.730932294919057,2.0315116388389303,4.441855117621767,50.0,1.2861379207629207,-0.46025100895836396,35.083333333333336,39.5,73.0,38.35379416803887,-11.8579296,2.487478658601844,5.371975814221652,5,99.83248288236027,"{""counterfactual_D_atr1h_3.0"": 5, ""force_exit"": 1, ""stale_loss_72h"": 1, ""stop_loss"": 4, ""trailing_stop_loss"": 1}"
1y,D_atr4h_1.5,all,all,111,301.80736099938184,30.180736099938184,1.6494918182153402,4.287813720042694,49.549549549549546,0.8035942362353429,-0.03365607198755909,39.189189189189186,24.0,336.0,63.51624906813891,-11.8579296,2.3584532726977394,4.875769009049171,53,21.00563989314441,"{""counterfactual_D_atr4h_1.5"": 52, ""force_exit"": 1, ""max_hold_14d"": 1, ""stale_flat_120h"": 1, ""stale_loss_72h"": 4, ""stop_loss"": 38, ""swing_exit_long_1d"": 2, ""trailing_stop_loss"": 12}"
1y,D_atr4h_1.5,entry_tag,long_1d_center_compression,14,109.28774324218273,10.928774324218272,3.5988253812960225,1.2681642367228807,57.14285714285714,2.112452562028243,3.3773424038406312,102.28571428571429,45.0,336.0,26.637006021162954,-9.61008214,1.4122316728885607,5.014128972443995,8,72.83502941313552,"{""counterfactual_D_atr4h_1.5"": 7, ""max_hold_14d"": 1, ""stop_loss"": 4, ""swing_exit_long_1d"": 2}"
1y,D_atr4h_1.5,entry_tag,short_compression_breakdown,28,46.69679043011262,4.6696790430112625,1.3565986601792177,2.727545925476554,46.42857142857143,0.4752208693552626,-1.0321745035808685,32.42857142857143,22.0,127.0,24.020589972994195,-11.36564162,2.6415248676090832,4.34211480302596,12,61.310784680009924,"{""counterfactual_D_atr4h_1.5"": 12, ""force_exit"": 1, ""stale_loss_72h"": 1, ""stop_loss"": 9, ""trailing_stop_loss"": 5}"
1y,D_atr4h_1.5,entry_tag,short_pullback_restart,69,145.8228273270865,14.582282732708649,1.4999428066750229,7.168738546554508,49.275362318840585,0.6712817393011639,-0.03365607198755909,29.130434782608695,24.0,121.0,63.51624906813891,-11.8579296,2.4355706312457235,5.064251302978481,33,34.70060349161686,"{""counterfactual_D_atr4h_1.5"": 33, ""stale_flat_120h"": 1, ""stale_loss_72h"": 3, ""stop_loss"": 25, ""trailing_stop_loss"": 7}"
1y,D_atr4h_1.5,pair,ADA/USDT:USDT,13,105.38495649890122,10.538495649890121,4.471269491966936,1.029631646080151,69.23076923076923,2.834475818366999,2.961847705483453,44.0,37.0,127.0,24.020589972994195,-11.23519559,2.0224088111033836,6.63531723746765,8,79.31218500251784,"{""counterfactual_D_atr4h_1.5"": 8, ""force_exit"": 1, ""stale_loss_72h"": 1, ""stop_loss"": 2, ""trailing_stop_loss"": 1}"
1y,D_atr4h_1.5,pair,BNB/USDT:USDT,9,24.482583310921942,2.448258331092194,1.625749477616093,1.8913522119999926,44.44444444444444,0.6095272795551404,-1.1497042210454975,33.111111111111114,30.0,104.0,22.501546573265234,-11.32710287,2.2227025364819397,4.424270026519214,4,100.0,"{""counterfactual_D_atr4h_1.5"": 4, ""stop_loss"": 4, ""swing_exit_long_1d"": 1}"
1y,D_atr4h_1.5,pair,BTC/USDT:USDT,11,17.16364411136417,1.716364411136417,1.3993409628914157,3.056767818226311,45.45454545454545,0.8997400567167111,-0.09597030213662201,44.72727272727273,21.0,121.0,20.7534539065363,-11.26254354,1.5905316872323694,4.251504269669694,4,100.0,"{""counterfactual_D_atr4h_1.5"": 4, ""stale_flat_120h"": 1, ""stale_loss_72h"": 1, ""stop_loss"": 3, ""swing_exit_long_1d"": 1, ""trailing_stop_loss"": 1}"
1y,D_atr4h_1.5,pair,DOGE/USDT:USDT,6,-28.8370852281312,-2.88370852281312,0.19840354781123598,2.8837085228131287,33.33333333333333,-1.2431325244201312,-1.8647781691150183,25.166666666666668,24.0,50.0,4.174423538878868,-11.67556629,2.4663841299276457,3.704353702965084,2,100.0,"{""counterfactual_D_atr4h_1.5"": 2, ""stop_loss"": 3, ""trailing_stop_loss"": 1}"
1y,D_atr4h_1.5,pair,ETH/USDT:USDT,12,51.46006096774578,5.146006096774578,2.119984880799769,1.5341483503789362,50.0,1.0113480108110093,0.9916860294034069,25.083333333333332,22.5,73.0,21.92121679489078,-10.68252069,2.1826168987401475,5.4775036453181265,6,87.84625022608418,"{""counterfactual_D_atr4h_1.5"": 6, ""stale_loss_72h"": 1, ""stop_loss"": 2, ""trailing_stop_loss"": 3}"
1y,D_atr4h_1.5,pair,LINK/USDT:USDT,5,-19.150308982181862,-1.915030898218186,0.37652019948336424,1.915030898218174,40.0,-1.338970080250123,-3.4525600302844768,14.0,18.0,25.0,7.682348136137386,-11.8579296,3.50974774993026,3.286919319365069,2,100.0,"{""counterfactual_D_atr4h_1.5"": 2, ""stop_loss"": 3}"
1y,D_atr4h_1.5,pair,NEAR/USDT:USDT,10,-15.180751472912261,-1.5180751472912262,0.711240844477034,2.4636753185121667,40.0,-0.7964004785749502,-2.737154100862398,21.2,24.5,36.0,18.178710811969395,-10.00882771,2.8297981490960313,4.40998199788971,4,100.0,"{""counterfactual_D_atr4h_1.5"": 4, ""stop_loss"": 4, ""trailing_stop_loss"": 2}"
1y,D_atr4h_1.5,pair,PAXG/USDT:USDT,4,59.18532747739625,5.918532747739625,8.2873839079004,0.7954455970466066,75.0,3.6345741157132228,5.220373660317895,256.5,302.5,336.0,26.637006021162954,-8.12161514,1.2981601977087505,5.434722415974413,3,100.0,"{""counterfactual_D_atr4h_1.5"": 2, ""max_hold_14d"": 1, ""stop_loss"": 1}"
1y,D_atr4h_1.5,pair,SOL/USDT:USDT,10,57.47167514962041,5.747167514962041,2.1017186294835697,2.284280098265736,40.0,2.0893142738721306,-1.882066203286855,27.2,22.0,61.0,63.51624906813891,-11.36564162,2.8425780556291196,6.264483624132036,4,100.0,"{""counterfactual_D_atr4h_1.5"": 4, ""stop_loss"": 5, ""trailing_stop_loss"": 1}"
1y,D_atr4h_1.5,pair,SUI/USDT:USDT,6,-12.522035431082095,-1.2522035431082095,0.5617823582680652,2.035135383759289,50.0,-0.6012176829262786,-0.505184677719533,25.166666666666668,14.0,71.0,7.444610344729837,-11.19071837,2.867350424428376,4.320912421361087,3,100.0,"{""counterfactual_D_atr4h_1.5"": 3, ""stop_loss"": 3}"
1y,D_atr4h_1.5,pair,TAO/USDT:USDT,8,17.650416548791398,1.7650416548791397,1.6784905072481289,1.4699111995930334,62.5,0.8716042818526587,1.6970484481115509,28.625,20.0,86.0,16.557845925957118,-10.87537742,2.7983074130167487,4.961084811071851,5,100.0,"{""counterfactual_D_atr4h_1.5"": 5, ""stop_loss"": 1, ""trailing_stop_loss"": 2}"
1y,D_atr4h_1.5,pair,XRP/USDT:USDT,15,31.071301692646944,3.1071301692646944,1.4984422417518939,2.597335717862859,46.666666666666664,0.23694577290239033,-0.03365607198755909,34.2,26.0,82.0,20.78970431867988,-11.32824335,2.2149721201937327,3.6945647463787337,7,86.36585081469575,"{""counterfactual_D_atr4h_1.5"": 7, ""stale_loss_72h"": 1, ""stop_loss"": 7}"
1y,D_atr4h_1.5,pair,ZEC/USDT:USDT,2,13.627576356301148,1.3627576356301148,2.39118383544942,0.9795668989999968,50.0,2.299104347443564,2.299104347443564,31.5,31.5,54.0,23.423245346301147,-9.79566899,2.363417265707944,7.229663028684103,1,100.0,"{""counterfactual_D_atr4h_1.5"": 1, ""trailing_stop_loss"": 1}"
1y,D_atr4h_1.5,side,long,14,109.28774324218273,10.928774324218272,3.5988253812960225,1.2681642367228807,57.14285714285714,2.112452562028243,3.3773424038406312,102.28571428571429,45.0,336.0,26.637006021162954,-9.61008214,1.4122316728885607,5.014128972443995,8,72.83502941313552,"{""counterfactual_D_atr4h_1.5"": 7, ""max_hold_14d"": 1, ""stop_loss"": 4, ""swing_exit_long_1d"": 2}"
1y,D_atr4h_1.5,side,short,97,192.51961775719911,19.251961775719913,1.4555280374832298,6.836699847307487,48.45360824742268,0.6146868490075016,-0.09597030213662201,30.082474226804123,24.0,127.0,63.51624906813891,-11.8579296,2.49502133864958,4.85579952979631,45,25.501228822664768,"{""counterfactual_D_atr4h_1.5"": 45, ""force_exit"": 1, ""stale_flat_120h"": 1, ""stale_loss_72h"": 4, ""stop_loss"": 34, ""trailing_stop_loss"": 12}"
1y,D_atr4h_1.5,month,2025-06,5,-12.690459131221676,-1.2690459131221676,0.4441361970640239,1.5139524605400194,40.0,-1.3658671205182693,-3.0930916504261012,14.6,7.0,32.0,5.511314855739574,-7.65298697,2.8503357717390747,3.828197637477999,2,100.0,"{""counterfactual_D_atr4h_1.5"": 2, ""stop_loss"": 2, ""trailing_stop_loss"": 1}"
1y,D_atr4h_1.5,month,2025-07,4,23.81469705748673,2.381469705748673,3.174080221386089,0.7559341199999948,50.0,1.42377507146363,1.5219672213944624,41.5,21.0,104.0,20.77866190676708,-7.5593412,1.7267502246765618,4.656447429478841,2,100.0,"{""counterfactual_D_atr4h_1.5"": 2, ""stop_loss"": 1, ""swing_exit_long_1d"": 1}"
1y,D_atr4h_1.5,month,2025-08,6,-16.939764476514895,-1.6939764476514896,0.5138068664514199,3.4228875645267762,16.666666666666664,-1.2461142189532128,-1.8768286506092107,35.0,24.0,110.0,17.901872123485106,-8.15723606,3.6538412771281816,3.6664568468519465,1,100.0,"{""counterfactual_D_atr4h_1.5"": 1, ""stop_loss"": 3, ""swing_exit_long_1d"": 1, ""trailing_stop_loss"": 1}"
1y,D_atr4h_1.5,month,2025-09,10,15.504571715703198,1.5504571715703197,1.4988751318162143,1.5381152162991776,60.0,0.48181725275610005,1.0684876967882981,45.7,31.5,121.0,22.14328521282759,-8.06092198,2.3660965960124205,4.100987561177697,5,99.48690480939992,"{""counterfactual_D_atr4h_1.5"": 5, ""stale_flat_120h"": 1, ""stop_loss"": 3, ""trailing_stop_loss"": 1}"
1y,D_atr4h_1.5,month,2025-10,8,16.82631328446583,1.6826313284465828,1.5093569957612678,3.1824390203727924,50.0,0.20215576308319494,0.24074764992736708,54.75,17.5,336.0,21.014532000000006,-8.6008338,2.463269362177305,3.4560470731948505,4,100.0,"{""counterfactual_D_atr4h_1.5"": 3, ""max_hold_14d"": 1, ""stop_loss"": 3, ""trailing_stop_loss"": 1}"
1y,D_atr4h_1.5,month,2025-11,12,17.289076177626438,1.728907617762644,1.3391494220783748,2.474794579850551,50.0,1.0327781390277513,-0.27787149630694397,32.583333333333336,15.5,127.0,23.408970535704725,-8.88459075,2.650103270223461,5.9269294669770405,6,95.65959321976752,"{""counterfactual_D_atr4h_1.5"": 6, ""stop_loss"": 6}"
1y,D_atr4h_1.5,month,2025-12,13,29.354928645848137,2.935492864584814,1.50196810889396,3.5247979877101745,46.15384615384615,0.6224676788740161,-1.4136308435481033,48.84615384615385,33.0,270.0,20.78970431867988,-9.61251105,2.1213975636454934,4.243538953819845,6,94.9148199482361,"{""counterfactual_D_atr4h_1.5"": 6, ""stop_loss"": 6, ""trailing_stop_loss"": 1}"
1y,D_atr4h_1.5,month,2026-01,12,104.33552470696387,10.433552470696386,4.652457563008395,1.8798772949727507,75.0,2.3680659885013604,3.4612319946999204,50.25,21.5,335.0,26.637006021162954,-9.79566899,1.4885805747650687,5.970039647507573,9,76.74739242888663,"{""counterfactual_D_atr4h_1.5"": 9, ""stop_loss"": 1, ""trailing_stop_loss"": 2}"
1y,D_atr4h_1.5,month,2026-02,12,110.30529826029726,11.030529826029726,4.333196570868411,2.0174729948059555,66.66666666666666,3.44201480429554,2.2959543029726506,30.666666666666668,25.0,73.0,63.51624906813891,-11.29793275,2.2927128091494104,8.05752525501721,8,87.13868021479362,"{""counterfactual_D_atr4h_1.5"": 8, ""stale_loss_72h"": 1, ""stop_loss"": 2, ""trailing_stop_loss"": 1}"
1y,D_atr4h_1.5,month,2026-03,9,2.193194228321658,0.21931942283216582,1.0387397940024379,5.493603790577923,33.33333333333333,0.04283663891596552,-2.7242796977599326,46.333333333333336,41.0,76.0,24.020589972994195,-11.36564162,2.1540586627970337,4.838459858865162,3,100.0,"{""counterfactual_D_atr4h_1.5"": 3, ""stale_loss_72h"": 1, ""stop_loss"": 5}"
1y,D_atr4h_1.5,month,2026-04,4,-9.752030711856465,-0.9752030711856464,0.6839308554636072,3.0216475123914086,25.0,-1.071252057789855,-2.2522245376305845,22.5,24.0,30.0,21.102074728143535,-11.23519559,2.630002484604458,2.480630145074981,1,100.0,"{""counterfactual_D_atr4h_1.5"": 1, ""stop_loss"": 2, ""trailing_stop_loss"": 1}"
1y,D_atr4h_1.5,month,2026-05,4,-1.327098222050891,-0.1327098222050891,0.9254470418261473,1.780074533000004,25.0,-0.6613355349746005,-1.001017388506337,37.5,32.0,74.0,16.47364710794911,-9.84715213,2.707063751968944,2.7736037102649282,1,100.0,"{""counterfactual_D_atr4h_1.5"": 1, ""stale_loss_72h"": 1, ""trailing_stop_loss"": 2}"
1y,D_atr4h_1.5,month,2026-06,12,22.89310946431265,2.2893109464312653,1.4120535306722848,4.5848835008059075,50.0,0.642741319492392,0.0783708685230734,29.333333333333332,23.5,73.0,22.358551153404836,-11.8579296,2.487478658601844,4.466964652989938,5,96.0795273863384,"{""counterfactual_D_atr4h_1.5"": 5, ""force_exit"": 1, ""stale_loss_72h"": 1, ""stop_loss"": 4, ""trailing_stop_loss"": 1}"
1y,D_atr4h_1.5,market_period,pressure_202603_202605,17,-8.885934705585697,-0.8885934705585697,0.9155877617896776,5.493603790577923,29.411764705882355,-0.38498944828318427,-2.078238929345367,38.64705882352941,38.0,76.0,24.020589972994195,-11.36564162,2.3961642889098185,3.7978278912438883,5,100.0,"{""counterfactual_D_atr4h_1.5"": 5, ""stale_loss_72h"": 2, ""stop_loss"": 7, ""trailing_stop_loss"": 3}"
1y,D_atr4h_1.5,market_period,strong_202601_202602,24,214.64082296726113,21.464082296726115,4.481106692460069,1.8798772949727507,70.83333333333334,2.90504039639845,2.994958580248378,40.458333333333336,23.0,335.0,63.51624906813891,-11.29793275,1.8906466919572396,7.013782451262391,17,55.48097435731796,"{""counterfactual_D_atr4h_1.5"": 17, ""stale_loss_72h"": 1, ""stop_loss"": 3, ""trailing_stop_loss"": 3}"
1y,D_atr4h_1.5,market_period,repair_202606,12,22.89310946431265,2.2893109464312653,1.4120535306722848,4.5848835008059075,50.0,0.642741319492392,0.0783708685230734,29.333333333333332,23.5,73.0,22.358551153404836,-11.8579296,2.487478658601844,4.466964652989938,5,96.0795273863384,"{""counterfactual_D_atr4h_1.5"": 5, ""force_exit"": 1, ""stale_loss_72h"": 1, ""stop_loss"": 4, ""trailing_stop_loss"": 1}"
1y,D_atr4h_2.0,all,all,111,358.5428360631437,35.85428360631437,1.7701862286183718,4.392754792537141,45.94594594594595,0.9743691446928964,-0.1,43.792792792792795,30.0,336.0,66.64658071188741,-11.8579296,2.3584532726977394,5.613654450216649,53,29.27330180600412,"{""counterfactual_D_atr4h_2.0"": 52, ""force_exit"": 1, ""max_hold_14d"": 1, ""stale_flat_120h"": 1, ""stale_loss_72h"": 4, ""stop_loss"": 38, ""swing_exit_long_1d"": 2, ""trailing_stop_loss"": 12}"
1y,D_atr4h_2.0,entry_tag,long_1d_center_compression,14,101.8996596692799,10.18996596692799,3.4231392655543154,1.9930278321280872,57.14285714285714,1.9644383599313509,2.717222655577811,105.5,63.5,336.0,25.537452178217247,-9.61008214,1.4122316728885607,5.229372609799,8,74.68384736906506,"{""counterfactual_D_atr4h_2.0"": 7, ""max_hold_14d"": 1, ""stop_loss"": 4, ""swing_exit_long_1d"": 2}"
1y,D_atr4h_2.0,entry_tag,short_compression_breakdown,28,41.20432111507262,4.120432111507261,1.3140267505682586,2.951863890961646,42.857142857142854,0.4930469905723945,-1.0341893525125574,35.42857142857143,23.5,198.0,32.77506432512041,-11.36564162,2.6415248676090832,4.853496891001091,12,67.77910555206236,"{""counterfactual_D_atr4h_2.0"": 12, ""force_exit"": 1, ""stale_loss_72h"": 1, ""stop_loss"": 9, ""trailing_stop_loss"": 5}"
1y,D_atr4h_2.0,entry_tag,short_pullback_restart,69,215.43885527879118,21.543885527879116,1.7371430500535352,8.693685072088153,44.927536231884055,0.9688046708093557,-0.1,34.666666666666664,31.0,121.0,66.64658071188741,-11.8579296,2.4355706312457235,6.000094412881616,33,47.391790595747956,"{""counterfactual_D_atr4h_2.0"": 33, ""stale_flat_120h"": 1, ""stale_loss_72h"": 3, ""stop_loss"": 25, ""trailing_stop_loss"": 7}"
1y,D_atr4h_2.0,pair,ADA/USDT:USDT,13,110.61315105961525,11.061315105961524,4.6434807152724495,1.2839208679074494,69.23076923076923,3.056866876361639,2.1203462955546923,52.46153846153846,37.0,198.0,32.77506432512041,-11.23519559,2.0224088111033836,7.5868754422454,8,82.88977779165975,"{""counterfactual_D_atr4h_2.0"": 8, ""force_exit"": 1, ""stale_loss_72h"": 1, ""stop_loss"": 2, ""trailing_stop_loss"": 1}"
1y,D_atr4h_2.0,pair,BNB/USDT:USDT,9,11.817715393453396,1.1817715393453396,1.3020485681660139,2.168478103535051,44.44444444444444,0.20251091697811105,-1.1497042210454975,35.666666666666664,32.0,104.0,19.64802169768701,-11.32710287,2.2227025364819397,4.424270026519214,4,100.0,"{""counterfactual_D_atr4h_2.0"": 4, ""stop_loss"": 4, ""swing_exit_long_1d"": 1}"
1y,D_atr4h_2.0,pair,BTC/USDT:USDT,11,26.073426669297326,2.607342666929733,1.6066419953966495,3.0310292785273467,45.45454545454545,1.3235735957882362,-0.09597030213662201,46.90909090909091,30.0,121.0,36.36677181829944,-11.26254354,1.5905316872323694,5.067874283849754,4,100.0,"{""counterfactual_D_atr4h_2.0"": 4, ""stale_flat_120h"": 1, ""stale_loss_72h"": 1, ""stop_loss"": 3, ""swing_exit_long_1d"": 1, ""trailing_stop_loss"": 1}"
1y,D_atr4h_2.0,pair,DOGE/USDT:USDT,6,-34.86949008557464,-3.486949008557464,0.03578665177030929,3.486949008557474,16.666666666666664,-1.702012715608069,-1.8647781691150183,27.5,26.5,50.0,1.2941765444253646,-11.67556629,2.4663841299276457,3.704353702965084,2,100.0,"{""counterfactual_D_atr4h_2.0"": 2, ""stop_loss"": 3, ""trailing_stop_loss"": 1}"
1y,D_atr4h_2.0,pair,ETH/USDT:USDT,12,44.010191939310474,4.401019193931047,1.957844756616556,1.577603718386456,50.0,0.8231218161470691,0.6120011290599987,32.916666666666664,27.5,73.0,23.048604739573555,-10.68252069,2.1826168987401475,5.780169386269441,6,91.11131862984479,"{""counterfactual_D_atr4h_2.0"": 6, ""stale_loss_72h"": 1, ""stop_loss"": 2, ""trailing_stop_loss"": 3}"
1y,D_atr4h_2.0,pair,LINK/USDT:USDT,5,-10.975363173856547,-1.0975363173856547,0.6426732723424669,1.4408070100029238,40.0,-0.6155100619279537,-3.4525600302844768,20.2,20.0,46.0,11.04222982969998,-11.8579296,3.50974774993026,4.597859435021756,2,100.0,"{""counterfactual_D_atr4h_2.0"": 2, ""stop_loss"": 3}"
1y,D_atr4h_2.0,pair,NEAR/USDT:USDT,10,19.732147939056404,1.9732147939056404,1.3737240599336442,2.8235916563040706,30.0,0.6847908955361017,-2.737154100862398,24.8,28.5,36.0,46.91072389825299,-10.00882771,2.8297981490960313,6.620129641800907,4,100.0,"{""counterfactual_D_atr4h_2.0"": 4, ""stop_loss"": 4, ""trailing_stop_loss"": 2}"
1y,D_atr4h_2.0,pair,PAXG/USDT:USDT,4,57.6983589572881,5.76983589572881,8.104296123700353,0.7954455970466066,75.0,3.547067136898903,5.173742528762538,258.5,306.5,336.0,25.537452178217247,-8.12161514,1.2981601977087505,5.471733421202656,3,100.0,"{""counterfactual_D_atr4h_2.0"": 2, ""max_hold_14d"": 1, ""stop_loss"": 1}"
1y,D_atr4h_2.0,pair,SOL/USDT:USDT,10,94.34775668484531,9.434775668484532,2.808624525369583,2.298525055457698,40.0,2.666874293188047,-1.882066203286855,31.3,22.0,84.0,66.64658071188741,-11.36564162,2.8425780556291196,7.491290264757035,4,100.0,"{""counterfactual_D_atr4h_2.0"": 4, ""stop_loss"": 5, ""trailing_stop_loss"": 1}"
1y,D_atr4h_2.0,pair,SUI/USDT:USDT,6,-17.722607571511684,-1.7722607571511684,0.38339839483627175,2.1364051981387835,33.33333333333333,-1.1093734486206348,-1.499283708783808,30.333333333333332,29.0,71.0,7.2988497899833025,-11.19071837,2.867350424428376,4.582342503781411,3,100.0,"{""counterfactual_D_atr4h_2.0"": 3, ""stop_loss"": 3}"
1y,D_atr4h_2.0,pair,TAO/USDT:USDT,8,9.758133362117594,0.9758133362117594,1.3713639750676467,1.8400188878942716,50.0,0.5136039565502915,0.40921605913851333,32.875,23.0,106.0,13.00847160302998,-10.87537742,2.7983074130167487,5.452762959193683,5,100.0,"{""counterfactual_D_atr4h_2.0"": 5, ""stop_loss"": 1, ""trailing_stop_loss"": 2}"
1y,D_atr4h_2.0,pair,XRP/USDT:USDT,15,38.66433174900139,3.866433174900139,1.6202487550552764,2.1746847469326083,46.666666666666664,0.48607629763310767,-0.03365607198755909,38.0,27.0,89.0,28.138762224554974,-11.32824335,2.2149721201937327,4.384476422113924,7,90.0007413816283,"{""counterfactual_D_atr4h_2.0"": 7, ""stale_loss_72h"": 1, ""stop_loss"": 7}"
1y,D_atr4h_2.0,pair,ZEC/USDT:USDT,2,9.395083140101342,0.9395083140101342,1.9591058201019655,0.9795668989999968,50.0,1.498653405623854,1.498653405623854,35.5,35.5,62.0,19.19075213010134,-9.79566899,2.363417265707944,7.229663028684103,1,100.0,"{""counterfactual_D_atr4h_2.0"": 1, ""trailing_stop_loss"": 1}"
1y,D_atr4h_2.0,side,long,14,101.8996596692799,10.18996596692799,3.4231392655543154,1.9930278321280872,57.14285714285714,1.9644383599313509,2.717222655577811,105.5,63.5,336.0,25.537452178217247,-9.61008214,1.4122316728885607,5.229372609799,8,74.68384736906506,"{""counterfactual_D_atr4h_2.0"": 7, ""max_hold_14d"": 1, ""stop_loss"": 4, ""swing_exit_long_1d"": 2}"
1y,D_atr4h_2.0,side,short,97,256.6431763938638,25.66431763938638,1.6060413288332975,5.691009873343958,44.329896907216494,0.8314725569265216,-0.1,34.88659793814433,27.0,198.0,66.64658071188741,-11.8579296,2.49502133864958,5.669117808627444,45,35.46923091212072,"{""counterfactual_D_atr4h_2.0"": 45, ""force_exit"": 1, ""stale_flat_120h"": 1, ""stale_loss_72h"": 4, ""stop_loss"": 34, ""trailing_stop_loss"": 12}"
1y,D_atr4h_2.0,month,2025-06,5,-8.749856990836356,-0.8749856990836355,0.6167413068526217,1.5080246759738287,40.0,-0.9412406782338985,-3.0930916504261012,20.0,24.0,34.0,11.387710764844197,-7.65298697,2.8503357717390747,4.918035634532491,2,100.0,"{""counterfactual_D_atr4h_2.0"": 2, ""stop_loss"": 2, ""trailing_stop_loss"": 1}"
1y,D_atr4h_2.0,month,2025-07,4,19.37596058998231,1.937596058998231,2.768861161128812,0.7559341199999948,50.0,1.095512957979542,1.2932973866925015,41.5,21.0,104.0,17.865607832356126,-7.5593412,1.7267502246765618,4.656447429478841,2,100.0,"{""counterfactual_D_atr4h_2.0"": 2, ""stop_loss"": 1, ""swing_exit_long_1d"": 1}"
1y,D_atr4h_2.0,month,2025-08,6,-11.793031860426446,-1.1793031860426446,0.6615247442071522,3.405667769701839,16.666666666666664,-1.0075564722749115,-1.8768286506092107,40.5,24.0,110.0,23.048604739573555,-8.15723606,3.6538412771281816,4.144017997194797,1,100.0,"{""counterfactual_D_atr4h_2.0"": 1, ""stop_loss"": 3, ""swing_exit_long_1d"": 1, ""trailing_stop_loss"": 1}"
1y,D_atr4h_2.0,month,2025-09,10,9.205872430752986,0.9205872430752986,1.2962081705052022,2.2735022315868108,60.0,0.22599192163038717,0.4949857037394392,50.9,42.0,121.0,18.640615977786545,-8.06092198,2.3660965960124205,4.446783596307173,5,99.40668047081883,"{""counterfactual_D_atr4h_2.0"": 5, ""stale_flat_120h"": 1, ""stop_loss"": 3, ""trailing_stop_loss"": 1}"
1y,D_atr4h_2.0,month,2025-10,8,30.228222698681016,3.0228222698681013,1.915052301755091,3.1304335685630402,50.0,0.8027847762153244,-0.1907022636334923,55.0,17.5,336.0,28.138762224554974,-8.6008338,2.463269362177305,4.467553123324498,4,100.0,"{""counterfactual_D_atr4h_2.0"": 3, ""max_hold_14d"": 1, ""stop_loss"": 3, ""trailing_stop_loss"": 1}"
1y,D_atr4h_2.0,month,2025-11,12,14.954630738500583,1.4954630738500583,1.2913183321352402,2.503120806852644,33.33333333333333,0.9317738557605687,-1.111336073374715,43.666666666666664,27.0,198.0,32.77506432512041,-8.88459075,2.650103270223461,6.509702137945805,6,100.0,"{""counterfactual_D_atr4h_2.0"": 6, ""stop_loss"": 6}"
1y,D_atr4h_2.0,month,2025-12,13,17.261060007935175,1.7261060007935174,1.2951634376026278,3.5517899438498617,46.15384615384615,0.3828462864045256,-1.4136308435481033,51.23076923076923,33.0,278.0,19.267989919070846,-9.61251105,2.1213975636454934,4.431401003939291,6,93.00863554677574,"{""counterfactual_D_atr4h_2.0"": 6, ""stop_loss"": 6, ""trailing_stop_loss"": 1}"
1y,D_atr4h_2.0,month,2026-01,12,93.63604422460203,9.363604422460202,4.25213381915576,1.907295459760399,66.66666666666666,2.2070513161405185,3.536032700381182,51.416666666666664,22.5,335.0,25.537452178217247,-9.79566899,1.4885805747650687,6.5530205462291695,9,72.43236260829822,"{""counterfactual_D_atr4h_2.0"": 9, ""stop_loss"": 1, ""trailing_stop_loss"": 2}"
1y,D_atr4h_2.0,month,2026-02,12,133.25387297062255,13.325387297062255,4.9949988089200295,1.9507043929101453,58.333333333333336,4.446460737274571,1.0449139069286502,35.083333333333336,29.5,73.0,58.533443090851904,-11.29793275,2.2927128091494104,10.193554972502223,8,95.18899263509265,"{""counterfactual_D_atr4h_2.0"": 8, ""stale_loss_72h"": 1, ""stop_loss"": 2, ""trailing_stop_loss"": 1}"
1y,D_atr4h_2.0,month,2026-03,9,-0.5093484940944752,-0.05093484940944753,0.9910030514024415,5.5164176168685515,33.33333333333333,-0.0810560324447844,-2.7242796977599326,51.0,41.0,89.0,20.063939963992205,-11.36564162,2.1540586627970337,5.027380768247165,3,100.0,"{""counterfactual_D_atr4h_2.0"": 3, ""stale_loss_72h"": 1, ""stop_loss"": 5}"
1y,D_atr4h_2.0,month,2026-04,4,-12.393924725331496,-1.2393924725331498,0.5983054913248688,3.0294856906775904,25.0,-1.206293911887432,-2.2522245376305845,24.75,24.0,39.0,18.460180714668503,-11.23519559,2.630002484604458,2.480630145074981,1,100.0,"{""counterfactual_D_atr4h_2.0"": 1, ""stop_loss"": 2, ""trailing_stop_loss"": 1}"
1y,D_atr4h_2.0,month,2026-05,4,-2.639184463511116,-0.2639184463511116,0.8517374180359044,1.780074533000004,25.0,-0.7294355590229287,-1.001017388506337,40.25,37.5,74.0,15.161560866488884,-9.84715213,2.707063751968944,2.912688347903087,1,100.0,"{""counterfactual_D_atr4h_2.0"": 1, ""stale_loss_72h"": 1, ""trailing_stop_loss"": 2}"
1y,D_atr4h_2.0,month,2026-06,12,76.71251893626695,7.671251893626694,2.3807501477127255,4.365084199732179,50.0,1.5261881308386325,-0.14795337491058397,38.0,48.0,84.0,66.64658071188741,-11.8579296,2.487478658601844,5.943671777763317,5,98.55585919872414,"{""counterfactual_D_atr4h_2.0"": 5, ""force_exit"": 1, ""stale_loss_72h"": 1, ""stop_loss"": 4, ""trailing_stop_loss"": 1}"
1y,D_atr4h_2.0,market_period,pressure_202603_202605,17,-15.542457682937087,-1.5542457682937088,0.8523538959293461,5.5164176168685515,29.411764705882355,-0.4983777750379119,-2.078238929345367,42.294117647058826,39.0,89.0,20.063939963992205,-11.36564162,2.3961642889098185,3.930570640360986,5,100.0,"{""counterfactual_D_atr4h_2.0"": 5, ""stale_loss_72h"": 2, ""stop_loss"": 7, ""trailing_stop_loss"": 3}"
1y,D_atr4h_2.0,market_period,strong_202601_202602,24,226.88991719522457,22.68899171952246,4.650837642727908,1.907295459760399,62.5,3.326756026707545,2.145647271616557,43.25,23.5,335.0,58.533443090851904,-11.29793275,1.8906466919572396,8.373287759365697,17,64.69629634713313,"{""counterfactual_D_atr4h_2.0"": 17, ""stale_loss_72h"": 1, ""stop_loss"": 3, ""trailing_stop_loss"": 3}"
1y,D_atr4h_2.0,market_period,repair_202606,12,76.71251893626695,7.671251893626694,2.3807501477127255,4.365084199732179,50.0,1.5261881308386325,-0.14795337491058397,38.0,48.0,84.0,66.64658071188741,-11.8579296,2.487478658601844,5.943671777763317,5,98.55585919872414,"{""counterfactual_D_atr4h_2.0"": 5, ""force_exit"": 1, ""stale_loss_72h"": 1, ""stop_loss"": 4, ""trailing_stop_loss"": 1}"
1y,D_atr4h_2.5,all,all,111,459.7628728096513,45.97628728096513,1.9862044605398246,4.67461026576478,43.24324324324324,1.1782024964570599,-0.1,50.13513513513514,32.0,336.0,139.26965792352289,-11.8579296,2.3584532726977394,6.32780994920542,53,38.33394670273281,"{""counterfactual_D_atr4h_2.5"": 51, ""force_exit"": 1, ""max_hold_14d"": 2, ""stale_flat_120h"": 1, ""stale_loss_72h"": 4, ""stop_loss"": 38, ""swing_exit_long_1d"": 2, ""trailing_stop_loss"": 12}"
1y,D_atr4h_2.5,entry_tag,long_1d_center_compression,14,141.80466270071557,14.180466270071557,4.372066671704298,1.9347895881921464,57.14285714285714,2.741095832488382,2.636214129401754,115.28571428571429,94.0,336.0,59.092441446643555,-9.61008214,1.4122316728885607,6.394451321492741,8,82.01452049338619,"{""counterfactual_D_atr4h_2.5"": 6, ""max_hold_14d"": 2, ""stop_loss"": 4, ""swing_exit_long_1d"": 2}"
1y,D_atr4h_2.5,entry_tag,short_compression_breakdown,28,-1.057022805727395,-0.10570228057273949,0.9919442080836107,5.242594942179742,42.857142857142854,0.028343397699536272,-1.0341893525125574,37.392857142857146,24.5,209.0,31.41362128520842,-11.36564162,2.6415248676090832,4.853496891001091,12,74.92187243950207,"{""counterfactual_D_atr4h_2.5"": 12, ""force_exit"": 1, ""stale_loss_72h"": 1, ""stop_loss"": 9, ""trailing_stop_loss"": 5}"
1y,D_atr4h_2.5,entry_tag,short_pullback_restart,69,319.0152329146631,31.90152329146631,2.089054004622863,9.476881434263234,40.57971014492754,1.3277031929899896,-0.1,42.08695652173913,34.0,162.0,139.26965792352289,-11.8579296,2.4355706312457235,6.912560476998156,33,55.11272526650397,"{""counterfactual_D_atr4h_2.5"": 33, ""stale_flat_120h"": 1, ""stale_loss_72h"": 3, ""stop_loss"": 25, ""trailing_stop_loss"": 7}"
1y,D_atr4h_2.5,pair,ADA/USDT:USDT,13,230.22083974441932,23.02208397444193,8.58323202826529,1.5582151392637484,69.23076923076923,5.242164277905443,1.145858942183761,67.3076923076923,56.0,209.0,139.26965792352289,-11.23519559,2.0224088111033836,10.859370928506442,8,93.24794874355699,"{""counterfactual_D_atr4h_2.5"": 8, ""force_exit"": 1, ""stale_loss_72h"": 1, ""stop_loss"": 2, ""trailing_stop_loss"": 1}"
1y,D_atr4h_2.5,pair,BNB/USDT:USDT,9,11.925628639465689,1.1925628639465689,1.3048067189894985,2.062161872799618,44.44444444444444,0.21140921874057617,-1.1497042210454975,49.22222222222222,35.0,109.0,21.126518201791658,-11.32710287,2.2227025364819397,4.913922603895385,4,100.0,"{""counterfactual_D_atr4h_2.5"": 4, ""stop_loss"": 4, ""swing_exit_long_1d"": 1}"
1y,D_atr4h_2.5,pair,BTC/USDT:USDT,11,14.447153697824925,1.4447153697824926,1.3361372579911373,3.0647023837202787,45.45454545454545,0.9681248730896465,-0.09597030213662201,48.72727272727273,32.0,121.0,33.02215842287432,-11.26254354,1.5905316872323694,5.067874283849754,4,100.0,"{""counterfactual_D_atr4h_2.5"": 4, ""stale_flat_120h"": 1, ""stale_loss_72h"": 1, ""stop_loss"": 3, ""swing_exit_long_1d"": 1, ""trailing_stop_loss"": 1}"
1y,D_atr4h_2.5,pair,DOGE/USDT:USDT,6,-36.42879681,-3.6428796810000006,0.0,3.642879681000011,0.0,-1.8000341683415504,-1.8647781691150183,28.0,26.5,50.0,-0.18909969000000001,-11.67556629,2.4663841299276457,3.704353702965084,2,0.0,"{""counterfactual_D_atr4h_2.5"": 2, ""stop_loss"": 3, ""trailing_stop_loss"": 1}"
1y,D_atr4h_2.5,pair,ETH/USDT:USDT,12,64.70765857474113,6.470765857474113,2.408307683916027,1.7802243450008506,50.0,1.2382134925045418,0.2323162287165904,42.25,27.5,156.0,59.092441446643555,-10.68252069,2.1826168987401475,6.765248532040943,6,95.19908423023638,"{""counterfactual_D_atr4h_2.5"": 6, ""stale_loss_72h"": 1, ""stop_loss"": 2, ""trailing_stop_loss"": 3}"
1y,D_atr4h_2.5,pair,LINK/USDT:USDT,5,-9.33067654968172,-0.933067654968172,0.6962196088170897,1.8126376122912495,40.0,-0.44801432813870823,-3.4525600302844768,21.4,20.0,50.0,16.51741824712497,-11.8579296,3.50974774993026,5.362604679262265,2,100.0,"{""counterfactual_D_atr4h_2.5"": 2, ""stop_loss"": 3}"
1y,D_atr4h_2.5,pair,NEAR/USDT:USDT,10,8.32123633228541,0.832123633228541,1.1576030260554473,3.2199836312271324,30.0,0.2555023674308336,-2.737154100862398,26.0,28.5,46.0,41.39553062281625,-10.00882771,2.8297981490960313,6.620129641800907,4,100.0,"{""counterfactual_D_atr4h_2.5"": 4, ""stop_loss"": 4, ""trailing_stop_loss"": 2}"
1y,D_atr4h_2.5,pair,PAXG/USDT:USDT,4,60.9108451763387,6.0910845176338695,8.499843827411244,0.7954455970466066,75.0,3.7329968155650057,5.066012428104953,258.75,307.0,336.0,29.64496755000004,-8.12161514,1.2981601977087505,5.491144607814039,3,100.0,"{""counterfactual_D_atr4h_2.5"": 1, ""max_hold_14d"": 2, ""stop_loss"": 1}"
1y,D_atr4h_2.5,pair,SOL/USDT:USDT,10,84.85556936957511,8.485556936957511,2.622737855772984,2.29579475508805,30.0,2.333721036037296,-1.882066203286855,35.1,22.0,103.0,60.93166848985928,-11.36564162,2.8425780556291196,7.739124506071674,4,100.0,"{""counterfactual_D_atr4h_2.5"": 4, ""stop_loss"": 5, ""trailing_stop_loss"": 1}"
1y,D_atr4h_2.5,pair,SUI/USDT:USDT,6,-18.973346353331067,-1.8973346353331069,0.3398829280857672,2.0646207759250084,33.33333333333333,-1.266144152358856,-1.499283708783808,39.166666666666664,29.0,91.0,8.485418648404185,-11.19071837,2.867350424428376,4.582342503781411,3,100.0,"{""counterfactual_D_atr4h_2.5"": 3, ""stop_loss"": 3}"
1y,D_atr4h_2.5,pair,TAO/USDT:USDT,8,29.890495479805423,2.9890495479805423,2.1375385851165722,1.8046992153055188,50.0,1.5610914808020777,0.7293398194258227,49.875,26.5,124.0,37.46947657275737,-10.87537742,2.7983074130167487,7.217923301683944,5,100.0,"{""counterfactual_D_atr4h_2.5"": 5, ""stop_loss"": 1, ""trailing_stop_loss"": 2}"
1y,D_atr4h_2.5,pair,XRP/USDT:USDT,15,14.195436736483591,1.419543673648359,1.226719362838249,2.2073148143042265,40.0,0.08020842437482067,-0.1,38.4,27.0,90.0,25.20982638069371,-11.32824335,2.2149721201937327,4.384476422113924,7,95.85458946279525,"{""counterfactual_D_atr4h_2.5"": 7, ""stale_loss_72h"": 1, ""stop_loss"": 7}"
1y,D_atr4h_2.5,pair,ZEC/USDT:USDT,2,5.0208287717247675,0.5020828771724767,1.5125559853901074,0.9795668989999968,50.0,0.6713925335864119,0.6713925335864119,36.5,36.5,64.0,14.816497761724767,-9.79566899,2.363417265707944,7.229663028684103,1,100.0,"{""counterfactual_D_atr4h_2.5"": 1, ""trailing_stop_loss"": 1}"
1y,D_atr4h_2.5,side,long,14,141.80466270071557,14.180466270071557,4.372066671704298,1.9347895881921464,57.14285714285714,2.741095832488382,2.636214129401754,115.28571428571429,94.0,336.0,59.092441446643555,-9.61008214,1.4122316728885607,6.394451321492741,8,82.01452049338619,"{""counterfactual_D_atr4h_2.5"": 6, ""max_hold_14d"": 2, ""stop_loss"": 4, ""swing_exit_long_1d"": 2}"
1y,D_atr4h_2.5,side,short,97,317.9582101089357,31.795821010893572,1.7496512101764214,7.817551169686338,41.23711340206185,0.9526302623906836,-0.1,40.7319587628866,31.0,209.0,139.26965792352289,-11.8579296,2.49502133864958,6.3181916068134365,45,45.44658769028611,"{""counterfactual_D_atr4h_2.5"": 45, ""force_exit"": 1, ""stale_flat_120h"": 1, ""stale_loss_72h"": 4, ""stop_loss"": 34, ""trailing_stop_loss"": 12}"
1y,D_atr4h_2.5,month,2025-06,5,-13.518010307580571,-1.351801030758057,0.41114136308658816,1.5152032584034658,20.0,-1.3632053165164189,-3.0930916504261012,22.4,24.0,46.0,9.438280829520158,-7.65298697,2.8503357717390747,4.918035634532491,2,100.0,"{""counterfactual_D_atr4h_2.5"": 2, ""stop_loss"": 2, ""trailing_stop_loss"": 1}"
1y,D_atr4h_2.5,month,2025-07,4,14.937224122477893,1.4937224122477892,2.363642100871535,0.7559341199999948,50.0,0.7672508444954542,1.0646275519905415,41.5,21.0,104.0,14.952553757945171,-7.5593412,1.7267502246765618,4.656447429478841,2,100.0,"{""counterfactual_D_atr4h_2.5"": 2, ""stop_loss"": 1, ""swing_exit_long_1d"": 1}"
1y,D_atr4h_2.5,month,2025-08,6,24.250804846643554,2.4250804846643557,1.6960294410120664,3.2897635028353855,16.666666666666664,0.6631222102742137,-1.8768286506092107,56.166666666666664,24.0,156.0,59.092441446643555,-8.15723606,3.6538412771281816,6.1141762887377995,1,100.0,"{""counterfactual_D_atr4h_2.5"": 1, ""stop_loss"": 3, ""swing_exit_long_1d"": 1, ""trailing_stop_loss"": 1}"
1y,D_atr4h_2.5,month,2025-09,10,11.567974553706813,1.1567974553706812,1.372211173332972,2.2829003064081794,60.0,0.23281667052193575,0.40867648065335427,69.0,82.0,124.0,22.664870243251695,-8.06092198,2.3660965960124205,4.764860287367709,5,99.43954280770288,"{""counterfactual_D_atr4h_2.5"": 5, ""stale_flat_120h"": 1, ""stop_loss"": 3, ""trailing_stop_loss"": 1}"
1y,D_atr4h_2.5,month,2025-10,8,25.67887373361592,2.567887373361592,1.777336886480226,3.135978162623345,50.0,0.6200108629267382,-0.2668767464732069,56.875,19.5,336.0,25.20982638069371,-8.6008338,2.463269362177305,4.709323755182303,4,100.0,"{""counterfactual_D_atr4h_2.5"": 3, ""max_hold_14d"": 1, ""stop_loss"": 3, ""trailing_stop_loss"": 1}"
1y,D_atr4h_2.5,month,2025-11,12,6.220813453839883,0.6220813453839883,1.1211823301816142,2.5333015396600915,33.33333333333333,0.595469040856975,-1.111336073374715,45.083333333333336,27.5,209.0,31.41362128520842,-8.88459075,2.650103270223461,6.509702137945805,6,100.0,"{""counterfactual_D_atr4h_2.5"": 6, ""stop_loss"": 6}"
1y,D_atr4h_2.5,month,2025-12,13,4.778228048949759,0.4778228048949759,1.0817075090364638,3.57919848437969,46.15384615384615,0.14818084376852905,-1.4136308435481033,53.23076923076923,33.0,278.0,18.37296076633865,-9.61251105,2.1213975636454934,4.707877013272808,6,96.19930993281373,"{""counterfactual_D_atr4h_2.5"": 6, ""stop_loss"": 6, ""trailing_stop_loss"": 1}"
1y,D_atr4h_2.5,month,2026-01,10,83.50195751931608,8.350195751931608,3.9001603203451602,1.8996165833645047,60.0,2.564807297179872,1.9852596752005427,65.3,32.0,336.0,37.46947657275737,-9.79566899,1.650636783016554,7.609318805158776,7,94.32594496546533,"{""counterfactual_D_atr4h_2.5"": 6, ""max_hold_14d"": 1, ""stop_loss"": 1, ""trailing_stop_loss"": 2}"
1y,D_atr4h_2.5,month,2026-02,14,167.28585119405557,16.728585119405555,5.975739052011463,1.8552202781092444,57.14285714285714,4.712799336043062,0.5032316062686705,43.857142857142854,42.0,109.0,53.55063711356487,-11.29793275,2.062082341200586,11.321427123266893,10,95.17197722059512,"{""counterfactual_D_atr4h_2.5"": 10, ""stale_loss_72h"": 1, ""stop_loss"": 2, ""trailing_stop_loss"": 1}"
1y,D_atr4h_2.5,month,2026-03,9,-14.32042133814532,-1.432042133814532,0.7470492282425883,5.540195525398417,33.33333333333333,-0.5012278029628929,-2.7242796977599326,51.55555555555556,41.0,90.0,14.816497761724767,-11.36564162,2.1540586627970337,5.027380768247165,3,100.0,"{""counterfactual_D_atr4h_2.5"": 3, ""stale_loss_72h"": 1, ""stop_loss"": 5}"
1y,D_atr4h_2.5,month,2026-04,4,-13.066951572596777,-1.3066951572596777,0.5764922889108797,2.068438781520712,25.0,-1.2406960464350636,-2.2522245376305845,29.5,24.0,58.0,17.787153867403223,-11.23519559,2.630002484604458,2.480630145074981,1,100.0,"{""counterfactual_D_atr4h_2.5"": 1, ""stop_loss"": 2, ""trailing_stop_loss"": 1}"
1y,D_atr4h_2.5,month,2026-05,4,-5.99049771438885,-0.599049771438885,0.6634692759581854,1.780074533000004,25.0,-0.9033757359462554,-1.001017388506337,40.5,38.0,74.0,11.81024761561115,-9.84715213,2.707063751968944,2.912688347903087,1,100.0,"{""counterfactual_D_atr4h_2.5"": 1, ""stale_loss_72h"": 1, ""trailing_stop_loss"": 2}"
1y,D_atr4h_2.5,month,2026-06,12,168.43702626975735,16.843702626975734,4.016739152690973,4.035376898067556,41.66666666666667,2.970717305130877,-0.5445586025688072,46.75,50.0,162.0,139.26965792352289,-11.8579296,2.487478658601844,8.035915861025364,5,100.0,"{""counterfactual_D_atr4h_2.5"": 5, ""force_exit"": 1, ""stale_loss_72h"": 1, ""stop_loss"": 4, ""trailing_stop_loss"": 1}"
1y,D_atr4h_2.5,market_period,pressure_202603_202605,17,-33.377870625130946,-3.3377870625130943,0.6829257855799012,5.912853814932344,29.411764705882355,-0.7698433738936066,-2.078238929345367,43.76470588235294,39.0,90.0,17.787153867403223,-11.36564162,2.3961642889098185,3.930570640360986,5,100.0,"{""counterfactual_D_atr4h_2.5"": 5, ""stale_loss_72h"": 2, ""stop_loss"": 7, ""trailing_stop_loss"": 3}"
1y,D_atr4h_2.5,market_period,strong_202601_202602,24,250.78780871337165,25.078780871337162,5.0182311663980865,1.8996165833645047,58.333333333333336,3.8178026531833997,1.03824942254684,52.791666666666664,35.0,336.0,53.55063711356487,-11.29793275,1.8906466919572396,9.774715324055178,17,66.26727959828347,"{""counterfactual_D_atr4h_2.5"": 16, ""max_hold_14d"": 1, ""stale_loss_72h"": 1, ""stop_loss"": 3, ""trailing_stop_loss"": 3}"
1y,D_atr4h_2.5,market_period,repair_202606,12,168.43702626975735,16.843702626975734,4.016739152690973,4.035376898067556,41.66666666666667,2.970717305130877,-0.5445586025688072,46.75,50.0,162.0,139.26965792352289,-11.8579296,2.487478658601844,8.035915861025364,5,100.0,"{""counterfactual_D_atr4h_2.5"": 5, ""force_exit"": 1, ""stale_loss_72h"": 1, ""stop_loss"": 4, ""trailing_stop_loss"": 1}"
1y,D_atr4h_3.0,all,all,111,525.3409971735728,52.53409971735727,2.1244623969238745,5.8000864178620795,41.44144144144144,1.276782183152063,-0.1,57.891891891891895,35.0,336.0,134.01434309535557,-11.8579296,2.3833597318109465,6.963936130860064,53,44.509822755192886,"{""counterfactual_D_atr4h_3.0"": 51, ""force_exit"": 1, ""max_hold_14d"": 2, ""stale_flat_120h"": 1, ""stale_loss_72h"": 4, ""stop_loss"": 38, ""swing_exit_long_1d"": 2, ""trailing_stop_loss"": 12}"
1y,D_atr4h_3.0,entry_tag,long_1d_center_compression,14,124.81057366685867,12.481057366685867,3.9679530117184534,1.9507393778460855,57.14285714285714,2.400120035189581,1.8985001200700418,115.28571428571429,94.0,336.0,54.68780429597227,-9.61008214,1.4122316728885607,6.394451321492741,8,85.0393849114623,"{""counterfactual_D_atr4h_3.0"": 6, ""max_hold_14d"": 2, ""stop_loss"": 4, ""swing_exit_long_1d"": 2}"
1y,D_atr4h_3.0,entry_tag,short_compression_breakdown,28,97.12814680357015,9.712814680357015,1.7379545845648001,3.7982417974917473,39.285714285714285,0.9773233884787227,-1.0341893525125574,52.42857142857143,24.5,309.0,97.63569936826161,-11.36564162,2.7029769038783478,6.3015278557536565,12,88.84889388794562,"{""counterfactual_D_atr4h_3.0"": 12, ""force_exit"": 1, ""stale_loss_72h"": 1, ""stop_loss"": 9, ""trailing_stop_loss"": 5}"
1y,D_atr4h_3.0,entry_tag,short_pullback_restart,69,303.40227670314397,30.340227670314395,2.033660293985674,11.282292619003469,39.130434782608695,1.1703780718814583,-0.1,48.46376811594203,36.0,175.0,134.01434309535557,-11.8579296,2.4507004855359638,7.348287131354583,33,62.96848144722652,"{""counterfactual_D_atr4h_3.0"": 33, ""stale_flat_120h"": 1, ""stale_loss_72h"": 3, ""stop_loss"": 25, ""trailing_stop_loss"": 7}"
1y,D_atr4h_3.0,pair,ADA/USDT:USDT,13,223.09455810034873,22.309455810034873,8.25169326634812,1.6825998728128972,61.53846153846154,5.317645894062461,1.145858942183761,82.6923076923077,65.0,309.0,134.01434309535557,-11.23519559,2.1547670430679533,11.547723671653706,8,95.41875335428156,"{""counterfactual_D_atr4h_3.0"": 8, ""force_exit"": 1, ""stale_loss_72h"": 1, ""stop_loss"": 2, ""trailing_stop_loss"": 1}"
1y,D_atr4h_3.0,pair,BNB/USDT:USDT,9,49.008404036485,4.900840403648499,2.2526040587779,2.4286739839595497,44.44444444444444,1.6318019607547927,-1.1497042210454975,60.22222222222222,35.0,149.0,65.44346376313916,-11.32710287,2.2227025364819397,6.993511070436369,4,100.0,"{""counterfactual_D_atr4h_3.0"": 4, ""stop_loss"": 4, ""swing_exit_long_1d"": 1}"
1y,D_atr4h_3.0,pair,BTC/USDT:USDT,11,91.15055313065783,9.115055313065783,3.110540443234449,2.855417999387059,36.36363636363637,2.4105745256714592,-0.1,64.9090909090909,51.0,190.0,97.63569936826161,-11.26254354,1.5905316872323694,7.283670233291144,4,100.0,"{""counterfactual_D_atr4h_3.0"": 4, ""stale_flat_120h"": 1, ""stale_loss_72h"": 1, ""stop_loss"": 3, ""swing_exit_long_1d"": 1, ""trailing_stop_loss"": 1}"
1y,D_atr4h_3.0,pair,DOGE/USDT:USDT,6,-36.42879681,-3.6428796810000006,0.0,3.642879681000011,0.0,-1.8000341683415504,-1.8647781691150183,28.0,26.5,50.0,-0.18909969000000001,-11.67556629,2.4663841299276457,3.704353702965084,2,0.0,"{""counterfactual_D_atr4h_3.0"": 2, ""stop_loss"": 3, ""trailing_stop_loss"": 1}"
1y,D_atr4h_3.0,pair,ETH/USDT:USDT,12,47.64341780034709,4.764341780034709,2.0369188571202885,2.034173407119101,50.0,0.8107519371291052,-0.3565763015110683,47.25,29.5,156.0,54.68780429597227,-10.68252069,2.1826168987401475,6.765248532040943,6,98.70764287803978,"{""counterfactual_D_atr4h_3.0"": 6, ""stale_loss_72h"": 1, ""stop_loss"": 2, ""trailing_stop_loss"": 3}"
1y,D_atr4h_3.0,pair,LINK/USDT:USDT,5,-20.233074569073953,-2.023307456907395,0.34126841985151185,2.1802228584452137,40.0,-1.400910377600556,-3.4525600302844768,22.8,20.0,53.0,9.1634687713678,-11.8579296,3.50974774993026,5.362604679262265,2,100.0,"{""counterfactual_D_atr4h_3.0"": 2, ""stop_loss"": 3}"
1y,D_atr4h_3.0,pair,NEAR/USDT:USDT,10,10.97128822364855,1.097128822364855,1.2077946298754634,2.4593435612067753,30.0,0.17168511186593238,-2.737154100862398,30.6,28.5,68.0,31.71342056483233,-10.00882771,2.8297981490960313,7.227330071677317,4,100.0,"{""counterfactual_D_atr4h_3.0"": 4, ""stop_loss"": 4, ""trailing_stop_loss"": 2}"
1y,D_atr4h_3.0,pair,PAXG/USDT:USDT,4,60.01581602360641,6.001581602360641,8.389640482718862,0.7954455970466066,75.0,3.679131765236208,4.958282327447359,258.75,307.0,336.0,29.64496755000004,-8.12161514,1.2981601977087505,5.491144607814039,3,100.0,"{""counterfactual_D_atr4h_3.0"": 1, ""max_hold_14d"": 2, ""stop_loss"": 1}"
1y,D_atr4h_3.0,pair,SOL/USDT:USDT,10,108.68441005858884,10.868441005858884,3.0834548320411996,2.2963615829258566,40.0,2.765209144406172,-1.882066203286855,48.4,31.5,175.0,89.99382687885414,-11.36564162,2.8425780556291196,8.874008801244138,4,100.0,"{""counterfactual_D_atr4h_3.0"": 4, ""stop_loss"": 5, ""trailing_stop_loss"": 1}"
1y,D_atr4h_3.0,pair,SUI/USDT:USDT,6,-21.213850913954072,-2.1213850913954073,0.2619317178655794,2.2557594009816486,33.33333333333333,-1.4130467379016483,-1.499283708783808,46.0,29.0,112.0,6.153790942085012,-11.19071837,2.867350424428376,4.774096105371079,3,100.0,"{""counterfactual_D_atr4h_3.0"": 3, ""stop_loss"": 3}"
1y,D_atr4h_3.0,pair,TAO/USDT:USDT,8,17.544859938851033,1.7544859938851034,1.6677023860107303,1.8261953482145206,50.0,0.9612402109540151,0.2643205272982926,56.0,26.5,125.0,33.43700960350569,-10.87537742,2.7983074130167487,7.217923301683944,5,100.0,"{""counterfactual_D_atr4h_3.0"": 5, ""stop_loss"": 1, ""trailing_stop_loss"": 2}"
1y,D_atr4h_3.0,pair,XRP/USDT:USDT,15,-5.4410068779621446,-0.5441006877962145,0.9138039903802393,2.864183350073694,33.33333333333333,-0.23200752939083344,-0.1,41.06666666666667,27.0,94.0,22.28089053683244,-11.32824335,2.2845694499288376,4.384476422113924,7,100.0,"{""counterfactual_D_atr4h_3.0"": 7, ""stale_loss_72h"": 1, ""stop_loss"": 7}"
1y,D_atr4h_3.0,pair,ZEC/USDT:USDT,2,0.5444190320294826,0.054441903202948255,1.0555775243717664,0.9795668989999968,50.0,-0.17518800631748577,-0.17518800631748577,40.5,40.5,72.0,10.340088022029482,-9.79566899,2.363417265707944,7.229663028684103,1,100.0,"{""counterfactual_D_atr4h_3.0"": 1, ""trailing_stop_loss"": 1}"
1y,D_atr4h_3.0,side,long,14,124.81057366685867,12.481057366685867,3.9679530117184534,1.9507393778460855,57.14285714285714,2.400120035189581,1.8985001200700418,115.28571428571429,94.0,336.0,54.68780429597227,-9.61008214,1.4122316728885607,6.394451321492741,8,85.0393849114623,"{""counterfactual_D_atr4h_3.0"": 6, ""max_hold_14d"": 2, ""stop_loss"": 4, ""swing_exit_long_1d"": 2}"
1y,D_atr4h_3.0,side,short,97,400.5304235067141,40.05304235067141,1.9421135471176612,7.328817234435612,39.175257731958766,1.1146509467755141,-0.1,49.608247422680414,33.0,309.0,134.01434309535557,-11.8579296,2.52352254443892,7.0461298146862745,45,52.76379056044884,"{""counterfactual_D_atr4h_3.0"": 45, ""force_exit"": 1, ""stale_flat_120h"": 1, ""stale_loss_72h"": 4, ""stop_loss"": 34, ""trailing_stop_loss"": 12}"
1y,D_atr4h_3.0,month,2025-06,5,-13.218353313021002,-1.3218353313021003,0.42101352952232557,1.5147501047947804,40.0,-1.3833154935752616,-3.0930916504261012,30.6,32.0,47.0,6.3978843954241995,-7.65298697,2.8503357717390747,5.58624172487742,2,100.0,"{""counterfactual_D_atr4h_3.0"": 2, ""stop_loss"": 2, ""trailing_stop_loss"": 1}"
1y,D_atr4h_3.0,month,2025-07,4,10.498487654973477,1.0498487654973476,1.9584230406142582,0.7559341199999948,50.0,0.4389887310113661,0.8359577172885811,41.5,21.0,104.0,12.039499683534219,-7.5593412,1.7267502246765618,4.656447429478841,2,100.0,"{""counterfactual_D_atr4h_3.0"": 2, ""stop_loss"": 1, ""swing_exit_long_1d"": 1}"
1y,D_atr4h_3.0,month,2025-08,6,19.84616769597227,1.984616769597227,1.5696106622032866,3.303502368955294,16.666666666666664,0.4589615530224559,-1.8768286506092107,56.166666666666664,24.0,156.0,54.68780429597227,-8.15723606,3.6538412771281816,6.1141762887377995,1,100.0,"{""counterfactual_D_atr4h_3.0"": 1, ""stop_loss"": 3, ""swing_exit_long_1d"": 1, ""trailing_stop_loss"": 1}"
1y,D_atr4h_3.0,month,2025-09,10,1.3409657613790575,0.13409657613790577,1.0431469171309946,2.288320851927621,60.0,-0.15663754620562786,0.3500901718992184,74.0,98.0,125.0,19.07430509190203,-8.06092198,2.3660965960124205,4.87991244832151,5,99.26274467305129,"{""counterfactual_D_atr4h_3.0"": 5, ""stale_flat_120h"": 1, ""stop_loss"": 3, ""trailing_stop_loss"": 1}"
1y,D_atr4h_3.0,month,2025-10,7,13.772374867236927,1.3772374867236927,1.4169098345120041,3.155732350982645,42.857142857142854,0.2027922103339605,-2.079550843992106,58.714285714285715,17.0,336.0,22.28089053683244,-8.6008338,2.5732984177206766,4.396499727121506,3,100.0,"{""counterfactual_D_atr4h_3.0"": 2, ""max_hold_14d"": 1, ""stop_loss"": 3, ""trailing_stop_loss"": 1}"
1y,D_atr4h_3.0,month,2025-11,13,20.973181608857242,2.0973181608857243,1.4069092107032302,2.5517014296835048,30.76923076923077,1.0672455137137677,-0.1,56.0,31.0,309.0,47.323099427248856,-8.88459075,2.5764850166196336,7.22800794368246,7,100.0,"{""counterfactual_D_atr4h_3.0"": 7, ""stop_loss"": 6}"
1y,D_atr4h_3.0,month,2025-12,13,8.882139063506079,0.8882139063506079,1.1518842236828915,3.5394097464965726,46.15384615384615,0.2023078254263868,-1.4136308435481033,61.46153846153846,37.0,278.0,25.65869240339202,-9.61251105,2.2086891815211134,5.174954267023892,6,98.63726629013078,"{""counterfactual_D_atr4h_3.0"": 6, ""stop_loss"": 6, ""trailing_stop_loss"": 1}"
1y,D_atr4h_3.0,month,2026-01,8,18.023097968366205,1.8023097968366204,1.6259718350370147,1.8996165833645047,50.0,0.3454439544525043,0.08798230105773884,72.25,32.0,336.0,29.64496755000004,-9.79566899,2.0176560569282045,5.667062282468773,5,100.0,"{""counterfactual_D_atr4h_3.0"": 4, ""max_hold_14d"": 1, ""stop_loss"": 1, ""trailing_stop_loss"": 2}"
1y,D_atr4h_3.0,month,2026-02,16,310.54092005110107,31.054092005110107,9.991578435716379,1.7364652525585302,50.0,6.535817084989449,0.4966229278613709,66.8125,54.5,190.0,97.63569936826161,-11.29793275,1.9290061300456895,14.521670072518639,12,81.99277113188724,"{""counterfactual_D_atr4h_3.0"": 12, ""stale_loss_72h"": 1, ""stop_loss"": 2, ""trailing_stop_loss"": 1}"
1y,D_atr4h_3.0,month,2026-03,9,-25.99302665381471,-2.599302665381471,0.5408685263414922,5.564741898945034,33.33333333333333,-0.8696939620945292,-2.7242796977599326,52.888888888888886,41.0,92.0,10.340088022029482,-11.36564162,2.1540586627970337,5.027380768247165,3,100.0,"{""counterfactual_D_atr4h_3.0"": 3, ""stale_loss_72h"": 1, ""stop_loss"": 5}"
1y,D_atr4h_3.0,month,2026-04,4,-15.04966678775076,-1.504966678775076,0.5122313036423344,2.0725162749986303,25.0,-1.3420436165632401,-2.2522245376305845,31.0,24.0,64.0,15.804438652249239,-11.23519559,2.630002484604458,2.480630145074981,1,100.0,"{""counterfactual_D_atr4h_3.0"": 1, ""stop_loss"": 2, ""trailing_stop_loss"": 1}"
1y,D_atr4h_3.0,month,2026-05,4,-10.271370286319067,-1.0271370286319068,0.42298088670430595,1.780074533000004,25.0,-1.125561988560134,-1.001017388506337,40.75,38.5,74.0,7.5293750436809335,-9.84715213,2.707063751968944,2.912688347903087,1,100.0,"{""counterfactual_D_atr4h_3.0"": 1, ""stale_loss_72h"": 1, ""trailing_stop_loss"": 2}"
1y,D_atr4h_3.0,month,2026-06,12,185.99607954308604,18.599607954308603,4.331225133991796,3.9778592576381313,41.66666666666667,3.1777796016970576,-0.5445586025688072,56.833333333333336,50.5,175.0,134.01434309535557,-11.8579296,2.487478658601844,8.703233569358698,5,100.0,"{""counterfactual_D_atr4h_3.0"": 5, ""force_exit"": 1, ""stale_loss_72h"": 1, ""stop_loss"": 4, ""trailing_stop_loss"": 1}"
1y,D_atr4h_3.0,market_period,pressure_202603_202605,17,-51.31406372788454,-5.131406372788454,0.5125403106760337,6.847548425900577,29.411764705882355,-1.0410392987849564,-2.078238929345367,44.88235294117647,39.0,92.0,15.804438652249239,-11.36564162,2.3961642889098185,3.930570640360986,5,100.0,"{""counterfactual_D_atr4h_3.0"": 5, ""stale_loss_72h"": 2, ""stop_loss"": 7, ""trailing_stop_loss"": 3}"
1y,D_atr4h_3.0,market_period,strong_202601_202602,24,328.56401801946726,32.856401801946724,6.188203755814924,1.8996165833645047,50.0,4.472359374810467,0.08966442007108553,68.625,40.5,336.0,97.63569936826161,-11.29793275,1.9585561056731946,11.570134142502017,17,72.19796935500688,"{""counterfactual_D_atr4h_3.0"": 16, ""max_hold_14d"": 1, ""stale_loss_72h"": 1, ""stop_loss"": 3, ""trailing_stop_loss"": 3}"
1y,D_atr4h_3.0,market_period,repair_202606,12,185.99607954308604,18.599607954308603,4.331225133991796,3.9778592576381313,41.66666666666667,3.1777796016970576,-0.5445586025688072,56.833333333333336,50.5,175.0,134.01434309535557,-11.8579296,2.487478658601844,8.703233569358698,5,100.0,"{""counterfactual_D_atr4h_3.0"": 5, ""force_exit"": 1, ""stale_loss_72h"": 1, ""stop_loss"": 4, ""trailing_stop_loss"": 1}"
1y,E_min24h_profit_protect,all,all,111,667.4231286400001,66.74231286400001,2.430724151007963,6.359446294368895,44.14414414414414,1.7808870261516332,-0.1,67.21621621621621,33.0,336.0,137.47160580000002,-11.8579296,2.373136389176865,7.161990517205815,53,43.566370615857316,"{""counterfactual_E_min24h_profit_protect"": 43, ""force_exit"": 1, ""max_hold_14d"": 10, ""stale_flat_120h"": 1, ""stale_loss_72h"": 4, ""stop_loss"": 38, ""swing_exit_long_1d"": 2, ""trailing_stop_loss"": 12}"
1y,E_min24h_profit_protect,entry_tag,long_1d_center_compression,14,237.97838787000003,23.797838787000003,6.659045161413412,1.1898386079825487,57.14285714285714,4.744375817895016,4.363518669250844,168.64285714285714,122.0,336.0,107.55640412999999,-9.61008214,1.4122316728885607,10.257804959709912,8,81.70443838824825,"{""counterfactual_E_min24h_profit_protect"": 4, ""max_hold_14d"": 4, ""stop_loss"": 4, ""swing_exit_long_1d"": 2}"
1y,E_min24h_profit_protect,entry_tag,short_compression_breakdown,28,19.275983630000088,1.9275983630000086,1.146453947283917,5.059505512239524,39.285714285714285,0.41001712248606964,-1.0341893525125574,41.535714285714285,24.5,336.0,49.64326500000001,-11.36564162,2.66244865272181,5.17308923603375,12,69.78770403075055,"{""counterfactual_E_min24h_profit_protect"": 11, ""force_exit"": 1, ""max_hold_14d"": 1, ""stale_loss_72h"": 1, ""stop_loss"": 9, ""trailing_stop_loss"": 5}"
1y,E_min24h_profit_protect,entry_tag,short_pullback_restart,69,410.16875713999997,41.016875713999994,2.400742284398302,9.704121959813747,43.47826086956522,1.7358944785897263,-0.1,57.05797101449275,34.0,336.0,137.47160580000002,-11.8579296,2.4507004855359638,7.340944628477707,33,65.19113503722797,"{""counterfactual_E_min24h_profit_protect"": 28, ""max_hold_14d"": 5, ""stale_flat_120h"": 1, ""stale_loss_72h"": 3, ""stop_loss"": 25, ""trailing_stop_loss"": 7}"
1y,E_min24h_profit_protect,pair,ADA/USDT:USDT,13,268.64092052,26.864092052,9.732178727211181,1.1542826223080445,61.53846153846154,6.498684440165511,2.2349477440734136,107.46153846153847,49.0,336.0,137.47160580000002,-11.23519559,2.0674754251923333,12.157295566742345,8,95.15925463913646,"{""counterfactual_E_min24h_profit_protect"": 5, ""force_exit"": 1, ""max_hold_14d"": 3, ""stale_loss_72h"": 1, ""stop_loss"": 2, ""trailing_stop_loss"": 1}"
1y,E_min24h_profit_protect,pair,BNB/USDT:USDT,9,91.73973066,9.173973066,3.344772518818576,1.8913522119999926,44.44444444444444,3.056715459454891,-1.1497042210454975,94.88888888888889,61.0,336.0,74.32692120000003,-11.32710287,2.2227025364819397,8.965666834380642,4,100.0,"{""counterfactual_E_min24h_profit_protect"": 3, ""max_hold_14d"": 1, ""stop_loss"": 4, ""swing_exit_long_1d"": 1}"
1y,E_min24h_profit_protect,pair,BTC/USDT:USDT,11,6.740978100000016,0.6740978100000016,1.1568401598062497,3.087437100040032,45.45454545454545,0.6357910082359547,-0.09597030213662201,59.63636363636363,51.0,134.0,19.760465399999998,-11.26254354,1.5905316872323694,5.542041258316189,4,100.0,"{""counterfactual_E_min24h_profit_protect"": 4, ""stale_flat_120h"": 1, ""stale_loss_72h"": 1, ""stop_loss"": 3, ""swing_exit_long_1d"": 1, ""trailing_stop_loss"": 1}"
1y,E_min24h_profit_protect,pair,DOGE/USDT:USDT,6,-30.221868809999986,-3.0221868809999988,0.16430296962949342,3.0221868810000045,16.666666666666664,-1.4098530128050504,-1.8647781691150183,25.5,26.5,50.0,5.941797820000015,-11.67556629,2.4663841299276457,3.704353702965084,2,100.0,"{""counterfactual_E_min24h_profit_protect"": 2, ""stop_loss"": 3, ""trailing_stop_loss"": 1}"
1y,E_min24h_profit_protect,pair,ETH/USDT:USDT,12,135.306452,13.530645199999999,3.9448309555956977,1.397149983839186,50.0,2.9821473652969677,0.5255611306321715,75.41666666666667,32.0,336.0,107.55640412999999,-10.68252069,2.1826168987401475,9.316654216926173,6,95.06649426701014,"{""counterfactual_E_min24h_profit_protect"": 5, ""max_hold_14d"": 1, ""stale_loss_72h"": 1, ""stop_loss"": 2, ""trailing_stop_loss"": 3}"
1y,E_min24h_profit_protect,pair,LINK/USDT:USDT,5,-8.34366413000002,-0.834366413000002,0.7283539366288843,1.3389858263661438,40.0,-0.3862729230408747,-3.4525600302844768,23.4,24.0,46.0,12.674020159999987,-11.8579296,3.50974774993026,5.362604679262265,2,100.0,"{""counterfactual_E_min24h_profit_protect"": 2, ""stop_loss"": 3}"
1y,E_min24h_profit_protect,pair,NEAR/USDT:USDT,10,-20.539573140000005,-2.0539573140000007,0.6093085506806732,3.046545046745709,40.0,-0.8849204591752704,-2.737154100862398,24.5,25.5,41.0,11.801576000000011,-10.00882771,2.8297981490960313,4.497610228513589,4,100.0,"{""counterfactual_E_min24h_profit_protect"": 4, ""stop_loss"": 4, ""trailing_stop_loss"": 2}"
1y,E_min24h_profit_protect,pair,PAXG/USDT:USDT,4,66.35987094000004,6.635987094000003,9.170772659882532,0.7954455970466066,75.0,4.0609325549836806,5.7218839069423035,273.25,336.0,336.0,29.64496755000004,-8.12161514,1.2981601977087505,5.617355638261136,3,100.0,"{""max_hold_14d"": 3, ""stop_loss"": 1}"
1y,E_min24h_profit_protect,pair,SOL/USDT:USDT,10,88.60310302999999,8.860310302999999,2.698500852534274,2.2908832647664377,40.0,2.066512412763933,-1.882066203286855,65.2,28.0,336.0,84.8102296,-11.36564162,2.8425780556291196,8.874008801244138,4,100.0,"{""counterfactual_E_min24h_profit_protect"": 3, ""max_hold_14d"": 1, ""stop_loss"": 5, ""trailing_stop_loss"": 1}"
1y,E_min24h_profit_protect,pair,SUI/USDT:USDT,6,-16.68940241999999,-1.6689402419999988,0.41934547273183015,2.0748689450242375,33.33333333333333,-1.0276159600437846,-1.499283708783808,30.333333333333332,29.0,71.0,7.907697179999999,-11.19071837,2.867350424428376,4.582342503781411,3,100.0,"{""counterfactual_E_min24h_profit_protect"": 3, ""stop_loss"": 3}"
1y,E_min24h_profit_protect,pair,TAO/USDT:USDT,8,84.5944319,8.45944319,4.219398970394473,1.0728595117799211,50.0,4.248054371840517,1.021289612533583,69.5,26.5,336.0,89.84104199999999,-10.87537742,2.7983074130167487,8.817189151460989,5,100.0,"{""counterfactual_E_min24h_profit_protect"": 4, ""max_hold_14d"": 1, ""stop_loss"": 1, ""trailing_stop_loss"": 2}"
1y,E_min24h_profit_protect,pair,XRP/USDT:USDT,15,-2.9952192199999668,-0.2995219219999967,0.9525499690606704,2.447391177999987,33.33333333333333,-0.24166126301285,-0.1,38.53333333333333,27.0,90.0,15.761865600000043,-11.32824335,2.2845694499288376,4.384476422113924,7,100.0,"{""counterfactual_E_min24h_profit_protect"": 7, ""stale_loss_72h"": 1, ""stop_loss"": 7}"
1y,E_min24h_profit_protect,pair,ZEC/USDT:USDT,2,4.22736921000002,0.4227369210000021,1.4315549263981429,0.9795668989999968,50.0,0.5213331191855817,0.5213331191855817,36.5,36.5,64.0,14.02303820000002,-9.79566899,2.363417265707944,7.229663028684103,1,100.0,"{""counterfactual_E_min24h_profit_protect"": 1, ""trailing_stop_loss"": 1}"
1y,E_min24h_profit_protect,side,long,14,237.97838787000003,23.797838787000003,6.659045161413412,1.1898386079825487,57.14285714285714,4.744375817895016,4.363518669250844,168.64285714285714,122.0,336.0,107.55640412999999,-9.61008214,1.4122316728885607,10.257804959709912,8,81.70443838824825,"{""counterfactual_E_min24h_profit_protect"": 4, ""max_hold_14d"": 4, ""stop_loss"": 4, ""swing_exit_long_1d"": 2}"
1y,E_min24h_profit_protect,side,short,97,429.44474077000007,42.944474077,2.0117902463869806,6.8341533035261,42.2680412371134,1.3531669943536193,-0.1,52.577319587628864,30.0,336.0,137.47160580000002,-11.8579296,2.511823667816414,6.715171937875327,45,53.67090567866695,"{""counterfactual_E_min24h_profit_protect"": 39, ""force_exit"": 1, ""max_hold_14d"": 6, ""stale_flat_120h"": 1, ""stale_loss_72h"": 4, ""stop_loss"": 34, ""trailing_stop_loss"": 12}"
1y,E_min24h_profit_protect,month,2025-06,5,-4.415011230000006,-0.44150112300000066,0.8066149611344605,1.501557225345067,40.0,-0.6081490532900448,-3.0930916504261012,27.6,32.0,41.0,9.732663000000004,-7.65298697,2.8503357717390747,5.58624172487742,2,100.0,"{""counterfactual_E_min24h_profit_protect"": 2, ""stop_loss"": 2, ""trailing_stop_loss"": 1}"
1y,E_min24h_profit_protect,month,2025-07,4,110.78912645999999,11.078912646,11.114109283015491,1.0953918269999916,50.0,7.811248960219819,1.5514467677126444,148.5,119.0,336.0,107.55640412999999,-7.5593412,1.7267502246765618,13.614623663917227,2,100.0,"{""counterfactual_E_min24h_profit_protect"": 1, ""max_hold_14d"": 1, ""stop_loss"": 1, ""swing_exit_long_1d"": 1}"
1y,E_min24h_profit_protect,month,2025-08,6,-2.6111293999999816,-0.2611129399999982,0.9250572115777138,2.1135134212287707,16.666666666666664,-0.5819633582413295,-1.8768286506092107,71.0,24.0,245.0,32.23050720000002,-8.15723606,3.6538412771281816,6.1141762887377995,1,100.0,"{""counterfactual_E_min24h_profit_protect"": 1, ""stop_loss"": 3, ""swing_exit_long_1d"": 1, ""trailing_stop_loss"": 1}"
1y,E_min24h_profit_protect,month,2025-09,10,7.148407780000008,0.7148407780000008,1.2300071836174429,2.2793110287155898,60.0,0.19367035710604433,1.107059257134509,52.8,41.5,121.0,16.032095999999996,-8.06092198,2.3660965960124205,4.50567985194453,5,99.37474704888868,"{""counterfactual_E_min24h_profit_protect"": 5, ""stale_flat_120h"": 1, ""stop_loss"": 3, ""trailing_stop_loss"": 1}"
1y,E_min24h_profit_protect,month,2025-10,8,48.426350590000006,4.842635059000001,2.46593612250025,3.0806483568882337,50.0,1.3504191512687462,0.29004296832551946,76.875,24.5,336.0,35.54399969999998,-8.6008338,2.463269362177305,6.927998989619609,4,100.0,"{""counterfactual_E_min24h_profit_protect"": 3, ""max_hold_14d"": 1, ""stop_loss"": 3, ""trailing_stop_loss"": 1}"
1y,E_min24h_profit_protect,month,2025-11,12,23.494806139999987,2.3494806139999986,1.4576821626845364,2.5369404654764303,33.33333333333333,1.3506819056276202,-1.111336073374715,55.0,24.0,336.0,49.64326500000001,-8.88459075,2.650103270223461,7.255417609688674,6,100.0,"{""counterfactual_E_min24h_profit_protect"": 5, ""max_hold_14d"": 1, ""stop_loss"": 6}"
1y,E_min24h_profit_protect,month,2025-12,13,12.124139440000015,1.2124139440000015,1.2073223007995373,3.5654875826936716,46.15384615384615,0.24353468310542345,-1.4136308435481033,54.15384615384615,33.0,336.0,23.82198652999999,-9.61251105,2.1213975636454934,4.293761118643027,6,93.14517086864629,"{""counterfactual_E_min24h_profit_protect"": 5, ""max_hold_14d"": 1, ""stop_loss"": 6, ""trailing_stop_loss"": 1}"
1y,E_min24h_profit_protect,month,2026-01,8,35.97080864000006,3.597080864000006,2.2592245300313025,1.869343959193419,62.5,0.7382521249831676,1.9951037178262196,72.375,32.0,336.0,29.64496755000004,-9.79566899,1.8900361436360815,4.729143323171742,5,100.0,"{""counterfactual_E_min24h_profit_protect"": 4, ""max_hold_14d"": 1, ""stop_loss"": 1, ""trailing_stop_loss"": 2}"
1y,E_min24h_profit_protect,month,2026-02,16,285.91442483,28.591442482999994,9.342572562856036,1.7691319040981095,56.25,6.790889464151885,2.3302501102678215,91.875,30.0,336.0,89.84104199999999,-11.29793275,1.992816086691751,13.965614987407625,12,89.63858130610845,"{""counterfactual_E_min24h_profit_protect"": 9, ""max_hold_14d"": 3, ""stale_loss_72h"": 1, ""stop_loss"": 2, ""trailing_stop_loss"": 1}"
1y,E_min24h_profit_protect,month,2026-03,9,-17.734989020000015,-1.7734989020000016,0.6867355328597314,5.544530654826301,33.33333333333333,-0.604336981814501,-2.7242796977599326,51.55555555555556,41.0,90.0,14.075739999999973,-11.36564162,2.1540586627970337,5.027380768247165,3,100.0,"{""counterfactual_E_min24h_profit_protect"": 3, ""stale_loss_72h"": 1, ""stop_loss"": 5}"
1y,E_min24h_profit_protect,month,2026-04,4,-18.335193440000005,-1.8335193440000004,0.4057454209568551,2.0793085333164614,25.0,-1.5099851042019292,-2.2522245376305845,34.25,24.0,77.0,12.518911999999993,-11.23519559,2.630002484604458,2.480630145074981,1,100.0,"{""counterfactual_E_min24h_profit_protect"": 1, ""stop_loss"": 2, ""trailing_stop_loss"": 1}"
1y,E_min24h_profit_protect,month,2026-05,4,-6.663025459999963,-0.6663025459999963,0.6256884003182375,1.780074533000004,25.0,-0.9382813345281861,-1.001017388506337,40.75,38.5,74.0,11.137719870000037,-9.84715213,2.707063751968944,2.912688347903087,1,100.0,"{""counterfactual_E_min24h_profit_protect"": 1, ""stale_loss_72h"": 1, ""trailing_stop_loss"": 2}"
1y,E_min24h_profit_protect,month,2026-06,12,193.31441331,19.331441331,4.46229788263883,4.818692334522036,41.66666666666667,3.4603040928077773,-0.5445586025688072,81.91666666666667,48.0,336.0,137.47160580000002,-11.8579296,2.487478658601844,8.703233569358698,5,100.0,"{""counterfactual_E_min24h_profit_protect"": 3, ""force_exit"": 1, ""max_hold_14d"": 2, ""stale_loss_72h"": 1, ""stop_loss"": 4, ""trailing_stop_loss"": 1}"
1y,E_min24h_profit_protect,market_period,pressure_202603_202605,17,-42.733207919999984,-4.273320791999998,0.5940544415471807,6.695505272791354,29.411764705882355,-0.8960057994853512,-2.078238929345367,44.94117647058823,39.0,90.0,14.075739999999973,-11.36564162,2.3961642889098185,3.930570640360986,5,100.0,"{""counterfactual_E_min24h_profit_protect"": 5, ""stale_loss_72h"": 2, ""stop_loss"": 7, ""trailing_stop_loss"": 3}"
1y,E_min24h_profit_protect,market_period,strong_202601_202602,24,321.88523347000006,32.18852334700001,6.122496077740533,1.869343959193419,58.333333333333336,4.773343684428979,2.1406631998104784,85.375,31.5,336.0,89.84104199999999,-11.29793275,1.9585561056731946,10.886791099328997,17,77.17110223585408,"{""counterfactual_E_min24h_profit_protect"": 13, ""max_hold_14d"": 4, ""stale_loss_72h"": 1, ""stop_loss"": 3, ""trailing_stop_loss"": 3}"
1y,E_min24h_profit_protect,market_period,repair_202606,12,193.31441331,19.331441331,4.46229788263883,4.818692334522036,41.66666666666667,3.4603040928077773,-0.5445586025688072,81.91666666666667,48.0,336.0,137.47160580000002,-11.8579296,2.487478658601844,8.703233569358698,5,100.0,"{""counterfactual_E_min24h_profit_protect"": 3, ""force_exit"": 1, ""max_hold_14d"": 2, ""stale_loss_72h"": 1, ""stop_loss"": 4, ""trailing_stop_loss"": 1}"
