period,pair,side,entry_tag,open_date,close_date,open_rate,close_rate,profit_abs,profit_ratio,exit_reason,exit_reason_group,pnl_group,future_favorable_from_exit_pct_6h,future_adverse_from_exit_pct_6h,future_close_return_from_exit_pct_6h,held_profit_ratio_pct_6h,regained_entry_6h,regained_pre_exit_extreme_6h,entry_plus_1pct_6h,entry_plus_3pct_6h,entry_plus_5pct_6h,stopped_too_early_6h,valid_stop_6h,took_profit_too_early_6h,good_take_profit_6h,gave_back_risk_6h,hold_would_help_6h,hold_would_hurt_6h,future_favorable_from_exit_pct_12h,future_adverse_from_exit_pct_12h,future_close_return_from_exit_pct_12h,held_profit_ratio_pct_12h,regained_entry_12h,regained_pre_exit_extreme_12h,entry_plus_1pct_12h,entry_plus_3pct_12h,entry_plus_5pct_12h,stopped_too_early_12h,valid_stop_12h,took_profit_too_early_12h,good_take_profit_12h,gave_back_risk_12h,hold_would_help_12h,hold_would_hurt_12h,future_favorable_from_exit_pct_24h,future_adverse_from_exit_pct_24h,future_close_return_from_exit_pct_24h,held_profit_ratio_pct_24h,regained_entry_24h,regained_pre_exit_extreme_24h,entry_plus_1pct_24h,entry_plus_3pct_24h,entry_plus_5pct_24h,stopped_too_early_24h,valid_stop_24h,took_profit_too_early_24h,good_take_profit_24h,gave_back_risk_24h,hold_would_help_24h,hold_would_hurt_24h,future_favorable_from_exit_pct_48h,future_adverse_from_exit_pct_48h,future_close_return_from_exit_pct_48h,held_profit_ratio_pct_48h,regained_entry_48h,regained_pre_exit_extreme_48h,entry_plus_1pct_48h,entry_plus_3pct_48h,entry_plus_5pct_48h,stopped_too_early_48h,valid_stop_48h,took_profit_too_early_48h,good_take_profit_48h,gave_back_risk_48h,hold_would_help_48h,hold_would_hurt_48h,future_favorable_from_exit_pct_72h,future_adverse_from_exit_pct_72h,future_close_return_from_exit_pct_72h,held_profit_ratio_pct_72h,regained_entry_72h,regained_pre_exit_extreme_72h,entry_plus_1pct_72h,entry_plus_3pct_72h,entry_plus_5pct_72h,stopped_too_early_72h,valid_stop_72h,took_profit_too_early_72h,good_take_profit_72h,gave_back_risk_72h,hold_would_help_72h,hold_would_hurt_72h,future_favorable_from_exit_pct_168h,future_adverse_from_exit_pct_168h,future_close_return_from_exit_pct_168h,held_profit_ratio_pct_168h,regained_entry_168h,regained_pre_exit_extreme_168h,entry_plus_1pct_168h,entry_plus_3pct_168h,entry_plus_5pct_168h,stopped_too_early_168h,valid_stop_168h,took_profit_too_early_168h,good_take_profit_168h,gave_back_risk_168h,hold_would_help_168h,hold_would_hurt_168h,future_favorable_from_exit_pct_336h,future_adverse_from_exit_pct_336h,future_close_return_from_exit_pct_336h,held_profit_ratio_pct_336h,regained_entry_336h,regained_pre_exit_extreme_336h,entry_plus_1pct_336h,entry_plus_3pct_336h,entry_plus_5pct_336h,stopped_too_early_336h,valid_stop_336h,took_profit_too_early_336h,good_take_profit_336h,gave_back_risk_336h,hold_would_help_336h,hold_would_hurt_336h
1y,SOL/USDT:USDT,short,short_pullback_restart,2025-06-19T15:00:00+00:00,2025-06-19T22:00:00+00:00,143.09,147.37,-7.65298697,-0.03093091650426101,stop_loss,stop_loss,losing_trades,2.1442627400420684,0.061070774241706864,1.9949786252290138,-1.0364735481165726,False,False,False,False,False,False,True,False,False,False,True,False,2.1442627400420684,0.9364185383728,-0.7532062156476794,-3.8668600181703727,False,False,False,False,False,False,True,False,False,False,False,True,8.007057067245714,0.9364185383728,5.666010721313696,2.7443636871898756,True,True,True,True,True,True,False,False,False,False,True,False,11.474519915858043,0.9364185383728,9.004546379860221,6.182759102662666,True,True,True,True,True,True,False,False,False,False,True,False,14.616271968514628,0.9364185383728,10.361674696342545,7.580480816269487,True,True,True,True,True,True,False,False,False,False,True,False,14.616271968514628,0.9364185383728,5.720295853972997,2.800272555734157,True,True,True,True,True,True,False,False,False,False,True,False,14.616271968514628,8.57026531858587,-3.7524597950736247,-6.955825005241458,True,True,True,True,True,True,False,False,False,True,False,True
1y,NEAR/USDT:USDT,short,short_pullback_restart,2025-06-21T14:00:00+00:00,2025-06-22T13:00:00+00:00,2.037,1.831,20.61383132,0.10024518385947033,roi,roi,winning_trades,0.27307482250135956,3.2768978700163878,-0.6007646095030105,9.472901325478638,True,False,True,True,True,False,False,False,True,False,False,True,2.1845985800109253,5.0245767340251275,-4.150737302020757,6.281934216985759,True,True,True,True,True,False,False,False,True,False,False,True,2.1845985800109253,7.864554888039329,-7.427635172037145,3.3364261168384797,True,True,True,True,True,False,False,False,True,False,False,True,2.1845985800109253,20.808301474604054,-18.459858001092304,-6.580117820324012,True,True,True,True,True,False,False,False,True,False,False,True,2.1845985800109253,21.73675587110869,-19.224467504096115,-7.267403043691699,True,True,True,True,True,False,False,False,True,False,False,True,2.1845985800109253,21.73675587110869,-16.548334243582737,-4.861904761904761,True,True,True,True,True,False,False,False,True,False,False,True,2.1845985800109253,28.945931185144747,-19.38831239759694,-7.414678448699069,True,True,True,True,True,False,False,False,True,False,False,True
1y,ETH/USDT:USDT,short,short_pullback_restart,2025-06-22T14:00:00+00:00,2025-06-23T14:00:00+00:00,2198.9,2304.88,-7.56770416,-0.049190113920287916,trailing_stop_loss,trailing_stop_loss,losing_trades,5.113932178681749,3.2157856374301437,-1.7888133004755133,-6.794710991859568,True,False,False,False,False,True,False,False,False,True,False,True,5.113932178681749,5.862344243518096,-3.742928048314879,-8.84300786757015,True,False,False,False,False,True,False,False,False,True,False,True,5.113932178681749,6.296206310089891,-5.427614452813157,-10.60889080904088,True,False,False,False,False,True,False,False,False,True,False,True,5.113932178681749,7.653326854326477,-5.491392176599202,-10.675742416662864,True,False,False,False,False,True,False,False,False,True,False,True,5.113932178681749,9.33324077609246,-6.101836104265726,-11.315607803901946,True,False,False,False,False,True,False,False,False,True,False,True,5.113932178681749,9.524573947450616,-5.762989830273156,-10.960430215107552,True,False,False,False,False,True,False,False,False,True,False,True,5.113932178681749,14.322654541668106,-9.775780083995683,-15.166624221201497,True,False,False,False,False,True,False,False,False,True,False,True
1y,SOL/USDT:USDT,short,short_pullback_restart,2025-06-21T18:00:00+00:00,2025-06-23T22:00:00+00:00,138.58,142.79,-7.59469369,-0.03133205342543032,stop_loss,stop_loss,losing_trades,0.40619090972756083,1.6667833881924474,-0.2941382449751495,-3.441030451724632,False,False,False,False,False,False,True,False,False,False,False,True,0.40619090972756083,2.710273828699492,-0.8403949856432643,-4.003882234088611,False,False,False,False,False,False,True,False,False,False,False,True,0.40619090972756083,2.710273828699492,-1.484697807969749,-4.667758695338422,False,False,False,False,False,False,True,False,False,False,False,True,0.40619090972756083,3.5996918551719417,-0.23110862105190313,-3.3760860152980166,False,False,False,False,False,False,True,False,False,False,False,True,2.780306744169759,3.641711604454106,2.696267245605431,-0.35977774570644044,False,False,False,False,False,False,True,False,False,False,True,False,4.054905805728687,12.05266475243365,-8.607045311296325,-12.006480011545676,True,False,True,False,False,True,False,False,False,True,False,True,4.054905805728687,12.05266475243365,-3.9148399747881526,-7.1717275220089345,True,False,True,False,False,True,False,False,False,True,False,True
1y,BNB/USDT:USDT,short,short_pullback_restart,2025-06-22T14:00:00+00:00,2025-06-23T22:00:00+00:00,616.16,636.1,-7.6094681,-0.03339460239078251,stop_loss,stop_loss,losing_trades,0.04716239584971989,0.8646439239113346,-0.5769533092281023,-3.931796935860818,False,False,False,False,False,False,True,False,False,False,False,True,0.04716239584971989,0.9888382329822297,-0.10061311114604407,-3.4400415476499675,False,False,False,False,False,False,True,False,False,False,False,True,0.0550227951579976,1.226222292092431,-1.075302625373374,-4.446273695144132,False,False,False,False,False,False,True,False,False,False,False,True,0.0550227951579976,2.6709636849551974,-1.4290205942461927,-4.811438587379915,False,False,False,False,False,False,True,False,False,False,False,True,0.0550227951579976,2.6709636849551974,-1.0061311114604585,-4.3748636717735705,False,False,False,False,False,False,True,False,False,False,False,True,0.0550227951579976,3.7572708693601595,-3.323376827542837,-6.767099454687102,False,False,False,False,False,False,True,False,False,False,False,True,0.0550227951579976,4.543310800188646,-3.7855683068699775,-7.244248247208515,False,False,False,False,False,False,True,False,False,False,False,True
1y,LINK/USDT:USDT,short,short_compression_breakdown,2025-07-01T19:00:00+00:00,2025-07-02T15:00:00+00:00,12.848,13.278,-7.5593412,-0.03452560030284477,stop_loss,stop_loss,losing_trades,-0.6100316312697659,4.322940201837625,-3.3815333634583506,-6.941531755915315,False,False,False,False,False,False,True,False,False,False,False,True,-0.6100316312697659,4.322940201837625,-1.4234071396294627,-4.917870485678702,False,False,False,False,False,False,True,False,False,False,False,True,-0.6100316312697659,5.987347492092182,-2.500376562735344,-6.030884184308832,False,False,False,False,False,False,True,False,False,False,False,True,1.7397198373248972,5.987347492092182,1.596625997891247,-1.7967621419676214,False,False,False,False,False,False,True,False,False,False,True,False,2.6434704021690076,5.987347492092182,1.2050007531254716,-2.2014943960149407,False,False,False,False,False,False,True,False,False,False,True,False,2.6434704021690076,7.026660641662899,-5.49781593613495,-9.128642590286413,False,False,False,False,False,False,True,False,False,False,False,True,2.6434704021690076,26.841391775869845,-25.056484410302755,-29.34190535491905,False,False,False,False,False,False,True,False,False,False,False,True
1y,ETH/USDT:USDT,long,long_1d_center_compression,2025-07-10T00:00:00+00:00,2025-07-14T03:00:00+00:00,2767.69,3049.98,34.05993027,0.10000094533236327,roi,roi,winning_trades,0.8449235732693324,1.1180401182958548,-0.20655873153267176,9.871853784202703,True,True,True,True,True,False,False,False,True,False,False,True,1.0826300500331143,1.943947173424087,-1.278041167483066,8.691085706853006,True,True,True,True,True,False,False,False,True,False,False,True,1.0826300500331143,3.901337057947929,-3.248545892104208,6.519599738410011,True,True,True,True,True,False,False,False,True,False,False,True,3.4052682312670948,3.901337057947929,2.1344402258375434,12.451622472169927,True,True,True,True,True,False,False,True,False,False,True,False,12.245654069862747,3.901337057947929,9.182355294133075,20.21838825880066,True,True,True,True,True,False,False,True,False,False,True,False,25.443445530790363,3.901337057947929,23.176545419969973,35.63991306829883,True,True,True,True,True,False,False,True,False,False,True,False,28.12805329871016,3.901337057947929,27.163784680555274,40.033830017090054,True,True,True,True,True,False,False,True,False,False,True,False
1y,BTC/USDT:USDT,long,long_1d_center_compression,2025-07-10T00:00:00+00:00,2025-07-14T05:00:00+00:00,111199.8,122580.2,33.37662783,0.10000002354941873,roi,roi,winning_trades,0.5872073956479129,0.997877308080748,-0.9020216968156334,9.139854747940191,True,True,True,True,True,False,False,False,True,False,False,True,0.5872073956479129,2.757541593177362,-2.1985606158253943,7.710625558679057,True,True,True,True,True,False,False,False,True,False,False,True,0.5872073956479129,5.182892506293836,-4.28690767350681,5.408553072937181,True,True,True,True,True,False,False,False,True,False,False,True,0.5872073956479129,5.6306809745782695,-3.851927146472266,5.8880503382200295,True,True,True,True,True,False,False,False,True,False,False,True,0.5872073956479129,5.6306809745782695,-3.287806676771613,6.509903974647433,True,True,True,True,True,False,False,False,True,False,False,True,0.5872073956479129,5.6306809745782695,-3.4118887063326726,6.373123153099187,True,True,True,True,True,False,False,False,True,False,False,True,0.5872073956479129,6.455283969189146,-2.4988538116269927,7.37959978345285,True,True,True,True,True,False,False,False,True,False,False,True
1y,BNB/USDT:USDT,long,long_1d_center_compression,2025-07-11T00:00:00+00:00,2025-07-15T08:00:00+00:00,686.3,679.17,-3.39457707,-0.011497042210454975,swing_exit_long_1d,exit_signal,losing_trades,1.2662514539805974,0.4093231444262811,-0.09423266634273987,-1.2321579484190561,True,False,False,False,False,False,False,False,False,False,False,True,1.444410088784849,0.4093231444262811,0.8525111533195043,-0.29524989071833285,True,False,False,False,False,False,False,False,False,False,True,False,2.179130409175916,0.4093231444262811,2.0775358157751396,0.9170479382194402,True,False,True,False,False,False,False,False,False,False,True,False,6.630151508458868,0.4093231444262811,5.754082188553682,4.555398513769495,True,True,True,True,True,False,False,False,False,False,True,False,10.24338530853837,0.4093231444262811,8.445602720968242,7.218956724464523,True,True,True,True,True,False,False,False,False,False,True,False,15.252440478819743,0.4093231444262811,11.790862376135584,10.529462334256163,True,True,True,True,True,False,False,False,False,False,True,False,26.88428523050194,0.4093231444262811,21.848727122811667,20.482835494681627,True,True,True,True,True,False,False,False,False,False,True,False
1y,ETH/USDT:USDT,long,long_1d_center_compression,2025-08-08T00:00:00+00:00,2025-08-09T22:00:00+00:00,3908.4,4305.73,35.97485195,0.09999886952862781,roi,roi,winning_trades,0.6098849672413323,2.3394406987897423,-1.2945540012959424,8.639893562583147,True,True,True,True,True,False,False,False,True,False,False,True,0.6098849672413323,3.3608702821588703,-2.5294200983340773,7.2794903285231705,True,True,True,True,True,False,False,False,True,False,False,True,0.6098849672413323,3.3845596449382467,-1.319636856003505,8.612260771671265,True,True,True,True,True,False,False,False,True,False,False,True,1.4926621037547743,3.3845596449382467,-2.0270662582186936,7.832913724286146,True,True,True,True,True,False,False,False,True,False,False,True,7.763375780645801,3.3845596449382467,6.26513970917824,16.96810971241428,True,True,True,True,True,False,False,True,False,False,True,False,11.340005063020683,3.3845596449382467,2.76445573689016,13.111544365980969,True,True,True,True,True,False,False,True,False,False,True,False,13.534522601277837,5.707046191934924,11.031811098234215,22.21936342237231,True,True,True,True,True,False,False,True,False,False,True,False
1y,BNB/USDT:USDT,long,long_1d_center_compression,2025-08-14T00:00:00+00:00,2025-08-14T13:00:00+00:00,848.29,831.34,-7.90947695,-0.02118037513946787,stop_loss,stop_loss,losing_trades,3.1178579161353905,0.37650058940986786,0.866071643370935,-1.2493710877176438,True,False,True,False,False,True,False,False,False,False,True,False,3.1178579161353905,0.7409724059951501,1.5998267856713204,-0.5302773815558333,True,False,True,False,False,True,False,False,False,False,True,False,3.1178579161353905,0.7409724059951501,0.144345273895149,-1.9566763724669631,True,False,True,False,False,True,False,False,False,False,True,False,3.1178579161353905,2.2301344816801882,-0.2622272475762099,-2.355125016209079,True,False,True,False,False,True,False,False,False,True,False,True,3.9863353140712565,2.2301344816801882,3.2537830490533297,1.0906305626613566,True,False,True,False,False,True,False,False,False,False,True,False,6.399307142685295,2.2301344816801882,2.3768855101402546,0.23125464169093815,True,True,True,True,False,True,False,False,False,False,True,False,8.470661823080803,2.2301344816801882,5.191618351095817,2.9897452522132806,True,True,True,True,True,True,False,False,False,False,True,False
1y,BTC/USDT:USDT,long,long_1d_center_compression,2025-08-11T00:00:00+00:00,2025-08-15T14:00:00+00:00,119255.3,117723.2,-5.39706489,-0.015077925834035404,swing_exit_long_1d,exit_signal,losing_trades,0.11569512211696342,0.8383224377183038,-0.41852413118229637,-1.7978700317721752,False,False,False,False,False,False,False,False,False,False,False,True,0.11569512211696342,0.8383224377183038,-0.22459464234746776,-1.6064319992486709,False,False,False,False,False,False,False,False,False,False,False,True,0.11569512211696342,0.8383224377183038,8.4945023585683e-05,-1.3846389217083015,False,False,False,False,False,False,False,False,False,False,True,False,0.7091210568520079,0.8383224377183038,0.31387186213082896,-1.0748832965914352,False,False,False,False,False,False,False,False,False,False,True,False,0.7091210568520079,2.648755725294587,-1.8100085624583797,-3.171477745643178,False,False,False,False,False,False,False,False,False,False,False,True,0.7091210568520079,5.1793529227883734,-1.680807181592071,-3.043936244343021,False,False,False,False,False,False,False,False,False,False,False,True,0.7091210568520079,8.230408279761331,-8.128134471370126,-9.408433252023181,False,False,False,False,False,False,False,False,False,False,False,True
1y,BTC/USDT:USDT,short,short_pullback_restart,2025-08-21T17:00:00+00:00,2025-08-22T14:00:00+00:00,112350.8,114093.8,-5.5101393,-0.01635619787271634,trailing_stop_loss,trailing_stop_loss,losing_trades,-1.4467920255088331,2.8955122890113145,-2.5609629971128967,-4.252084364330289,False,False,False,False,False,False,True,False,False,False,False,True,-1.1753487043117155,2.8955122890113145,-1.5761592654465035,-3.2520024779529857,False,False,False,False,False,False,True,False,False,False,False,True,-0.4064199807526763,2.8955122890113145,-0.424387652966241,-2.082362386382649,False,False,False,False,False,False,True,False,False,False,False,True,-0.20255263651485994,2.8955122890113145,-0.34708283885715085,-2.003858272482261,False,False,False,False,False,False,True,False,False,False,False,True,3.163887958854909,2.8955122890113145,1.648906426116058,0.02309658676217963,True,True,True,False,False,True,False,False,False,False,True,False,5.311156259148172,2.8955122890113145,5.205629052586558,3.6349978816350244,True,True,True,True,False,True,False,False,False,False,True,False,6.032141974410531,2.8955122890113145,3.125849082071076,1.5229523955325717,True,True,True,True,False,True,False,False,False,False,True,False
1y,XRP/USDT:USDT,short,short_compression_breakdown,2025-08-22T04:00:00+00:00,2025-08-22T14:00:00+00:00,2.8314,2.9241,-8.15723606,-0.03371264982198041,stop_loss,stop_loss,losing_trades,-2.715365411579621,6.008686433432508,-5.676960432269755,-9.236822773186415,False,False,False,False,False,False,True,False,False,False,False,True,-1.5081563558017783,6.220717485722093,-2.496494647925856,-5.9522285795013135,False,False,False,False,False,False,True,False,False,False,False,True,-1.5081563558017783,6.220717485722093,-3.112068670702088,-6.587956487956487,False,False,False,False,False,False,True,False,False,False,False,True,-1.5081563558017783,6.220717485722093,-3.303580588899149,-6.7857385039203315,False,False,False,False,False,False,True,False,False,False,False,True,0.2120310522896004,6.955986457371492,-1.4260798194316222,-4.84676838313203,False,False,False,False,False,False,True,False,False,False,False,True,3.7242228377962525,6.955986457371492,3.498512362778292,0.239054884509424,True,False,False,False,False,True,False,False,False,False,True,False,7.817790089258238,6.955986457371492,3.9909715809992905,0.7476372112735756,True,True,True,True,False,True,False,False,False,False,True,False
1y,NEAR/USDT:USDT,short,short_pullback_restart,2025-08-21T12:00:00+00:00,2025-08-22T15:00:00+00:00,2.481,2.574,-7.8677194,-0.038226207017253086,stop_loss,stop_loss,losing_trades,-0.4662004662004666,5.710955710955721,-4.972804972804978,-9.007698508665865,False,False,False,False,False,False,True,False,False,False,False,True,-0.4662004662004666,5.710955710955721,-2.136752136752143,-6.065336557839586,False,False,False,False,False,False,True,False,False,False,False,True,-0.4662004662004666,5.710955710955721,-3.885003885003889,-7.879121322047565,False,False,False,False,False,False,True,False,False,False,False,True,-0.03885003885005183,5.710955710955721,-2.2144522144522125,-6.145949214026599,False,False,False,False,False,False,True,False,False,False,False,True,4.001554001553993,8.313908313908314,3.8850038850038717,0.1821442966545616,True,False,False,False,False,True,False,False,False,False,True,False,8.85780885780885,8.313908313908314,5.516705516705513,1.8750100765820208,True,True,True,True,True,True,False,False,False,False,True,False,11.57731157731158,8.313908313908314,6.954156954156948,3.366344216041913,True,True,True,True,True,True,False,False,False,False,True,False
1y,BTC/USDT:USDT,short,short_pullback_restart,2025-08-29T02:00:00+00:00,2025-09-03T03:00:00+00:00,111425.0,111327.9,0.23901839,0.0007153928920185169,stale_flat_120h,timeout,winning_trades,0.7554260881593922,-0.0397923611242001,0.059913103543673324,0.047004711689479846,True,False,False,False,False,False,False,False,True,False,False,True,0.7554260881593922,1.0263375128786278,-0.7551566139305705,-0.7673547229077907,True,False,False,False,False,False,False,False,True,False,False,True,0.7554260881593922,1.089843606140063,0.198333032420434,0.18530401615435868,True,False,False,False,False,False,False,False,True,False,True,False,1.8493118077319237,1.089843606140063,0.05479309319586555,0.04188916311420759,True,False,True,False,False,False,False,False,True,False,False,True,1.8493118077319237,1.8112261167236683,0.26399491951253384,0.25090868297060803,True,False,True,False,False,False,False,False,True,False,True,False,1.8493118077319237,1.8112261167236683,-0.1536003104343116,-0.16632263854610202,True,False,True,False,False,False,False,False,True,False,False,True,1.8493118077319237,5.16851570900017,-4.484230817252469,-4.493179268566305,True,False,True,False,False,False,False,False,True,False,False,True
1y,SUI/USDT:USDT,short,short_compression_breakdown,2025-08-29T08:00:00+00:00,2025-09-03T10:00:00+00:00,3.355,3.339,0.85422026,0.004965662281671451,stale_flat_120h,timeout,winning_trades,0.2545672356993164,1.8238993710691875,-0.6858340820604948,-0.3056631892697439,True,False,False,False,False,False,False,False,True,False,False,True,0.2545672356993164,1.9826295297993357,-1.5124288709194367,-1.1283159463487327,True,False,False,False,False,False,False,False,True,False,False,True,1.548367774782865,1.9826295297993357,0.6858340820604948,1.0594634873323376,True,False,True,False,False,False,False,False,True,False,True,False,3.2135369871218913,1.9826295297993357,-0.718778077268644,-0.3384500745156485,True,False,True,True,False,False,False,True,False,True,False,True,3.2135369871218913,3.450134770889494,-0.42827193770589933,-0.0493293591654237,True,False,True,True,False,False,False,True,False,True,False,True,3.2135369871218913,8.505540581012287,-5.321952680443252,-4.919672131147546,True,False,True,True,False,False,False,True,False,True,False,True,3.2135369871218913,16.253369272237194,-7.346510931416588,-6.934575260804763,True,False,True,True,False,False,False,True,False,True,False,True
1y,TAO/USDT:USDT,short,short_pullback_restart,2025-08-28T17:00:00+00:00,2025-09-03T16:00:00+00:00,328.15,325.84,1.78526579,0.007787005835308652,stale_flat_120h,timeout,winning_trades,0.3928308372207135,0.8838693837466401,0.13503560029462244,0.7380313880847172,True,False,True,False,False,False,False,False,True,False,False,True,1.8904984041247141,0.8838693837466401,1.6971519764301415,2.2891513027578774,True,False,True,False,False,False,False,False,True,False,True,False,4.367174073164732,0.8838693837466401,3.9098944267124827,4.486317232972712,True,False,True,True,True,False,False,True,False,False,True,False,4.667935182911853,0.8838693837466401,2.175914559292897,2.7645436538168453,True,False,True,True,True,False,False,True,False,False,True,False,4.667935182911853,0.8838693837466401,2.9400932973238354,3.523342983391738,True,False,True,True,True,False,False,True,False,False,True,False,4.667935182911853,7.227473606678128,-5.705254112447837,-5.0611458174615365,True,False,True,True,True,False,False,True,False,True,False,True,4.667935182911853,13.488215074883394,-5.763564939847788,-5.1190461679110255,True,False,True,True,True,False,False,True,False,True,False,True
1y,TAO/USDT:USDT,short,short_compression_breakdown,2025-09-04T16:00:00+00:00,2025-09-05T12:00:00+00:00,313.24,322.66,-7.34844783,-0.0308831797543248,trailing_stop_loss,trailing_stop_loss,losing_trades,2.628153474245341,1.3791607264612868,0.9018781379780652,-2.1782786361895004,False,False,False,False,False,False,True,False,False,False,True,False,2.628153474245341,1.3791607264612868,0.8429926238145501,-2.238935001915461,False,False,False,False,False,False,True,False,False,False,True,False,2.628153474245341,1.3791607264612868,2.194260211987863,-0.8470310305197213,False,False,False,False,False,False,True,False,False,False,True,False,2.705634413934178,1.3791607264612868,-0.489679538833442,-3.6116843315030014,False,False,False,False,False,False,True,False,False,False,False,True,2.705634413934178,6.372032480009918,-4.636459430979972,-7.8831694547311955,False,False,False,False,False,False,True,False,False,False,False,True,2.705634413934178,13.190355172627532,-8.126200954565167,-11.477857234069718,False,False,False,False,False,False,True,False,False,False,False,True,2.705634413934178,15.561271927105924,-8.367941486394347,-11.726867577576304,False,False,False,False,False,False,True,False,False,False,False,True
1y,XRP/USDT:USDT,short,short_pullback_restart,2025-09-04T20:00:00+00:00,2025-09-05T12:00:00+00:00,2.7831,2.8587,-8.04976367,-0.02806808966340328,stop_loss,stop_loss,losing_trades,2.1163465911078387,0.8955119459894458,0.8675271976772637,-1.9253027199884925,False,False,False,False,False,False,True,False,False,False,True,False,2.1163465911078387,0.8955119459894458,1.5601497184034692,-1.2138658330638386,False,False,False,False,False,False,True,False,False,False,True,False,2.1163465911078387,0.8955119459894458,1.8050162661349443,-0.9623477417268522,False,False,False,False,False,False,True,False,False,False,True,False,2.3682093259173707,0.8955119459894458,0.8535348235211803,-1.939675182350605,False,False,False,False,False,False,True,False,False,False,True,False,2.3682093259173707,4.264176024066888,-3.62052681288699,-6.535270022636628,False,False,False,False,False,False,True,False,False,False,False,True,2.3682093259173707,7.482422079966426,-6.338545492706476,-9.327120836477299,False,False,False,False,False,False,True,False,False,False,False,True,2.3682093259173707,11.431769685521406,-6.051701822506736,-9.03248535805396,False,False,False,False,False,False,True,False,False,False,False,True
1y,ETH/USDT:USDT,long,long_1d_center_compression,2025-09-13T00:00:00+00:00,2025-09-13T16:00:00+00:00,4710.82,4616.62,-7.61992965,-0.02127275637229935,stop_loss,stop_loss,losing_trades,1.0479528312921598,0.2950210327035773,0.862969011961135,-1.2539392292636884,False,False,False,False,False,False,True,False,False,False,True,False,1.6176336800516458,0.2950210327035773,0.8859295328617159,-1.2314378388475737,False,False,False,False,False,False,True,False,False,False,True,False,1.6176336800516458,0.9015253583790714,-0.4652754612681911,-2.555623437108601,False,False,False,False,False,False,True,False,False,False,False,True,1.6176336800516458,3.3275426610810483,-2.67468407622892,-4.720851571488603,False,False,False,False,False,False,True,False,False,False,False,True,1.6176336800516458,4.237082540906544,-3.3682650943764054,-5.400563383869471,False,False,False,False,False,False,True,False,False,False,False,True,1.6176336800516458,4.603801049252483,-2.5241410382487564,-4.573318870175459,False,False,False,False,False,False,True,False,False,False,False,True,1.6176336800516458,17.21215954529504,-13.22699290823156,-15.062150963101958,False,False,False,False,False,False,True,False,False,False,False,True
1y,SOL/USDT:USDT,long,long_1d_center_compression,2025-09-11T00:00:00+00:00,2025-09-14T02:00:00+00:00,223.94,246.64,35.8418551,0.09998197934836278,roi,roi,winning_trades,1.1798572818683204,0.916315277327275,-0.15001621796950054,9.871420916316877,True,True,True,True,True,False,False,False,True,False,False,True,1.1798572818683204,2.11644502108336,-1.4231268245215662,8.469259623113333,True,True,True,True,True,False,False,False,True,False,False,True,1.1798572818683204,3.0976321764515027,-1.8893934479403167,7.9557292131820985,True,True,True,True,True,False,False,False,True,False,False,True,1.1798572818683204,6.738566331495289,-5.222186182289976,4.285103152630166,True,True,True,True,True,False,False,False,True,False,False,True,1.1798572818683204,6.738566331495289,-4.220726565034057,5.388077163525941,True,True,True,True,True,False,False,False,True,False,False,True,2.7773272786247256,6.738566331495289,-2.286733700940637,7.518111994284184,True,True,True,True,True,False,False,False,True,False,False,True,2.7773272786247256,22.67272137528381,-18.36685047032111,-10.19198892560507,True,True,True,True,True,False,False,False,True,False,False,True
1y,SUI/USDT:USDT,short,short_pullback_restart,2025-09-24T04:00:00+00:00,2025-09-24T14:00:00+00:00,3.275,3.4257,-8.06092198,-0.04699583041331283,stop_loss,stop_loss,losing_trades,1.5850775024082675,-0.04670578275972279,0.8757334267448932,-3.785496183206115,False,False,False,False,False,False,True,False,False,False,True,False,3.4854190384447024,-0.04670578275972279,2.5191931576028272,-2.0664122137404584,False,False,False,False,False,True,False,False,False,False,True,False,8.923723618530516,-0.04670578275972279,6.033803310272356,1.6099236641221388,True,True,True,True,False,True,False,False,False,False,True,False,10.453338003911606,-0.04670578275972279,9.101789415301978,4.819083969465643,True,True,True,True,True,True,False,False,False,False,True,False,10.453338003911606,-0.04670578275972279,6.474589135067285,2.070992366412212,True,True,True,True,True,True,False,False,False,False,True,False,10.453338003911606,1.1326152319234073,-0.6334471786788117,-5.364122137404584,True,True,True,True,True,True,False,False,False,True,False,True,10.453338003911606,8.652246256239607,-0.6509618472137078,-5.382442748091605,True,True,True,True,True,True,False,False,False,True,False,True
1y,TAO/USDT:USDT,short,short_pullback_restart,2025-09-23T18:00:00+00:00,2025-09-28T23:00:00+00:00,308.93,306.06,1.85830156,0.009022927643360176,stale_flat_120h,timeout,winning_trades,0.9050512971312754,0.42475331634320446,0.2581193230085671,1.0847344058524664,True,False,True,False,False,False,False,False,True,False,True,False,2.535450565248641,0.42475331634320446,1.5487159380513653,2.363341209982848,True,False,True,True,False,False,False,False,True,False,True,False,2.535450565248641,2.1760439129582516,-1.3690126119061614,-0.5272812611271139,True,False,True,True,False,False,False,False,True,False,False,True,3.584264523296095,2.1760439129582516,1.0586159576553646,1.877794322338398,True,False,True,True,False,False,False,True,False,False,True,False,3.584264523296095,4.773573809057052,-4.391295824348166,-3.52148706826789,True,False,True,True,False,False,False,True,False,True,False,True,3.584264523296095,8.03763967849442,-2.9863425472129603,-2.129585990353796,True,False,True,True,False,False,False,True,False,True,False,True,57.34823237273737,30.043128798274843,-25.18787165915179,-24.124860000647384,True,True,True,True,True,False,False,True,False,True,False,True
1y,SUI/USDT:USDT,short,short_pullback_restart,2025-09-25T01:00:00+00:00,2025-10-01T09:00:00+00:00,3.3406,3.3811,-3.00588077,-0.01205157680846564,stale_loss_72h,timeout,losing_trades,0.25435509153825503,3.1883114962586174,-3.1616929401674008,-4.512381009399515,False,False,False,False,False,False,False,False,False,False,False,True,0.25435509153825503,4.439383632545625,-3.330277128745084,-4.683009040292171,False,False,False,False,False,False,False,False,False,False,False,True,0.25435509153825503,6.249445446748101,-5.501168258850668,-6.880219122313362,False,False,False,False,False,False,False,False,False,False,False,True,0.25435509153825503,7.716423649108275,-6.725621839046458,-8.11951745195474,False,False,False,False,False,False,False,False,False,False,False,True,0.25435509153825503,8.438082280914493,-3.682233592617782,-5.039232473208407,False,False,False,False,False,False,False,False,False,False,False,True,0.25435509153825503,10.085475141226235,-2.8895921445683395,-4.236981380590323,False,False,False,False,False,False,False,False,False,False,False,True,83.23326727987933,10.085475141226235,16.704622755907838,15.594785367897975,True,True,True,True,True,False,False,False,False,False,True,False
1y,BNB/USDT:USDT,long,long_1d_center_compression,2025-10-03T00:00:00+00:00,2025-10-06T06:00:00+00:00,1090.91,1201.83,36.01913501,0.10000306789405067,roi,roi,winning_trades,3.197623623973446,0.461795761463764,2.9039048783937904,13.26682219431483,True,True,True,True,True,False,False,True,False,False,True,False,3.197623623973446,0.461795761463764,1.5293344316583968,11.752490122924893,True,True,True,True,True,False,False,True,False,False,True,False,5.25615103633626,0.461795761463764,3.43143373022807,13.847988376676337,True,True,True,True,True,False,False,True,False,False,True,False,13.402893920105186,0.461795761463764,8.717539086226836,19.671566857027603,True,True,True,True,True,False,False,True,False,False,True,False,13.402893920105186,0.461795761463764,8.983799705449194,19.9648999459167,True,True,True,True,True,False,False,True,False,False,True,False,13.402893920105186,31.471173127647,9.963971609961476,21.044732379389668,True,True,True,True,True,False,False,True,False,False,True,False,14.376409309136898,31.471173127647,-5.8003211768719405,3.677580185349828,True,True,True,True,True,False,False,True,False,True,False,True
1y,XRP/USDT:USDT,short,short_compression_breakdown,2025-10-09T17:00:00+00:00,2025-10-10T20:00:00+00:00,2.7768,2.4969,29.97442268,0.09999992460244123,roi,roi,winning_trades,52.773439064439906,2.0905923344947746,2.511113781088549,12.237942955920483,True,True,True,True,True,False,False,True,False,False,True,False,52.773439064439906,2.0905923344947746,0.5687051944411154,10.49132814750793,True,True,True,True,True,False,False,True,False,False,True,False,52.773439064439906,2.0905923344947746,5.755136369097678,15.154969749351771,True,True,True,True,True,False,False,True,False,False,True,False,52.773439064439906,3.416236132804666,-2.3869598301894386,7.833592624603858,True,True,True,True,True,False,False,True,False,True,False,True,52.773439064439906,5.891305218470904,-5.863270455364646,4.707692307692313,True,True,True,True,True,False,False,True,False,True,False,True,52.773439064439906,5.931354880051259,7.489286715527264,16.714318640161345,True,True,True,True,True,False,False,True,False,False,True,False,52.773439064439906,5.931354880051259,-0.6488045176018259,9.396542783059637,True,True,True,True,True,False,False,True,False,True,False,True
1y,PAXG/USDT:USDT,long,long_1d_center_compression,2025-09-23T00:00:00+00:00,2025-10-10T21:00:00+00:00,3756.0,3680.88,-8.60223005,-0.023358357470109784,stop_loss,stop_loss,losing_trades,8.642498532959507,-7.311295125078781,7.935330681793476,5.676624068157609,True,False,True,True,True,True,False,False,False,False,True,False,8.642498532959507,-7.311295125078781,8.576210036730341,6.304685835995738,True,False,True,True,True,True,False,False,False,False,True,False,8.668850926952242,-7.311295125078781,8.296928995240272,6.030990415335468,True,False,True,True,True,True,False,False,False,False,True,False,9.070657016800334,-7.311295125078781,8.684064680185175,6.410383386581476,True,False,True,True,True,True,False,False,False,False,True,False,11.929755927930275,-7.311295125078781,11.906935298080887,9.568796592119272,True,False,True,True,True,True,False,False,False,False,True,False,38.723620438590764,-7.311295125078781,15.839147160461614,13.422364217252387,True,True,True,True,True,True,False,False,False,False,True,False,38.723620438590764,-7.311295125078781,11.60646367173068,9.27433439829607,True,True,True,True,True,True,False,False,False,False,True,False
1y,SOL/USDT:USDT,short,short_pullback_restart,2025-10-19T09:00:00+00:00,2025-10-19T09:00:00+00:00,184.08,188.11,-8.6008338,-0.02291505922452752,stop_loss,stop_loss,losing_trades,0.7867736962415705,1.881877624793999,-1.3555898144702476,-3.6745328118209386,False,False,False,False,False,False,True,False,False,False,False,True,0.7867736962415705,2.147679549199932,-0.5688161182286923,-2.870534550195564,False,False,False,False,False,False,True,False,False,False,False,True,2.355005050236567,3.365052362979099,-2.6686513210355542,-5.016340721425458,True,False,False,False,False,False,True,False,False,False,False,True,2.902557014512789,3.365052362979099,2.041358779437565,-0.2032159930465003,True,True,False,False,False,False,True,False,False,False,True,False,2.902557014512789,5.0927648716176614,2.2327361650098436,-0.007648848326805794,True,True,False,False,False,False,True,False,False,False,True,False,5.985859337621615,5.0927648716176614,-4.130561905268184,-6.5102564102564005,True,True,True,True,False,True,False,False,False,True,False,True,5.985859337621615,9.138270161075965,1.2333209292435392,-1.0289439374185025,True,True,True,True,False,True,False,False,False,False,True,False
1y,XRP/USDT:USDT,short,short_pullback_restart,2025-10-19T09:00:00+00:00,2025-10-19T09:00:00+00:00,2.3312,2.3773,-7.94165158,-0.020795508439921062,stop_loss,stop_loss,losing_trades,1.0389938165145403,1.5311487822319434,-0.938038951751987,-3.0341111873713116,False,False,False,False,False,False,True,False,False,False,False,True,1.0389938165145403,1.712026248264846,-0.7613679384175327,-2.853946465339741,False,False,False,False,False,False,True,False,False,False,False,True,1.0389938165145403,4.21065915113784,-3.991923610818996,-6.1483870967741945,False,False,False,False,False,False,True,False,False,False,False,True,1.0389938165145403,7.323434147983011,-1.2829680730240176,-3.3858613589567605,False,False,False,False,False,False,True,False,False,False,False,True,1.0389938165145403,7.323434147983011,-0.25238716190637395,-2.33490048043927,False,False,False,False,False,False,True,False,False,False,False,True,2.2630715517603943,11.96735792706011,-11.260673873722292,-13.56087851750172,True,False,False,False,False,False,True,False,False,False,False,True,2.2630715517603943,13.443822824212337,-5.973162831783953,-8.168805765271102,True,False,False,False,False,False,True,False,False,False,False,True
1y,ETH/USDT:USDT,short,short_compression_breakdown,2025-10-21T05:00:00+00:00,2025-10-21T14:00:00+00:00,3849.22,4009.27,-8.19887082,-0.04262147814961512,trailing_stop_loss,trailing_stop_loss,losing_trades,1.8773991275219675,2.4727693570151144,1.421705198203164,-2.7771657634533797,False,False,False,False,False,False,True,False,False,False,True,False,4.836291893536731,2.4727693570151144,3.738336405380533,-0.36420937228841355,True,True,False,False,False,True,False,False,False,False,True,False,6.092630329212051,2.4727693570151144,3.9139294684568533,-0.1813151755420607,True,True,True,False,False,True,False,False,False,False,True,False,7.556487839432117,2.4727693570151144,4.069319352400813,-0.019464203137261334,True,True,True,True,False,True,False,False,False,False,True,False,7.556487839432117,2.4727693570151144,2.7132121308866752,-1.4319581629524938,True,True,True,True,False,True,False,False,False,False,True,False,7.556487839432117,6.079161543123811,-2.694256061577294,-7.064268085482259,True,True,True,True,False,True,False,False,False,True,False,True,13.700000249421965,6.079161543123811,11.347202857378027,7.561032624791514,True,True,True,True,True,True,False,False,False,False,True,False
1y,SOL/USDT:USDT,short,short_pullback_restart,2025-10-20T17:00:00+00:00,2025-10-21T15:00:00+00:00,187.43,194.83,-8.2930645,-0.04061314686071559,stop_loss,stop_loss,losing_trades,3.60827387979264,1.4679464148231716,1.858030077503467,-2.116752921090541,False,False,False,False,False,True,False,False,False,False,True,False,5.543294153877746,1.4679464148231716,4.968434019401532,1.116454142880009,True,False,True,False,False,True,False,False,False,False,True,False,7.031771287789364,1.4679464148231716,5.604886311143056,1.7780344662007201,True,True,True,True,False,True,False,False,False,False,True,False,9.228558230252023,1.4679464148231716,1.9760817122619834,-1.9940404417649165,True,True,True,True,True,True,False,False,False,False,True,False,9.228558230252023,1.4679464148231716,2.8383719139762875,-1.0977058101691324,True,True,True,True,True,True,False,False,False,False,True,False,9.228558230252023,5.373915721398141,-2.001745111122505,-6.128917462519332,True,True,True,True,True,True,False,False,False,True,False,True,20.027716470769395,5.373915721398141,17.16368115793257,13.793186789734847,True,True,True,True,True,True,False,False,False,False,True,False
1y,NEAR/USDT:USDT,short,short_pullback_restart,2025-11-02T15:00:00+00:00,2025-11-03T00:00:00+00:00,2.121,2.202,-8.11936346,-0.03908160942848624,stop_loss,stop_loss,losing_trades,9.173478655767482,-1.3169845594913676,7.720254314259761,4.096133899104195,True,True,True,True,True,True,False,False,False,False,True,False,10.445049954586738,-1.3169845594913676,9.128065395095371,5.5577086280056625,True,True,True,True,True,True,False,False,False,False,True,False,17.347865576748404,-1.3169845594913676,12.806539509536785,9.37666195190948,True,True,True,True,True,True,False,False,False,False,True,False,21.934604904632145,-1.3169845594913676,18.02906448683016,14.7986327204149,True,True,True,True,True,True,False,False,False,False,True,False,21.934604904632145,-1.3169845594913676,11.716621253405995,8.245120226308348,True,True,True,True,True,True,False,False,False,False,True,False,21.934604904632145,44.59582198001817,-35.05903723887376,-40.31687883074023,True,True,True,True,True,True,False,False,False,True,False,True,21.934604904632145,44.59582198001817,-5.0408719346049145,-9.15233380480906,True,True,True,True,True,True,False,False,False,True,False,True
1y,ADA/USDT:USDT,short,short_pullback_restart,2025-11-02T15:00:00+00:00,2025-11-03T15:00:00+00:00,0.5998,0.5392,24.10796037,0.10003342897130758,roi,roi,winning_trades,-0.46364985163203754,5.508160237388714,-2.4480712166172087,7.802634211403801,True,False,True,True,True,False,False,False,True,False,False,True,-0.46364985163203754,5.508160237388714,-4.024480712166161,6.385495165055026,True,False,True,True,True,False,False,False,True,False,False,True,1.6691394658753724,5.508160237388714,-0.612017804154297,9.453184394798269,True,False,True,True,True,False,False,False,True,False,False,True,9.235905044510389,5.508160237388714,-1.7062314540059322,8.469523174391464,True,True,True,True,True,False,False,True,False,True,False,True,9.235905044510389,5.508160237388714,2.930267062314547,12.637579193064358,True,True,True,True,True,False,False,True,False,False,True,False,9.235905044510389,11.795252225519286,-8.41988130563798,2.4341780593531164,True,True,True,True,True,False,False,True,False,True,False,True,12.407270029673594,12.53709198813056,11.869436201780417,20.673591197065686,True,True,True,True,True,False,False,True,False,False,True,False
1y,ETH/USDT:USDT,short,short_compression_breakdown,2025-10-29T16:00:00+00:00,2025-11-04T05:00:00+00:00,3950.23,3554.12,34.35006724,0.10000072705044213,roi,roi,winning_trades,2.648194208411643,0.19301542997985796,0.7411117238584992,10.5943140019695,True,True,True,True,True,False,False,False,True,False,True,False,5.421032491868594,0.9003635217719155,5.136292528108216,14.548767286968097,True,True,True,True,True,False,False,True,False,False,True,False,14.043420030837447,0.9003635217719155,6.472769630738403,15.751228915784646,True,True,True,True,True,False,False,True,False,False,True,False,14.043420030837447,0.9003635217719155,4.7021484924538255,14.158157119965168,True,True,True,True,True,False,False,True,False,False,True,False,14.043420030837447,0.9003635217719155,5.309893869649866,14.704960723805954,True,True,True,True,True,False,False,True,False,False,True,False,14.043420030837447,2.9228050825520833,0.20258179239867588,10.109785253010582,True,True,True,True,True,False,False,True,False,False,True,False,17.18597008542199,2.9228050825520833,15.277480782866082,23.673046126428083,True,True,True,True,True,False,False,True,False,False,True,False
1y,DOGE/USDT:USDT,short,short_pullback_restart,2025-11-06T06:00:00+00:00,2025-11-07T15:00:00+00:00,0.16373,0.16923,-8.60915722,-0.03447426733210595,stop_loss,stop_loss,losing_trades,0.5731844235655609,7.303669562134379,-6.618211900963196,-10.299719049654934,False,False,False,False,False,False,True,False,False,False,False,True,0.5731844235655609,8.308219582816296,-6.192755421615563,-9.859970683442267,False,False,False,False,False,False,True,False,False,False,False,True,0.5731844235655609,8.308219582816296,-2.7536488802221815,-6.305338056556528,False,False,False,False,False,False,True,False,False,False,False,True,0.5731844235655609,8.308219582816296,-5.176387165396217,-8.809460697489785,False,False,False,False,False,False,True,False,False,False,False,True,0.5731844235655609,9.7264078473084,-5.855935708798678,-9.511836560190563,False,False,False,False,False,False,True,False,False,False,False,True,6.866394847249301,10.122318737812448,3.7995627252851096,0.46800830635802015,True,False,True,True,False,True,False,False,False,False,True,False,21.314187791762684,10.122318737812448,18.507356851622045,15.669865021682028,True,True,True,True,True,True,False,False,False,False,True,False
1y,ETH/USDT:USDT,short,short_pullback_restart,2025-11-06T13:00:00+00:00,2025-11-07T20:00:00+00:00,3347.88,3462.93,-8.47932981,-0.0351946256362148,stop_loss,stop_loss,losing_trades,1.674882252889894,0.2685587060668331,0.6737069475848466,-2.839644192742864,False,False,False,False,False,False,True,False,False,False,True,False,1.674882252889894,0.7817079756160293,0.27866575414460115,-3.2482609890438154,False,False,False,False,False,False,True,False,False,False,True,False,3.165527457961896,0.7817079756160293,1.929868637252267,-1.5403144676631122,False,False,False,False,False,True,False,False,False,False,True,False,3.165527457961896,3.8839941898912196,-3.3064485854464283,-6.956577894070269,False,False,False,False,False,True,False,False,False,True,False,True,3.165527457961896,5.633091052952274,-3.09824339504408,-6.741217725844406,False,False,False,False,False,True,False,False,False,True,False,True,11.404504278169062,5.633091052952274,9.434496221407883,6.222209876100705,True,True,True,True,True,True,False,False,False,False,True,False,24.34152581773238,5.633091052952274,20.97847776305036,18.162900701339357,True,True,True,True,True,True,False,False,False,False,True,False
1y,BTC/USDT:USDT,short,short_pullback_restart,2025-11-04T06:00:00+00:00,2025-11-09T16:00:00+00:00,104164.3,103715.8,0.86337649,0.004146374497774663,stale_flat_120h,timeout,winning_trades,0.4009032375009429,1.2733836117544262,-0.9265704935988538,-0.5920111784939754,True,False,False,False,False,False,False,False,True,False,False,True,0.4009032375009429,2.8445039232209526,-2.314112218196255,-1.9735785677050497,True,False,False,False,False,False,False,False,True,False,False,True,0.4009032375009429,2.8445039232209526,-1.420612867084855,-1.0839263548067757,True,False,False,False,False,False,False,False,True,False,False,True,0.55979898916077,3.6232666575391543,0.3366892990267607,0.6658093991895467,True,False,False,False,False,False,False,False,True,False,True,False,2.35354690413611,3.6232666575391543,2.2394852086181634,2.5604124445707375,True,False,True,False,False,False,False,False,True,False,True,False,9.411102262143283,3.6232666575391543,9.18895674525965,9.479961656728848,True,True,True,True,True,False,False,True,False,False,True,False,22.287636020741296,3.6232666575391543,16.45689470649603,16.716606073289995,True,True,True,True,True,False,False,True,False,False,True,False
1y,ADA/USDT:USDT,short,short_compression_breakdown,2025-11-11T20:00:00+00:00,2025-11-14T12:00:00+00:00,0.5621,0.5055,19.66074274,0.09998514768096428,roi,roi,winning_trades,0.7517309594460762,2.947576656775475,-0.6132542037586752,9.417879380893076,True,False,True,True,True,False,False,False,True,False,False,True,3.1256181998021617,2.947576656775475,0.2176063303659723,10.165077388365074,True,True,True,True,True,False,False,True,False,False,True,False,3.1256181998021617,2.947576656775475,-0.05934718100891751,9.916011385874402,True,True,True,True,True,False,False,True,False,True,False,True,3.1256181998021617,2.947576656775475,1.5628090999010809,11.374826543319703,True,True,True,True,True,False,False,True,False,False,True,False,6.4688427299703175,2.947576656775475,2.4727992087042447,12.193186265789013,True,True,True,True,True,False,False,True,False,False,True,False,23.34322453016814,2.947576656775475,19.999999999999996,27.955506137697927,True,True,True,True,True,False,False,True,False,False,True,False,23.34322453016814,2.947576656775475,16.102868447082095,24.450791674079355,True,True,True,True,True,False,False,True,False,False,True,False
1y,PAXG/USDT:USDT,long,long_1d_center_compression,2025-11-11T00:00:00+00:00,2025-11-14T13:00:00+00:00,4112.06,4029.82,-8.12161514,-0.0212267214674943,stop_loss,stop_loss,losing_trades,1.6122308192425419,0.28512439761578023,1.088634231801914,-1.0331089526903874,False,False,False,False,False,False,True,False,False,False,True,False,1.6122308192425419,0.28512439761578023,1.1722607957675475,-0.9511548955997835,False,False,False,False,False,False,True,False,False,False,True,False,1.6122308192425419,0.28512439761578023,1.2402539071224028,-0.8845216266299669,False,False,False,False,False,False,True,False,False,False,True,False,2.0229191378274956,0.28512439761578023,1.7412688407918868,-0.3935268454254222,False,False,False,False,False,False,True,False,False,False,True,False,2.1554312599570236,0.28512439761578023,0.5806710969720641,-1.5309129730597462,True,False,False,False,False,False,True,False,False,False,True,False,2.4859671151565044,0.9067402514256211,1.0037669176290707,-1.1162789453461384,True,False,False,False,False,False,True,False,False,False,True,False,4.021271421552321,0.9067402514256211,3.8604701946985265,1.6832910998380353,True,False,True,False,False,True,False,False,False,False,True,False
1y,DOGE/USDT:USDT,short,short_pullback_restart,2025-11-19T06:00:00+00:00,2025-11-21T07:00:00+00:00,0.15641,0.14066,18.90459792,0.10002160737267067,roi,roi,winning_trades,5.332006256220678,1.137494667993737,0.44788852552255043,10.372476184387192,True,True,True,True,True,False,False,True,False,False,True,False,5.332006256220678,1.9906156689890493,0.5403099672970358,10.455591074739464,True,True,True,True,True,False,False,True,False,False,True,False,5.332006256220678,1.9906156689890493,0.760699559220827,10.653788120964135,True,True,True,True,True,False,False,True,False,False,True,False,5.332006256220678,2.8010806199345932,-1.5213991184416342,8.601489674573227,True,True,True,True,True,False,False,True,False,True,False,True,5.332006256220678,6.0927058154414855,-3.9101379212284972,6.453289431622007,True,True,True,True,True,False,False,True,False,True,False,True,5.332006256220678,11.424712071662164,-6.469500924214415,4.151646314174279,True,True,True,True,True,False,False,True,False,True,False,True,6.405516849139782,11.424712071662164,-4.791696288923643,5.660501246723349,True,True,True,True,True,False,False,True,False,True,False,True
1y,SUI/USDT:USDT,short,short_pullback_restart,2025-11-19T06:00:00+00:00,2025-11-21T07:00:00+00:00,1.6228,1.4599,16.74242181,0.10002090611286922,roi,roi,winning_trades,9.93903692033701,-3.26734707856703,4.787999178025897,14.245575548434811,True,True,True,True,True,False,False,True,False,False,True,False,9.93903692033701,-2.8015617508048454,4.979793136516199,14.418116835099829,True,True,True,True,True,False,False,True,False,False,True,False,9.93903692033701,-2.8015617508048454,5.973011850126717,15.311634212472269,True,True,True,True,True,False,False,True,False,False,True,False,10.254126994999654,-2.8015617508048454,6.938831426810052,16.180502834606852,True,True,True,True,True,False,False,True,False,False,True,False,10.254126994999654,-2.8015617508048454,4.555106514144805,14.036061128912994,True,True,True,True,True,False,False,True,False,False,True,False,10.254126994999654,10.781560380848003,-4.007123775601069,6.333325117081589,True,True,True,True,True,False,False,True,False,True,False,True,10.69251318583464,22.754983218028634,-12.589903418042327,-1.3878974611782056,True,True,True,True,True,False,False,True,False,True,False,True
1y,ETH/USDT:USDT,short,short_pullback_restart,2025-11-20T16:00:00+00:00,2025-11-21T07:00:00+00:00,2954.52,2656.71,20.96625986,0.09999836123194321,roi,roi,winning_trades,1.3817842368945061,4.219128169804011,-3.1535244719973106,7.14415471887143,True,True,True,True,True,False,False,False,True,False,False,True,1.3817842368945061,5.617097839056578,-3.5348231459210773,6.801290226500416,True,True,True,True,True,False,False,False,True,False,False,True,1.3817842368945061,5.617097839056578,-3.7045819829789504,6.648642757537599,True,True,True,True,True,False,False,False,True,False,False,True,1.3817842368945061,7.310922155598466,-5.098411192791077,5.395308882661147,True,True,True,True,True,False,False,False,True,False,False,True,1.3817842368945061,8.585430852445324,-6.4764313756488265,4.1561905148721285,True,True,True,True,True,False,False,False,True,False,False,True,1.3817842368945061,15.556458928524378,-12.926890778444008,-1.6440748412601673,True,True,True,True,True,False,False,False,True,False,False,True,1.3817842368945061,21.927873196547605,-19.413485099992087,-7.47683278502091,True,True,True,True,True,False,False,False,True,False,False,True
1y,BNB/USDT:USDT,short,short_pullback_restart,2025-11-25T15:00:00+00:00,2025-11-25T23:00:00+00:00,842.28,866.81,-8.88459075,-0.03015297005961308,stop_loss,stop_loss,losing_trades,1.0405971320127805,0.4072403410205335,0.6218202374222709,-2.3724034762786705,False,False,False,False,False,False,True,False,False,False,True,False,1.59319804801513,0.4072403410205335,0.9990655391608274,-1.984171534406611,False,False,False,False,False,False,True,False,False,False,True,False,1.6947197194310104,3.5809462281238194,-2.9152870871356003,-6.012523151446084,False,False,False,False,False,False,True,False,False,False,False,True,1.6947197194310104,4.419653672661837,-3.3813638513630506,-6.49217362397303,False,False,False,False,False,False,True,False,False,False,False,True,1.6947197194310104,4.635387224420584,-2.3915275550582042,-5.4735099966756895,False,False,False,False,False,False,True,False,False,False,False,True,7.546059690128168,4.635387224420584,-1.1963406052076009,-4.243515220591725,True,True,True,True,False,True,False,False,False,True,False,True,7.546059690128168,7.160738800890629,-3.5544121549128485,-6.670261670703333,True,True,True,True,False,True,False,False,False,True,False,True
1y,NEAR/USDT:USDT,short,short_pullback_restart,2025-11-28T02:00:00+00:00,2025-11-28T15:00:00+00:00,1.878,1.953,-8.76369871,-0.040954742593724607,stop_loss,stop_loss,losing_trades,5.478750640040961,-0.870455709165393,4.352278545826931,0.43248136315227825,True,True,True,False,False,True,False,False,False,False,True,False,5.478750640040961,-0.870455709165393,3.9426523297491127,0.006496272630458029,True,True,True,False,False,True,False,False,False,False,True,False,5.478750640040961,-0.870455709165393,3.8914490527393784,-0.04675186368477689,True,True,True,False,False,True,False,False,False,False,True,False,6.605222734254992,-0.870455709165393,5.632360471070153,1.7636847710330097,True,True,True,False,False,True,False,False,False,False,True,False,18.945212493599595,-0.870455709165393,17.357910906298002,13.957507987220435,True,True,True,True,True,True,False,False,False,False,True,False,18.945212493599595,-0.870455709165393,12.391193036354325,8.792438764643228,True,True,True,True,True,True,False,False,False,False,True,False,18.945212493599595,-0.870455709165393,17.665130568356375,14.27699680511181,True,True,True,True,True,True,False,False,False,False,True,False
1y,NEAR/USDT:USDT,short,short_compression_breakdown,2025-11-29T15:00:00+00:00,2025-12-01T03:00:00+00:00,1.861,1.673,34.24210235,0.10004915533368862,roi,roi,winning_trades,1.5540944411237312,0.5977286312014352,0.8965929468021593,10.808113917248795,True,True,True,True,True,False,False,False,True,False,True,False,5.3795576808129155,0.5977286312014352,3.5265989240884603,13.17243417517463,True,True,True,True,True,False,False,True,False,False,True,False,5.3795576808129155,0.5977286312014352,1.0161386730424462,10.915583019881787,True,True,True,True,True,False,False,True,False,False,True,False,5.3795576808129155,9.623430962343098,-8.427973699940228,2.4255239118753322,True,True,True,True,True,False,False,True,False,True,False,True,5.3795576808129155,12.074118350268975,-11.177525403466829,-0.04626544868350941,True,True,True,True,True,False,False,True,False,True,False,True,5.3795576808129155,13.44889420203227,-2.8690974297668883,7.422837184309506,True,True,True,True,True,False,False,True,False,True,False,True,6.216377764494925,13.44889420203227,2.9886431560071753,12.688823213326167,True,True,True,True,True,False,False,True,False,False,True,False
1y,TAO/USDT:USDT,short,short_compression_breakdown,2025-11-29T18:00:00+00:00,2025-12-01T11:00:00+00:00,293.63,263.93,32.87029989,0.10000055725387762,roi,roi,winning_trades,3.849505550714203,1.1480316750653479,3.0273178494297763,12.735881892177229,True,True,True,True,True,False,False,True,False,False,True,False,3.849505550714203,1.5799643844958953,-0.3561550411093842,9.69463951231141,True,True,True,True,True,False,False,True,False,True,False,True,3.849505550714203,1.830030689955664,0.996476338423065,10.910455334945333,True,True,True,True,True,False,False,True,False,False,True,False,3.849505550714203,9.832152464668658,-7.448944795968616,3.319269148247802,True,True,True,True,True,False,False,True,False,True,False,True,3.849505550714203,20.315992876899177,-16.36797635736748,-4.697622858699725,True,True,True,True,True,False,False,True,False,True,False,True,3.849505550714203,20.315992876899177,-13.57935816314931,-2.19106698906787,True,True,True,True,True,False,False,True,False,True,False,True,3.849505550714203,20.315992876899177,-6.039480165195315,4.586169669311715,True,True,True,True,True,False,False,True,False,True,False,True
1y,DOGE/USDT:USDT,short,short_pullback_restart,2025-12-07T14:00:00+00:00,2025-12-07T17:00:00+00:00,0.13819,0.14101,-9.13549038,-0.021439629744744837,stop_loss,stop_loss,losing_trades,3.7231402028224982,1.2835969080207121,1.6949152542372905,-0.41116578623633104,True,False,True,False,False,True,False,False,False,False,True,False,3.7231402028224982,1.2835969080207121,-0.26239273810368713,-2.4084159490556467,True,False,True,False,False,True,False,False,False,True,False,True,3.7231402028224982,2.82249485852068,-1.3970640380114883,-3.5662421304001657,True,False,True,False,False,True,False,False,False,True,False,True,3.7231402028224982,8.59513509680164,-7.027870363803987,-9.311954555322375,True,False,True,False,False,True,False,False,False,True,False,True,3.7231402028224982,8.59513509680164,-3.581306290334018,-5.795057529488377,True,False,True,False,False,True,False,False,False,True,False,True,5.5244308914261335,8.59513509680164,5.141479327707259,3.105731239597668,True,True,True,True,False,True,False,False,False,False,True,False,15.006027941280758,8.59513509680164,7.8646904474859864,5.884514074824517,True,True,True,True,True,True,False,False,False,False,True,False
1y,XRP/USDT:USDT,short,short_compression_breakdown,2025-12-05T10:00:00+00:00,2025-12-08T09:00:00+00:00,2.0566,2.1153,-9.61251105,-0.030014890879056365,stop_loss,stop_loss,losing_trades,2.297546447312437,-0.19382593485556518,1.9240769630785106,-0.9752309637265507,False,False,False,False,False,False,True,False,False,False,True,False,2.5717392332056814,-0.19382593485556518,1.3425991585117942,-1.5733054556063404,False,False,False,False,False,False,True,False,False,False,True,False,3.569233678438042,-0.19382593485556518,2.7466553207582867,-0.12917436545754807,True,False,False,False,False,True,False,False,False,False,True,False,3.569233678438042,2.935753793788117,1.309506925731567,-1.607342215306824,True,False,False,False,False,True,False,False,False,False,True,False,5.8715075875762235,2.935753793788117,4.907105375124102,2.0929398035592794,True,False,True,True,False,True,False,False,False,False,True,False,8.003592870987568,2.935753793788117,5.578404954379988,2.7833997860546487,True,True,True,True,True,True,False,False,False,False,True,False,16.309743298822863,2.935753793788117,9.161821018295276,6.469094622191967,True,True,True,True,True,True,False,False,False,False,True,False
1y,SUI/USDT:USDT,short,short_compression_breakdown,2025-12-11T15:00:00+00:00,2025-12-11T18:00:00+00:00,1.5259,1.5685,-9.32328279,-0.02898567417567616,stop_loss,stop_loss,losing_trades,0.8734459674848611,4.233343959196686,-1.8616512591648002,-4.805419752277336,False,False,False,False,False,False,True,False,False,False,False,True,0.8734459674848611,6.094995218361486,-5.215173732865801,-8.252565698931782,False,False,False,False,False,False,True,False,False,False,False,True,2.033790245457446,6.094995218361486,0.5419190309212593,-2.3347467068615257,False,False,False,False,False,False,True,False,False,False,True,False,2.033790245457446,6.094995218361486,-2.4737009882052883,-5.4345566550887945,False,False,False,False,False,False,True,False,False,False,False,True,2.033790245457446,6.094995218361486,-0.6885559451705401,-3.5995740218887144,False,False,False,False,False,False,True,False,False,False,False,True,14.153649984061204,6.094995218361486,12.617150143449152,10.077600104856149,True,True,True,True,True,True,False,False,False,False,True,False,15.46063117628307,6.094995218361486,10.003187759005423,7.390661249098897,True,True,True,True,True,True,False,False,False,False,True,False
1y,NEAR/USDT:USDT,short,short_compression_breakdown,2025-12-14T18:00:00+00:00,2025-12-15T02:00:00+00:00,1.592,1.641,-8.40108911,-0.031998217435198484,trailing_stop_loss,trailing_stop_loss,losing_trades,1.7062766605728228,-0.24375380865326043,1.4625228519195625,-1.6703517587939642,False,False,False,False,False,False,True,False,False,False,True,False,4.509445460085318,-0.24375380865326043,3.5953686776355847,0.5281407035175885,True,True,True,False,False,True,False,False,False,False,True,False,9.384521633150513,-0.24375380865326043,5.911029859841559,2.915075376884425,True,True,True,True,True,True,False,False,False,False,True,False,9.384521633150513,-0.24375380865326043,4.7531992687385785,1.7216080402010134,True,True,True,True,True,True,False,False,False,False,True,False,10.847044485070075,-0.24375380865326043,9.993906154783664,7.12361809045226,True,True,True,True,True,True,False,False,False,False,True,False,14.442413162705673,-0.24375380865326043,8.165752589884224,5.239195979899509,True,True,True,True,True,True,False,False,False,False,True,False,14.442413162705673,-0.24375380865326043,3.1078610603290637,0.025628140703517696,True,True,True,True,True,True,False,False,False,False,True,False
1y,ADA/USDT:USDT,short,short_pullback_restart,2025-12-15T15:00:00+00:00,2025-12-18T17:00:00+00:00,0.3923,0.3528,21.64713274,0.10001386158580035,roi,roi,winning_trades,1.8140589569161047,2.6643990929705272,0.4535147392290222,10.376676013255155,True,True,True,True,True,False,False,False,True,False,True,False,1.8424036281179155,2.9195011337868415,-2.154195011337867,8.031531990823346,True,True,True,True,True,False,False,False,True,False,False,True,1.8424036281179155,7.653061224489803,-4.6201814058956865,5.813841447871527,True,True,True,True,True,False,False,False,True,False,False,True,1.8424036281179155,7.964852607709755,-6.547619047619051,4.080474126943658,True,True,True,True,True,False,False,False,True,False,False,True,1.8424036281179155,7.964852607709755,-2.862811791383219,7.3942645934233955,True,True,True,True,True,False,False,False,True,False,False,True,1.8424036281179155,8.333333333333329,-0.5102040816326597,9.50999235279122,True,True,True,True,True,False,False,False,True,False,False,True,7.142857142857142,9.01360544217687,0.3684807256235894,10.30020392556717,True,True,True,True,True,False,False,True,False,False,True,False
1y,XRP/USDT:USDT,short,short_pullback_restart,2025-12-14T11:00:00+00:00,2025-12-18T19:00:00+00:00,2.0053,1.8008,41.63346062,0.10001010025378328,roi,roi,winning_trades,1.6936916925810737,1.2827632163482963,1.0550866281652547,11.045464519024586,True,True,True,True,True,False,False,False,True,False,True,False,1.6936916925810737,4.164815637494444,-3.648378498445141,6.8216576073405495,True,True,True,True,True,False,False,False,True,False,False,True,1.6936916925810737,6.480453131941361,-5.886272767658824,4.811983244402335,True,True,True,True,True,False,False,False,True,False,False,True,1.6936916925810737,8.712794313638385,-6.8525099955575275,3.944282650974925,True,True,True,True,True,False,False,False,True,False,False,True,1.6936916925810737,8.712794313638385,-6.458240781874726,4.298344387373463,True,True,True,True,True,False,False,False,True,False,False,True,1.6936916925810737,8.712794313638385,-3.9649044868947207,6.537410861217772,True,True,True,True,True,False,False,False,True,False,False,True,1.6936916925810737,8.712794313638385,-4.025988449577966,6.482556226001103,True,True,True,True,True,False,False,False,True,False,False,True
1y,SOL/USDT:USDT,short,short_pullback_restart,2025-12-21T02:00:00+00:00,2025-12-22T00:00:00+00:00,125.06,126.79,-6.40579555,-0.01472626484120958,stop_loss,stop_loss,losing_trades,1.8850067039987384,0.4022399242842424,0.8675763072797607,-0.6037581960658848,True,False,False,False,False,False,True,False,False,False,True,False,1.8850067039987384,0.6782869311459889,-0.08675763072797493,-1.5712937789860895,True,False,False,False,False,False,True,False,False,False,False,True,2.113731366827042,1.5379761810868386,0.11041880274469641,-1.3713897329281972,True,False,False,False,False,False,True,False,False,False,True,False,3.7463522359807553,1.5379761810868386,2.350343086994245,0.8995202302894609,True,True,True,False,False,True,False,False,False,False,True,False,4.953072008833505,1.5379761810868386,3.6753687199306024,2.242875419798502,True,True,True,True,False,True,False,False,False,False,True,False,6.0257118069248365,1.5379761810868386,-0.13407997476140665,-1.619270750039974,True,True,True,True,False,True,False,False,False,True,False,True,6.0257118069248365,7.098351605016156,-6.861739884848965,-8.439996801535269,True,True,True,True,False,True,False,False,False,True,False,True
1y,ADA/USDT:USDT,short,short_pullback_restart,2025-12-21T02:00:00+00:00,2025-12-22T15:00:00+00:00,0.3696,0.3798,-9.52837865,-0.028690925290399946,stop_loss,stop_loss,losing_trades,3.7388098999473525,0.394944707740902,2.3433385992627747,-0.45173160173160815,True,False,True,False,False,True,False,False,False,False,True,False,3.817798841495527,0.394944707740902,3.0542390731964186,0.27878787878786715,True,False,True,False,False,True,False,False,False,False,True,False,6.582411795681943,0.394944707740902,5.028962611901002,2.308008658008648,True,True,True,True,False,True,False,False,False,False,True,False,7.345971563981052,0.394944707740902,6.450763559768305,3.7690476190476137,True,True,True,True,False,True,False,False,False,False,True,False,8.08320168509742,0.394944707740902,5.976829910479213,3.282034632034635,True,True,True,True,True,True,False,False,False,False,True,False,10.768825697735663,1.2638230647709243,3.844128488678252,1.0904761904761795,True,True,True,True,True,True,False,False,False,False,True,False,13.744075829383892,9.057398630858343,-8.636124275934701,-11.734199134199146,True,True,True,True,True,True,False,False,False,True,False,True
1y,ADA/USDT:USDT,short,short_compression_breakdown,2025-12-23T14:00:00+00:00,2025-12-27T21:00:00+00:00,0.3613,0.3617,-0.47907789,-0.0017341790403730439,stale_loss_72h,timeout,losing_trades,-0.35941387890516113,2.5988388166989114,-2.2394249377937507,-2.452615554940495,False,False,False,False,False,False,False,False,False,False,False,True,-0.35941387890516113,4.312966546862041,-2.37766104506497,-2.5910047052311125,False,False,False,False,False,False,False,False,False,False,False,True,0.19353055017971632,4.312966546862041,-0.4976499861763805,-0.7089122612787102,True,False,False,False,False,False,False,False,False,False,False,True,3.179430467238045,6.331213713021834,2.5435443737904455,2.3356490451148715,True,False,True,True,False,False,False,False,False,False,True,False,3.8153165606856603,6.331213713021834,3.179430467238045,2.972239136451702,True,False,True,True,False,False,False,False,False,False,True,False,9.427702515897158,10.340060823887196,-7.49239701410007,-7.711403265983938,True,True,True,True,True,False,False,False,False,True,False,True,9.427702515897158,20.901299419408346,-7.49239701410007,-7.711403265983938,True,True,True,True,True,False,False,False,False,True,False,True
1y,XRP/USDT:USDT,short,short_pullback_restart,2025-12-28T19:00:00+00:00,2025-12-29T01:00:00+00:00,1.8559,1.8803,-6.07312105,-0.014136308435481033,stop_loss,stop_loss,losing_trades,-0.053183002712327274,1.9518161995426238,-1.058341753975419,-2.486982057222899,False,False,False,False,False,False,True,False,False,False,False,True,1.3933946710631282,1.9518161995426238,0.9519757485507646,-0.45023438762864104,True,False,False,False,False,False,True,False,False,False,True,False,1.962452800085101,1.9518161995426238,1.797585491676863,0.40649280672450416,True,True,False,False,False,False,True,False,False,False,True,False,2.015635802797428,1.9518161995426238,0.10104770515343363,-1.3123498033299188,True,True,False,False,False,False,True,False,False,False,True,False,3.7068552890496242,1.9518161995426238,2.1273201084933273,0.7405625303087481,True,True,True,False,False,True,False,False,False,False,True,False,3.7068552890496242,15.183747274371104,-14.657235547519004,-16.264664044398934,True,True,True,False,False,True,False,False,False,True,False,True,3.7068552890496242,28.569909057065356,-9.753762697441886,-11.296723961420321,True,True,True,False,False,True,False,False,False,True,False,True
1y,PAXG/USDT:USDT,long,long_1d_center_compression,2025-12-12T00:00:00+00:00,2025-12-29T09:00:00+00:00,4282.51,4473.2,17.8558803,0.04296294593203375,swing_exit_long_1d,exit_signal,winning_trades,0.30515067513190886,3.20106411517481,-2.878252704998659,1.3463480528942045,True,False,True,True,False,False,False,False,True,False,False,True,0.30515067513190886,3.20106411517481,-2.741885004023957,1.488787883741076,True,False,True,True,False,False,False,False,True,False,False,True,0.30515067513190886,3.20106411517481,-1.8959581507645422,2.372381850830473,True,False,True,True,False,False,False,False,True,False,False,True,0.30515067513190886,4.031789323079662,-2.974604310113554,1.2457061396237277,True,False,True,True,False,False,False,False,True,False,False,True,0.30515067513190886,4.031789323079662,-2.8961369936510817,1.3276674193405134,True,False,True,True,False,False,False,False,True,False,False,True,0.30515067513190886,4.031789323079662,-0.6201377090226188,3.7050115469666105,True,False,True,True,False,False,False,False,True,False,False,True,2.9278816060091266,4.031789323079662,2.728695341142815,7.2029601798945,True,True,True,True,True,False,False,False,True,False,True,False
1y,NEAR/USDT:USDT,short,short_compression_breakdown,2025-12-31T11:00:00+00:00,2026-01-01T11:00:00+00:00,1.5,1.533,-9.41166575,-0.022744864582049478,stop_loss,stop_loss,losing_trades,0.7827788649706464,3.9791258969341268,-3.783431180691458,-6.166666666666664,False,False,False,False,False,False,True,False,False,False,False,True,0.7827788649706464,6.6536203522504955,-6.131767775603398,-8.566666666666666,False,False,False,False,False,False,True,False,False,False,False,True,0.7827788649706464,8.610567514677111,-6.718851924331376,-9.16666666666666,False,False,False,False,False,False,True,False,False,False,False,True,0.7827788649706464,12.067840834964127,-9.19765166340509,-11.699999999999996,False,False,False,False,False,False,True,False,False,False,False,True,0.7827788649706464,12.915851272015669,-12.39399869536857,-14.966666666666672,False,False,False,False,False,False,True,False,False,False,False,True,0.7827788649706464,20.026092628832366,-10.241356816699284,-12.766666666666662,False,False,False,False,False,False,True,False,False,False,False,True,0.7827788649706464,23.54859752120026,-16.764514024788006,-19.433333333333337,False,False,False,False,False,False,True,False,False,False,False,True
1y,ADA/USDT:USDT,short,short_pullback_restart,2026-01-20T09:00:00+00:00,2026-01-21T22:00:00+00:00,0.3605,0.3728,-9.358507,-0.03500375188061336,trailing_stop_loss,trailing_stop_loss,losing_trades,2.601931330472114,-0.8851931330472169,1.904506437768239,-1.54244105409155,False,False,False,False,False,False,True,False,False,False,True,False,2.762875536480695,-0.8851931330472169,2.011802575107298,-1.4314840499306594,False,False,False,False,False,False,True,False,False,False,True,False,4.721030042918456,-0.8851931330472169,3.5675965665236142,0.1773925104022194,True,False,True,False,False,True,False,False,False,False,True,False,5.525751072961374,-0.5364806866952794,2.816523605150217,-0.5993065187240011,True,False,True,False,False,True,False,False,False,False,True,False,5.525751072961374,-0.5364806866952794,3.540772532188853,0.14965325936200052,True,False,True,False,False,True,False,False,False,False,True,False,10.810085836909872,-0.5364806866952794,3.3798283261802573,-0.016782246879343418,True,True,True,True,True,True,False,False,False,False,True,False,27.896995708154513,-0.5364806866952794,24.0343347639485,21.342441054091534,True,True,True,True,True,True,False,False,False,False,True,False
1y,PAXG/USDT:USDT,long,long_1d_center_compression,2026-01-07T00:00:00+00:00,2026-01-22T23:00:00+00:00,4507.71,4971.15,42.8444889,0.09999960853344798,roi,roi,winning_trades,0.2144373032397084,0.38522273518199285,0.10037918791427922,10.291751022137632,True,True,True,True,True,False,False,False,True,False,True,False,0.2144373032397084,1.1083954416985902,-0.5795439686993853,9.541924613606467,True,True,True,True,True,False,False,False,True,False,False,True,0.7652152922362022,1.1083954416985902,0.6811301207970104,10.932209259246939,True,True,True,True,True,False,False,False,True,False,True,False,3.034509117608609,1.1083954416985902,1.9082103738571676,12.285446268726252,True,True,True,True,True,False,False,True,False,False,True,False,3.132876698550651,1.1083954416985902,1.979622421371328,12.3642002258353,True,True,True,True,True,False,False,True,False,False,True,False,13.308992888969366,1.1083954416985902,10.113354052885148,21.33416501948882,True,True,True,True,True,False,False,True,False,False,True,False,13.308992888969366,10.321555374510918,-5.475393017712192,4.142730787916703,True,True,True,True,True,False,False,True,False,True,False,True
1y,ZEC/USDT:USDT,short,short_pullback_restart,2026-01-23T08:00:00+00:00,2026-01-23T17:00:00+00:00,358.23,372.97,-9.79566899,-0.042614198220157544,trailing_stop_loss,trailing_stop_loss,losing_trades,2.1958870686650545,0.5013808081078767,1.4451564468992257,-2.7100549926025086,False,False,False,False,False,False,True,False,False,False,True,False,2.1958870686650545,3.890393329222187,-0.6917446443413636,-4.934882617312898,False,False,False,False,False,False,True,False,False,False,False,True,2.9412553288468315,3.890393329222187,2.598064187468175,-1.5097088462719355,False,False,False,False,False,False,True,False,False,False,True,False,8.303616912888442,3.890393329222187,7.560929833498685,3.6573625882812815,True,True,True,True,False,True,False,False,False,False,True,False,12.861624259323811,3.890393329222187,3.383650159530258,-0.6917985651676309,True,True,True,True,True,True,False,False,False,False,True,False,12.993002118132836,8.566372630506471,10.427112100168925,6.641478938112395,True,True,True,True,True,True,False,False,False,False,True,False,50.58583800305655,8.566372630506471,34.131431482424865,31.321154007202086,True,True,True,True,True,True,False,False,False,False,True,False
1y,ETH/USDT:USDT,short,short_pullback_restart,2026-01-25T04:00:00+00:00,2026-01-27T16:00:00+00:00,2941.54,2969.6,-4.48609308,-0.010240577650724962,stop_loss,stop_loss,losing_trades,1.7877828663793,2.0305765086206957,-1.6301858836207002,-2.6996586821868904,True,False,False,False,False,False,True,False,False,False,False,True,1.7877828663793,2.201980064655168,-0.966460129310354,-2.0296015012544526,True,False,False,False,False,False,True,False,False,False,False,True,1.7877828663793,2.539062500000003,-0.9701643318965499,-2.03334103904757,True,False,False,False,False,False,True,False,False,False,False,True,5.878569504310335,2.539062500000003,4.574690193965514,3.5644070792849996,True,False,True,True,False,True,False,False,False,False,True,False,9.976764547413792,2.539062500000003,8.220299030172418,7.244792183686102,True,True,True,True,True,True,False,False,False,False,True,False,27.397629310344822,2.539062500000003,24.573006465517235,23.753491708424836,True,True,True,True,True,True,False,False,False,False,True,False,41.540274784482754,2.539062500000003,31.813038793103445,31.062588304085608,True,True,True,True,True,True,False,False,False,False,True,False
1y,XRP/USDT:USDT,short,short_pullback_restart,2026-01-22T14:00:00+00:00,2026-01-27T17:00:00+00:00,1.9291,1.9129,3.18039637,0.007562894532501908,stale_flat_120h,timeout,winning_trades,1.8715039991635767,0.825971038736998,-0.0940979664383932,0.6464620807630485,True,False,True,False,False,False,False,False,True,False,False,True,1.8715039991635767,0.825971038736998,0.0888703016362609,0.8278938365040706,True,False,True,False,False,False,False,False,True,False,True,False,1.8715039991635767,1.5055674630142684,-0.3920748601599698,0.3509875071276725,True,False,True,False,False,False,False,False,True,False,False,True,6.71232160593863,1.5055674630142684,5.279941450154215,5.975371935099267,True,True,True,True,True,False,False,True,False,False,True,False,10.904908777249208,1.5055674630142684,8.41654033143395,9.085630604945312,True,True,True,True,True,False,False,True,False,False,True,False,21.532751319985373,1.5055674630142684,18.568665377176014,19.152501166347,True,True,True,True,True,False,False,True,False,False,True,False,41.586073500967125,1.5055674630142684,25.57373621203409,26.098745529003164,True,True,True,True,True,False,False,True,False,False,True,False
1y,NEAR/USDT:USDT,short,short_pullback_restart,2026-01-20T07:00:00+00:00,2026-01-29T14:00:00+00:00,1.561,1.405,22.56454518,0.09974080760144148,roi,roi,winning_trades,4.555160142348758,-0.1423487544483987,2.1352313167259807,11.815438821268415,True,True,True,True,True,False,False,True,False,False,True,False,6.832740213523138,-0.1423487544483987,5.338078291814943,14.698206278026898,True,True,True,True,True,False,False,True,False,False,True,False,7.8291814946619285,-0.1423487544483987,6.0498220640569365,15.338821268417673,True,True,True,True,True,False,False,True,False,False,True,False,14.021352313167265,-0.1423487544483987,12.52669039145907,21.168417680973725,True,True,True,True,True,False,False,True,False,False,True,False,22.41992882562277,-0.1423487544483987,15.088967971530245,23.47463164638052,True,True,True,True,True,False,False,True,False,False,True,False,22.70462633451957,-0.1423487544483987,20.640569395017796,28.471428571428568,True,True,True,True,True,False,False,True,False,False,True,False,40.2135231316726,-0.1423487544483987,31.459074733096088,38.20877642536835,True,True,True,True,True,False,False,True,False,False,True,False
1y,TAO/USDT:USDT,short,short_pullback_restart,2026-01-29T02:00:00+00:00,2026-01-30T01:00:00+00:00,233.85,210.24,25.24201333,0.09999540957057453,roi,roi,winning_trades,-0.7515220700152131,3.8051750380517504,-2.5780060882800546,7.6784904853538585,True,False,True,True,True,False,False,False,True,False,False,True,-0.2806316590563182,3.8051750380517504,-1.5886605783866075,8.567949540303605,True,False,True,True,True,False,False,False,True,False,False,True,1.4935312024353191,3.852739726027395,-2.706430745814306,7.563031858028646,True,True,True,True,True,False,False,False,True,False,False,True,15.334855403348557,3.9288432267884277,5.384322678843237,14.836925379516789,True,True,True,True,True,False,False,True,False,False,True,False,15.334855403348557,3.9288432267884277,8.414193302891931,17.560893735300397,True,True,True,True,True,False,False,True,False,False,True,False,32.4486301369863,3.9288432267884277,21.91305175038053,29.696878340816767,True,True,True,True,True,False,False,True,False,False,True,False,32.4486301369863,3.9288432267884277,26.041666666666664,33.408659397049384,True,True,True,True,True,False,False,True,False,False,True,False
1y,ADA/USDT:USDT,short,short_pullback_restart,2026-01-29T03:00:00+00:00,2026-01-31T04:00:00+00:00,0.3504,0.315,27.60492913,0.09989936722416684,roi,roi,winning_trades,2.634920634920644,0.4126984126984201,1.2698412698412709,11.144292237442919,True,True,True,True,True,False,False,False,True,False,True,False,7.777777777777785,0.4126984126984201,7.1746031746031775,16.452511415525116,True,True,True,True,True,False,False,True,False,False,True,False,14.666666666666671,0.4126984126984201,5.84126984126985,15.253881278538817,True,True,True,True,True,False,False,True,False,False,True,False,14.666666666666671,0.4126984126984201,9.587301587301589,18.62146118721461,True,True,True,True,True,False,False,True,False,False,True,False,14.666666666666671,0.4126984126984201,4.41269841269842,13.969634703196352,True,True,True,True,True,False,False,True,False,False,True,False,30.031746031746025,0.4126984126984201,13.079365079365084,21.76073059360731,True,True,True,True,True,False,False,True,False,False,True,False,30.031746031746025,0.4126984126984201,12.539682539682534,21.275570776255698,True,True,True,True,True,False,False,True,False,False,True,False
1y,BTC/USDT:USDT,short,short_compression_breakdown,2026-01-29T15:00:00+00:00,2026-01-31T17:00:00+00:00,86978.8,78228.0,43.46777421,0.1000002735597289,roi,roi,winning_trades,3.4872424195940077,1.2425218591808558,-0.6120570639668698,9.41036344488542,True,True,True,True,True,False,False,True,False,True,False,True,3.4872424195940077,1.4940941862248849,-0.45495219103133683,9.551662244133063,True,True,True,True,True,False,False,True,False,True,False,True,3.4872424195940077,1.4940941862248849,0.6608886843585418,10.555240127479342,True,True,True,True,True,False,False,True,False,False,True,False,4.695249782686506,1.4940941862248849,-0.9060694380528749,9.145931192428499,True,True,True,True,True,False,False,True,False,True,False,True,4.695249782686506,1.4940941862248849,4.276729559748435,13.807296950521286,True,True,True,True,True,False,False,True,False,False,True,False,23.5567827376387,1.4940941862248849,11.599043820626882,20.39292471268861,True,True,True,True,True,False,False,True,False,False,True,False,23.5567827376387,1.4940941862248849,10.887533875338761,19.752998661742872,True,True,True,True,True,False,False,True,False,False,True,False
1y,LINK/USDT:USDT,short,short_pullback_restart,2026-01-31T09:00:00+00:00,2026-01-31T17:00:00+00:00,10.461,9.406,22.40806424,0.09995938127748513,roi,roi,winning_trades,4.7735487986391645,6.68722092281522,-6.134382309164362,4.469352834337059,True,True,True,True,True,False,False,True,False,True,False,True,4.7735487986391645,7.112481394854334,-6.081224750159463,4.517149412102098,True,True,True,True,True,False,False,True,False,True,False,True,4.7735487986391645,7.112481394854334,-0.999362109291935,9.086502246439156,True,True,True,True,True,False,False,True,False,True,False,True,4.7735487986391645,7.112481394854334,-5.209440782479271,5.3010132874486136,True,True,True,True,True,False,False,True,False,True,False,True,4.7735487986391645,7.112481394854334,1.0631511800978248,10.941009463722407,True,True,True,True,True,False,False,True,False,False,True,False,24.335530512438876,7.112481394854334,5.751647884329155,15.156667622598222,True,True,True,True,True,False,False,True,False,False,True,False,24.335530512438876,7.112481394854334,3.8911333191579995,13.483787400822111,True,True,True,True,True,False,False,True,False,False,True,False
1y,BNB/USDT:USDT,short,short_pullback_restart,2026-01-31T09:00:00+00:00,2026-01-31T18:00:00+00:00,836.33,751.94,30.0945114,0.1000056004710114,roi,roi,winning_trades,-1.871159932973367,4.602760858579128,-4.419235577306687,6.017202539667366,True,False,True,True,True,False,False,False,True,False,False,True,-1.871159932973367,5.017687581455954,-3.4071867436231464,6.927130438941577,True,False,True,True,True,False,False,False,True,False,False,True,1.2514296353432561,5.017687581455954,-1.5001196904008263,8.641764614446451,True,True,True,True,True,False,False,False,True,False,False,True,3.1132803149187542,5.017687581455954,-3.0281671409952895,7.267905013571198,True,True,True,True,True,False,False,True,False,True,False,True,3.1132803149187542,5.017687581455954,1.9709019336649265,11.762542297896767,True,True,True,True,True,False,False,True,False,False,True,False,23.930100805915373,5.017687581455954,13.22977897172647,21.885340714789617,True,True,True,True,True,False,False,True,False,False,True,False,23.930100805915373,5.017687581455954,15.952070643934361,24.332939150813676,True,True,True,True,True,False,False,True,False,False,True,False
1y,TAO/USDT:USDT,short,short_pullback_restart,2026-02-03T15:00:00+00:00,2026-02-03T20:00:00+00:00,191.97,200.14,-10.87537742,-0.04349944927725563,stop_loss,stop_loss,losing_trades,4.1470970320775375,1.5838912761067334,2.6081742780053956,-1.6366984424649627,True,False,False,False,False,True,False,False,False,False,True,False,4.1470970320775375,1.5838912761067334,2.028579994004184,-2.2409595249257768,True,False,False,False,False,True,False,False,False,False,True,False,8.56400519636254,1.5838912761067334,4.81662836014789,0.665744647601187,True,True,True,True,False,True,False,False,False,False,True,False,21.654841610872378,1.5838912761067334,19.961027280903362,16.454670000520917,True,True,True,True,True,True,False,False,False,False,True,False,29.039672229439383,1.5838912761067334,13.650444688717894,9.875517007865815,True,True,True,True,True,True,False,False,False,False,True,False,29.039672229439383,1.5838912761067334,23.20375736984111,19.83540657394385,True,True,True,True,True,True,False,False,False,False,True,False,29.039672229439383,7.739582292395328,3.3826321574897484,-0.8292806167630389,True,True,True,True,True,True,False,False,False,False,True,False
1y,SOL/USDT:USDT,short,short_pullback_restart,2026-02-03T15:00:00+00:00,2026-02-04T17:00:00+00:00,100.78,90.5,23.67193251,0.10000200308740168,roi,roi,winning_trades,1.4475138121546987,4.607734806629836,-1.7348066298342468,8.542587815042674,True,True,True,True,True,False,False,False,True,False,False,True,1.4475138121546987,4.607734806629836,-0.6961325966850779,9.47531256201628,True,True,True,True,True,False,False,False,True,False,False,True,9.016574585635356,4.607734806629836,8.685082872928177,17.899603095852353,True,True,True,True,True,False,False,True,False,False,True,False,25.646408839779,4.607734806629836,4.331491712707184,13.990097241516175,True,True,True,True,True,False,False,True,False,False,True,False,25.646408839779,4.607734806629836,3.2265193370165766,12.997836872395318,True,True,True,True,True,False,False,True,False,False,True,False,25.646408839779,4.607734806629836,12.751381215469621,21.551121254217115,True,True,True,True,True,False,False,True,False,False,True,False,25.646408839779,4.607734806629836,9.259668508287287,18.415578487795194,True,True,True,True,True,False,False,True,False,False,True,False
1y,BTC/USDT:USDT,short,short_pullback_restart,2026-02-03T17:00:00+00:00,2026-02-05T15:00:00+00:00,76458.2,68756.7,22.92612476,0.10000058226489938,roi,roi,winning_trades,9.487657202861676,-0.12987825186491342,8.097974451944312,17.25510383451349,True,True,True,True,True,False,False,True,False,False,True,False,13.026657765715917,-0.12987825186491342,6.717309004067966,16.013510388682967,True,True,True,True,True,False,False,True,False,False,True,False,13.026657765715917,0.5835067709764971,0.2606291459595895,10.207200535717552,True,True,True,True,True,False,False,True,False,False,True,False,13.026657765715917,4.301689871677956,-0.5314391179332469,9.494915914839732,True,True,True,True,True,False,False,True,False,True,False,True,13.026657765715917,4.301689871677956,-3.484605863864916,6.83921646075894,True,True,True,True,True,False,False,True,False,True,False,True,13.026657765715917,5.15338868793878,2.3993298107675285,12.1304736444227,True,True,True,True,True,False,False,True,False,False,True,False,13.026657765715917,5.15338868793878,3.481842496803948,13.103946731678223,True,True,True,True,True,False,False,True,False,False,True,False
1y,NEAR/USDT:USDT,short,short_pullback_restart,2026-02-04T14:00:00+00:00,2026-02-05T15:00:00+00:00,1.159,1.042,25.19935802,0.10024518197397644,roi,roi,winning_trades,7.677543186180428,4.414587332053746,5.470249520153556,14.912942191544436,True,True,True,True,True,False,False,True,False,False,True,False,19.38579654510557,4.414587332053746,7.965451055662196,17.156255392579816,True,True,True,True,True,False,False,True,False,False,True,False,19.38579654510557,4.414587332053746,-2.015355086372352,8.183002588438317,True,True,True,True,True,False,False,True,False,True,False,True,19.38579654510557,6.81381957773512,-2.7831094049903946,7.492752372735123,True,True,True,True,True,False,False,True,False,True,False,True,19.38579654510557,6.81381957773512,-1.3435700575815752,8.7869715271786,True,True,True,True,True,False,False,True,False,True,False,True,19.38579654510557,6.81381957773512,8.349328214971216,17.501380500431413,True,True,True,True,True,False,False,True,False,False,True,False,19.38579654510557,6.81381957773512,4.990403071017279,14.481535806729942,True,True,True,True,True,False,False,True,False,False,True,False
1y,ADA/USDT:USDT,short,short_pullback_restart,2026-02-10T07:00:00+00:00,2026-02-13T08:00:00+00:00,0.262,0.2619,-0.23711638,-0.0009663576197330662,stale_loss_72h,timeout,losing_trades,0.07636502481864584,2.1382206949217233,-1.374570446735392,-1.4358778625954212,True,False,False,False,False,False,False,False,False,False,False,True,0.07636502481864584,4.8873615883925074,-4.352806414662071,-4.412977099236632,True,False,False,False,False,False,False,False,False,False,False,True,0.07636502481864584,6.796487208858336,-6.376479572355858,-6.435877862595421,True,False,False,False,False,False,False,False,False,False,False,True,0.07636502481864584,15.19663993890798,-12.98205421916761,-13.038931297709919,True,False,False,False,False,False,False,False,False,False,False,True,0.07636502481864584,15.19663993890798,-7.483772432226021,-7.5427480916030385,True,False,False,False,False,False,False,False,False,False,False,True,0.07636502481864584,15.19663993890798,-4.810996563573883,-4.870992366412217,True,False,False,False,False,False,False,False,False,False,False,True,3.2455135547919083,19.66399389079801,-11.531118747613593,-11.588549618320616,True,False,True,True,False,False,False,False,False,True,False,True
1y,DOGE/USDT:USDT,short,short_pullback_restart,2026-02-10T07:00:00+00:00,2026-02-13T09:00:00+00:00,0.09329,0.09384,-1.88407217,-0.007109770292234062,stale_loss_72h,timeout,losing_trades,1.033674339300951,2.9624893435635022,-1.5345268542199455,-2.2331332404330646,True,False,False,False,False,False,False,False,False,False,False,True,1.033674339300951,4.12404092071611,-3.3780903665814064,-4.087565655482904,True,False,False,False,False,False,False,False,False,False,False,True,1.033674339300951,4.7314578005115075,-4.592924126172202,-5.309561582163151,True,False,False,False,False,False,False,False,False,False,False,True,1.033674339300951,25.30903665814151,-21.98422847399829,-22.803398006217176,True,False,False,False,False,False,False,False,False,False,False,True,1.033674339300951,25.30903665814151,-9.80392156862745,-10.55128095187052,True,False,False,False,False,False,False,False,False,False,False,True,1.033674339300951,25.30903665814151,-5.626598465473138,-6.349330046092831,True,False,False,False,False,False,False,False,False,False,False,True,4.230605285592499,25.30903665814151,-3.7084398976982063,-4.419862793439817,True,False,True,True,False,False,False,False,False,True,False,True
1y,BNB/USDT:USDT,short,short_pullback_restart,2026-02-09T08:00:00+00:00,2026-02-14T09:00:00+00:00,631.85,627.23,1.9553254,0.006318677262188901,stale_flat_120h,timeout,winning_trades,0.13711078870589954,1.6469237759673367,-1.2132710488975358,-0.5732135791722733,True,False,False,False,False,False,False,False,True,False,False,True,0.13711078870589954,1.6469237759673367,-0.6345359756389233,0.0012898631004172427,True,False,False,False,False,False,False,False,True,False,False,True,0.13711078870589954,2.4663998852095763,-0.5564147123064919,0.07883991453667728,True,False,False,False,False,False,False,False,True,False,False,True,2.943099022687058,2.4663998852095763,1.4029941169905884,2.0239218168869306,True,False,True,True,False,False,False,False,True,False,True,False,3.6716993766242005,2.4663998852095763,1.211676737400957,1.834003323573637,True,False,True,True,False,False,False,True,False,False,True,False,5.097013854566909,2.4663998852095763,-0.2582784624459934,0.3747962332832159,True,False,True,True,True,False,False,True,False,True,False,True,8.070404795688981,2.4663998852095763,5.718795338233185,6.308166495212472,True,True,True,True,True,False,False,True,False,False,True,False
1y,ETH/USDT:USDT,short,short_pullback_restart,2026-02-17T15:00:00+00:00,2026-02-17T16:00:00+00:00,1947.55,2007.95,-10.68252069,-0.03209269712932519,trailing_stop_loss,trailing_stop_loss,losing_trades,2.7560447222291464,0.34662217684703484,0.7495206553948034,-2.4285666606762417,False,False,False,False,False,False,True,False,False,False,True,False,2.7560447222291464,0.34662217684703484,0.48507183943823345,-2.701216913558065,False,False,False,False,False,False,True,False,False,False,True,False,2.7560447222291464,1.509997758908336,1.8521377524340772,-1.2917537418808265,False,False,False,False,False,False,True,False,False,False,True,False,5.102218680744045,1.509997758908336,4.332777210587913,1.2658185925906862,True,True,True,False,False,True,False,False,False,False,True,False,5.102218680744045,1.509997758908336,2.0040339649891687,-1.1351467228055805,True,True,True,False,False,True,False,False,False,False,True,False,10.555541721656418,1.509997758908336,7.496202594686122,4.52735231444635,True,True,True,True,True,True,False,False,False,False,True,False,10.555541721656418,7.071889240269916,1.2385766577853092,-1.9243434058175646,True,True,True,True,True,True,False,False,False,False,True,False
1y,LINK/USDT:USDT,short,short_compression_breakdown,2026-02-19T14:00:00+00:00,2026-02-20T15:00:00+00:00,8.395,8.763,-11.29793275,-0.0448971755416234,stop_loss,stop_loss,losing_trades,0.8444596599338109,2.4991441287230334,-2.419262809540109,-7.00887432995831,False,False,False,False,False,False,True,False,False,False,False,True,0.8444596599338109,2.830081022480878,-1.4036288942143027,-5.948719475878495,False,False,False,False,False,False,True,False,False,False,False,True,0.8444596599338109,3.3550154056829906,-1.9285632774164154,-6.496664681357961,False,False,False,False,False,False,True,False,False,False,False,True,0.9585758301951344,3.3550154056829906,0.6504621704895628,-3.8045860631328163,False,False,False,False,False,False,True,False,False,False,True,False,6.824146981627305,3.3550154056829906,3.9826543421202807,-0.32632519356760126,True,True,True,False,False,True,False,False,False,False,True,False,8.136482939632536,9.425995663585535,-0.5477576172543654,-5.055330553901136,True,True,True,True,False,True,False,False,False,True,False,True,8.136482939632536,9.871048727604705,-0.23964395754879375,-4.733710541989293,True,True,True,True,False,True,False,False,False,True,False,True
1y,ADA/USDT:USDT,short,short_compression_breakdown,2026-02-22T13:00:00+00:00,2026-02-25T13:00:00+00:00,0.2731,0.28,-10.73226181,-0.026494324979230814,trailing_stop_loss,trailing_stop_loss,losing_trades,0.5000000000000043,8.428571428571411,-8.107142857142856,-10.938520688392535,False,False,False,False,False,False,True,False,False,False,False,True,0.5000000000000043,11.928571428571422,-5.785714285714282,-8.55844013181985,False,False,False,False,False,False,True,False,False,False,False,True,0.5000000000000043,11.928571428571422,-4.249999999999988,-6.983925302087142,False,False,False,False,False,False,True,False,False,False,False,True,0.5000000000000043,11.928571428571422,-1.2857142857142827,-3.9447455144635697,False,False,False,False,False,False,True,False,False,False,False,True,7.464285714285725,11.928571428571422,3.7142857142857215,1.1815818381545231,True,False,True,True,True,True,False,False,False,False,True,False,7.7857142857143,11.928571428571422,2.8571428571428594,0.30278286341998895,True,False,True,True,True,True,False,False,False,False,True,False,12.28571428571429,11.928571428571422,6.178571428571441,3.708128890516302,True,True,True,True,True,True,False,False,False,False,True,False
1y,XRP/USDT:USDT,short,short_pullback_restart,2026-02-22T13:00:00+00:00,2026-02-25T14:00:00+00:00,1.4081,1.4126,-2.49031458,-0.004873171160538457,stale_loss_72h,timeout,losing_trades,-0.8565765255557128,4.488177828118356,-3.624522157723341,-4.05568496555643,False,False,False,False,False,False,False,False,False,False,False,True,-0.36103638680446565,5.719949030157156,-1.741469630468636,-2.1666145870321802,False,False,False,False,False,False,False,False,False,False,False,True,-0.36103638680446565,5.719949030157156,-1.5786492991646597,-2.0032739152048973,False,False,False,False,False,False,False,False,False,False,False,True,3.9997168342064273,5.719949030157156,3.858133937420359,3.4508841701583566,True,False,True,True,False,False,False,False,False,False,True,False,10.144414554721788,5.719949030157156,6.732266742177558,6.334202116326967,True,True,True,True,True,False,False,False,False,False,True,False,10.144414554721788,5.719949030157156,-0.007079144839302632,-0.42668134365458127,True,True,True,True,True,False,False,False,False,True,True,False,10.144414554721788,5.719949030157156,1.4936995610930284,1.0788935444925751,True,True,True,True,True,False,False,False,False,False,True,False
1y,TAO/USDT:USDT,short,short_compression_breakdown,2026-02-22T13:00:00+00:00,2026-02-25T14:00:00+00:00,175.05,179.76,-7.57620528,-0.028906466463096445,stale_loss_72h,timeout,losing_trades,0.25589675122384264,4.26680017801514,-3.526924788607034,-6.412482147957717,False,False,False,False,False,False,False,False,False,False,False,True,1.440809968847354,5.95794392523365,-2.336448598130851,-5.189974293059123,False,False,False,False,False,False,False,False,False,False,False,True,1.440809968847354,6.753449043168677,-1.4519359145527446,-4.281662382176517,False,False,False,False,False,False,False,False,False,False,False,True,1.8357810413885085,6.753449043168677,0.5507343124165447,-2.2251071122536414,False,False,False,False,False,False,False,False,False,False,True,False,7.871606586559846,6.753449043168677,4.439252336448592,1.7680377035132877,True,False,True,True,True,False,False,False,False,False,True,False,7.871606586559846,9.190031152647983,-6.0914552736982746,-9.046015424164523,True,False,True,True,True,False,False,False,False,True,False,True,7.871606586559846,16.499777481085893,-11.226079216733426,-14.318794630105675,True,False,True,True,True,False,False,False,False,True,False,True
1y,ZEC/USDT:USDT,short,short_compression_breakdown,2026-03-06T13:00:00+00:00,2026-03-07T22:00:00+00:00,221.24,198.81,26.42575319,0.10000299822581649,roi,roi,winning_trades,3.752326341733317,-0.3068256123937496,2.580353100950654,12.35706020611101,True,True,True,True,True,False,False,True,False,False,True,False,3.752326341733317,1.0562848951259969,0.04023942457623485,10.074471162538428,True,True,True,True,True,False,False,True,False,False,True,False,3.752326341733317,2.4445450430058773,-0.25652633167345246,9.807792442596282,True,True,True,True,True,False,False,True,False,True,False,True,3.752326341733317,10.26608319501031,-7.982495850309343,2.865105767492317,True,True,True,True,True,False,False,True,False,True,False,True,3.752326341733317,16.075650118203313,-11.508475428801365,-0.30339902368468114,True,True,True,True,True,False,False,True,False,True,False,True,3.752326341733317,16.075650118203313,-6.599265630501486,4.1080998011209555,True,True,True,True,True,False,False,True,False,True,False,True,3.752326341733317,45.52084905185856,-14.86343745284443,-3.3182245525221497,True,True,True,True,True,False,False,True,False,True,False,True
1y,SOL/USDT:USDT,short,short_compression_breakdown,2026-03-07T20:00:00+00:00,2026-03-09T13:00:00+00:00,82.47,85.0,-11.36564162,-0.03236723236858308,stop_loss,stop_loss,losing_trades,0.8588235294117693,2.3529411764705883,-1.0823529411764727,-4.283339396144056,False,False,False,False,False,False,True,False,False,False,False,True,0.8588235294117693,2.3529411764705883,-0.8117647058823502,-4.004450103067781,False,False,False,False,False,False,True,False,False,False,False,True,0.8588235294117693,3.117647058823536,-1.188235294117653,-4.3924699890869485,False,False,False,False,False,False,True,False,False,False,False,True,0.8588235294117693,4.447058823529413,-1.0705882352941136,-4.27121377470595,False,False,False,False,False,False,True,False,False,False,False,True,0.8588235294117693,4.447058823529413,-2.0000000000000036,-5.229137868315757,False,False,False,False,False,False,True,False,False,False,False,True,0.8588235294117693,11.858823529411763,-10.14117647058824,-13.62006790348006,False,False,False,False,False,False,True,False,False,False,False,True,0.8588235294117693,14.882352941176476,-7.423529411764708,-10.819049351279258,False,False,False,False,False,False,True,False,False,False,False,True
1y,BNB/USDT:USDT,short,short_pullback_restart,2026-03-22T00:00:00+00:00,2026-03-23T11:00:00+00:00,630.29,646.74,-11.32710287,-0.027242796977599328,stop_loss,stop_loss,losing_trades,2.1492408077434484,0.41593221387264445,1.318922596406589,-1.356564438591771,False,False,False,False,False,False,True,False,False,False,True,False,2.1492408077434484,0.41593221387264445,1.150385007885712,-1.5295007060242098,False,False,False,False,False,False,True,False,False,False,True,False,3.0321303769675625,0.41593221387264445,1.216872313448991,-1.461278141807746,True,False,False,False,False,True,False,False,False,False,True,False,3.1048025481646473,0.695797383801837,-0.28295760274608667,-3.000252264830489,True,False,False,False,False,True,False,False,False,True,False,True,3.1048025481646473,0.9957633670408419,2.7290719609116456,0.09038855130177091,True,False,False,False,False,True,False,False,False,False,True,False,7.843955840059377,0.9957633670408419,4.439187308655725,1.8451363657998685,True,True,True,True,True,True,False,False,False,False,True,False,11.755883353434141,0.9957633670408419,6.328663759779829,3.7839264465563502,True,True,True,True,True,True,False,False,False,False,True,False
1y,XRP/USDT:USDT,short,short_pullback_restart,2026-03-22T00:00:00+00:00,2026-03-23T14:00:00+00:00,1.4081,1.4474,-11.32824335,-0.029016151902351184,stop_loss,stop_loss,losing_trades,1.4785131960757278,1.2643360508497985,0.6839850766892372,-2.1879198920531278,False,False,False,False,False,False,True,False,False,False,True,False,2.770485007599836,1.2643360508497985,2.6944866657454694,-0.12130530502096364,True,False,False,False,False,False,True,False,False,False,True,False,3.6548293491778323,1.2643360508497985,3.1850214177145246,0.38292024714153244,True,False,False,False,False,True,False,False,False,False,True,False,4.476993229238633,1.2643360508497985,2.2661323752936258,-0.5616149421206004,True,False,True,False,False,True,False,False,False,False,True,False,5.755147160425586,1.2643360508497985,5.513334254525362,2.776216177828278,True,False,True,True,False,True,False,False,False,False,True,False,10.619041039104598,1.2643360508497985,6.908940168578146,4.210773382572259,True,True,True,True,True,True,False,False,False,False,True,False,11.772834047257158,1.2643360508497985,6.936575929252456,4.239180455933523,True,True,True,True,True,True,False,False,False,False,True,False
1y,SUI/USDT:USDT,short,short_pullback_restart,2026-03-22T00:00:00+00:00,2026-03-23T15:00:00+00:00,0.9323,0.969,-11.19071837,-0.04044913940264543,stop_loss,stop_loss,losing_trades,2.6728586171310553,-0.2683178534571657,1.444788441692468,-2.5348385712753343,False,False,False,False,False,False,True,False,False,False,True,False,3.2920536635706843,-0.2683178534571657,2.837977296181627,-1.0868068218384626,False,False,False,False,False,True,False,False,False,False,True,False,3.973168214654281,-0.2683178534571657,2.941176470588232,-0.9795452107690642,True,False,False,False,False,True,False,False,False,False,True,False,4.210526315789468,0.6604747162022778,1.4138286893704783,-2.567017054596162,True,False,False,False,False,True,False,False,False,False,True,False,6.140350877192982,0.6604747162022778,5.675954592363254,1.8628874825699864,True,False,True,False,False,True,False,False,False,False,True,False,15.500515995872032,0.6604747162022778,9.060887512899896,5.381068325646254,True,True,True,True,True,True,False,False,False,False,True,False,15.500515995872032,0.6604747162022778,7.110423116615064,3.353823876434624,True,True,True,True,True,True,False,False,False,False,True,False
1y,XRP/USDT:USDT,short,short_compression_breakdown,2026-03-24T17:00:00+00:00,2026-03-25T11:00:00+00:00,1.39,1.4353,-11.01111199,-0.033683068912944675,stop_loss,stop_loss,losing_trades,2.3897443043266215,-0.2647530133073243,1.7208945864975924,-1.5820143884892213,False,False,False,False,False,False,True,False,False,False,True,False,2.3897443043266215,-0.2647530133073243,1.497944680554593,-1.8122302158273416,False,False,False,False,False,False,True,False,False,False,True,False,4.765554239531807,-0.2647530133073243,4.514735595345918,1.3028776978417158,True,True,True,False,False,True,False,False,False,False,True,False,7.6848045704730765,-0.2647530133073243,7.022922037204765,3.892805755395675,True,True,True,True,False,True,False,False,False,False,True,False,8.221277781648444,-0.2647530133073243,6.681529993729541,3.5402877697841713,True,True,True,True,True,True,False,False,False,False,True,False,9.86553333797812,-0.2647530133073243,5.692189786107441,2.518705035971222,True,True,True,True,True,True,False,False,False,False,True,False,11.029053159618206,-0.2647530133073243,4.020065491534877,0.7920863309352494,True,True,True,True,True,True,False,False,False,False,True,False
1y,BTC/USDT:USDT,short,short_compression_breakdown,2026-03-27T09:00:00+00:00,2026-03-30T13:00:00+00:00,67876.7,67859.4,-0.39065342,-0.0009597030213662201,stale_loss_72h,timeout,losing_trades,2.445202875356971,0.022988709007161608,1.979681517962131,1.9046643398986647,True,False,True,False,False,False,False,False,False,False,True,False,2.445202875356971,0.7627535757758039,-0.05422977509380117,-0.12872856223122223,True,False,True,False,False,False,False,False,False,False,False,True,2.831442659381006,0.7627535757758039,0.8897809293922263,0.8150415385544542,True,False,True,False,False,False,False,False,False,False,True,False,2.831442659381006,2.10523523638583,-0.34188336472176295,-0.4163088364637602,True,False,True,False,False,False,False,False,False,False,False,True,3.21738771636647,2.10523523638583,2.4051199981137343,2.329994386880909,True,False,True,True,False,False,False,False,False,False,True,False,3.21738771636647,3.5271458338859465,-2.2699876509370975,-2.343921699198703,True,False,True,True,False,False,False,False,False,True,False,True,3.21738771636647,8.715078530019424,-5.546173411494952,-5.61927244547835,True,False,True,True,False,False,False,False,False,True,False,True
1y,ADA/USDT:USDT,short,short_compression_breakdown,2026-03-27T09:00:00+00:00,2026-04-01T07:00:00+00:00,0.252,0.2519,-0.60659374,-0.0012982868878498633,stale_loss_72h,timeout,losing_trades,2.6597856292179483,-0.39698292973402177,1.9849146486701088,1.923809523809521,True,False,True,False,False,False,False,False,False,False,True,False,2.6597856292179483,0.07939658594679554,0.9924573243350544,0.9317460317460282,True,False,True,False,False,False,False,False,False,False,True,False,6.629614926558165,0.07939658594679554,5.24017467248909,5.177777777777781,True,False,True,True,True,False,False,False,False,False,True,False,6.867804684398575,0.07939658594679554,3.374354902739185,3.3126984126984107,True,False,True,True,True,False,False,False,False,False,True,False,6.867804684398575,0.07939658594679554,2.6597856292179483,2.5984126984126985,True,False,True,True,True,False,False,False,False,False,True,False,6.867804684398575,5.716554188169896,-3.6919412465263894,-3.7507936507936455,True,False,True,True,True,False,False,False,False,True,False,True,6.867804684398575,5.716554188169896,5.4386661373561,5.376190476190478,True,False,True,True,True,False,False,False,False,False,True,False
1y,NEAR/USDT:USDT,short,short_pullback_restart,2026-04-02T02:00:00+00:00,2026-04-03T08:00:00+00:00,1.17,1.217,-10.00882771,-0.04095135413778946,trailing_stop_loss,trailing_stop_loss,losing_trades,0.821692686935087,0.9038619556285866,0.3286770747740348,-3.7752136752136884,False,False,False,False,False,False,True,False,False,False,True,False,1.7255546425636918,0.9038619556285866,0.1643385373870174,-3.9461538461538597,False,False,False,False,False,False,True,False,False,False,True,False,1.7255546425636918,1.3147082990961392,-0.6573541495480696,-4.800854700854715,False,False,False,False,False,False,True,False,False,False,False,True,1.7255546425636918,5.75184880854559,-2.136400986031226,-6.339316239316255,False,False,False,False,False,False,True,False,False,False,False,True,1.7255546425636918,5.75184880854559,-4.847986852917003,-9.159829059829068,False,False,False,False,False,False,True,False,False,False,False,True,1.7255546425636918,14.297452752670495,-11.339359079704183,-15.911965811965818,False,False,False,False,False,False,True,False,False,False,False,True,1.7255546425636918,18.48808545603943,-17.00903861955627,-21.809401709401712,False,False,False,False,False,False,True,False,False,False,False,True
1y,XRP/USDT:USDT,short,short_pullback_restart,2026-03-26T06:00:00+00:00,2026-04-06T08:00:00+00:00,1.388,1.3437,12.08256561,0.029354139324494214,stale_low_profit_240h,timeout,winning_trades,0.4837389298206408,0.9898042717868639,-0.24559053360125627,2.8538904899135393,True,False,True,True,False,False,False,False,True,False,False,True,0.7070030512763148,0.9898042717868639,0.2307062588375293,3.3149855907780896,True,False,True,True,False,False,False,False,True,False,True,False,2.9024335789238616,0.9898042717868639,1.8382079333184451,4.871181556195962,True,False,True,True,True,False,False,False,True,False,True,False,3.698742278782456,3.88479571332887,-2.7610329686686117,0.4187319884726133,True,False,True,True,True,False,False,True,False,True,False,True,3.698742278782456,3.88479571332887,0.7070030512763148,3.776080691642641,True,False,True,True,True,False,False,True,False,False,True,False,3.698742278782456,3.88479571332887,1.3916796904070805,4.4389048991354425,True,False,True,True,True,False,False,True,False,False,True,False,3.698742278782456,12.31673736697181,-4.859715710352024,-1.6129682997118249,True,False,True,True,True,False,False,True,False,True,False,True
1y,BNB/USDT:USDT,short,short_pullback_restart,2026-04-01T14:00:00+00:00,2026-04-06T15:00:00+00:00,611.36,607.38,2.71804164,0.0055601473368194175,stale_flat_120h,timeout,winning_trades,0.6766768744443369,0.3276367348282803,0.2716585992294737,0.8208976707668141,True,False,True,False,False,False,False,False,True,False,True,False,1.8192894069610384,0.3276367348282803,1.3352431756067065,1.8775582308296308,True,False,True,False,False,False,False,False,True,False,True,False,2.495966281405375,0.3276367348282803,1.422503210510716,1.964250196283696,True,False,True,True,False,False,False,False,True,False,True,False,2.495966281405375,2.963548355230663,0.28812275675853666,0.8372546453807932,True,False,True,True,False,False,False,False,True,False,True,False,2.495966281405375,2.963548355230663,0.14653100200862498,0.6965846637006026,True,False,True,True,False,False,False,False,True,False,True,False,2.9981230860416934,2.963548355230663,0.5894168395403274,1.1365872808165498,True,False,True,True,False,False,False,False,True,False,True,False,2.9981230860416934,6.883664262899678,-3.5085119694425333,-2.934663700601943,True,False,True,True,False,False,False,False,True,False,False,True
1y,ADA/USDT:USDT,short,short_compression_breakdown,2026-04-13T00:00:00+00:00,2026-04-13T12:00:00+00:00,0.2359,0.2413,-11.23519559,-0.02426210145915802,stop_loss,stop_loss,losing_trades,1.6576875259013575,0.787401574803155,0.9946125155408146,-1.371725307333617,False,False,False,False,False,False,True,False,False,False,True,False,1.6576875259013575,3.1910484873601384,-1.4919187733112391,-3.9151759220008513,False,False,False,False,False,False,True,False,False,False,False,True,1.6576875259013575,3.1910484873601384,-0.8288437629506845,-3.2369224247562487,False,False,False,False,False,False,True,False,False,False,False,True,1.6576875259013575,3.398259428097809,-0.20721094073767113,-2.60105977108944,False,False,False,False,False,False,True,False,False,False,False,True,1.6576875259013575,4.309987567343553,-3.729796933278092,-6.204281475201367,False,False,False,False,False,False,True,False,False,False,False,True,1.6576875259013575,11.023622047244112,-2.403646912556983,-4.847774480712161,False,False,False,False,False,False,True,False,False,False,False,True,1.6576875259013575,11.023622047244112,-2.5694156651471243,-5.017337855023315,False,False,False,False,False,False,True,False,False,False,False,True
1y,BTC/USDT:USDT,long,long_1d_center_compression,2026-04-18T00:00:00+00:00,2026-04-18T18:00:00+00:00,77030.6,75490.0,-9.61008214,-0.02078238929345367,stop_loss,stop_loss,losing_trades,0.46800900781560856,-0.0213273281229379,0.18187839448934018,-1.9217435668422715,False,False,False,False,False,False,True,False,False,False,True,False,0.46800900781560856,0.33885282818916795,-0.17260564313154447,-2.269137978933059,False,False,False,False,False,False,True,False,False,False,False,True,0.9405219234335673,1.2451980394754272,-0.9985428533580646,-3.078556573621403,False,False,False,False,False,False,True,False,False,False,False,True,1.2571201483640217,2.4122400317922903,1.190621274340976,-0.9331753874434353,False,False,False,False,False,False,True,False,False,False,True,False,1.9989402569876806,2.4122400317922903,0.09683401775070317,-2.00508706929454,False,False,False,False,False,False,True,False,False,False,True,False,5.237779838389191,2.4122400317922903,2.3404424427076473,0.1936495366776282,True,True,True,True,False,True,False,False,False,False,True,False,5.252351304808585,2.4122400317922903,3.897337395681555,1.7194068331286525,True,True,True,True,False,True,False,False,False,False,True,False
1y,TAO/USDT:USDT,short,short_compression_breakdown,2026-04-30T15:00:00+00:00,2026-05-01T03:00:00+00:00,247.64,252.29,-7.79041719,-0.019683787050251148,trailing_stop_loss,trailing_stop_loss,losing_trades,0.09909231440009512,3.706052558563556,-3.5633596258274136,-5.607995477305761,False,False,False,False,False,False,True,False,False,False,False,True,0.09909231440009512,8.054223314439742,-7.78072852669548,-9.904554999192388,False,False,False,False,False,False,True,False,False,False,False,True,0.09909231440009512,9.16802092829681,-8.406991953704074,-10.542577935713137,False,False,False,False,False,False,True,False,False,False,False,True,0.09909231440009512,15.735859526735114,-13.048475960204522,-15.27121628169924,False,False,False,False,False,False,True,False,False,False,False,True,0.09909231440009512,17.27377224622459,-16.23924848388759,-18.52190276207398,False,False,False,False,False,False,True,False,False,False,False,True,0.09909231440009512,28.304728685243173,-19.814499187443015,-22.16428686803424,False,False,False,False,False,False,True,False,False,False,False,True,0.09909231440009512,32.05438186214279,-20.603274010067775,-22.967872718462285,False,False,False,False,False,False,True,False,False,False,False,True
1y,SOL/USDT:USDT,short,short_compression_breakdown,2026-05-23T08:00:00+00:00,2026-05-23T20:00:00+00:00,82.19,85.41,-9.84715213,-0.0406337451629628,trailing_stop_loss,trailing_stop_loss,losing_trades,-0.046832923545259635,2.458728486125757,-0.597119775201973,-4.638264995741579,False,False,False,False,False,False,True,False,False,False,False,True,-0.046832923545259635,2.458728486125757,-1.22936424306287,-5.295279231050001,False,False,False,False,False,False,True,False,False,False,False,True,1.2059477812902484,2.458728486125757,0.7961597002692807,-3.1904002920063346,False,False,False,False,False,False,True,False,False,False,True,False,2.0957733286500315,2.458728486125757,0.046832923545242995,-3.969083830149662,False,False,False,False,False,False,True,False,False,False,True,False,2.7280177965109456,2.458728486125757,1.8030675564922045,-2.14404428762624,False,False,False,False,False,False,True,False,False,False,True,False,6.439526987472194,2.458728486125757,2.9270577215782696,-0.9760189804112409,True,True,True,False,False,True,False,False,False,False,True,False,29.71548998946259,2.458728486125757,27.61971666081255,24.68403698746806,True,True,True,True,True,True,False,False,False,False,True,False
1y,XRP/USDT:USDT,short,short_pullback_restart,2026-05-22T07:00:00+00:00,2026-05-25T09:00:00+00:00,1.3599,1.3587,-0.16317601,-0.00033656071987559096,stale_loss_72h,timeout,losing_trades,0.3017590343710895,0.4857584455729697,0.02943990579229822,0.017655709978678272,True,False,False,False,False,False,False,False,False,False,True,False,0.551998233605657,0.4857584455729697,0.3532788695076114,0.3412089124200312,True,False,False,False,False,False,False,False,False,False,True,False,1.8620740413630752,0.4857584455729697,1.2879958784131942,1.2751011103757746,True,False,True,False,False,False,False,False,False,False,True,False,2.7967910502686415,0.4857584455729697,2.2227128873187607,2.2089933083315016,True,False,True,False,False,False,False,False,False,False,True,False,6.763818355781267,0.4857584455729697,4.894384337970119,4.878307228472688,True,True,True,True,True,False,False,False,False,False,True,False,6.763818355781267,0.4931184220210443,4.033267093545297,4.0179498492536245,True,True,True,True,True,False,False,False,False,False,True,False,22.793847059689416,0.4931184220210443,15.404430705821746,15.379079344069424,True,True,True,True,True,False,False,False,False,False,True,False
1y,XRP/USDT:USDT,short,short_pullback_restart,2026-05-25T23:00:00+00:00,2026-05-30T01:00:00+00:00,1.3481,1.3479,-0.46369909,-0.000963159738739314,stale_loss_72h,timeout,losing_trades,0.8457600712219064,1.1276800949625254,0.43029898360412694,0.34507084044210407,True,False,False,False,False,False,False,False,False,False,True,False,0.8680169152014275,1.1276800949625254,0.5564210994880971,0.47117424523403595,True,False,False,False,False,False,False,False,False,False,True,False,0.8680169152014275,1.1276800949625254,0.5119074115290546,0.4266671611898306,True,False,False,False,False,False,False,False,False,False,True,False,2.2182654499591985,1.1276800949625254,1.9882780621707956,1.9028187819894766,True,False,True,False,False,False,False,False,False,False,True,False,5.178425699235854,1.1276800949625254,5.104236219304116,5.018314665084205,True,False,True,True,True,False,False,False,False,False,True,False,20.721121744936575,1.1276800949625254,18.361896283107058,18.274007862918182,True,True,True,True,True,False,False,False,False,False,True,False,22.175235551598792,1.1276800949625254,15.48334446175533,15.395883094725916,True,True,True,True,True,False,False,False,False,False,True,False
1y,DOGE/USDT:USDT,short,short_pullback_restart,2026-05-31T15:00:00+00:00,2026-06-01T03:00:00+00:00,0.09997,0.10146,-6.55435305,-0.015855933637555532,trailing_stop_loss,trailing_stop_loss,losing_trades,2.404888626059529,-0.18726591760299205,1.4192785334121791,-0.1500150045013449,True,False,False,False,False,False,True,False,False,False,True,False,3.5087719298245554,-0.18726591760299205,3.1539522964715108,1.610513153946187,True,True,True,False,False,True,False,False,False,False,True,False,3.6566134437216546,-0.18726591760299205,0.5519416518825064,-1.030279083725118,True,True,True,False,False,True,False,False,False,False,True,False,10.52631578947368,-0.18726591760299205,9.787108219988168,8.342532759827952,True,True,True,True,True,True,False,False,False,False,True,False,15.50364675734279,-0.18726591760299205,10.033510743150005,8.592607782334703,True,True,True,True,True,True,False,False,False,False,True,False,23.506800709639265,-0.18726591760299205,15.37551744529863,14.014234270281081,True,True,True,True,True,True,False,False,False,False,True,False,23.506800709639265,-0.18726591760299205,12.34969446087128,10.943312993898177,True,True,True,True,True,True,False,False,False,False,True,False
1y,SOL/USDT:USDT,short,short_pullback_restart,2026-05-31T15:00:00+00:00,2026-06-02T22:00:00+00:00,81.92,73.67,48.05075705,0.09997453460895829,roi,roi,winning_trades,1.9818107777928708,1.9139405456766616,-0.4886656712365949,9.53134765625,True,True,True,True,True,False,False,False,True,False,False,True,1.9818107777928708,2.565494773992128,-2.484050495452692,7.736914062500001,True,True,True,True,True,False,False,False,True,False,False,True,3.8414551377765687,2.7148092846477536,2.0361069634858153,11.80185546875,True,True,True,True,True,False,False,True,False,False,True,False,9.610424867653045,2.7148092846477536,7.09922627935388,16.355078125000006,True,True,True,True,True,False,False,True,False,False,True,False,16.65535496131397,2.7148092846477536,12.610289127188823,21.31113281250001,True,True,True,True,True,False,False,True,False,False,True,False,18.51499932129768,2.7148092846477536,11.972308945296604,20.73740234375001,True,True,True,True,True,False,False,True,False,False,True,False,18.51499932129768,3.2441970951540657,-0.1628885570788714,9.824316406249995,True,True,True,True,True,False,False,True,False,True,False,True
1y,ADA/USDT:USDT,short,short_pullback_restart,2026-05-31T15:00:00+00:00,2026-06-02T23:00:00+00:00,0.2338,0.2102,48.08852919,0.09994425666686756,roi,roi,winning_trades,1.427212178877261,2.4262607040913386,-2.2359657469077114,7.983832335329341,True,True,True,True,True,False,False,False,True,False,False,True,1.427212178877261,3.8534728829685996,-2.8068506184586055,7.470573139435424,True,True,True,True,True,False,False,False,True,False,False,True,4.947668886774497,3.8534728829685996,4.75737392959087,14.271257485029947,True,True,True,True,True,False,False,True,False,False,True,False,15.080875356803048,3.8534728829685996,14.557564224548045,23.08220701454234,True,True,True,True,True,False,False,True,False,False,True,False,26.59372026641294,3.8534728829685996,25.547098001902953,32.962446535500426,True,True,True,True,True,False,False,True,False,False,True,False,29.352997145575642,3.8534728829685996,21.408182683158888,29.24131736526946,True,True,True,True,True,False,False,True,False,False,True,False,29.352997145575642,3.8534728829685996,18.030447193149378,26.204533789563726,True,True,True,True,True,False,False,True,False,False,True,False
1y,ETH/USDT:USDT,short,short_pullback_restart,2026-06-05T03:00:00+00:00,2026-06-05T16:00:00+00:00,1729.52,1554.84,27.48607365,0.10000165662636644,roi,roi,winning_trades,1.0747086516940527,4.116822309691029,-2.6838774407656105,7.587103936352285,True,True,True,True,True,False,False,False,True,False,False,True,2.9938771835044093,4.116822309691029,2.1410563144760855,11.924723622739258,True,True,True,True,True,False,False,False,True,False,True,False,3.2955159373311735,4.116822309691029,-0.5158087005736913,9.536199639206258,True,True,True,True,True,False,False,True,False,True,False,True,3.2955159373311735,5.991613284968233,-4.682153790743754,5.790651741523653,True,True,True,True,True,False,False,True,False,True,False,True,3.2955159373311735,10.723289856190993,-8.144246353322536,2.6782274850825636,True,True,True,True,True,False,False,True,False,True,False,True,3.2955159373311735,10.723289856190993,-7.5345373157366735,3.226356445719042,True,True,True,True,True,False,False,True,False,True,False,True,,,,,,,,,,,,,,,,
1y,XRP/USDT:USDT,short,short_pullback_restart,2026-06-03T20:00:00+00:00,2026-06-05T18:00:00+00:00,1.2033,1.0814,27.5401155,0.09999391210642027,roi,roi,winning_trades,1.1836508230072058,3.5417051969668956,-2.6817088958757296,7.620435469126567,True,True,True,True,True,False,False,False,True,False,False,True,2.9961161457370062,3.5417051969668956,-0.06473090438322036,9.972301171777609,True,True,True,True,True,False,False,False,True,False,False,True,2.9961161457370062,3.5417051969668956,-0.24967634547809753,9.806091581484248,True,True,True,True,True,False,False,False,True,False,False,True,2.9961161457370062,8.230072128722044,-5.46513778435363,5.118981135211499,True,True,True,True,True,False,False,False,True,False,False,True,2.9961161457370062,9.524690216386166,-8.544479378583322,2.3515914568270655,True,True,True,True,True,False,False,False,True,False,False,True,2.9961161457370062,9.681893841316814,-4.466432402441281,6.016512922795654,True,True,True,True,True,False,False,False,True,False,False,True,,,,,,,,,,,,,,,,
1y,LINK/USDT:USDT,short,short_pullback_restart,2026-06-05T03:00:00+00:00,2026-06-06T04:00:00+00:00,7.798,7.012,23.87001913,0.09998612580309954,roi,roi,winning_trades,0.28522532800912115,6.503137478608107,-3.636622932116383,6.709438317517308,True,False,True,True,True,False,False,False,True,False,False,True,0.28522532800912115,6.503137478608107,-5.148317170564756,5.350115414208769,True,False,True,True,True,False,False,False,True,False,False,True,0.28522532800912115,8.542498573873363,-8.24301197946378,2.567350602718648,True,False,True,True,True,False,False,False,True,False,False,True,0.28522532800912115,14.660581859669133,-10.695949800342271,0.3616568350859256,True,False,True,True,True,False,False,False,True,False,False,True,0.28522532800912115,15.844266970907015,-13.590986879634917,-2.24157476275968,True,False,True,True,True,False,False,False,True,False,False,True,0.28522532800912115,15.844266970907015,-12.264689104392476,-1.0489612721210548,True,False,True,True,True,False,False,False,True,False,False,True,,,,,,,,,,,,,,,,
1y,BTC/USDT:USDT,short,short_pullback_restart,2026-06-07T20:00:00+00:00,2026-06-07T22:00:00+00:00,61303.7,63043.1,-10.8094404,-0.029402379258000075,stop_loss,stop_loss,losing_trades,0.6760454355829537,1.2791249161288094,0.6160864551394228,-2.3037821534426146,False,False,False,False,False,False,True,False,False,False,True,False,1.0565787532656208,1.2791249161288094,-0.14022153098436063,-3.0815492376479776,False,False,False,False,False,False,True,False,False,False,False,True,1.0565787532656208,1.802576332699378,-0.5780172612070178,-3.531766761223226,False,False,False,False,False,False,True,False,False,False,False,True,3.6294217765306573,1.802576332699378,2.1494818624084138,-0.7268789648911941,True,True,False,False,False,True,False,False,False,False,True,False,3.729512032244603,1.802576332699378,2.680547117765468,-0.18074553411947403,True,True,False,False,False,True,False,False,False,False,True,False,3.729512032244603,4.138280002093808,-3.7214223285339685,-6.764361204951741,True,True,False,False,False,True,False,False,False,True,False,True,,,,,,,,,,,,,,,,
1y,LINK/USDT:USDT,short,short_pullback_restart,2026-06-07T20:00:00+00:00,2026-06-07T22:00:00+00:00,7.591,7.864,-11.8579296,-0.0370001230360932,stop_loss,stop_loss,losing_trades,1.2970498474059042,1.8947100712105802,1.2970498474059042,-2.352667632722953,False,False,False,False,False,False,True,False,False,False,True,False,1.881993896236008,1.8947100712105802,-0.1271617497456738,-3.828099064681853,False,False,False,False,False,False,True,False,False,False,False,True,1.881993896236008,3.2934893184130143,-2.1871820956256323,-5.962205243050973,False,False,False,False,False,False,True,False,False,False,False,True,2.7848423194303193,3.2934893184130143,0.5086469989827065,-3.1694243182716324,False,False,False,False,False,False,True,False,False,False,True,False,4.9338758901322475,3.2934893184130143,4.23448626653103,0.6904096956922736,True,True,True,False,False,True,False,False,False,False,True,False,4.9338758901322475,3.70040691759918,-3.1027466937945154,-6.9106968778817075,True,True,True,False,False,True,False,False,False,True,False,True,,,,,,,,,,,,,,,,
1y,BTC/USDT:USDT,short,short_pullback_restart,2026-06-09T14:00:00+00:00,2026-06-11T17:00:00+00:00,62244.4,63592.2,-11.26254354,-0.02262889840052761,stop_loss,stop_loss,losing_trades,0.5604460924452908,0.5080811797673391,-0.008963363431371088,-2.274492805778512,False,False,False,False,False,False,True,False,False,False,False,True,0.5604460924452908,0.5080811797673391,0.43181396460571986,-1.824171170418539,False,False,False,False,False,False,True,False,False,False,True,False,1.2457502649695986,1.211469331144388,-0.3847956195885728,-2.658463090655545,False,False,False,False,False,False,True,False,False,False,False,True,1.2457502649695986,1.211469331144388,-0.5464506653331698,-2.8236185102595504,False,False,False,False,False,False,True,False,False,False,False,True,1.2457502649695986,1.8017933016942373,-0.17911001663726284,-2.4483237046224193,False,False,False,False,False,False,True,False,False,False,False,True,2.1387843163155207,5.760454898556737,1.5931199109324705,-0.6377190558508028,True,False,False,False,False,False,True,False,False,False,True,False,,,,,,,,,,,,,,,,
1y,DOGE/USDT:USDT,short,short_pullback_restart,2026-06-09T16:00:00+00:00,2026-06-11T18:00:00+00:00,0.08407,0.08688,-11.67556629,-0.03423221938608671,stop_loss,stop_loss,losing_trades,1.2315837937384915,0.2071823204419885,1.1970534069981575,-2.205388366837152,False,False,False,False,False,False,True,False,False,False,True,False,2.486187845303862,1.047421731123398,1.749539594843455,-1.6344355893897937,False,False,False,False,False,False,True,False,False,False,True,False,2.486187845303862,6.422651933701659,-0.7481583793738464,-4.21561793743308,False,False,False,False,False,False,True,False,False,False,False,True,2.486187845303862,6.422651933701659,-0.8632596685082881,-4.3345664327346185,False,False,False,False,False,False,True,False,False,False,False,True,2.486187845303862,6.422651933701659,0.6560773480662996,-2.7644462947543618,False,False,False,False,False,False,True,False,False,False,True,False,5.8701657458563465,6.422651933701659,5.179558011049728,1.910229570595945,True,False,True,False,False,True,False,False,False,False,True,False,,,,,,,,,,,,,,,,
1y,ETH/USDT:USDT,short,short_pullback_restart,2026-06-09T15:00:00+00:00,2026-06-12T16:00:00+00:00,1644.91,1658.98,-3.39874813,-0.009891172051376143,stale_loss_72h,timeout,losing_trades,-0.09162256326176216,1.116348599742009,-0.16576450590121639,-1.1225483461101178,False,False,False,False,False,False,False,False,False,False,False,True,0.07112804253216215,1.116348599742009,-0.2845121701286349,-1.2423117374202823,False,False,False,False,False,False,False,False,False,False,False,True,0.07112804253216215,1.6275060579392158,-1.0259315965231637,-1.9900730131131745,False,False,False,False,False,False,False,False,False,False,False,True,0.3387623720599476,2.358075443947479,-0.1042809437124027,-1.0605388744672932,False,False,False,False,False,False,False,False,False,False,False,True,0.3387623720599476,11.440764807291224,-11.025449372506003,-12.07512325902329,False,False,False,False,False,False,False,False,False,False,False,True,,,,,,,,,,,,,,,,,,,,,,,,,,,,,,,,
1y,ADA/USDT:USDT,short,short_compression_breakdown,2026-06-17T09:00:00+00:00,2026-06-18T00:00:00+00:00,0.1689,0.1668,3.07567704,0.01145858942183761,force_exit,force_exit,winning_trades,1.7985611510791384,1.1390887290167775,0.8992805755395692,2.0314387211367624,True,False,True,True,False,False,False,False,True,False,True,False,1.7985611510791384,1.1390887290167775,0.599520383693046,1.7354055654233222,True,False,True,True,False,False,False,False,True,False,True,False,,,,,,,,,,,,,,,,,,,,,,,,,,,,,,,,,,,,,,,,,,,,,,,,,,,,,,,,,,,,,,,,,,,,,,,,,,,,,,,,
