pair,stake_amount,max_stake_amount,amount,open_date,close_date,open_rate,close_rate,fee_open,fee_close,trade_duration,profit_ratio,profit_abs,exit_reason,initial_stop_loss_abs,initial_stop_loss_ratio,stop_loss_abs,stop_loss_ratio,min_rate,max_rate,is_open,enter_tag,leverage,is_short,open_timestamp,close_timestamp,orders,funding_fees,weekday,false_breakdown,quick_reverse_1h_5h,is_loser,entry_candle_body_ratio,entry_candle_close_position,breakdown_depth,pullback_depth,compression_width,compression_duration,atr_percentile_1h,atr_percentile_4h,pair_ema50_slope_4h,pair_range_market_4h,btc_regime_4h,btc_regime_1d,prev_3h_return,prev_6h_return,prev_12h_return,prev_24h_return,distance_to_ema50_4h,distance_to_ema50_1d,short_term_oversold,long_lower_shadow,close_not_low_enough,analysis_period
ADA/USDT:USDT,463.0456,463.0456,772.0,2025-11-02 15:00:00+00:00,2025-11-03 15:00:00+00:00,0.5998,0.5392,0.0005,0.0005,1440,0.10003342899613946,46.29687913,roi,0.6357,-0.06,0.6196,-0.03303534700775912,0.5244,0.612,False,short_pullback_restart,1.0,True,1762095600000,1762182000000,"[{'amount': 772.0, 'safe_price': 0.5998, 'ft_order_side': 'sell', 'order_filled_timestamp': 1762095600000, 'ft_is_entry': True, 'ft_order_tag': 'short_pullback_restart', 'cost': 463.2771228}, {'amount': 772.0, 'safe_price': 0.5392, 'ft_order_side': 'buy', 'order_filled_timestamp': 1762182000000, 'ft_is_entry': False, 'ft_order_tag': 'roi', 'cost': 416.4705312}]",-0.046666872852924,0,True,True,False,0.6052631578947402,0.2894736842105245,0.007776307081403106,0.023494374586366627,0.023678505919626464,35.0,0.16805555555555557,0.2777777777777778,-0.004252412429369468,False,down,range,-0.0019743336623888608,-0.01717433570965643,-0.0032862306933947316,-0.0065509335080249365,-0.049482776230486136,-0.16450173610297214,False,False,False,1y
ADA/USDT:USDT,377.7312,377.7312,672.0,2025-11-11 20:00:00+00:00,2025-11-14 12:00:00+00:00,0.5621,0.5055,0.0005,0.0005,3840,0.09998514767884531,37.74862606,roi,0.5958,-0.06,0.5854,-0.05512595473162496,0.4994,0.5805,False,short_compression_breakdown,1.0,True,1762891200000,1763121600000,"[{'amount': 672.0, 'safe_price': 0.5621, 'ft_order_side': 'sell', 'order_filled_timestamp': 1762891200000, 'ft_is_entry': True, 'ft_order_tag': 'short_compression_breakdown', 'cost': 377.92006560000004}, {'amount': 672.0, 'safe_price': 0.5055, 'ft_order_side': 'buy', 'order_filled_timestamp': 1763121600000, 'ft_is_entry': False, 'ft_order_tag': 'roi', 'cost': 339.86584799999997}]",0.0721396562537952,4,True,False,False,0.8205128205128125,0.1794871794871875,0.007417873542917664,0.031437654539032016,0.03167259786476855,12.0,0.6041666666666666,0.5611111111111111,-0.0007764728662168485,False,down,range,-0.005946135012241949,-0.017798513910489033,-0.025210084033613356,-0.026212095254411483,-0.02180526699417007,-0.16102901801110203,False,False,False,1y
ADA/USDT:USDT,416.2303,416.2303,1061.0,2025-12-15 15:00:00+00:00,2025-12-18 17:00:00+00:00,0.3923,0.3528,0.0005,0.0005,4440,0.10001386158048779,41.60798521,roi,0.4158,-0.06,0.4073,-0.0718911101943569,0.3502,0.4,False,short_pullback_restart,1.0,True,1765810800000,1766077200000,"[{'amount': 1061.0, 'safe_price': 0.3923, 'ft_order_side': 'sell', 'order_filled_timestamp': 1765810800000, 'ft_is_entry': True, 'ft_order_tag': 'short_pullback_restart', 'cost': 416.43841514999997}, {'amount': 1061.0, 'safe_price': 0.3528, 'ft_order_side': 'buy', 'order_filled_timestamp': 1766077200000, 'ft_is_entry': False, 'ft_order_tag': 'roi', 'cost': 374.5079604}]",0.0937607608150145,3,False,False,False,0.5185185185185199,0.19753086419752977,0.01900950475237618,0.04193300946049596,0.01963284038755733,12.0,0.30277777777777776,0.3333333333333333,-0.006397654192474289,False,down,down,-0.009151620084095868,-0.0034825870646766344,-0.0022415940224159714,-0.0034825870646766344,-0.060570347778502454,-0.20255082449735917,False,False,False,1y
ADA/USDT:USDT,638.6688,638.6688,1728.0,2025-12-21 02:00:00+00:00,2025-12-22 15:00:00+00:00,0.3696,0.3798,0.0005,0.0005,2220,-0.028690925279909876,-18.31483682,stop_loss,0.3917,-0.06,0.3798,-0.027788805626171476,0.3573,0.3822,False,short_pullback_restart,1.0,True,1766282400000,1766415600000,"[{'amount': 1728.0, 'safe_price': 0.3696, 'ft_order_side': 'sell', 'order_filled_timestamp': 1766282400000, 'ft_is_entry': True, 'ft_order_tag': 'short_pullback_restart', 'cost': 638.9881343999999}, {'amount': 1728.0, 'safe_price': 0.3798, 'ft_order_side': 'buy', 'order_filled_timestamp': 1766415600000, 'ft_is_entry': False, 'ft_order_tag': 'stop_loss', 'cost': 656.6225472}]",-0.041755220079897605,0,True,False,True,0.361111111111103,0.2777777777777786,0.0029778018408229286,0.026800216567406658,0.02688026065707309,15.0,0.03194444444444444,0.09444444444444444,-0.00409722717544958,False,range,range,-0.014666666666666717,-0.014929352172753929,-0.020413573700954313,-0.012296177492648996,-0.04271896974907996,-0.20925409404719797,False,False,False,1y
ADA/USDT:USDT,530.7497,530.7497,1469.0,2025-12-23 14:00:00+00:00,2025-12-27 21:00:00+00:00,0.3613,0.3617,0.0005,0.0005,6180,-0.0017341790442910318,-0.9199548,stale_loss_72h,0.3829,-0.06,0.3726,-0.043573259739807746,0.3389,0.3702,False,short_compression_breakdown,1.0,True,1766498400000,1766869200000,"[{'amount': 1469.0, 'safe_price': 0.3613, 'ft_order_side': 'sell', 'order_filled_timestamp': 1766498400000, 'ft_is_entry': True, 'ft_order_tag': 'short_compression_breakdown', 'cost': 531.0150748499999}, {'amount': 1469.0, 'safe_price': 0.3617, 'ft_order_side': 'buy', 'order_filled_timestamp': 1766869200000, 'ft_is_entry': False, 'ft_order_tag': 'stale_loss_72h', 'cost': 531.60296865}]",0.1986886972802914,5,True,True,True,0.6530612244897899,0.16326530612245313,0.0022099447513811254,0.02900552486187848,0.02906976744186049,12.0,0.2875,0.36666666666666664,-0.004404807883416795,False,down,range,0.0005492996429552477,-0.0008228195282500295,-0.021488047273704014,-0.024109295472810044,-0.0417439092224593,-0.21161300917271952,False,False,False,1y
ADA/USDT:USDT,514.073,514.073,1426.0,2026-01-20 09:00:00+00:00,2026-01-21 22:00:00+00:00,0.3605,0.3728,0.0005,0.0005,2220,-0.0350037518832363,-17.9854865,trailing_stop_loss,0.3821,-0.06,0.3728,-0.04022187380386244,0.3462,0.374,False,short_pullback_restart,1.0,True,1768899600000,1769032800000,"[{'amount': 1426.0, 'safe_price': 0.3605, 'ft_order_side': 'sell', 'order_filled_timestamp': 1768899600000, 'ft_is_entry': True, 'ft_order_tag': 'short_pullback_restart', 'cost': 514.3300365}, {'amount': 1426.0, 'safe_price': 0.3728, 'ft_order_side': 'buy', 'order_filled_timestamp': 1769032800000, 'ft_is_entry': False, 'ft_order_tag': 'trailing_stop_loss', 'cost': 531.8786064}]",0.07715639728251959,2,False,False,True,0.5652173913043528,0.3586956521739103,0.007705008255366056,0.025055066079295144,0.024681087077093787,12.0,0.5486111111111112,0.6722222222222223,-0.007735351138542734,False,range,down,0.000273522975930085,-0.007867607162235335,-0.013487995683841292,0.005222649807586688,-0.06747449524755367,-0.11692677871278567,False,False,True,1y
ADA/USDT:USDT,531.2064,531.2064,1516.0,2026-01-29 03:00:00+00:00,2026-01-31 04:00:00+00:00,0.3504,0.315,0.0005,0.0005,2940,0.09989936721698157,53.04064963,roi,0.3714,-0.06,0.3622,-0.04573535932954975,0.3142,0.353,False,short_pullback_restart,1.0,True,1769655600000,1769832000000,"[{'amount': 1516.0, 'safe_price': 0.3504, 'ft_order_side': 'sell', 'order_filled_timestamp': 1769655600000, 'ft_is_entry': True, 'ft_order_tag': 'short_pullback_restart', 'cost': 531.4720032}, {'amount': 1516.0, 'safe_price': 0.315, 'ft_order_side': 'buy', 'order_filled_timestamp': 1769832000000, 'ft_is_entry': False, 'ft_order_tag': 'roi', 'cost': 477.77877}]",-0.12137716538185679,5,True,True,False,0.11428571428571746,0.37142857142857777,-0.004581901489117956,0.034936998854524594,0.03477765108323828,12.0,0.6430555555555556,0.2,-0.0012698010733612763,False,down,down,-0.021223122032951625,-0.019306099608282112,-0.02204241071428581,-0.02012859938495959,-0.023336386934865616,-0.10458626296948559,False,False,True,1y
ADA/USDT:USDT,472.648,472.648,1804.0,2026-02-10 07:00:00+00:00,2026-02-13 08:00:00+00:00,0.262,0.2619,0.0005,0.0005,4380,-0.0009663576139045301,-0.45651862,stale_loss_72h,0.2777,-0.06,0.2726,-0.03879406338646296,0.2502,0.2694,False,short_pullback_restart,1.0,True,1770706800000,1770969600000,"[{'amount': 1804.0, 'safe_price': 0.262, 'ft_order_side': 'sell', 'order_filled_timestamp': 1770706800000, 'ft_is_entry': True, 'ft_order_tag': 'short_pullback_restart', 'cost': 472.884324}, {'amount': 1804.0, 'safe_price': 0.2619, 'ft_order_side': 'buy', 'order_filled_timestamp': 1770969600000, 'ft_is_entry': False, 'ft_order_tag': 'stale_loss_72h', 'cost': 472.70383380000004}]",-0.164360824674948,4,True,True,True,0.7142857142857126,0.14285714285714934,0.008327024981074866,0.05319969159599066,0.03435114503816797,12.0,0.5805555555555556,0.6777777777777778,-0.006543788291301755,False,down,down,-0.013377926421404673,-0.015572858731924266,-0.023178807947019764,-0.024972456849063462,-0.06594031432013969,-0.24873782512651943,False,False,False,1y
ADA/USDT:USDT,779.7005,779.7005,2855.0,2026-02-22 13:00:00+00:00,2026-02-25 13:00:00+00:00,0.2731,0.28,0.0005,0.0005,4320,-0.026494324973774682,-20.64730961,trailing_stop_loss,0.2894,-0.06,0.28,-0.033593825899661534,0.2534,0.28,False,short_compression_breakdown,1.0,True,1771765200000,1772024400000,"[{'amount': 2855.0, 'safe_price': 0.2731, 'ft_order_side': 'sell', 'order_filled_timestamp': 1771765200000, 'ft_is_entry': True, 'ft_order_tag': 'short_compression_breakdown', 'cost': 780.09035025}, {'amount': 2855.0, 'safe_price': 0.28, 'ft_order_side': 'buy', 'order_filled_timestamp': 1772024400000, 'ft_is_entry': False, 'ft_order_tag': 'trailing_stop_loss', 'cost': 799.7997}]",-0.15825935755470097,2,False,False,True,0.7878787878787925,0.1212121212121258,0.006188569348379976,0.01929377502730261,0.01941391941391951,12.0,0.043055555555555555,0.11666666666666667,-0.0019049662842716142,False,down,down,0.0018175209014903437,0.0003629764065335994,-0.01465856274579902,-0.027179668196258278,-0.019324983701735743,-0.15043597085067983,False,False,False,1y
ADA/USDT:USDT,899.64,899.64,3570.0,2026-03-27 09:00:00+00:00,2026-04-01 07:00:00+00:00,0.252,0.2519,0.0005,0.0005,7080,-0.0012982868874301986,-1.16740682,stale_loss_72h,0.2671,-0.06,0.2578,-0.02303780260540189,0.2324,0.2547,False,short_compression_breakdown,1.0,True,1774602000000,1775026800000,"[{'amount': 3570.0, 'safe_price': 0.252, 'ft_order_side': 'sell', 'order_filled_timestamp': 1774602000000, 'ft_is_entry': True, 'ft_order_tag': 'short_compression_breakdown', 'cost': 900.0898199999999}, {'amount': 3570.0, 'safe_price': 0.2519, 'ft_order_side': 'buy', 'order_filled_timestamp': 1775026800000, 'ft_is_entry': False, 'ft_order_tag': 'stale_loss_72h', 'cost': 899.7326415}]",-0.624945318464922,2,False,False,True,0.49019607843137364,0.39215686274509887,0.0011885895404121333,0.01980982567353409,0.019833399444664834,17.0,0.16666666666666666,0.24444444444444444,-0.0051006681126510856,False,down,down,0.00275590551181093,-0.0031311154598826496,0.00513022888713488,-0.027491408934708028,-0.03971544587841258,-0.10118198246097909,False,False,True,1y
ADA/USDT:USDT,891.702,891.702,3780.0,2026-04-13 00:00:00+00:00,2026-04-13 12:00:00+00:00,0.2359,0.2413,0.0005,0.0005,720,-0.024262101455638875,-21.62374711,stop_loss,0.25,-0.06,0.2413,-0.022892263088250653,0.2357,0.2419,False,short_compression_breakdown,1.0,True,1776038400000,1776081600000,"[{'amount': 3780.0, 'safe_price': 0.2359, 'ft_order_side': 'sell', 'order_filled_timestamp': 1776038400000, 'ft_is_entry': True, 'ft_order_tag': 'short_compression_breakdown', 'cost': 892.147851}, {'amount': 3780.0, 'safe_price': 0.2413, 'ft_order_side': 'buy', 'order_filled_timestamp': 1776081600000, 'ft_is_entry': False, 'ft_order_tag': 'stop_loss', 'cost': 912.5700569999999}]",-0.309839114964204,0,True,True,True,0.6538461538461587,0.3076923076923069,0.0016927634363098241,0.01946677951756239,0.01949978804578208,14.0,0.2847222222222222,0.3055555555555556,-0.005667902430466554,False,range,range,-0.00042052144659388,-0.002936241610738244,-0.007929883138564353,-0.052232854864433964,-0.050086878004621305,-0.10957182064923565,True,False,True,1y
ADA/USDT:USDT,926.3156,926.3156,3962.0,2026-05-31 15:00:00+00:00,2026-06-02 23:00:00+00:00,0.2338,0.2102,0.0005,0.0005,3360,0.09994425666807405,92.53363412,roi,0.2478,-0.06,0.2388,-0.02172392978945581,0.2093,0.2375,False,short_pullback_restart,1.0,True,1780239600000,1780441200000,"[{'amount': 3962.0, 'safe_price': 0.2338, 'ft_order_side': 'sell', 'order_filled_timestamp': 1780239600000, 'ft_is_entry': True, 'ft_order_tag': 'short_pullback_restart', 'cost': 926.7787578}, {'amount': 3962.0, 'safe_price': 0.2102, 'ft_order_side': 'buy', 'order_filled_timestamp': 1780441200000, 'ft_is_entry': False, 'ft_order_tag': 'roi', 'cost': 833.2288062}]",-0.09000187620328101,1,True,False,False,0.6999999999999986,0.25,0.006372132540356845,0.014887282007656329,0.013681060282171904,14.0,0.18472222222222223,0.35555555555555557,-0.001879590796563635,False,down,down,-0.0008442380751372269,0.0008456659619451301,0.0004226542688081647,0.004668930390492321,-0.021997516393249428,-0.07133790006788765,False,False,False,1y
ADA/USDT:USDT,516.3273,516.3273,3057.0,2026-06-17 09:00:00+00:00,2026-06-18 00:00:00+00:00,0.1689,0.1668,0.0005,0.0005,900,0.01149361370833313,5.9314993,force_exit,0.179,-0.06,0.1754,-0.0406661641696735,0.1635,0.1728,False,short_compression_breakdown,1.0,True,1781686800000,1781740800000,"[{'amount': 3057.0, 'safe_price': 0.1689, 'ft_order_side': 'sell', 'order_filled_timestamp': 1781686800000, 'ft_is_entry': True, 'ft_order_tag': 'short_compression_breakdown', 'cost': 516.58546365}, {'amount': 3057.0, 'safe_price': 0.1668, 'ft_order_side': 'buy', 'order_filled_timestamp': 1781740800000, 'ft_is_entry': False, 'ft_order_tag': 'force_exit', 'cost': 510.16255379999996}]",0.024916746173256,3,True,True,False,0.7931034482758571,0.17241379310344762,0.007054673721340427,0.031746031746031675,0.03197158081705144,13.0,0.6027777777777777,0.65,-0.002876106519205557,False,range,range,-0.00926462072958878,-0.013832853025936509,-0.011554015020219577,-0.04199328107502798,-0.033741273392557614,-0.21828681351520074,False,False,False,1y
BNB/USDT:USDT,443.6352,443.6352,0.72,2025-06-22 14:00:00+00:00,2025-06-23 22:00:00+00:00,616.16,636.1,0.0005,0.0005,1920,-0.03339460239078251,-14.8076136,stop_loss,653.12,-0.06,636.1,-0.032370500705732,600.91,642.56,False,short_pullback_restart,1.0,True,1750600800000,1750716000000,"[{'amount': 0.72, 'safe_price': 616.16, 'ft_order_side': 'sell', 'order_filled_timestamp': 1750600800000, 'ft_is_entry': True, 'ft_order_tag': 'short_pullback_restart', 'cost': 443.8570175999999}, {'amount': 0.72, 'safe_price': 636.1, 'ft_order_side': 'buy', 'order_filled_timestamp': 1750716000000, 'ft_is_entry': False, 'ft_order_tag': 'stop_loss', 'cost': 458.220996}]",0.0,0,True,False,True,0.8069828722002601,0.16534914361001188,0.01658313914514634,0.023352820859705917,0.014395845167572838,12.0,0.9333333333333333,0.9,-0.003948945831119155,False,down,range,0.000700692730312813,-0.009223637739656954,-0.004956295920952591,-0.01763409257898596,-0.04202888803402005,-0.04410505715383861,True,False,False,1y
BNB/USDT:USDT,572.7504,572.7504,0.68,2025-11-25 15:00:00+00:00,2025-11-25 23:00:00+00:00,842.28,866.81,0.0005,0.0005,480,-0.03015297005961308,-17.2614906,stop_loss,892.81,-0.06,866.81,-0.029128763825939652,837.54,868.1,False,short_pullback_restart,1.0,True,1764082800000,1764111600000,"[{'amount': 0.68, 'safe_price': 842.28, 'ft_order_side': 'sell', 'order_filled_timestamp': 1764082800000, 'ft_is_entry': True, 'ft_order_tag': 'short_pullback_restart', 'cost': 573.0367752}, {'amount': 0.68, 'safe_price': 866.81, 'ft_order_side': 'buy', 'order_filled_timestamp': 1764111600000, 'ft_is_entry': False, 'ft_order_tag': 'stop_loss', 'cost': 589.7255154}]",0.0,1,True,True,True,0.4422341239479687,0.3649579188982375,0.004432519325784261,0.04265060240963853,0.023009248815700423,12.0,0.2763888888888889,0.4166666666666667,-0.0029545673591241384,False,down,down,-0.007292776288527092,-0.009784918614698435,-0.015669614875687743,0.010991631100832011,-0.0333799775611765,-0.13713554024874197,False,False,True,1y
BNB/USDT:USDT,577.0677,577.0677,0.69,2026-01-31 09:00:00+00:00,2026-01-31 18:00:00+00:00,836.33,751.94,0.0005,0.0005,540,0.10000560047101138,57.68114685,roi,886.5,-0.06,863.33,-0.031683485126356326,749.21,841.47,False,short_pullback_restart,1.0,True,1769850000000,1769882400000,"[{'amount': 0.69, 'safe_price': 836.33, 'ft_order_side': 'sell', 'order_filled_timestamp': 1769850000000, 'ft_is_entry': True, 'ft_order_tag': 'short_pullback_restart', 'cost': 577.35623385}, {'amount': 0.69, 'safe_price': 751.94, 'ft_order_side': 'buy', 'order_filled_timestamp': 1769882400000, 'ft_is_entry': False, 'ft_order_tag': 'roi', 'cost': 519.0980193}]",0.0,5,False,True,False,0.7671052631578903,0.23157894736842663,0.011430395158335157,0.03674278846153852,0.01982494738855945,13.0,0.9486111111111111,0.9833333333333333,-0.004665652507679918,False,down,down,-0.004484673452376686,-0.007746404708690702,-0.0076651219398023995,0.000566378364346587,-0.04766100290057329,-0.0625041643715658,True,False,False,1y
BNB/USDT:USDT,593.939,593.939,0.94,2026-02-09 08:00:00+00:00,2026-02-14 09:00:00+00:00,631.85,627.23,0.0005,0.0005,7260,0.006318677262188901,3.7510324,stale_flat_120h,669.76,-0.06,654.49,-0.049426049727570254,587.03,644.13,False,short_pullback_restart,1.0,True,1770624000000,1771059600000,"[{'amount': 0.94, 'safe_price': 631.85, 'ft_order_side': 'sell', 'order_filled_timestamp': 1770624000000, 'ft_is_entry': True, 'ft_order_tag': 'short_pullback_restart', 'cost': 594.2359694999999}, {'amount': 0.94, 'safe_price': 627.23, 'ft_order_side': 'buy', 'order_filled_timestamp': 1771059600000, 'ft_is_entry': False, 'ft_order_tag': 'stale_flat_120h', 'cost': 589.8909980999999}]",0.0,5,True,False,False,0.6068642745709837,0.15600624024961077,0.002667550588755155,0.03351530975551855,0.03100419403339405,14.0,0.7444444444444445,0.85,-0.011000808975714982,False,down,down,-0.014356589147286769,-0.006361263500101466,-0.01629349962090143,-0.007571145350380171,-0.0971539310680406,-0.23714235469725675,False,False,False,1y
BNB/USDT:USDT,800.4683,800.4683,1.27,2026-03-22 00:00:00+00:00,2026-03-23 11:00:00+00:00,630.29,646.74,0.0005,0.0005,2100,-0.027242796982333773,-21.79609189,stop_loss,668.1,-0.06,646.74,-0.0261010184795889,620.0,650.68,False,short_pullback_restart,1.0,True,1774137600000,1774263600000,"[{'amount': 1.27, 'safe_price': 630.29, 'ft_order_side': 'sell', 'order_filled_timestamp': 1774137600000, 'ft_is_entry': True, 'ft_order_tag': 'short_pullback_restart', 'cost': 800.86853415}, {'amount': 1.27, 'safe_price': 646.74, 'ft_order_side': 'buy', 'order_filled_timestamp': 1774263600000, 'ft_is_entry': False, 'ft_order_tag': 'stop_loss', 'cost': 821.7704799}]",-0.09367784245544963,0,False,True,True,0.7998652291105168,0.20013477088948314,0.015986760963577054,0.009890315927627326,0.009233844738136493,20.0,0.0625,0.05,-0.002304918687225599,False,range,down,0.0011224919320893534,0.0014191254444513302,-0.0007935766968536484,-0.0021599278988096993,-0.029986918016886466,-0.06738136350724278,True,False,False,1y
BNB/USDT:USDT,947.608,947.608,1.55,2026-04-01 14:00:00+00:00,2026-04-06 15:00:00+00:00,611.36,607.38,0.0005,0.0005,7260,0.005560147350017124,5.26620569,stale_flat_120h,648.04,-0.06,623.4,-0.019707215265964306,570.71,619.98,False,short_pullback_restart,1.0,True,1775052000000,1775487600000,"[{'amount': 1.55, 'safe_price': 611.36, 'ft_order_side': 'sell', 'order_filled_timestamp': 1775052000000, 'ft_is_entry': True, 'ft_order_tag': 'short_pullback_restart', 'cost': 948.081804}, {'amount': 1.55, 'safe_price': 607.38, 'ft_order_side': 'buy', 'order_filled_timestamp': 1775487600000, 'ft_is_entry': False, 'ft_order_tag': 'stale_flat_120h', 'cost': 941.9097194999999}]",0.041729186680689215,0,True,True,False,0.5524372230428388,0.1683899556868522,0.003731829737305201,0.027474794145311097,0.014754232436411191,20.0,0.46111111111111114,0.25555555555555554,-0.0009471539681570329,False,range,down,-0.0014448521055878683,-0.0074871314927468235,-0.007102616668549944,0.014966502755684674,-0.014747060924234723,-0.06869225709055682,False,False,False,1y
BTC/USDT:USDT,674.1048,674.1048,0.006,2025-08-21 17:00:00+00:00,2025-08-22 14:00:00+00:00,112350.8,114093.8,0.0005,0.0005,1260,-0.01635619785787443,-11.02027859,trailing_stop_loss,119091.8,-0.06,114093.8,-0.0172458766347241,111625.9,116099.9,False,short_pullback_restart,1.0,True,1755795600000,1755871200000,"[{'amount': 0.006, 'safe_price': 112350.8, 'ft_order_side': 'sell', 'order_filled_timestamp': 1755795600000, 'ft_is_entry': True, 'ft_order_tag': 'short_pullback_restart', 'cost': 674.4418524}, {'amount': 0.006, 'safe_price': 114093.8, 'ft_order_side': 'buy', 'order_filled_timestamp': 1755871200000, 'ft_is_entry': False, 'ft_order_tag': 'trailing_stop_loss', 'cost': 684.9050814}]",0.11705520624000001,4,True,True,True,0.5944734876773712,0.11904406273337878,0.0017290799979385323,0.012898794619771326,0.012921136298094998,12.0,0.7041666666666667,0.5444444444444444,-0.0033110555115176687,False,down,range,-0.0027154708423001717,-0.005149449628306102,-0.010211382285112869,-0.004837727389074731,-0.02867918530985314,-0.02132329501003616,False,False,False,1y
BTC/USDT:USDT,668.55,668.55,0.006,2025-08-29 02:00:00+00:00,2025-09-03 03:00:00+00:00,111425.0,111327.9,0.0005,0.0005,7260,0.0007153928920185169,0.47803678,stale_flat_120h,118110.5,-0.06,113382.3,-0.019272357367278392,107211.5,111797.2,False,short_pullback_restart,1.0,True,1756432800000,1756868400000,"[{'amount': 0.006, 'safe_price': 111425.0, 'ft_order_side': 'sell', 'order_filled_timestamp': 1756432800000, 'ft_is_entry': True, 'ft_order_tag': 'short_pullback_restart', 'cost': 668.884275}, {'amount': 0.006, 'safe_price': 111327.9, 'ft_order_side': 'buy', 'order_filled_timestamp': 1756868400000, 'ft_is_entry': False, 'ft_order_tag': 'stale_flat_120h', 'cost': 668.3013837}]",0.5636954834657016,2,True,True,False,0.1342298288508415,0.1444987775061267,-0.00017961366895943514,0.017245606425140062,0.017242509434758416,12.0,0.5138888888888888,0.7666666666666667,-0.0009735722640180633,False,down,range,-0.007720941830228312,-0.003930641212107067,-0.01207673572598289,-0.001568995009861185,-0.013257474159467209,-0.023919450883535753,False,False,False,1y
BTC/USDT:USDT,416.6572,416.6572,0.004,2025-11-04 06:00:00+00:00,2025-11-09 16:00:00+00:00,104164.3,103715.8,0.0005,0.0005,7800,0.004146374497774663,1.72675298,stale_flat_120h,110414.1,-0.06,107752.4,-0.03335694495858044,98888.8,105190.0,False,short_pullback_restart,1.0,True,1762236000000,1762704000000,"[{'amount': 0.004, 'safe_price': 104164.3, 'ft_order_side': 'sell', 'order_filled_timestamp': 1762236000000, 'ft_is_entry': True, 'ft_order_tag': 'short_pullback_restart', 'cost': 416.8655286}, {'amount': 0.004, 'safe_price': 103715.8, 'ft_order_side': 'buy', 'order_filled_timestamp': 1762704000000, 'ft_is_entry': False, 'ft_order_tag': 'stale_flat_120h', 'cost': 415.07063159999996}]",0.3485131784443406,6,False,True,False,0.9873201089070378,0.012640995721509141,0.01499573050049128,0.023715099715099688,0.01965260650721976,12.0,0.9222222222222223,0.6166666666666667,-0.004228969092652024,False,down,range,-0.0026936845155199896,0.002453927787631871,0.0005513671655226204,-0.010580116798554973,-0.05004414854622352,-0.06972196022677246,False,False,False,1y
BTC/USDT:USDT,782.8092,782.8092,0.009,2026-01-29 15:00:00+00:00,2026-01-31 17:00:00+00:00,86978.8,78228.0,0.0005,0.0005,3000,0.10000027354950419,78.24199357,roi,92197.5,-0.06,88560.6,-0.051514245832442906,78010.1,87013.7,False,short_compression_breakdown,1.0,True,1769698800000,1769878800000,"[{'amount': 0.009, 'safe_price': 86978.8, 'ft_order_side': 'sell', 'order_filled_timestamp': 1769698800000, 'ft_is_entry': True, 'ft_order_tag': 'short_compression_breakdown', 'cost': 783.2006045999999}, {'amount': 0.009, 'safe_price': 78228.0, 'ft_order_side': 'buy', 'order_filled_timestamp': 1769878800000, 'ft_is_entry': False, 'ft_order_tag': 'roi', 'cost': 704.4040259999998}]",0.22822417042566315,5,False,False,False,0.9455663668074273,0.0299247292087309,0.007660002669706123,0.01222816631127618,0.0123225571318034,12.0,0.5972222222222222,1.0,-0.0030891340941264778,False,down,down,0.0010088705540598486,-0.0034208687715785446,-0.006243105089446033,-0.02451005928834038,-0.024042168967083888,-0.04439430767155517,False,False,False,1y
BTC/USDT:USDT,535.2074,535.2074,0.007,2026-02-03 17:00:00+00:00,2026-02-05 15:00:00+00:00,76458.2,68756.7,0.0005,0.0005,2760,0.1000005822898243,53.49429112,roi,81045.6,-0.06,79200.6,-0.035868189252428184,66666.0,76952.5,False,short_pullback_restart,1.0,True,1770138000000,1770303600000,"[{'amount': 0.007, 'safe_price': 76458.2, 'ft_order_side': 'sell', 'order_filled_timestamp': 1770138000000, 'ft_is_entry': True, 'ft_order_tag': 'short_pullback_restart', 'cost': 535.4750037}, {'amount': 0.007, 'safe_price': 68756.7, 'ft_order_side': 'buy', 'order_filled_timestamp': 1770303600000, 'ft_is_entry': False, 'ft_order_tag': 'roi', 'cost': 481.53754845}]",0.0920432680996149,3,False,False,False,0.9894163894768673,0.006168732990624185,0.007042811410315555,0.026603723352445763,0.026792417294678662,14.0,0.9291666666666667,1.0,-0.007835471372898306,False,down,down,-0.00249968706012782,-0.0032851955610293526,-0.007833750684468455,-0.008965667774103236,-0.06813518082902736,-0.13888502869358865,False,False,False,1y
BTC/USDT:USDT,814.5204,814.5204,0.012,2026-03-27 09:00:00+00:00,2026-03-30 13:00:00+00:00,67876.7,67859.4,0.0005,0.0005,4560,-0.0009597030213662201,-0.78130684,stale_loss_72h,71949.3,-0.06,69313.6,-0.04612760706728625,64918.2,68148.4,False,short_compression_breakdown,1.0,True,1774602000000,1774875600000,"[{'amount': 0.012, 'safe_price': 67876.7, 'ft_order_side': 'sell', 'order_filled_timestamp': 1774602000000, 'ft_is_entry': True, 'ft_order_tag': 'short_compression_breakdown', 'cost': 814.9276602}, {'amount': 0.012, 'safe_price': 67859.4, 'ft_order_side': 'buy', 'order_filled_timestamp': 1774875600000, 'ft_is_entry': False, 'ft_order_tag': 'stale_loss_72h', 'cost': 814.7199563999999}]",-0.17449024498662327,0,False,False,True,0.5898669685819422,0.2987074252288023,0.005575968542512604,0.0198309349666304,0.017817627871755636,13.0,0.25277777777777777,0.5611111111111111,-0.003734656734663333,False,down,down,-0.0005617141473178711,-0.007457647747491913,-1.4597964751783543e-05,-0.022155828805860756,-0.030259086621943432,-0.054419732297710355,True,False,False,1y
BTC/USDT:USDT,735.6444,735.6444,0.012,2026-06-07 20:00:00+00:00,2026-06-07 22:00:00+00:00,61303.7,63043.1,0.0005,0.0005,120,-0.029402379258000075,-21.6188808,stop_loss,64981.9,-0.06,63043.1,-0.028374600044532405,61189.7,64250.0,False,short_pullback_restart,1.0,True,1780862400000,1780869600000,"[{'amount': 0.012, 'safe_price': 61303.7, 'ft_order_side': 'sell', 'order_filled_timestamp': 1780862400000, 'ft_is_entry': True, 'ft_order_tag': 'short_pullback_restart', 'cost': 736.0122222}, {'amount': 0.012, 'safe_price': 63043.1, 'ft_order_side': 'buy', 'order_filled_timestamp': 1780869600000, 'ft_is_entry': False, 'ft_order_tag': 'stop_loss', 'cost': 756.8954586}]",0.0,6,True,True,True,0.8124345092560187,0.17883339154733446,0.003337717508466156,0.04226527570789868,0.023380279852146243,14.0,0.8375,0.8944444444444445,-0.007126348285878548,False,down,down,-0.0011277299119082373,0.0021092238541096098,-0.0012644953857999797,0.023027423027423,-0.06649475107351488,-0.16331186817055854,False,False,False,1y
BTC/USDT:USDT,995.9104,995.9104,0.016,2026-06-09 14:00:00+00:00,2026-06-11 17:00:00+00:00,62244.4,63592.2,0.0005,0.0005,3060,-0.022628898410573698,-22.52508709,stop_loss,65979.0,-0.06,63592.2,-0.02165415683981209,60691.9,63643.0,False,short_pullback_restart,1.0,True,1781013600000,1781197200000,"[{'amount': 0.016, 'safe_price': 62244.4, 'ft_order_side': 'sell', 'order_filled_timestamp': 1781013600000, 'ft_is_entry': True, 'ft_order_tag': 'short_pullback_restart', 'cost': 996.4083552000001}, {'amount': 0.016, 'safe_price': 63592.2, 'ft_order_side': 'buy', 'order_filled_timestamp': 1781197200000, 'ft_is_entry': False, 'ft_order_tag': 'stop_loss', 'cost': 1017.9839375999999}]",0.04640571264638711,3,True,False,True,0.5655630161302806,0.336266110982479,0.009873641851106663,0.022131187122736443,0.022351881596316816,14.0,0.7986111111111112,0.8333333333333334,-0.004731367914143747,False,down,down,-0.008057370517928208,-0.014665003450961556,-0.007786982588083746,-0.023166762397089702,-0.049300229195558876,-0.15075512181597406,True,False,True,1y
DOGE/USDT:USDT,480.22009,480.22009,2933.0,2025-11-06 06:00:00+00:00,2025-11-07 15:00:00+00:00,0.16373,0.16923,0.0005,0.0005,1980,-0.03447426732579835,-16.54695814,stop_loss,0.17355,-0.06,0.16923,-0.03360398851186264,0.15691,0.1702,False,short_pullback_restart,1.0,True,1762408800000,1762527600000,"[{'amount': 2933.0, 'safe_price': 0.16373, 'ft_order_side': 'sell', 'order_filled_timestamp': 1762408800000, 'ft_is_entry': True, 'ft_order_tag': 'short_pullback_restart', 'cost': 480.46020004499997}, {'amount': 2933.0, 'safe_price': 0.16923, 'ft_order_side': 'buy', 'order_filled_timestamp': 1762527600000, 'ft_is_entry': False, 'ft_order_tag': 'stop_loss', 'cost': 496.59976579499994}]",0.0728277020039317,4,False,False,True,0.832861189801698,0.1359773371104837,0.0032263955682717642,0.04806259314456052,0.027543666788811618,14.0,0.6097222222222223,0.6833333333333333,-0.008114026247718953,False,down,range,0.0030089667208281767,-0.0076213158678176685,-0.00412284894837478,0.012022587892404069,-0.0751892422026792,-0.20196973134252938,False,False,False,1y
DOGE/USDT:USDT,363.49684,363.49684,2324.0,2025-11-19 06:00:00+00:00,2025-11-21 07:00:00+00:00,0.15641,0.14066,0.0005,0.0005,2940,0.10002160736556762,36.33935944,roi,0.16579,-0.06,0.1633,-0.044055513314034345,0.13392,0.15974,False,short_pullback_restart,1.0,True,1763532000000,1763708400000,"[{'amount': 2324.0, 'safe_price': 0.15641, 'ft_order_side': 'sell', 'order_filled_timestamp': 1763532000000, 'ft_is_entry': True, 'ft_order_tag': 'short_pullback_restart', 'cost': 363.6785884199999}, {'amount': 2324.0, 'safe_price': 0.14066, 'ft_order_side': 'buy', 'order_filled_timestamp': 1763708400000, 'ft_is_entry': False, 'ft_order_tag': 'roi', 'cost': 327.05728691999997}]",0.08155478036159998,4,True,True,False,0.6177285318559503,0.29362880886426723,0.013186951858161277,0.06554160125588698,0.02819693094629154,13.0,0.6055555555555555,0.5222222222222223,-0.0028922681913559067,False,down,down,-0.016004962779156306,-0.021769966080789294,-0.014109018584125721,0.022365452787624918,-0.04451050325585326,-0.17294373465146062,False,False,False,1y
DOGE/USDT:USDT,819.05213,819.05213,5927.0,2025-12-07 14:00:00+00:00,2025-12-07 17:00:00+00:00,0.13819,0.14101,0.0005,0.0005,180,-0.02143962975495663,-17.55139433,stop_loss,0.14648,-0.06,0.14101,-0.020431928312358405,0.13478,0.14203,False,short_pullback_restart,1.0,True,1765116000000,1765126800000,"[{'amount': 5927.0, 'safe_price': 0.13819, 'ft_order_side': 'sell', 'order_filled_timestamp': 1765116000000, 'ft_is_entry': True, 'ft_order_tag': 'short_pullback_restart', 'cost': 819.4616560649999}, {'amount': 5927.0, 'safe_price': 0.14101, 'ft_order_side': 'buy', 'order_filled_timestamp': 1765126800000, 'ft_is_entry': False, 'ft_order_tag': 'stop_loss', 'cost': 836.1841531349999}]",-0.0098451256564709,6,True,True,True,0.7566137566137743,0.22222222222221244,0.0010119994217146252,0.018071418244903877,0.018089725036179467,28.0,0.04583333333333333,0.05,-0.0043685979869930724,False,down,range,0.006996033177064431,-0.007534830821723126,-0.003354986080376876,0.00150634818162243,-0.04108077400397425,-0.17130575952261695,False,False,False,1y
DOGE/USDT:USDT,510.2963,510.2963,5470.0,2026-02-10 07:00:00+00:00,2026-02-13 09:00:00+00:00,0.09329,0.09384,0.0005,0.0005,4440,-0.007109770293724193,-3.62627543,stale_loss_72h,0.09888,-0.06,0.09719,-0.04182421273006498,0.08783,0.09454,False,short_pullback_restart,1.0,True,1770706800000,1770973200000,"[{'amount': 5470.0, 'safe_price': 0.09329, 'ft_order_side': 'sell', 'order_filled_timestamp': 1770706800000, 'ft_is_entry': True, 'ft_order_tag': 'short_pullback_restart', 'cost': 510.55144814999994}, {'amount': 5470.0, 'safe_price': 0.09384, 'ft_order_side': 'buy', 'order_filled_timestamp': 1770973200000, 'ft_is_entry': False, 'ft_order_tag': 'stale_loss_72h', 'cost': 513.5614524}]",-0.105974876496579,4,False,True,True,0.7512690355329926,0.20304568527918665,0.00966132285805281,0.04946422773027389,0.029695540308747947,14.0,0.6430555555555556,0.6944444444444444,-0.006840812295536791,False,down,down,-0.012915321320695838,-0.013326392503904216,-0.015478911281944785,-0.016500622665006293,-0.0690600268618774,-0.23625809070951476,False,False,False,1y
DOGE/USDT:USDT,794.86147,794.86147,7951.0,2026-05-31 15:00:00+00:00,2026-06-01 03:00:00+00:00,0.09997,0.10146,0.0005,0.0005,720,-0.015855933645095015,-12.59696909,trailing_stop_loss,0.10596,-0.06,0.10146,-0.025431652512437175,0.09895,0.10154,False,short_pullback_restart,1.0,True,1780239600000,1780282800000,"[{'amount': 7951.0, 'safe_price': 0.09997, 'ft_order_side': 'sell', 'order_filled_timestamp': 1780239600000, 'ft_is_entry': True, 'ft_order_tag': 'short_pullback_restart', 'cost': 795.258900735}, {'amount': 7951.0, 'safe_price': 0.10146, 'ft_order_side': 'buy', 'order_filled_timestamp': 1780282800000, 'ft_is_entry': False, 'ft_order_tag': 'trailing_stop_loss', 'cost': 807.1118142299999}]",0.050805879989240604,0,True,False,True,0.6187050359712217,0.35971223021582704,0.0015979227004892988,0.012483771097573166,0.012503751125337612,16.0,0.018055555555555554,0.011111111111111112,-0.0013488513145560876,False,down,down,0.002485583615032816,0.002884424109806938,0.0002976190476191576,-0.0007927856505797193,-0.014306516663336377,-0.028666949976883793,False,False,True,1y
DOGE/USDT:USDT,656.41856,656.41856,7808.0,2026-06-09 16:00:00+00:00,2026-06-11 18:00:00+00:00,0.08407,0.08688,0.0005,0.0005,3000,-0.03423221939684497,-22.45942883,stop_loss,0.08911,-0.06,0.08688,-0.033530413813776416,0.08177,0.08698,False,short_pullback_restart,1.0,True,1781020800000,1781200800000,"[{'amount': 7808.0, 'safe_price': 0.08407, 'ft_order_side': 'sell', 'order_filled_timestamp': 1781020800000, 'ft_is_entry': True, 'ft_order_tag': 'short_pullback_restart', 'cost': 656.7467692800001}, {'amount': 7808.0, 'safe_price': 0.08688, 'ft_order_side': 'buy', 'order_filled_timestamp': 1781200800000, 'ft_is_entry': False, 'ft_order_tag': 'stop_loss', 'cost': 678.69821952}]",0.1484399707457408,3,True,True,True,0.18320610687022076,0.9007633587786225,-0.0035710034519699408,0.03225806451612908,0.03214328074961457,16.0,0.625,0.8111111111111111,-0.0048032957889344585,False,down,down,-0.020046620046620056,-0.014995313964386137,-0.013955670223994354,-0.03278499942482449,-0.044530104069675724,-0.14276946418400438,False,True,True,1y
ETH/USDT:USDT,296.8515,296.8515,0.135,2025-06-22 14:00:00+00:00,2025-06-23 14:00:00+00:00,2198.9,2304.88,0.0005,0.0005,1440,-0.049190113944362006,-14.59485803,trailing_stop_loss,2330.83,-0.06,2304.88,-0.06325378081507727,2111.0,2317.0,False,short_pullback_restart,1.0,True,1750600800000,1750687200000,"[{'amount': 0.135, 'safe_price': 2198.9, 'ft_order_side': 'sell', 'order_filled_timestamp': 1750600800000, 'ft_is_entry': True, 'ft_order_tag': 'short_pullback_restart', 'cost': 296.99992575000005}, {'amount': 0.135, 'safe_price': 2304.88, 'ft_order_side': 'buy', 'order_filled_timestamp': 1750687200000, 'ft_is_entry': False, 'ft_order_tag': 'trailing_stop_loss', 'cost': 311.3143794}]",0.016447118731902674,0,False,True,True,0.639762991432462,0.31723917047001304,0.015420849490001547,0.039302868865422246,0.030337896220837705,12.0,0.9916666666666667,0.9722222222222222,-0.011909089716700905,False,down,range,0.017058007042787704,-0.0030536488478819512,-0.006426718405964649,-0.06408608333162202,-0.11004609976382518,-0.09236573933503223,True,False,True,1y
ETH/USDT:USDT,373.37434,373.37434,0.097,2025-10-21 05:00:00+00:00,2025-10-21 14:00:00+00:00,3849.22,4009.27,0.0005,0.0005,540,-0.042621478147471435,-15.90580939,trailing_stop_loss,4080.17,-0.06,4009.27,-0.04048906700916888,3838.21,4023.58,False,short_compression_breakdown,1.0,True,1761022800000,1761055200000,"[{'amount': 0.097, 'safe_price': 3849.22, 'ft_order_side': 'sell', 'order_filled_timestamp': 1761022800000, 'ft_is_entry': True, 'ft_order_tag': 'short_compression_breakdown', 'cost': 373.56102717}, {'amount': 0.097, 'safe_price': 4009.27, 'ft_order_side': 'buy', 'order_filled_timestamp': 1761055200000, 'ft_is_entry': False, 'ft_order_tag': 'trailing_stop_loss', 'cost': 389.093639595}]",0.00017737734379237789,1,True,True,True,0.903403403403406,0.096596596596594,0.017554874936191987,0.02162582950484942,0.022012251832838867,12.0,0.5555555555555556,0.6111111111111112,-0.0019089242192622535,False,down,range,-0.012366169585267484,-0.0135512467046347,-0.0203161342383823,-0.02594960604886387,-0.03491752871514209,-0.07556094395421631,True,False,False,1y
ETH/USDT:USDT,663.63864,663.63864,0.168,2025-10-29 16:00:00+00:00,2025-11-04 05:00:00+00:00,3950.23,3554.12,0.0005,0.0005,7980,0.10000072704212434,66.33116432,roi,4187.24,-0.06,4041.39,-0.023079520448809232,3482.2,4017.11,False,short_compression_breakdown,1.0,True,1761753600000,1762232400000,"[{'amount': 0.168, 'safe_price': 3950.23, 'ft_order_side': 'sell', 'order_filled_timestamp': 1761753600000, 'ft_is_entry': True, 'ft_order_tag': 'short_compression_breakdown', 'cost': 663.9704593199999}, {'amount': 0.168, 'safe_price': 3554.12, 'ft_order_side': 'buy', 'order_filled_timestamp': 1762232400000, 'ft_is_entry': False, 'ft_order_tag': 'roi', 'cost': 597.39070608}]",0.41504972014563474,1,True,True,False,0.6793116210214667,0.20521835677276376,0.005077586836557581,0.028020310776278163,0.016353478151905056,13.0,0.3402777777777778,0.4111111111111111,-0.0006167578227378456,False,range,range,-0.005537347161735373,-0.004648538531441315,-0.0035290647978285516,-0.03165917387407735,-0.015522508471715546,-0.038856446147231494,False,False,False,1y
ETH/USDT:USDT,465.35532,465.35532,0.139,2025-11-06 13:00:00+00:00,2025-11-07 20:00:00+00:00,3347.88,3462.93,0.0005,0.0005,1860,-0.03519462563173569,-16.36981727,stop_loss,3548.75,-0.06,3462.93,-0.034367781695991084,3192.92,3470.0,False,short_pullback_restart,1.0,True,1762434000000,1762545600000,"[{'amount': 0.139, 'safe_price': 3347.88, 'ft_order_side': 'sell', 'order_filled_timestamp': 1762434000000, 'ft_is_entry': True, 'ft_order_tag': 'short_pullback_restart', 'cost': 465.58799766000004}, {'amount': 0.139, 'safe_price': 3462.93, 'ft_order_side': 'buy', 'order_filled_timestamp': 1762545600000, 'ft_is_entry': False, 'ft_order_tag': 'stop_loss', 'cost': 481.587943635}]",0.09548402946269345,4,True,True,True,0.7878883456868025,0.1159123166692939,0.002995884381495782,0.04340945742708207,0.028991481176147277,15.0,0.6277777777777778,0.8055555555555556,-0.009849465883095987,False,down,range,0.004208522849855623,0.0032034248597578863,-0.0073647555111509,0.02314986284127829,-0.08074974417228786,-0.15746709678343918,False,False,False,1y
ETH/USDT:USDT,404.76924,404.76924,0.137,2025-11-20 16:00:00+00:00,2025-11-21 07:00:00+00:00,2954.52,2656.71,0.0005,0.0005,900,0.09999836123995037,40.45602255,roi,3131.79,-0.06,3070.97,-0.039417150591508854,2642.65,2960.11,False,short_pullback_restart,1.0,True,1763654400000,1763708400000,"[{'amount': 0.137, 'safe_price': 2954.52, 'ft_order_side': 'sell', 'order_filled_timestamp': 1763654400000, 'ft_is_entry': True, 'ft_order_tag': 'short_pullback_restart', 'cost': 404.97162462}, {'amount': 0.137, 'safe_price': 2656.71, 'ft_order_side': 'buy', 'order_filled_timestamp': 1763708400000, 'ft_is_entry': False, 'ft_order_tag': 'roi', 'cost': 364.15125463500004}]",0.04042180532983877,4,False,False,False,0.8575248281130544,0.08651642475172248,0.0026734628432546095,0.06613296206056388,0.03403248570838684,16.0,0.7402777777777778,0.8111111111111111,-0.006296686918640493,False,down,down,-0.007514567540112482,-0.009873470371336235,-0.014188569606815249,-0.01947374787102918,-0.06527978363464804,-0.18992148197524528,False,False,False,1y
ETH/USDT:USDT,841.28044,841.28044,0.286,2026-01-25 04:00:00+00:00,2026-01-27 16:00:00+00:00,2941.54,2969.6,0.0005,0.0005,3600,-0.01024057765902583,-8.61089008,stop_loss,3118.03,-0.06,2969.6,-0.009541495085269913,2784.15,2997.64,False,short_pullback_restart,1.0,True,1769313600000,1769529600000,"[{'amount': 0.286, 'safe_price': 2941.54, 'ft_order_side': 'sell', 'order_filled_timestamp': 1769313600000, 'ft_is_entry': True, 'ft_order_tag': 'short_pullback_restart', 'cost': 841.7010802199999}, {'amount': 0.286, 'safe_price': 2969.6, 'ft_order_side': 'buy', 'order_filled_timestamp': 1769529600000, 'ft_is_entry': False, 'ft_order_tag': 'stop_loss', 'cost': 849.7302527999999}]",0.25956294049240447,1,True,True,True,0.26673866090714865,0.5529157667386851,-0.002898995060466775,0.010832907511497252,0.010801593744586526,24.0,0.14305555555555555,0.5388888888888889,-0.004334044022441752,False,down,down,-0.005440166619894993,-0.0051609848484849286,-0.004740234474124971,-0.0066056533045152355,-0.03408022876859729,-0.05470409090389183,False,False,True,1y
ETH/USDT:USDT,640.74395,640.74395,0.329,2026-02-17 15:00:00+00:00,2026-02-17 16:00:00+00:00,1947.55,2007.95,0.0005,0.0005,60,-0.03209269713863921,-20.55291993,trailing_stop_loss,2064.4,-0.06,2007.95,-0.020955355233311268,1940.01,2009.89,False,short_pullback_restart,1.0,True,1771340400000,1771344000000,"[{'amount': 0.329, 'safe_price': 1947.55, 'ft_order_side': 'sell', 'order_filled_timestamp': 1771340400000, 'ft_is_entry': True, 'ft_order_tag': 'short_pullback_restart', 'cost': 641.064321975}, {'amount': 0.329, 'safe_price': 2007.95, 'ft_order_side': 'buy', 'order_filled_timestamp': 1771344000000, 'ft_is_entry': False, 'ft_order_tag': 'trailing_stop_loss', 'cost': 660.945857775}]",-0.030640178289,1,True,True,True,0.6940891807811999,0.9547182855167666,-0.0129734404843418,0.035155705051694984,0.031001763542942522,12.0,0.4847222222222222,0.43333333333333335,-0.003430952062677961,False,down,range,-0.010180018093292276,-0.01430798352076601,-0.025152667934728257,-0.012363522031715202,-0.0297087980845937,-0.23088402705021172,False,False,True,1y
ETH/USDT:USDT,529.23312,529.23312,0.306,2026-06-05 03:00:00+00:00,2026-06-05 16:00:00+00:00,1729.52,1554.84,0.0005,0.0005,780,0.10000165663171684,52.89772665,roi,1833.29,-0.06,1795.46,-0.045348386929211504,1546.0,1747.0,False,short_pullback_restart,1.0,True,1780628400000,1780675200000,"[{'amount': 0.306, 'safe_price': 1729.52, 'ft_order_side': 'sell', 'order_filled_timestamp': 1780628400000, 'ft_is_entry': True, 'ft_order_tag': 'short_pullback_restart', 'cost': 529.4977365599999}, {'amount': 0.306, 'safe_price': 1554.84, 'ft_order_side': 'buy', 'order_filled_timestamp': 1780675200000, 'ft_is_entry': False, 'ft_order_tag': 'roi', 'cost': 476.0189305199999}]",-0.05184626543387265,4,False,True,False,0.827984132708259,0.11071042192570986,0.00911523234962163,0.04738046854927248,0.027886349969933864,13.0,0.9625,0.9888888888888889,-0.011046101668516495,False,down,down,-0.00861571533631278,-0.013382200603522021,-0.018174585833459433,-0.0038142771063791603,-0.10224765451264739,-0.18028570097490237,False,False,False,1y
ETH/USDT:USDT,661.25382,661.25382,0.402,2026-06-09 15:00:00+00:00,2026-06-12 16:00:00+00:00,1644.91,1658.98,0.0005,0.0005,4380,-0.009891172042906042,-6.53730501,stale_loss_72h,1743.6,-0.06,1699.42,-0.0331402505256746,1602.05,1693.38,False,short_pullback_restart,1.0,True,1781017200000,1781280000000,"[{'amount': 0.402, 'safe_price': 1644.91, 'ft_order_side': 'sell', 'order_filled_timestamp': 1781017200000, 'ft_is_entry': True, 'ft_order_tag': 'short_pullback_restart', 'cost': 661.58444691}, {'amount': 0.402, 'safe_price': 1658.98, 'ft_order_side': 'buy', 'order_filled_timestamp': 1781280000000, 'ft_is_entry': False, 'ft_order_tag': 'stale_loss_72h', 'cost': 667.24341498}]",-0.21708311821997062,4,True,True,True,0.4846782431052117,0.10214504596527106,-0.0015800690820901955,0.03868107101736856,0.03862004867251231,15.0,0.8069444444444445,0.8277777777777777,-0.00549024631386219,False,down,down,-0.015466200605719571,-0.017442207753419647,-0.013381637586146855,-0.026980023779806017,-0.05813899127930666,-0.1989258945745047,False,False,False,1y
LINK/USDT:USDT,423.08464,423.08464,32.93,2025-07-01 19:00:00+00:00,2025-07-02 15:00:00+00:00,12.848,13.278,0.0005,0.0005,1200,-0.034525600304439776,-14.59994755,stop_loss,13.618,-0.06,13.278,-0.03354424349546137,12.716,13.372,False,short_compression_breakdown,1.0,True,1751396400000,1751468400000,"[{'amount': 32.93, 'safe_price': 12.848, 'ft_order_side': 'sell', 'order_filled_timestamp': 1751396400000, 'ft_is_entry': True, 'ft_order_tag': 'short_compression_breakdown', 'cost': 423.29618232}, {'amount': 32.93, 'safe_price': 13.278, 'ft_order_side': 'buy', 'order_filled_timestamp': 1751468400000, 'ft_is_entry': False, 'ft_order_tag': 'stop_loss', 'cost': 437.46316227}]",-0.009882955452246902,2,True,True,True,0.7924528301886723,0.1949685534591223,0.0057266676984986725,0.025770004643244093,0.025918430884184322,13.0,0.29583333333333334,0.16666666666666666,-0.001630883975392572,False,range,up,-0.0017697753154816143,-0.011806825106642216,-0.01742028326895395,-0.02969334330590867,-0.02253016313306755,-0.0704597756008617,True,False,False,1y
LINK/USDT:USDT,431.09781,431.09781,41.21,2026-01-31 09:00:00+00:00,2026-01-31 17:00:00+00:00,10.461,9.406,0.0005,0.0005,480,0.09995938129489128,43.07072423,roi,11.088,-0.06,10.874,-0.039305574566049106,9.357,10.572,False,short_pullback_restart,1.0,True,1769850000000,1769878800000,"[{'amount': 41.21, 'safe_price': 10.461, 'ft_order_side': 'sell', 'order_filled_timestamp': 1769850000000, 'ft_is_entry': True, 'ft_order_tag': 'short_pullback_restart', 'cost': 431.31335890500003}, {'amount': 41.21, 'safe_price': 9.406, 'ft_order_side': 'buy', 'order_filled_timestamp': 1769878800000, 'ft_is_entry': False, 'ft_order_tag': 'roi', 'cost': 387.81507063}]",0.0035337632694,5,False,True,False,0.5608856088560842,0.37638376383763844,0.00796586059743951,0.038194113725116656,0.033935570213172776,12.0,0.9222222222222223,0.9888888888888889,-0.010931496775862581,False,down,down,-0.010718613104669483,-0.016949152542372836,-0.02614918799889887,-0.02039686202122748,-0.099561991200109,-0.18249183836844707,True,False,True,1y
LINK/USDT:USDT,484.47545,484.47545,57.71,2026-02-19 14:00:00+00:00,2026-02-20 15:00:00+00:00,8.395,8.763,0.0005,0.0005,1500,-0.04489717553213445,-21.74070353,stop_loss,8.898,-0.06,8.763,-0.04385021543701617,8.338,8.839,False,short_compression_breakdown,1.0,True,1771509600000,1771599600000,"[{'amount': 57.71, 'safe_price': 8.395, 'ft_order_side': 'sell', 'order_filled_timestamp': 1771509600000, 'ft_is_entry': True, 'ft_order_tag': 'short_compression_breakdown', 'cost': 484.71768772499996}, {'amount': 57.71, 'safe_price': 8.763, 'ft_order_side': 'buy', 'order_filled_timestamp': 1771599600000, 'ft_is_entry': False, 'ft_order_tag': 'stop_loss', 'cost': 505.965586365}]",-0.008329437576802004,4,True,True,True,0.7878787878787963,0.1868686868686833,0.01801380278395133,0.027846316531547424,0.0237045860631328,14.0,0.30972222222222223,0.3611111111111111,-0.0031289795858910896,False,down,down,-0.005582044423770194,-0.018930702156952584,-0.005466387531984251,-0.025416001823569512,-0.0436265021920037,-0.21351396993099547,True,False,False,1y
LINK/USDT:USDT,459.53614,459.53614,58.93,2026-06-05 03:00:00+00:00,2026-06-06 04:00:00+00:00,7.798,7.012,0.0005,0.0005,1500,0.09998612581189932,45.92426469,roi,8.265,-0.06,8.156,-0.045977833883124486,6.987,7.892,False,short_pullback_restart,1.0,True,1780628400000,1780718400000,"[{'amount': 58.93, 'safe_price': 7.798, 'ft_order_side': 'sell', 'order_filled_timestamp': 1780628400000, 'ft_is_entry': True, 'ft_order_tag': 'short_pullback_restart', 'cost': 459.76590806999997}, {'amount': 58.93, 'safe_price': 7.012, 'ft_order_side': 'buy', 'order_filled_timestamp': 1780718400000, 'ft_is_entry': False, 'ft_order_tag': 'roi', 'cost': 413.42376857999994}]",0.0416613373783597,5,True,True,False,0.9122807017543875,0.04093567251461812,0.00940040650406502,0.04364569961489098,0.03308540651449101,14.0,0.9708333333333333,0.9944444444444445,-0.011089263524053039,False,down,down,-0.0038817931379914183,-0.01229202880556246,-0.016200840959683438,-0.011309967685806499,-0.10504877872016871,-0.15680065009095823,False,False,False,1y
LINK/USDT:USDT,616.92057,616.92057,81.27,2026-06-07 20:00:00+00:00,2026-06-07 22:00:00+00:00,7.591,7.864,0.0005,0.0005,120,-0.03700012304420203,-22.81472393,stop_loss,8.046,-0.06,7.864,-0.03608027008301873,7.566,8.04,False,short_pullback_restart,1.0,True,1780862400000,1780869600000,"[{'amount': 81.27, 'safe_price': 7.591, 'ft_order_side': 'sell', 'order_filled_timestamp': 1780862400000, 'ft_is_entry': True, 'ft_order_tag': 'short_pullback_restart', 'cost': 617.2290302849999}, {'amount': 81.27, 'safe_price': 7.864, 'ft_order_side': 'buy', 'order_filled_timestamp': 1780869600000, 'ft_is_entry': False, 'ft_order_tag': 'stop_loss', 'cost': 639.4268336399999}]",0.0,6,True,True,True,0.71428571428571,0.27891156462585237,0.0023656196609278214,0.07759923087487988,0.031221182979844567,12.0,0.8388888888888889,0.9055555555555556,-0.006932600822776913,False,down,down,-0.0036250647332988217,0.0003899649031586794,0.00221382992577146,0.051078940180278476,-0.0667268375141874,-0.16817730587116364,False,False,False,1y
NEAR/USDT:USDT,399.252,399.252,196.0,2025-06-21 14:00:00+00:00,2025-06-22 13:00:00+00:00,2.037,1.831,0.0005,0.0005,1380,0.10024518385649299,40.0030786,roi,2.159,-0.06,2.108,-0.035051130464279545,1.824,2.054,False,short_pullback_restart,1.0,True,1750514400000,1750597200000,"[{'amount': 196.0, 'safe_price': 2.037, 'ft_order_side': 'sell', 'order_filled_timestamp': 1750514400000, 'ft_is_entry': True, 'ft_order_tag': 'short_pullback_restart', 'cost': 399.451626}, {'amount': 196.0, 'safe_price': 1.831, 'ft_order_side': 'buy', 'order_filled_timestamp': 1750597200000, 'ft_is_entry': False, 'ft_order_tag': 'roi', 'cost': 359.055438}]",0.0061426008,6,False,True,False,0.6511627906976795,0.11627906976744018,0.01260911736178458,0.04365079365079369,0.020628683693516826,13.0,0.15416666666666667,0.2611111111111111,-0.007938651741067893,False,range,range,-0.011494252873563204,-0.009121459433509393,-0.005780346820809301,-0.054078826764436205,-0.07675594189292423,-0.17720031840252948,False,False,False,1y
NEAR/USDT:USDT,396.96,396.96,160.0,2025-08-21 12:00:00+00:00,2025-08-22 15:00:00+00:00,2.481,2.574,0.0005,0.0005,1620,-0.038226207017253086,-15.166688,stop_loss,2.629,-0.06,2.574,-0.03779619425258929,2.367,2.613,False,short_pullback_restart,1.0,True,1755777600000,1755874800000,"[{'amount': 160.0, 'safe_price': 2.481, 'ft_order_side': 'sell', 'order_filled_timestamp': 1755777600000, 'ft_is_entry': True, 'ft_order_tag': 'short_pullback_restart', 'cost': 397.15847999999994}, {'amount': 160.0, 'safe_price': 2.574, 'ft_order_side': 'buy', 'order_filled_timestamp': 1755874800000, 'ft_is_entry': False, 'ft_order_tag': 'stop_loss', 'cost': 412.04591999999997}]",0.11771200000000001,4,False,False,True,0.49999999999999145,0.30769230769230504,0.002814636107760401,0.06553297386976355,0.0330645161290322,19.0,0.1875,0.16111111111111112,-0.0049153950066502805,False,down,range,-0.011498810467882592,-0.015013828526274309,-0.022736181889455254,0.005647438483259215,-0.050589328455763694,-0.046826073131056134,False,False,True,1y
NEAR/USDT:USDT,398.748,398.748,188.0,2025-11-02 15:00:00+00:00,2025-11-03 00:00:00+00:00,2.121,2.202,0.0005,0.0005,540,-0.03908160940441932,-15.57592173,stop_loss,2.248,-0.06,2.202,-0.03848467228380037,2.101,2.202,False,short_pullback_restart,1.0,True,1762095600000,1762128000000,"[{'amount': 188.0, 'safe_price': 2.121, 'ft_order_side': 'sell', 'order_filled_timestamp': 1762095600000, 'ft_is_entry': True, 'ft_order_tag': 'short_pullback_restart', 'cost': 398.94737399999997}, {'amount': 188.0, 'safe_price': 2.202, 'ft_order_side': 'buy', 'order_filled_timestamp': 1762128000000, 'ft_is_entry': False, 'ft_order_tag': 'stop_loss', 'cost': 414.18298799999997}]",0.0584402671866552,0,True,True,True,0.5769230769230727,0.3076923076923077,0.009803921568627407,0.02758298270219737,0.026402640264026427,23.0,0.225,0.22777777777777777,-0.0024603912063567712,False,down,range,-0.0037054191755442334,-0.01870437956204396,-0.002781641168289384,-0.006466512702078653,-0.03914032634604003,-0.1364163163925215,False,False,True,1y
NEAR/USDT:USDT,413.16,413.16,220.0,2025-11-28 02:00:00+00:00,2025-11-28 15:00:00+00:00,1.878,1.953,0.0005,0.0005,780,-0.04095474261963977,-16.91240103,stop_loss,1.99,-0.06,1.953,-0.040376540317068166,1.865,1.955,False,short_pullback_restart,1.0,True,1764295200000,1764342000000,"[{'amount': 220.0, 'safe_price': 1.878, 'ft_order_side': 'sell', 'order_filled_timestamp': 1764295200000, 'ft_is_entry': True, 'ft_order_tag': 'short_pullback_restart', 'cost': 413.36657999999994}, {'amount': 220.0, 'safe_price': 1.953, 'ft_order_side': 'buy', 'order_filled_timestamp': 1764342000000, 'ft_is_entry': False, 'ft_order_tag': 'stop_loss', 'cost': 429.87483}]",0.009008974789055999,4,True,True,True,0.42307692307692735,0.9230769230769231,-0.0074666666666666735,0.03999999999999997,0.03970354685018526,23.0,0.03611111111111111,0.12222222222222222,-0.004105710695281872,False,range,range,-0.01675392670157072,-0.030459473412493665,-0.01623886851754852,-0.032457496136012454,-0.04247609171569067,-0.16879862724221628,False,True,True,1y
NEAR/USDT:USDT,658.794,658.794,354.0,2025-11-29 15:00:00+00:00,2025-12-01 03:00:00+00:00,1.861,1.673,0.0005,0.0005,2160,0.10004915535300232,65.87882736,roi,1.972,-0.06,1.907,-0.025175612694085858,1.668,1.882,False,short_compression_breakdown,1.0,True,1764428400000,1764558000000,"[{'amount': 354.0, 'safe_price': 1.861, 'ft_order_side': 'sell', 'order_filled_timestamp': 1764428400000, 'ft_is_entry': True, 'ft_order_tag': 'short_compression_breakdown', 'cost': 659.123397}, {'amount': 354.0, 'safe_price': 1.673, 'ft_order_side': 'buy', 'order_filled_timestamp': 1764558000000, 'ft_is_entry': False, 'ft_order_tag': 'roi', 'cost': 592.5381209999999}]",-0.047654644747620004,0,True,True,False,0.8823529411764698,0.11764705882353017,0.0021447721179624684,0.03141928494041161,0.020956475013433597,13.0,0.022222222222222223,0.05,-0.004422407414238827,False,range,range,-0.004777070063694211,0.002137894174238486,0.0005336179295623023,-0.024453694068678478,-0.04412074320383774,-0.17508932124928844,False,False,False,1y
NEAR/USDT:USDT,504.664,504.664,317.0,2025-12-14 18:00:00+00:00,2025-12-15 02:00:00+00:00,1.592,1.641,0.0005,0.0005,480,-0.0319982174361597,-16.14027423,trailing_stop_loss,1.687,-0.06,1.641,-0.032896954132521916,1.569,1.646,False,short_compression_breakdown,1.0,True,1765735200000,1765764000000,"[{'amount': 317.0, 'safe_price': 1.592, 'ft_order_side': 'sell', 'order_filled_timestamp': 1765735200000, 'ft_is_entry': True, 'ft_order_tag': 'short_compression_breakdown', 'cost': 504.916332}, {'amount': 317.0, 'safe_price': 1.641, 'ft_order_side': 'buy', 'order_filled_timestamp': 1765764000000, 'ft_is_entry': False, 'ft_order_tag': 'trailing_stop_loss', 'cost': 520.4570985}]",-0.0948437309846127,0,True,True,True,0.6,0.2999999999999963,0.004996876951905064,0.02685821361648965,0.026993094789704915,12.0,0.10833333333333334,0.08333333333333333,-0.0066231647078873745,False,down,down,-0.00861538461538458,-0.011049723756906049,-0.019476567255021338,-0.030102347983142708,-0.06108854641836137,-0.2082176908863893,True,False,False,1y
NEAR/USDT:USDT,796.5,796.5,531.0,2025-12-31 11:00:00+00:00,2026-01-01 11:00:00+00:00,1.5,1.533,0.0005,0.0005,1440,-0.022744864598024057,-18.10722651,stop_loss,1.59,-0.06,1.533,-0.02240443229675293,1.467,1.534,False,short_compression_breakdown,1.0,True,1767178800000,1767265200000,"[{'amount': 531.0, 'safe_price': 1.5, 'ft_order_side': 'sell', 'order_filled_timestamp': 1767178800000, 'ft_is_entry': True, 'ft_order_tag': 'short_compression_breakdown', 'cost': 796.89825}, {'amount': 531.0, 'safe_price': 1.533, 'ft_order_side': 'buy', 'order_filled_timestamp': 1767265200000, 'ft_is_entry': False, 'ft_order_tag': 'stop_loss', 'cost': 814.4300114999999}]",0.22103499456,3,True,True,True,0.6428571428571349,0.2857142857142857,0.0013315579227696417,0.01930758988015973,0.019333333333333275,16.0,0.03333333333333333,0.005555555555555556,-0.0012296952099430936,False,range,range,-0.008547008547008517,-0.006587615283267456,-0.005932762030322891,-0.025839793281653756,-0.021613357879927575,-0.15061189478713732,False,False,False,1y
NEAR/USDT:USDT,437.08,437.08,280.0,2026-01-20 07:00:00+00:00,2026-01-29 14:00:00+00:00,1.561,1.405,0.0005,0.0005,13380,0.09974080762354272,43.57291484,roi,1.654,-0.06,1.624,-0.04052893707646854,1.393,1.574,False,short_pullback_restart,1.0,True,1768892400000,1769695200000,"[{'amount': 280.0, 'safe_price': 1.561, 'ft_order_side': 'sell', 'order_filled_timestamp': 1768892400000, 'ft_is_entry': True, 'ft_order_tag': 'short_pullback_restart', 'cost': 437.29853999999995}, {'amount': 280.0, 'safe_price': 1.405, 'ft_order_side': 'buy', 'order_filled_timestamp': 1769695200000, 'ft_is_entry': False, 'ft_order_tag': 'roi', 'cost': 393.5967}]",0.30815483564552404,3,False,False,False,0.8,0.2,0.003192848020434301,0.04854368932038847,0.03459320948110189,13.0,0.6597222222222222,0.9666666666666667,-0.008418797434861292,False,range,down,-0.008793969849246186,-0.01189730745147144,-0.0025284450063211006,-0.007547169811320753,-0.076676198131024,-0.09708731958563932,False,False,False,1y
NEAR/USDT:USDT,483.303,483.303,417.0,2026-02-04 14:00:00+00:00,2026-02-05 15:00:00+00:00,1.159,1.042,0.0005,0.0005,1500,0.1002451819843748,48.42457279,roi,1.228,-0.06,1.208,-0.042870738775798056,1.033,1.187,False,short_pullback_restart,1.0,True,1770213600000,1770303600000,"[{'amount': 417.0, 'safe_price': 1.159, 'ft_order_side': 'sell', 'order_filled_timestamp': 1770213600000, 'ft_is_entry': True, 'ft_order_tag': 'short_pullback_restart', 'cost': 483.5446515}, {'amount': 417.0, 'safe_price': 1.042, 'ft_order_side': 'buy', 'order_filled_timestamp': 1770303600000, 'ft_is_entry': False, 'ft_order_tag': 'roi', 'cost': 434.73125699999997}]",0.094481293394607,3,True,False,False,0.7916666666666713,0.12499999999999538,0.010238907849829362,0.07397504456327982,0.02844827586206909,12.0,0.7930555555555555,0.9222222222222223,-0.010507545241483673,False,down,down,-0.006739679865206405,-0.010075566750629705,-0.0025380710659898,-0.019134775374375912,-0.09376512803185899,-0.2545767470801189,False,False,False,1y
NEAR/USDT:USDT,470.34,470.34,402.0,2026-04-02 02:00:00+00:00,2026-04-03 08:00:00+00:00,1.17,1.217,0.0005,0.0005,1800,-0.040951354147967384,-19.25142938,trailing_stop_loss,1.24,-0.06,1.217,-0.05721420711941194,1.138,1.222,False,short_pullback_restart,1.0,True,1775095200000,1775203200000,"[{'amount': 402.0, 'safe_price': 1.17, 'ft_order_side': 'sell', 'order_filled_timestamp': 1775095200000, 'ft_is_entry': True, 'ft_order_tag': 'short_pullback_restart', 'cost': 470.57516999999996}, {'amount': 402.0, 'safe_price': 1.217, 'ft_order_side': 'buy', 'order_filled_timestamp': 1775203200000, 'ft_is_entry': False, 'ft_order_tag': 'trailing_stop_loss', 'cost': 489.478617}]",0.1223576206677516,4,False,False,True,0.8,0.2,0.010989010989011092,0.034834324553950656,0.029914529914529846,12.0,0.5569444444444445,0.3611111111111111,-0.0028538155539723498,False,down,range,0.0008333333333334636,0.0025041736227044975,-0.013147082990961345,0.010092514718250678,-0.031886537048931296,-0.06979926993667473,False,False,False,1y
SOL/USDT:USDT,477.9206,477.9206,3.34,2025-06-19 15:00:00+00:00,2025-06-19 22:00:00+00:00,143.09,147.37,0.0005,0.0005,420,-0.03093091649760555,-14.77513091,stop_loss,151.67,-0.06,147.37,-0.029975832995732477,142.83,147.44,False,short_pullback_restart,1.0,True,1750345200000,1750370400000,"[{'amount': 3.34, 'safe_price': 143.09, 'ft_order_side': 'sell', 'order_filled_timestamp': 1750345200000, 'ft_is_entry': True, 'ft_order_tag': 'short_pullback_restart', 'cost': 478.15956029999995}, {'amount': 3.34, 'safe_price': 147.37, 'ft_order_side': 'buy', 'order_filled_timestamp': 1750370400000, 'ft_is_entry': False, 'ft_order_tag': 'stop_loss', 'cost': 492.46190789999997}]",0.005137287400000001,3,True,True,True,0.44571428571428634,0.14285714285714285,0.004383523517951541,0.02451594929655928,0.02362149695995524,13.0,0.3263888888888889,0.45,-0.0048477724807437506,False,range,range,-0.014724010409532973,-0.007793103448275884,-0.012153254600384411,-0.009228014599545475,-0.04651568102150805,-0.07955712508018353,False,False,False,1y
SOL/USDT:USDT,467.0146,467.0146,3.37,2025-06-21 18:00:00+00:00,2025-06-23 22:00:00+00:00,138.58,142.79,0.0005,0.0005,3120,-0.03133205343730496,-14.62521014,stop_loss,146.89,-0.06,142.79,-0.030380947109183154,125.83,146.88,False,short_pullback_restart,1.0,True,1750528800000,1750716000000,"[{'amount': 3.37, 'safe_price': 138.58, 'ft_order_side': 'sell', 'order_filled_timestamp': 1750528800000, 'ft_is_entry': True, 'ft_order_tag': 'short_pullback_restart', 'cost': 467.2481073}, {'amount': 3.37, 'safe_price': 142.79, 'ft_order_side': 'buy', 'order_filled_timestamp': 1750716000000, 'ft_is_entry': False, 'ft_order_tag': 'stop_loss', 'cost': 481.44290114999995}]",0.03659831498914463,0,False,False,True,0.5522388059701441,0.1529850746268746,0.0035234054792549125,0.05133879176809035,0.02496752778178675,17.0,0.43194444444444446,0.6333333333333333,-0.006211510726479186,False,range,range,-0.004052901023890776,-0.014563106796116498,0.00035709184402210603,-0.015186669479012815,-0.057022532268863224,-0.10063442198885919,False,False,False,1y
SOL/USDT:USDT,721.5936,721.5936,3.92,2025-10-19 09:00:00+00:00,2025-10-19 09:00:00+00:00,184.08,188.11,0.0005,0.0005,0,-0.02291505922452752,-16.5270924,stop_loss,195.12,-0.06,188.11,-0.02192548397881522,183.06,188.66,False,short_pullback_restart,1.0,True,1760864400000,1760864400000,"[{'amount': 3.92, 'safe_price': 184.08, 'ft_order_side': 'sell', 'order_filled_timestamp': 1760864400000, 'ft_is_entry': True, 'ft_order_tag': 'short_pullback_restart', 'cost': 721.9543968}, {'amount': 3.92, 'safe_price': 188.11, 'ft_order_side': 'buy', 'order_filled_timestamp': 1760864400000, 'ft_is_entry': False, 'ft_order_tag': 'stop_loss', 'cost': 737.7598955999999}]",0.0,6,True,True,True,0.42130750605326167,0.15980629539952088,0.0038961038961038896,0.024886754352453213,0.01624293785310724,14.0,0.2902777777777778,0.7111111111111111,-0.004044365243662917,False,down,range,-0.0048733465431370915,0.00026915002422334133,-0.0025229480916849623,-0.0018800021485738672,-0.04826946307757918,-0.1088135884417959,False,False,False,1y
SOL/USDT:USDT,395.4773,395.4773,2.11,2025-10-20 17:00:00+00:00,2025-10-21 15:00:00+00:00,187.43,194.83,0.0005,0.0005,1320,-0.040613146845165114,-16.05354687,stop_loss,198.67,-0.06,194.83,-0.03950209445380448,182.65,197.13,False,short_pullback_restart,1.0,True,1760979600000,1761058800000,"[{'amount': 2.11, 'safe_price': 187.43, 'ft_order_side': 'sell', 'order_filled_timestamp': 1760979600000, 'ft_is_entry': True, 'ft_order_tag': 'short_pullback_restart', 'cost': 395.67503865}, {'amount': 2.11, 'safe_price': 194.83, 'ft_order_side': 'buy', 'order_filled_timestamp': 1761058800000, 'ft_is_entry': False, 'ft_order_tag': 'stop_loss', 'cost': 411.29684564999997}]",-0.03626257192338354,1,True,True,True,0.04487179487179043,0.6698717948717949,-0.005144418841433897,0.05858013937282225,0.04174441541824377,13.0,0.5305555555555556,0.6055555555555555,-0.0014622932929678756,False,range,range,-0.02537437603993342,-0.021405450558629968,-0.024258198854763102,-0.01740406793877125,-0.02597940283995226,-0.08898991778557808,False,True,True,1y
SOL/USDT:USDT,836.6514,836.6514,6.69,2025-12-21 02:00:00+00:00,2025-12-22 00:00:00+00:00,125.06,126.79,0.0005,0.0005,1320,-0.014726264839869418,-12.31458972,stop_loss,132.56,-0.06,126.79,-0.013866127461943156,123.3,128.51,False,short_pullback_restart,1.0,True,1766282400000,1766361600000,"[{'amount': 6.69, 'safe_price': 125.06, 'ft_order_side': 'sell', 'order_filled_timestamp': 1766282400000, 'ft_is_entry': True, 'ft_order_tag': 'short_pullback_restart', 'cost': 837.0697257}, {'amount': 6.69, 'safe_price': 126.79, 'ft_order_side': 'buy', 'order_filled_timestamp': 1766361600000, 'ft_is_entry': False, 'ft_order_tag': 'stop_loss', 'cost': 848.64921255}]",0.10154853123215676,0,True,True,True,0.30882352941177976,0.3382352941176357,0.001359782434810444,0.013037913933770674,0.01305566680016027,16.0,0.002777777777777778,0.10555555555555556,-0.001860755079776344,False,range,range,-0.007223942208462342,-0.007381538217318795,-0.007932730445819436,-0.0036647546207775328,-0.020651107807763802,-0.13023452704563032,False,False,True,1y
SOL/USDT:USDT,454.5178,454.5178,4.51,2026-02-03 15:00:00+00:00,2026-02-04 17:00:00+00:00,100.78,90.5,0.0005,0.0005,1560,0.10000200310135843,45.4299641,roi,106.82,-0.06,105.32,-0.04507269142969994,89.92,102.73,False,short_pullback_restart,1.0,True,1770130800000,1770224400000,"[{'amount': 4.51, 'safe_price': 100.78, 'ft_order_side': 'sell', 'order_filled_timestamp': 1770130800000, 'ft_is_entry': True, 'ft_order_tag': 'short_pullback_restart', 'cost': 454.74505889999995}, {'amount': 4.51, 'safe_price': 90.5, 'ft_order_side': 'buy', 'order_filled_timestamp': 1770224400000, 'ft_is_entry': False, 'ft_order_tag': 'roi', 'cost': 408.35907749999996}]",-0.5014995019311845,2,True,True,False,0.8854166666666671,0.031250000000001235,0.01263714733542312,0.029192789968652075,0.029566425240599305,15.0,0.8930555555555556,0.9055555555555556,-0.010439134891583768,False,down,down,0.005155642023346285,-0.012330338367425031,-0.009395072380404601,0.0007748184019369386,-0.10523807677901098,-0.21510732177636482,False,False,False,1y
SOL/USDT:USDT,676.254,676.254,8.2,2026-03-07 20:00:00+00:00,2026-03-09 13:00:00+00:00,82.47,85.0,0.0005,0.0005,2460,-0.032367232364137716,-21.87752612,stop_loss,87.41,-0.06,85.0,-0.030738046996966695,80.18,85.71,False,short_compression_breakdown,1.0,True,1772913600000,1773061200000,"[{'amount': 8.2, 'safe_price': 82.47, 'ft_order_side': 'sell', 'order_filled_timestamp': 1772913600000, 'ft_is_entry': True, 'ft_order_tag': 'short_compression_breakdown', 'cost': 676.5921269999999}, {'amount': 8.2, 'safe_price': 85.0, 'ft_order_side': 'buy', 'order_filled_timestamp': 1773061200000, 'ft_is_entry': False, 'ft_order_tag': 'stop_loss', 'cost': 697.3484999999998}]",-0.444899124593752,0,True,True,True,0.7747747747747746,0.22522522522522534,0.004586602293301092,0.02438141219070622,0.024493755304959505,15.0,0.06944444444444445,0.2777777777777778,-0.0035640936502643328,False,down,range,-0.004421077787071348,-0.010921177587844277,-0.008095238095238155,-0.022065727699530635,-0.04074557420008229,-0.14850442268067743,True,False,False,1y
SOL/USDT:USDT,466.8392,466.8392,5.68,2026-05-23 08:00:00+00:00,2026-05-23 20:00:00+00:00,82.19,85.41,0.0005,0.0005,720,-0.04063374515795004,-18.95994037,trailing_stop_loss,87.12,-0.06,85.41,-0.04288308466164903,81.63,87.05,False,short_compression_breakdown,1.0,True,1779523200000,1779566400000,"[{'amount': 5.68, 'safe_price': 82.19, 'ft_order_side': 'sell', 'order_filled_timestamp': 1779523200000, 'ft_is_entry': True, 'ft_order_tag': 'short_compression_breakdown', 'cost': 467.07261959999994}, {'amount': 5.68, 'safe_price': 85.41, 'ft_order_side': 'buy', 'order_filled_timestamp': 1779566400000, 'ft_is_entry': False, 'ft_order_tag': 'trailing_stop_loss', 'cost': 485.37136439999995}]",-0.19435636841805473,5,True,True,True,0.6907216494845386,0.28522336769759427,0.020498152782743403,0.020021451555237837,0.020440442876262403,12.0,0.9291666666666667,0.9555555555555556,-0.004334055796851977,False,range,down,-0.0051984877126654006,-0.002133206921071218,-0.014282369468508582,-0.02838679898453722,-0.05157073069545293,-0.0602345523095803,True,False,False,1y
SOL/USDT:USDT,925.696,925.696,11.3,2026-05-31 15:00:00+00:00,2026-06-02 22:00:00+00:00,81.92,73.67,0.0005,0.0005,3300,0.09997453461330362,92.49975378,roi,86.83,-0.06,83.39,-0.024731560812795816,73.27,83.08,False,short_pullback_restart,1.0,True,1780239600000,1780437600000,"[{'amount': 11.3, 'safe_price': 81.92, 'ft_order_side': 'sell', 'order_filled_timestamp': 1780239600000, 'ft_is_entry': True, 'ft_order_tag': 'short_pullback_restart', 'cost': 926.1588479999999}, {'amount': 11.3, 'safe_price': 73.67, 'ft_order_side': 'buy', 'order_filled_timestamp': 1780437600000, 'ft_is_entry': False, 'ft_order_tag': 'roi', 'cost': 832.8872355000001}]",0.15383728067355462,1,True,False,False,0.7884615384615409,0.21153846153845918,0.00630838287031433,0.01177184466019416,0.011476010255158074,15.0,0.08333333333333333,0.17777777777777778,-0.0016658038199710568,False,down,down,0.0007257771864037643,0.0014526086430215468,-0.0028926117873929735,0.0036394516559503653,-0.018630807786522263,-0.050436899058143525,False,False,False,1y
SUI/USDT:USDT,330.4675,330.4675,98.5,2025-08-29 08:00:00+00:00,2025-09-03 10:00:00+00:00,3.355,3.339,0.0005,0.0005,7320,0.004965662296602544,1.64016951,stale_flat_120h,3.5563,-0.06,3.5065,-0.04518228067548735,3.106,3.4006,False,short_compression_breakdown,1.0,True,1756454400000,1756893600000,"[{'amount': 98.5, 'safe_price': 3.355, 'ft_order_side': 'sell', 'order_filled_timestamp': 1756454400000, 'ft_is_entry': True, 'ft_order_tag': 'short_compression_breakdown', 'cost': 330.63273374999994}, {'amount': 98.5, 'safe_price': 3.339, 'ft_order_side': 'buy', 'order_filled_timestamp': 1756893600000, 'ft_is_entry': False, 'ft_order_tag': 'stale_flat_120h', 'cost': 329.05594575}]",0.39384901179758713,2,False,True,False,0.8695652173913039,0.1291172595520399,0.013380385237465106,0.029054550801352677,0.029448584202682496,15.0,0.24027777777777778,0.15,-0.0030104149567097283,False,down,range,-0.010671216634373537,-0.012726905428414814,-0.009037715080238762,-0.022012578616352307,-0.04574828852521695,-0.05920285323941643,False,False,False,1y
SUI/USDT:USDT,329.7925,329.7925,100.7,2025-09-24 04:00:00+00:00,2025-09-24 14:00:00+00:00,3.275,3.4257,0.0005,0.0005,600,-0.04699583042732355,-15.49112297,stop_loss,3.4715,-0.06,3.4257,-0.04602209484304187,3.2333,3.4387,False,short_pullback_restart,1.0,True,1758686400000,1758722400000,"[{'amount': 100.7, 'safe_price': 3.275, 'ft_order_side': 'sell', 'order_filled_timestamp': 1758686400000, 'ft_is_entry': True, 'ft_order_tag': 'short_pullback_restart', 'cost': 329.95739625}, {'amount': 100.7, 'safe_price': 3.4257, 'ft_order_side': 'buy', 'order_filled_timestamp': 1758722400000, 'ft_is_entry': False, 'ft_order_tag': 'stop_loss', 'cost': 345.140473995}]",0.0217472701825,2,True,True,True,0.8689458689458649,0.04415954415954862,0.009646205019655222,0.04328052986600736,0.03392262831669261,23.0,0.8291666666666667,0.8,-0.008301292521294301,False,range,range,0.005242858864649813,-0.002451859825379765,-0.006551128580787435,0.011337456044622218,-0.07415883782329336,-0.07455409011332459,False,False,False,1y
SUI/USDT:USDT,479.3761,479.3761,143.5,2025-09-25 01:00:00+00:00,2025-10-01 09:00:00+00:00,3.3406,3.3811,0.0005,0.0005,9120,-0.01205157680773921,-5.77434927,stale_loss_72h,3.541,-0.06,3.4455,-0.031419499037630194,3.0676,3.4043,False,short_pullback_restart,1.0,True,1758762000000,1759309200000,"[{'amount': 143.5, 'safe_price': 3.3406, 'ft_order_side': 'sell', 'order_filled_timestamp': 1758762000000, 'ft_is_entry': True, 'ft_order_tag': 'short_pullback_restart', 'cost': 479.61578804999994}, {'amount': 143.5, 'safe_price': 3.3811, 'ft_order_side': 'buy', 'order_filled_timestamp': 1759309200000, 'ft_is_entry': False, 'ft_order_tag': 'stale_loss_72h', 'cost': 485.430443925}]",0.5196827079707137,2,False,False,True,0.5329949238578643,0.28934010152284384,0.0014646102343376752,0.06352642810750628,0.027868410812105168,18.0,0.5166666666666667,0.7055555555555556,-0.005382147111693825,False,range,range,-0.010042112082928378,-0.008874605654981327,-0.009108327192336008,0.012896227552127382,-0.04589692911601362,-0.05149961438993067,False,False,False,1y
SUI/USDT:USDT,321.80124,321.80124,198.3,2025-11-19 06:00:00+00:00,2025-11-21 07:00:00+00:00,1.6228,1.4599,0.0005,0.0005,2940,0.1000209061214553,32.17075819,roi,1.7201,-0.06,1.7035,-0.049769947262623626,1.3148,1.6645,False,short_pullback_restart,1.0,True,1763532000000,1763708400000,"[{'amount': 198.3, 'safe_price': 1.6228, 'ft_order_side': 'sell', 'order_filled_timestamp': 1763532000000, 'ft_is_entry': True, 'ft_order_tag': 'short_pullback_restart', 'cost': 321.96214062}, {'amount': 198.3, 'safe_price': 1.4599, 'ft_order_side': 'buy', 'order_filled_timestamp': 1763708400000, 'ft_is_entry': False, 'ft_order_tag': 'roi', 'cost': 289.642919085}]",0.1733378958585,4,True,True,False,0.5714285714285714,0.327868852459017,0.01223520818115413,0.050207135349038486,0.03432550687126386,13.0,0.6069444444444444,0.5111111111111111,-0.010218619779764015,False,down,down,-0.011225837435466457,-0.019875037191312117,-0.026306455426814868,0.0001214402817415472,-0.09997059195631364,-0.32178203549676077,False,False,True,1y
SUI/USDT:USDT,618.44727,618.44727,405.3,2025-12-11 15:00:00+00:00,2025-12-11 18:00:00+00:00,1.5259,1.5685,0.0005,0.0005,180,-0.028985674179680287,-17.91714801,stop_loss,1.6174,-0.06,1.5685,-0.027948758386364014,1.5225,1.5776,False,short_compression_breakdown,1.0,True,1765465200000,1765476000000,"[{'amount': 405.3, 'safe_price': 1.5259, 'ft_order_side': 'sell', 'order_filled_timestamp': 1765465200000, 'ft_is_entry': True, 'ft_order_tag': 'short_compression_breakdown', 'cost': 618.756493635}, {'amount': 405.3, 'safe_price': 1.5685, 'ft_order_side': 'buy', 'order_filled_timestamp': 1765476000000, 'ft_is_entry': False, 'ft_order_tag': 'stop_loss', 'cost': 636.030906525}]",-0.0242878460853,3,True,True,True,0.6516853932584176,0.265917602996257,0.001635697461397505,0.023423187647212806,0.023461563667343897,12.0,0.28888888888888886,0.48333333333333334,-0.0037208066114645666,False,down,range,0.00110275038920582,-0.0030361757105944465,-0.008480565371024817,-0.04415954415954426,-0.04077305643604545,-0.19729208114207442,False,False,False,1y
SUI/USDT:USDT,532.71622,532.71622,571.4,2026-03-22 00:00:00+00:00,2026-03-23 15:00:00+00:00,0.9323,0.969,0.0005,0.0005,2340,-0.04044913940544773,-21.53713869,stop_loss,0.9882,-0.06,0.969,-0.03942496088918501,0.8903,0.9709,False,short_pullback_restart,1.0,True,1774137600000,1774278000000,"[{'amount': 571.4, 'safe_price': 0.9323, 'ft_order_side': 'sell', 'order_filled_timestamp': 1774137600000, 'ft_is_entry': True, 'ft_order_tag': 'short_pullback_restart', 'cost': 532.98257811}, {'amount': 571.4, 'safe_price': 0.969, 'ft_order_side': 'buy', 'order_filled_timestamp': 1774278000000, 'ft_is_entry': False, 'ft_order_tag': 'stop_loss', 'cost': 553.9634433}]",-0.023557284431339413,0,False,True,True,0.7746478873239433,0.22253521126760628,0.026115115428810218,0.011177269403530692,0.01147699238442554,16.0,0.04027777777777778,0.044444444444444446,-0.0035724991198250455,False,range,down,-0.0015603869759700517,0.0,-0.0020794343938448367,-0.007958656330749436,-0.048976023398217605,-0.11173857545742705,True,False,False,1y
TAO/USDT:USDT,440.70545,440.70545,1.343,2025-08-28 17:00:00+00:00,2025-09-03 16:00:00+00:00,328.15,325.84,0.0005,0.0005,8580,0.007787005851547739,3.43006003,stale_flat_120h,347.83,-0.06,339.27,-0.033896766347564,301.5,338.0,False,short_pullback_restart,1.0,True,1756400400000,1756915200000,"[{'amount': 1.343, 'safe_price': 328.15, 'ft_order_side': 'sell', 'order_filled_timestamp': 1756400400000, 'ft_is_entry': True, 'ft_order_tag': 'short_pullback_restart', 'cost': 440.925802725}, {'amount': 1.343, 'safe_price': 325.84, 'ft_order_side': 'buy', 'order_filled_timestamp': 1756915200000, 'ft_is_entry': False, 'ft_order_tag': 'stale_flat_120h', 'cost': 437.8219215599999}]",0.7668843144288985,2,True,True,False,0.741605839416062,0.013138686131383167,0.012696693444053397,0.03273637001555975,0.018680481487124777,12.0,0.36944444444444446,0.5555555555555556,-0.004422632157524586,False,down,range,-0.0067660208643814945,-0.0012288694401150213,-0.0007496701451361609,-0.010364694701829436,-0.043606586807029,-0.1025314708280387,False,False,False,1y
TAO/USDT:USDT,457.3304,457.3304,1.46,2025-09-04 16:00:00+00:00,2025-09-05 12:00:00+00:00,313.24,322.66,0.0005,0.0005,1200,-0.030883179772171806,-14.11675505,trailing_stop_loss,332.03,-0.06,322.66,-0.03205843860075697,310.63,326.43,False,short_compression_breakdown,1.0,True,1757001600000,1757073600000,"[{'amount': 1.46, 'safe_price': 313.24, 'ft_order_side': 'sell', 'order_filled_timestamp': 1757001600000, 'ft_is_entry': True, 'ft_order_tag': 'short_compression_breakdown', 'cost': 457.55906519999996}, {'amount': 1.46, 'safe_price': 322.66, 'ft_order_side': 'buy', 'order_filled_timestamp': 1757073600000, 'ft_is_entry': False, 'ft_order_tag': 'trailing_stop_loss', 'cost': 471.3191418}]",0.10065195477607768,4,True,True,True,0.7196261682242999,0.21028037383177173,0.004164414915599079,0.026671329115935997,0.026782864074570603,12.0,0.11805555555555555,0.022222222222222223,-0.0028211381930739465,False,down,range,-0.007467135192796404,-0.008555848063181548,-0.019768847023827973,-0.02523571824736548,-0.033458515359201746,-0.11520395430119768,True,False,False,1y
TAO/USDT:USDT,395.73933,395.73933,1.281,2025-09-23 18:00:00+00:00,2025-09-28 23:00:00+00:00,308.93,306.06,0.0005,0.0005,7500,0.009022927626796238,3.56894197,stale_flat_120h,327.46,-0.06,320.75,-0.03828608729247929,289.44,316.64,False,short_pullback_restart,1.0,True,1758650400000,1759100400000,"[{'amount': 1.281, 'safe_price': 308.93, 'ft_order_side': 'sell', 'order_filled_timestamp': 1758650400000, 'ft_is_entry': True, 'ft_order_tag': 'short_pullback_restart', 'cost': 395.937199665}, {'amount': 1.281, 'safe_price': 306.06, 'ft_order_side': 'buy', 'order_filled_timestamp': 1759100400000, 'ft_is_entry': False, 'ft_order_tag': 'stale_flat_120h', 'cost': 392.25889143}]",0.28637306808854,6,True,True,False,0.9048913043478201,0.048913043478262634,0.0050565235595349065,0.0306612129215111,0.030817040010358607,28.0,0.8416666666666667,0.7888888888888889,-0.008660082652573453,False,range,range,-0.00022175758727760453,-0.004039511471581547,0.0029555710926076895,0.003944647685700575,-0.07889795763620577,-0.10961727734805382,False,False,False,1y
TAO/USDT:USDT,632.18539,632.18539,2.153,2025-11-29 18:00:00+00:00,2025-12-01 11:00:00+00:00,293.63,263.93,0.0005,0.0005,2460,0.1000005572505287,63.18728184,roi,311.24,-0.06,300.1,-0.020498348397969934,263.01,299.16,False,short_compression_breakdown,1.0,True,1764439200000,1764586800000,"[{'amount': 2.153, 'safe_price': 293.63, 'ft_order_side': 'sell', 'order_filled_timestamp': 1764439200000, 'ft_is_entry': True, 'ft_order_tag': 'short_compression_breakdown', 'cost': 632.5014826949999}, {'amount': 2.153, 'safe_price': 263.93, 'ft_order_side': 'buy', 'order_filled_timestamp': 1764586800000, 'ft_is_entry': False, 'ft_order_tag': 'roi', 'cost': 568.525410645}]",-0.15660482172358864,0,True,True,False,0.7541899441340784,0.08938547486033369,0.0014622866081752256,0.022818472420594368,0.02285188843101856,12.0,0.004166666666666667,0.005555555555555556,-0.0023434393280717947,False,range,range,0.0021645021645020357,-0.005537470215122409,-0.014795358579645534,-0.02497449902931803,-0.029102705514633787,-0.1536340386638072,False,False,False,1y
TAO/USDT:USDT,485.23875,485.23875,2.075,2026-01-29 02:00:00+00:00,2026-01-30 01:00:00+00:00,233.85,210.24,0.0005,0.0005,1380,0.09999540956646989,48.49738672,roi,247.88,-0.06,241.44,-0.0531618074525102,209.38,234.61,False,short_pullback_restart,1.0,True,1769652000000,1769734800000,"[{'amount': 2.075, 'safe_price': 233.85, 'ft_order_side': 'sell', 'order_filled_timestamp': 1769652000000, 'ft_is_entry': True, 'ft_order_tag': 'short_pullback_restart', 'cost': 485.481369375}, {'amount': 2.075, 'safe_price': 210.24, 'ft_order_side': 'buy', 'order_filled_timestamp': 1769734800000, 'ft_is_entry': False, 'ft_order_tag': 'roi', 'cost': 436.46612400000004}]",-0.0326199039509138,4,False,False,False,0.6478873239436624,0.2183098591549259,0.014387873078405403,0.03121654605404013,0.031672242255723994,12.0,0.6097222222222223,0.32222222222222224,-0.0025890544095558132,False,down,down,-0.02602973637083006,-0.013207308325245748,-0.027366494759607285,-0.014496418036241021,-0.039588810926326934,-0.11605245721666357,False,False,False,1y
TAO/USDT:USDT,479.73303,479.73303,2.499,2026-02-03 15:00:00+00:00,2026-02-03 20:00:00+00:00,191.97,200.14,0.0005,0.0005,300,-0.043499449269316835,-20.85768854,stop_loss,203.48,-0.06,200.14,-0.04258130377528868,184.33,204.2,False,short_pullback_restart,1.0,True,1770130800000,1770148800000,"[{'amount': 2.499, 'safe_price': 191.97, 'ft_order_side': 'sell', 'order_filled_timestamp': 1770130800000, 'ft_is_entry': True, 'ft_order_tag': 'short_pullback_restart', 'cost': 479.972896515}, {'amount': 2.499, 'safe_price': 200.14, 'ft_order_side': 'buy', 'order_filled_timestamp': 1770148800000, 'ft_is_entry': False, 'ft_order_tag': 'stop_loss', 'cost': 500.39993493}]",0.049082905222753506,1,True,True,True,0.8749999999999974,0.02403846153846019,0.008266170696424852,0.030946476544740694,0.031204417586997338,12.0,0.6652777777777777,0.8611111111111112,-0.008969935611673474,False,down,down,0.007156832458037332,-0.008465125709651189,-0.016985778179807953,-0.004377258614546631,-0.09176431038071386,-0.22959746311299511,False,False,False,1y
TAO/USDT:USDT,504.66915,504.66915,2.883,2026-02-22 13:00:00+00:00,2026-02-25 14:00:00+00:00,175.05,179.76,0.0005,0.0005,4380,-0.028906466466060914,-14.58090776,stale_loss_72h,185.55,-0.06,181.06,-0.04243541890814817,163.01,181.62,False,short_compression_breakdown,1.0,True,1771765200000,1772028000000,"[{'amount': 2.883, 'safe_price': 175.05, 'ft_order_side': 'sell', 'order_filled_timestamp': 1771765200000, 'ft_is_entry': True, 'ft_order_tag': 'short_compression_breakdown', 'cost': 504.921484575}, {'amount': 2.883, 'safe_price': 179.76, 'ft_order_side': 'buy', 'order_filled_timestamp': 1772028000000, 'ft_is_entry': False, 'ft_order_tag': 'stale_loss_72h', 'cost': 518.5072040399999}]",-0.49051914695885723,2,False,True,True,0.8032786885245903,0.14207650273224337,0.011072820744590586,0.02830348567877532,0.028620394173093512,12.0,0.06666666666666667,0.2111111111111111,-0.002107094205861748,False,down,down,0.002308688552283389,0.0011811687946454708,-0.020524954602982426,-0.023373203116426988,-0.031789991078423285,-0.1659014036806702,False,False,False,1y
TAO/USDT:USDT,761.74064,761.74064,3.076,2026-04-30 15:00:00+00:00,2026-05-01 03:00:00+00:00,247.64,252.29,0.0005,0.0005,720,-0.019683787056806023,-14.98644358,trailing_stop_loss,262.49,-0.06,252.29,-0.015218672035330671,247.21,253.83,False,short_compression_breakdown,1.0,True,1777561200000,1777604400000,"[{'amount': 3.076, 'safe_price': 247.64, 'ft_order_side': 'sell', 'order_filled_timestamp': 1777561200000, 'ft_is_entry': True, 'ft_order_tag': 'short_compression_breakdown', 'cost': 762.12151032}, {'amount': 3.076, 'safe_price': 252.29, 'ft_order_side': 'buy', 'order_filled_timestamp': 1777604400000, 'ft_is_entry': False, 'ft_order_tag': 'trailing_stop_loss', 'cost': 776.43206202}]",0.08584875688730123,4,True,True,True,0.6505102040816376,0.2908163265306097,0.003861625100563186,0.022773993308879865,0.020755936036181616,12.0,0.11527777777777778,0.11666666666666667,-0.00048260276065836827,False,range,range,0.0022433201137683767,3.997122072108006e-05,-0.010950347881087952,-0.022275196373441664,-0.013521131422379207,-0.04240367667266409,False,False,False,1y
XRP/USDT:USDT,465.48216,465.48216,164.4,2025-08-22 04:00:00+00:00,2025-08-22 14:00:00+00:00,2.8314,2.9241,0.0005,0.0005,600,-0.03371264982213124,-15.68479074,stop_loss,3.0012,-0.06,2.9241,-0.03276917900230414,2.7812,3.0395,False,short_compression_breakdown,1.0,True,1755835200000,1755871200000,"[{'amount': 164.4, 'safe_price': 2.8314, 'ft_order_side': 'sell', 'order_filled_timestamp': 1755835200000, 'ft_is_entry': True, 'ft_order_tag': 'short_compression_breakdown', 'cost': 465.71490108}, {'amount': 164.4, 'safe_price': 2.9241, 'ft_order_side': 'buy', 'order_filled_timestamp': 1755871200000, 'ft_is_entry': False, 'ft_order_tag': 'stop_loss', 'cost': 480.96240102}]",0.028191364993896118,4,True,True,True,0.6450777202072544,0.28238341968911546,0.0018683681742870527,0.02876581943807942,0.02881966518330151,12.0,0.46805555555555556,0.14444444444444443,-0.0064877802059134515,False,down,range,0.002034730748991409,-0.007815756565235477,-0.01449125349342717,-0.022885878489326772,-0.05712455200778144,-0.03775034282402301,False,False,False,1y
XRP/USDT:USDT,551.0538,551.0538,198.0,2025-09-04 20:00:00+00:00,2025-09-05 12:00:00+00:00,2.7831,2.8587,0.0005,0.0005,960,-0.02806808965609504,-15.45929395,stop_loss,2.95,-0.06,2.8587,-0.027180500804257823,2.7765,2.8774,False,short_pullback_restart,1.0,True,1757016000000,1757073600000,"[{'amount': 198.0, 'safe_price': 2.7831, 'ft_order_side': 'sell', 'order_filled_timestamp': 1757016000000, 'ft_is_entry': True, 'ft_order_tag': 'short_pullback_restart', 'cost': 551.3293269}, {'amount': 198.0, 'safe_price': 2.8587, 'ft_order_side': 'buy', 'order_filled_timestamp': 1757073600000, 'ft_is_entry': False, 'ft_order_tag': 'stop_loss', 'cost': 566.3056113}]",0.0680442505402176,4,True,True,True,0.6297872340425444,0.03404255319148582,0.004257602862253953,0.02132379248658322,0.021414968919550175,14.0,0.1527777777777778,0.027777777777777776,-0.0018223645479171768,False,down,range,-0.003987184051263859,-0.01645222526893053,-0.00547419308971997,-0.01845355037889418,-0.02371093822075465,-0.045454210294804454,False,False,False,1y
XRP/USDT:USDT,576.186,576.186,207.5,2025-10-09 17:00:00+00:00,2025-10-10 20:00:00+00:00,2.7768,2.4969,0.0005,0.0005,1620,0.09999992458732793,57.58974727,roi,2.9434,-0.06,2.8498,-0.024510013031643352,2.405,2.8358,False,short_compression_breakdown,1.0,True,1760029200000,1760126400000,"[{'amount': 207.5, 'safe_price': 2.7768, 'ft_order_side': 'sell', 'order_filled_timestamp': 1760029200000, 'ft_is_entry': True, 'ft_order_tag': 'short_compression_breakdown', 'cost': 576.474093}, {'amount': 207.5, 'safe_price': 2.4969, 'ft_order_side': 'buy', 'order_filled_timestamp': 1760126400000, 'ft_is_entry': False, 'ft_order_tag': 'roi', 'cost': 518.365803375}]",0.05764364702949925,4,True,True,False,0.6328124999999978,0.17708333333333803,0.002765307954749441,0.02258933381217452,0.022651973494670106,13.0,0.7166666666666667,0.7111111111111111,-0.004746601532901629,False,range,up,-0.009792138009049878,-0.002137437212781923,-0.014876556235492777,-0.02216714375479989,-0.04675343134375287,-0.050439976288711,False,False,False,1y
XRP/USDT:USDT,734.328,734.328,315.0,2025-10-19 09:00:00+00:00,2025-10-19 09:00:00+00:00,2.3312,2.3773,0.0005,0.0005,0,-0.020795508426828375,-15.26308875,stop_loss,2.471,-0.06,2.3773,-0.01981123343018032,2.3164,2.3826,False,short_pullback_restart,1.0,True,1760864400000,1760864400000,"[{'amount': 315.0, 'safe_price': 2.3312, 'ft_order_side': 'sell', 'order_filled_timestamp': 1760864400000, 'ft_is_entry': True, 'ft_order_tag': 'short_pullback_restart', 'cost': 734.695164}, {'amount': 315.0, 'safe_price': 2.3773, 'ft_order_side': 'buy', 'order_filled_timestamp': 1760864400000, 'ft_is_entry': False, 'ft_order_tag': 'stop_loss', 'cost': 749.22392475}]",0.0,6,True,True,True,0.3530751708428189,0.12300683371298998,0.0011568123393315873,0.017795883361921137,0.01694333633594984,15.0,0.5833333333333334,0.7222222222222222,-0.004765614486306968,False,down,range,-0.0038626427267711705,-0.0005962013457115889,-0.008031109983937856,-0.002380547525930865,-0.05033964480938047,-0.15385508399011882,False,False,False,1y
XRP/USDT:USDT,615.74604,615.74604,299.4,2025-12-05 10:00:00+00:00,2025-12-08 09:00:00+00:00,2.0566,2.1153,0.0005,0.0005,4260,-0.030014890887649963,-18.47230943,stop_loss,2.1799,-0.06,2.1153,-0.028553817935992987,1.9877,2.1233,False,short_compression_breakdown,1.0,True,1764928800000,1765184400000,"[{'amount': 299.4, 'safe_price': 2.0566, 'ft_order_side': 'sell', 'order_filled_timestamp': 1764928800000, 'ft_is_entry': True, 'ft_order_tag': 'short_compression_breakdown', 'cost': 616.05391302}, {'amount': 299.4, 'safe_price': 2.1153, 'ft_order_side': 'buy', 'order_filled_timestamp': 1765184400000, 'ft_is_entry': False, 'ft_order_tag': 'stop_loss', 'cost': 633.6374804099999}]",-0.27299600207659375,0,True,True,True,0.8502024291498034,0.14574898785425458,0.008341369334618924,0.021229266405532316,0.01837895658093075,13.0,0.10694444444444444,0.07222222222222222,-0.0031362219245190115,False,range,range,-0.0014898832123806383,-0.011890040901740617,-0.012453655290426968,-0.03934896194571613,-0.03692781170673254,-0.10669442736265722,True,False,False,1y
XRP/USDT:USDT,800.31523,800.31523,399.1,2025-12-14 11:00:00+00:00,2025-12-18 19:00:00+00:00,2.0053,1.8008,0.0005,0.0005,6240,0.10001010024911258,79.99958658,roi,2.1256,-0.06,2.0311,-0.012869727276854537,1.7987,2.0133,False,short_pullback_restart,1.0,True,1765710000000,1766084400000,"[{'amount': 399.1, 'safe_price': 2.0053, 'ft_order_side': 'sell', 'order_filled_timestamp': 1765710000000, 'ft_is_entry': True, 'ft_order_tag': 'short_pullback_restart', 'cost': 800.715387615}, {'amount': 399.1, 'safe_price': 1.8008, 'ft_order_side': 'buy', 'order_filled_timestamp': 1766084400000, 'ft_is_entry': False, 'ft_order_tag': 'roi', 'cost': 719.05862964}]",-0.8568561670329332,3,False,False,False,0.5714285714285533,0.3428571428571489,0.0017920254865847218,0.011060734392905296,0.0101730414401835,12.0,0.002777777777777778,0.011111111111111112,-0.002053579074438927,False,down,down,-0.0023808342840137,-0.00588177145116664,-0.004898080348307965,-0.009358222922720816,-0.02012192089495235,-0.09722005406470013,False,False,True,1y
XRP/USDT:USDT,825.8755,825.8755,445.0,2025-12-28 19:00:00+00:00,2025-12-29 01:00:00+00:00,1.8559,1.8803,0.0005,0.0005,360,-0.01413630843316904,-11.66899338,stop_loss,1.9672,-0.06,1.8803,-0.01316103012090708,1.8528,1.886,False,short_pullback_restart,1.0,True,1766948400000,1766970000000,"[{'amount': 445.0, 'safe_price': 1.8559, 'ft_order_side': 'sell', 'order_filled_timestamp': 1766948400000, 'ft_is_entry': True, 'ft_order_tag': 'short_pullback_restart', 'cost': 826.2884377500001}, {'amount': 445.0, 'safe_price': 1.8803, 'ft_order_side': 'buy', 'order_filled_timestamp': 1766970000000, 'ft_is_entry': False, 'ft_order_tag': 'stop_loss', 'cost': 837.15186675}]",0.0203111172,0,True,True,True,0.7142857142857044,0.2608695652174039,0.003115432131922332,0.01732633060804593,0.009267740718788784,18.0,0.030555555555555555,0.011111111111111112,-0.0008741979287886226,False,down,down,-0.0014971660784943719,-0.0020307823856349216,-0.0024572649572650596,0.010279160354901506,-0.011920366716877462,-0.10494943816082714,False,False,False,1y
XRP/USDT:USDT,808.67872,808.67872,419.2,2026-01-22 14:00:00+00:00,2026-01-27 17:00:00+00:00,1.9291,1.9129,0.0005,0.0005,7380,0.007562894527424892,6.11289389,stale_flat_120h,2.0448,-0.06,1.9673,-0.03538754450497539,1.8095,1.9649,False,short_pullback_restart,1.0,True,1769090400000,1769533200000,"[{'amount': 419.2, 'safe_price': 1.9291, 'ft_order_side': 'sell', 'order_filled_timestamp': 1769090400000, 'ft_is_entry': True, 'ft_order_tag': 'short_pullback_restart', 'cost': 809.08305936}, {'amount': 419.2, 'safe_price': 1.9129, 'ft_order_side': 'buy', 'order_filled_timestamp': 1769533200000, 'ft_is_entry': False, 'ft_order_tag': 'stale_flat_120h', 'cost': 802.28862384}]",0.1271370859401606,1,False,False,False,0.5345622119815681,0.18894009216589783,0.005721059684568544,0.05213903743315503,0.014151676947799544,13.0,0.675,0.8222222222222222,-0.003988935678807759,False,range,down,-0.011410524170954117,-0.007111429448480422,-0.006857376797502646,0.023360050622231565,-0.03385499230881295,-0.06002378945805509,False,False,False,1y
XRP/USDT:USDT,983.83947,983.83947,698.7,2026-02-22 13:00:00+00:00,2026-02-25 14:00:00+00:00,1.4081,1.4126,0.0005,0.0005,4380,-0.004873171167923904,-4.79202093,stale_loss_72h,1.4925,-0.06,1.4341,-0.029211033771416872,1.3115,1.4363,False,short_pullback_restart,1.0,True,1771765200000,1772028000000,"[{'amount': 698.7, 'safe_price': 1.4081, 'ft_order_side': 'sell', 'order_filled_timestamp': 1771765200000, 'ft_is_entry': True, 'ft_order_tag': 'short_pullback_restart', 'cost': 984.3313897349999}, {'amount': 698.7, 'safe_price': 1.4126, 'ft_order_side': 'buy', 'order_filled_timestamp': 1772028000000, 'ft_is_entry': False, 'ft_order_tag': 'stale_loss_72h', 'cost': 987.47711181}]",-0.6624593830846031,2,False,False,True,0.8622754491017995,0.11377245508982003,0.005439005439005468,0.012220103129194105,0.012286931818181884,12.0,0.05138888888888889,0.2,-0.0023695289982474943,False,down,down,0.0039525691699604515,0.0016901408450704647,-0.004966771598460928,-0.014480703942354234,-0.020914646244404977,-0.15527801251807372,False,False,False,1y
XRP/USDT:USDT,751.64378,751.64378,533.8,2026-03-22 00:00:00+00:00,2026-03-23 14:00:00+00:00,1.4081,1.4474,0.0005,0.0005,2280,-0.029016151899836813,-21.79890519,stop_loss,1.4925,-0.06,1.4474,-0.027940408503346337,1.3608,1.4561,False,short_pullback_restart,1.0,True,1774137600000,1774274400000,"[{'amount': 533.8, 'safe_price': 1.4081, 'ft_order_side': 'sell', 'order_filled_timestamp': 1774137600000, 'ft_is_entry': True, 'ft_order_tag': 'short_pullback_restart', 'cost': 752.0196018899999}, {'amount': 533.8, 'safe_price': 1.4474, 'ft_order_side': 'buy', 'order_filled_timestamp': 1774274400000, 'ft_is_entry': False, 'ft_order_tag': 'stop_loss', 'cost': 773.0084310599999}]",-0.05843224352866526,0,False,True,True,0.7587939698492453,0.22613065326632875,0.017444700300048938,0.009071244156025329,0.00923229884241169,15.0,0.12638888888888888,0.08888888888888889,-0.0016087147092800347,False,range,down,0.0014621918952792967,0.0016016713091921986,-0.0008336227856895473,-0.006012439530062252,-0.025582543925332768,-0.06003467844924015,True,False,False,1y
XRP/USDT:USDT,629.392,629.392,452.8,2026-03-24 17:00:00+00:00,2026-03-25 11:00:00+00:00,1.39,1.4353,0.0005,0.0005,1080,-0.03368306889354889,-21.18925417,stop_loss,1.4734,-0.06,1.4353,-0.03260072872793085,1.3826,1.4372,False,short_compression_breakdown,1.0,True,1774371600000,1774436400000,"[{'amount': 452.8, 'safe_price': 1.39, 'ft_order_side': 'sell', 'order_filled_timestamp': 1774371600000, 'ft_is_entry': True, 'ft_order_tag': 'short_compression_breakdown', 'cost': 629.7066959999999}, {'amount': 452.8, 'safe_price': 1.4353, 'ft_order_side': 'buy', 'order_filled_timestamp': 1774436400000, 'ft_is_entry': False, 'ft_order_tag': 'stop_loss', 'cost': 650.22879192}]",-0.03776625308825743,2,True,True,True,0.6688741721854253,0.12582781456953632,0.003226963069200552,0.027393330942990325,0.02748201438848922,15.0,0.3875,0.4166666666666667,-0.002064087143532456,False,down,down,-0.010950194277640435,-0.015817223198594133,-0.009690882082478591,-0.021526418786692925,-0.025149564779212374,-0.06595697669438005,False,False,False,1y
XRP/USDT:USDT,792.548,792.548,571.0,2026-03-26 06:00:00+00:00,2026-04-06 08:00:00+00:00,1.388,1.3437,0.0005,0.0005,15960,0.029354139323051857,23.25293213,stale_low_profit_240h,1.4712,-0.06,1.4236,-0.025689008943629243,1.277,1.3922,False,short_pullback_restart,1.0,True,1774504800000,1775462400000,"[{'amount': 571.0, 'safe_price': 1.388, 'ft_order_side': 'sell', 'order_filled_timestamp': 1774504800000, 'ft_is_entry': True, 'ft_order_tag': 'short_pullback_restart', 'cost': 792.9442739999998}, {'amount': 571.0, 'safe_price': 1.3437, 'ft_order_side': 'buy', 'order_filled_timestamp': 1775462400000, 'ft_is_entry': False, 'ft_order_tag': 'stale_low_profit_240h', 'cost': 767.6363263499999}]",-1.2624675212855376,0,False,False,False,0.8888888888888873,0.06535947712417542,0.005303138884907606,0.01891930629210261,0.01902017291066281,15.0,0.14444444444444443,0.24444444444444444,-0.0019157960024259735,False,range,range,-0.006027513827825848,-0.01093705898955688,-0.0092592592592593,-0.009749205227834734,-0.02315652961582615,-0.06236683993982173,False,False,False,1y
XRP/USDT:USDT,933.29937,933.29937,686.3,2026-05-22 07:00:00+00:00,2026-05-25 09:00:00+00:00,1.3599,1.3587,0.0005,0.0005,4440,-0.0003365607178680261,-0.31395485,stale_loss_72h,1.4414,-0.06,1.3821,-0.016301267287310406,1.2951,1.3756,False,short_pullback_restart,1.0,True,1779433200000,1779699600000,"[{'amount': 686.3, 'safe_price': 1.3599, 'ft_order_side': 'sell', 'order_filled_timestamp': 1779433200000, 'ft_is_entry': True, 'ft_order_tag': 'short_pullback_restart', 'cost': 933.7660196850001}, {'amount': 686.3, 'safe_price': 1.3587, 'ft_order_side': 'buy', 'order_filled_timestamp': 1779699600000, 'ft_is_entry': False, 'ft_order_tag': 'stale_loss_72h', 'cost': 932.9420479049999}]",-0.20462726028864797,0,True,True,True,0.7722772277227753,0.0693069306930617,0.0032983947812066042,0.023476264533807183,0.013016620091189755,12.0,0.5152777777777777,0.6166666666666667,-0.0021390966867689265,False,range,down,-0.0034246575342467,-0.004077768877885468,-0.009343763581051823,-0.004657594061567738,-0.02383075840809401,-0.033574715044952574,False,False,False,1y
XRP/USDT:USDT,926.68394,926.68394,687.4,2026-05-25 23:00:00+00:00,2026-05-30 01:00:00+00:00,1.3481,1.3479,0.0005,0.0005,5880,-0.0009631597395884142,-0.89209839,stale_loss_72h,1.4289,-0.06,1.3665,-0.013683340738881,1.2668,1.3654,False,short_pullback_restart,1.0,True,1779750000000,1780102800000,"[{'amount': 687.4, 'safe_price': 1.3481, 'ft_order_side': 'sell', 'order_filled_timestamp': 1779750000000, 'ft_is_entry': True, 'ft_order_tag': 'short_pullback_restart', 'cost': 927.14728197}, {'amount': 687.4, 'safe_price': 1.3479, 'ft_order_side': 'buy', 'order_filled_timestamp': 1780102800000, 'ft_is_entry': False, 'ft_order_tag': 'stale_loss_72h', 'cost': 927.0097332299999}]",-0.10296319059510174,5,True,True,True,0.6236559139785067,0.23655913978494753,0.002294256956779071,0.022773241441306453,0.010459164750389438,17.0,0.1625,0.4111111111111111,-0.0012025246333532413,False,range,range,-0.003092555776452399,-0.0032393432967680047,-0.004704844519591189,0.014157303370786689,-0.014132578816833385,-0.03764745985413209,False,False,False,1y
XRP/USDT:USDT,530.29431,530.29431,440.7,2026-06-03 20:00:00+00:00,2026-06-05 18:00:00+00:00,1.2033,1.0814,0.0005,0.0005,2760,0.09999391211894326,52.99968953,roi,1.2754,-0.06,1.2481,-0.0482131799102139,1.0796,1.2199,False,short_pullback_restart,1.0,True,1780516800000,1780682400000,"[{'amount': 440.7, 'safe_price': 1.2033, 'ft_order_side': 'sell', 'order_filled_timestamp': 1780516800000, 'ft_is_entry': True, 'ft_order_tag': 'short_pullback_restart', 'cost': 530.559457155}, {'amount': 440.7, 'safe_price': 1.0814, 'ft_order_side': 'buy', 'order_filled_timestamp': 1780682400000, 'ft_is_entry': False, 'ft_order_tag': 'roi', 'cost': 476.8112664899999}]",-0.21820682338759823,4,True,True,False,0.8100558659217841,0.1284916201117299,0.004055619930475008,0.050395423186942484,0.03349123244411203,14.0,0.9625,0.9944444444444445,-0.0072280425103721235,False,down,down,-0.005552380174736582,-0.014005829015544147,-0.01647419849794074,-0.004495667811018511,-0.07083261207179681,-0.12029611048813427,False,False,False,1y
ZEC/USDT:USDT,442.05582,442.05582,1.234,2026-01-23 08:00:00+00:00,2026-01-23 17:00:00+00:00,358.23,372.97,0.0005,0.0005,540,-0.04261419824123928,-18.82843542,trailing_stop_loss,379.72,-0.06,372.97,-0.04713248237312784,354.83,374.24,False,short_pullback_restart,1.0,True,1769155200000,1769187600000,"[{'amount': 1.234, 'safe_price': 358.23, 'ft_order_side': 'sell', 'order_filled_timestamp': 1769155200000, 'ft_is_entry': True, 'ft_order_tag': 'short_pullback_restart', 'cost': 442.27684791}, {'amount': 1.234, 'safe_price': 372.97, 'ft_order_side': 'buy', 'order_filled_timestamp': 1769187600000, 'ft_is_entry': False, 'ft_order_tag': 'trailing_stop_loss', 'cost': 460.47510249000004}]",-0.18812502015711713,4,True,True,True,0.5827338129496477,0.2422062350119906,0.006296809986130324,0.04771024615557933,0.03210228065767803,14.0,0.26805555555555555,0.5444444444444444,-0.005523527502567016,False,range,down,-0.015450971827909887,-0.02690014299975707,-0.0037291787519680986,0.01169738281578736,-0.056489998229891314,-0.15304730899956864,False,False,False,1y
ZEC/USDT:USDT,508.852,508.852,2.3,2026-03-06 13:00:00+00:00,2026-03-07 22:00:00+00:00,221.24,198.81,0.0005,0.0005,1980,0.10000299822507608,50.86128229,roi,234.51,-0.06,230.27,-0.040845011268164644,193.31,221.81,False,short_compression_breakdown,1.0,True,1772802000000,1772920800000,"[{'amount': 2.3, 'safe_price': 221.24, 'ft_order_side': 'sell', 'order_filled_timestamp': 1772802000000, 'ft_is_entry': True, 'ft_order_tag': 'short_compression_breakdown', 'cost': 509.10642599999994}, {'amount': 2.3, 'safe_price': 198.81, 'ft_order_side': 'buy', 'order_filled_timestamp': 1772920800000, 'ft_is_entry': False, 'ft_order_tag': 'roi', 'cost': 457.4916314999999}]",-0.24466020636284075,5,False,False,False,0.6300940438871393,0.25705329153605483,0.0046340036892068255,0.033202861384802246,0.033357439884288534,12.0,0.09166666666666666,0.2833333333333333,-0.0049786363379447085,False,range,range,-0.0038375725122712367,-0.01482789055604583,-0.013870483258238253,-0.04736707348297342,-0.03428158921895663,-0.22483735537306448,False,False,False,1y
ADA/USDT:USDT,296.2785,296.2785,1015.0,2023-08-06 14:00:00+00:00,2023-08-07 02:00:00+00:00,0.2919,0.2959,0.0005,0.0005,720,-0.01451761973717178,-4.29910797,stop_loss,0.3094,-0.06,0.2959,-0.014015187789169437,0.2903,0.2961,False,short_pullback_restart,1.0,True,1691330400000,1691373600000,"[{'amount': 1015.0, 'safe_price': 0.2919, 'ft_order_side': 'sell', 'order_filled_timestamp': 1691330400000, 'ft_is_entry': True, 'ft_order_tag': 'short_pullback_restart', 'cost': 296.42663925}, {'amount': 1015.0, 'safe_price': 0.2959, 'ft_order_side': 'buy', 'order_filled_timestamp': 1691373600000, 'ft_is_entry': False, 'ft_order_tag': 'stop_loss', 'cost': 300.48866925}]",0.059200529675,0,True,True,True,0.8125000000000195,0.1874999999999805,0.003752985329239322,0.02000689893066584,0.008904109589041066,12.0,0.03611111111111111,0.06111111111111111,-0.00268988381103874,False,down,range,-0.004074702886247783,-0.003059143439836931,-0.003059143439836931,0.008250257820556994,-0.025568703034765328,-0.04902806822845396,False,False,False,3y
ADA/USDT:USDT,326.7198,326.7198,1138.0,2023-08-15 19:00:00+00:00,2023-08-17 21:00:00+00:00,0.2871,0.258,0.0005,0.0005,3000,0.09993906771523506,32.63574618,roi,0.3043,-0.06,0.2908,-0.013031179420792682,0.2319,0.2871,False,short_pullback_restart,1.0,True,1692126000000,1692306000000,"[{'amount': 1138.0, 'safe_price': 0.2871, 'ft_order_side': 'sell', 'order_filled_timestamp': 1692126000000, 'ft_is_entry': True, 'ft_order_tag': 'short_pullback_restart', 'cost': 326.8831599}, {'amount': 1138.0, 'safe_price': 0.258, 'ft_order_side': 'buy', 'order_filled_timestamp': 1692306000000, 'ft_is_entry': False, 'ft_order_tag': 'roi', 'cost': 293.75080199999996}]",-0.1698919194192356,3,False,False,False,0.615384615384622,0.38461538461537803,0.002086230876217124,0.010782608695652339,0.010452961672473877,16.0,0.11944444444444445,0.26666666666666666,-0.0030854578123811205,False,down,range,-0.0027643400138216423,0.001387925052047212,-0.0010384215991691148,-0.005170630816959676,-0.019390793561776865,-0.05129702694809035,False,False,True,3y
ADA/USDT:USDT,333.009,333.009,1362.0,2023-09-26 16:00:00+00:00,2023-09-27 11:00:00+00:00,0.2445,0.2469,0.0005,0.0005,1140,-0.010547163410508681,-3.51054419,trailing_stop_loss,0.2591,-0.06,0.2469,-0.01115734581084249,0.2428,0.2484,False,short_pullback_restart,1.0,True,1695744000000,1695812400000,"[{'amount': 1362.0, 'safe_price': 0.2445, 'ft_order_side': 'sell', 'order_filled_timestamp': 1695744000000, 'ft_is_entry': True, 'ft_order_tag': 'short_pullback_restart', 'cost': 333.1755045}, {'amount': 1362.0, 'safe_price': 0.2469, 'ft_order_side': 'buy', 'order_filled_timestamp': 1695812400000, 'ft_is_entry': False, 'ft_order_tag': 'trailing_stop_loss', 'cost': 336.4459389}]",0.09289921416559199,2,True,True,True,0.4374999999999989,0.5625000000000011,-0.0036839950880065983,0.011480114801147998,0.009787928221859761,12.0,0.09861111111111111,0.011111111111111112,-0.0009903444946280926,False,down,range,-0.002853648593558855,-0.006902151847340554,-0.006902151847340554,-0.0012249897917516739,-0.006369688582696376,-0.06343153059010342,False,False,True,3y
ADA/USDT:USDT,267.7521,267.7521,519.0,2024-01-18 11:00:00+00:00,2024-01-21 12:00:00+00:00,0.5159,0.5173,0.0005,0.0005,4380,-0.0028302622998556074,-0.75742977,stale_loss_72h,0.5468,-0.06,0.5294,-0.035204589203740255,0.471,0.5235,False,short_pullback_restart,1.0,True,1705575600000,1705838400000,"[{'amount': 519.0, 'safe_price': 0.5159, 'ft_order_side': 'sell', 'order_filled_timestamp': 1705575600000, 'ft_is_entry': True, 'ft_order_tag': 'short_pullback_restart', 'cost': 267.88597605}, {'amount': 519.0, 'safe_price': 0.5173, 'ft_order_side': 'buy', 'order_filled_timestamp': 1705838400000, 'ft_is_entry': False, 'ft_order_tag': 'stale_loss_72h', 'cost': 268.61293935}]",0.23728563069300002,6,True,True,True,0.6202531645569626,0.13924050632911233,0.0038617493724657304,0.021432709017184783,0.021515797635200617,12.0,0.013888888888888888,0.022222222222222223,-0.004091206170830808,False,range,range,-0.005918289423444079,-0.0011509687320160333,-0.014758751182592067,-0.019027882441597588,-0.041954803771868665,-0.021488530822241003,True,False,False,3y
ADA/USDT:USDT,183.7182,183.7182,381.0,2024-01-22 20:00:00+00:00,2024-01-26 12:00:00+00:00,0.4822,0.4833,0.0005,0.0005,5280,-0.0022064272370413496,-0.40515816,stale_loss_72h,0.5111,-0.06,0.5015,-0.0400670586360139,0.4474,0.4894,False,short_compression_breakdown,1.0,True,1705953600000,1706270400000,"[{'amount': 381.0, 'safe_price': 0.4822, 'ft_order_side': 'sell', 'order_filled_timestamp': 1705953600000, 'ft_is_entry': True, 'ft_order_tag': 'short_compression_breakdown', 'cost': 183.8100591}, {'amount': 381.0, 'safe_price': 0.4833, 'ft_order_side': 'buy', 'order_filled_timestamp': 1706270400000, 'ft_is_entry': False, 'ft_order_tag': 'stale_loss_72h', 'cost': 184.22936865}]",0.19786959117900002,4,True,True,True,0.4596273291925476,0.35403726708074423,0.005772005772005709,0.03133374561945989,0.03151565415716357,12.0,0.5638888888888889,0.19444444444444445,-0.0064042411353667505,False,down,range,-0.01210653753026636,-0.011108866895576663,-0.02080000000000004,-0.044309974624243575,-0.06600845079278661,-0.07821072346626246,True,False,True,3y
ADA/USDT:USDT,224.5276,224.5276,484.0,2024-04-25 11:00:00+00:00,2024-04-28 12:00:00+00:00,0.4639,0.4676,0.0005,0.0005,4380,-0.008594529155891085,-1.92874415,stale_loss_72h,0.4917,-0.06,0.4809,-0.03648225295132601,0.4427,0.4787,False,short_compression_breakdown,1.0,True,1714042800000,1714305600000,"[{'amount': 484.0, 'safe_price': 0.4639, 'ft_order_side': 'sell', 'order_filled_timestamp': 1714042800000, 'ft_is_entry': True, 'ft_order_tag': 'short_compression_breakdown', 'cost': 224.63986379999997}, {'amount': 484.0, 'safe_price': 0.4676, 'ft_order_side': 'buy', 'order_filled_timestamp': 1714305600000, 'ft_is_entry': False, 'ft_order_tag': 'stale_loss_72h', 'cost': 226.43155919999998}]",0.0874788486889724,6,True,True,True,0.7887323943661968,0.19718309859154334,0.005146901136607363,0.030881406819644058,0.03104117266652301,13.0,0.6819444444444445,0.6333333333333333,-0.00525474009661242,False,down,range,-0.015520134228187987,-0.008030431107354241,-0.023100936524453664,-0.05439161966156325,-0.05670116524512503,-0.1741518905734425,True,False,False,3y
ADA/USDT:USDT,253.69,253.69,575.0,2024-05-08 00:00:00+00:00,2024-05-08 14:00:00+00:00,0.4412,0.4561,0.0005,0.0005,840,-0.03481574548952115,-8.82799027,stop_loss,0.4676,-0.06,0.4561,-0.03396651481133861,0.4358,0.4591,False,short_compression_breakdown,1.0,True,1715126400000,1715176800000,"[{'amount': 575.0, 'safe_price': 0.4412, 'ft_order_side': 'sell', 'order_filled_timestamp': 1715126400000, 'ft_is_entry': True, 'ft_order_tag': 'short_compression_breakdown', 'cost': 253.81684499999997}, {'amount': 575.0, 'safe_price': 0.4561, 'ft_order_side': 'buy', 'order_filled_timestamp': 1715176800000, 'ft_is_entry': False, 'ft_order_tag': 'stop_loss', 'cost': 262.38862874999995}]",-0.0025165198485224997,2,True,True,True,0.8333333333333401,0.1296296296296266,0.00473826714801442,0.0273014440433213,0.02743142144638404,13.0,0.225,0.14444444444444443,-0.0029878750808994825,False,range,range,-0.0038005812653699733,-0.013286093888396855,-0.013722886232846343,-0.02151954325867378,-0.03564543425390232,-0.15405526505376743,False,False,False,3y
ADA/USDT:USDT,365.79,365.79,822.0,2024-06-02 18:00:00+00:00,2024-06-03 06:00:00+00:00,0.445,0.4548,0.0005,0.0005,720,-0.022944595893452345,-8.38870728,trailing_stop_loss,0.4717,-0.06,0.4548,-0.029934923070064512,0.4406,0.456,False,short_pullback_restart,1.0,True,1717351200000,1717394400000,"[{'amount': 822.0, 'safe_price': 0.445, 'ft_order_side': 'sell', 'order_filled_timestamp': 1717351200000, 'ft_is_entry': True, 'ft_order_tag': 'short_pullback_restart', 'cost': 365.972895}, {'amount': 822.0, 'safe_price': 0.4548, 'ft_order_side': 'buy', 'order_filled_timestamp': 1717394400000, 'ft_is_entry': False, 'ft_order_tag': 'trailing_stop_loss', 'cost': 374.0325228}]",0.03671052,0,True,True,True,0.9545454545454591,0.0,0.007584207004238141,0.01405308944902973,0.014160485502360144,29.0,0.07361111111111111,0.03333333333333333,-0.0015465088537802707,False,range,range,-0.006856890068568933,-0.0011123470522803602,-0.010141093474426821,-0.0015565932844118224,-0.0226757102870615,-0.07569568431765805,False,False,False,3y
ADA/USDT:USDT,398.142,398.142,909.0,2024-06-10 07:00:00+00:00,2024-06-10 09:00:00+00:00,0.438,0.4466,0.0005,0.0005,120,-0.020555274170985457,-8.17982601,stop_loss,0.4642,-0.06,0.4466,-0.01967305625410387,0.4349,0.4494,False,short_pullback_restart,1.0,True,1718002800000,1718010000000,"[{'amount': 909.0, 'safe_price': 0.438, 'ft_order_side': 'sell', 'order_filled_timestamp': 1718002800000, 'ft_is_entry': True, 'ft_order_tag': 'short_pullback_restart', 'cost': 398.341071}, {'amount': 909.0, 'safe_price': 0.4466, 'ft_order_side': 'buy', 'order_filled_timestamp': 1718010000000, 'ft_is_entry': False, 'ft_order_tag': 'stop_loss', 'cost': 406.1623797}]",0.039624688044,0,True,True,True,0.7674418604651045,0.06976744186046992,0.003413746017296316,0.025988960441582283,0.015300296871431796,13.0,0.18194444444444444,0.5833333333333334,-0.0028805353771984565,False,range,range,-0.00496277915632759,-0.0067552353073632165,-0.002036199095022617,0.014022988505747014,-0.028184955345266438,-0.07402312094176022,False,False,False,3y
ADA/USDT:USDT,187.6647,187.6647,527.0,2024-07-07 14:00:00+00:00,2024-07-08 08:00:00+00:00,0.3561,0.372,0.0005,0.0005,1080,-0.045627814474738876,-8.55844875,stop_loss,0.3774,-0.06,0.372,-0.04478313761526054,0.3296,0.3725,False,short_pullback_restart,1.0,True,1720360800000,1720425600000,"[{'amount': 527.0, 'safe_price': 0.3561, 'ft_order_side': 'sell', 'order_filled_timestamp': 1720360800000, 'ft_is_entry': True, 'ft_order_tag': 'short_pullback_restart', 'cost': 187.75853235}, {'amount': 527.0, 'safe_price': 0.372, 'ft_order_side': 'buy', 'order_filled_timestamp': 1720425600000, 'ft_is_entry': False, 'ft_order_tag': 'stop_loss', 'cost': 196.142022}]",0.012705596357,0,False,True,True,0.8969072164948452,0.10309278350515487,0.017384105960264823,0.047108603667136796,0.024712159505756736,13.0,0.8097222222222222,0.9333333333333333,-0.005069026293080703,False,down,range,-0.004638472032742147,-0.007616974972796453,-0.0059945504087193235,0.024719101123595655,-0.055898852774320607,-0.14515640137162278,False,False,False,3y
ADA/USDT:USDT,267.5382,267.5382,762.0,2024-08-30 12:00:00+00:00,2024-09-04 00:00:00+00:00,0.3511,0.3157,0.0005,0.0005,6480,0.10012449180399874,26.77373275,roi,0.3721,-0.06,0.3626,-0.03280928629954216,0.3147,0.3545,False,short_pullback_restart,1.0,True,1725019200000,1725408000000,"[{'amount': 762.0, 'safe_price': 0.3511, 'ft_order_side': 'sell', 'order_filled_timestamp': 1725019200000, 'ft_is_entry': True, 'ft_order_tag': 'short_pullback_restart', 'cost': 267.6719691}, {'amount': 762.0, 'safe_price': 0.3157, 'ft_order_side': 'buy', 'order_filled_timestamp': 1725408000000, 'ft_is_entry': False, 'ft_order_tag': 'roi', 'cost': 240.68368169999997}]",0.0529835491404876,2,False,True,False,0.8607594936708867,0.07594936708860661,0.005943956977073283,0.0372599598738894,0.02448747152619589,12.0,0.4638888888888889,0.6166666666666667,-0.00280571256669615,False,down,range,0.007880664227413403,0.00561639988767193,0.009301014656144302,-0.005830094392004548,-0.029817397175330274,-0.05421649629556691,False,False,False,3y
ADA/USDT:USDT,388.5057,388.5057,1143.0,2024-10-09 13:00:00+00:00,2024-10-11 13:00:00+00:00,0.3399,0.3483,0.0005,0.0005,2880,-0.025505622516902412,-9.90412519,stop_loss,0.3602,-0.06,0.3483,-0.024992176980683345,0.3311,0.3485,False,short_compression_breakdown,1.0,True,1728478800000,1728651600000,"[{'amount': 1143.0, 'safe_price': 0.3399, 'ft_order_side': 'sell', 'order_filled_timestamp': 1728478800000, 'ft_is_entry': True, 'ft_order_tag': 'short_compression_breakdown', 'cost': 388.69995285}, {'amount': 1143.0, 'safe_price': 0.3483, 'ft_order_side': 'buy', 'order_filled_timestamp': 1728651600000, 'ft_is_entry': False, 'ft_order_tag': 'stop_loss', 'cost': 398.30595344999995}]",0.09038111158897741,4,True,True,True,0.583333333333342,0.3541666666666645,0.0029342723004694865,0.02113916617733407,0.020600353148911142,16.0,0.5125,0.6611111111111111,-0.004192503007783066,False,range,range,-0.0017487612940833008,-0.014388489208632893,-0.00551684088269444,-0.026158657947114028,-0.04274967819789144,-0.05275007136504872,False,False,True,3y
ADA/USDT:USDT,298.7472,298.7472,436.0,2025-03-18 14:00:00+00:00,2025-03-19 09:00:00+00:00,0.6852,0.714,0.0005,0.0005,1140,-0.04330176691467035,-12.92981348,trailing_stop_loss,0.7263,-0.06,0.714,-0.041590950073420174,0.6812,0.7166,False,short_compression_breakdown,1.0,True,1742306400000,1742374800000,"[{'amount': 436.0, 'safe_price': 0.6852, 'ft_order_side': 'sell', 'order_filled_timestamp': 1742306400000, 'ft_is_entry': True, 'ft_order_tag': 'short_compression_breakdown', 'cost': 298.8965736}, {'amount': 436.0, 'safe_price': 0.714, 'ft_order_side': 'buy', 'order_filled_timestamp': 1742374800000, 'ft_is_entry': False, 'ft_order_tag': 'trailing_stop_loss', 'cost': 311.45965199999995}]",-0.0679878758501712,2,True,True,True,0.6387665198237852,0.19823788546255722,0.018476081352048156,0.02406187338871373,0.024514811031664856,12.0,0.19305555555555556,0.08333333333333333,-0.00593746790935934,False,down,range,-0.008361678004535134,-0.0005713469504355917,-0.019478699551569556,-0.025758841548315203,-0.06464199240427226,-0.13588084993677696,True,False,False,3y
ADA/USDT:USDT,403.7916,403.7916,582.0,2025-03-23 19:00:00+00:00,2025-03-24 00:00:00+00:00,0.6938,0.7168,0.0005,0.0005,300,-0.03430321890257972,-13.84442597,stop_loss,0.7354,-0.06,0.7168,-0.033210864359860315,0.691,0.7181,False,short_pullback_restart,1.0,True,1742756400000,1742774400000,"[{'amount': 582.0, 'safe_price': 0.6938, 'ft_order_side': 'sell', 'order_filled_timestamp': 1742756400000, 'ft_is_entry': True, 'ft_order_tag': 'short_pullback_restart', 'cost': 403.99349579999995}, {'amount': 582.0, 'safe_price': 0.7168, 'ft_order_side': 'buy', 'order_filled_timestamp': 1742774400000, 'ft_is_entry': False, 'ft_order_tag': 'stop_loss', 'cost': 417.38618879999996}]",-0.04794137176200001,0,True,True,True,0.9705882352941209,0.02941176470587915,0.010694424639954458,0.027857553130384797,0.02089939463822421,16.0,0.0375,0.022222222222222223,-0.002186877109063845,False,range,range,-0.005089778029124914,-0.01054555680539937,-0.011101742551995475,-0.0019855339668131133,-0.03403153755605037,-0.10918787385821616,True,False,False,3y
ADA/USDT:USDT,444.048,444.048,696.0,2025-04-06 08:00:00+00:00,2025-04-06 20:00:00+00:00,0.638,0.5735,0.0005,0.0005,720,0.10001915622442072,44.39109963,roi,0.6762,-0.06,0.657,-0.02942628246404788,0.569,0.6415,False,short_compression_breakdown,1.0,True,1743926400000,1743969600000,"[{'amount': 696.0, 'safe_price': 0.638, 'ft_order_side': 'sell', 'order_filled_timestamp': 1743926400000, 'ft_is_entry': True, 'ft_order_tag': 'short_compression_breakdown', 'cost': 444.270024}, {'amount': 696.0, 'safe_price': 0.5735, 'ft_order_side': 'buy', 'order_filled_timestamp': 1743969600000, 'ft_is_entry': False, 'ft_order_tag': 'roi', 'cost': 399.355578}]",-0.0792983664557784,6,False,True,False,0.6486486486486502,0.27027027027027595,0.0034369629745351973,0.024839868770504647,0.024925536918012265,17.0,0.05555555555555555,0.5,-0.0038978619409975046,False,down,range,-0.009590100541376656,-0.019298514320723048,-0.017643448910708903,-0.02244274809160307,-0.04291051967469384,-0.12966707119138743,False,False,False,3y
ADA/USDT:USDT,466.0904,466.0904,694.0,2025-06-02 09:00:00+00:00,2025-06-02 22:00:00+00:00,0.6716,0.6909,0.0005,0.0005,780,-0.02976585271676814,-13.86664141,stop_loss,0.7118,-0.06,0.6909,-0.028785310095445826,0.6632,0.6918,False,short_pullback_restart,1.0,True,1748854800000,1748901600000,"[{'amount': 694.0, 'safe_price': 0.6716, 'ft_order_side': 'sell', 'order_filled_timestamp': 1748854800000, 'ft_is_entry': True, 'ft_order_tag': 'short_pullback_restart', 'cost': 466.3234452}, {'amount': 694.0, 'safe_price': 0.6909, 'ft_order_side': 'buy', 'order_filled_timestamp': 1748901600000, 'ft_is_entry': False, 'ft_order_tag': 'stop_loss', 'cost': 479.72434229999993}]",0.00034608808400000003,0,True,False,True,0.6893203883495083,0.1747572815533989,0.0034134758088453085,0.055249464340373464,0.023380491437081232,13.0,0.18888888888888888,0.37777777777777777,-0.0069597105651169056,False,range,range,0.0011802891708467822,-0.005131212432194832,0.00014738393515112413,0.0087706258361826,-0.057984889385374716,-0.07547498161309607,False,False,False,3y
ADA/USDT:USDT,350.032,350.032,524.0,2025-06-12 20:00:00+00:00,2025-06-17 17:00:00+00:00,0.668,0.6006,0.0005,0.0005,7020,0.0999583976005464,34.97114351,roi,0.708,-0.06,0.6913,-0.05057873455627848,0.5992,0.6708,False,short_compression_breakdown,1.0,True,1749758400000,1750179600000,"[{'amount': 524.0, 'safe_price': 0.668, 'ft_order_side': 'sell', 'order_filled_timestamp': 1749758400000, 'ft_is_entry': True, 'ft_order_tag': 'short_compression_breakdown', 'cost': 350.207016}, {'amount': 524.0, 'safe_price': 0.6006, 'ft_order_side': 'buy', 'order_filled_timestamp': 1750179600000, 'ft_is_entry': False, 'ft_order_tag': 'roi', 'cost': 314.8717572}]",-0.014083288254038411,1,False,False,False,0.6903225806451538,0.14838709677419804,0.010368834246778263,0.026514590431047126,0.02679239634785199,12.0,0.6194444444444445,0.4111111111111111,-0.00254491091445308,False,range,up,0.0026587887740028293,-0.005275498241500642,-0.019358566888182716,-0.04042974271981914,-0.028463112216000286,-0.058443853682329405,False,False,False,3y
ADA/USDT:USDT,463.0456,463.0456,772.0,2025-11-02 15:00:00+00:00,2025-11-03 15:00:00+00:00,0.5998,0.5392,0.0005,0.0005,1440,0.10003342899613946,46.29687913,roi,0.6357,-0.06,0.6196,-0.03303534700775912,0.5244,0.612,False,short_pullback_restart,1.0,True,1762095600000,1762182000000,"[{'amount': 772.0, 'safe_price': 0.5998, 'ft_order_side': 'sell', 'order_filled_timestamp': 1762095600000, 'ft_is_entry': True, 'ft_order_tag': 'short_pullback_restart', 'cost': 463.2771228}, {'amount': 772.0, 'safe_price': 0.5392, 'ft_order_side': 'buy', 'order_filled_timestamp': 1762182000000, 'ft_is_entry': False, 'ft_order_tag': 'roi', 'cost': 416.4705312}]",-0.046666872852924,0,True,True,False,0.6052631578947402,0.2894736842105245,0.007776307081403106,0.023494374586366627,0.023678505919626464,35.0,0.16805555555555557,0.2777777777777778,-0.004252412429369468,False,down,range,-0.0019743336623888608,-0.01717433570965643,-0.0032862306933947316,-0.0065509335080249365,-0.049482776230486136,-0.16450173610297214,False,False,False,3y
ADA/USDT:USDT,377.7312,377.7312,672.0,2025-11-11 20:00:00+00:00,2025-11-14 12:00:00+00:00,0.5621,0.5055,0.0005,0.0005,3840,0.09998514767884531,37.74862606,roi,0.5958,-0.06,0.5854,-0.05512595473162496,0.4994,0.5805,False,short_compression_breakdown,1.0,True,1762891200000,1763121600000,"[{'amount': 672.0, 'safe_price': 0.5621, 'ft_order_side': 'sell', 'order_filled_timestamp': 1762891200000, 'ft_is_entry': True, 'ft_order_tag': 'short_compression_breakdown', 'cost': 377.92006560000004}, {'amount': 672.0, 'safe_price': 0.5055, 'ft_order_side': 'buy', 'order_filled_timestamp': 1763121600000, 'ft_is_entry': False, 'ft_order_tag': 'roi', 'cost': 339.86584799999997}]",0.0721396562537952,4,True,False,False,0.8205128205128125,0.1794871794871875,0.007417873542917664,0.031437654539032016,0.03167259786476855,12.0,0.6041666666666666,0.5611111111111111,-0.0007764728662168485,False,down,range,-0.005946135012241949,-0.017798513910489033,-0.025210084033613356,-0.026212095254411483,-0.02180526699417007,-0.16102901801110203,False,False,False,3y
ADA/USDT:USDT,416.2303,416.2303,1061.0,2025-12-15 15:00:00+00:00,2025-12-18 17:00:00+00:00,0.3923,0.3528,0.0005,0.0005,4440,0.10001386158048779,41.60798521,roi,0.4158,-0.06,0.4073,-0.0718911101943569,0.3502,0.4,False,short_pullback_restart,1.0,True,1765810800000,1766077200000,"[{'amount': 1061.0, 'safe_price': 0.3923, 'ft_order_side': 'sell', 'order_filled_timestamp': 1765810800000, 'ft_is_entry': True, 'ft_order_tag': 'short_pullback_restart', 'cost': 416.43841514999997}, {'amount': 1061.0, 'safe_price': 0.3528, 'ft_order_side': 'buy', 'order_filled_timestamp': 1766077200000, 'ft_is_entry': False, 'ft_order_tag': 'roi', 'cost': 374.5079604}]",0.0937607608150145,3,False,False,False,0.5185185185185199,0.19753086419752977,0.01900950475237618,0.04193300946049596,0.01963284038755733,12.0,0.30277777777777776,0.3333333333333333,-0.006397654192474289,False,down,down,-0.009151620084095868,-0.0034825870646766344,-0.0022415940224159714,-0.0034825870646766344,-0.060570347778502454,-0.20255082449735917,False,False,False,3y
ADA/USDT:USDT,638.6688,638.6688,1728.0,2025-12-21 02:00:00+00:00,2025-12-22 15:00:00+00:00,0.3696,0.3798,0.0005,0.0005,2220,-0.028690925279909876,-18.31483682,stop_loss,0.3917,-0.06,0.3798,-0.027788805626171476,0.3573,0.3822,False,short_pullback_restart,1.0,True,1766282400000,1766415600000,"[{'amount': 1728.0, 'safe_price': 0.3696, 'ft_order_side': 'sell', 'order_filled_timestamp': 1766282400000, 'ft_is_entry': True, 'ft_order_tag': 'short_pullback_restart', 'cost': 638.9881343999999}, {'amount': 1728.0, 'safe_price': 0.3798, 'ft_order_side': 'buy', 'order_filled_timestamp': 1766415600000, 'ft_is_entry': False, 'ft_order_tag': 'stop_loss', 'cost': 656.6225472}]",-0.041755220079897605,0,True,False,True,0.361111111111103,0.2777777777777786,0.0029778018408229286,0.026800216567406658,0.02688026065707309,15.0,0.03194444444444444,0.09444444444444444,-0.00409722717544958,False,range,range,-0.014666666666666717,-0.014929352172753929,-0.020413573700954313,-0.012296177492648996,-0.04271896974907996,-0.20925409404719797,False,False,False,3y
ADA/USDT:USDT,530.7497,530.7497,1469.0,2025-12-23 14:00:00+00:00,2025-12-27 21:00:00+00:00,0.3613,0.3617,0.0005,0.0005,6180,-0.0017341790442910318,-0.9199548,stale_loss_72h,0.3829,-0.06,0.3726,-0.043573259739807746,0.3389,0.3702,False,short_compression_breakdown,1.0,True,1766498400000,1766869200000,"[{'amount': 1469.0, 'safe_price': 0.3613, 'ft_order_side': 'sell', 'order_filled_timestamp': 1766498400000, 'ft_is_entry': True, 'ft_order_tag': 'short_compression_breakdown', 'cost': 531.0150748499999}, {'amount': 1469.0, 'safe_price': 0.3617, 'ft_order_side': 'buy', 'order_filled_timestamp': 1766869200000, 'ft_is_entry': False, 'ft_order_tag': 'stale_loss_72h', 'cost': 531.60296865}]",0.1986886972802914,5,True,True,True,0.6530612244897899,0.16326530612245313,0.0022099447513811254,0.02900552486187848,0.02906976744186049,12.0,0.2875,0.36666666666666664,-0.004404807883416795,False,down,range,0.0005492996429552477,-0.0008228195282500295,-0.021488047273704014,-0.024109295472810044,-0.0417439092224593,-0.21161300917271952,False,False,False,3y
ADA/USDT:USDT,514.073,514.073,1426.0,2026-01-20 09:00:00+00:00,2026-01-21 22:00:00+00:00,0.3605,0.3728,0.0005,0.0005,2220,-0.0350037518832363,-17.9854865,trailing_stop_loss,0.3821,-0.06,0.3728,-0.04022187380386244,0.3462,0.374,False,short_pullback_restart,1.0,True,1768899600000,1769032800000,"[{'amount': 1426.0, 'safe_price': 0.3605, 'ft_order_side': 'sell', 'order_filled_timestamp': 1768899600000, 'ft_is_entry': True, 'ft_order_tag': 'short_pullback_restart', 'cost': 514.3300365}, {'amount': 1426.0, 'safe_price': 0.3728, 'ft_order_side': 'buy', 'order_filled_timestamp': 1769032800000, 'ft_is_entry': False, 'ft_order_tag': 'trailing_stop_loss', 'cost': 531.8786064}]",0.07715639728251959,2,False,False,True,0.5652173913043528,0.3586956521739103,0.007705008255366056,0.025055066079295144,0.024681087077093787,12.0,0.5486111111111112,0.6722222222222223,-0.007735351138542734,False,range,down,0.000273522975930085,-0.007867607162235335,-0.013487995683841292,0.005222649807586688,-0.06747449524755367,-0.11692677871278567,False,False,True,3y
ADA/USDT:USDT,531.2064,531.2064,1516.0,2026-01-29 03:00:00+00:00,2026-01-31 04:00:00+00:00,0.3504,0.315,0.0005,0.0005,2940,0.09989936721698157,53.04064963,roi,0.3714,-0.06,0.3622,-0.04573535932954975,0.3142,0.353,False,short_pullback_restart,1.0,True,1769655600000,1769832000000,"[{'amount': 1516.0, 'safe_price': 0.3504, 'ft_order_side': 'sell', 'order_filled_timestamp': 1769655600000, 'ft_is_entry': True, 'ft_order_tag': 'short_pullback_restart', 'cost': 531.4720032}, {'amount': 1516.0, 'safe_price': 0.315, 'ft_order_side': 'buy', 'order_filled_timestamp': 1769832000000, 'ft_is_entry': False, 'ft_order_tag': 'roi', 'cost': 477.77877}]",-0.12137716538185679,5,True,True,False,0.11428571428571746,0.37142857142857777,-0.004581901489117956,0.034936998854524594,0.03477765108323828,12.0,0.6430555555555556,0.2,-0.0012698010733612763,False,down,down,-0.021223122032951625,-0.019306099608282112,-0.02204241071428581,-0.02012859938495959,-0.023336386934865616,-0.10458626296948559,False,False,True,3y
ADA/USDT:USDT,472.648,472.648,1804.0,2026-02-10 07:00:00+00:00,2026-02-13 08:00:00+00:00,0.262,0.2619,0.0005,0.0005,4380,-0.0009663576139045301,-0.45651862,stale_loss_72h,0.2777,-0.06,0.2726,-0.03879406338646296,0.2502,0.2694,False,short_pullback_restart,1.0,True,1770706800000,1770969600000,"[{'amount': 1804.0, 'safe_price': 0.262, 'ft_order_side': 'sell', 'order_filled_timestamp': 1770706800000, 'ft_is_entry': True, 'ft_order_tag': 'short_pullback_restart', 'cost': 472.884324}, {'amount': 1804.0, 'safe_price': 0.2619, 'ft_order_side': 'buy', 'order_filled_timestamp': 1770969600000, 'ft_is_entry': False, 'ft_order_tag': 'stale_loss_72h', 'cost': 472.70383380000004}]",-0.164360824674948,4,True,True,True,0.7142857142857126,0.14285714285714934,0.008327024981074866,0.05319969159599066,0.03435114503816797,12.0,0.5805555555555556,0.6777777777777778,-0.006543788291301755,False,down,down,-0.013377926421404673,-0.015572858731924266,-0.023178807947019764,-0.024972456849063462,-0.06594031432013969,-0.24873782512651943,False,False,False,3y
ADA/USDT:USDT,779.7005,779.7005,2855.0,2026-02-22 13:00:00+00:00,2026-02-25 13:00:00+00:00,0.2731,0.28,0.0005,0.0005,4320,-0.026494324973774682,-20.64730961,trailing_stop_loss,0.2894,-0.06,0.28,-0.033593825899661534,0.2534,0.28,False,short_compression_breakdown,1.0,True,1771765200000,1772024400000,"[{'amount': 2855.0, 'safe_price': 0.2731, 'ft_order_side': 'sell', 'order_filled_timestamp': 1771765200000, 'ft_is_entry': True, 'ft_order_tag': 'short_compression_breakdown', 'cost': 780.09035025}, {'amount': 2855.0, 'safe_price': 0.28, 'ft_order_side': 'buy', 'order_filled_timestamp': 1772024400000, 'ft_is_entry': False, 'ft_order_tag': 'trailing_stop_loss', 'cost': 799.7997}]",-0.15825935755470097,2,False,False,True,0.7878787878787925,0.1212121212121258,0.006188569348379976,0.01929377502730261,0.01941391941391951,12.0,0.043055555555555555,0.11666666666666667,-0.0019049662842716142,False,down,down,0.0018175209014903437,0.0003629764065335994,-0.01465856274579902,-0.027179668196258278,-0.019324983701735743,-0.15043597085067983,False,False,False,3y
ADA/USDT:USDT,899.64,899.64,3570.0,2026-03-27 09:00:00+00:00,2026-04-01 07:00:00+00:00,0.252,0.2519,0.0005,0.0005,7080,-0.0012982868874301986,-1.16740682,stale_loss_72h,0.2671,-0.06,0.2578,-0.02303780260540189,0.2324,0.2547,False,short_compression_breakdown,1.0,True,1774602000000,1775026800000,"[{'amount': 3570.0, 'safe_price': 0.252, 'ft_order_side': 'sell', 'order_filled_timestamp': 1774602000000, 'ft_is_entry': True, 'ft_order_tag': 'short_compression_breakdown', 'cost': 900.0898199999999}, {'amount': 3570.0, 'safe_price': 0.2519, 'ft_order_side': 'buy', 'order_filled_timestamp': 1775026800000, 'ft_is_entry': False, 'ft_order_tag': 'stale_loss_72h', 'cost': 899.7326415}]",-0.624945318464922,2,False,False,True,0.49019607843137364,0.39215686274509887,0.0011885895404121333,0.01980982567353409,0.019833399444664834,17.0,0.16666666666666666,0.24444444444444444,-0.0051006681126510856,False,down,down,0.00275590551181093,-0.0031311154598826496,0.00513022888713488,-0.027491408934708028,-0.03971544587841258,-0.10118198246097909,False,False,True,3y
ADA/USDT:USDT,891.702,891.702,3780.0,2026-04-13 00:00:00+00:00,2026-04-13 12:00:00+00:00,0.2359,0.2413,0.0005,0.0005,720,-0.024262101455638875,-21.62374711,stop_loss,0.25,-0.06,0.2413,-0.022892263088250653,0.2357,0.2419,False,short_compression_breakdown,1.0,True,1776038400000,1776081600000,"[{'amount': 3780.0, 'safe_price': 0.2359, 'ft_order_side': 'sell', 'order_filled_timestamp': 1776038400000, 'ft_is_entry': True, 'ft_order_tag': 'short_compression_breakdown', 'cost': 892.147851}, {'amount': 3780.0, 'safe_price': 0.2413, 'ft_order_side': 'buy', 'order_filled_timestamp': 1776081600000, 'ft_is_entry': False, 'ft_order_tag': 'stop_loss', 'cost': 912.5700569999999}]",-0.309839114964204,0,True,True,True,0.6538461538461587,0.3076923076923069,0.0016927634363098241,0.01946677951756239,0.01949978804578208,14.0,0.2847222222222222,0.3055555555555556,-0.005667902430466554,False,range,range,-0.00042052144659388,-0.002936241610738244,-0.007929883138564353,-0.052232854864433964,-0.050086878004621305,-0.10957182064923565,True,False,True,3y
ADA/USDT:USDT,926.3156,926.3156,3962.0,2026-05-31 15:00:00+00:00,2026-06-02 23:00:00+00:00,0.2338,0.2102,0.0005,0.0005,3360,0.09994425666807405,92.53363412,roi,0.2478,-0.06,0.2388,-0.02172392978945581,0.2093,0.2375,False,short_pullback_restart,1.0,True,1780239600000,1780441200000,"[{'amount': 3962.0, 'safe_price': 0.2338, 'ft_order_side': 'sell', 'order_filled_timestamp': 1780239600000, 'ft_is_entry': True, 'ft_order_tag': 'short_pullback_restart', 'cost': 926.7787578}, {'amount': 3962.0, 'safe_price': 0.2102, 'ft_order_side': 'buy', 'order_filled_timestamp': 1780441200000, 'ft_is_entry': False, 'ft_order_tag': 'roi', 'cost': 833.2288062}]",-0.09000187620328101,1,True,False,False,0.6999999999999986,0.25,0.006372132540356845,0.014887282007656329,0.013681060282171904,14.0,0.18472222222222223,0.35555555555555557,-0.001879590796563635,False,down,down,-0.0008442380751372269,0.0008456659619451301,0.0004226542688081647,0.004668930390492321,-0.021997516393249428,-0.07133790006788765,False,False,False,3y
ADA/USDT:USDT,516.3273,516.3273,3057.0,2026-06-17 09:00:00+00:00,2026-06-18 00:00:00+00:00,0.1689,0.1668,0.0005,0.0005,900,0.01149361370833313,5.9314993,force_exit,0.179,-0.06,0.1754,-0.0406661641696735,0.1635,0.1728,False,short_compression_breakdown,1.0,True,1781686800000,1781740800000,"[{'amount': 3057.0, 'safe_price': 0.1689, 'ft_order_side': 'sell', 'order_filled_timestamp': 1781686800000, 'ft_is_entry': True, 'ft_order_tag': 'short_compression_breakdown', 'cost': 516.58546365}, {'amount': 3057.0, 'safe_price': 0.1668, 'ft_order_side': 'buy', 'order_filled_timestamp': 1781740800000, 'ft_is_entry': False, 'ft_order_tag': 'force_exit', 'cost': 510.16255379999996}]",0.024916746173256,3,True,True,False,0.7931034482758571,0.17241379310344762,0.007054673721340427,0.031746031746031675,0.03197158081705144,13.0,0.6027777777777777,0.65,-0.002876106519205557,False,range,range,-0.00926462072958878,-0.013832853025936509,-0.011554015020219577,-0.04199328107502798,-0.033741273392557614,-0.21828681351520074,False,False,False,3y
BNB/USDT:USDT,177.3156,177.3156,0.33,2024-07-04 02:00:00+00:00,2024-07-05 02:00:00+00:00,537.32,483.1,0.0005,0.0005,1440,0.1000086695622061,17.7242307,roi,569.55,-0.06,561.7,-0.04539175891897518,465.41,543.75,False,short_compression_breakdown,1.0,True,1720058400000,1720144800000,"[{'amount': 0.33, 'safe_price': 537.32, 'ft_order_side': 'sell', 'order_filled_timestamp': 1720058400000, 'ft_is_entry': True, 'ft_order_tag': 'short_compression_breakdown', 'cost': 177.4042578}, {'amount': 0.33, 'safe_price': 483.1, 'ft_order_side': 'buy', 'order_filled_timestamp': 1720144800000, 'ft_is_entry': False, 'ft_order_tag': 'roi', 'cost': 159.5027115}]",0.0,4,False,True,False,0.8798521256931597,0.10767097966728477,0.02312517043905084,0.019780019998181977,0.02024826456739805,12.0,0.7777777777777778,0.5888888888888889,-0.005339687515734437,False,down,range,-0.0014716703458426128,-0.002796049683651991,0.0004315537733983188,-0.04060904952407218,-0.06324494103195677,-0.08968478760729748,True,False,False,3y
BNB/USDT:USDT,313.9685,313.9685,0.59,2024-08-03 16:00:00+00:00,2024-08-05 00:00:00+00:00,532.15,478.46,0.0005,0.0005,1920,0.0999930482952648,31.37897005,roi,564.07,-0.06,546.43,-0.026849665162841818,472.01,534.19,False,short_pullback_restart,1.0,True,1722700800000,1722816000000,"[{'amount': 0.59, 'safe_price': 532.15, 'ft_order_side': 'sell', 'order_filled_timestamp': 1722700800000, 'ft_is_entry': True, 'ft_order_tag': 'short_pullback_restart', 'cost': 314.12548424999994}, {'amount': 0.59, 'safe_price': 478.46, 'ft_order_side': 'buy', 'order_filled_timestamp': 1722816000000, 'ft_is_entry': False, 'ft_order_tag': 'roi', 'cost': 282.43254569999993}]",0.0,0,False,False,False,0.8629232039636692,0.05450041288191308,0.0071086068250089725,0.03679628996084695,0.017908147925435908,12.0,0.7833333333333333,0.7944444444444444,-0.006953825386371348,False,range,range,0.00225350031401228,0.006137699567950516,0.009845340678565684,-0.030482793124396834,-0.06530851647398861,-0.06919274959340493,True,False,False,3y
BNB/USDT:USDT,190.78,190.78,0.4,2024-08-07 15:00:00+00:00,2024-08-08 15:00:00+00:00,476.95,498.78,0.0005,0.0005,1440,-0.046816289998442985,-8.927146,stop_loss,505.56,-0.06,498.78,-0.045780167888077816,467.4,499.19,False,short_pullback_restart,1.0,True,1723042800000,1723129200000,"[{'amount': 0.4, 'safe_price': 476.95, 'ft_order_side': 'sell', 'order_filled_timestamp': 1723042800000, 'ft_is_entry': True, 'ft_order_tag': 'short_pullback_restart', 'cost': 190.87538999999998}, {'amount': 0.4, 'safe_price': 498.78, 'ft_order_side': 'buy', 'order_filled_timestamp': 1723129200000, 'ft_is_entry': False, 'ft_order_tag': 'stop_loss', 'cost': 199.61175599999999}]",0.0,3,True,True,True,0.6115453998797366,0.3096812988574852,0.01686180738786281,0.04825827661054103,0.025810374470583305,12.0,0.9180555555555555,0.9277777777777778,-0.007391940538658215,False,down,range,-0.012326906311457164,-0.009414778966204351,-0.0027635619242579734,0.025341499863189565,-0.07798169404943989,-0.14550784202272882,False,False,True,3y
BNB/USDT:USDT,405.2776,405.2776,0.76,2024-08-31 17:00:00+00:00,2024-09-06 18:00:00+00:00,533.26,479.43,0.0005,0.0005,8700,0.09999324134971983,40.50475836,roi,565.25,-0.06,541.17,-0.016673135193089106,478.15,538.54,False,short_pullback_restart,1.0,True,1725123600000,1725645600000,"[{'amount': 0.76, 'safe_price': 533.26, 'ft_order_side': 'sell', 'order_filled_timestamp': 1725123600000, 'ft_is_entry': True, 'ft_order_tag': 'short_pullback_restart', 'cost': 405.4802388}, {'amount': 0.76, 'safe_price': 479.43, 'ft_order_side': 'buy', 'order_filled_timestamp': 1725645600000, 'ft_is_entry': False, 'ft_order_tag': 'roi', 'cost': 364.5489834}]",-0.021219440306557643,4,False,True,False,0.7106017191977111,0.26074498567334264,0.001553928818826954,0.037674712886093864,0.013294580911307018,17.0,0.008333333333333333,0.14444444444444443,-0.0023811487131367715,False,down,range,-0.0017327793407987402,0.0014579439252335735,-0.0024947870122133953,0.02373127483949844,-0.022389996530733258,-0.0290556770498841,False,False,False,3y
BNB/USDT:USDT,423.0464,423.0464,0.64,2025-01-28 22:00:00+00:00,2025-01-29 04:00:00+00:00,661.01,678.16,0.0005,0.0005,360,-0.02697160292525803,-11.4045344,stop_loss,700.67,-0.06,678.16,-0.025948335690836766,659.13,679.35,False,short_pullback_restart,1.0,True,1738101600000,1738123200000,"[{'amount': 0.64, 'safe_price': 661.01, 'ft_order_side': 'sell', 'order_filled_timestamp': 1738101600000, 'ft_is_entry': True, 'ft_order_tag': 'short_pullback_restart', 'cost': 423.2579232}, {'amount': 0.64, 'safe_price': 678.16, 'ft_order_side': 'buy', 'order_filled_timestamp': 1738123200000, 'ft_is_entry': False, 'ft_order_tag': 'stop_loss', 'cost': 434.2394112}]",0.0,2,True,True,True,0.5134751773049602,0.014184397163123655,0.004547987289730858,0.019908739062994184,0.01999969743271664,12.0,0.6291666666666667,0.5388888888888889,-0.002523152091965186,False,range,range,-0.012054998141954654,-0.011717123654315098,-0.01686290752026509,-0.012187147018607791,-0.02996669260250784,-0.03759594256180221,False,False,False,3y
BNB/USDT:USDT,415.9596,415.9596,0.69,2025-02-27 15:00:00+00:00,2025-03-02 16:00:00+00:00,602.84,613.05,0.0005,0.0005,4380,-0.018925381664694232,-7.86825809,stale_loss_72h,639.01,-0.06,620.65,-0.02955143181648534,559.56,631.8,False,short_pullback_restart,1.0,True,1740668400000,1740931200000,"[{'amount': 0.69, 'safe_price': 602.84, 'ft_order_side': 'sell', 'order_filled_timestamp': 1740668400000, 'ft_is_entry': True, 'ft_order_tag': 'short_pullback_restart', 'cost': 416.16757979999994}, {'amount': 0.69, 'safe_price': 613.05, 'ft_order_side': 'buy', 'order_filled_timestamp': 1740931200000, 'ft_is_entry': False, 'ft_order_tag': 'stale_loss_72h', 'cost': 423.2160022499999}]",-0.4038760382252691,6,False,True,True,0.7480748074807404,0.020902090209026832,0.008926956779061848,0.04323077182168793,0.018562139207750072,12.0,0.5472222222222223,0.6277777777777778,-0.004419592538919659,False,down,range,-0.008054149921085663,-0.012664788002461735,-0.005465015742508017,-0.01136787480742718,-0.04863720246593173,-0.07569245288289328,False,False,False,3y
BNB/USDT:USDT,443.6352,443.6352,0.72,2025-06-22 14:00:00+00:00,2025-06-23 22:00:00+00:00,616.16,636.1,0.0005,0.0005,1920,-0.03339460239078251,-14.8076136,stop_loss,653.12,-0.06,636.1,-0.032370500705732,600.91,642.56,False,short_pullback_restart,1.0,True,1750600800000,1750716000000,"[{'amount': 0.72, 'safe_price': 616.16, 'ft_order_side': 'sell', 'order_filled_timestamp': 1750600800000, 'ft_is_entry': True, 'ft_order_tag': 'short_pullback_restart', 'cost': 443.8570175999999}, {'amount': 0.72, 'safe_price': 636.1, 'ft_order_side': 'buy', 'order_filled_timestamp': 1750716000000, 'ft_is_entry': False, 'ft_order_tag': 'stop_loss', 'cost': 458.220996}]",0.0,0,True,False,True,0.8069828722002601,0.16534914361001188,0.01658313914514634,0.023352820859705917,0.014395845167572838,12.0,0.9333333333333333,0.9,-0.003948945831119155,False,down,range,0.000700692730312813,-0.009223637739656954,-0.004956295920952591,-0.01763409257898596,-0.04202888803402005,-0.04410505715383861,True,False,False,3y
BNB/USDT:USDT,572.7504,572.7504,0.68,2025-11-25 15:00:00+00:00,2025-11-25 23:00:00+00:00,842.28,866.81,0.0005,0.0005,480,-0.03015297005961308,-17.2614906,stop_loss,892.81,-0.06,866.81,-0.029128763825939652,837.54,868.1,False,short_pullback_restart,1.0,True,1764082800000,1764111600000,"[{'amount': 0.68, 'safe_price': 842.28, 'ft_order_side': 'sell', 'order_filled_timestamp': 1764082800000, 'ft_is_entry': True, 'ft_order_tag': 'short_pullback_restart', 'cost': 573.0367752}, {'amount': 0.68, 'safe_price': 866.81, 'ft_order_side': 'buy', 'order_filled_timestamp': 1764111600000, 'ft_is_entry': False, 'ft_order_tag': 'stop_loss', 'cost': 589.7255154}]",0.0,1,True,True,True,0.4422341239479687,0.3649579188982375,0.004432519325784261,0.04265060240963853,0.023009248815700423,12.0,0.2763888888888889,0.4166666666666667,-0.0029545673591241384,False,down,down,-0.007292776288527092,-0.009784918614698435,-0.015669614875687743,0.010991631100832011,-0.0333799775611765,-0.13713554024874197,False,False,True,3y
BNB/USDT:USDT,577.0677,577.0677,0.69,2026-01-31 09:00:00+00:00,2026-01-31 18:00:00+00:00,836.33,751.94,0.0005,0.0005,540,0.10000560047101138,57.68114685,roi,886.5,-0.06,863.33,-0.031683485126356326,749.21,841.47,False,short_pullback_restart,1.0,True,1769850000000,1769882400000,"[{'amount': 0.69, 'safe_price': 836.33, 'ft_order_side': 'sell', 'order_filled_timestamp': 1769850000000, 'ft_is_entry': True, 'ft_order_tag': 'short_pullback_restart', 'cost': 577.35623385}, {'amount': 0.69, 'safe_price': 751.94, 'ft_order_side': 'buy', 'order_filled_timestamp': 1769882400000, 'ft_is_entry': False, 'ft_order_tag': 'roi', 'cost': 519.0980193}]",0.0,5,False,True,False,0.7671052631578903,0.23157894736842663,0.011430395158335157,0.03674278846153852,0.01982494738855945,13.0,0.9486111111111111,0.9833333333333333,-0.004665652507679918,False,down,down,-0.004484673452376686,-0.007746404708690702,-0.0076651219398023995,0.000566378364346587,-0.04766100290057329,-0.0625041643715658,True,False,False,3y
BNB/USDT:USDT,593.939,593.939,0.94,2026-02-09 08:00:00+00:00,2026-02-14 09:00:00+00:00,631.85,627.23,0.0005,0.0005,7260,0.006318677262188901,3.7510324,stale_flat_120h,669.76,-0.06,654.49,-0.049426049727570254,587.03,644.13,False,short_pullback_restart,1.0,True,1770624000000,1771059600000,"[{'amount': 0.94, 'safe_price': 631.85, 'ft_order_side': 'sell', 'order_filled_timestamp': 1770624000000, 'ft_is_entry': True, 'ft_order_tag': 'short_pullback_restart', 'cost': 594.2359694999999}, {'amount': 0.94, 'safe_price': 627.23, 'ft_order_side': 'buy', 'order_filled_timestamp': 1771059600000, 'ft_is_entry': False, 'ft_order_tag': 'stale_flat_120h', 'cost': 589.8909980999999}]",0.0,5,True,False,False,0.6068642745709837,0.15600624024961077,0.002667550588755155,0.03351530975551855,0.03100419403339405,14.0,0.7444444444444445,0.85,-0.011000808975714982,False,down,down,-0.014356589147286769,-0.006361263500101466,-0.01629349962090143,-0.007571145350380171,-0.0971539310680406,-0.23714235469725675,False,False,False,3y
BNB/USDT:USDT,800.4683,800.4683,1.27,2026-03-22 00:00:00+00:00,2026-03-23 11:00:00+00:00,630.29,646.74,0.0005,0.0005,2100,-0.027242796982333773,-21.79609189,stop_loss,668.1,-0.06,646.74,-0.0261010184795889,620.0,650.68,False,short_pullback_restart,1.0,True,1774137600000,1774263600000,"[{'amount': 1.27, 'safe_price': 630.29, 'ft_order_side': 'sell', 'order_filled_timestamp': 1774137600000, 'ft_is_entry': True, 'ft_order_tag': 'short_pullback_restart', 'cost': 800.86853415}, {'amount': 1.27, 'safe_price': 646.74, 'ft_order_side': 'buy', 'order_filled_timestamp': 1774263600000, 'ft_is_entry': False, 'ft_order_tag': 'stop_loss', 'cost': 821.7704799}]",-0.09367784245544963,0,False,True,True,0.7998652291105168,0.20013477088948314,0.015986760963577054,0.009890315927627326,0.009233844738136493,20.0,0.0625,0.05,-0.002304918687225599,False,range,down,0.0011224919320893534,0.0014191254444513302,-0.0007935766968536484,-0.0021599278988096993,-0.029986918016886466,-0.06738136350724278,True,False,False,3y
BNB/USDT:USDT,947.608,947.608,1.55,2026-04-01 14:00:00+00:00,2026-04-06 15:00:00+00:00,611.36,607.38,0.0005,0.0005,7260,0.005560147350017124,5.26620569,stale_flat_120h,648.04,-0.06,623.4,-0.019707215265964306,570.71,619.98,False,short_pullback_restart,1.0,True,1775052000000,1775487600000,"[{'amount': 1.55, 'safe_price': 611.36, 'ft_order_side': 'sell', 'order_filled_timestamp': 1775052000000, 'ft_is_entry': True, 'ft_order_tag': 'short_pullback_restart', 'cost': 948.081804}, {'amount': 1.55, 'safe_price': 607.38, 'ft_order_side': 'buy', 'order_filled_timestamp': 1775487600000, 'ft_is_entry': False, 'ft_order_tag': 'stale_flat_120h', 'cost': 941.9097194999999}]",0.041729186680689215,0,True,True,False,0.5524372230428388,0.1683899556868522,0.003731829737305201,0.027474794145311097,0.014754232436411191,20.0,0.46111111111111114,0.25555555555555554,-0.0009471539681570329,False,range,down,-0.0014448521055878683,-0.0074871314927468235,-0.007102616668549944,0.014966502755684674,-0.014747060924234723,-0.06869225709055682,False,False,False,3y
BTC/USDT:USDT,312.3274,312.3274,0.011,2023-08-17 14:00:00+00:00,2023-08-17 21:00:00+00:00,28393.4,25531.3,0.0005,0.0005,420,0.10000033122846688,31.21722703,roi,30097.0,-0.06,28717.7,-0.01142170968869527,24581.0,28500.0,False,short_compression_breakdown,1.0,True,1692280800000,1692306000000,"[{'amount': 0.011, 'safe_price': 28393.4, 'ft_order_side': 'sell', 'order_filled_timestamp': 1692280800000, 'ft_is_entry': True, 'ft_order_tag': 'short_compression_breakdown', 'cost': 312.4835637}, {'amount': 0.011, 'safe_price': 25531.3, 'ft_order_side': 'buy', 'order_filled_timestamp': 1692306000000, 'ft_is_entry': False, 'ft_order_tag': 'roi', 'cost': 280.98472215}]",0.030712879999999998,3,False,False,False,0.5796407185628699,0.12395209580838759,0.001206573892977222,0.01436267613102108,0.00941419278491767,12.0,0.7222222222222222,0.7166666666666667,-0.003597573343140037,False,down,range,-0.0032536708754473675,-0.006475843742807519,-0.0026744613445820464,-0.022674959092452762,-0.02678581579059014,-0.027808538566717944,True,False,False,3y
BTC/USDT:USDT,333.6333,333.6333,0.013,2023-09-04 22:00:00+00:00,2023-09-06 17:00:00+00:00,25664.1,25981.6,0.0005,0.0005,2580,-0.013319072265917425,-4.44146419,trailing_stop_loss,27203.9,-0.06,25981.6,-0.00906441820916326,25326.0,26052.0,False,short_pullback_restart,1.0,True,1693864800000,1694019600000,"[{'amount': 0.013, 'safe_price': 25664.1, 'ft_order_side': 'sell', 'order_filled_timestamp': 1693864800000, 'ft_is_entry': True, 'ft_order_tag': 'short_pullback_restart', 'cost': 333.80011664999995}, {'amount': 0.013, 'safe_price': 25981.6, 'ft_order_side': 'buy', 'order_filled_timestamp': 1694019600000, 'ft_is_entry': False, 'ft_order_tag': 'trailing_stop_loss', 'cost': 337.92968039999994}]",0.021732855232675177,2,True,True,True,0.712813620071692,0.24238351254479557,0.0016882232811436916,0.010358844695127852,0.010376362311555804,12.0,0.5541666666666667,0.5111111111111111,-0.0016240445291603178,False,down,range,-0.0027573422927649194,-0.0006501573148504081,-0.005798172767068288,-0.008314259819659275,-0.019214936973039998,-0.07222737165891602,False,False,False,3y
BTC/USDT:USDT,202.043,202.043,0.005,2024-01-19 17:00:00+00:00,2024-01-19 18:00:00+00:00,40408.6,41641.0,0.0005,0.0005,60,-0.0315294722142182,-6.367124,stop_loss,42833.1,-0.06,41641.0,-0.030498554917764986,40300.0,42000.0,False,short_compression_breakdown,1.0,True,1705683600000,1705687200000,"[{'amount': 0.005, 'safe_price': 40408.6, 'ft_order_side': 'sell', 'order_filled_timestamp': 1705683600000, 'ft_is_entry': True, 'ft_order_tag': 'short_compression_breakdown', 'cost': 202.1440215}, {'amount': 0.005, 'safe_price': 41641.0, 'ft_order_side': 'buy', 'order_filled_timestamp': 1705687200000, 'ft_is_entry': False, 'ft_order_tag': 'stop_loss', 'cost': 208.3091025}]",0.0,4,True,True,True,0.753858024691358,0.14907407407407183,0.007610791163721686,0.022242929074387425,0.021277648817331036,19.0,0.6694444444444444,0.6277777777777778,-0.004297810732318497,False,down,range,-0.0108452209919363,-0.012066237483845277,-0.003722308025861376,-0.0404022628458266,-0.05699727822802869,-0.040480989092813835,True,False,False,3y
BTC/USDT:USDT,330.9112,330.9112,0.008,2024-01-22 02:00:00+00:00,2024-01-26 15:00:00+00:00,41363.9,41581.1,0.0005,0.0005,6540,-0.004998501985260918,-1.65323326,stale_loss_72h,43845.7,-0.06,41910.9,-0.013224998126385445,38545.0,41587.3,False,short_pullback_restart,1.0,True,1705888800000,1706281200000,"[{'amount': 0.008, 'safe_price': 41363.9, 'ft_order_side': 'sell', 'order_filled_timestamp': 1705888800000, 'ft_is_entry': True, 'ft_order_tag': 'short_pullback_restart', 'cost': 331.0766556}, {'amount': 0.008, 'safe_price': 41581.1, 'ft_order_side': 'buy', 'order_filled_timestamp': 1706281200000, 'ft_is_entry': False, 'ft_order_tag': 'stale_loss_72h', 'cost': 332.8151244}]",0.41614674161324006,4,False,False,True,0.27088167053366574,0.34338747099766004,-0.001332939106494564,0.014994353185239867,0.014974393230906364,28.0,0.075,0.05,-0.0024805000944531086,False,down,range,-0.0065519121352075604,-0.008563991447992803,-0.01170030773935804,-0.007176648769048777,-0.023662101485583564,-0.015745670099034492,False,False,True,3y
BTC/USDT:USDT,380.6304,380.6304,0.006,2024-04-25 11:00:00+00:00,2024-04-25 17:00:00+00:00,63438.4,64807.3,0.0005,0.0005,360,-0.022588977327449064,-8.59375245,stop_loss,67244.7,-0.06,64807.3,-0.0215794721730056,62721.3,64850.0,False,short_compression_breakdown,1.0,True,1714042800000,1714064400000,"[{'amount': 0.006, 'safe_price': 63438.4, 'ft_order_side': 'sell', 'order_filled_timestamp': 1714042800000, 'ft_is_entry': True, 'ft_order_tag': 'short_compression_breakdown', 'cost': 380.8207152}, {'amount': 0.006, 'safe_price': 64807.3, 'ft_order_side': 'buy', 'order_filled_timestamp': 1714064400000, 'ft_is_entry': False, 'ft_order_tag': 'stop_loss', 'cost': 389.0382219}]",0.004384647050681016,3,True,True,True,0.7856702619414394,0.2130970724191108,0.003920675794498133,0.017909555642941385,0.01616688971804097,13.0,0.37777777777777777,0.17222222222222222,-0.002161276016287239,False,down,range,-0.0048599061631952045,-0.004852163087457284,-0.006430803221150305,-0.03588508090048903,-0.025946726957465582,-0.019431376342385676,True,False,False,3y
BTC/USDT:USDT,306.134,306.134,0.005,2024-05-08 23:00:00+00:00,2024-05-09 22:00:00+00:00,61226.8,62900.8,0.0005,0.0005,1380,-0.028205579528708738,-8.63036954,trailing_stop_loss,64900.4,-0.06,62900.8,-0.029255615621880837,60550.0,63447.2,False,short_compression_breakdown,1.0,True,1715209200000,1715292000000,"[{'amount': 0.005, 'safe_price': 61226.8, 'ft_order_side': 'sell', 'order_filled_timestamp': 1715209200000, 'ft_is_entry': True, 'ft_order_tag': 'short_compression_breakdown', 'cost': 306.287067}, {'amount': 0.005, 'safe_price': 62900.8, 'ft_order_side': 'buy', 'order_filled_timestamp': 1715292000000, 'ft_is_entry': False, 'ft_order_tag': 'trailing_stop_loss', 'cost': 314.661252}]",0.049949463201204226,3,True,True,True,0.4872742200328466,0.3298440065681405,0.001733161593269576,0.023918608253305725,0.02396013503912509,17.0,0.46111111111111114,0.4111111111111111,-0.0014749266715715637,False,down,range,-0.016428070781845605,-0.012655055757423983,-0.013190849891467682,-0.025004639889086855,-0.021356961363235727,-0.03880923774894274,True,False,True,3y
BTC/USDT:USDT,318.068,318.068,0.005,2024-06-21 09:00:00+00:00,2024-07-01 02:00:00+00:00,63613.6,63631.9,0.0005,0.0005,13980,0.0012386654109025664,0.39378284,stale_flat_120h,67430.4,-0.06,65232.2,-0.025445399057748785,58218.0,64520.0,False,short_compression_breakdown,1.0,True,1718960400000,1719799200000,"[{'amount': 0.005, 'safe_price': 63613.6, 'ft_order_side': 'sell', 'order_filled_timestamp': 1718960400000, 'ft_is_entry': True, 'ft_order_tag': 'short_compression_breakdown', 'cost': 318.22703399999995}, {'amount': 0.005, 'safe_price': 63631.9, 'ft_order_side': 'buy', 'order_filled_timestamp': 1719799200000, 'ft_is_entry': False, 'ft_order_tag': 'stale_flat_120h', 'cost': 318.31857975}]",0.8033965856931451,0,True,True,False,0.6542196531791924,0.1486705202312122,0.008625915773036338,0.015537557408703214,0.015672749223436498,13.0,0.5222222222222223,0.5277777777777778,-0.0034310858351783713,False,down,range,-0.00725001972215733,-0.011910150416454934,-0.013124126403712633,-0.025094407835774324,-0.03473034505619854,-0.04503452606893521,True,False,False,3y
BTC/USDT:USDT,342.6246,342.6246,0.006,2024-09-05 04:00:00+00:00,2024-09-09 20:00:00+00:00,57104.1,57060.1,0.0005,0.0005,6720,-0.000545721290209123,-0.18688405,stale_loss_72h,60530.3,-0.06,58586.8,-0.025966037246012208,52510.8,57300.0,False,short_pullback_restart,1.0,True,1725508800000,1725912000000,"[{'amount': 0.006, 'safe_price': 57104.1, 'ft_order_side': 'sell', 'order_filled_timestamp': 1725508800000, 'ft_is_entry': True, 'ft_order_tag': 'short_pullback_restart', 'cost': 342.79591229999994}, {'amount': 0.006, 'safe_price': 57060.1, 'ft_order_side': 'buy', 'order_filled_timestamp': 1725912000000, 'ft_is_entry': False, 'ft_order_tag': 'stale_loss_72h', 'cost': 342.5317803}]",-0.10839144567310749,0,False,True,True,0.7069929201341515,0.29151658179107875,0.003808284370507915,0.0426339249909549,0.020621986862589526,12.0,0.5263888888888889,0.5111111111111111,-0.0023615154146865436,False,down,range,-0.004685493780287486,-0.005980665387803952,0.003427499682477908,0.018673133613936743,-0.028370700916749758,-0.05757069526759395,False,False,False,3y
BTC/USDT:USDT,469.2955,469.2955,0.005,2025-01-12 10:00:00+00:00,2025-01-12 15:00:00+00:00,93859.1,95051.1,0.0005,0.0005,300,-0.013713093875017578,-6.4322755,trailing_stop_loss,99490.6,-0.06,95051.1,-0.011548059936572708,93783.0,95444.0,False,short_pullback_restart,1.0,True,1736676000000,1736694000000,"[{'amount': 0.005, 'safe_price': 93859.1, 'ft_order_side': 'sell', 'order_filled_timestamp': 1736676000000, 'ft_is_entry': True, 'ft_order_tag': 'short_pullback_restart', 'cost': 469.53014775}, {'amount': 0.005, 'safe_price': 95051.1, 'ft_order_side': 'buy', 'order_filled_timestamp': 1736694000000, 'ft_is_entry': False, 'ft_order_tag': 'trailing_stop_loss', 'cost': 475.49312775000004}]",0.0,6,True,True,True,0.5301362194439155,0.36947191640231786,0.0022334621746543104,0.01112376653928446,0.00978914138320102,13.0,0.034722222222222224,0.18333333333333332,-0.0015216417279905192,False,down,range,-0.003960117396373475,-0.004651993855139036,-0.0043088085203144555,0.001134667001289058,-0.017165907847486617,-0.005505607187461181,False,False,True,3y
BTC/USDT:USDT,479.1775,479.1775,0.005,2025-02-09 14:00:00+00:00,2025-02-10 05:00:00+00:00,95835.5,97377.7,0.0005,0.0005,900,-0.017062033967351755,-8.17165491,stop_loss,101585.6,-0.06,97377.7,-0.01609259812386843,94650.1,97634.0,False,short_pullback_restart,1.0,True,1739109600000,1739163600000,"[{'amount': 0.005, 'safe_price': 95835.5, 'ft_order_side': 'sell', 'order_filled_timestamp': 1739109600000, 'ft_is_entry': True, 'ft_order_tag': 'short_pullback_restart', 'cost': 479.41708875}, {'amount': 0.005, 'safe_price': 97377.7, 'ft_order_side': 'buy', 'order_filled_timestamp': 1739163600000, 'ft_is_entry': False, 'ft_order_tag': 'stop_loss', 'cost': 487.13194425}]",0.022378088183196608,0,True,True,True,0.8861492859067632,0.0926973861492902,0.004922666068595507,0.01780020920502089,0.010352113778297095,12.0,0.06666666666666667,0.05,-0.0019900331885551736,False,down,range,-0.004020325610248232,-0.004852331336366089,-0.00027869842654548727,0.0049543052047802405,-0.023919599469046537,-0.026054523936596685,False,False,False,3y
BTC/USDT:USDT,435.75,435.75,0.005,2025-02-26 14:00:00+00:00,2025-02-28 08:00:00+00:00,87150.0,78396.2,0.0005,0.0005,2520,0.10000043549026377,43.55340217,roi,92379.0,-0.06,89539.7,-0.027420844090648266,78200.2,88500.0,False,short_pullback_restart,1.0,True,1740578400000,1740729600000,"[{'amount': 0.005, 'safe_price': 87150.0, 'ft_order_side': 'sell', 'order_filled_timestamp': 1740578400000, 'ft_is_entry': True, 'ft_order_tag': 'short_pullback_restart', 'cost': 435.967875}, {'amount': 0.005, 'safe_price': 78396.2, 'ft_order_side': 'buy', 'order_filled_timestamp': 1740729600000, 'ft_is_entry': False, 'ft_order_tag': 'roi', 'cost': 392.1769905}]",0.1982676700128834,4,True,True,False,0.7171128107074626,0.14340344168260039,0.0046620419332512215,0.03890588744065375,0.020756167527251963,14.0,0.8638888888888889,0.9,-0.007328009265991975,False,down,range,-0.013235442696931887,-0.011035004185380948,-0.002292796985312484,-0.016228315612758837,-0.06960917096025065,-0.09748380679629542,False,False,False,3y
BTC/USDT:USDT,595.5348,595.5348,0.007,2025-03-02 15:00:00+00:00,2025-03-02 15:00:00+00:00,85076.4,86618.0,0.0005,0.0005,0,-0.019138813239221834,-11.3921304,stop_loss,90180.9,-0.06,86618.0,-0.018121285691449218,85030.1,88644.0,False,short_pullback_restart,1.0,True,1740927600000,1740927600000,"[{'amount': 0.007, 'safe_price': 85076.4, 'ft_order_side': 'sell', 'order_filled_timestamp': 1740927600000, 'ft_is_entry': True, 'ft_order_tag': 'short_pullback_restart', 'cost': 595.8325674}, {'amount': 0.007, 'safe_price': 86618.0, 'ft_order_side': 'buy', 'order_filled_timestamp': 1740927600000, 'ft_is_entry': False, 'ft_order_tag': 'stop_loss', 'cost': 606.629163}]",0.0,6,True,True,True,0.7018096906012741,0.0715703444249888,0.004238141163692102,0.025370254484772703,0.012654523057537831,16.0,0.45416666666666666,0.8222222222222222,-0.0023174674783101867,False,down,range,-0.003170447934845888,-0.005962311785166485,-0.007212059341899502,0.014116131995185022,-0.035033029955477746,-0.10649330962472359,False,False,False,3y
BTC/USDT:USDT,513.1974,513.1974,0.006,2025-03-09 10:00:00+00:00,2025-03-11 00:00:00+00:00,85532.9,76922.2,0.0005,0.0005,2280,0.09999981346775348,51.29398445,roi,90664.8,-0.06,86564.5,-0.01206195218448114,76560.0,85588.6,False,short_pullback_restart,1.0,True,1741514400000,1741651200000,"[{'amount': 0.006, 'safe_price': 85532.9, 'ft_order_side': 'sell', 'order_filled_timestamp': 1741514400000, 'ft_is_entry': True, 'ft_order_tag': 'short_pullback_restart', 'cost': 513.4539986999999}, {'amount': 0.006, 'safe_price': 76922.2, 'ft_order_side': 'buy', 'order_filled_timestamp': 1741651200000, 'ft_is_entry': False, 'ft_order_tag': 'roi', 'cost': 461.76396659999995}]",0.1171497510967441,1,False,False,False,0.7762844136136924,0.16334272707565156,0.00605157904728656,0.013330114574532039,0.013411273959019863,18.0,0.3875,0.6666666666666666,-0.0030046532532491677,False,down,range,-0.003861894191552806,-0.0063210772667759985,-0.007530574830010961,-0.0043593399877776,-0.033292852801716455,-0.08921564767649992,True,False,False,3y
BTC/USDT:USDT,408.6525,408.6525,0.005,2025-03-13 14:00:00+00:00,2025-03-14 15:00:00+00:00,81730.5,84464.4,0.0005,0.0005,1500,-0.03434545159353892,-14.02833698,stop_loss,86634.3,-0.06,84464.4,-0.03345044842500666,79903.4,85270.2,False,short_pullback_restart,1.0,True,1741874400000,1741964400000,"[{'amount': 0.005, 'safe_price': 81730.5, 'ft_order_side': 'sell', 'order_filled_timestamp': 1741874400000, 'ft_is_entry': True, 'ft_order_tag': 'short_pullback_restart', 'cost': 408.85682625}, {'amount': 0.005, 'safe_price': 84464.4, 'ft_order_side': 'buy', 'order_filled_timestamp': 1741964400000, 'ft_is_entry': False, 'ft_order_tag': 'stop_loss', 'cost': 422.533161}]",0.056650268811105645,4,True,False,True,0.22841656987998515,0.48364305071622,-0.005033351316886556,0.04627288917018815,0.03356371200429451,22.0,0.575,0.6611111111111111,-0.0027057977490493323,False,down,range,-0.01704907622774743,-0.016697847049694015,-0.025633994907058533,-0.011122820475281792,-0.025596067106781084,-0.10339580902880108,False,False,True,3y
BTC/USDT:USDT,491.4738,491.4738,0.006,2025-04-03 13:00:00+00:00,2025-04-04 08:00:00+00:00,81912.3,84029.5,0.0005,0.0005,1140,-0.026716485835884242,-13.12388759,stop_loss,86827.0,-0.06,84029.5,-0.025847442172909352,81172.2,84621.6,False,short_pullback_restart,1.0,True,1743685200000,1743753600000,"[{'amount': 0.006, 'safe_price': 81912.3, 'ft_order_side': 'sell', 'order_filled_timestamp': 1743685200000, 'ft_is_entry': True, 'ft_order_tag': 'short_pullback_restart', 'cost': 491.71953690000004}, {'amount': 0.006, 'safe_price': 84029.5, 'ft_order_side': 'buy', 'order_filled_timestamp': 1743753600000, 'ft_is_entry': False, 'ft_order_tag': 'stop_loss', 'cost': 504.4290885}]",0.0771378101617354,4,True,True,True,0.8936817472698885,0.06419656786271678,0.002739315755448499,0.021328921208756485,0.021387508347342148,13.0,0.7041666666666667,0.6333333333333333,-0.0020276642111669574,False,down,range,-0.0069441372375771415,-0.0029865473328137826,0.006946709163230702,-0.017394153917499766,-0.026587920322346692,-0.06316130634938055,False,False,False,3y
BTC/USDT:USDT,392.202,392.202,0.005,2025-04-08 15:00:00+00:00,2025-04-09 17:00:00+00:00,78440.4,80581.3,0.0005,0.0005,1560,-0.028151434807872626,-11.03552851,trailing_stop_loss,83146.8,-0.06,80581.3,-0.042085882033442434,74578.5,82277.0,False,short_pullback_restart,1.0,True,1744124400000,1744218000000,"[{'amount': 0.005, 'safe_price': 78440.4, 'ft_order_side': 'sell', 'order_filled_timestamp': 1744124400000, 'ft_is_entry': True, 'ft_order_tag': 'short_pullback_restart', 'cost': 392.398101}, {'amount': 0.005, 'safe_price': 80581.3, 'ft_order_side': 'buy', 'order_filled_timestamp': 1744218000000, 'ft_is_entry': False, 'ft_order_tag': 'trailing_stop_loss', 'cost': 403.10795325000004}]",0.06652574179296425,2,False,True,True,0.780620967297198,0.009595764628023102,0.004410570137584404,0.04619958427492732,0.026059242355670933,12.0,0.9083333333333333,0.8944444444444445,-0.0037108729024472042,False,down,range,0.011101657145172528,0.005127843662443343,-0.008788044287771246,0.01961315068073377,-0.039401702504244906,-0.08898214105454427,False,False,False,3y
BTC/USDT:USDT,674.1048,674.1048,0.006,2025-08-21 17:00:00+00:00,2025-08-22 14:00:00+00:00,112350.8,114093.8,0.0005,0.0005,1260,-0.01635619785787443,-11.02027859,trailing_stop_loss,119091.8,-0.06,114093.8,-0.0172458766347241,111625.9,116099.9,False,short_pullback_restart,1.0,True,1755795600000,1755871200000,"[{'amount': 0.006, 'safe_price': 112350.8, 'ft_order_side': 'sell', 'order_filled_timestamp': 1755795600000, 'ft_is_entry': True, 'ft_order_tag': 'short_pullback_restart', 'cost': 674.4418524}, {'amount': 0.006, 'safe_price': 114093.8, 'ft_order_side': 'buy', 'order_filled_timestamp': 1755871200000, 'ft_is_entry': False, 'ft_order_tag': 'trailing_stop_loss', 'cost': 684.9050814}]",0.11705520624000001,4,True,True,True,0.5944734876773712,0.11904406273337878,0.0017290799979385323,0.012898794619771326,0.012921136298094998,12.0,0.7041666666666667,0.5444444444444444,-0.0033110555115176687,False,down,range,-0.0027154708423001717,-0.005149449628306102,-0.010211382285112869,-0.004837727389074731,-0.02867918530985314,-0.02132329501003616,False,False,False,3y
BTC/USDT:USDT,668.55,668.55,0.006,2025-08-29 02:00:00+00:00,2025-09-03 03:00:00+00:00,111425.0,111327.9,0.0005,0.0005,7260,0.0007153928920185169,0.47803678,stale_flat_120h,118110.5,-0.06,113382.3,-0.019272357367278392,107211.5,111797.2,False,short_pullback_restart,1.0,True,1756432800000,1756868400000,"[{'amount': 0.006, 'safe_price': 111425.0, 'ft_order_side': 'sell', 'order_filled_timestamp': 1756432800000, 'ft_is_entry': True, 'ft_order_tag': 'short_pullback_restart', 'cost': 668.884275}, {'amount': 0.006, 'safe_price': 111327.9, 'ft_order_side': 'buy', 'order_filled_timestamp': 1756868400000, 'ft_is_entry': False, 'ft_order_tag': 'stale_flat_120h', 'cost': 668.3013837}]",0.5636954834657016,2,True,True,False,0.1342298288508415,0.1444987775061267,-0.00017961366895943514,0.017245606425140062,0.017242509434758416,12.0,0.5138888888888888,0.7666666666666667,-0.0009735722640180633,False,down,range,-0.007720941830228312,-0.003930641212107067,-0.01207673572598289,-0.001568995009861185,-0.013257474159467209,-0.023919450883535753,False,False,False,3y
BTC/USDT:USDT,416.6572,416.6572,0.004,2025-11-04 06:00:00+00:00,2025-11-09 16:00:00+00:00,104164.3,103715.8,0.0005,0.0005,7800,0.004146374497774663,1.72675298,stale_flat_120h,110414.1,-0.06,107752.4,-0.03335694495858044,98888.8,105190.0,False,short_pullback_restart,1.0,True,1762236000000,1762704000000,"[{'amount': 0.004, 'safe_price': 104164.3, 'ft_order_side': 'sell', 'order_filled_timestamp': 1762236000000, 'ft_is_entry': True, 'ft_order_tag': 'short_pullback_restart', 'cost': 416.8655286}, {'amount': 0.004, 'safe_price': 103715.8, 'ft_order_side': 'buy', 'order_filled_timestamp': 1762704000000, 'ft_is_entry': False, 'ft_order_tag': 'stale_flat_120h', 'cost': 415.07063159999996}]",0.3485131784443406,6,False,True,False,0.9873201089070378,0.012640995721509141,0.01499573050049128,0.023715099715099688,0.01965260650721976,12.0,0.9222222222222223,0.6166666666666667,-0.004228969092652024,False,down,range,-0.0026936845155199896,0.002453927787631871,0.0005513671655226204,-0.010580116798554973,-0.05004414854622352,-0.06972196022677246,False,False,False,3y
BTC/USDT:USDT,782.8092,782.8092,0.009,2026-01-29 15:00:00+00:00,2026-01-31 17:00:00+00:00,86978.8,78228.0,0.0005,0.0005,3000,0.10000027354950419,78.24199357,roi,92197.5,-0.06,88560.6,-0.051514245832442906,78010.1,87013.7,False,short_compression_breakdown,1.0,True,1769698800000,1769878800000,"[{'amount': 0.009, 'safe_price': 86978.8, 'ft_order_side': 'sell', 'order_filled_timestamp': 1769698800000, 'ft_is_entry': True, 'ft_order_tag': 'short_compression_breakdown', 'cost': 783.2006045999999}, {'amount': 0.009, 'safe_price': 78228.0, 'ft_order_side': 'buy', 'order_filled_timestamp': 1769878800000, 'ft_is_entry': False, 'ft_order_tag': 'roi', 'cost': 704.4040259999998}]",0.22822417042566315,5,False,False,False,0.9455663668074273,0.0299247292087309,0.007660002669706123,0.01222816631127618,0.0123225571318034,12.0,0.5972222222222222,1.0,-0.0030891340941264778,False,down,down,0.0010088705540598486,-0.0034208687715785446,-0.006243105089446033,-0.02451005928834038,-0.024042168967083888,-0.04439430767155517,False,False,False,3y
BTC/USDT:USDT,535.2074,535.2074,0.007,2026-02-03 17:00:00+00:00,2026-02-05 15:00:00+00:00,76458.2,68756.7,0.0005,0.0005,2760,0.1000005822898243,53.49429112,roi,81045.6,-0.06,79200.6,-0.035868189252428184,66666.0,76952.5,False,short_pullback_restart,1.0,True,1770138000000,1770303600000,"[{'amount': 0.007, 'safe_price': 76458.2, 'ft_order_side': 'sell', 'order_filled_timestamp': 1770138000000, 'ft_is_entry': True, 'ft_order_tag': 'short_pullback_restart', 'cost': 535.4750037}, {'amount': 0.007, 'safe_price': 68756.7, 'ft_order_side': 'buy', 'order_filled_timestamp': 1770303600000, 'ft_is_entry': False, 'ft_order_tag': 'roi', 'cost': 481.53754845}]",0.0920432680996149,3,False,False,False,0.9894163894768673,0.006168732990624185,0.007042811410315555,0.026603723352445763,0.026792417294678662,14.0,0.9291666666666667,1.0,-0.007835471372898306,False,down,down,-0.00249968706012782,-0.0032851955610293526,-0.007833750684468455,-0.008965667774103236,-0.06813518082902736,-0.13888502869358865,False,False,False,3y
BTC/USDT:USDT,814.5204,814.5204,0.012,2026-03-27 09:00:00+00:00,2026-03-30 13:00:00+00:00,67876.7,67859.4,0.0005,0.0005,4560,-0.0009597030213662201,-0.78130684,stale_loss_72h,71949.3,-0.06,69313.6,-0.04612760706728625,64918.2,68148.4,False,short_compression_breakdown,1.0,True,1774602000000,1774875600000,"[{'amount': 0.012, 'safe_price': 67876.7, 'ft_order_side': 'sell', 'order_filled_timestamp': 1774602000000, 'ft_is_entry': True, 'ft_order_tag': 'short_compression_breakdown', 'cost': 814.9276602}, {'amount': 0.012, 'safe_price': 67859.4, 'ft_order_side': 'buy', 'order_filled_timestamp': 1774875600000, 'ft_is_entry': False, 'ft_order_tag': 'stale_loss_72h', 'cost': 814.7199563999999}]",-0.17449024498662327,0,False,False,True,0.5898669685819422,0.2987074252288023,0.005575968542512604,0.0198309349666304,0.017817627871755636,13.0,0.25277777777777777,0.5611111111111111,-0.003734656734663333,False,down,down,-0.0005617141473178711,-0.007457647747491913,-1.4597964751783543e-05,-0.022155828805860756,-0.030259086621943432,-0.054419732297710355,True,False,False,3y
BTC/USDT:USDT,735.6444,735.6444,0.012,2026-06-07 20:00:00+00:00,2026-06-07 22:00:00+00:00,61303.7,63043.1,0.0005,0.0005,120,-0.029402379258000075,-21.6188808,stop_loss,64981.9,-0.06,63043.1,-0.028374600044532405,61189.7,64250.0,False,short_pullback_restart,1.0,True,1780862400000,1780869600000,"[{'amount': 0.012, 'safe_price': 61303.7, 'ft_order_side': 'sell', 'order_filled_timestamp': 1780862400000, 'ft_is_entry': True, 'ft_order_tag': 'short_pullback_restart', 'cost': 736.0122222}, {'amount': 0.012, 'safe_price': 63043.1, 'ft_order_side': 'buy', 'order_filled_timestamp': 1780869600000, 'ft_is_entry': False, 'ft_order_tag': 'stop_loss', 'cost': 756.8954586}]",0.0,6,True,True,True,0.8124345092560187,0.17883339154733446,0.003337717508466156,0.04226527570789868,0.023380279852146243,14.0,0.8375,0.8944444444444445,-0.007126348285878548,False,down,down,-0.0011277299119082373,0.0021092238541096098,-0.0012644953857999797,0.023027423027423,-0.06649475107351488,-0.16331186817055854,False,False,False,3y
BTC/USDT:USDT,995.9104,995.9104,0.016,2026-06-09 14:00:00+00:00,2026-06-11 17:00:00+00:00,62244.4,63592.2,0.0005,0.0005,3060,-0.022628898410573698,-22.52508709,stop_loss,65979.0,-0.06,63592.2,-0.02165415683981209,60691.9,63643.0,False,short_pullback_restart,1.0,True,1781013600000,1781197200000,"[{'amount': 0.016, 'safe_price': 62244.4, 'ft_order_side': 'sell', 'order_filled_timestamp': 1781013600000, 'ft_is_entry': True, 'ft_order_tag': 'short_pullback_restart', 'cost': 996.4083552000001}, {'amount': 0.016, 'safe_price': 63592.2, 'ft_order_side': 'buy', 'order_filled_timestamp': 1781197200000, 'ft_is_entry': False, 'ft_order_tag': 'stop_loss', 'cost': 1017.9839375999999}]",0.04640571264638711,3,True,False,True,0.5655630161302806,0.336266110982479,0.009873641851106663,0.022131187122736443,0.022351881596316816,14.0,0.7986111111111112,0.8333333333333334,-0.004731367914143747,False,down,down,-0.008057370517928208,-0.014665003450961556,-0.007786982588083746,-0.023166762397089702,-0.049300229195558876,-0.15075512181597406,True,False,True,3y
DOGE/USDT:USDT,341.11506,341.11506,5478.0,2023-09-04 22:00:00+00:00,2023-09-05 02:00:00+00:00,0.06227,0.06352,0.0005,0.0005,240,-0.02105257855164149,-7.17776092,stop_loss,0.066,-0.06,0.06352,-0.020177478523799586,0.06218,0.06354,False,short_pullback_restart,1.0,True,1693864800000,1693879200000,"[{'amount': 5478.0, 'safe_price': 0.06227, 'ft_order_side': 'sell', 'order_filled_timestamp': 1693864800000, 'ft_is_entry': True, 'ft_order_tag': 'short_pullback_restart', 'cost': 341.28561752999997}, {'amount': 5478.0, 'safe_price': 0.06352, 'ft_order_side': 'buy', 'order_filled_timestamp': 1693879200000, 'ft_is_entry': False, 'ft_order_tag': 'stop_loss', 'cost': 348.1365412799999}]",0.014277889740945602,1,True,True,True,0.6981132075471685,0.2735849056603764,0.0036800000000000166,0.01536000000000004,0.015416733579572869,16.0,0.3263888888888889,0.24444444444444444,-0.0013426922281091214,False,down,range,-0.0030063291139241777,-0.001268029798700221,-0.0045813586097945835,-0.0036369386464264464,-0.023478065694763295,-0.08088963822625972,False,False,False,3y
DOGE/USDT:USDT,202.79168,202.79168,1664.0,2024-06-19 15:00:00+00:00,2024-06-20 11:00:00+00:00,0.12187,0.12701,0.0005,0.0005,1200,-0.043248268738329244,-8.76600388,stop_loss,0.12918,-0.06,0.12701,-0.042210836646065175,0.12137,0.12872,False,short_pullback_restart,1.0,True,1718809200000,1718881200000,"[{'amount': 1664.0, 'safe_price': 0.12187, 'ft_order_side': 'sell', 'order_filled_timestamp': 1718809200000, 'ft_is_entry': True, 'ft_order_tag': 'short_pullback_restart', 'cost': 202.89307584}, {'amount': 1664.0, 'safe_price': 0.12701, 'ft_order_side': 'buy', 'order_filled_timestamp': 1718881200000, 'ft_is_entry': False, 'ft_order_tag': 'stop_loss', 'cost': 211.45031232000002}]",-0.005975716157632002,3,True,True,True,0.8687782805429872,0.11764705882352756,0.009107171897869653,0.07774753317454924,0.03052683407188578,12.0,0.6625,0.8222222222222222,-0.009823714666666206,False,down,range,-0.016057233704292462,-0.012839939389105992,0.001213297743266173,0.039294710327455906,-0.09163990702951486,-0.1844400008115501,False,False,False,3y
DOGE/USDT:USDT,269.59755,269.59755,2229.0,2024-06-27 06:00:00+00:00,2024-06-27 13:00:00+00:00,0.12095,0.12468,0.0005,0.0005,420,-0.03177029441390838,-8.56091094,stop_loss,0.1282,-0.06,0.12468,-0.03086485701092223,0.12059,0.12476,False,short_compression_breakdown,1.0,True,1719468000000,1719493200000,"[{'amount': 2229.0, 'safe_price': 0.12095, 'ft_order_side': 'sell', 'order_filled_timestamp': 1719468000000, 'ft_is_entry': True, 'ft_order_tag': 'short_compression_breakdown', 'cost': 269.732348775}, {'amount': 2229.0, 'safe_price': 0.12468, 'ft_order_side': 'buy', 'order_filled_timestamp': 1719493200000, 'ft_is_entry': False, 'ft_order_tag': 'stop_loss', 'cost': 278.05067586}]",0.027013699029,3,True,True,True,0.8082191780821905,0.10958904109589523,0.006734006734006744,0.022172949002217245,0.02232327408019838,14.0,0.3875,0.43333333333333335,-0.0029103046506792074,False,down,range,-0.0031831537708129076,-0.011413307430791608,-0.011333279365336346,-0.028323653433049545,-0.032086871621951785,-0.15048441329400353,False,False,False,3y
DOGE/USDT:USDT,254.21198,254.21198,2398.0,2024-07-10 01:00:00+00:00,2024-07-10 04:00:00+00:00,0.10601,0.10946,0.0005,0.0005,180,-0.03357716024317225,-8.53144853,stop_loss,0.11237,-0.06,0.10946,-0.032572036171373275,0.10564,0.10977,False,short_pullback_restart,1.0,True,1720573200000,1720584000000,"[{'amount': 2398.0, 'safe_price': 0.10601, 'ft_order_side': 'sell', 'order_filled_timestamp': 1720573200000, 'ft_is_entry': True, 'ft_order_tag': 'short_pullback_restart', 'cost': 254.33908598999997}, {'amount': 2398.0, 'safe_price': 0.10946, 'ft_order_side': 'buy', 'order_filled_timestamp': 1720584000000, 'ft_is_entry': False, 'ft_order_tag': 'stop_loss', 'cost': 262.61632253999994}]",0.0,2,True,True,True,0.9197530864197583,0.07407407407407123,0.004787833270747375,0.03310945038312367,0.025374964625978665,15.0,0.5666666666666667,0.7888888888888889,-0.0038194064547573126,False,range,range,0.000651526433358196,0.005988584261251928,-0.007386206259809902,-9.300595238104226e-05,-0.044012832576354466,-0.18848188554143064,False,False,False,3y
DOGE/USDT:USDT,211.1314,211.1314,1910.0,2024-08-03 16:00:00+00:00,2024-08-04 17:00:00+00:00,0.11054,0.0994,0.0005,0.0005,1500,0.10001979378503043,21.10676043,roi,0.11717,-0.06,0.11495,-0.039958227191929874,0.0989,0.11129,False,short_pullback_restart,1.0,True,1722700800000,1722790800000,"[{'amount': 1910.0, 'safe_price': 0.11054, 'ft_order_side': 'sell', 'order_filled_timestamp': 1722700800000, 'ft_is_entry': True, 'ft_order_tag': 'short_pullback_restart', 'cost': 211.23696569999998}, {'amount': 1910.0, 'safe_price': 0.0994, 'ft_order_side': 'buy', 'order_filled_timestamp': 1722790800000, 'ft_is_entry': False, 'ft_order_tag': 'roi', 'cost': 189.948927}]",0.029853132113864998,6,False,False,False,0.8656249999999999,0.04687499999999926,0.006828391734052083,0.0598890942698706,0.030577166636511742,12.0,0.575,0.7944444444444444,-0.01011440758183113,False,range,range,0.004165189649060652,0.0025659175367191978,0.014777001612036544,-0.0025528169014085167,-0.09492156058042645,-0.12496091342465476,False,False,False,3y
DOGE/USDT:USDT,245.6922,245.6922,780.0,2025-02-01 20:00:00+00:00,2025-02-02 16:00:00+00:00,0.31499,0.28323,0.0005,0.0005,1200,0.10000335685209456,24.55775973,roi,0.33388,-0.06,0.32691,-0.05078825552581323,0.27576,0.31561,False,short_compression_breakdown,1.0,True,1738440000000,1738512000000,"[{'amount': 780.0, 'safe_price': 0.31499, 'ft_order_side': 'sell', 'order_filled_timestamp': 1738440000000, 'ft_is_entry': True, 'ft_order_tag': 'short_compression_breakdown', 'cost': 245.81504609999996}, {'amount': 780.0, 'safe_price': 0.28323, 'ft_order_side': 'buy', 'order_filled_timestamp': 1738512000000, 'ft_is_entry': False, 'ft_order_tag': 'roi', 'cost': 221.02985969999997}]",0.018265530705084,6,False,False,False,0.6777777777777801,0.2984126984126986,0.010833725859632623,0.030805463966085682,0.031142857142857097,12.0,0.20555555555555555,0.16111111111111112,-0.00567522347752436,False,range,up,-0.008201304753028937,-0.017903285345145736,-0.026260408088571663,-0.02124528648946933,-0.06141448095673052,-0.0886084002912837,False,False,False,3y
DOGE/USDT:USDT,250.98468,250.98468,1007.0,2025-02-09 14:00:00+00:00,2025-02-11 02:00:00+00:00,0.24924,0.26045,0.0005,0.0005,2160,-0.04566127801356367,-11.45455111,stop_loss,0.26419,-0.06,0.26045,-0.045008796957594965,0.2395,0.26056,False,short_pullback_restart,1.0,True,1739109600000,1739239200000,"[{'amount': 1007.0, 'safe_price': 0.24924, 'ft_order_side': 'sell', 'order_filled_timestamp': 1739109600000, 'ft_is_entry': True, 'ft_order_tag': 'short_pullback_restart', 'cost': 251.11017234}, {'amount': 1007.0, 'safe_price': 0.26045, 'ft_order_side': 'buy', 'order_filled_timestamp': 1739239200000, 'ft_is_entry': False, 'ft_order_tag': 'stop_loss', 'cost': 262.40428657499996}]",0.09054780346367859,1,True,True,True,0.8243478260869548,0.1234782608695631,0.01361405730568318,0.05153721682847897,0.029128550794414978,12.0,0.1527777777777778,0.29444444444444445,-0.007141883958179385,False,down,range,-0.008974559076010746,-0.00866510538641685,0.003913198150124364,0.026223281748757543,-0.075006395086618,-0.22478062729320136,False,False,False,3y
DOGE/USDT:USDT,299.74428,299.74428,1188.0,2025-02-18 06:00:00+00:00,2025-02-21 07:00:00+00:00,0.25231,0.25354,0.0005,0.0005,4380,-0.005914310960129815,-1.77189449,stale_loss_72h,0.26744,-0.06,0.26191,-0.03808690523506897,0.24198,0.25747,False,short_compression_breakdown,1.0,True,1739858400000,1740121200000,"[{'amount': 1188.0, 'safe_price': 0.25231, 'ft_order_side': 'sell', 'order_filled_timestamp': 1739858400000, 'ft_is_entry': True, 'ft_order_tag': 'short_compression_breakdown', 'cost': 299.8941521399999}, {'amount': 1188.0, 'safe_price': 0.25354, 'ft_order_side': 'buy', 'order_filled_timestamp': 1740121200000, 'ft_is_entry': False, 'ft_order_tag': 'stale_loss_72h', 'cost': 301.35612275999995}]",-0.010179587021947198,4,True,True,True,0.801339285714297,0.15624999999999575,0.004968846123511471,0.03032573546809675,0.030477171845275743,12.0,0.29305555555555557,0.16111111111111112,-0.004224632047434729,False,down,range,-0.012654809213318186,-0.007908509401046704,-0.004860787058640459,-0.025513118312326166,-0.044623867835784536,-0.16819288376330066,False,False,False,3y
DOGE/USDT:USDT,391.74564,391.74564,1628.0,2025-02-23 16:00:00+00:00,2025-02-24 22:00:00+00:00,0.24063,0.21634,0.0005,0.0005,1800,0.10000896918423753,39.1584886,roi,0.25506,-0.06,0.24778,-0.029751608755475223,0.20571,0.24383,False,short_pullback_restart,1.0,True,1740326400000,1740434400000,"[{'amount': 1628.0, 'safe_price': 0.24063, 'ft_order_side': 'sell', 'order_filled_timestamp': 1740326400000, 'ft_is_entry': True, 'ft_order_tag': 'short_pullback_restart', 'cost': 391.94151282}, {'amount': 1628.0, 'safe_price': 0.21634, 'ft_order_side': 'buy', 'order_filled_timestamp': 1740434400000, 'ft_is_entry': False, 'ft_order_tag': 'roi', 'cost': 352.37762076}]",-0.013657817200614404,0,False,True,False,0.7245989304812821,0.08556149732619987,0.009264215423889331,0.01877547659241573,0.01895104313855876,20.0,0.03194444444444444,0.022222222222222223,-0.00435087111092336,False,down,range,-0.0046631488526199805,-0.012539566593620655,-0.0023779262842851256,-0.0013543462201428547,-0.04715688544560204,-0.17927660208530694,False,False,False,3y
DOGE/USDT:USDT,336.86486,336.86486,1774.0,2025-03-09 03:00:00+00:00,2025-03-09 16:00:00+00:00,0.18989,0.17074,0.0005,0.0005,780,0.10001030472174902,33.67311232,roi,0.20128,-0.06,0.19634,-0.03451996622437825,0.17032,0.19197,False,short_compression_breakdown,1.0,True,1741489200000,1741536000000,"[{'amount': 1774.0, 'safe_price': 0.18989, 'ft_order_side': 'sell', 'order_filled_timestamp': 1741489200000, 'ft_is_entry': True, 'ft_order_tag': 'short_compression_breakdown', 'cost': 337.03329243}, {'amount': 1774.0, 'safe_price': 0.17074, 'ft_order_side': 'buy', 'order_filled_timestamp': 1741536000000, 'ft_is_entry': False, 'ft_order_tag': 'roi', 'cost': 303.04420638}]",0.020891127174521597,6,True,True,False,0.5967078189300402,0.17283950617283994,0.006019996859132137,0.0291053761189341,0.029281651569412166,16.0,0.35138888888888886,0.5777777777777777,-0.007066499290220407,False,down,range,-0.007778469197261995,-0.017711381487755973,-0.02027649769585249,-0.03446535802593731,-0.06872206687948945,-0.25225023942618463,False,False,False,3y
DOGE/USDT:USDT,452.53,452.53,2360.0,2025-06-04 14:00:00+00:00,2025-06-05 19:00:00+00:00,0.19175,0.17244,0.0005,0.0005,1740,0.10000099039642023,45.23082146,roi,0.20325,-0.06,0.19738,-0.029400890778065403,0.1695,0.19349,False,short_pullback_restart,1.0,True,1749045600000,1749150000000,"[{'amount': 2360.0, 'safe_price': 0.19175, 'ft_order_side': 'sell', 'order_filled_timestamp': 1749045600000, 'ft_is_entry': True, 'ft_order_tag': 'short_pullback_restart', 'cost': 452.756265}, {'amount': 2360.0, 'safe_price': 0.17244, 'ft_order_side': 'buy', 'order_filled_timestamp': 1749150000000, 'ft_is_entry': False, 'ft_order_tag': 'roi', 'cost': 407.16187920000004}]",0.088965661171924,3,True,True,False,0.4360465116278914,0.12209302325582315,0.002548764629388767,0.03092621664050235,0.02482269503546092,12.0,0.03888888888888889,0.14444444444444443,-0.00494882391030016,False,range,range,-0.0190063694267516,-0.016400143054207228,-0.0068097399917458334,-0.014688571574799192,-0.049570026441278725,-0.055875781633342836,False,False,False,3y
DOGE/USDT:USDT,386.29899,386.29899,2079.0,2025-06-12 16:00:00+00:00,2025-06-17 15:00:00+00:00,0.18581,0.16716,0.0005,0.0005,7140,0.10000685438867368,38.61323057,roi,0.19695,-0.06,0.1917,-0.02222704729749614,0.1664,0.19003,False,short_compression_breakdown,1.0,True,1749744000000,1750172400000,"[{'amount': 2079.0, 'safe_price': 0.18581, 'ft_order_side': 'sell', 'order_filled_timestamp': 1749744000000, 'ft_is_entry': True, 'ft_order_tag': 'short_compression_breakdown', 'cost': 386.492139495}, {'amount': 2079.0, 'safe_price': 0.16716, 'ft_order_side': 'buy', 'order_filled_timestamp': 1750172400000, 'ft_is_entry': False, 'ft_order_tag': 'roi', 'cost': 347.69940282}]",0.2067928814006748,1,True,True,False,0.7722095671981826,0.09111617312072569,0.0026303075849482965,0.030865854313167518,0.030947255113024638,12.0,0.4486111111111111,0.40555555555555556,-0.002546348580697688,False,range,up,0.01133326205495555,-0.004001263556912771,-0.014584852588811481,-0.06281581293966132,-0.02830870052497092,-0.06385708376216881,False,False,False,3y
DOGE/USDT:USDT,480.22009,480.22009,2933.0,2025-11-06 06:00:00+00:00,2025-11-07 15:00:00+00:00,0.16373,0.16923,0.0005,0.0005,1980,-0.03447426732579835,-16.54695814,stop_loss,0.17355,-0.06,0.16923,-0.03360398851186264,0.15691,0.1702,False,short_pullback_restart,1.0,True,1762408800000,1762527600000,"[{'amount': 2933.0, 'safe_price': 0.16373, 'ft_order_side': 'sell', 'order_filled_timestamp': 1762408800000, 'ft_is_entry': True, 'ft_order_tag': 'short_pullback_restart', 'cost': 480.46020004499997}, {'amount': 2933.0, 'safe_price': 0.16923, 'ft_order_side': 'buy', 'order_filled_timestamp': 1762527600000, 'ft_is_entry': False, 'ft_order_tag': 'stop_loss', 'cost': 496.59976579499994}]",0.0728277020039317,4,False,False,True,0.832861189801698,0.1359773371104837,0.0032263955682717642,0.04806259314456052,0.027543666788811618,14.0,0.6097222222222223,0.6833333333333333,-0.008114026247718953,False,down,range,0.0030089667208281767,-0.0076213158678176685,-0.00412284894837478,0.012022587892404069,-0.0751892422026792,-0.20196973134252938,False,False,False,3y
DOGE/USDT:USDT,363.49684,363.49684,2324.0,2025-11-19 06:00:00+00:00,2025-11-21 07:00:00+00:00,0.15641,0.14066,0.0005,0.0005,2940,0.10002160736556762,36.33935944,roi,0.16579,-0.06,0.1633,-0.044055513314034345,0.13392,0.15974,False,short_pullback_restart,1.0,True,1763532000000,1763708400000,"[{'amount': 2324.0, 'safe_price': 0.15641, 'ft_order_side': 'sell', 'order_filled_timestamp': 1763532000000, 'ft_is_entry': True, 'ft_order_tag': 'short_pullback_restart', 'cost': 363.6785884199999}, {'amount': 2324.0, 'safe_price': 0.14066, 'ft_order_side': 'buy', 'order_filled_timestamp': 1763708400000, 'ft_is_entry': False, 'ft_order_tag': 'roi', 'cost': 327.05728691999997}]",0.08155478036159998,4,True,True,False,0.6177285318559503,0.29362880886426723,0.013186951858161277,0.06554160125588698,0.02819693094629154,13.0,0.6055555555555555,0.5222222222222223,-0.0028922681913559067,False,down,down,-0.016004962779156306,-0.021769966080789294,-0.014109018584125721,0.022365452787624918,-0.04451050325585326,-0.17294373465146062,False,False,False,3y
DOGE/USDT:USDT,819.05213,819.05213,5927.0,2025-12-07 14:00:00+00:00,2025-12-07 17:00:00+00:00,0.13819,0.14101,0.0005,0.0005,180,-0.02143962975495663,-17.55139433,stop_loss,0.14648,-0.06,0.14101,-0.020431928312358405,0.13478,0.14203,False,short_pullback_restart,1.0,True,1765116000000,1765126800000,"[{'amount': 5927.0, 'safe_price': 0.13819, 'ft_order_side': 'sell', 'order_filled_timestamp': 1765116000000, 'ft_is_entry': True, 'ft_order_tag': 'short_pullback_restart', 'cost': 819.4616560649999}, {'amount': 5927.0, 'safe_price': 0.14101, 'ft_order_side': 'buy', 'order_filled_timestamp': 1765126800000, 'ft_is_entry': False, 'ft_order_tag': 'stop_loss', 'cost': 836.1841531349999}]",-0.0098451256564709,6,True,True,True,0.7566137566137743,0.22222222222221244,0.0010119994217146252,0.018071418244903877,0.018089725036179467,28.0,0.04583333333333333,0.05,-0.0043685979869930724,False,down,range,0.006996033177064431,-0.007534830821723126,-0.003354986080376876,0.00150634818162243,-0.04108077400397425,-0.17130575952261695,False,False,False,3y
DOGE/USDT:USDT,510.2963,510.2963,5470.0,2026-02-10 07:00:00+00:00,2026-02-13 09:00:00+00:00,0.09329,0.09384,0.0005,0.0005,4440,-0.007109770293724193,-3.62627543,stale_loss_72h,0.09888,-0.06,0.09719,-0.04182421273006498,0.08783,0.09454,False,short_pullback_restart,1.0,True,1770706800000,1770973200000,"[{'amount': 5470.0, 'safe_price': 0.09329, 'ft_order_side': 'sell', 'order_filled_timestamp': 1770706800000, 'ft_is_entry': True, 'ft_order_tag': 'short_pullback_restart', 'cost': 510.55144814999994}, {'amount': 5470.0, 'safe_price': 0.09384, 'ft_order_side': 'buy', 'order_filled_timestamp': 1770973200000, 'ft_is_entry': False, 'ft_order_tag': 'stale_loss_72h', 'cost': 513.5614524}]",-0.105974876496579,4,False,True,True,0.7512690355329926,0.20304568527918665,0.00966132285805281,0.04946422773027389,0.029695540308747947,14.0,0.6430555555555556,0.6944444444444444,-0.006840812295536791,False,down,down,-0.012915321320695838,-0.013326392503904216,-0.015478911281944785,-0.016500622665006293,-0.0690600268618774,-0.23625809070951476,False,False,False,3y
DOGE/USDT:USDT,794.86147,794.86147,7951.0,2026-05-31 15:00:00+00:00,2026-06-01 03:00:00+00:00,0.09997,0.10146,0.0005,0.0005,720,-0.015855933645095015,-12.59696909,trailing_stop_loss,0.10596,-0.06,0.10146,-0.025431652512437175,0.09895,0.10154,False,short_pullback_restart,1.0,True,1780239600000,1780282800000,"[{'amount': 7951.0, 'safe_price': 0.09997, 'ft_order_side': 'sell', 'order_filled_timestamp': 1780239600000, 'ft_is_entry': True, 'ft_order_tag': 'short_pullback_restart', 'cost': 795.258900735}, {'amount': 7951.0, 'safe_price': 0.10146, 'ft_order_side': 'buy', 'order_filled_timestamp': 1780282800000, 'ft_is_entry': False, 'ft_order_tag': 'trailing_stop_loss', 'cost': 807.1118142299999}]",0.050805879989240604,0,True,False,True,0.6187050359712217,0.35971223021582704,0.0015979227004892988,0.012483771097573166,0.012503751125337612,16.0,0.018055555555555554,0.011111111111111112,-0.0013488513145560876,False,down,down,0.002485583615032816,0.002884424109806938,0.0002976190476191576,-0.0007927856505797193,-0.014306516663336377,-0.028666949976883793,False,False,True,3y
DOGE/USDT:USDT,656.41856,656.41856,7808.0,2026-06-09 16:00:00+00:00,2026-06-11 18:00:00+00:00,0.08407,0.08688,0.0005,0.0005,3000,-0.03423221939684497,-22.45942883,stop_loss,0.08911,-0.06,0.08688,-0.033530413813776416,0.08177,0.08698,False,short_pullback_restart,1.0,True,1781020800000,1781200800000,"[{'amount': 7808.0, 'safe_price': 0.08407, 'ft_order_side': 'sell', 'order_filled_timestamp': 1781020800000, 'ft_is_entry': True, 'ft_order_tag': 'short_pullback_restart', 'cost': 656.7467692800001}, {'amount': 7808.0, 'safe_price': 0.08688, 'ft_order_side': 'buy', 'order_filled_timestamp': 1781200800000, 'ft_is_entry': False, 'ft_order_tag': 'stop_loss', 'cost': 678.69821952}]",0.1484399707457408,3,True,True,True,0.18320610687022076,0.9007633587786225,-0.0035710034519699408,0.03225806451612908,0.03214328074961457,16.0,0.625,0.8111111111111111,-0.0048032957889344585,False,down,down,-0.020046620046620056,-0.014995313964386137,-0.013955670223994354,-0.03278499942482449,-0.044530104069675724,-0.14276946418400438,False,True,True,3y
ETH/USDT:USDT,329.53005,329.53005,0.179,2023-08-02 15:00:00+00:00,2023-08-07 03:00:00+00:00,1840.95,1843.96,0.0005,0.0005,6480,-0.0014121958543241886,-0.46512829,stale_loss_72h,1951.4,-0.06,1868.78,-0.026807579627403877,1808.77,1858.9,False,short_pullback_restart,1.0,True,1690988400000,1691377200000,"[{'amount': 0.179, 'safe_price': 1840.95, 'ft_order_side': 'sell', 'order_filled_timestamp': 1690988400000, 'ft_is_entry': True, 'ft_order_tag': 'short_pullback_restart', 'cost': 329.694815025}, {'amount': 0.179, 'safe_price': 1843.96, 'ft_order_side': 'buy', 'order_filled_timestamp': 1691377200000, 'ft_is_entry': False, 'ft_order_tag': 'stale_loss_72h', 'cost': 330.23387441999995}]",0.40346115018642514,0,False,True,True,0.9187817258883214,0.08121827411167865,0.004122082896060701,0.032669921141569705,0.01163523379106557,12.0,0.4222222222222222,0.31666666666666665,-0.0007137717213787642,False,range,range,-0.0035889351032289962,-0.002402654771909485,-0.009271594040071718,0.01039410291525944,-0.011651221701913572,-0.014805529418367769,False,False,False,3y
ETH/USDT:USDT,293.4492,293.4492,0.165,2023-08-17 15:00:00+00:00,2023-08-17 21:00:00+00:00,1778.48,1599.16,0.0005,0.0005,360,0.09999793598741649,29.32964216,roi,1885.18,-0.06,1804.4,-0.014576453299481873,1492.66,1779.46,False,short_pullback_restart,1.0,True,1692284400000,1692306000000,"[{'amount': 0.165, 'safe_price': 1778.48, 'ft_order_side': 'sell', 'order_filled_timestamp': 1692284400000, 'ft_is_entry': True, 'ft_order_tag': 'short_pullback_restart', 'cost': 293.5959246}, {'amount': 0.165, 'safe_price': 1599.16, 'ft_order_side': 'buy', 'order_filled_timestamp': 1692306000000, 'ft_is_entry': False, 'ft_order_tag': 'roi', 'cost': 263.9933307}]",0.020497460060810203,3,False,False,False,0.49564528899445265,0.1536025336500426,0.002730846225880735,0.015707042253521188,0.010992656568042117,13.0,0.8222222222222222,0.8777777777777778,-0.003926000594740353,False,down,range,-0.0015999283948130438,-0.008103151225476557,-0.007281080870614742,-0.01979931567413784,-0.028568677066058257,-0.037967280942549975,True,False,False,3y
ETH/USDT:USDT,350.39991,350.39991,0.213,2023-08-24 15:00:00+00:00,2023-08-27 16:00:00+00:00,1645.07,1654.69,0.0005,0.0005,4380,-0.006892150698589638,-2.41380148,stale_loss_72h,1743.77,-0.06,1680.21,-0.021364034376196717,1631.66,1676.73,False,short_pullback_restart,1.0,True,1692889200000,1693152000000,"[{'amount': 0.213, 'safe_price': 1645.07, 'ft_order_side': 'sell', 'order_filled_timestamp': 1692889200000, 'ft_is_entry': True, 'ft_order_tag': 'short_pullback_restart', 'cost': 350.57510995499996}, {'amount': 0.213, 'safe_price': 1654.69, 'ft_order_side': 'buy', 'order_filled_timestamp': 1693152000000, 'ft_is_entry': False, 'ft_order_tag': 'stale_loss_72h', 'cost': 352.625194485}]",-0.013317041490035637,6,True,True,True,0.894929191411606,0.08999543170397525,0.00903570912245193,0.022092853315145888,0.011160551462542932,12.0,0.8694444444444445,0.8722222222222222,-0.0025381932468628854,False,down,range,-0.0029408769922794065,-0.005359607559615953,-0.004532842175764218,0.00982735401526269,-0.029150701734764417,-0.08794736695752403,False,False,False,3y
ETH/USDT:USDT,345.51972,345.51972,0.212,2023-09-01 15:00:00+00:00,2023-09-04 18:00:00+00:00,1629.81,1629.76,0.0005,0.0005,4500,-0.0010332719009755926,-0.35683731,stale_loss_72h,1727.59,-0.06,1653.96,-0.014823271553701112,1601.22,1648.24,False,short_compression_breakdown,1.0,True,1693580400000,1693850400000,"[{'amount': 0.212, 'safe_price': 1629.81, 'ft_order_side': 'sell', 'order_filled_timestamp': 1693580400000, 'ft_is_entry': True, 'ft_order_tag': 'short_compression_breakdown', 'cost': 345.69247986}, {'amount': 0.212, 'safe_price': 1629.76, 'ft_order_side': 'buy', 'order_filled_timestamp': 1693850400000, 'ft_is_entry': False, 'ft_order_tag': 'stale_loss_72h', 'cost': 345.68187456}]",-0.021922886867262657,0,True,True,True,0.6094205919133019,0.3668195081283848,0.0019656952498760183,0.01472701590615981,0.011823536630261372,12.0,0.7861111111111111,0.7444444444444445,-0.002478549071028624,False,down,range,0.0018642962890755843,-0.0006198912151691438,-0.0024386544936152443,-0.034737997546386734,-0.026570930896521294,-0.07690794368087461,True,False,True,3y
ETH/USDT:USDT,331.3107,331.3107,0.215,2023-10-12 10:00:00+00:00,2023-10-13 21:00:00+00:00,1540.98,1570.34,0.0005,0.0005,2100,-0.01990248592415408,-6.59060959,stop_loss,1633.43,-0.06,1570.34,-0.019058650354603968,1514.5,1575.53,False,short_pullback_restart,1.0,True,1697104800000,1697230800000,"[{'amount': 0.215, 'safe_price': 1540.98, 'ft_order_side': 'sell', 'order_filled_timestamp': 1697104800000, 'ft_is_entry': True, 'ft_order_tag': 'short_pullback_restart', 'cost': 331.47635535}, {'amount': 0.215, 'safe_price': 1570.34, 'ft_order_side': 'buy', 'order_filled_timestamp': 1697230800000, 'ft_is_entry': False, 'ft_order_tag': 'stop_loss', 'cost': 337.79191154999995}]",0.05625730979442442,4,False,True,True,0.6333069620253168,0.3073575949367085,0.009251817895420301,0.01349491921782447,0.00876714817843205,14.0,0.6319444444444444,0.6611111111111111,-0.0035129482855437155,False,range,range,-0.004577536824877271,-0.004876552283926583,-0.004087271889931521,-0.0044311446164471135,-0.037597177021329475,-0.06418422011694047,False,False,True,3y
ETH/USDT:USDT,341.02568,341.02568,0.152,2024-01-29 14:00:00+00:00,2024-01-29 16:00:00+00:00,2243.59,2280.04,0.0005,0.0005,120,-0.017161580499831904,-5.84961339,stop_loss,2378.2,-0.06,2280.04,-0.016248151156461166,2232.0,2302.54,False,short_pullback_restart,1.0,True,1706536800000,1706544000000,"[{'amount': 0.152, 'safe_price': 2243.59, 'ft_order_side': 'sell', 'order_filled_timestamp': 1706536800000, 'ft_is_entry': True, 'ft_order_tag': 'short_pullback_restart', 'cost': 341.19619284}, {'amount': 0.152, 'safe_price': 2280.04, 'ft_order_side': 'buy', 'order_filled_timestamp': 1706544000000, 'ft_is_entry': False, 'ft_order_tag': 'stop_loss', 'cost': 346.73936304}]",0.0345824928,0,True,True,True,0.6496018202502912,0.31683731513081526,0.004256187893608682,0.018300425653682367,0.010830807630593568,12.0,0.16666666666666666,0.07222222222222222,-0.0017046701568764755,False,range,up,-0.008010628049075597,-0.005065078314581917,-0.0007001683949303672,-0.009139562882829133,-0.023148572720806282,-0.02769290025474669,False,False,True,3y
ETH/USDT:USDT,202.48671,202.48671,0.069,2024-05-10 15:00:00+00:00,2024-05-13 16:00:00+00:00,2934.59,2960.21,0.0005,0.0005,4380,-0.008987741956741629,-1.81898835,stale_loss_72h,3110.66,-0.06,3057.31,-0.04182071444073099,2863.8,2996.44,False,short_pullback_restart,1.0,True,1715353200000,1715616000000,"[{'amount': 0.069, 'safe_price': 2934.59, 'ft_order_side': 'sell', 'order_filled_timestamp': 1715353200000, 'ft_is_entry': True, 'ft_order_tag': 'short_pullback_restart', 'cost': 202.587953355}, {'amount': 0.069, 'safe_price': 2960.21, 'ft_order_side': 'buy', 'order_filled_timestamp': 1715616000000, 'ft_is_entry': False, 'ft_order_tag': 'stale_loss_72h', 'cost': 204.35661724500002}]",0.15216224652319246,0,False,False,True,0.8223404255319161,0.13191489361701994,0.026253268385915046,0.029264839720902068,0.013562325359503913,14.0,0.2972222222222222,0.23333333333333334,-0.0020701938211928894,False,down,range,-0.0030506325770582876,-0.006824782347001568,-0.005195344286274328,0.015886045713593644,-0.03652517098353103,-0.07619927030660589,True,False,False,3y
ETH/USDT:USDT,345.782,345.782,0.1,2024-06-21 09:00:00+00:00,2024-06-21 20:00:00+00:00,3457.82,3540.41,0.0005,0.0005,660,-0.024808366957712335,-8.5739976,trailing_stop_loss,3665.28,-0.06,3540.41,-0.01471775573148637,3452.07,3546.66,False,short_compression_breakdown,1.0,True,1718960400000,1719000000000,"[{'amount': 0.1, 'safe_price': 3457.82, 'ft_order_side': 'sell', 'order_filled_timestamp': 1718960400000, 'ft_is_entry': True, 'ft_order_tag': 'short_compression_breakdown', 'cost': 345.95489100000003}, {'amount': 0.1, 'safe_price': 3540.41, 'ft_order_side': 'buy', 'order_filled_timestamp': 1719000000000, 'ft_is_entry': False, 'ft_order_tag': 'trailing_stop_loss', 'cost': 354.21802049999997}]",0.0349139,4,True,True,True,0.35565610859728203,0.3171945701357475,0.0024492904558449133,0.020511725725627514,0.02056208825213571,13.0,0.5416666666666666,0.6611111111111111,-0.001690012797853746,False,down,range,-0.012053709829262682,-0.014931087289433265,-0.017294351963968335,-0.03673579181479858,-0.02283363064231625,-0.014451397718459158,False,False,True,3y
ETH/USDT:USDT,211.81446,211.81446,0.066,2024-07-04 02:00:00+00:00,2024-07-05 02:00:00+00:00,3209.31,2886.43,0.0005,0.0005,1440,0.09999983223634787,21.17081976,roi,3401.86,-0.06,3330.57,-0.03778468079002972,2881.8,3245.25,False,short_compression_breakdown,1.0,True,1720058400000,1720144800000,"[{'amount': 0.066, 'safe_price': 3209.31, 'ft_order_side': 'sell', 'order_filled_timestamp': 1720058400000, 'ft_is_entry': True, 'ft_order_tag': 'short_compression_breakdown', 'cost': 211.92036722999998}, {'amount': 0.066, 'safe_price': 2886.43, 'ft_order_side': 'buy', 'order_filled_timestamp': 1720144800000, 'ft_is_entry': False, 'ft_order_tag': 'roi', 'cost': 190.59963219}]",0.061899179650044,4,False,True,False,0.9075842696629222,0.08548689138576904,0.0125473062367311,0.023211593489431113,0.0235065372103748,14.0,0.8847222222222222,0.75,-0.004931010280660453,False,down,range,0.002696088094451099,-0.00013608692628019892,0.005250852085290747,-0.03415819747078008,-0.05582662530621507,-0.07008487566717903,True,False,False,3y
ETH/USDT:USDT,309.30694,309.30694,0.103,2024-07-07 08:00:00+00:00,2024-07-08 09:00:00+00:00,3002.98,3084.59,0.0005,0.0005,1500,-0.02793029473247027,-8.63471448,stop_loss,3183.15,-0.06,3084.59,-0.02717709913361066,2821.26,3098.0,False,short_pullback_restart,1.0,True,1720339200000,1720429200000,"[{'amount': 0.103, 'safe_price': 3002.98, 'ft_order_side': 'sell', 'order_filled_timestamp': 1720339200000, 'ft_is_entry': True, 'ft_order_tag': 'short_pullback_restart', 'cost': 309.46159346999997}, {'amount': 0.103, 'safe_price': 3084.59, 'ft_order_side': 'buy', 'order_filled_timestamp': 1720429200000, 'ft_is_entry': False, 'ft_order_tag': 'stop_loss', 'cost': 317.87162638499996}]",0.0846253794191254,0,False,True,True,0.6197361745306897,0.2907153729071541,0.004026373743001895,0.03226498376193556,0.021605205495874136,14.0,0.6097222222222223,0.9333333333333333,-0.006376195368755444,False,down,range,-0.007250321362050505,-0.006311871438699712,-0.008528058425715135,0.01242705459409743,-0.0614252120247204,-0.11656088411647536,False,False,False,3y
ETH/USDT:USDT,322.3194,322.3194,0.129,2024-09-03 09:00:00+00:00,2024-09-06 17:00:00+00:00,2498.6,2247.47,0.0005,0.0005,4800,0.09999922128330548,32.21557316,roi,2648.51,-0.06,2565.73,-0.027251734554104345,2222.28,2518.0,False,short_pullback_restart,1.0,True,1725354000000,1725642000000,"[{'amount': 0.129, 'safe_price': 2498.6, 'ft_order_side': 'sell', 'order_filled_timestamp': 1725354000000, 'ft_is_entry': True, 'ft_order_tag': 'short_pullback_restart', 'cost': 322.48055969999996}, {'amount': 0.129, 'safe_price': 2247.47, 'ft_order_side': 'buy', 'order_filled_timestamp': 1725642000000, 'ft_is_entry': False, 'ft_order_tag': 'roi', 'cost': 290.068591815}]",0.12592467007433839,4,True,True,False,0.3824804856895409,0.5715524718126879,-0.004418138041733635,0.04132372486617652,0.02796632854043731,12.0,0.19166666666666668,0.2222222222222222,-0.0012136355925131959,False,down,range,-0.008987569707210041,-0.011567187796696077,-0.02140792555399773,0.01260385005065845,-0.013806995181514736,-0.10264716552013642,False,False,True,3y
ETH/USDT:USDT,437.76799,437.76799,0.139,2025-01-28 17:00:00+00:00,2025-01-30 09:00:00+00:00,3149.41,3227.62,0.0005,0.0005,2400,-0.025485540358691928,-11.1511754,trailing_stop_loss,3338.37,-0.06,3227.62,-0.02821214016014295,3038.0,3228.99,False,short_pullback_restart,1.0,True,1738083600000,1738227600000,"[{'amount': 0.139, 'safe_price': 3149.41, 'ft_order_side': 'sell', 'order_filled_timestamp': 1738083600000, 'ft_is_entry': True, 'ft_order_tag': 'short_pullback_restart', 'cost': 437.986873995}, {'amount': 0.139, 'safe_price': 3227.62, 'ft_order_side': 'buy', 'order_filled_timestamp': 1738227600000, 'ft_is_entry': False, 'ft_order_tag': 'trailing_stop_loss', 'cost': 448.86349959}]",0.16321818379459002,3,True,True,True,0.600039039625224,0.3675580714425126,0.0015439339564022043,0.058632574674801895,0.021496089743793224,14.0,0.5888888888888889,0.6055555555555555,-0.0032373107675249813,False,range,range,0.002007070433363234,-0.004869027540045812,-0.00665944081937353,0.01536059565011949,-0.03183625656138034,-0.058885000915381625,False,False,True,3y
ETH/USDT:USDT,313.12764,313.12764,0.098,2025-02-01 20:00:00+00:00,2025-02-02 22:00:00+00:00,3195.18,2873.41,0.0005,0.0005,1560,0.10000146062059656,31.29756475,roi,3386.89,-0.06,3292.08,-0.04837685315404894,2736.01,3196.06,False,short_compression_breakdown,1.0,True,1738440000000,1738533600000,"[{'amount': 0.098, 'safe_price': 3195.18, 'ft_order_side': 'sell', 'order_filled_timestamp': 1738440000000, 'ft_is_entry': True, 'ft_order_tag': 'short_compression_breakdown', 'cost': 313.28420381999996}, {'amount': 0.098, 'safe_price': 2873.41, 'ft_order_side': 'buy', 'order_filled_timestamp': 1738533600000, 'ft_is_entry': False, 'ft_order_tag': 'roi', 'cost': 281.73497709}]",0.061465659163201736,6,False,False,False,0.6874623267028417,0.272905364677513,0.008419425815641608,0.02404796558990297,0.024252154808179896,12.0,0.4861111111111111,0.4722222222222222,-0.0005027842479491396,False,range,up,-0.002646642457068915,-0.007664207873649187,-0.016416329528451512,-0.021822462346442806,-0.014976543399629505,-0.038722715917146266,False,False,False,3y
ETH/USDT:USDT,372.08682,372.08682,0.153,2025-02-26 13:00:00+00:00,2025-02-28 01:00:00+00:00,2431.94,2187.29,0.0005,0.0005,2160,0.09999875803163351,37.18961577,roi,2577.85,-0.06,2513.31,-0.03346011344081257,2177.0,2461.1,False,short_pullback_restart,1.0,True,1740574800000,1740704400000,"[{'amount': 0.153, 'safe_price': 2431.94, 'ft_order_side': 'sell', 'order_filled_timestamp': 1740574800000, 'ft_is_entry': True, 'ft_order_tag': 'short_pullback_restart', 'cost': 372.27286340999996}, {'amount': 0.153, 'safe_price': 2187.29, 'ft_order_side': 'buy', 'order_filled_timestamp': 1740704400000, 'ft_is_entry': False, 'ft_order_tag': 'roi', 'cost': 334.822697685}]",0.11153686509377722,4,True,True,False,0.5311475409836155,0.2373770491803207,0.0026752318121392848,0.06176265011755225,0.03486716285692998,13.0,0.7597222222222222,0.7722222222222223,-0.008263394916805722,False,down,range,-0.022940479299331185,-0.027196652719665315,-0.017088144594479937,-0.0017486177299986805,-0.08114818233159482,-0.16895534402470092,False,False,False,3y
ETH/USDT:USDT,623.57288,623.57288,0.347,2025-04-05 13:00:00+00:00,2025-04-06 18:00:00+00:00,1797.04,1615.8,0.0005,0.0005,1740,0.10000228229230847,62.32753182,roi,1904.86,-0.06,1829.47,-0.01804720964318407,1601.0,1816.38,False,short_pullback_restart,1.0,True,1743858000000,1743962400000,"[{'amount': 0.347, 'safe_price': 1797.04, 'ft_order_side': 'sell', 'order_filled_timestamp': 1743858000000, 'ft_is_entry': True, 'ft_order_tag': 'short_pullback_restart', 'cost': 623.8846664399999}, {'amount': 0.347, 'safe_price': 1615.8, 'ft_order_side': 'buy', 'order_filled_timestamp': 1743962400000, 'ft_is_entry': False, 'ft_order_tag': 'roi', 'cost': 560.9629412999999}]",0.029379560693422895,6,True,False,False,0.6931385006353143,0.2509529860228744,0.00313103463672179,0.031277699677625205,0.0195338525191336,15.0,0.22916666666666666,0.6055555555555555,-0.0035259217238674534,False,down,range,-0.012550347002807882,-0.006430174825561519,-0.013704720087815647,0.004994127845198815,-0.03503386459359692,-0.1738872844852566,False,False,False,3y
ETH/USDT:USDT,296.8515,296.8515,0.135,2025-06-22 14:00:00+00:00,2025-06-23 14:00:00+00:00,2198.9,2304.88,0.0005,0.0005,1440,-0.049190113944362006,-14.59485803,trailing_stop_loss,2330.83,-0.06,2304.88,-0.06325378081507727,2111.0,2317.0,False,short_pullback_restart,1.0,True,1750600800000,1750687200000,"[{'amount': 0.135, 'safe_price': 2198.9, 'ft_order_side': 'sell', 'order_filled_timestamp': 1750600800000, 'ft_is_entry': True, 'ft_order_tag': 'short_pullback_restart', 'cost': 296.99992575000005}, {'amount': 0.135, 'safe_price': 2304.88, 'ft_order_side': 'buy', 'order_filled_timestamp': 1750687200000, 'ft_is_entry': False, 'ft_order_tag': 'trailing_stop_loss', 'cost': 311.3143794}]",0.016447118731902674,0,False,True,True,0.639762991432462,0.31723917047001304,0.015420849490001547,0.039302868865422246,0.030337896220837705,12.0,0.9916666666666667,0.9722222222222222,-0.011909089716700905,False,down,range,0.017058007042787704,-0.0030536488478819512,-0.006426718405964649,-0.06408608333162202,-0.11004609976382518,-0.09236573933503223,True,False,True,3y
ETH/USDT:USDT,373.37434,373.37434,0.097,2025-10-21 05:00:00+00:00,2025-10-21 14:00:00+00:00,3849.22,4009.27,0.0005,0.0005,540,-0.042621478147471435,-15.90580939,trailing_stop_loss,4080.17,-0.06,4009.27,-0.04048906700916888,3838.21,4023.58,False,short_compression_breakdown,1.0,True,1761022800000,1761055200000,"[{'amount': 0.097, 'safe_price': 3849.22, 'ft_order_side': 'sell', 'order_filled_timestamp': 1761022800000, 'ft_is_entry': True, 'ft_order_tag': 'short_compression_breakdown', 'cost': 373.56102717}, {'amount': 0.097, 'safe_price': 4009.27, 'ft_order_side': 'buy', 'order_filled_timestamp': 1761055200000, 'ft_is_entry': False, 'ft_order_tag': 'trailing_stop_loss', 'cost': 389.093639595}]",0.00017737734379237789,1,True,True,True,0.903403403403406,0.096596596596594,0.017554874936191987,0.02162582950484942,0.022012251832838867,12.0,0.5555555555555556,0.6111111111111112,-0.0019089242192622535,False,down,range,-0.012366169585267484,-0.0135512467046347,-0.0203161342383823,-0.02594960604886387,-0.03491752871514209,-0.07556094395421631,True,False,False,3y
ETH/USDT:USDT,663.63864,663.63864,0.168,2025-10-29 16:00:00+00:00,2025-11-04 05:00:00+00:00,3950.23,3554.12,0.0005,0.0005,7980,0.10000072704212434,66.33116432,roi,4187.24,-0.06,4041.39,-0.023079520448809232,3482.2,4017.11,False,short_compression_breakdown,1.0,True,1761753600000,1762232400000,"[{'amount': 0.168, 'safe_price': 3950.23, 'ft_order_side': 'sell', 'order_filled_timestamp': 1761753600000, 'ft_is_entry': True, 'ft_order_tag': 'short_compression_breakdown', 'cost': 663.9704593199999}, {'amount': 0.168, 'safe_price': 3554.12, 'ft_order_side': 'buy', 'order_filled_timestamp': 1762232400000, 'ft_is_entry': False, 'ft_order_tag': 'roi', 'cost': 597.39070608}]",0.41504972014563474,1,True,True,False,0.6793116210214667,0.20521835677276376,0.005077586836557581,0.028020310776278163,0.016353478151905056,13.0,0.3402777777777778,0.4111111111111111,-0.0006167578227378456,False,range,range,-0.005537347161735373,-0.004648538531441315,-0.0035290647978285516,-0.03165917387407735,-0.015522508471715546,-0.038856446147231494,False,False,False,3y
ETH/USDT:USDT,465.35532,465.35532,0.139,2025-11-06 13:00:00+00:00,2025-11-07 20:00:00+00:00,3347.88,3462.93,0.0005,0.0005,1860,-0.03519462563173569,-16.36981727,stop_loss,3548.75,-0.06,3462.93,-0.034367781695991084,3192.92,3470.0,False,short_pullback_restart,1.0,True,1762434000000,1762545600000,"[{'amount': 0.139, 'safe_price': 3347.88, 'ft_order_side': 'sell', 'order_filled_timestamp': 1762434000000, 'ft_is_entry': True, 'ft_order_tag': 'short_pullback_restart', 'cost': 465.58799766000004}, {'amount': 0.139, 'safe_price': 3462.93, 'ft_order_side': 'buy', 'order_filled_timestamp': 1762545600000, 'ft_is_entry': False, 'ft_order_tag': 'stop_loss', 'cost': 481.587943635}]",0.09548402946269345,4,True,True,True,0.7878883456868025,0.1159123166692939,0.002995884381495782,0.04340945742708207,0.028991481176147277,15.0,0.6277777777777778,0.8055555555555556,-0.009849465883095987,False,down,range,0.004208522849855623,0.0032034248597578863,-0.0073647555111509,0.02314986284127829,-0.08074974417228786,-0.15746709678343918,False,False,False,3y
ETH/USDT:USDT,404.76924,404.76924,0.137,2025-11-20 16:00:00+00:00,2025-11-21 07:00:00+00:00,2954.52,2656.71,0.0005,0.0005,900,0.09999836123995037,40.45602255,roi,3131.79,-0.06,3070.97,-0.039417150591508854,2642.65,2960.11,False,short_pullback_restart,1.0,True,1763654400000,1763708400000,"[{'amount': 0.137, 'safe_price': 2954.52, 'ft_order_side': 'sell', 'order_filled_timestamp': 1763654400000, 'ft_is_entry': True, 'ft_order_tag': 'short_pullback_restart', 'cost': 404.97162462}, {'amount': 0.137, 'safe_price': 2656.71, 'ft_order_side': 'buy', 'order_filled_timestamp': 1763708400000, 'ft_is_entry': False, 'ft_order_tag': 'roi', 'cost': 364.15125463500004}]",0.04042180532983877,4,False,False,False,0.8575248281130544,0.08651642475172248,0.0026734628432546095,0.06613296206056388,0.03403248570838684,16.0,0.7402777777777778,0.8111111111111111,-0.006296686918640493,False,down,down,-0.007514567540112482,-0.009873470371336235,-0.014188569606815249,-0.01947374787102918,-0.06527978363464804,-0.18992148197524528,False,False,False,3y
ETH/USDT:USDT,841.28044,841.28044,0.286,2026-01-25 04:00:00+00:00,2026-01-27 16:00:00+00:00,2941.54,2969.6,0.0005,0.0005,3600,-0.01024057765902583,-8.61089008,stop_loss,3118.03,-0.06,2969.6,-0.009541495085269913,2784.15,2997.64,False,short_pullback_restart,1.0,True,1769313600000,1769529600000,"[{'amount': 0.286, 'safe_price': 2941.54, 'ft_order_side': 'sell', 'order_filled_timestamp': 1769313600000, 'ft_is_entry': True, 'ft_order_tag': 'short_pullback_restart', 'cost': 841.7010802199999}, {'amount': 0.286, 'safe_price': 2969.6, 'ft_order_side': 'buy', 'order_filled_timestamp': 1769529600000, 'ft_is_entry': False, 'ft_order_tag': 'stop_loss', 'cost': 849.7302527999999}]",0.25956294049240447,1,True,True,True,0.26673866090714865,0.5529157667386851,-0.002898995060466775,0.010832907511497252,0.010801593744586526,24.0,0.14305555555555555,0.5388888888888889,-0.004334044022441752,False,down,down,-0.005440166619894993,-0.0051609848484849286,-0.004740234474124971,-0.0066056533045152355,-0.03408022876859729,-0.05470409090389183,False,False,True,3y
ETH/USDT:USDT,640.74395,640.74395,0.329,2026-02-17 15:00:00+00:00,2026-02-17 16:00:00+00:00,1947.55,2007.95,0.0005,0.0005,60,-0.03209269713863921,-20.55291993,trailing_stop_loss,2064.4,-0.06,2007.95,-0.020955355233311268,1940.01,2009.89,False,short_pullback_restart,1.0,True,1771340400000,1771344000000,"[{'amount': 0.329, 'safe_price': 1947.55, 'ft_order_side': 'sell', 'order_filled_timestamp': 1771340400000, 'ft_is_entry': True, 'ft_order_tag': 'short_pullback_restart', 'cost': 641.064321975}, {'amount': 0.329, 'safe_price': 2007.95, 'ft_order_side': 'buy', 'order_filled_timestamp': 1771344000000, 'ft_is_entry': False, 'ft_order_tag': 'trailing_stop_loss', 'cost': 660.945857775}]",-0.030640178289,1,True,True,True,0.6940891807811999,0.9547182855167666,-0.0129734404843418,0.035155705051694984,0.031001763542942522,12.0,0.4847222222222222,0.43333333333333335,-0.003430952062677961,False,down,range,-0.010180018093292276,-0.01430798352076601,-0.025152667934728257,-0.012363522031715202,-0.0297087980845937,-0.23088402705021172,False,False,True,3y
ETH/USDT:USDT,529.23312,529.23312,0.306,2026-06-05 03:00:00+00:00,2026-06-05 16:00:00+00:00,1729.52,1554.84,0.0005,0.0005,780,0.10000165663171684,52.89772665,roi,1833.29,-0.06,1795.46,-0.045348386929211504,1546.0,1747.0,False,short_pullback_restart,1.0,True,1780628400000,1780675200000,"[{'amount': 0.306, 'safe_price': 1729.52, 'ft_order_side': 'sell', 'order_filled_timestamp': 1780628400000, 'ft_is_entry': True, 'ft_order_tag': 'short_pullback_restart', 'cost': 529.4977365599999}, {'amount': 0.306, 'safe_price': 1554.84, 'ft_order_side': 'buy', 'order_filled_timestamp': 1780675200000, 'ft_is_entry': False, 'ft_order_tag': 'roi', 'cost': 476.0189305199999}]",-0.05184626543387265,4,False,True,False,0.827984132708259,0.11071042192570986,0.00911523234962163,0.04738046854927248,0.027886349969933864,13.0,0.9625,0.9888888888888889,-0.011046101668516495,False,down,down,-0.00861571533631278,-0.013382200603522021,-0.018174585833459433,-0.0038142771063791603,-0.10224765451264739,-0.18028570097490237,False,False,False,3y
ETH/USDT:USDT,661.25382,661.25382,0.402,2026-06-09 15:00:00+00:00,2026-06-12 16:00:00+00:00,1644.91,1658.98,0.0005,0.0005,4380,-0.009891172042906042,-6.53730501,stale_loss_72h,1743.6,-0.06,1699.42,-0.0331402505256746,1602.05,1693.38,False,short_pullback_restart,1.0,True,1781017200000,1781280000000,"[{'amount': 0.402, 'safe_price': 1644.91, 'ft_order_side': 'sell', 'order_filled_timestamp': 1781017200000, 'ft_is_entry': True, 'ft_order_tag': 'short_pullback_restart', 'cost': 661.58444691}, {'amount': 0.402, 'safe_price': 1658.98, 'ft_order_side': 'buy', 'order_filled_timestamp': 1781280000000, 'ft_is_entry': False, 'ft_order_tag': 'stale_loss_72h', 'cost': 667.24341498}]",-0.21708311821997062,4,True,True,True,0.4846782431052117,0.10214504596527106,-0.0015800690820901955,0.03868107101736856,0.03862004867251231,15.0,0.8069444444444445,0.8277777777777777,-0.00549024631386219,False,down,down,-0.015466200605719571,-0.017442207753419647,-0.013381637586146855,-0.026980023779806017,-0.05813899127930666,-0.1989258945745047,False,False,False,3y
LINK/USDT:USDT,270.8394,270.8394,53.42,2023-06-19 11:00:00+00:00,2023-06-20 18:00:00+00:00,5.07,5.193,0.0005,0.0005,1860,-0.025567502156155036,-6.9212246,trailing_stop_loss,5.374,-0.06,5.193,-0.02127435284729895,4.97,5.212,False,short_compression_breakdown,1.0,True,1687172400000,1687284000000,"[{'amount': 53.42, 'safe_price': 5.07, 'ft_order_side': 'sell', 'order_filled_timestamp': 1687172400000, 'ft_is_entry': True, 'ft_order_tag': 'short_compression_breakdown', 'cost': 270.9748197}, {'amount': 53.42, 'safe_price': 5.193, 'ft_order_side': 'buy', 'order_filled_timestamp': 1687284000000, 'ft_is_entry': False, 'ft_order_tag': 'trailing_stop_loss', 'cost': 277.54876502999997}]",-0.07643987136996273,1,True,True,True,0.5555555555555409,0.16666666666667215,0.0033418517790445175,0.027459502173054,0.02248520710059169,13.0,0.6638888888888889,0.7111111111111111,-0.0050412820416221304,False,range,up,-0.011436324869160686,-0.010093167701863415,-0.01525391002123977,-0.032258064516129004,-0.051020069454116856,-0.17525593286536267,True,False,False,3y
LINK/USDT:USDT,359.01736,359.01736,58.51,2023-08-21 11:00:00+00:00,2023-08-23 09:00:00+00:00,6.136,6.261,0.0005,0.0005,2760,-0.020948649264139172,-7.51716829,stop_loss,6.504,-0.06,6.261,-0.020526248752837706,5.837,6.309,False,short_pullback_restart,1.0,True,1692615600000,1692781200000,"[{'amount': 58.51, 'safe_price': 6.136, 'ft_order_side': 'sell', 'order_filled_timestamp': 1692615600000, 'ft_is_entry': True, 'ft_order_tag': 'short_pullback_restart', 'cost': 359.19686867999997}, {'amount': 58.51, 'safe_price': 6.261, 'ft_order_side': 'buy', 'order_filled_timestamp': 1692781200000, 'ft_is_entry': False, 'ft_order_tag': 'stop_loss', 'cost': 366.5142755549999}]",0.15925594574984,2,True,True,True,0.7076923076923172,0.23076923076922762,0.004865390853065236,0.02189542483660122,0.01434159061277692,16.0,0.21666666666666667,0.38333333333333336,-0.0076990044687423875,False,down,range,0.0006473539407669815,-0.0033849129593810368,-0.0020981278244027735,0.0029197080291969435,-0.07060273314014376,-0.11407298567668245,False,False,False,3y
LINK/USDT:USDT,269.39139,269.39139,19.41,2024-04-27 17:00:00+00:00,2024-04-27 18:00:00+00:00,13.879,14.324,0.0005,0.0005,60,-0.033095407870921495,-8.91116012,stop_loss,14.711,-0.06,14.324,-0.03212902564653386,13.866,14.393,False,short_compression_breakdown,1.0,True,1714237200000,1714240800000,"[{'amount': 19.41, 'safe_price': 13.879, 'ft_order_side': 'sell', 'order_filled_timestamp': 1714237200000, 'ft_is_entry': True, 'ft_order_tag': 'short_compression_breakdown', 'cost': 269.526085695}, {'amount': 19.41, 'safe_price': 14.324, 'ft_order_side': 'buy', 'order_filled_timestamp': 1714240800000, 'ft_is_entry': False, 'ft_order_tag': 'stop_loss', 'cost': 278.16785441999997}]",0.0,5,True,True,True,0.4594594594594523,0.14864864864864882,0.0023003378621235014,0.02738839767090793,0.027451545500396298,14.0,0.49444444444444446,0.5277777777777778,-0.005209481134973548,False,down,range,-0.010921211261612718,-0.009867953996876455,-0.015598531902879742,-0.04915462230706302,-0.052678590975066664,-0.15982947441514095,True,False,False,3y
LINK/USDT:USDT,301.61536,301.61536,21.76,2024-04-28 23:00:00+00:00,2024-05-01 08:00:00+00:00,13.861,12.464,0.0005,0.0005,3420,0.10002311684059159,30.15342414,roi,14.692,-0.06,14.255,-0.02844084163187177,12.393,14.206,False,short_pullback_restart,1.0,True,1714345200000,1714550400000,"[{'amount': 21.76, 'safe_price': 13.861, 'ft_order_side': 'sell', 'order_filled_timestamp': 1714345200000, 'ft_is_entry': True, 'ft_order_tag': 'short_pullback_restart', 'cost': 301.76616767999997}, {'amount': 21.76, 'safe_price': 12.464, 'ft_order_side': 'buy', 'order_filled_timestamp': 1714550400000, 'ft_is_entry': False, 'ft_order_tag': 'roi', 'cost': 271.35224832}]",0.04112014107716852,2,True,True,False,0.6803652968036453,0.2237442922374475,0.009645613032294926,0.016861960560159966,0.017026188586681975,12.0,0.17222222222222222,0.35555555555555557,-0.004589199449802073,False,down,range,-0.012684095553519903,-0.006241577416838173,-0.010033208507030378,-0.011918194640338498,-0.04547136066079094,-0.15546129224209881,False,False,False,3y
LINK/USDT:USDT,389.49012,389.49012,29.16,2024-05-11 21:00:00+00:00,2024-05-13 08:00:00+00:00,13.357,13.649,0.0005,0.0005,2100,-0.022643723037702727,-8.81509665,trailing_stop_loss,14.158,-0.06,13.649,-0.024073783147003258,13.064,13.669,False,short_pullback_restart,1.0,True,1715461200000,1715587200000,"[{'amount': 29.16, 'safe_price': 13.357, 'ft_order_side': 'sell', 'order_filled_timestamp': 1715461200000, 'ft_is_entry': True, 'ft_order_tag': 'short_pullback_restart', 'cost': 389.68486506}, {'amount': 29.16, 'safe_price': 13.649, 'ft_order_side': 'buy', 'order_filled_timestamp': 1715587200000, 'ft_is_entry': False, 'ft_order_tag': 'trailing_stop_loss', 'cost': 398.20384242}]",0.0933708252288923,0,True,True,True,0.7724137931034513,0.22758620689654877,0.003432067447586447,0.016936506752219676,0.01699483416934943,12.0,0.020833333333333332,0.044444444444444446,-0.004910831960127204,False,down,range,0.00014851117546577086,-0.005757732339263355,-0.011159239409735067,-0.011376981796829222,-0.042847605601472494,-0.13168703097987178,True,False,False,3y
LINK/USDT:USDT,222.423,222.423,14.73,2024-06-13 16:00:00+00:00,2024-06-16 20:00:00+00:00,15.1,15.105,0.0005,0.0005,4560,-0.0005518304307106053,-0.12267841,stale_loss_72h,16.006,-0.06,15.687,-0.03889452700583362,14.46,15.478,False,short_compression_breakdown,1.0,True,1718294400000,1718568000000,"[{'amount': 14.73, 'safe_price': 15.1, 'ft_order_side': 'sell', 'order_filled_timestamp': 1718294400000, 'ft_is_entry': True, 'ft_order_tag': 'short_compression_breakdown', 'cost': 222.5342115}, {'amount': 14.73, 'safe_price': 15.105, 'ft_order_side': 'buy', 'order_filled_timestamp': 1718568000000, 'ft_is_entry': False, 'ft_order_tag': 'stale_loss_72h', 'cost': 222.607898325}]",0.17343141135835036,6,True,True,True,0.9324009324009327,0.05827505827505906,0.0072973506015384035,0.028729209124975306,0.028940397350993338,12.0,0.7902777777777777,0.8444444444444444,-0.0066503483167960065,False,range,range,0.01280627245998045,0.0029114906832297116,-0.0028304921196526944,-0.037085352217666734,-0.06509448690097752,-0.07592829684048086,False,False,False,3y
LINK/USDT:USDT,241.34408,241.34408,19.13,2024-07-11 04:00:00+00:00,2024-07-11 12:00:00+00:00,12.616,13.046,0.0005,0.0005,480,-0.03501673751910788,-8.44685676,stop_loss,13.372,-0.06,13.046,-0.03412252025809859,12.591,13.16,False,short_pullback_restart,1.0,True,1720670400000,1720699200000,"[{'amount': 19.13, 'safe_price': 12.616, 'ft_order_side': 'sell', 'order_filled_timestamp': 1720670400000, 'ft_is_entry': True, 'ft_order_tag': 'short_pullback_restart', 'cost': 241.46475203999998}, {'amount': 19.13, 'safe_price': 13.046, 'ft_order_side': 'buy', 'order_filled_timestamp': 1720699200000, 'ft_is_entry': False, 'ft_order_tag': 'stop_loss', 'cost': 249.69476498999998}]",0.024500265978770003,3,True,True,True,0.12000000000000284,0.4533333333333362,-0.007823102099465216,0.039275165642212895,0.03897029702970304,20.0,0.48194444444444445,0.6388888888888888,-0.002633336183799573,False,range,range,-0.014604810996563522,-0.0080194983882379,-0.021255139244434007,-0.01904835950863004,-0.029455540147729664,-0.12513048653971537,False,False,True,3y
LINK/USDT:USDT,183.58597,183.58597,14.59,2024-07-25 19:00:00+00:00,2024-07-26 02:00:00+00:00,12.583,13.134,0.0005,0.0005,420,-0.04491318893092887,-8.24130864,trailing_stop_loss,13.337,-0.06,13.134,-0.05398750825556564,12.462,13.224,False,short_compression_breakdown,1.0,True,1721934000000,1721959200000,"[{'amount': 14.59, 'safe_price': 12.583, 'ft_order_side': 'sell', 'order_filled_timestamp': 1721934000000, 'ft_is_entry': True, 'ft_order_tag': 'short_compression_breakdown', 'cost': 183.677762985}, {'amount': 14.59, 'safe_price': 13.134, 'ft_order_side': 'buy', 'order_filled_timestamp': 1721959200000, 'ft_is_entry': False, 'ft_order_tag': 'trailing_stop_loss', 'cost': 191.72087252999998}]",-0.014613124586709282,4,True,True,True,0.909722222222223,0.0729166666666632,0.009835549610512235,0.03170981194429148,0.03202479338842979,12.0,0.7583333333333333,0.7,-0.008359123337375318,False,range,up,-0.010475236848186187,-0.007340441971874556,-0.018338809505616283,-0.07161439514380685,-0.08141681785877719,-0.11004673720030245,True,False,False,3y
LINK/USDT:USDT,241.24288,241.24288,18.56,2024-07-31 17:00:00+00:00,2024-08-03 01:00:00+00:00,12.998,11.687,0.0005,0.0005,3360,0.10003499073063758,24.1206629,roi,13.777,-0.06,13.433,-0.0335367997805327,11.598,13.146,False,short_compression_breakdown,1.0,True,1722445200000,1722646800000,"[{'amount': 18.56, 'safe_price': 12.998, 'ft_order_side': 'sell', 'order_filled_timestamp': 1722445200000, 'ft_is_entry': True, 'ft_order_tag': 'short_compression_breakdown', 'cost': 241.36350143999994}, {'amount': 18.56, 'safe_price': 11.687, 'ft_order_side': 'buy', 'order_filled_timestamp': 1722646800000, 'ft_is_entry': False, 'ft_order_tag': 'roi', 'cost': 217.01917535999996}]",0.0175796957187079,5,True,True,False,0.4064171122994654,0.29411764705882015,0.0036029129934841394,0.03368794326241144,0.02800430835513162,18.0,0.3527777777777778,0.3888888888888889,-0.004180096349023166,False,range,up,-0.00532562385879487,-0.008418657565415266,-0.01328301886792449,-0.0347017129356173,-0.03585559861323839,-0.06884612260628153,False,False,False,3y
LINK/USDT:USDT,252.42084,252.42084,24.22,2024-10-09 21:00:00+00:00,2024-10-11 15:00:00+00:00,10.422,10.825,0.0005,0.0005,2520,-0.03941012623436437,-9.9429632,trailing_stop_loss,11.047,-0.06,10.825,-0.033528378748679755,10.243,10.896,False,short_compression_breakdown,1.0,True,1728507600000,1728658800000,"[{'amount': 24.22, 'safe_price': 10.422, 'ft_order_side': 'sell', 'order_filled_timestamp': 1728507600000, 'ft_is_entry': True, 'ft_order_tag': 'short_compression_breakdown', 'cost': 252.54705041999998}, {'amount': 24.22, 'safe_price': 10.825, 'ft_order_side': 'buy', 'order_filled_timestamp': 1728658800000, 'ft_is_entry': False, 'ft_order_tag': 'trailing_stop_loss', 'cost': 262.31259074999997}]",0.0749979676927721,4,True,True,True,0.9301075268817209,0.06989247311827905,0.011288180610889752,0.025232403718459497,0.02552048354600403,12.0,0.6541666666666667,0.7333333333333333,-0.006328888150322287,False,range,range,0.0006610009442871156,0.003218782542838028,-0.01706706242463607,-0.027530512985225353,-0.06660324685258068,-0.0798145728267774,True,False,False,3y
LINK/USDT:USDT,278.93124,278.93124,26.01,2024-10-13 15:00:00+00:00,2024-10-14 13:00:00+00:00,10.724,11.093,0.0005,0.0005,1320,-0.0351409691759644,-9.79701315,stop_loss,11.367,-0.06,11.093,-0.03445704060675081,10.6,11.114,False,short_pullback_restart,1.0,True,1728831600000,1728910800000,"[{'amount': 26.01, 'safe_price': 10.724, 'ft_order_side': 'sell', 'order_filled_timestamp': 1728831600000, 'ft_is_entry': True, 'ft_order_tag': 'short_pullback_restart', 'cost': 279.07070562}, {'amount': 26.01, 'safe_price': 11.093, 'ft_order_side': 'buy', 'order_filled_timestamp': 1728910800000, 'ft_is_entry': False, 'ft_order_tag': 'stop_loss', 'cost': 288.673194465}]",0.08440693708914,0,True,False,True,0.9302325581395324,0.06976744186046752,0.013975726369988898,0.018664950349393267,0.018929503916449195,16.0,0.13055555555555556,0.10555555555555556,-0.0015142729025312551,False,range,range,-0.0053915745225256995,-0.008110817461040809,-0.006481058877224943,-0.018929150892374125,-0.022627373639793835,-0.04671921177088434,False,False,False,3y
LINK/USDT:USDT,248.22952,248.22952,12.98,2025-02-06 15:00:00+00:00,2025-02-11 02:00:00+00:00,19.124,19.192,0.0005,0.0005,6420,-0.004498424163392886,-1.11608335,stale_loss_72h,20.271,-0.06,19.992,-0.04543928869646785,17.424,19.828,False,short_pullback_restart,1.0,True,1738854000000,1739239200000,"[{'amount': 12.98, 'safe_price': 19.124, 'ft_order_side': 'sell', 'order_filled_timestamp': 1738854000000, 'ft_is_entry': True, 'ft_order_tag': 'short_pullback_restart', 'cost': 248.35363475999998}, {'amount': 12.98, 'safe_price': 19.192, 'ft_order_side': 'buy', 'order_filled_timestamp': 1739239200000, 'ft_is_entry': False, 'ft_order_tag': 'stale_loss_72h', 'cost': 249.23671608}]",0.015227493381623484,1,False,False,True,0.8104347826086924,0.09217391304347981,0.006855362243572989,0.051240105540897106,0.0348271714689118,12.0,0.6333333333333333,0.8555555555555555,-0.012500928095510289,False,down,range,-0.012751373418678491,-0.004927609855219561,0.014711976792374681,-0.0197177459713741,-0.10964289206833189,-0.14157164084018725,False,False,False,3y
LINK/USDT:USDT,378.6844,378.6844,21.94,2025-02-24 03:00:00+00:00,2025-02-24 22:00:00+00:00,17.26,15.515,0.0005,0.0005,1140,0.09998937513207339,37.84548432,roi,18.295,-0.06,17.77,-0.07956824822064035,14.94,17.261,False,short_pullback_restart,1.0,True,1740366000000,1740434400000,"[{'amount': 21.94, 'safe_price': 17.26, 'ft_order_side': 'sell', 'order_filled_timestamp': 1740366000000, 'ft_is_entry': True, 'ft_order_tag': 'short_pullback_restart', 'cost': 378.87374220000004}, {'amount': 21.94, 'safe_price': 15.515, 'ft_order_side': 'buy', 'order_filled_timestamp': 1740434400000, 'ft_is_entry': False, 'ft_order_tag': 'roi', 'cost': 340.56929955000004}]",-0.0802739285124,0,False,False,False,0.683486238532098,0.01376146788990878,0.005244654486772954,0.02345686127600715,0.02358053302433372,12.0,0.04722222222222222,0.12222222222222222,-0.00551654479060637,False,down,range,-0.005881345286358752,-0.006788750071310412,-0.018767964831200912,-0.017937725631768986,-0.04600930451772933,-0.1431937716035545,False,False,False,3y
LINK/USDT:USDT,543.74415,543.74415,37.23,2025-03-02 14:00:00+00:00,2025-03-02 15:00:00+00:00,14.605,14.954,0.0005,0.0005,60,-0.024920334192039553,-13.54351079,stop_loss,15.481,-0.06,14.954,-0.023946564232637746,14.402,15.521,False,short_pullback_restart,1.0,True,1740924000000,1740927600000,"[{'amount': 37.23, 'safe_price': 14.605, 'ft_order_side': 'sell', 'order_filled_timestamp': 1740924000000, 'ft_is_entry': True, 'ft_order_tag': 'short_pullback_restart', 'cost': 544.0160220749999}, {'amount': 37.23, 'safe_price': 14.954, 'ft_order_side': 'buy', 'order_filled_timestamp': 1740927600000, 'ft_is_entry': False, 'ft_order_tag': 'stop_loss', 'cost': 557.0157887099999}]",0.0,6,True,True,True,0.6186046511627902,0.32558139534883607,0.004060284908127524,0.04723469960696239,0.02694859038142612,14.0,0.13055555555555556,0.46111111111111114,-0.005325373083544305,False,down,range,-0.014840798704803038,-0.009696887502542939,-0.008823130175105276,0.023047285464097955,-0.07142966608394674,-0.2441477446986965,False,False,True,3y
LINK/USDT:USDT,338.27112,338.27112,24.76,2025-06-01 10:00:00+00:00,2025-06-03 00:00:00+00:00,13.662,14.185,0.0005,0.0005,2280,-0.03894757595644001,-13.16825272,trailing_stop_loss,14.481,-0.06,14.185,-0.03249811208163966,13.58,14.232,False,short_pullback_restart,1.0,True,1748772000000,1748908800000,"[{'amount': 24.76, 'safe_price': 13.662, 'ft_order_side': 'sell', 'order_filled_timestamp': 1748772000000, 'ft_is_entry': True, 'ft_order_tag': 'short_pullback_restart', 'cost': 338.44025556}, {'amount': 24.76, 'safe_price': 14.185, 'ft_order_side': 'buy', 'order_filled_timestamp': 1748908800000, 'ft_is_entry': False, 'ft_order_tag': 'trailing_stop_loss', 'cost': 351.3962103}]",0.12597313607616,1,True,True,True,0.4785992217898882,0.35019455252918275,0.005532503457814699,0.04180442289324804,0.03242807993558302,20.0,0.30277777777777776,0.4222222222222222,-0.009394565396191878,False,range,range,-0.00454972196143566,-0.0064153391479851996,-0.023588581143302423,0.0023269342641070168,-0.08561295791768209,-0.09365550371515963,False,False,True,3y
LINK/USDT:USDT,423.08464,423.08464,32.93,2025-07-01 19:00:00+00:00,2025-07-02 15:00:00+00:00,12.848,13.278,0.0005,0.0005,1200,-0.034525600304439776,-14.59994755,stop_loss,13.618,-0.06,13.278,-0.03354424349546137,12.716,13.372,False,short_compression_breakdown,1.0,True,1751396400000,1751468400000,"[{'amount': 32.93, 'safe_price': 12.848, 'ft_order_side': 'sell', 'order_filled_timestamp': 1751396400000, 'ft_is_entry': True, 'ft_order_tag': 'short_compression_breakdown', 'cost': 423.29618232}, {'amount': 32.93, 'safe_price': 13.278, 'ft_order_side': 'buy', 'order_filled_timestamp': 1751468400000, 'ft_is_entry': False, 'ft_order_tag': 'stop_loss', 'cost': 437.46316227}]",-0.009882955452246902,2,True,True,True,0.7924528301886723,0.1949685534591223,0.0057266676984986725,0.025770004643244093,0.025918430884184322,13.0,0.29583333333333334,0.16666666666666666,-0.001630883975392572,False,range,up,-0.0017697753154816143,-0.011806825106642216,-0.01742028326895395,-0.02969334330590867,-0.02253016313306755,-0.0704597756008617,True,False,False,3y
LINK/USDT:USDT,431.09781,431.09781,41.21,2026-01-31 09:00:00+00:00,2026-01-31 17:00:00+00:00,10.461,9.406,0.0005,0.0005,480,0.09995938129489128,43.07072423,roi,11.088,-0.06,10.874,-0.039305574566049106,9.357,10.572,False,short_pullback_restart,1.0,True,1769850000000,1769878800000,"[{'amount': 41.21, 'safe_price': 10.461, 'ft_order_side': 'sell', 'order_filled_timestamp': 1769850000000, 'ft_is_entry': True, 'ft_order_tag': 'short_pullback_restart', 'cost': 431.31335890500003}, {'amount': 41.21, 'safe_price': 9.406, 'ft_order_side': 'buy', 'order_filled_timestamp': 1769878800000, 'ft_is_entry': False, 'ft_order_tag': 'roi', 'cost': 387.81507063}]",0.0035337632694,5,False,True,False,0.5608856088560842,0.37638376383763844,0.00796586059743951,0.038194113725116656,0.033935570213172776,12.0,0.9222222222222223,0.9888888888888889,-0.010931496775862581,False,down,down,-0.010718613104669483,-0.016949152542372836,-0.02614918799889887,-0.02039686202122748,-0.099561991200109,-0.18249183836844707,True,False,True,3y
LINK/USDT:USDT,484.47545,484.47545,57.71,2026-02-19 14:00:00+00:00,2026-02-20 15:00:00+00:00,8.395,8.763,0.0005,0.0005,1500,-0.04489717553213445,-21.74070353,stop_loss,8.898,-0.06,8.763,-0.04385021543701617,8.338,8.839,False,short_compression_breakdown,1.0,True,1771509600000,1771599600000,"[{'amount': 57.71, 'safe_price': 8.395, 'ft_order_side': 'sell', 'order_filled_timestamp': 1771509600000, 'ft_is_entry': True, 'ft_order_tag': 'short_compression_breakdown', 'cost': 484.71768772499996}, {'amount': 57.71, 'safe_price': 8.763, 'ft_order_side': 'buy', 'order_filled_timestamp': 1771599600000, 'ft_is_entry': False, 'ft_order_tag': 'stop_loss', 'cost': 505.965586365}]",-0.008329437576802004,4,True,True,True,0.7878787878787963,0.1868686868686833,0.01801380278395133,0.027846316531547424,0.0237045860631328,14.0,0.30972222222222223,0.3611111111111111,-0.0031289795858910896,False,down,down,-0.005582044423770194,-0.018930702156952584,-0.005466387531984251,-0.025416001823569512,-0.0436265021920037,-0.21351396993099547,True,False,False,3y
LINK/USDT:USDT,459.53614,459.53614,58.93,2026-06-05 03:00:00+00:00,2026-06-06 04:00:00+00:00,7.798,7.012,0.0005,0.0005,1500,0.09998612581189932,45.92426469,roi,8.265,-0.06,8.156,-0.045977833883124486,6.987,7.892,False,short_pullback_restart,1.0,True,1780628400000,1780718400000,"[{'amount': 58.93, 'safe_price': 7.798, 'ft_order_side': 'sell', 'order_filled_timestamp': 1780628400000, 'ft_is_entry': True, 'ft_order_tag': 'short_pullback_restart', 'cost': 459.76590806999997}, {'amount': 58.93, 'safe_price': 7.012, 'ft_order_side': 'buy', 'order_filled_timestamp': 1780718400000, 'ft_is_entry': False, 'ft_order_tag': 'roi', 'cost': 413.42376857999994}]",0.0416613373783597,5,True,True,False,0.9122807017543875,0.04093567251461812,0.00940040650406502,0.04364569961489098,0.03308540651449101,14.0,0.9708333333333333,0.9944444444444445,-0.011089263524053039,False,down,down,-0.0038817931379914183,-0.01229202880556246,-0.016200840959683438,-0.011309967685806499,-0.10504877872016871,-0.15680065009095823,False,False,False,3y
LINK/USDT:USDT,616.92057,616.92057,81.27,2026-06-07 20:00:00+00:00,2026-06-07 22:00:00+00:00,7.591,7.864,0.0005,0.0005,120,-0.03700012304420203,-22.81472393,stop_loss,8.046,-0.06,7.864,-0.03608027008301873,7.566,8.04,False,short_pullback_restart,1.0,True,1780862400000,1780869600000,"[{'amount': 81.27, 'safe_price': 7.591, 'ft_order_side': 'sell', 'order_filled_timestamp': 1780862400000, 'ft_is_entry': True, 'ft_order_tag': 'short_pullback_restart', 'cost': 617.2290302849999}, {'amount': 81.27, 'safe_price': 7.864, 'ft_order_side': 'buy', 'order_filled_timestamp': 1780869600000, 'ft_is_entry': False, 'ft_order_tag': 'stop_loss', 'cost': 639.4268336399999}]",0.0,6,True,True,True,0.71428571428571,0.27891156462585237,0.0023656196609278214,0.07759923087487988,0.031221182979844567,12.0,0.8388888888888889,0.9055555555555556,-0.006932600822776913,False,down,down,-0.0036250647332988217,0.0003899649031586794,0.00221382992577146,0.051078940180278476,-0.0667268375141874,-0.16817730587116364,False,False,False,3y
NEAR/USDT:USDT,155.94,155.94,115.0,2023-07-05 11:00:00+00:00,2023-07-08 12:00:00+00:00,1.356,1.373,0.0005,0.0005,4380,-0.014082139633366766,-2.19487087,stale_loss_72h,1.437,-0.06,1.418,-0.04634811041277764,1.284,1.398,False,short_compression_breakdown,1.0,True,1688554800000,1688817600000,"[{'amount': 115.0, 'safe_price': 1.356, 'ft_order_side': 'sell', 'order_filled_timestamp': 1688554800000, 'ft_is_entry': True, 'ft_order_tag': 'short_compression_breakdown', 'cost': 156.01797}, {'amount': 115.0, 'safe_price': 1.373, 'ft_order_side': 'buy', 'order_filled_timestamp': 1688817600000, 'ft_is_entry': False, 'ft_order_tag': 'stale_loss_72h', 'cost': 157.9739475}]",-0.0829533693244655,5,True,True,True,0.4909090909090899,0.38181818181818056,0.018115942028985445,0.026086956521739157,0.026568265682656852,16.0,0.425,0.5611111111111111,-0.0021526895216785746,False,range,up,-0.014967925873129118,-0.023321554770318165,-0.014265335235378096,-0.03558967201674823,-0.042753572453062105,-0.07810746250935163,True,False,True,3y
NEAR/USDT:USDT,184.174,184.174,142.0,2023-07-10 01:00:00+00:00,2023-07-10 19:00:00+00:00,1.297,1.347,0.0005,0.0005,1080,-0.0397528692566336,-7.31778422,stop_loss,1.374,-0.06,1.347,-0.03896759800848448,1.284,1.353,False,short_compression_breakdown,1.0,True,1688950800000,1689015600000,"[{'amount': 142.0, 'safe_price': 1.297, 'ft_order_side': 'sell', 'order_filled_timestamp': 1688950800000, 'ft_is_entry': True, 'ft_order_tag': 'short_compression_breakdown', 'cost': 184.26608699999997}, {'amount': 142.0, 'safe_price': 1.347, 'ft_order_side': 'buy', 'order_filled_timestamp': 1689015600000, 'ft_is_entry': False, 'ft_order_tag': 'stop_loss', 'cost': 191.36963699999998}]",-0.030060224855996,0,True,True,True,0.75,0.22500000000000278,0.015197568389057763,0.022036474164133672,0.022376543209876476,12.0,0.25972222222222224,0.12777777777777777,-0.0042407721433930234,False,range,range,-0.0007541478129714507,-0.006746626686656709,-0.006001500375093727,-0.040550325850832736,-0.052418099658678385,-0.1033465408746409,True,False,False,3y
NEAR/USDT:USDT,264.03,264.03,195.0,2023-07-27 19:00:00+00:00,2023-07-28 03:00:00+00:00,1.354,1.39,0.0005,0.0005,480,-0.027591380964883075,-7.28130984,stop_loss,1.435,-0.06,1.39,-0.02687445489835527,1.352,1.39,False,short_pullback_restart,1.0,True,1690484400000,1690513200000,"[{'amount': 195.0, 'safe_price': 1.354, 'ft_order_side': 'sell', 'order_filled_timestamp': 1690484400000, 'ft_is_entry': True, 'ft_order_tag': 'short_pullback_restart', 'cost': 264.162015}, {'amount': 195.0, 'safe_price': 1.39, 'ft_order_side': 'buy', 'order_filled_timestamp': 1690513200000, 'ft_is_entry': False, 'ft_order_tag': 'stop_loss', 'cost': 271.1855249999999}]",0.006230159379229501,4,True,True,True,0.6315789473684248,0.2631578947368378,0.002212389380531057,0.04360902255639085,0.023651145602364972,16.0,0.13333333333333333,0.016666666666666666,-0.0033449536162520888,False,down,range,0.0014673514306675628,-0.012301013024601959,-0.008714596949891074,0.02554470323065372,-0.036565738157465,-0.0589944810677252,False,False,False,3y
NEAR/USDT:USDT,216.399,216.399,159.0,2023-07-31 20:00:00+00:00,2023-08-01 19:00:00+00:00,1.361,1.406,0.0005,0.0005,1380,-0.03379529588453301,-7.3096116,stop_loss,1.442,-0.06,1.406,-0.03329692493021086,1.317,1.408,False,short_compression_breakdown,1.0,True,1690833600000,1690916400000,"[{'amount': 159.0, 'safe_price': 1.361, 'ft_order_side': 'sell', 'order_filled_timestamp': 1690833600000, 'ft_is_entry': True, 'ft_order_tag': 'short_compression_breakdown', 'cost': 216.50719949999998}, {'amount': 159.0, 'safe_price': 1.406, 'ft_order_side': 'buy', 'order_filled_timestamp': 1690916400000, 'ft_is_entry': False, 'ft_order_tag': 'stop_loss', 'cost': 223.66577699999996}]",0.0653649,1,True,True,True,0.6190476190476211,0.38095238095237893,0.007293946024799423,0.0331125827814569,0.024246877296105744,14.0,0.21805555555555556,0.09444444444444444,-0.0018369296726631346,False,down,range,-0.0014534883720929148,-0.01857142857142846,-0.01716738197424883,-0.02066999287241622,-0.025799285047172438,-0.048642384275888406,False,False,True,3y
NEAR/USDT:USDT,294.593,294.593,221.0,2023-08-07 15:00:00+00:00,2023-08-08 12:00:00+00:00,1.333,1.364,0.0005,0.0005,1260,-0.02411045250656884,-7.09921915,stop_loss,1.412,-0.06,1.364,-0.023928473430384622,1.3,1.364,False,short_pullback_restart,1.0,True,1691420400000,1691496000000,"[{'amount': 221.0, 'safe_price': 1.333, 'ft_order_side': 'sell', 'order_filled_timestamp': 1691420400000, 'ft_is_entry': True, 'ft_order_tag': 'short_pullback_restart', 'cost': 294.7402965}, {'amount': 221.0, 'safe_price': 1.364, 'ft_order_side': 'buy', 'order_filled_timestamp': 1691496000000, 'ft_is_entry': False, 'ft_order_tag': 'stop_loss', 'cost': 301.594722}]",0.0497993543367346,1,True,False,True,0.4615384615384655,0.2307692307692242,0.0037369207772796078,0.02327327327327321,0.018754688672167976,12.0,0.15555555555555556,0.12222222222222222,-0.0021721601248124722,False,down,range,-0.011078286558345751,-0.005939123979213035,-0.013264554163596176,-0.004460966542750966,-0.023952312476613447,-0.056944218599950025,False,False,False,3y
NEAR/USDT:USDT,232.152,232.152,204.0,2023-08-21 11:00:00+00:00,2023-08-23 06:00:00+00:00,1.138,1.174,0.0005,0.0005,2580,-0.034175318516627626,-7.92990161,stop_loss,1.206,-0.06,1.174,-0.03219238442151129,1.092,1.174,False,short_pullback_restart,1.0,True,1692615600000,1692770400000,"[{'amount': 204.0, 'safe_price': 1.138, 'ft_order_side': 'sell', 'order_filled_timestamp': 1692615600000, 'ft_is_entry': True, 'ft_order_tag': 'short_pullback_restart', 'cost': 232.26807599999998}, {'amount': 204.0, 'safe_price': 1.174, 'ft_order_side': 'buy', 'order_filled_timestamp': 1692770400000, 'ft_is_entry': False, 'ft_order_tag': 'stop_loss', 'cost': 239.61574799999997}]",-0.3500776055499492,2,False,True,True,0.7391304347826003,0.21739130434782986,0.013020833333333249,0.023560209424083888,0.018469656992084547,12.0,0.5375,0.7777777777777778,-0.006128953937979409,False,down,range,-0.005172413793103403,-0.004314063848145033,-0.014517506404782332,-0.007738607050730928,-0.06279073879028663,-0.15194159506368476,False,False,False,3y
NEAR/USDT:USDT,234.077,234.077,79.0,2024-01-21 16:00:00+00:00,2024-01-22 15:00:00+00:00,2.963,2.665,0.0005,0.0005,1380,0.09997022157143755,23.38902919,roi,3.14,-0.06,3.041,-0.02862942488886122,2.662,2.99,False,short_pullback_restart,1.0,True,1705852800000,1705935600000,"[{'amount': 79.0, 'safe_price': 2.963, 'ft_order_side': 'sell', 'order_filled_timestamp': 1705852800000, 'ft_is_entry': True, 'ft_order_tag': 'short_pullback_restart', 'cost': 234.19403849999998}, {'amount': 79.0, 'safe_price': 2.665, 'ft_order_side': 'buy', 'order_filled_timestamp': 1705935600000, 'ft_is_entry': False, 'ft_order_tag': 'roi', 'cost': 210.6402675}]",0.069335186768,0,True,True,False,0.45283018867924624,0.22641509433962312,0.002021563342317986,0.06245638520586177,0.025995948683322063,12.0,0.005555555555555556,0.005555555555555556,-0.0072076914753517185,False,down,range,-0.00367156208277708,0.00235057085292123,-0.0030060120240481547,0.03287197231833905,-0.06325022322823248,-0.024890937407675118,False,False,False,3y
NEAR/USDT:USDT,190.953,190.953,49.0,2024-08-19 00:00:00+00:00,2024-08-20 00:00:00+00:00,3.897,4.071,0.0005,0.0005,1440,-0.04580470646209553,-8.74217284,stop_loss,4.13,-0.06,4.071,-0.04486033767805919,3.83,4.104,False,short_pullback_restart,1.0,True,1724025600000,1724112000000,"[{'amount': 49.0, 'safe_price': 3.897, 'ft_order_side': 'sell', 'order_filled_timestamp': 1724025600000, 'ft_is_entry': True, 'ft_order_tag': 'short_pullback_restart', 'cost': 191.0484765}, {'amount': 49.0, 'safe_price': 4.071, 'ft_order_side': 'buy', 'order_filled_timestamp': 1724112000000, 'ft_is_entry': False, 'ft_order_tag': 'stop_loss', 'cost': 199.57873949999998}]",-0.020956844604172402,1,True,True,True,0.7979797979798018,0.10101010101009911,0.0191339375629406,0.030948756976154207,0.023613963039014394,15.0,0.09444444444444444,0.05,-0.0019137884916086145,False,down,range,-0.010209163346613481,-0.013402829486224843,-0.0074906367041197575,-0.0020085362791865125,-0.035784370109124164,-0.19429130860156252,False,False,False,3y
NEAR/USDT:USDT,285.936,285.936,74.0,2024-11-02 13:00:00+00:00,2024-11-05 15:00:00+00:00,3.864,3.924,0.0005,0.0005,4440,-0.016404932468752423,-4.68841539,stale_loss_72h,4.095,-0.06,3.994,-0.03379801440189589,3.502,3.935,False,short_compression_breakdown,1.0,True,1730552400000,1730818800000,"[{'amount': 74.0, 'safe_price': 3.864, 'ft_order_side': 'sell', 'order_filled_timestamp': 1730552400000, 'ft_is_entry': True, 'ft_order_tag': 'short_compression_breakdown', 'cost': 286.078968}, {'amount': 74.0, 'safe_price': 3.924, 'ft_order_side': 'buy', 'order_filled_timestamp': 1730818800000, 'ft_is_entry': False, 'ft_order_tag': 'stale_loss_72h', 'cost': 290.52118799999994}]",0.039740605183986005,1,True,True,True,0.7142857142857197,0.18571428571428472,0.012017386857581221,0.03264248704663221,0.019409937888198805,12.0,0.3458333333333333,0.5055555555555555,-0.009245218188946192,False,range,up,-0.007354805985290369,-0.011366506693609502,-0.0030565461029037344,-0.020765574180635404,-0.08637064872079214,-0.15281738639651776,False,False,False,3y
NEAR/USDT:USDT,212.058,212.058,42.0,2024-12-30 14:00:00+00:00,2025-01-01 20:00:00+00:00,5.049,5.281,0.0005,0.0005,3240,-0.04656067902289052,-9.86862769,trailing_stop_loss,5.351,-0.06,5.281,-0.06719354832622826,4.873,5.297,False,short_pullback_restart,1.0,True,1735567200000,1735761600000,"[{'amount': 42.0, 'safe_price': 5.049, 'ft_order_side': 'sell', 'order_filled_timestamp': 1735567200000, 'ft_is_entry': True, 'ft_order_tag': 'short_pullback_restart', 'cost': 212.164029}, {'amount': 42.0, 'safe_price': 5.281, 'ft_order_side': 'buy', 'order_filled_timestamp': 1735761600000, 'ft_is_entry': False, 'ft_order_tag': 'trailing_stop_loss', 'cost': 221.91290099999998}]",0.092302312242,2,True,True,True,0.8385093167701871,0.0434782608695633,0.017898832684824832,0.039559141901200474,0.02812995245641845,12.0,0.12638888888888888,0.06111111111111111,-0.004611299400546498,False,down,range,-0.0025014431402732296,-0.008605851979345935,0.003290110315463668,-0.01538461538461533,-0.05012622674652134,-0.13369829501415798,False,False,False,3y
NEAR/USDT:USDT,244.8,244.8,50.0,2025-01-15 10:00:00+00:00,2025-01-15 13:00:00+00:00,4.896,5.1,0.0005,0.0005,180,-0.0427088544272136,-10.4499,stop_loss,5.189,-0.06,5.1,-0.04178244771521067,4.858,5.163,False,short_pullback_restart,1.0,True,1736935200000,1736946000000,"[{'amount': 50.0, 'safe_price': 4.896, 'ft_order_side': 'sell', 'order_filled_timestamp': 1736935200000, 'ft_is_entry': True, 'ft_order_tag': 'short_pullback_restart', 'cost': 244.92239999999998}, {'amount': 50.0, 'safe_price': 5.1, 'ft_order_side': 'buy', 'order_filled_timestamp': 1736946000000, 'ft_is_entry': False, 'ft_order_tag': 'stop_loss', 'cost': 255.12749999999997}]",0.0,2,True,True,True,0.8620689655172371,0.06896551724138142,0.009307972480777067,0.054945054945054875,0.029820261437908478,15.0,0.3402777777777778,0.43333333333333335,-0.0020772407198980103,False,range,up,-0.0020072260136491105,0.004647403515861903,-0.008376545672117985,0.028335056876939158,-0.03078357319528502,-0.12025592091068149,False,False,False,3y
NEAR/USDT:USDT,303.676,303.676,62.0,2025-01-26 22:00:00+00:00,2025-01-27 07:00:00+00:00,4.898,4.403,0.0005,0.0005,540,0.10008974356380894,30.37965554,roi,5.191,-0.06,5.054,-0.06611273958068997,4.351,4.919,False,short_pullback_restart,1.0,True,1737928800000,1737961200000,"[{'amount': 62.0, 'safe_price': 4.898, 'ft_order_side': 'sell', 'order_filled_timestamp': 1737928800000, 'ft_is_entry': True, 'ft_order_tag': 'short_pullback_restart', 'cost': 303.827838}, {'amount': 62.0, 'safe_price': 4.403, 'ft_order_side': 'buy', 'order_filled_timestamp': 1737961200000, 'ft_is_entry': False, 'ft_order_tag': 'roi', 'cost': 273.12249299999996}]",-0.0220134627,0,False,False,False,0.9411764705882292,0.014705882352945978,0.011501210653753103,0.03101407875943688,0.01979995917534181,12.0,0.0875,0.4722222222222222,-0.0037835043424432335,False,range,up,-0.00997605746209096,-0.0089874176153385,-0.01625693893735125,0.0026267932915740033,-0.0332940104419952,-0.09303192649464598,False,False,False,3y
NEAR/USDT:USDT,416.325,416.325,183.0,2025-05-06 11:00:00+00:00,2025-05-07 00:00:00+00:00,2.275,2.352,0.0005,0.0005,780,-0.034864578100615794,-14.50773798,stop_loss,2.411,-0.06,2.352,-0.03413361769456125,2.229,2.364,False,short_compression_breakdown,1.0,True,1746529200000,1746576000000,"[{'amount': 183.0, 'safe_price': 2.275, 'ft_order_side': 'sell', 'order_filled_timestamp': 1746529200000, 'ft_is_entry': True, 'ft_order_tag': 'short_compression_breakdown', 'cost': 416.53316249999995}, {'amount': 183.0, 'safe_price': 2.352, 'ft_order_side': 'buy', 'order_filled_timestamp': 1746576000000, 'ft_is_entry': False, 'ft_order_tag': 'stop_loss', 'cost': 430.63120799999996}]",0.006632518410000003,2,True,True,True,0.6486486486486506,0.35135135135134943,0.0013163668275559955,0.029837648091268126,0.029876977152899855,14.0,0.3125,0.12222222222222222,-0.006139494656055788,False,range,up,-0.00989672977624767,-0.011597938144329745,-0.0077619663648123005,-0.027472527472527486,-0.06121351856080026,-0.09704343547713479,False,False,True,3y
NEAR/USDT:USDT,347.508,347.508,147.0,2025-06-01 10:00:00+00:00,2025-06-01 16:00:00+00:00,2.364,2.448,0.0005,0.0005,360,-0.03658799216130275,-12.70826267,trailing_stop_loss,2.505,-0.06,2.448,-0.031832106245051284,2.359,2.47,False,short_pullback_restart,1.0,True,1748772000000,1748793600000,"[{'amount': 147.0, 'safe_price': 2.364, 'ft_order_side': 'sell', 'order_filled_timestamp': 1748772000000, 'ft_is_entry': True, 'ft_order_tag': 'short_pullback_restart', 'cost': 347.68175399999996}, {'amount': 147.0, 'safe_price': 2.448, 'ft_order_side': 'buy', 'order_filled_timestamp': 1748793600000, 'ft_is_entry': False, 'ft_order_tag': 'trailing_stop_loss', 'cost': 360.03592799999996}]",-0.006580671089999999,6,True,True,True,0.589285714285717,0.24999999999999803,0.007142857142857103,0.03508030431107343,0.02920016927634361,15.0,0.2388888888888889,0.5055555555555555,-0.012459093336219196,False,range,range,-0.011551155115511524,-0.0066334991708125735,-0.0107349298100744,0.0,-0.11384468498010858,-0.12332771910677387,False,False,False,3y
NEAR/USDT:USDT,399.252,399.252,196.0,2025-06-21 14:00:00+00:00,2025-06-22 13:00:00+00:00,2.037,1.831,0.0005,0.0005,1380,0.10024518385649299,40.0030786,roi,2.159,-0.06,2.108,-0.035051130464279545,1.824,2.054,False,short_pullback_restart,1.0,True,1750514400000,1750597200000,"[{'amount': 196.0, 'safe_price': 2.037, 'ft_order_side': 'sell', 'order_filled_timestamp': 1750514400000, 'ft_is_entry': True, 'ft_order_tag': 'short_pullback_restart', 'cost': 399.451626}, {'amount': 196.0, 'safe_price': 1.831, 'ft_order_side': 'buy', 'order_filled_timestamp': 1750597200000, 'ft_is_entry': False, 'ft_order_tag': 'roi', 'cost': 359.055438}]",0.0061426008,6,False,True,False,0.6511627906976795,0.11627906976744018,0.01260911736178458,0.04365079365079369,0.020628683693516826,13.0,0.15416666666666667,0.2611111111111111,-0.007938651741067893,False,range,range,-0.011494252873563204,-0.009121459433509393,-0.005780346820809301,-0.054078826764436205,-0.07675594189292423,-0.17720031840252948,False,False,False,3y
NEAR/USDT:USDT,396.96,396.96,160.0,2025-08-21 12:00:00+00:00,2025-08-22 15:00:00+00:00,2.481,2.574,0.0005,0.0005,1620,-0.038226207017253086,-15.166688,stop_loss,2.629,-0.06,2.574,-0.03779619425258929,2.367,2.613,False,short_pullback_restart,1.0,True,1755777600000,1755874800000,"[{'amount': 160.0, 'safe_price': 2.481, 'ft_order_side': 'sell', 'order_filled_timestamp': 1755777600000, 'ft_is_entry': True, 'ft_order_tag': 'short_pullback_restart', 'cost': 397.15847999999994}, {'amount': 160.0, 'safe_price': 2.574, 'ft_order_side': 'buy', 'order_filled_timestamp': 1755874800000, 'ft_is_entry': False, 'ft_order_tag': 'stop_loss', 'cost': 412.04591999999997}]",0.11771200000000001,4,False,False,True,0.49999999999999145,0.30769230769230504,0.002814636107760401,0.06553297386976355,0.0330645161290322,19.0,0.1875,0.16111111111111112,-0.0049153950066502805,False,down,range,-0.011498810467882592,-0.015013828526274309,-0.022736181889455254,0.005647438483259215,-0.050589328455763694,-0.046826073131056134,False,False,True,3y
NEAR/USDT:USDT,398.748,398.748,188.0,2025-11-02 15:00:00+00:00,2025-11-03 00:00:00+00:00,2.121,2.202,0.0005,0.0005,540,-0.03908160940441932,-15.57592173,stop_loss,2.248,-0.06,2.202,-0.03848467228380037,2.101,2.202,False,short_pullback_restart,1.0,True,1762095600000,1762128000000,"[{'amount': 188.0, 'safe_price': 2.121, 'ft_order_side': 'sell', 'order_filled_timestamp': 1762095600000, 'ft_is_entry': True, 'ft_order_tag': 'short_pullback_restart', 'cost': 398.94737399999997}, {'amount': 188.0, 'safe_price': 2.202, 'ft_order_side': 'buy', 'order_filled_timestamp': 1762128000000, 'ft_is_entry': False, 'ft_order_tag': 'stop_loss', 'cost': 414.18298799999997}]",0.0584402671866552,0,True,True,True,0.5769230769230727,0.3076923076923077,0.009803921568627407,0.02758298270219737,0.026402640264026427,23.0,0.225,0.22777777777777777,-0.0024603912063567712,False,down,range,-0.0037054191755442334,-0.01870437956204396,-0.002781641168289384,-0.006466512702078653,-0.03914032634604003,-0.1364163163925215,False,False,True,3y
NEAR/USDT:USDT,413.16,413.16,220.0,2025-11-28 02:00:00+00:00,2025-11-28 15:00:00+00:00,1.878,1.953,0.0005,0.0005,780,-0.04095474261963977,-16.91240103,stop_loss,1.99,-0.06,1.953,-0.040376540317068166,1.865,1.955,False,short_pullback_restart,1.0,True,1764295200000,1764342000000,"[{'amount': 220.0, 'safe_price': 1.878, 'ft_order_side': 'sell', 'order_filled_timestamp': 1764295200000, 'ft_is_entry': True, 'ft_order_tag': 'short_pullback_restart', 'cost': 413.36657999999994}, {'amount': 220.0, 'safe_price': 1.953, 'ft_order_side': 'buy', 'order_filled_timestamp': 1764342000000, 'ft_is_entry': False, 'ft_order_tag': 'stop_loss', 'cost': 429.87483}]",0.009008974789055999,4,True,True,True,0.42307692307692735,0.9230769230769231,-0.0074666666666666735,0.03999999999999997,0.03970354685018526,23.0,0.03611111111111111,0.12222222222222222,-0.004105710695281872,False,range,range,-0.01675392670157072,-0.030459473412493665,-0.01623886851754852,-0.032457496136012454,-0.04247609171569067,-0.16879862724221628,False,True,True,3y
NEAR/USDT:USDT,658.794,658.794,354.0,2025-11-29 15:00:00+00:00,2025-12-01 03:00:00+00:00,1.861,1.673,0.0005,0.0005,2160,0.10004915535300232,65.87882736,roi,1.972,-0.06,1.907,-0.025175612694085858,1.668,1.882,False,short_compression_breakdown,1.0,True,1764428400000,1764558000000,"[{'amount': 354.0, 'safe_price': 1.861, 'ft_order_side': 'sell', 'order_filled_timestamp': 1764428400000, 'ft_is_entry': True, 'ft_order_tag': 'short_compression_breakdown', 'cost': 659.123397}, {'amount': 354.0, 'safe_price': 1.673, 'ft_order_side': 'buy', 'order_filled_timestamp': 1764558000000, 'ft_is_entry': False, 'ft_order_tag': 'roi', 'cost': 592.5381209999999}]",-0.047654644747620004,0,True,True,False,0.8823529411764698,0.11764705882353017,0.0021447721179624684,0.03141928494041161,0.020956475013433597,13.0,0.022222222222222223,0.05,-0.004422407414238827,False,range,range,-0.004777070063694211,0.002137894174238486,0.0005336179295623023,-0.024453694068678478,-0.04412074320383774,-0.17508932124928844,False,False,False,3y
NEAR/USDT:USDT,504.664,504.664,317.0,2025-12-14 18:00:00+00:00,2025-12-15 02:00:00+00:00,1.592,1.641,0.0005,0.0005,480,-0.0319982174361597,-16.14027423,trailing_stop_loss,1.687,-0.06,1.641,-0.032896954132521916,1.569,1.646,False,short_compression_breakdown,1.0,True,1765735200000,1765764000000,"[{'amount': 317.0, 'safe_price': 1.592, 'ft_order_side': 'sell', 'order_filled_timestamp': 1765735200000, 'ft_is_entry': True, 'ft_order_tag': 'short_compression_breakdown', 'cost': 504.916332}, {'amount': 317.0, 'safe_price': 1.641, 'ft_order_side': 'buy', 'order_filled_timestamp': 1765764000000, 'ft_is_entry': False, 'ft_order_tag': 'trailing_stop_loss', 'cost': 520.4570985}]",-0.0948437309846127,0,True,True,True,0.6,0.2999999999999963,0.004996876951905064,0.02685821361648965,0.026993094789704915,12.0,0.10833333333333334,0.08333333333333333,-0.0066231647078873745,False,down,down,-0.00861538461538458,-0.011049723756906049,-0.019476567255021338,-0.030102347983142708,-0.06108854641836137,-0.2082176908863893,True,False,False,3y
NEAR/USDT:USDT,796.5,796.5,531.0,2025-12-31 11:00:00+00:00,2026-01-01 11:00:00+00:00,1.5,1.533,0.0005,0.0005,1440,-0.022744864598024057,-18.10722651,stop_loss,1.59,-0.06,1.533,-0.02240443229675293,1.467,1.534,False,short_compression_breakdown,1.0,True,1767178800000,1767265200000,"[{'amount': 531.0, 'safe_price': 1.5, 'ft_order_side': 'sell', 'order_filled_timestamp': 1767178800000, 'ft_is_entry': True, 'ft_order_tag': 'short_compression_breakdown', 'cost': 796.89825}, {'amount': 531.0, 'safe_price': 1.533, 'ft_order_side': 'buy', 'order_filled_timestamp': 1767265200000, 'ft_is_entry': False, 'ft_order_tag': 'stop_loss', 'cost': 814.4300114999999}]",0.22103499456,3,True,True,True,0.6428571428571349,0.2857142857142857,0.0013315579227696417,0.01930758988015973,0.019333333333333275,16.0,0.03333333333333333,0.005555555555555556,-0.0012296952099430936,False,range,range,-0.008547008547008517,-0.006587615283267456,-0.005932762030322891,-0.025839793281653756,-0.021613357879927575,-0.15061189478713732,False,False,False,3y
NEAR/USDT:USDT,437.08,437.08,280.0,2026-01-20 07:00:00+00:00,2026-01-29 14:00:00+00:00,1.561,1.405,0.0005,0.0005,13380,0.09974080762354272,43.57291484,roi,1.654,-0.06,1.624,-0.04052893707646854,1.393,1.574,False,short_pullback_restart,1.0,True,1768892400000,1769695200000,"[{'amount': 280.0, 'safe_price': 1.561, 'ft_order_side': 'sell', 'order_filled_timestamp': 1768892400000, 'ft_is_entry': True, 'ft_order_tag': 'short_pullback_restart', 'cost': 437.29853999999995}, {'amount': 280.0, 'safe_price': 1.405, 'ft_order_side': 'buy', 'order_filled_timestamp': 1769695200000, 'ft_is_entry': False, 'ft_order_tag': 'roi', 'cost': 393.5967}]",0.30815483564552404,3,False,False,False,0.8,0.2,0.003192848020434301,0.04854368932038847,0.03459320948110189,13.0,0.6597222222222222,0.9666666666666667,-0.008418797434861292,False,range,down,-0.008793969849246186,-0.01189730745147144,-0.0025284450063211006,-0.007547169811320753,-0.076676198131024,-0.09708731958563932,False,False,False,3y
NEAR/USDT:USDT,483.303,483.303,417.0,2026-02-04 14:00:00+00:00,2026-02-05 15:00:00+00:00,1.159,1.042,0.0005,0.0005,1500,0.1002451819843748,48.42457279,roi,1.228,-0.06,1.208,-0.042870738775798056,1.033,1.187,False,short_pullback_restart,1.0,True,1770213600000,1770303600000,"[{'amount': 417.0, 'safe_price': 1.159, 'ft_order_side': 'sell', 'order_filled_timestamp': 1770213600000, 'ft_is_entry': True, 'ft_order_tag': 'short_pullback_restart', 'cost': 483.5446515}, {'amount': 417.0, 'safe_price': 1.042, 'ft_order_side': 'buy', 'order_filled_timestamp': 1770303600000, 'ft_is_entry': False, 'ft_order_tag': 'roi', 'cost': 434.73125699999997}]",0.094481293394607,3,True,False,False,0.7916666666666713,0.12499999999999538,0.010238907849829362,0.07397504456327982,0.02844827586206909,12.0,0.7930555555555555,0.9222222222222223,-0.010507545241483673,False,down,down,-0.006739679865206405,-0.010075566750629705,-0.0025380710659898,-0.019134775374375912,-0.09376512803185899,-0.2545767470801189,False,False,False,3y
NEAR/USDT:USDT,470.34,470.34,402.0,2026-04-02 02:00:00+00:00,2026-04-03 08:00:00+00:00,1.17,1.217,0.0005,0.0005,1800,-0.040951354147967384,-19.25142938,trailing_stop_loss,1.24,-0.06,1.217,-0.05721420711941194,1.138,1.222,False,short_pullback_restart,1.0,True,1775095200000,1775203200000,"[{'amount': 402.0, 'safe_price': 1.17, 'ft_order_side': 'sell', 'order_filled_timestamp': 1775095200000, 'ft_is_entry': True, 'ft_order_tag': 'short_pullback_restart', 'cost': 470.57516999999996}, {'amount': 402.0, 'safe_price': 1.217, 'ft_order_side': 'buy', 'order_filled_timestamp': 1775203200000, 'ft_is_entry': False, 'ft_order_tag': 'trailing_stop_loss', 'cost': 489.478617}]",0.1223576206677516,4,False,False,True,0.8,0.2,0.010989010989011092,0.034834324553950656,0.029914529914529846,12.0,0.5569444444444445,0.3611111111111111,-0.0028538155539723498,False,down,range,0.0008333333333334636,0.0025041736227044975,-0.013147082990961345,0.010092514718250678,-0.031886537048931296,-0.06979926993667473,False,False,False,3y
SOL/USDT:USDT,197.23599,197.23599,9.29,2023-08-24 15:00:00+00:00,2023-08-29 14:00:00+00:00,21.231,22.041,0.0005,0.0005,7140,-0.040448966823995985,-7.97400302,stop_loss,22.504,-0.06,22.041,-0.03817360708062312,20.005,22.063,False,short_pullback_restart,1.0,True,1692889200000,1693317600000,"[{'amount': 9.29, 'safe_price': 21.231, 'ft_order_side': 'sell', 'order_filled_timestamp': 1692889200000, 'ft_is_entry': True, 'ft_order_tag': 'short_pullback_restart', 'cost': 197.33460799499997}, {'amount': 9.29, 'safe_price': 22.041, 'ft_order_side': 'buy', 'order_filled_timestamp': 1693317600000, 'ft_is_entry': False, 'ft_order_tag': 'stop_loss', 'cost': 204.86327044499998}]",-0.24810458482323658,1,False,False,True,0.5891238670694882,0.10574018126888277,0.0027495970418128296,0.06131802392898481,0.0430214869747099,22.0,0.7625,0.7944444444444444,-0.0017822679173217226,False,down,range,-0.02462330025725845,-0.021972453820995885,-0.018264206778563774,0.02332754964333894,-0.0353283342433216,-0.06851198411578874,False,False,False,3y
SOL/USDT:USDT,245.27484,245.27484,12.66,2023-09-01 15:00:00+00:00,2023-09-04 03:00:00+00:00,19.374,19.96,0.0005,0.0005,3600,-0.03148533335115018,-7.71869882,stop_loss,20.536,-0.06,19.96,-0.030265183545763685,19.009,20.035,False,short_compression_breakdown,1.0,True,1693580400000,1693796400000,"[{'amount': 12.66, 'safe_price': 19.374, 'ft_order_side': 'sell', 'order_filled_timestamp': 1693580400000, 'ft_is_entry': True, 'ft_order_tag': 'short_compression_breakdown', 'cost': 245.39747741999997}, {'amount': 12.66, 'safe_price': 19.96, 'ft_order_side': 'buy', 'order_filled_timestamp': 1693796400000, 'ft_is_entry': False, 'ft_order_tag': 'stop_loss', 'cost': 252.8199468}]",-0.0509545976161048,0,True,True,True,0.649237472766889,0.30936819172113195,0.007733674775928287,0.029396569539160932,0.020646226902033764,16.0,0.6152777777777778,0.6444444444444445,-0.006243680740995905,False,down,range,-0.005460060667340727,-0.0061132723690192625,-0.004755640999696276,-0.04979954595952274,-0.0633837895242777,-0.11908433163231624,True,False,True,3y
SOL/USDT:USDT,195.24932,195.24932,1.33,2024-06-13 16:00:00+00:00,2024-06-16 17:00:00+00:00,146.804,148.222,0.0005,0.0005,4380,-0.009764568002753176,-1.905572,stale_loss_72h,155.612,-0.06,153.271,-0.04405201052109664,139.5,149.711,False,short_compression_breakdown,1.0,True,1718294400000,1718557200000,"[{'amount': 1.33, 'safe_price': 146.804, 'ft_order_side': 'sell', 'order_filled_timestamp': 1718294400000, 'ft_is_entry': True, 'ft_order_tag': 'short_compression_breakdown', 'cost': 195.34694466}, {'amount': 1.33, 'safe_price': 148.222, 'ft_order_side': 'buy', 'order_filled_timestamp': 1718557200000, 'ft_is_entry': False, 'ft_order_tag': 'stale_loss_72h', 'cost': 197.23382763}]",0.17656029006810173,6,True,True,True,0.7070580886945694,0.23048094940662084,0.011227781856389474,0.029453563322130182,0.029788016675294886,12.0,0.9166666666666666,0.9388888888888889,-0.0072323917721636155,False,range,range,-0.003376187515460205,-0.01813918564672712,-0.01759565578415989,-0.06771732332707947,-0.07359996988034156,-0.08199183596258208,False,False,False,3y
SOL/USDT:USDT,218.60832,218.60832,1.68,2024-06-21 09:00:00+00:00,2024-06-21 23:00:00+00:00,130.124,135.158,0.0005,0.0005,840,-0.03968386917746769,-8.67088636,stop_loss,137.931,-0.06,135.158,-0.038691606967500736,128.639,135.35,False,short_compression_breakdown,1.0,True,1718960400000,1719010800000,"[{'amount': 1.68, 'safe_price': 130.124, 'ft_order_side': 'sell', 'order_filled_timestamp': 1718960400000, 'ft_is_entry': True, 'ft_order_tag': 'short_compression_breakdown', 'cost': 218.71762415999999}, {'amount': 1.68, 'safe_price': 135.158, 'ft_order_side': 'buy', 'order_filled_timestamp': 1719010800000, 'ft_is_entry': False, 'ft_order_tag': 'stop_loss', 'cost': 227.17897271999996}]",0.009070520171057687,4,True,True,True,0.5438144329896862,0.2538659793814465,0.003408446820570116,0.032667473460071504,0.03277919961879301,13.0,0.7152777777777778,0.85,-0.008612816775265708,False,down,range,-0.012588873690381419,-0.021297993116703218,-0.02088224115187709,-0.042015152288520596,-0.08150143161403833,-0.15769957965964,False,False,False,3y
SOL/USDT:USDT,275.002,275.002,1.3,2024-12-18 20:00:00+00:00,2024-12-19 19:00:00+00:00,211.54,190.187,0.0005,0.0005,1380,0.1000022715556293,27.48707427,roi,224.232,-0.06,219.409,-0.037200137168391656,187.0,212.63,False,short_compression_breakdown,1.0,True,1734552000000,1734634800000,"[{'amount': 1.3, 'safe_price': 211.54, 'ft_order_side': 'sell', 'order_filled_timestamp': 1734552000000, 'ft_is_entry': True, 'ft_order_tag': 'short_compression_breakdown', 'cost': 275.139501}, {'amount': 1.3, 'safe_price': 190.187, 'ft_order_side': 'buy', 'order_filled_timestamp': 1734634800000, 'ft_is_entry': False, 'ft_order_tag': 'roi', 'cost': 247.36672155000002}]",-0.0107031772879616,3,False,False,False,0.9276218611521405,0.0014771048744489383,0.011034224798952615,0.025684289463816973,0.023449319213313197,12.0,0.6611111111111111,0.5277777777777778,-0.003624266586416125,False,range,up,0.000781142305748439,0.006562528884370256,0.011564720635363068,-0.043982091124571965,-0.046645118067124125,-0.016295251132876998,False,False,False,3y
SOL/USDT:USDT,286.3288,286.3288,1.42,2025-02-05 16:00:00+00:00,2025-02-09 02:00:00+00:00,201.64,201.82,0.0005,0.0005,4920,-0.002016980582515302,-0.57723087,stale_loss_72h,213.738,-0.06,208.935,-0.06360913779434085,187.16,203.86,False,short_compression_breakdown,1.0,True,1738771200000,1739066400000,"[{'amount': 1.42, 'safe_price': 201.64, 'ft_order_side': 'sell', 'order_filled_timestamp': 1738771200000, 'ft_is_entry': True, 'ft_order_tag': 'short_compression_breakdown', 'cost': 286.47196439999993}, {'amount': 1.42, 'safe_price': 201.82, 'ft_order_side': 'buy', 'order_filled_timestamp': 1739066400000, 'ft_is_entry': False, 'ft_order_tag': 'stale_loss_72h', 'cost': 286.7276921999999}]",-0.035174274474731766,6,False,False,True,0.48416289592760653,0.08371040723981384,0.005572816491591576,0.0316605749283809,0.03025193414005155,13.0,0.6486111111111111,0.7388888888888889,-0.008518623316482454,False,range,range,-0.011592375224329321,-0.004980468750000022,-0.017785703957198584,-0.048379564770710703,-0.0791390000673946,-0.07425586090437364,False,False,False,3y
SOL/USDT:USDT,358.2528,358.2528,1.88,2025-02-16 14:00:00+00:00,2025-02-18 06:00:00+00:00,190.56,171.252,0.0005,0.0005,2400,0.10000150105980872,35.80790485,roi,201.993,-0.06,196.48,-0.031068870743015564,164.22,191.16,False,short_pullback_restart,1.0,True,1739714400000,1739858400000,"[{'amount': 1.88, 'safe_price': 190.56, 'ft_order_side': 'sell', 'order_filled_timestamp': 1739714400000, 'ft_is_entry': True, 'ft_order_tag': 'short_pullback_restart', 'cost': 358.43192639999995}, {'amount': 1.88, 'safe_price': 171.252, 'ft_order_side': 'buy', 'order_filled_timestamp': 1739858400000, 'ft_is_entry': False, 'ft_order_tag': 'roi', 'cost': 322.11473687999995}]",-0.15103187154935238,1,False,False,False,0.7122302158273341,0.23021582733813473,0.007810059356451109,0.021451629699052403,0.021620486985726304,27.0,0.019444444444444445,0.011111111111111112,-0.003671747598446684,False,down,range,-0.00542411406137,-0.013627747323120998,-0.01236277829075616,-0.015493966046226215,-0.03699536709398543,-0.09206417368550845,False,False,False,3y
SOL/USDT:USDT,287.7952,287.7952,1.76,2025-02-24 02:00:00+00:00,2025-02-24 22:00:00+00:00,163.52,147.02,0.0005,0.0005,1200,0.10000002589941341,28.76513769,roi,173.331,-0.06,170.141,-0.04049357882684457,137.16,164.88,False,short_compression_breakdown,1.0,True,1740362400000,1740434400000,"[{'amount': 1.76, 'safe_price': 163.52, 'ft_order_side': 'sell', 'order_filled_timestamp': 1740362400000, 'ft_is_entry': True, 'ft_order_tag': 'short_compression_breakdown', 'cost': 287.9390976}, {'amount': 1.76, 'safe_price': 147.02, 'ft_order_side': 'buy', 'order_filled_timestamp': 1740434400000, 'ft_is_entry': False, 'ft_order_tag': 'roi', 'cost': 258.8845776}]",-0.0015871112384906218,0,False,False,False,0.8305555555555594,0.11944444444444653,0.016774891774891727,0.021164021164021225,0.021525102427689173,13.0,0.12083333333333333,0.18888888888888888,-0.007487620063503342,False,down,range,-0.008691510894153986,-0.007273160844163629,-0.01356554706474733,-0.0307898259705488,-0.06963259455066428,-0.17474844592471706,True,False,False,3y
SOL/USDT:USDT,342.384,342.384,2.8,2025-03-18 14:00:00+00:00,2025-03-19 00:00:00+00:00,122.28,126.16,0.0005,0.0005,600,-0.03285943236817717,-11.24491862,trailing_stop_loss,129.61,-0.06,126.16,-0.03287236591952758,121.8,126.2,False,short_compression_breakdown,1.0,True,1742306400000,1742342400000,"[{'amount': 2.8, 'safe_price': 122.28, 'ft_order_side': 'sell', 'order_filled_timestamp': 1742306400000, 'ft_is_entry': True, 'ft_order_tag': 'short_compression_breakdown', 'cost': 342.5551919999999}, {'amount': 2.8, 'safe_price': 126.16, 'ft_order_side': 'buy', 'order_filled_timestamp': 1742342400000, 'ft_is_entry': False, 'ft_order_tag': 'trailing_stop_loss', 'cost': 353.424624}]",-0.03310262218075736,2,True,True,True,0.5939086294416256,0.3147208121827436,0.00407232448281479,0.03314872129011234,0.033284265619888724,12.0,0.15833333333333333,0.1388888888888889,-0.005905359461151116,False,down,range,-0.010183626012348568,-0.005318291700241673,-0.024112578069412582,-0.03169124568559778,-0.05716341571486927,-0.24088542404912694,False,False,True,3y
SOL/USDT:USDT,488.5452,488.5452,3.96,2025-03-30 14:00:00+00:00,2025-03-30 18:00:00+00:00,123.37,126.72,0.0005,0.0005,240,-0.028364240600047653,-13.85028499,stop_loss,130.77,-0.06,126.72,-0.027218847343579045,122.81,126.84,False,short_pullback_restart,1.0,True,1743343200000,1743357600000,"[{'amount': 3.96, 'safe_price': 123.37, 'ft_order_side': 'sell', 'order_filled_timestamp': 1743343200000, 'ft_is_entry': True, 'ft_order_tag': 'short_pullback_restart', 'cost': 488.7894726}, {'amount': 3.96, 'safe_price': 126.72, 'ft_order_side': 'buy', 'order_filled_timestamp': 1743357600000, 'ft_is_entry': False, 'ft_order_tag': 'stop_loss', 'cost': 502.06210559999994}]",-0.08910679338,6,True,True,True,0.7871287128712834,0.18316831683168577,0.009155891093084897,0.03240287300032647,0.016049282645699842,12.0,0.11805555555555555,0.14444444444444443,-0.006713245716221228,False,down,range,-0.007939028262940573,-0.006361323155216425,0.002728294013801813,-0.003826530612244916,-0.06587170494471772,-0.17844342467206686,False,False,False,3y
SOL/USDT:USDT,298.0087,298.0087,2.53,2025-04-05 14:00:00+00:00,2025-04-06 20:00:00+00:00,117.79,105.91,0.0005,0.0005,1800,0.09996890806263738,29.77670853,roi,124.85,-0.06,122.24,-0.044131644887243304,105.26,121.08,False,short_pullback_restart,1.0,True,1743861600000,1743969600000,"[{'amount': 2.53, 'safe_price': 117.79, 'ft_order_side': 'sell', 'order_filled_timestamp': 1743861600000, 'ft_is_entry': True, 'ft_order_tag': 'short_pullback_restart', 'cost': 298.15770434999996}, {'amount': 2.53, 'safe_price': 105.91, 'ft_order_side': 'buy', 'order_filled_timestamp': 1743969600000, 'ft_is_entry': False, 'ft_order_tag': 'roi', 'cost': 268.08627614999995}]",0.003289033856138184,6,True,True,False,0.7303370786516833,0.18539325842696522,0.008334034851418546,0.07692307692307689,0.03387096774193544,12.0,0.5430555555555555,0.6555555555555556,-0.00443331983120121,False,down,range,-0.022006897684348936,-0.01243781094527363,-0.025128918719816706,0.03054425889071566,-0.04883224835126876,-0.18198333636738673,False,False,False,3y
SOL/USDT:USDT,477.9206,477.9206,3.34,2025-06-19 15:00:00+00:00,2025-06-19 22:00:00+00:00,143.09,147.37,0.0005,0.0005,420,-0.03093091649760555,-14.77513091,stop_loss,151.67,-0.06,147.37,-0.029975832995732477,142.83,147.44,False,short_pullback_restart,1.0,True,1750345200000,1750370400000,"[{'amount': 3.34, 'safe_price': 143.09, 'ft_order_side': 'sell', 'order_filled_timestamp': 1750345200000, 'ft_is_entry': True, 'ft_order_tag': 'short_pullback_restart', 'cost': 478.15956029999995}, {'amount': 3.34, 'safe_price': 147.37, 'ft_order_side': 'buy', 'order_filled_timestamp': 1750370400000, 'ft_is_entry': False, 'ft_order_tag': 'stop_loss', 'cost': 492.46190789999997}]",0.005137287400000001,3,True,True,True,0.44571428571428634,0.14285714285714285,0.004383523517951541,0.02451594929655928,0.02362149695995524,13.0,0.3263888888888889,0.45,-0.0048477724807437506,False,range,range,-0.014724010409532973,-0.007793103448275884,-0.012153254600384411,-0.009228014599545475,-0.04651568102150805,-0.07955712508018353,False,False,False,3y
SOL/USDT:USDT,467.0146,467.0146,3.37,2025-06-21 18:00:00+00:00,2025-06-23 22:00:00+00:00,138.58,142.79,0.0005,0.0005,3120,-0.03133205343730496,-14.62521014,stop_loss,146.89,-0.06,142.79,-0.030380947109183154,125.83,146.88,False,short_pullback_restart,1.0,True,1750528800000,1750716000000,"[{'amount': 3.37, 'safe_price': 138.58, 'ft_order_side': 'sell', 'order_filled_timestamp': 1750528800000, 'ft_is_entry': True, 'ft_order_tag': 'short_pullback_restart', 'cost': 467.2481073}, {'amount': 3.37, 'safe_price': 142.79, 'ft_order_side': 'buy', 'order_filled_timestamp': 1750716000000, 'ft_is_entry': False, 'ft_order_tag': 'stop_loss', 'cost': 481.44290114999995}]",0.03659831498914463,0,False,False,True,0.5522388059701441,0.1529850746268746,0.0035234054792549125,0.05133879176809035,0.02496752778178675,17.0,0.43194444444444446,0.6333333333333333,-0.006211510726479186,False,range,range,-0.004052901023890776,-0.014563106796116498,0.00035709184402210603,-0.015186669479012815,-0.057022532268863224,-0.10063442198885919,False,False,False,3y
SOL/USDT:USDT,721.5936,721.5936,3.92,2025-10-19 09:00:00+00:00,2025-10-19 09:00:00+00:00,184.08,188.11,0.0005,0.0005,0,-0.02291505922452752,-16.5270924,stop_loss,195.12,-0.06,188.11,-0.02192548397881522,183.06,188.66,False,short_pullback_restart,1.0,True,1760864400000,1760864400000,"[{'amount': 3.92, 'safe_price': 184.08, 'ft_order_side': 'sell', 'order_filled_timestamp': 1760864400000, 'ft_is_entry': True, 'ft_order_tag': 'short_pullback_restart', 'cost': 721.9543968}, {'amount': 3.92, 'safe_price': 188.11, 'ft_order_side': 'buy', 'order_filled_timestamp': 1760864400000, 'ft_is_entry': False, 'ft_order_tag': 'stop_loss', 'cost': 737.7598955999999}]",0.0,6,True,True,True,0.42130750605326167,0.15980629539952088,0.0038961038961038896,0.024886754352453213,0.01624293785310724,14.0,0.2902777777777778,0.7111111111111111,-0.004044365243662917,False,down,range,-0.0048733465431370915,0.00026915002422334133,-0.0025229480916849623,-0.0018800021485738672,-0.04826946307757918,-0.1088135884417959,False,False,False,3y
SOL/USDT:USDT,395.4773,395.4773,2.11,2025-10-20 17:00:00+00:00,2025-10-21 15:00:00+00:00,187.43,194.83,0.0005,0.0005,1320,-0.040613146845165114,-16.05354687,stop_loss,198.67,-0.06,194.83,-0.03950209445380448,182.65,197.13,False,short_pullback_restart,1.0,True,1760979600000,1761058800000,"[{'amount': 2.11, 'safe_price': 187.43, 'ft_order_side': 'sell', 'order_filled_timestamp': 1760979600000, 'ft_is_entry': True, 'ft_order_tag': 'short_pullback_restart', 'cost': 395.67503865}, {'amount': 2.11, 'safe_price': 194.83, 'ft_order_side': 'buy', 'order_filled_timestamp': 1761058800000, 'ft_is_entry': False, 'ft_order_tag': 'stop_loss', 'cost': 411.29684564999997}]",-0.03626257192338354,1,True,True,True,0.04487179487179043,0.6698717948717949,-0.005144418841433897,0.05858013937282225,0.04174441541824377,13.0,0.5305555555555556,0.6055555555555555,-0.0014622932929678756,False,range,range,-0.02537437603993342,-0.021405450558629968,-0.024258198854763102,-0.01740406793877125,-0.02597940283995226,-0.08898991778557808,False,True,True,3y
SOL/USDT:USDT,836.6514,836.6514,6.69,2025-12-21 02:00:00+00:00,2025-12-22 00:00:00+00:00,125.06,126.79,0.0005,0.0005,1320,-0.014726264839869418,-12.31458972,stop_loss,132.56,-0.06,126.79,-0.013866127461943156,123.3,128.51,False,short_pullback_restart,1.0,True,1766282400000,1766361600000,"[{'amount': 6.69, 'safe_price': 125.06, 'ft_order_side': 'sell', 'order_filled_timestamp': 1766282400000, 'ft_is_entry': True, 'ft_order_tag': 'short_pullback_restart', 'cost': 837.0697257}, {'amount': 6.69, 'safe_price': 126.79, 'ft_order_side': 'buy', 'order_filled_timestamp': 1766361600000, 'ft_is_entry': False, 'ft_order_tag': 'stop_loss', 'cost': 848.64921255}]",0.10154853123215676,0,True,True,True,0.30882352941177976,0.3382352941176357,0.001359782434810444,0.013037913933770674,0.01305566680016027,16.0,0.002777777777777778,0.10555555555555556,-0.001860755079776344,False,range,range,-0.007223942208462342,-0.007381538217318795,-0.007932730445819436,-0.0036647546207775328,-0.020651107807763802,-0.13023452704563032,False,False,True,3y
SOL/USDT:USDT,454.5178,454.5178,4.51,2026-02-03 15:00:00+00:00,2026-02-04 17:00:00+00:00,100.78,90.5,0.0005,0.0005,1560,0.10000200310135843,45.4299641,roi,106.82,-0.06,105.32,-0.04507269142969994,89.92,102.73,False,short_pullback_restart,1.0,True,1770130800000,1770224400000,"[{'amount': 4.51, 'safe_price': 100.78, 'ft_order_side': 'sell', 'order_filled_timestamp': 1770130800000, 'ft_is_entry': True, 'ft_order_tag': 'short_pullback_restart', 'cost': 454.74505889999995}, {'amount': 4.51, 'safe_price': 90.5, 'ft_order_side': 'buy', 'order_filled_timestamp': 1770224400000, 'ft_is_entry': False, 'ft_order_tag': 'roi', 'cost': 408.35907749999996}]",-0.5014995019311845,2,True,True,False,0.8854166666666671,0.031250000000001235,0.01263714733542312,0.029192789968652075,0.029566425240599305,15.0,0.8930555555555556,0.9055555555555556,-0.010439134891583768,False,down,down,0.005155642023346285,-0.012330338367425031,-0.009395072380404601,0.0007748184019369386,-0.10523807677901098,-0.21510732177636482,False,False,False,3y
SOL/USDT:USDT,676.254,676.254,8.2,2026-03-07 20:00:00+00:00,2026-03-09 13:00:00+00:00,82.47,85.0,0.0005,0.0005,2460,-0.032367232364137716,-21.87752612,stop_loss,87.41,-0.06,85.0,-0.030738046996966695,80.18,85.71,False,short_compression_breakdown,1.0,True,1772913600000,1773061200000,"[{'amount': 8.2, 'safe_price': 82.47, 'ft_order_side': 'sell', 'order_filled_timestamp': 1772913600000, 'ft_is_entry': True, 'ft_order_tag': 'short_compression_breakdown', 'cost': 676.5921269999999}, {'amount': 8.2, 'safe_price': 85.0, 'ft_order_side': 'buy', 'order_filled_timestamp': 1773061200000, 'ft_is_entry': False, 'ft_order_tag': 'stop_loss', 'cost': 697.3484999999998}]",-0.444899124593752,0,True,True,True,0.7747747747747746,0.22522522522522534,0.004586602293301092,0.02438141219070622,0.024493755304959505,15.0,0.06944444444444445,0.2777777777777778,-0.0035640936502643328,False,down,range,-0.004421077787071348,-0.010921177587844277,-0.008095238095238155,-0.022065727699530635,-0.04074557420008229,-0.14850442268067743,True,False,False,3y
SOL/USDT:USDT,466.8392,466.8392,5.68,2026-05-23 08:00:00+00:00,2026-05-23 20:00:00+00:00,82.19,85.41,0.0005,0.0005,720,-0.04063374515795004,-18.95994037,trailing_stop_loss,87.12,-0.06,85.41,-0.04288308466164903,81.63,87.05,False,short_compression_breakdown,1.0,True,1779523200000,1779566400000,"[{'amount': 5.68, 'safe_price': 82.19, 'ft_order_side': 'sell', 'order_filled_timestamp': 1779523200000, 'ft_is_entry': True, 'ft_order_tag': 'short_compression_breakdown', 'cost': 467.07261959999994}, {'amount': 5.68, 'safe_price': 85.41, 'ft_order_side': 'buy', 'order_filled_timestamp': 1779566400000, 'ft_is_entry': False, 'ft_order_tag': 'trailing_stop_loss', 'cost': 485.37136439999995}]",-0.19435636841805473,5,True,True,True,0.6907216494845386,0.28522336769759427,0.020498152782743403,0.020021451555237837,0.020440442876262403,12.0,0.9291666666666667,0.9555555555555556,-0.004334055796851977,False,range,down,-0.0051984877126654006,-0.002133206921071218,-0.014282369468508582,-0.02838679898453722,-0.05157073069545293,-0.0602345523095803,True,False,False,3y
SOL/USDT:USDT,925.696,925.696,11.3,2026-05-31 15:00:00+00:00,2026-06-02 22:00:00+00:00,81.92,73.67,0.0005,0.0005,3300,0.09997453461330362,92.49975378,roi,86.83,-0.06,83.39,-0.024731560812795816,73.27,83.08,False,short_pullback_restart,1.0,True,1780239600000,1780437600000,"[{'amount': 11.3, 'safe_price': 81.92, 'ft_order_side': 'sell', 'order_filled_timestamp': 1780239600000, 'ft_is_entry': True, 'ft_order_tag': 'short_pullback_restart', 'cost': 926.1588479999999}, {'amount': 11.3, 'safe_price': 73.67, 'ft_order_side': 'buy', 'order_filled_timestamp': 1780437600000, 'ft_is_entry': False, 'ft_order_tag': 'roi', 'cost': 832.8872355000001}]",0.15383728067355462,1,True,False,False,0.7884615384615409,0.21153846153845918,0.00630838287031433,0.01177184466019416,0.011476010255158074,15.0,0.08333333333333333,0.17777777777777778,-0.0016658038199710568,False,down,down,0.0007257771864037643,0.0014526086430215468,-0.0028926117873929735,0.0036394516559503653,-0.018630807786522263,-0.050436899058143525,False,False,False,3y
SUI/USDT:USDT,249.53396,249.53396,404.3,2023-07-30 20:00:00+00:00,2023-08-01 00:00:00+00:00,0.6172,0.6348,0.0005,0.0005,1680,-0.02980360984289752,-7.43329428,trailing_stop_loss,0.6542,-0.06,0.6348,-0.03406330179480732,0.5901,0.6369,False,short_pullback_restart,1.0,True,1690747200000,1690848000000,"[{'amount': 404.3, 'safe_price': 0.6172, 'ft_order_side': 'sell', 'order_filled_timestamp': 1690747200000, 'ft_is_entry': True, 'ft_order_tag': 'short_pullback_restart', 'cost': 249.65872697999998}, {'amount': 404.3, 'safe_price': 0.6348, 'ft_order_side': 'buy', 'order_filled_timestamp': 1690848000000, 'ft_is_entry': False, 'ft_order_tag': 'trailing_stop_loss', 'cost': 256.77796482}]",-0.06452248453789047,1,False,False,True,0.6927710843373556,0.27108433734939535,0.014529778061631802,0.012933099153760173,0.013123784834737518,12.0,0.06805555555555555,0.03888888888888889,-0.0036530354342966254,False,down,range,-0.00015903307888043283,-0.0038028838535889564,-0.006322111585269519,-0.008046702429788555,-0.04185816173832779,,True,False,False,3y
SUI/USDT:USDT,149.49906,149.49906,341.4,2023-09-11 09:00:00+00:00,2023-09-14 10:00:00+00:00,0.4379,0.438,0.0005,0.0005,4380,-0.002133676635329097,-0.31882316,stale_loss_72h,0.4641,-0.06,0.4589,-0.04807233886649054,0.4172,0.458,False,short_compression_breakdown,1.0,True,1694422800000,1694685600000,"[{'amount': 341.4, 'safe_price': 0.4379, 'ft_order_side': 'sell', 'order_filled_timestamp': 1694422800000, 'ft_is_entry': True, 'ft_order_tag': 'short_compression_breakdown', 'cost': 149.57380952999998}, {'amount': 341.4, 'safe_price': 0.438, 'ft_order_side': 'buy', 'order_filled_timestamp': 1694685600000, 'ft_is_entry': False, 'ft_order_tag': 'stale_loss_72h', 'cost': 149.6079666}]",-0.13516703187377171,3,False,False,True,0.7293233082706738,0.2406015037594006,0.014404681521494399,0.03386004514672689,0.03128568166248012,12.0,0.42777777777777776,0.37777777777777777,-0.009560108942630818,False,down,range,-0.006659267480577102,0.0008946544397225864,-0.004227859368046261,-0.03493638128100063,-0.08471182972937363,-0.20790283370742402,True,False,False,3y
SUI/USDT:USDT,243.36072,243.36072,554.1,2023-09-17 17:00:00+00:00,2023-09-18 22:00:00+00:00,0.4392,0.4498,0.0005,0.0005,1740,-0.02490075157739593,-6.0568349,trailing_stop_loss,0.4655,-0.06,0.4498,-0.03496561824850364,0.4223,0.4531,False,short_compression_breakdown,1.0,True,1694970000000,1695074400000,"[{'amount': 554.1, 'safe_price': 0.4392, 'ft_order_side': 'sell', 'order_filled_timestamp': 1694970000000, 'ft_is_entry': True, 'ft_order_tag': 'short_compression_breakdown', 'cost': 243.48240035999999}, {'amount': 554.1, 'safe_price': 0.4498, 'ft_order_side': 'buy', 'order_filled_timestamp': 1695074400000, 'ft_is_entry': False, 'ft_order_tag': 'trailing_stop_loss', 'cost': 249.35879709}]",0.06292254564033802,0,True,False,True,0.5862068965517142,0.05172413793103811,0.0020609113808105254,0.02816578887107862,0.028223955943093237,12.0,0.23333333333333334,0.2388888888888889,-0.0025488654807183098,False,range,range,-0.008577878103837477,-0.016789791806581578,-0.021172275462447043,-0.033237948492185754,-0.03425163311573998,-0.17706924300887794,False,False,False,3y
SUI/USDT:USDT,283.6977,283.6977,661.3,2023-10-09 09:00:00+00:00,2023-10-17 13:00:00+00:00,0.429,0.3855,0.0005,0.0005,11760,0.10000254695855179,28.35630732,roi,0.4547,-0.06,0.4397,-0.025073733918872465,0.3681,0.43,False,short_pullback_restart,1.0,True,1696842000000,1697547600000,"[{'amount': 661.3, 'safe_price': 0.429, 'ft_order_side': 'sell', 'order_filled_timestamp': 1696842000000, 'ft_is_entry': True, 'ft_order_tag': 'short_pullback_restart', 'cost': 283.83954884999997}, {'amount': 661.3, 'safe_price': 0.3855, 'ft_order_side': 'buy', 'order_filled_timestamp': 1697547600000, 'ft_is_entry': False, 'ft_order_tag': 'roi', 'cost': 255.05861557499998}]",-0.14092825910621914,1,False,False,False,0.5970149253731363,0.3432835820895484,0.0044093757252263,0.019262009747041016,0.019347319347319286,17.0,0.08055555555555556,0.5388888888888889,-0.004988642940103261,False,range,up,-0.010511882998171851,-0.009153318077803174,-0.011641177813284664,-0.015909090909090873,-0.034863432602253,-0.1091802365345258,True,False,True,3y
SUI/USDT:USDT,237.03766,237.03766,221.8,2024-05-05 02:00:00+00:00,2024-05-05 14:00:00+00:00,1.0687,1.1006,0.0005,0.0005,720,-0.030794884465518427,-7.29589758,trailing_stop_loss,1.1328,-0.06,1.1006,-0.035986961909087345,1.0526,1.1098,False,short_compression_breakdown,1.0,True,1714874400000,1714917600000,"[{'amount': 221.8, 'safe_price': 1.0687, 'ft_order_side': 'sell', 'order_filled_timestamp': 1714874400000, 'ft_is_entry': True, 'ft_order_tag': 'short_compression_breakdown', 'cost': 237.15617883000002}, {'amount': 221.8, 'safe_price': 1.1006, 'ft_order_side': 'buy', 'order_filled_timestamp': 1714917600000, 'ft_is_entry': False, 'ft_order_tag': 'trailing_stop_loss', 'cost': 244.23513654}]",0.020097793723000003,6,True,False,True,0.6416666666666695,0.32083333333333475,0.005767978416596878,0.02837473253325888,0.02853934687002898,12.0,0.21805555555555556,0.37777777777777777,-0.007275857906581362,False,range,up,-0.001933345608543524,0.0009232757824764182,-0.018825233052764845,-0.024475839107351627,-0.06811546391708134,-0.22256718882125737,False,False,True,3y
SUI/USDT:USDT,394.04144,394.04144,389.6,2024-06-02 10:00:00+00:00,2024-06-02 14:00:00+00:00,1.0114,1.0331,0.0005,0.0005,240,-0.02247737473640914,-8.8525886,stop_loss,1.072,-0.06,1.0331,-0.021460367564464677,1.0077,1.0342,False,short_pullback_restart,1.0,True,1717322400000,1717336800000,"[{'amount': 389.6, 'safe_price': 1.0114, 'ft_order_side': 'sell', 'order_filled_timestamp': 1717322400000, 'ft_is_entry': True, 'ft_order_tag': 'short_pullback_restart', 'cost': 394.23846072000003}, {'amount': 389.6, 'safe_price': 1.0331, 'ft_order_side': 'buy', 'order_filled_timestamp': 1717336800000, 'ft_is_entry': False, 'ft_order_tag': 'stop_loss', 'cost': 402.69700787999994}]",0.0,6,True,True,True,0.747474747474731,0.11111111111112108,0.0018748766528517986,0.01815670021709095,0.0181908057340583,14.0,0.019444444444444445,0.005555555555555556,-0.0017543238495192348,False,range,range,0.0006874877234335219,-0.002154539222407159,-0.007983643267452045,-0.0002943485086344122,-0.021218546858043696,-0.12047678960288843,False,False,False,3y
SUI/USDT:USDT,289.20326,289.20326,369.4,2024-06-29 23:00:00+00:00,2024-06-30 13:00:00+00:00,0.7829,0.8051,0.0005,0.0005,840,-0.029192905265610917,-8.43846203,stop_loss,0.8298,-0.06,0.8051,-0.028397025725807712,0.7721,0.8051,False,short_pullback_restart,1.0,True,1719702000000,1719752400000,"[{'amount': 369.4, 'safe_price': 0.7829, 'ft_order_side': 'sell', 'order_filled_timestamp': 1719702000000, 'ft_is_entry': True, 'ft_order_tag': 'short_pullback_restart', 'cost': 289.34786163}, {'amount': 369.4, 'safe_price': 0.8051, 'ft_order_side': 'buy', 'order_filled_timestamp': 1719752400000, 'ft_is_entry': False, 'ft_order_tag': 'stop_loss', 'cost': 297.55264196999997}]",0.05552156603495757,6,True,True,True,0.6285714285714189,0.32380952380952843,0.004324049345033649,0.02238331425664498,0.02248052113935362,13.0,0.06944444444444445,0.26666666666666666,-0.008230291009990953,False,down,range,-0.00791656195023871,-0.012507817385866149,-0.015094810379241541,-0.005416981607457738,-0.07590155820184685,-0.21536223953913947,True,False,True,3y
SUI/USDT:USDT,226.67623,226.67623,312.7,2024-07-30 15:00:00+00:00,2024-08-02 15:00:00+00:00,0.7249,0.6518,0.0005,0.0005,4320,0.1000438894093259,22.6662329,roi,0.7683,-0.06,0.7508,-0.035845925979309134,0.6405,0.7353,False,short_compression_breakdown,1.0,True,1722351600000,1722610800000,"[{'amount': 312.7, 'safe_price': 0.7249, 'ft_order_side': 'sell', 'order_filled_timestamp': 1722351600000, 'ft_is_entry': True, 'ft_order_tag': 'short_compression_breakdown', 'cost': 226.78956811499995}, {'amount': 312.7, 'safe_price': 0.6518, 'ft_order_side': 'buy', 'order_filled_timestamp': 1722610800000, 'ft_is_entry': False, 'ft_order_tag': 'roi', 'cost': 203.91976892999998}]",0.023109941161253054,4,True,True,False,0.4428571428571413,0.0,0.002613839592791323,0.03081579309396062,0.030896551724137897,12.0,0.18333333333333332,0.16111111111111112,-0.00644915295417714,False,range,up,-0.006820351930159618,-0.02517070558307677,-0.011405295315682351,-0.05808538163001298,-0.06548469302936133,-0.13758077982138628,False,False,False,3y
SUI/USDT:USDT,387.4005,387.4005,95.0,2025-01-26 21:00:00+00:00,2025-01-27 05:00:00+00:00,4.0779,3.6667,0.0005,0.0005,480,0.10000595744961475,38.72298674,roi,4.3225,-0.06,4.1841,-0.05295285192923016,3.6366,4.0812,False,short_pullback_restart,1.0,True,1737925200000,1737954000000,"[{'amount': 95.0, 'safe_price': 4.0779, 'ft_order_side': 'sell', 'order_filled_timestamp': 1737925200000, 'ft_is_entry': True, 'ft_order_tag': 'short_pullback_restart', 'cost': 387.59420025}, {'amount': 95.0, 'safe_price': 3.6667, 'ft_order_side': 'buy', 'order_filled_timestamp': 1737954000000, 'ft_is_entry': False, 'ft_order_tag': 'roi', 'cost': 348.51066825}]",0.026855240760018495,0,False,False,False,0.8735177865612611,0.09387351778656193,0.019128168563912255,0.026749932387578872,0.02727158791828539,12.0,0.05,0.3333333333333333,-0.01008123661267668,False,range,up,-0.015285424514633661,-0.01323621932923591,-0.017041893650870277,-0.0173971711525025,-0.0895456209673775,-0.08157862657918702,True,False,False,3y
SUI/USDT:USDT,378.5557,378.5557,113.8,2025-02-16 14:00:00+00:00,2025-02-18 16:00:00+00:00,3.3265,2.99,0.0005,0.0005,3000,0.09999103597782084,37.83325053,roi,3.526,-0.06,3.4244,-0.02944584084904589,2.9512,3.3547,False,short_compression_breakdown,1.0,True,1739714400000,1739894400000,"[{'amount': 113.8, 'safe_price': 3.3265, 'ft_order_side': 'sell', 'order_filled_timestamp': 1739714400000, 'ft_is_entry': True, 'ft_order_tag': 'short_compression_breakdown', 'cost': 378.74497784999994}, {'amount': 113.8, 'safe_price': 2.99, 'ft_order_side': 'buy', 'order_filled_timestamp': 1739894400000, 'ft_is_entry': False, 'ft_order_tag': 'roi', 'cost': 340.43213099999997}]",-0.10104062314243126,1,True,True,False,0.9363449691991722,0.06160164271047438,0.004250478927203129,0.022629310344827486,0.022725906330788092,12.0,0.041666666666666664,0.044444444444444446,-0.0018406054106324676,False,down,range,-0.0032218970766457744,-0.001746543915218668,-0.008088949024914083,-0.028156431021066908,-0.024900576904822613,-0.13174038617317563,False,False,False,3y
SUI/USDT:USDT,662.63814,662.63814,312.3,2025-04-19 17:00:00+00:00,2025-04-19 18:00:00+00:00,2.1218,2.1657,0.0005,0.0005,60,-0.021711180793531015,-14.37946313,stop_loss,2.2491,-0.06,2.1657,-0.020710860899699535,2.1203,2.1783,False,short_pullback_restart,1.0,True,1745082000000,1745085600000,"[{'amount': 312.3, 'safe_price': 2.1218, 'ft_order_side': 'sell', 'order_filled_timestamp': 1745082000000, 'ft_is_entry': True, 'ft_order_tag': 'short_pullback_restart', 'cost': 662.96945907}, {'amount': 312.3, 'safe_price': 2.1657, 'ft_order_side': 'buy', 'order_filled_timestamp': 1745085600000, 'ft_is_entry': False, 'ft_order_tag': 'stop_loss', 'cost': 676.6862840550001}]",0.0,5,True,True,True,0.9589041095890397,1.0,-0.01707064038479676,0.025021365492355993,0.01775778931750742,12.0,0.016666666666666666,0.06666666666666667,-0.0002061972628789599,True,range,range,-0.01293324028843923,-0.007066641707225707,-0.010816355074828476,0.003120419838305688,0.0036787971781353512,-0.11259273894832877,False,False,True,3y
SUI/USDT:USDT,553.7884,553.7884,172.0,2025-06-04 11:00:00+00:00,2025-06-05 20:00:00+00:00,3.2197,2.8954,0.0005,0.0005,1980,0.10001357321378376,55.35866351,roi,3.4128,-0.06,3.2969,-0.024000947622126345,2.8801,3.2461,False,short_pullback_restart,1.0,True,1749034800000,1749153600000,"[{'amount': 172.0, 'safe_price': 3.2197, 'ft_order_side': 'sell', 'order_filled_timestamp': 1749034800000, 'ft_is_entry': True, 'ft_order_tag': 'short_pullback_restart', 'cost': 554.0652942}, {'amount': 172.0, 'safe_price': 2.8954, 'ft_order_side': 'buy', 'order_filled_timestamp': 1749153600000, 'ft_is_entry': False, 'ft_order_tag': 'roi', 'cost': 498.2578044}]",0.10496211094661999,3,True,True,False,0.7613636363636382,0.04261363636363783,0.007491451663040172,0.025077881619937768,0.023019825237245176,13.0,0.005555555555555556,0.011111111111111112,-0.005462253069141942,False,range,range,-0.0070620162210502935,-0.012694713602354968,-0.009901599015990081,-0.030093080700063224,-0.05552553817036765,-0.05206089708689099,False,False,False,3y
SUI/USDT:USDT,330.4675,330.4675,98.5,2025-08-29 08:00:00+00:00,2025-09-03 10:00:00+00:00,3.355,3.339,0.0005,0.0005,7320,0.004965662296602544,1.64016951,stale_flat_120h,3.5563,-0.06,3.5065,-0.04518228067548735,3.106,3.4006,False,short_compression_breakdown,1.0,True,1756454400000,1756893600000,"[{'amount': 98.5, 'safe_price': 3.355, 'ft_order_side': 'sell', 'order_filled_timestamp': 1756454400000, 'ft_is_entry': True, 'ft_order_tag': 'short_compression_breakdown', 'cost': 330.63273374999994}, {'amount': 98.5, 'safe_price': 3.339, 'ft_order_side': 'buy', 'order_filled_timestamp': 1756893600000, 'ft_is_entry': False, 'ft_order_tag': 'stale_flat_120h', 'cost': 329.05594575}]",0.39384901179758713,2,False,True,False,0.8695652173913039,0.1291172595520399,0.013380385237465106,0.029054550801352677,0.029448584202682496,15.0,0.24027777777777778,0.15,-0.0030104149567097283,False,down,range,-0.010671216634373537,-0.012726905428414814,-0.009037715080238762,-0.022012578616352307,-0.04574828852521695,-0.05920285323941643,False,False,False,3y
SUI/USDT:USDT,329.7925,329.7925,100.7,2025-09-24 04:00:00+00:00,2025-09-24 14:00:00+00:00,3.275,3.4257,0.0005,0.0005,600,-0.04699583042732355,-15.49112297,stop_loss,3.4715,-0.06,3.4257,-0.04602209484304187,3.2333,3.4387,False,short_pullback_restart,1.0,True,1758686400000,1758722400000,"[{'amount': 100.7, 'safe_price': 3.275, 'ft_order_side': 'sell', 'order_filled_timestamp': 1758686400000, 'ft_is_entry': True, 'ft_order_tag': 'short_pullback_restart', 'cost': 329.95739625}, {'amount': 100.7, 'safe_price': 3.4257, 'ft_order_side': 'buy', 'order_filled_timestamp': 1758722400000, 'ft_is_entry': False, 'ft_order_tag': 'stop_loss', 'cost': 345.140473995}]",0.0217472701825,2,True,True,True,0.8689458689458649,0.04415954415954862,0.009646205019655222,0.04328052986600736,0.03392262831669261,23.0,0.8291666666666667,0.8,-0.008301292521294301,False,range,range,0.005242858864649813,-0.002451859825379765,-0.006551128580787435,0.011337456044622218,-0.07415883782329336,-0.07455409011332459,False,False,False,3y
SUI/USDT:USDT,479.3761,479.3761,143.5,2025-09-25 01:00:00+00:00,2025-10-01 09:00:00+00:00,3.3406,3.3811,0.0005,0.0005,9120,-0.01205157680773921,-5.77434927,stale_loss_72h,3.541,-0.06,3.4455,-0.031419499037630194,3.0676,3.4043,False,short_pullback_restart,1.0,True,1758762000000,1759309200000,"[{'amount': 143.5, 'safe_price': 3.3406, 'ft_order_side': 'sell', 'order_filled_timestamp': 1758762000000, 'ft_is_entry': True, 'ft_order_tag': 'short_pullback_restart', 'cost': 479.61578804999994}, {'amount': 143.5, 'safe_price': 3.3811, 'ft_order_side': 'buy', 'order_filled_timestamp': 1759309200000, 'ft_is_entry': False, 'ft_order_tag': 'stale_loss_72h', 'cost': 485.430443925}]",0.5196827079707137,2,False,False,True,0.5329949238578643,0.28934010152284384,0.0014646102343376752,0.06352642810750628,0.027868410812105168,18.0,0.5166666666666667,0.7055555555555556,-0.005382147111693825,False,range,range,-0.010042112082928378,-0.008874605654981327,-0.009108327192336008,0.012896227552127382,-0.04589692911601362,-0.05149961438993067,False,False,False,3y
SUI/USDT:USDT,321.80124,321.80124,198.3,2025-11-19 06:00:00+00:00,2025-11-21 07:00:00+00:00,1.6228,1.4599,0.0005,0.0005,2940,0.1000209061214553,32.17075819,roi,1.7201,-0.06,1.7035,-0.049769947262623626,1.3148,1.6645,False,short_pullback_restart,1.0,True,1763532000000,1763708400000,"[{'amount': 198.3, 'safe_price': 1.6228, 'ft_order_side': 'sell', 'order_filled_timestamp': 1763532000000, 'ft_is_entry': True, 'ft_order_tag': 'short_pullback_restart', 'cost': 321.96214062}, {'amount': 198.3, 'safe_price': 1.4599, 'ft_order_side': 'buy', 'order_filled_timestamp': 1763708400000, 'ft_is_entry': False, 'ft_order_tag': 'roi', 'cost': 289.642919085}]",0.1733378958585,4,True,True,False,0.5714285714285714,0.327868852459017,0.01223520818115413,0.050207135349038486,0.03432550687126386,13.0,0.6069444444444444,0.5111111111111111,-0.010218619779764015,False,down,down,-0.011225837435466457,-0.019875037191312117,-0.026306455426814868,0.0001214402817415472,-0.09997059195631364,-0.32178203549676077,False,False,True,3y
SUI/USDT:USDT,618.44727,618.44727,405.3,2025-12-11 15:00:00+00:00,2025-12-11 18:00:00+00:00,1.5259,1.5685,0.0005,0.0005,180,-0.028985674179680287,-17.91714801,stop_loss,1.6174,-0.06,1.5685,-0.027948758386364014,1.5225,1.5776,False,short_compression_breakdown,1.0,True,1765465200000,1765476000000,"[{'amount': 405.3, 'safe_price': 1.5259, 'ft_order_side': 'sell', 'order_filled_timestamp': 1765465200000, 'ft_is_entry': True, 'ft_order_tag': 'short_compression_breakdown', 'cost': 618.756493635}, {'amount': 405.3, 'safe_price': 1.5685, 'ft_order_side': 'buy', 'order_filled_timestamp': 1765476000000, 'ft_is_entry': False, 'ft_order_tag': 'stop_loss', 'cost': 636.030906525}]",-0.0242878460853,3,True,True,True,0.6516853932584176,0.265917602996257,0.001635697461397505,0.023423187647212806,0.023461563667343897,12.0,0.28888888888888886,0.48333333333333334,-0.0037208066114645666,False,down,range,0.00110275038920582,-0.0030361757105944465,-0.008480565371024817,-0.04415954415954426,-0.04077305643604545,-0.19729208114207442,False,False,False,3y
SUI/USDT:USDT,532.71622,532.71622,571.4,2026-03-22 00:00:00+00:00,2026-03-23 15:00:00+00:00,0.9323,0.969,0.0005,0.0005,2340,-0.04044913940544773,-21.53713869,stop_loss,0.9882,-0.06,0.969,-0.03942496088918501,0.8903,0.9709,False,short_pullback_restart,1.0,True,1774137600000,1774278000000,"[{'amount': 571.4, 'safe_price': 0.9323, 'ft_order_side': 'sell', 'order_filled_timestamp': 1774137600000, 'ft_is_entry': True, 'ft_order_tag': 'short_pullback_restart', 'cost': 532.98257811}, {'amount': 571.4, 'safe_price': 0.969, 'ft_order_side': 'buy', 'order_filled_timestamp': 1774278000000, 'ft_is_entry': False, 'ft_order_tag': 'stop_loss', 'cost': 553.9634433}]",-0.023557284431339413,0,False,True,True,0.7746478873239433,0.22253521126760628,0.026115115428810218,0.011177269403530692,0.01147699238442554,16.0,0.04027777777777778,0.044444444444444446,-0.0035724991198250455,False,range,down,-0.0015603869759700517,0.0,-0.0020794343938448367,-0.007958656330749436,-0.048976023398217605,-0.11173857545742705,True,False,False,3y
TAO/USDT:USDT,243.07614,243.07614,0.681,2024-06-10 05:00:00+00:00,2024-06-11 15:00:00+00:00,356.94,321.06,0.0005,0.0005,2040,0.10000405156762696,24.29644454,roi,378.35,-0.06,369.27,-0.03455393522896011,320.55,359.91,False,short_pullback_restart,1.0,True,1717995600000,1718118000000,"[{'amount': 0.681, 'safe_price': 356.94, 'ft_order_side': 'sell', 'order_filled_timestamp': 1717995600000, 'ft_is_entry': True, 'ft_order_tag': 'short_pullback_restart', 'cost': 243.19767807}, {'amount': 0.681, 'safe_price': 321.06, 'ft_order_side': 'buy', 'order_filled_timestamp': 1718118000000, 'ft_is_entry': False, 'ft_order_tag': 'roi', 'cost': 218.75118093}]",0.09302354010385801,1,False,False,False,0.9384993849938499,0.03813038130381334,0.004825931711671553,0.045529378370706676,0.02763840224246659,13.0,0.24583333333333332,0.8722222222222222,-0.01086756579262571,False,range,range,0.008884829361454738,-0.0022992281162751427,0.011965906882478672,0.010031035247173525,-0.08153521259735486,-0.15880874545846957,False,False,False,3y
TAO/USDT:USDT,253.99146,253.99146,0.914,2024-06-22 20:00:00+00:00,2024-06-23 04:00:00+00:00,277.89,287.03,0.0005,0.0005,480,-0.033857752658357124,-8.59528024,stop_loss,294.56,-0.06,287.03,-0.03290641186429433,276.38,287.36,False,short_pullback_restart,1.0,True,1719086400000,1719115200000,"[{'amount': 0.914, 'safe_price': 277.89, 'ft_order_side': 'sell', 'order_filled_timestamp': 1719086400000, 'ft_is_entry': True, 'ft_order_tag': 'short_pullback_restart', 'cost': 254.11845572999997}, {'amount': 0.914, 'safe_price': 287.03, 'ft_order_side': 'buy', 'order_filled_timestamp': 1719115200000, 'ft_is_entry': False, 'ft_order_tag': 'stop_loss', 'cost': 262.47659271}]",0.016848197342563712,6,True,True,True,0.7473684210526228,0.1868421052631669,0.0072173788766613615,0.022866942975560873,0.023033182178075207,14.0,0.16527777777777777,0.4888888888888889,-0.0082397887854736,False,down,range,-0.014636714636714454,-0.002132726691074449,-0.010189690430858156,-0.024870610302546003,-0.07797258772261162,-0.264104868079548,False,False,False,3y
TAO/USDT:USDT,266.3378,266.3378,0.59,2024-11-02 13:00:00+00:00,2024-11-04 21:00:00+00:00,451.42,406.17,0.0005,0.0005,3360,0.10000776838476272,26.62253109,roi,478.5,-0.06,467.96,-0.03664627200261816,403.35,453.11,False,short_pullback_restart,1.0,True,1730552400000,1730754000000,"[{'amount': 0.59, 'safe_price': 451.42, 'ft_order_side': 'sell', 'order_filled_timestamp': 1730552400000, 'ft_is_entry': True, 'ft_order_tag': 'short_pullback_restart', 'cost': 266.4709689}, {'amount': 0.59, 'safe_price': 406.17, 'ft_order_side': 'buy', 'order_filled_timestamp': 1730754000000, 'ft_is_entry': False, 'ft_order_tag': 'roi', 'cost': 239.76012014999998}]",0.17802013864804,0,False,False,False,0.6364846870838853,0.18774966711052288,0.00572674610691387,0.028303341336093968,0.028466360957887557,18.0,0.06388888888888888,0.31666666666666665,-0.011749460770573372,False,range,up,-0.005471866756774468,-0.012660967427767567,-0.016428787029451053,-0.01655600586358541,-0.09550249129625532,-0.09301053336879295,False,False,False,3y
TAO/USDT:USDT,212.93962,212.93962,0.527,2025-01-15 10:00:00+00:00,2025-01-15 13:00:00+00:00,404.06,423.84,0.0005,0.0005,180,-0.049952368136773104,-10.63151987,stop_loss,428.3,-0.06,423.84,-0.04896520108496416,402.46,428.95,False,short_pullback_restart,1.0,True,1736935200000,1736946000000,"[{'amount': 0.527, 'safe_price': 404.06, 'ft_order_side': 'sell', 'order_filled_timestamp': 1736935200000, 'ft_is_entry': True, 'ft_order_tag': 'short_pullback_restart', 'cost': 213.04608981}, {'amount': 0.527, 'safe_price': 423.84, 'ft_order_side': 'buy', 'order_filled_timestamp': 1736946000000, 'ft_is_entry': False, 'ft_order_tag': 'stop_loss', 'cost': 223.47536183999998}]",0.010691776,2,True,True,True,0.8128205128205128,0.11538461538461744,0.016501168224299,0.029956612879637353,0.02887899034892357,12.0,0.3972222222222222,0.6,-0.009174208938304118,False,range,up,-0.003877462549973565,0.003104309654888171,-0.005003728740166968,-0.016104476901850684,-0.09184866302091643,-0.19643064089822648,False,False,False,3y
TAO/USDT:USDT,440.70545,440.70545,1.343,2025-08-28 17:00:00+00:00,2025-09-03 16:00:00+00:00,328.15,325.84,0.0005,0.0005,8580,0.007787005851547739,3.43006003,stale_flat_120h,347.83,-0.06,339.27,-0.033896766347564,301.5,338.0,False,short_pullback_restart,1.0,True,1756400400000,1756915200000,"[{'amount': 1.343, 'safe_price': 328.15, 'ft_order_side': 'sell', 'order_filled_timestamp': 1756400400000, 'ft_is_entry': True, 'ft_order_tag': 'short_pullback_restart', 'cost': 440.925802725}, {'amount': 1.343, 'safe_price': 325.84, 'ft_order_side': 'buy', 'order_filled_timestamp': 1756915200000, 'ft_is_entry': False, 'ft_order_tag': 'stale_flat_120h', 'cost': 437.8219215599999}]",0.7668843144288985,2,True,True,False,0.741605839416062,0.013138686131383167,0.012696693444053397,0.03273637001555975,0.018680481487124777,12.0,0.36944444444444446,0.5555555555555556,-0.004422632157524586,False,down,range,-0.0067660208643814945,-0.0012288694401150213,-0.0007496701451361609,-0.010364694701829436,-0.043606586807029,-0.1025314708280387,False,False,False,3y
TAO/USDT:USDT,457.3304,457.3304,1.46,2025-09-04 16:00:00+00:00,2025-09-05 12:00:00+00:00,313.24,322.66,0.0005,0.0005,1200,-0.030883179772171806,-14.11675505,trailing_stop_loss,332.03,-0.06,322.66,-0.03205843860075697,310.63,326.43,False,short_compression_breakdown,1.0,True,1757001600000,1757073600000,"[{'amount': 1.46, 'safe_price': 313.24, 'ft_order_side': 'sell', 'order_filled_timestamp': 1757001600000, 'ft_is_entry': True, 'ft_order_tag': 'short_compression_breakdown', 'cost': 457.55906519999996}, {'amount': 1.46, 'safe_price': 322.66, 'ft_order_side': 'buy', 'order_filled_timestamp': 1757073600000, 'ft_is_entry': False, 'ft_order_tag': 'trailing_stop_loss', 'cost': 471.3191418}]",0.10065195477607768,4,True,True,True,0.7196261682242999,0.21028037383177173,0.004164414915599079,0.026671329115935997,0.026782864074570603,12.0,0.11805555555555555,0.022222222222222223,-0.0028211381930739465,False,down,range,-0.007467135192796404,-0.008555848063181548,-0.019768847023827973,-0.02523571824736548,-0.033458515359201746,-0.11520395430119768,True,False,False,3y
TAO/USDT:USDT,395.73933,395.73933,1.281,2025-09-23 18:00:00+00:00,2025-09-28 23:00:00+00:00,308.93,306.06,0.0005,0.0005,7500,0.009022927626796238,3.56894197,stale_flat_120h,327.46,-0.06,320.75,-0.03828608729247929,289.44,316.64,False,short_pullback_restart,1.0,True,1758650400000,1759100400000,"[{'amount': 1.281, 'safe_price': 308.93, 'ft_order_side': 'sell', 'order_filled_timestamp': 1758650400000, 'ft_is_entry': True, 'ft_order_tag': 'short_pullback_restart', 'cost': 395.937199665}, {'amount': 1.281, 'safe_price': 306.06, 'ft_order_side': 'buy', 'order_filled_timestamp': 1759100400000, 'ft_is_entry': False, 'ft_order_tag': 'stale_flat_120h', 'cost': 392.25889143}]",0.28637306808854,6,True,True,False,0.9048913043478201,0.048913043478262634,0.0050565235595349065,0.0306612129215111,0.030817040010358607,28.0,0.8416666666666667,0.7888888888888889,-0.008660082652573453,False,range,range,-0.00022175758727760453,-0.004039511471581547,0.0029555710926076895,0.003944647685700575,-0.07889795763620577,-0.10961727734805382,False,False,False,3y
TAO/USDT:USDT,632.18539,632.18539,2.153,2025-11-29 18:00:00+00:00,2025-12-01 11:00:00+00:00,293.63,263.93,0.0005,0.0005,2460,0.1000005572505287,63.18728184,roi,311.24,-0.06,300.1,-0.020498348397969934,263.01,299.16,False,short_compression_breakdown,1.0,True,1764439200000,1764586800000,"[{'amount': 2.153, 'safe_price': 293.63, 'ft_order_side': 'sell', 'order_filled_timestamp': 1764439200000, 'ft_is_entry': True, 'ft_order_tag': 'short_compression_breakdown', 'cost': 632.5014826949999}, {'amount': 2.153, 'safe_price': 263.93, 'ft_order_side': 'buy', 'order_filled_timestamp': 1764586800000, 'ft_is_entry': False, 'ft_order_tag': 'roi', 'cost': 568.525410645}]",-0.15660482172358864,0,True,True,False,0.7541899441340784,0.08938547486033369,0.0014622866081752256,0.022818472420594368,0.02285188843101856,12.0,0.004166666666666667,0.005555555555555556,-0.0023434393280717947,False,range,range,0.0021645021645020357,-0.005537470215122409,-0.014795358579645534,-0.02497449902931803,-0.029102705514633787,-0.1536340386638072,False,False,False,3y
TAO/USDT:USDT,485.23875,485.23875,2.075,2026-01-29 02:00:00+00:00,2026-01-30 01:00:00+00:00,233.85,210.24,0.0005,0.0005,1380,0.09999540956646989,48.49738672,roi,247.88,-0.06,241.44,-0.0531618074525102,209.38,234.61,False,short_pullback_restart,1.0,True,1769652000000,1769734800000,"[{'amount': 2.075, 'safe_price': 233.85, 'ft_order_side': 'sell', 'order_filled_timestamp': 1769652000000, 'ft_is_entry': True, 'ft_order_tag': 'short_pullback_restart', 'cost': 485.481369375}, {'amount': 2.075, 'safe_price': 210.24, 'ft_order_side': 'buy', 'order_filled_timestamp': 1769734800000, 'ft_is_entry': False, 'ft_order_tag': 'roi', 'cost': 436.46612400000004}]",-0.0326199039509138,4,False,False,False,0.6478873239436624,0.2183098591549259,0.014387873078405403,0.03121654605404013,0.031672242255723994,12.0,0.6097222222222223,0.32222222222222224,-0.0025890544095558132,False,down,down,-0.02602973637083006,-0.013207308325245748,-0.027366494759607285,-0.014496418036241021,-0.039588810926326934,-0.11605245721666357,False,False,False,3y
TAO/USDT:USDT,479.73303,479.73303,2.499,2026-02-03 15:00:00+00:00,2026-02-03 20:00:00+00:00,191.97,200.14,0.0005,0.0005,300,-0.043499449269316835,-20.85768854,stop_loss,203.48,-0.06,200.14,-0.04258130377528868,184.33,204.2,False,short_pullback_restart,1.0,True,1770130800000,1770148800000,"[{'amount': 2.499, 'safe_price': 191.97, 'ft_order_side': 'sell', 'order_filled_timestamp': 1770130800000, 'ft_is_entry': True, 'ft_order_tag': 'short_pullback_restart', 'cost': 479.972896515}, {'amount': 2.499, 'safe_price': 200.14, 'ft_order_side': 'buy', 'order_filled_timestamp': 1770148800000, 'ft_is_entry': False, 'ft_order_tag': 'stop_loss', 'cost': 500.39993493}]",0.049082905222753506,1,True,True,True,0.8749999999999974,0.02403846153846019,0.008266170696424852,0.030946476544740694,0.031204417586997338,12.0,0.6652777777777777,0.8611111111111112,-0.008969935611673474,False,down,down,0.007156832458037332,-0.008465125709651189,-0.016985778179807953,-0.004377258614546631,-0.09176431038071386,-0.22959746311299511,False,False,False,3y
TAO/USDT:USDT,504.66915,504.66915,2.883,2026-02-22 13:00:00+00:00,2026-02-25 14:00:00+00:00,175.05,179.76,0.0005,0.0005,4380,-0.028906466466060914,-14.58090776,stale_loss_72h,185.55,-0.06,181.06,-0.04243541890814817,163.01,181.62,False,short_compression_breakdown,1.0,True,1771765200000,1772028000000,"[{'amount': 2.883, 'safe_price': 175.05, 'ft_order_side': 'sell', 'order_filled_timestamp': 1771765200000, 'ft_is_entry': True, 'ft_order_tag': 'short_compression_breakdown', 'cost': 504.921484575}, {'amount': 2.883, 'safe_price': 179.76, 'ft_order_side': 'buy', 'order_filled_timestamp': 1772028000000, 'ft_is_entry': False, 'ft_order_tag': 'stale_loss_72h', 'cost': 518.5072040399999}]",-0.49051914695885723,2,False,True,True,0.8032786885245903,0.14207650273224337,0.011072820744590586,0.02830348567877532,0.028620394173093512,12.0,0.06666666666666667,0.2111111111111111,-0.002107094205861748,False,down,down,0.002308688552283389,0.0011811687946454708,-0.020524954602982426,-0.023373203116426988,-0.031789991078423285,-0.1659014036806702,False,False,False,3y
TAO/USDT:USDT,761.74064,761.74064,3.076,2026-04-30 15:00:00+00:00,2026-05-01 03:00:00+00:00,247.64,252.29,0.0005,0.0005,720,-0.019683787056806023,-14.98644358,trailing_stop_loss,262.49,-0.06,252.29,-0.015218672035330671,247.21,253.83,False,short_compression_breakdown,1.0,True,1777561200000,1777604400000,"[{'amount': 3.076, 'safe_price': 247.64, 'ft_order_side': 'sell', 'order_filled_timestamp': 1777561200000, 'ft_is_entry': True, 'ft_order_tag': 'short_compression_breakdown', 'cost': 762.12151032}, {'amount': 3.076, 'safe_price': 252.29, 'ft_order_side': 'buy', 'order_filled_timestamp': 1777604400000, 'ft_is_entry': False, 'ft_order_tag': 'trailing_stop_loss', 'cost': 776.43206202}]",0.08584875688730123,4,True,True,True,0.6505102040816376,0.2908163265306097,0.003861625100563186,0.022773993308879865,0.020755936036181616,12.0,0.11527777777777778,0.11666666666666667,-0.00048260276065836827,False,range,range,0.0022433201137683767,3.997122072108006e-05,-0.010950347881087952,-0.022275196373441664,-0.013521131422379207,-0.04240367667266409,False,False,False,3y
XRP/USDT:USDT,359.06738,359.06738,699.8,2023-08-22 14:00:00+00:00,2023-08-22 23:00:00+00:00,0.5131,0.5237,0.0005,0.0005,540,-0.021708880169963314,-7.79105325,stop_loss,0.5438,-0.06,0.5237,-0.020705088888825163,0.5021,0.5254,False,short_pullback_restart,1.0,True,1692712800000,1692745200000,"[{'amount': 699.8, 'safe_price': 0.5131, 'ft_order_side': 'sell', 'order_filled_timestamp': 1692712800000, 'ft_is_entry': True, 'ft_order_tag': 'short_pullback_restart', 'cost': 359.24691368999993}, {'amount': 699.8, 'safe_price': 0.5237, 'ft_order_side': 'buy', 'order_filled_timestamp': 1692745200000, 'ft_is_entry': False, 'ft_order_tag': 'stop_loss', 'cost': 366.66850263000003}]",-0.0103969316203368,1,True,True,True,0.7761194029850674,0.1791044776119361,0.0021388294769589537,0.047695390781563214,0.016562743569758502,12.0,0.4583333333333333,0.7722222222222223,-0.007995857403537476,False,down,range,0.000965437343116271,-0.0013484877672895745,-0.0034602076124568004,-0.009742120343839478,-0.06703508452887197,-0.14714593974932677,False,False,False,3y
XRP/USDT:USDT,346.44843,346.44843,691.1,2023-09-01 15:00:00+00:00,2023-09-04 03:00:00+00:00,0.5013,0.5112,0.0005,0.0005,3600,-0.020992223493221537,-7.26908651,stop_loss,0.5313,-0.06,0.5112,-0.019843319516778424,0.4863,0.5127,False,short_compression_breakdown,1.0,True,1693580400000,1693796400000,"[{'amount': 691.1, 'safe_price': 0.5013, 'ft_order_side': 'sell', 'order_filled_timestamp': 1693580400000, 'ft_is_entry': True, 'ft_order_tag': 'short_compression_breakdown', 'cost': 346.621654215}, {'amount': 691.1, 'safe_price': 0.5112, 'ft_order_side': 'buy', 'order_filled_timestamp': 1693796400000, 'ft_is_entry': False, 'ft_order_tag': 'stop_loss', 'cost': 353.46696516}]",-0.07732713388616688,0,False,False,True,0.6049382716049446,0.3580246913580222,0.0017924716191993863,0.03423824959481356,0.016759776536312776,13.0,0.39444444444444443,0.3388888888888889,-0.004613992838913172,False,down,range,0.0013847675568745554,0.003568596352101494,-0.003935458480913034,-0.03212237093690251,-0.041815557779888324,-0.1286226617431283,True,False,True,3y
XRP/USDT:USDT,338.6173,338.6173,679.0,2023-09-06 15:00:00+00:00,2023-09-07 21:00:00+00:00,0.4987,0.5056,0.0005,0.0005,1800,-0.01451640481127648,-4.91304805,stop_loss,0.5286,-0.06,0.5056,-0.013839988257188462,0.4907,0.5066,False,short_pullback_restart,1.0,True,1694012400000,1694120400000,"[{'amount': 679.0, 'safe_price': 0.4987, 'ft_order_side': 'sell', 'order_filled_timestamp': 1694012400000, 'ft_is_entry': True, 'ft_order_tag': 'short_pullback_restart', 'cost': 338.78660865}, {'amount': 679.0, 'safe_price': 0.5056, 'ft_order_side': 'buy', 'order_filled_timestamp': 1694120400000, 'ft_is_entry': False, 'ft_order_tag': 'stop_loss', 'cost': 343.4740512}]",0.1130118024956564,3,True,True,True,0.6250000000000087,0.37499999999999134,0.002001200720432261,0.01303388810908363,0.011028674553839993,12.0,0.0625,0.10555555555555556,-0.002153574797336022,False,down,range,0.001396926761125572,0.0,-0.00436507936507935,0.001396926761125572,-0.019491135930209458,-0.11305139596341052,False,False,True,3y
XRP/USDT:USDT,258.29749,258.29749,542.3,2023-10-12 09:00:00+00:00,2023-10-13 20:00:00+00:00,0.4763,0.4894,0.0005,0.0005,2100,-0.02818383274505809,-7.27617335,stop_loss,0.5048,-0.06,0.4894,-0.027540589440101737,0.4715,0.49,False,short_pullback_restart,1.0,True,1697101200000,1697227200000,"[{'amount': 542.3, 'safe_price': 0.4763, 'ft_order_side': 'sell', 'order_filled_timestamp': 1697101200000, 'ft_is_entry': True, 'ft_order_tag': 'short_pullback_restart', 'cost': 258.426638745}, {'amount': 542.3, 'safe_price': 0.4894, 'ft_order_side': 'buy', 'order_filled_timestamp': 1697227200000, 'ft_is_entry': False, 'ft_order_tag': 'stop_loss', 'cost': 265.53432080999994}]",0.08980620558087486,4,True,True,True,0.79166666666666,0.1805555555555578,0.010182876142975925,0.02238025517674124,0.01595633004408985,14.0,0.6069444444444444,0.5611111111111111,-0.005463652243683614,False,range,range,-0.003515301902398682,-0.006391752577319609,-0.006391752577319609,-0.0010364842454394507,-0.055102217540431875,-0.08492777744784075,True,False,False,3y
XRP/USDT:USDT,338.08005,338.08005,620.9,2024-01-19 15:00:00+00:00,2024-01-20 23:00:00+00:00,0.5445,0.5532,0.0005,0.0005,1920,-0.01659379610156782,-5.6072264,stop_loss,0.5771,-0.06,0.5532,-0.01604365339182845,0.5215,0.5553,False,short_compression_breakdown,1.0,True,1705676400000,1705791600000,"[{'amount': 620.9, 'safe_price': 0.5445, 'ft_order_side': 'sell', 'order_filled_timestamp': 1705676400000, 'ft_is_entry': True, 'ft_order_tag': 'short_compression_breakdown', 'cost': 338.24909002499993}, {'amount': 620.9, 'safe_price': 0.5532, 'ft_order_side': 'buy', 'order_filled_timestamp': 1705791600000, 'ft_is_entry': False, 'ft_order_tag': 'stop_loss', 'cost': 343.65362094}]",0.13538456830009998,5,False,False,True,0.6999999999999916,0.22500000000000278,0.00809865635928577,0.020125553914327958,0.017071812952310233,14.0,0.425,0.35,-0.0054558747737764035,False,down,range,-0.011080835603996309,-0.004389173372348121,-0.010361752408653002,-0.034922886013118326,-0.05451854740248274,-0.0953413308121529,True,False,False,3y
XRP/USDT:USDT,333.63825,333.63825,610.5,2024-01-22 00:00:00+00:00,2024-01-31 14:00:00+00:00,0.5465,0.4928,0.0005,0.0005,13800,0.10006139864049607,33.36761778,roi,0.5792,-0.06,0.5555,-0.016537639272398375,0.484,0.5499,False,short_pullback_restart,1.0,True,1705881600000,1706709600000,"[{'amount': 610.5, 'safe_price': 0.5465, 'ft_order_side': 'sell', 'order_filled_timestamp': 1705881600000, 'ft_is_entry': True, 'ft_order_tag': 'short_pullback_restart', 'cost': 333.80506912499993}, {'amount': 610.5, 'safe_price': 0.4928, 'ft_order_side': 'buy', 'order_filled_timestamp': 1706709600000, 'ft_is_entry': False, 'ft_order_tag': 'roi', 'cost': 301.00482719999997}]",0.901014100206,2,True,True,False,0.4186046511627991,0.3255813953488294,0.0016441359152356812,0.01388381439532344,0.01390667886550787,19.0,0.0625,0.07222222222222222,-0.0026174137901079364,False,down,range,-0.0050807475957177495,-0.005982596084118885,-0.010824463287028685,-0.003272132339574685,-0.02616300595854726,-0.07713139840960204,False,False,True,3y
XRP/USDT:USDT,279.43614,279.43614,540.6,2024-04-25 11:00:00+00:00,2024-04-25 20:00:00+00:00,0.5169,0.5317,0.0005,0.0005,540,-0.02955988796043077,-8.25597094,trailing_stop_loss,0.5479,-0.06,0.5317,-0.03601570043929869,0.5133,0.5325,False,short_compression_breakdown,1.0,True,1714042800000,1714075200000,"[{'amount': 540.6, 'safe_price': 0.5169, 'ft_order_side': 'sell', 'order_filled_timestamp': 1714042800000, 'ft_is_entry': True, 'ft_order_tag': 'short_compression_breakdown', 'cost': 279.57585807}, {'amount': 540.6, 'safe_price': 0.5317, 'ft_order_side': 'buy', 'order_filled_timestamp': 1714075200000, 'ft_is_entry': False, 'ft_order_tag': 'trailing_stop_loss', 'cost': 287.58073850999995}]",0.0283456403802,3,True,True,True,0.7999999999999974,0.20000000000000262,0.0025086839058278037,0.02663064453878818,0.026697620429483523,12.0,0.6041666666666666,0.5888888888888889,-0.0019303687610670028,False,down,range,-0.004562737642585635,-0.0036156041864890964,-0.015234154598457783,-0.03838383838383841,-0.025061010528407368,-0.08983897786403094,False,False,False,3y
XRP/USDT:USDT,220.64645,220.64645,440.5,2024-04-30 09:00:00+00:00,2024-05-01 19:00:00+00:00,0.5009,0.5204,0.0005,0.0005,2040,-0.039819315267830675,-8.78159756,stop_loss,0.5309,-0.06,0.5204,-0.03908245328848747,0.4772,0.5213,False,short_pullback_restart,1.0,True,1714467600000,1714590000000,"[{'amount': 440.5, 'safe_price': 0.5009, 'ft_order_side': 'sell', 'order_filled_timestamp': 1714467600000, 'ft_is_entry': True, 'ft_order_tag': 'short_pullback_restart', 'cost': 220.75677322500002}, {'amount': 440.5, 'safe_price': 0.5204, 'ft_order_side': 'buy', 'order_filled_timestamp': 1714590000000, 'ft_is_entry': False, 'ft_order_tag': 'stop_loss', 'cost': 229.3508181}]",0.03309376633482935,2,False,True,True,0.7647058823529396,0.1848739495798299,0.012223974763406907,0.040448538245894956,0.02475049900199594,17.0,0.4236111111111111,0.25,-0.0031110857919941504,False,down,range,-0.013348810214741769,-0.0027375831052013355,-0.011819414842084819,0.015531660692950977,-0.0357585866079404,-0.10216148998924635,False,False,False,3y
XRP/USDT:USDT,219.73786,219.73786,439.3,2024-05-10 15:00:00+00:00,2024-05-13 16:00:00+00:00,0.5002,0.509,0.0005,0.0005,4380,-0.017930055548998288,-3.93794208,stale_loss_72h,0.5302,-0.06,0.5194,-0.04541976726806052,0.4861,0.5119,False,short_pullback_restart,1.0,True,1715353200000,1715616000000,"[{'amount': 439.3, 'safe_price': 0.5002, 'ft_order_side': 'sell', 'order_filled_timestamp': 1715353200000, 'ft_is_entry': True, 'ft_order_tag': 'short_pullback_restart', 'cost': 219.84772892999996}, {'amount': 439.3, 'safe_price': 0.509, 'ft_order_side': 'buy', 'order_filled_timestamp': 1715616000000, 'ft_is_entry': False, 'ft_order_tag': 'stale_loss_72h', 'cost': 223.71550184999998}]",0.14956870197642796,0,False,True,True,0.7085714285714261,0.2228571428571403,0.021517996870109565,0.017447559302097664,0.015593762495002057,13.0,0.2722222222222222,0.21666666666666667,-0.002908894363058079,False,down,range,-0.004466886774131096,-0.008894044856922023,-0.010233635837034294,0.0015631105900739684,-0.04380740864725974,-0.08434605603250034,True,False,False,3y
XRP/USDT:USDT,403.95635,403.95635,840.7,2024-06-13 16:00:00+00:00,2024-06-15 19:00:00+00:00,0.4805,0.49,0.0005,0.0005,3060,-0.020094414144242435,-8.11320756,stop_loss,0.5093,-0.06,0.49,-0.019799436416387817,0.4584,0.5051,False,short_compression_breakdown,1.0,True,1718294400000,1718478000000,"[{'amount': 840.7, 'safe_price': 0.4805, 'ft_order_side': 'sell', 'order_filled_timestamp': 1718294400000, 'ft_is_entry': True, 'ft_order_tag': 'short_compression_breakdown', 'cost': 404.15832817499995}, {'amount': 840.7, 'safe_price': 0.49, 'ft_order_side': 'buy', 'order_filled_timestamp': 1718478000000, 'ft_is_entry': False, 'ft_order_tag': 'stop_loss', 'cost': 412.1489715}]",0.2813921194644,5,True,True,True,0.7808219178082273,0.19178082191780302,0.004351429755491071,0.01620274200249279,0.013735691987513112,12.0,0.8583333333333333,0.8611111111111112,-0.0033465037436929412,False,range,range,0.0035080478745357357,-0.002461538461538404,-0.00041109969167518745,-0.020938192067646355,-0.03403301226002975,-0.07754019275344182,False,False,False,3y
XRP/USDT:USDT,388.4337,388.4337,824.7,2024-06-26 11:00:00+00:00,2024-06-28 07:00:00+00:00,0.471,0.4786,0.0005,0.0005,2640,-0.016693072758640674,-6.48090994,stop_loss,0.4992,-0.06,0.4786,-0.01628773025140151,0.4644,0.4794,False,short_pullback_restart,1.0,True,1719399600000,1719558000000,"[{'amount': 824.7, 'safe_price': 0.471, 'ft_order_side': 'sell', 'order_filled_timestamp': 1719399600000, 'ft_is_entry': True, 'ft_order_tag': 'short_pullback_restart', 'cost': 388.62791684999996}, {'amount': 824.7, 'safe_price': 0.4786, 'ft_order_side': 'buy', 'order_filled_timestamp': 1719558000000, 'ft_is_entry': False, 'ft_order_tag': 'stop_loss', 'cost': 394.89877071}]",0.1783776222144,4,True,True,True,0.7837837837837798,0.13513513513513392,0.0016956337431115365,0.013353115727003026,0.013375796178344009,13.0,0.4013888888888889,0.36666666666666664,-0.002273281899874302,False,down,range,0.0012676949080920874,-0.0018955349620892736,-0.003993274485077802,-0.002945508100147265,-0.024490891241403245,-0.0691272194784589,False,False,False,3y
XRP/USDT:USDT,383.22999,383.22999,812.1,2024-06-29 23:00:00+00:00,2024-06-30 22:00:00+00:00,0.4719,0.4771,0.0005,0.0005,1380,-0.011781398299690191,-4.51272766,stop_loss,0.5002,-0.06,0.4771,-0.011065796134481554,0.4697,0.4781,False,short_pullback_restart,1.0,True,1719702000000,1719784800000,"[{'amount': 812.1, 'safe_price': 0.4719, 'ft_order_side': 'sell', 'order_filled_timestamp': 1719702000000, 'ft_is_entry': True, 'ft_order_tag': 'short_pullback_restart', 'cost': 383.42160499499994}, {'amount': 812.1, 'safe_price': 0.4771, 'ft_order_side': 'buy', 'order_filled_timestamp': 1719784800000, 'ft_is_entry': False, 'ft_order_tag': 'stop_loss', 'cost': 387.646636455}]",0.0955337936250425,6,True,True,True,0.7499999999999913,0.06249999999999349,0.0023260731655740958,0.012314225053078614,0.008266214497668534,20.0,0.019444444444444445,0.05,-0.0010142604656355747,False,down,range,-0.0037910699241786583,-0.004210526315789442,-0.006928406466512715,0.002968617472434154,-0.0122856965591015,-0.0606213702232582,False,False,False,3y
XRP/USDT:USDT,412.01688,412.01688,788.7,2024-10-09 21:00:00+00:00,2024-10-10 12:00:00+00:00,0.5224,0.5348,0.0005,0.0005,900,-0.024559802541605343,-10.11399369,stop_loss,0.5537,-0.06,0.5348,-0.023866658371404004,0.5206,0.5379,False,short_pullback_restart,1.0,True,1728507600000,1728561600000,"[{'amount': 788.7, 'safe_price': 0.5224, 'ft_order_side': 'sell', 'order_filled_timestamp': 1728507600000, 'ft_is_entry': True, 'ft_order_tag': 'short_pullback_restart', 'cost': 412.22288844}, {'amount': 788.7, 'safe_price': 0.5348, 'ft_order_side': 'buy', 'order_filled_timestamp': 1728561600000, 'ft_is_entry': False, 'ft_order_tag': 'stop_loss', 'cost': 422.00765838000007}]",0.08279312551290001,3,True,True,True,0.8172043010752765,0.1505376344085979,0.006466337010270197,0.015975656143020087,0.016079632465543576,18.0,0.3527777777777778,0.45,-0.00369626462167838,False,range,range,-0.003947368421052588,0.0017013232514178078,-0.0013192612137201687,0.0,-0.04006274800313303,-0.07362358918824263,False,False,False,3y
XRP/USDT:USDT,441.86016,441.86016,839.4,2024-10-23 08:00:00+00:00,2024-10-29 02:00:00+00:00,0.5264,0.5216,0.0005,0.0005,8280,0.009815148058258349,4.33475443,stale_flat_120h,0.5579,-0.06,0.5368,-0.019789160747296197,0.4858,0.5337,False,short_compression_breakdown,1.0,True,1729670400000,1730167200000,"[{'amount': 839.4, 'safe_price': 0.5264, 'ft_order_side': 'sell', 'order_filled_timestamp': 1729670400000, 'ft_is_entry': True, 'ft_order_tag': 'short_compression_breakdown', 'cost': 442.0810900799999}, {'amount': 839.4, 'safe_price': 0.5216, 'ft_order_side': 'buy', 'order_filled_timestamp': 1730167200000, 'ft_is_entry': False, 'ft_order_tag': 'stale_flat_120h', 'cost': 438.04995551999997}]",0.7454800316282172,1,True,True,False,0.714285714285724,0.22448979591836457,0.003030303030303117,0.015530303030303002,0.015577507598784167,19.0,0.2833333333333333,0.31666666666666665,-0.002718358554815503,False,range,range,-0.002822732404967887,-0.0035727717186913033,-0.005442942942943008,-0.02645599853022229,-0.028702198298996118,-0.049448671660462296,False,False,False,3y
XRP/USDT:USDT,413.46532,413.46532,826.6,2024-11-03 03:00:00+00:00,2024-11-04 10:00:00+00:00,0.5002,0.5121,0.0005,0.0005,1860,-0.024463074790706172,-10.10957573,stop_loss,0.5302,-0.06,0.5121,-0.02383787276410243,0.4914,0.5141,False,short_pullback_restart,1.0,True,1730602800000,1730714400000,"[{'amount': 826.6, 'safe_price': 0.5002, 'ft_order_side': 'sell', 'order_filled_timestamp': 1730602800000, 'ft_is_entry': True, 'ft_order_tag': 'short_pullback_restart', 'cost': 413.67205266}, {'amount': 826.6, 'safe_price': 0.5121, 'ft_order_side': 'buy', 'order_filled_timestamp': 1730714400000, 'ft_is_entry': False, 'ft_order_tag': 'stop_loss', 'cost': 423.51351093}]",0.145347860253,0,True,True,True,0.5727272727272826,0.27272727272726904,0.01146018573404471,0.010867417506421775,0.010993403957625545,12.0,0.49444444444444446,0.5944444444444444,-0.0026728434681820845,False,range,range,-0.006276971361318107,-0.006276971361318107,-0.004128169844702212,-0.01611963488055923,-0.03425517157829294,-0.07349891227345706,True,False,False,3y
XRP/USDT:USDT,337.21937,337.21937,148.3,2025-03-28 05:00:00+00:00,2025-03-31 09:00:00+00:00,2.2739,2.0425,0.0005,0.0005,4560,0.0999781031453746,33.69769568,roi,2.4103,-0.06,2.3637,-0.03949839932826604,2.0321,2.2765,False,short_compression_breakdown,1.0,True,1743138000000,1743411600000,"[{'amount': 148.3, 'safe_price': 2.2739, 'ft_order_side': 'sell', 'order_filled_timestamp': 1743138000000, 'ft_is_entry': True, 'ft_order_tag': 'short_compression_breakdown', 'cost': 337.38797968499995}, {'amount': 148.3, 'safe_price': 2.0425, 'ft_order_side': 'buy', 'order_filled_timestamp': 1743411600000, 'ft_is_entry': False, 'ft_order_tag': 'roi', 'cost': 303.054201375}]",-0.2988632607317651,0,False,False,False,0.616724738675961,0.3205574912891948,0.011089849525963329,0.025919805166565234,0.02621047539469638,12.0,0.29583333333333334,0.18333333333333332,-0.005053413199539003,False,range,range,-0.010879342099627487,-0.01832171399421867,-0.012571086501047546,-0.028235987207540836,-0.045815814263571064,-0.0579362108607725,True,False,True,3y
XRP/USDT:USDT,382.92975,382.92975,177.9,2025-05-30 17:00:00+00:00,2025-06-02 18:00:00+00:00,2.1525,2.1677,0.0005,0.0005,4380,-0.007897953764966981,-3.02284928,stale_loss_72h,2.2816,-0.06,2.2289,-0.03549403457552991,2.0778,2.2056,False,short_pullback_restart,1.0,True,1748624400000,1748887200000,"[{'amount': 177.9, 'safe_price': 2.1525, 'ft_order_side': 'sell', 'order_filled_timestamp': 1748624400000, 'ft_is_entry': True, 'ft_order_tag': 'short_pullback_restart', 'cost': 383.12121487499996}, {'amount': 177.9, 'safe_price': 2.1677, 'ft_order_side': 'buy', 'order_filled_timestamp': 1748887200000, 'ft_is_entry': False, 'ft_order_tag': 'stale_loss_72h', 'cost': 385.82664691499997}]",0.06551251109472243,0,True,True,True,0.5265017667844573,0.3374558303886908,0.003933364183248577,0.046001881467544845,0.029175377468060485,12.0,0.8236111111111111,0.6111111111111112,-0.005871839452060934,False,range,range,-0.005604921394395168,-0.005196936542669617,-0.015430427720628193,-0.04112839441075666,-0.0629343664084343,-0.059890207866175715,False,False,True,3y
XRP/USDT:USDT,548.69321,548.69321,250.9,2025-06-05 07:00:00+00:00,2025-06-08 08:00:00+00:00,2.1869,2.2065,0.0005,0.0005,4380,-0.009449237154097581,-5.1821399,stale_loss_72h,2.3181,-0.06,2.2293,-0.02029828785213228,2.0576,2.2255,False,short_pullback_restart,1.0,True,1749106800000,1749369600000,"[{'amount': 250.9, 'safe_price': 2.1869, 'ft_order_side': 'sell', 'order_filled_timestamp': 1749106800000, 'ft_is_entry': True, 'ft_order_tag': 'short_pullback_restart', 'cost': 548.967556605}, {'amount': 250.9, 'safe_price': 2.2065, 'ft_order_side': 'buy', 'order_filled_timestamp': 1749369600000, 'ft_is_entry': False, 'ft_order_tag': 'stale_loss_72h', 'cost': 553.887655425}]",0.2866521273336236,6,True,True,True,0.09395973154361435,0.21476510067114835,-0.0006409962913787327,0.019275674190742196,0.01926332646991536,12.0,0.10416666666666667,0.08888888888888889,-0.0015896461248958715,False,range,range,-0.0079386681183089,-0.010004526935264879,-0.016593218814641708,-0.021127075779956206,-0.017375246101125397,-0.035568624463382825,False,False,False,3y
XRP/USDT:USDT,465.48216,465.48216,164.4,2025-08-22 04:00:00+00:00,2025-08-22 14:00:00+00:00,2.8314,2.9241,0.0005,0.0005,600,-0.03371264982213124,-15.68479074,stop_loss,3.0012,-0.06,2.9241,-0.03276917900230414,2.7812,3.0395,False,short_compression_breakdown,1.0,True,1755835200000,1755871200000,"[{'amount': 164.4, 'safe_price': 2.8314, 'ft_order_side': 'sell', 'order_filled_timestamp': 1755835200000, 'ft_is_entry': True, 'ft_order_tag': 'short_compression_breakdown', 'cost': 465.71490108}, {'amount': 164.4, 'safe_price': 2.9241, 'ft_order_side': 'buy', 'order_filled_timestamp': 1755871200000, 'ft_is_entry': False, 'ft_order_tag': 'stop_loss', 'cost': 480.96240102}]",0.028191364993896118,4,True,True,True,0.6450777202072544,0.28238341968911546,0.0018683681742870527,0.02876581943807942,0.02881966518330151,12.0,0.46805555555555556,0.14444444444444443,-0.0064877802059134515,False,down,range,0.002034730748991409,-0.007815756565235477,-0.01449125349342717,-0.022885878489326772,-0.05712455200778144,-0.03775034282402301,False,False,False,3y
XRP/USDT:USDT,551.0538,551.0538,198.0,2025-09-04 20:00:00+00:00,2025-09-05 12:00:00+00:00,2.7831,2.8587,0.0005,0.0005,960,-0.02806808965609504,-15.45929395,stop_loss,2.95,-0.06,2.8587,-0.027180500804257823,2.7765,2.8774,False,short_pullback_restart,1.0,True,1757016000000,1757073600000,"[{'amount': 198.0, 'safe_price': 2.7831, 'ft_order_side': 'sell', 'order_filled_timestamp': 1757016000000, 'ft_is_entry': True, 'ft_order_tag': 'short_pullback_restart', 'cost': 551.3293269}, {'amount': 198.0, 'safe_price': 2.8587, 'ft_order_side': 'buy', 'order_filled_timestamp': 1757073600000, 'ft_is_entry': False, 'ft_order_tag': 'stop_loss', 'cost': 566.3056113}]",0.0680442505402176,4,True,True,True,0.6297872340425444,0.03404255319148582,0.004257602862253953,0.02132379248658322,0.021414968919550175,14.0,0.1527777777777778,0.027777777777777776,-0.0018223645479171768,False,down,range,-0.003987184051263859,-0.01645222526893053,-0.00547419308971997,-0.01845355037889418,-0.02371093822075465,-0.045454210294804454,False,False,False,3y
XRP/USDT:USDT,576.186,576.186,207.5,2025-10-09 17:00:00+00:00,2025-10-10 20:00:00+00:00,2.7768,2.4969,0.0005,0.0005,1620,0.09999992458732793,57.58974727,roi,2.9434,-0.06,2.8498,-0.024510013031643352,2.405,2.8358,False,short_compression_breakdown,1.0,True,1760029200000,1760126400000,"[{'amount': 207.5, 'safe_price': 2.7768, 'ft_order_side': 'sell', 'order_filled_timestamp': 1760029200000, 'ft_is_entry': True, 'ft_order_tag': 'short_compression_breakdown', 'cost': 576.474093}, {'amount': 207.5, 'safe_price': 2.4969, 'ft_order_side': 'buy', 'order_filled_timestamp': 1760126400000, 'ft_is_entry': False, 'ft_order_tag': 'roi', 'cost': 518.365803375}]",0.05764364702949925,4,True,True,False,0.6328124999999978,0.17708333333333803,0.002765307954749441,0.02258933381217452,0.022651973494670106,13.0,0.7166666666666667,0.7111111111111111,-0.004746601532901629,False,range,up,-0.009792138009049878,-0.002137437212781923,-0.014876556235492777,-0.02216714375479989,-0.04675343134375287,-0.050439976288711,False,False,False,3y
XRP/USDT:USDT,734.328,734.328,315.0,2025-10-19 09:00:00+00:00,2025-10-19 09:00:00+00:00,2.3312,2.3773,0.0005,0.0005,0,-0.020795508426828375,-15.26308875,stop_loss,2.471,-0.06,2.3773,-0.01981123343018032,2.3164,2.3826,False,short_pullback_restart,1.0,True,1760864400000,1760864400000,"[{'amount': 315.0, 'safe_price': 2.3312, 'ft_order_side': 'sell', 'order_filled_timestamp': 1760864400000, 'ft_is_entry': True, 'ft_order_tag': 'short_pullback_restart', 'cost': 734.695164}, {'amount': 315.0, 'safe_price': 2.3773, 'ft_order_side': 'buy', 'order_filled_timestamp': 1760864400000, 'ft_is_entry': False, 'ft_order_tag': 'stop_loss', 'cost': 749.22392475}]",0.0,6,True,True,True,0.3530751708428189,0.12300683371298998,0.0011568123393315873,0.017795883361921137,0.01694333633594984,15.0,0.5833333333333334,0.7222222222222222,-0.004765614486306968,False,down,range,-0.0038626427267711705,-0.0005962013457115889,-0.008031109983937856,-0.002380547525930865,-0.05033964480938047,-0.15385508399011882,False,False,False,3y
XRP/USDT:USDT,615.74604,615.74604,299.4,2025-12-05 10:00:00+00:00,2025-12-08 09:00:00+00:00,2.0566,2.1153,0.0005,0.0005,4260,-0.030014890887649963,-18.47230943,stop_loss,2.1799,-0.06,2.1153,-0.028553817935992987,1.9877,2.1233,False,short_compression_breakdown,1.0,True,1764928800000,1765184400000,"[{'amount': 299.4, 'safe_price': 2.0566, 'ft_order_side': 'sell', 'order_filled_timestamp': 1764928800000, 'ft_is_entry': True, 'ft_order_tag': 'short_compression_breakdown', 'cost': 616.05391302}, {'amount': 299.4, 'safe_price': 2.1153, 'ft_order_side': 'buy', 'order_filled_timestamp': 1765184400000, 'ft_is_entry': False, 'ft_order_tag': 'stop_loss', 'cost': 633.6374804099999}]",-0.27299600207659375,0,True,True,True,0.8502024291498034,0.14574898785425458,0.008341369334618924,0.021229266405532316,0.01837895658093075,13.0,0.10694444444444444,0.07222222222222222,-0.0031362219245190115,False,range,range,-0.0014898832123806383,-0.011890040901740617,-0.012453655290426968,-0.03934896194571613,-0.03692781170673254,-0.10669442736265722,True,False,False,3y
XRP/USDT:USDT,800.31523,800.31523,399.1,2025-12-14 11:00:00+00:00,2025-12-18 19:00:00+00:00,2.0053,1.8008,0.0005,0.0005,6240,0.10001010024911258,79.99958658,roi,2.1256,-0.06,2.0311,-0.012869727276854537,1.7987,2.0133,False,short_pullback_restart,1.0,True,1765710000000,1766084400000,"[{'amount': 399.1, 'safe_price': 2.0053, 'ft_order_side': 'sell', 'order_filled_timestamp': 1765710000000, 'ft_is_entry': True, 'ft_order_tag': 'short_pullback_restart', 'cost': 800.715387615}, {'amount': 399.1, 'safe_price': 1.8008, 'ft_order_side': 'buy', 'order_filled_timestamp': 1766084400000, 'ft_is_entry': False, 'ft_order_tag': 'roi', 'cost': 719.05862964}]",-0.8568561670329332,3,False,False,False,0.5714285714285533,0.3428571428571489,0.0017920254865847218,0.011060734392905296,0.0101730414401835,12.0,0.002777777777777778,0.011111111111111112,-0.002053579074438927,False,down,down,-0.0023808342840137,-0.00588177145116664,-0.004898080348307965,-0.009358222922720816,-0.02012192089495235,-0.09722005406470013,False,False,True,3y
XRP/USDT:USDT,825.8755,825.8755,445.0,2025-12-28 19:00:00+00:00,2025-12-29 01:00:00+00:00,1.8559,1.8803,0.0005,0.0005,360,-0.01413630843316904,-11.66899338,stop_loss,1.9672,-0.06,1.8803,-0.01316103012090708,1.8528,1.886,False,short_pullback_restart,1.0,True,1766948400000,1766970000000,"[{'amount': 445.0, 'safe_price': 1.8559, 'ft_order_side': 'sell', 'order_filled_timestamp': 1766948400000, 'ft_is_entry': True, 'ft_order_tag': 'short_pullback_restart', 'cost': 826.2884377500001}, {'amount': 445.0, 'safe_price': 1.8803, 'ft_order_side': 'buy', 'order_filled_timestamp': 1766970000000, 'ft_is_entry': False, 'ft_order_tag': 'stop_loss', 'cost': 837.15186675}]",0.0203111172,0,True,True,True,0.7142857142857044,0.2608695652174039,0.003115432131922332,0.01732633060804593,0.009267740718788784,18.0,0.030555555555555555,0.011111111111111112,-0.0008741979287886226,False,down,down,-0.0014971660784943719,-0.0020307823856349216,-0.0024572649572650596,0.010279160354901506,-0.011920366716877462,-0.10494943816082714,False,False,False,3y
XRP/USDT:USDT,808.67872,808.67872,419.2,2026-01-22 14:00:00+00:00,2026-01-27 17:00:00+00:00,1.9291,1.9129,0.0005,0.0005,7380,0.007562894527424892,6.11289389,stale_flat_120h,2.0448,-0.06,1.9673,-0.03538754450497539,1.8095,1.9649,False,short_pullback_restart,1.0,True,1769090400000,1769533200000,"[{'amount': 419.2, 'safe_price': 1.9291, 'ft_order_side': 'sell', 'order_filled_timestamp': 1769090400000, 'ft_is_entry': True, 'ft_order_tag': 'short_pullback_restart', 'cost': 809.08305936}, {'amount': 419.2, 'safe_price': 1.9129, 'ft_order_side': 'buy', 'order_filled_timestamp': 1769533200000, 'ft_is_entry': False, 'ft_order_tag': 'stale_flat_120h', 'cost': 802.28862384}]",0.1271370859401606,1,False,False,False,0.5345622119815681,0.18894009216589783,0.005721059684568544,0.05213903743315503,0.014151676947799544,13.0,0.675,0.8222222222222222,-0.003988935678807759,False,range,down,-0.011410524170954117,-0.007111429448480422,-0.006857376797502646,0.023360050622231565,-0.03385499230881295,-0.06002378945805509,False,False,False,3y
XRP/USDT:USDT,983.83947,983.83947,698.7,2026-02-22 13:00:00+00:00,2026-02-25 14:00:00+00:00,1.4081,1.4126,0.0005,0.0005,4380,-0.004873171167923904,-4.79202093,stale_loss_72h,1.4925,-0.06,1.4341,-0.029211033771416872,1.3115,1.4363,False,short_pullback_restart,1.0,True,1771765200000,1772028000000,"[{'amount': 698.7, 'safe_price': 1.4081, 'ft_order_side': 'sell', 'order_filled_timestamp': 1771765200000, 'ft_is_entry': True, 'ft_order_tag': 'short_pullback_restart', 'cost': 984.3313897349999}, {'amount': 698.7, 'safe_price': 1.4126, 'ft_order_side': 'buy', 'order_filled_timestamp': 1772028000000, 'ft_is_entry': False, 'ft_order_tag': 'stale_loss_72h', 'cost': 987.47711181}]",-0.6624593830846031,2,False,False,True,0.8622754491017995,0.11377245508982003,0.005439005439005468,0.012220103129194105,0.012286931818181884,12.0,0.05138888888888889,0.2,-0.0023695289982474943,False,down,down,0.0039525691699604515,0.0016901408450704647,-0.004966771598460928,-0.014480703942354234,-0.020914646244404977,-0.15527801251807372,False,False,False,3y
XRP/USDT:USDT,751.64378,751.64378,533.8,2026-03-22 00:00:00+00:00,2026-03-23 14:00:00+00:00,1.4081,1.4474,0.0005,0.0005,2280,-0.029016151899836813,-21.79890519,stop_loss,1.4925,-0.06,1.4474,-0.027940408503346337,1.3608,1.4561,False,short_pullback_restart,1.0,True,1774137600000,1774274400000,"[{'amount': 533.8, 'safe_price': 1.4081, 'ft_order_side': 'sell', 'order_filled_timestamp': 1774137600000, 'ft_is_entry': True, 'ft_order_tag': 'short_pullback_restart', 'cost': 752.0196018899999}, {'amount': 533.8, 'safe_price': 1.4474, 'ft_order_side': 'buy', 'order_filled_timestamp': 1774274400000, 'ft_is_entry': False, 'ft_order_tag': 'stop_loss', 'cost': 773.0084310599999}]",-0.05843224352866526,0,False,True,True,0.7587939698492453,0.22613065326632875,0.017444700300048938,0.009071244156025329,0.00923229884241169,15.0,0.12638888888888888,0.08888888888888889,-0.0016087147092800347,False,range,down,0.0014621918952792967,0.0016016713091921986,-0.0008336227856895473,-0.006012439530062252,-0.025582543925332768,-0.06003467844924015,True,False,False,3y
XRP/USDT:USDT,629.392,629.392,452.8,2026-03-24 17:00:00+00:00,2026-03-25 11:00:00+00:00,1.39,1.4353,0.0005,0.0005,1080,-0.03368306889354889,-21.18925417,stop_loss,1.4734,-0.06,1.4353,-0.03260072872793085,1.3826,1.4372,False,short_compression_breakdown,1.0,True,1774371600000,1774436400000,"[{'amount': 452.8, 'safe_price': 1.39, 'ft_order_side': 'sell', 'order_filled_timestamp': 1774371600000, 'ft_is_entry': True, 'ft_order_tag': 'short_compression_breakdown', 'cost': 629.7066959999999}, {'amount': 452.8, 'safe_price': 1.4353, 'ft_order_side': 'buy', 'order_filled_timestamp': 1774436400000, 'ft_is_entry': False, 'ft_order_tag': 'stop_loss', 'cost': 650.22879192}]",-0.03776625308825743,2,True,True,True,0.6688741721854253,0.12582781456953632,0.003226963069200552,0.027393330942990325,0.02748201438848922,15.0,0.3875,0.4166666666666667,-0.002064087143532456,False,down,down,-0.010950194277640435,-0.015817223198594133,-0.009690882082478591,-0.021526418786692925,-0.025149564779212374,-0.06595697669438005,False,False,False,3y
XRP/USDT:USDT,792.548,792.548,571.0,2026-03-26 06:00:00+00:00,2026-04-06 08:00:00+00:00,1.388,1.3437,0.0005,0.0005,15960,0.029354139323051857,23.25293213,stale_low_profit_240h,1.4712,-0.06,1.4236,-0.025689008943629243,1.277,1.3922,False,short_pullback_restart,1.0,True,1774504800000,1775462400000,"[{'amount': 571.0, 'safe_price': 1.388, 'ft_order_side': 'sell', 'order_filled_timestamp': 1774504800000, 'ft_is_entry': True, 'ft_order_tag': 'short_pullback_restart', 'cost': 792.9442739999998}, {'amount': 571.0, 'safe_price': 1.3437, 'ft_order_side': 'buy', 'order_filled_timestamp': 1775462400000, 'ft_is_entry': False, 'ft_order_tag': 'stale_low_profit_240h', 'cost': 767.6363263499999}]",-1.2624675212855376,0,False,False,False,0.8888888888888873,0.06535947712417542,0.005303138884907606,0.01891930629210261,0.01902017291066281,15.0,0.14444444444444443,0.24444444444444444,-0.0019157960024259735,False,range,range,-0.006027513827825848,-0.01093705898955688,-0.0092592592592593,-0.009749205227834734,-0.02315652961582615,-0.06236683993982173,False,False,False,3y
XRP/USDT:USDT,933.29937,933.29937,686.3,2026-05-22 07:00:00+00:00,2026-05-25 09:00:00+00:00,1.3599,1.3587,0.0005,0.0005,4440,-0.0003365607178680261,-0.31395485,stale_loss_72h,1.4414,-0.06,1.3821,-0.016301267287310406,1.2951,1.3756,False,short_pullback_restart,1.0,True,1779433200000,1779699600000,"[{'amount': 686.3, 'safe_price': 1.3599, 'ft_order_side': 'sell', 'order_filled_timestamp': 1779433200000, 'ft_is_entry': True, 'ft_order_tag': 'short_pullback_restart', 'cost': 933.7660196850001}, {'amount': 686.3, 'safe_price': 1.3587, 'ft_order_side': 'buy', 'order_filled_timestamp': 1779699600000, 'ft_is_entry': False, 'ft_order_tag': 'stale_loss_72h', 'cost': 932.9420479049999}]",-0.20462726028864797,0,True,True,True,0.7722772277227753,0.0693069306930617,0.0032983947812066042,0.023476264533807183,0.013016620091189755,12.0,0.5152777777777777,0.6166666666666667,-0.0021390966867689265,False,range,down,-0.0034246575342467,-0.004077768877885468,-0.009343763581051823,-0.004657594061567738,-0.02383075840809401,-0.033574715044952574,False,False,False,3y
XRP/USDT:USDT,926.68394,926.68394,687.4,2026-05-25 23:00:00+00:00,2026-05-30 01:00:00+00:00,1.3481,1.3479,0.0005,0.0005,5880,-0.0009631597395884142,-0.89209839,stale_loss_72h,1.4289,-0.06,1.3665,-0.013683340738881,1.2668,1.3654,False,short_pullback_restart,1.0,True,1779750000000,1780102800000,"[{'amount': 687.4, 'safe_price': 1.3481, 'ft_order_side': 'sell', 'order_filled_timestamp': 1779750000000, 'ft_is_entry': True, 'ft_order_tag': 'short_pullback_restart', 'cost': 927.14728197}, {'amount': 687.4, 'safe_price': 1.3479, 'ft_order_side': 'buy', 'order_filled_timestamp': 1780102800000, 'ft_is_entry': False, 'ft_order_tag': 'stale_loss_72h', 'cost': 927.0097332299999}]",-0.10296319059510174,5,True,True,True,0.6236559139785067,0.23655913978494753,0.002294256956779071,0.022773241441306453,0.010459164750389438,17.0,0.1625,0.4111111111111111,-0.0012025246333532413,False,range,range,-0.003092555776452399,-0.0032393432967680047,-0.004704844519591189,0.014157303370786689,-0.014132578816833385,-0.03764745985413209,False,False,False,3y
XRP/USDT:USDT,530.29431,530.29431,440.7,2026-06-03 20:00:00+00:00,2026-06-05 18:00:00+00:00,1.2033,1.0814,0.0005,0.0005,2760,0.09999391211894326,52.99968953,roi,1.2754,-0.06,1.2481,-0.0482131799102139,1.0796,1.2199,False,short_pullback_restart,1.0,True,1780516800000,1780682400000,"[{'amount': 440.7, 'safe_price': 1.2033, 'ft_order_side': 'sell', 'order_filled_timestamp': 1780516800000, 'ft_is_entry': True, 'ft_order_tag': 'short_pullback_restart', 'cost': 530.559457155}, {'amount': 440.7, 'safe_price': 1.0814, 'ft_order_side': 'buy', 'order_filled_timestamp': 1780682400000, 'ft_is_entry': False, 'ft_order_tag': 'roi', 'cost': 476.8112664899999}]",-0.21820682338759823,4,True,True,False,0.8100558659217841,0.1284916201117299,0.004055619930475008,0.050395423186942484,0.03349123244411203,14.0,0.9625,0.9944444444444445,-0.0072280425103721235,False,down,down,-0.005552380174736582,-0.014005829015544147,-0.01647419849794074,-0.004495667811018511,-0.07083261207179681,-0.12029611048813427,False,False,False,3y
ZEC/USDT:USDT,338.28044,338.28044,11.261,2023-07-30 07:00:00+00:00,2023-08-01 23:00:00+00:00,30.04,30.51,0.0005,0.0005,3840,-0.01587527900869495,-5.36761122,stop_loss,31.84,-0.06,30.51,-0.01592423277752064,28.61,30.54,False,short_pullback_restart,1.0,True,1690700400000,1690930800000,"[{'amount': 11.261, 'safe_price': 30.04, 'ft_order_side': 'sell', 'order_filled_timestamp': 1690700400000, 'ft_is_entry': True, 'ft_order_tag': 'short_pullback_restart', 'cost': 338.4495802199999}, {'amount': 11.261, 'safe_price': 30.51, 'ft_order_side': 'buy', 'order_filled_timestamp': 1690930800000, 'ft_is_entry': False, 'ft_order_tag': 'stop_loss', 'cost': 343.74489655499997}]",0.265985558507641,1,False,True,True,0.7499999999999956,0.19999999999999646,0.003647214854111387,0.01094164456233416,0.010981697171380974,14.0,0.004166666666666667,0.005555555555555556,-0.0009840883849460136,False,down,range,-0.002970297029702973,-0.0052683569311821055,-0.004612850082372333,-0.014355628058727476,-0.014059370545605243,-0.018509695936202553,False,False,False,3y
ZEC/USDT:USDT,320.65332,320.65332,10.914,2023-08-04 09:00:00+00:00,2023-08-07 10:00:00+00:00,29.38,29.48,0.0005,0.0005,4380,-0.0037520365655055294,-1.20250143,stale_loss_72h,31.14,-0.06,29.94,-0.02120258961010113,28.64,29.79,False,short_pullback_restart,1.0,True,1691139600000,1691402400000,"[{'amount': 10.914, 'safe_price': 29.38, 'ft_order_side': 'sell', 'order_filled_timestamp': 1691139600000, 'ft_is_entry': True, 'ft_order_tag': 'short_pullback_restart', 'cost': 320.81364666}, {'amount': 10.914, 'safe_price': 29.48, 'ft_order_side': 'buy', 'order_filled_timestamp': 1691402400000, 'ft_is_entry': False, 'ft_order_tag': 'stale_loss_72h', 'cost': 321.90559235999996}]",0.21009759388992932,0,True,True,True,0.7333333333333278,0.03333333333333847,0.0016995241332427161,0.022161609273781184,0.019067075246850484,15.0,0.09583333333333334,0.06111111111111111,-0.0020494709299591074,False,down,range,-0.0026963262554769996,-0.004039044092898014,-0.009042196918955137,0.003731343283582156,-0.02063086967685579,-0.03612690904977889,False,False,False,3y
ZEC/USDT:USDT,223.32802,223.32802,9.071,2023-08-24 15:00:00+00:00,2023-08-27 16:00:00+00:00,24.62,24.88,0.0005,0.0005,4380,-0.012403832719695676,-2.76873834,stale_loss_72h,26.09,-0.06,25.44,-0.033679766929992194,24.01,25.37,False,short_pullback_restart,1.0,True,1692889200000,1693152000000,"[{'amount': 9.071, 'safe_price': 24.62, 'ft_order_side': 'sell', 'order_filled_timestamp': 1692889200000, 'ft_is_entry': True, 'ft_order_tag': 'short_pullback_restart', 'cost': 223.43968401}, {'amount': 9.071, 'safe_price': 24.88, 'ft_order_side': 'buy', 'order_filled_timestamp': 1693152000000, 'ft_is_entry': False, 'ft_order_tag': 'stale_loss_72h', 'cost': 225.79932323999998}]",-0.18577109168195569,6,True,True,True,0.4000000000000107,0.09999999999999823,-0.0012239902080782368,0.03631170950632383,0.036267318663406566,12.0,0.7236111111111111,0.75,-0.0037888156569059195,False,down,range,-0.012830793905372895,-0.017949740725967223,-0.028796844181459558,-0.010052271813429825,-0.04374964674029269,-0.14015971152072026,False,False,False,3y
ZEC/USDT:USDT,175.58971,175.58971,6.323,2023-12-31 21:00:00+00:00,2024-01-03 12:00:00+00:00,27.77,25.05,0.0005,0.0005,3780,0.09990928483893269,17.53427083,roi,29.43,-0.06,28.91,-0.04117436421016252,20.98,28.34,False,short_pullback_restart,1.0,True,1704056400000,1704283200000,"[{'amount': 6.323, 'safe_price': 27.77, 'ft_order_side': 'sell', 'order_filled_timestamp': 1704056400000, 'ft_is_entry': True, 'ft_order_tag': 'short_pullback_restart', 'cost': 175.677504855}, {'amount': 6.323, 'safe_price': 25.05, 'ft_order_side': 'buy', 'order_filled_timestamp': 1704283200000, 'ft_is_entry': False, 'ft_order_tag': 'roi', 'cost': 158.470345575}]",0.5027012550630982,2,False,True,False,0.6588235294117648,0.3176470588235297,0.015242821694434586,0.02304147465437783,0.023398128149747968,34.0,0.36944444444444446,0.9222222222222223,-0.008019150928086027,False,range,range,-0.004914004914004844,-0.004914004914004844,-0.006309148264984188,-0.007700385019250966,-0.06707761162375692,-0.0671823068183216,True,False,True,3y
ZEC/USDT:USDT,291.575,291.575,13.625,2024-02-04 23:00:00+00:00,2024-02-06 23:00:00+00:00,21.4,19.25,0.0005,0.0005,2880,0.10016427368275581,29.1907954,roi,22.68,-0.06,21.95,-0.02576621224947062,19.18,21.69,False,short_compression_breakdown,1.0,True,1707087600000,1707260400000,"[{'amount': 13.625, 'safe_price': 21.4, 'ft_order_side': 'sell', 'order_filled_timestamp': 1707087600000, 'ft_is_entry': True, 'ft_order_tag': 'short_compression_breakdown', 'cost': 291.7207875}, {'amount': 13.625, 'safe_price': 19.25, 'ft_order_side': 'buy', 'order_filled_timestamp': 1707260400000, 'ft_is_entry': False, 'ft_order_tag': 'roi', 'cost': 262.412390625}]",0.173973528357625,1,True,True,False,0.5000000000000037,0.37499999999999906,0.0027958993476235915,0.021911421911422025,0.02149532710280378,12.0,0.11805555555555555,0.044444444444444446,-0.002997795070335263,False,range,up,0.0023158869847150765,-0.006883891693437283,-0.0032243205895901017,-0.023465703971119134,-0.031491448224426066,-0.12369963569200726,True,False,True,3y
ZEC/USDT:USDT,264.60416,264.60416,10.084,2024-04-12 14:00:00+00:00,2024-04-12 18:00:00+00:00,26.24,23.6,0.0005,0.0005,240,0.09981288235206118,26.39769844,roi,27.81,-0.06,27.09,-0.03245399347165745,20.69,26.52,False,short_pullback_restart,1.0,True,1712930400000,1712944800000,"[{'amount': 10.084, 'safe_price': 26.24, 'ft_order_side': 'sell', 'order_filled_timestamp': 1712930400000, 'ft_is_entry': True, 'ft_order_tag': 'short_pullback_restart', 'cost': 264.73646207999997}, {'amount': 10.084, 'safe_price': 23.6, 'ft_order_side': 'buy', 'order_filled_timestamp': 1712944800000, 'ft_is_entry': False, 'ft_order_tag': 'roi', 'cost': 238.1013912}]",0.027231717504892297,4,False,True,False,0.6727272727272736,0.3272727272727263,0.01130369253956295,0.028527957398250287,0.019054878048780487,12.0,0.2111111111111111,0.16111111111111112,-0.003944355537535915,False,range,up,-0.003369524522650713,-0.008935219657483229,-0.0052316890881913825,-0.0056032872618602125,-0.04791743325995035,-0.07467116948037988,False,False,True,3y
ZEC/USDT:USDT,405.94187,405.94187,12.479,2024-08-31 16:00:00+00:00,2024-09-01 22:00:00+00:00,32.53,29.26,0.0005,0.0005,1800,0.09994976546112051,40.5535078,roi,34.48,-0.06,33.18,-0.020253507166761997,29.17,32.7,False,short_pullback_restart,1.0,True,1725120000000,1725228000000,"[{'amount': 12.479, 'safe_price': 32.53, 'ft_order_side': 'sell', 'order_filled_timestamp': 1725120000000, 'ft_is_entry': True, 'ft_order_tag': 'short_pullback_restart', 'cost': 406.144840935}, {'amount': 12.479, 'safe_price': 29.26, 'ft_order_side': 'buy', 'order_filled_timestamp': 1725228000000, 'ft_is_entry': False, 'ft_order_tag': 'roi', 'cost': 365.31810777}]",0.13271650855619999,6,True,False,False,0.5405405405405224,0.24324324324324947,0.002453235203925124,0.04051507537688451,0.01598524438979413,15.0,0.02638888888888889,0.17222222222222222,-0.011569237208565397,False,down,range,-0.006674757281553312,0.0015295197308047292,-0.0033485540334855513,0.008936825885978328,-0.09718766919566679,-0.06584621214053732,False,False,False,3y
ZEC/USDT:USDT,229.00479,229.00479,8.211,2024-09-30 16:00:00+00:00,2024-10-03 08:00:00+00:00,27.89,25.1,0.0005,0.0005,3840,0.09995844196536458,22.87951653,roi,29.56,-0.06,29.07,-0.04252126918722965,24.89,28.59,False,short_compression_breakdown,1.0,True,1727712000000,1727942400000,"[{'amount': 8.211, 'safe_price': 27.89, 'ft_order_side': 'sell', 'order_filled_timestamp': 1727712000000, 'ft_is_entry': True, 'ft_order_tag': 'short_compression_breakdown', 'cost': 229.119292395}, {'amount': 8.211, 'safe_price': 25.1, 'ft_order_side': 'buy', 'order_filled_timestamp': 1727942400000, 'ft_is_entry': False, 'ft_order_tag': 'roi', 'cost': 206.19914805}]",0.18837697714751803,3,True,True,False,0.7741935483870962,0.11290322580645189,0.007826396300248981,0.03201707577374607,0.03226963069200438,14.0,0.7236111111111111,0.5944444444444444,-0.005394549852286823,False,range,up,-0.005958640028040696,-0.013908205841446475,-0.0038637161924832686,-0.027434842249657088,-0.06007635230362973,-0.10502952802350896,False,False,False,3y
ZEC/USDT:USDT,377.15065,377.15065,8.215,2025-01-26 22:00:00+00:00,2025-01-27 07:00:00+00:00,45.91,41.28,0.0005,0.0005,540,0.10004747690471365,37.71410446,roi,48.66,-0.06,47.15,-0.027205659786981418,41.0,46.1,False,short_pullback_restart,1.0,True,1737928800000,1737961200000,"[{'amount': 8.215, 'safe_price': 45.91, 'ft_order_side': 'sell', 'order_filled_timestamp': 1737928800000, 'ft_is_entry': True, 'ft_order_tag': 'short_pullback_restart', 'cost': 377.339225325}, {'amount': 8.215, 'safe_price': 41.28, 'ft_order_side': 'buy', 'order_filled_timestamp': 1737961200000, 'ft_is_entry': False, 'ft_order_tag': 'roi', 'cost': 339.2847576}]",0.036787384506645,0,False,False,False,0.8809523809523881,0.0,0.0015224010439321507,0.023923444976076586,0.023959921585711207,16.0,0.004166666666666667,0.06666666666666667,-0.006178346834126658,False,range,up,-0.0034460478139133333,-0.005160180606321063,-0.002156566745740607,-0.009843783436764286,-0.04690025845101442,-0.12785141669185895,False,False,False,3y
ZEC/USDT:USDT,358.87956,358.87956,11.222,2025-03-09 03:00:00+00:00,2025-03-10 18:00:00+00:00,31.98,28.74,0.0005,0.0005,2340,0.0999854562301323,35.86479517,roi,33.89,-0.06,33.1,-0.05686760192325435,28.0,32.06,False,short_pullback_restart,1.0,True,1741489200000,1741629600000,"[{'amount': 11.222, 'safe_price': 31.98, 'ft_order_side': 'sell', 'order_filled_timestamp': 1741489200000, 'ft_is_entry': True, 'ft_order_tag': 'short_pullback_restart', 'cost': 359.05899977999997}, {'amount': 11.222, 'safe_price': 28.74, 'ft_order_side': 'buy', 'order_filled_timestamp': 1741629600000, 'ft_is_entry': False, 'ft_order_tag': 'roi', 'cost': 322.6815401399999}]",-0.15378491169303374,0,False,False,False,0.6451612903225925,0.19354838709677086,0.005598755832037316,0.027682737169517902,0.027838598686268395,13.0,0.002777777777777778,0.1388888888888889,-0.009670290823728833,False,down,range,-0.014998469543924142,-0.022775584573337393,-0.023072252580449204,-0.01258054617980986,-0.08504641268650404,-0.16443741921731536,True,False,False,3y
ZEC/USDT:USDT,391.0244,391.0244,12.965,2025-04-18 07:00:00+00:00,2025-04-18 17:00:00+00:00,30.16,31.25,0.0005,0.0005,600,-0.03697495298094493,-14.45087975,stop_loss,31.96,-0.06,31.25,-0.03625119206759919,29.85,31.49,False,short_pullback_restart,1.0,True,1744959600000,1744995600000,"[{'amount': 12.965, 'safe_price': 30.16, 'ft_order_side': 'sell', 'order_filled_timestamp': 1744959600000, 'ft_is_entry': True, 'ft_order_tag': 'short_pullback_restart', 'cost': 391.2199122}, {'amount': 12.965, 'safe_price': 31.25, 'ft_order_side': 'buy', 'order_filled_timestamp': 1744995600000, 'ft_is_entry': False, 'ft_order_tag': 'stop_loss', 'cost': 405.358828125}]",0.07906057,4,True,True,True,0.6269841269841301,0.34920634920634797,0.0033057851239669893,0.0310949388025141,0.030514096185738034,12.0,0.3277777777777778,0.5777777777777777,-0.010086440908463334,False,range,range,0.010117493472584727,0.008143322475570036,-0.0032206119162641045,0.0025915127955944417,-0.08823193443692035,-0.1488635233136314,False,False,True,3y
ZEC/USDT:USDT,442.05582,442.05582,1.234,2026-01-23 08:00:00+00:00,2026-01-23 17:00:00+00:00,358.23,372.97,0.0005,0.0005,540,-0.04261419824123928,-18.82843542,trailing_stop_loss,379.72,-0.06,372.97,-0.04713248237312784,354.83,374.24,False,short_pullback_restart,1.0,True,1769155200000,1769187600000,"[{'amount': 1.234, 'safe_price': 358.23, 'ft_order_side': 'sell', 'order_filled_timestamp': 1769155200000, 'ft_is_entry': True, 'ft_order_tag': 'short_pullback_restart', 'cost': 442.27684791}, {'amount': 1.234, 'safe_price': 372.97, 'ft_order_side': 'buy', 'order_filled_timestamp': 1769187600000, 'ft_is_entry': False, 'ft_order_tag': 'trailing_stop_loss', 'cost': 460.47510249000004}]",-0.18812502015711713,4,True,True,True,0.5827338129496477,0.2422062350119906,0.006296809986130324,0.04771024615557933,0.03210228065767803,14.0,0.26805555555555555,0.5444444444444444,-0.005523527502567016,False,range,down,-0.015450971827909887,-0.02690014299975707,-0.0037291787519680986,0.01169738281578736,-0.056489998229891314,-0.15304730899956864,False,False,False,3y
ZEC/USDT:USDT,508.852,508.852,2.3,2026-03-06 13:00:00+00:00,2026-03-07 22:00:00+00:00,221.24,198.81,0.0005,0.0005,1980,0.10000299822507608,50.86128229,roi,234.51,-0.06,230.27,-0.040845011268164644,193.31,221.81,False,short_compression_breakdown,1.0,True,1772802000000,1772920800000,"[{'amount': 2.3, 'safe_price': 221.24, 'ft_order_side': 'sell', 'order_filled_timestamp': 1772802000000, 'ft_is_entry': True, 'ft_order_tag': 'short_compression_breakdown', 'cost': 509.10642599999994}, {'amount': 2.3, 'safe_price': 198.81, 'ft_order_side': 'buy', 'order_filled_timestamp': 1772920800000, 'ft_is_entry': False, 'ft_order_tag': 'roi', 'cost': 457.4916314999999}]",-0.24466020636284075,5,False,False,False,0.6300940438871393,0.25705329153605483,0.0046340036892068255,0.033202861384802246,0.033357439884288534,12.0,0.09166666666666666,0.2833333333333333,-0.0049786363379447085,False,range,range,-0.0038375725122712367,-0.01482789055604583,-0.013870483258238253,-0.04736707348297342,-0.03428158921895663,-0.22483735537306448,False,False,False,3y
ADA/USDT:USDT,899.64,899.64,3570.0,2026-03-27 09:00:00+00:00,2026-04-01 07:00:00+00:00,0.252,0.2519,0.0005,0.0005,7080,-0.0012982868874301986,-1.16740682,stale_loss_72h,0.2671,-0.06,0.2578,-0.02303780260540189,0.2324,0.2547,False,short_compression_breakdown,1.0,True,1774602000000,1775026800000,"[{'amount': 3570.0, 'safe_price': 0.252, 'ft_order_side': 'sell', 'order_filled_timestamp': 1774602000000, 'ft_is_entry': True, 'ft_order_tag': 'short_compression_breakdown', 'cost': 900.0898199999999}, {'amount': 3570.0, 'safe_price': 0.2519, 'ft_order_side': 'buy', 'order_filled_timestamp': 1775026800000, 'ft_is_entry': False, 'ft_order_tag': 'stale_loss_72h', 'cost': 899.7326415}]",-0.624945318464922,2,False,False,True,0.49019607843137364,0.39215686274509887,0.0011885895404121333,0.01980982567353409,0.019833399444664834,17.0,0.16666666666666666,0.24444444444444444,-0.0051006681126510856,False,down,down,0.00275590551181093,-0.0031311154598826496,0.00513022888713488,-0.027491408934708028,-0.03971544587841258,-0.10118198246097909,False,False,True,stress_2026_03_05
ADA/USDT:USDT,891.702,891.702,3780.0,2026-04-13 00:00:00+00:00,2026-04-13 12:00:00+00:00,0.2359,0.2413,0.0005,0.0005,720,-0.024262101455638875,-21.62374711,stop_loss,0.25,-0.06,0.2413,-0.022892263088250653,0.2357,0.2419,False,short_compression_breakdown,1.0,True,1776038400000,1776081600000,"[{'amount': 3780.0, 'safe_price': 0.2359, 'ft_order_side': 'sell', 'order_filled_timestamp': 1776038400000, 'ft_is_entry': True, 'ft_order_tag': 'short_compression_breakdown', 'cost': 892.147851}, {'amount': 3780.0, 'safe_price': 0.2413, 'ft_order_side': 'buy', 'order_filled_timestamp': 1776081600000, 'ft_is_entry': False, 'ft_order_tag': 'stop_loss', 'cost': 912.5700569999999}]",-0.309839114964204,0,True,True,True,0.6538461538461587,0.3076923076923069,0.0016927634363098241,0.01946677951756239,0.01949978804578208,14.0,0.2847222222222222,0.3055555555555556,-0.005667902430466554,False,range,range,-0.00042052144659388,-0.002936241610738244,-0.007929883138564353,-0.052232854864433964,-0.050086878004621305,-0.10957182064923565,True,False,True,stress_2026_03_05
ADA/USDT:USDT,926.3156,926.3156,3962.0,2026-05-31 15:00:00+00:00,2026-06-02 23:00:00+00:00,0.2338,0.2102,0.0005,0.0005,3360,0.09994425666807405,92.53363412,roi,0.2478,-0.06,0.2388,-0.02172392978945581,0.2093,0.2375,False,short_pullback_restart,1.0,True,1780239600000,1780441200000,"[{'amount': 3962.0, 'safe_price': 0.2338, 'ft_order_side': 'sell', 'order_filled_timestamp': 1780239600000, 'ft_is_entry': True, 'ft_order_tag': 'short_pullback_restart', 'cost': 926.7787578}, {'amount': 3962.0, 'safe_price': 0.2102, 'ft_order_side': 'buy', 'order_filled_timestamp': 1780441200000, 'ft_is_entry': False, 'ft_order_tag': 'roi', 'cost': 833.2288062}]",-0.09000187620328101,1,True,False,False,0.6999999999999986,0.25,0.006372132540356845,0.014887282007656329,0.013681060282171904,14.0,0.18472222222222223,0.35555555555555557,-0.001879590796563635,False,down,down,-0.0008442380751372269,0.0008456659619451301,0.0004226542688081647,0.004668930390492321,-0.021997516393249428,-0.07133790006788765,False,False,False,stress_2026_03_05
BNB/USDT:USDT,800.4683,800.4683,1.27,2026-03-22 00:00:00+00:00,2026-03-23 11:00:00+00:00,630.29,646.74,0.0005,0.0005,2100,-0.027242796982333773,-21.79609189,stop_loss,668.1,-0.06,646.74,-0.0261010184795889,620.0,650.68,False,short_pullback_restart,1.0,True,1774137600000,1774263600000,"[{'amount': 1.27, 'safe_price': 630.29, 'ft_order_side': 'sell', 'order_filled_timestamp': 1774137600000, 'ft_is_entry': True, 'ft_order_tag': 'short_pullback_restart', 'cost': 800.86853415}, {'amount': 1.27, 'safe_price': 646.74, 'ft_order_side': 'buy', 'order_filled_timestamp': 1774263600000, 'ft_is_entry': False, 'ft_order_tag': 'stop_loss', 'cost': 821.7704799}]",-0.09367784245544963,0,False,True,True,0.7998652291105168,0.20013477088948314,0.015986760963577054,0.009890315927627326,0.009233844738136493,20.0,0.0625,0.05,-0.002304918687225599,False,range,down,0.0011224919320893534,0.0014191254444513302,-0.0007935766968536484,-0.0021599278988096993,-0.029986918016886466,-0.06738136350724278,True,False,False,stress_2026_03_05
BNB/USDT:USDT,947.608,947.608,1.55,2026-04-01 14:00:00+00:00,2026-04-06 15:00:00+00:00,611.36,607.38,0.0005,0.0005,7260,0.005560147350017124,5.26620569,stale_flat_120h,648.04,-0.06,623.4,-0.019707215265964306,570.71,619.98,False,short_pullback_restart,1.0,True,1775052000000,1775487600000,"[{'amount': 1.55, 'safe_price': 611.36, 'ft_order_side': 'sell', 'order_filled_timestamp': 1775052000000, 'ft_is_entry': True, 'ft_order_tag': 'short_pullback_restart', 'cost': 948.081804}, {'amount': 1.55, 'safe_price': 607.38, 'ft_order_side': 'buy', 'order_filled_timestamp': 1775487600000, 'ft_is_entry': False, 'ft_order_tag': 'stale_flat_120h', 'cost': 941.9097194999999}]",0.041729186680689215,0,True,True,False,0.5524372230428388,0.1683899556868522,0.003731829737305201,0.027474794145311097,0.014754232436411191,20.0,0.46111111111111114,0.25555555555555554,-0.0009471539681570329,False,range,down,-0.0014448521055878683,-0.0074871314927468235,-0.007102616668549944,0.014966502755684674,-0.014747060924234723,-0.06869225709055682,False,False,False,stress_2026_03_05
BTC/USDT:USDT,814.5204,814.5204,0.012,2026-03-27 09:00:00+00:00,2026-03-30 13:00:00+00:00,67876.7,67859.4,0.0005,0.0005,4560,-0.0009597030213662201,-0.78130684,stale_loss_72h,71949.3,-0.06,69313.6,-0.04612760706728625,64918.2,68148.4,False,short_compression_breakdown,1.0,True,1774602000000,1774875600000,"[{'amount': 0.012, 'safe_price': 67876.7, 'ft_order_side': 'sell', 'order_filled_timestamp': 1774602000000, 'ft_is_entry': True, 'ft_order_tag': 'short_compression_breakdown', 'cost': 814.9276602}, {'amount': 0.012, 'safe_price': 67859.4, 'ft_order_side': 'buy', 'order_filled_timestamp': 1774875600000, 'ft_is_entry': False, 'ft_order_tag': 'stale_loss_72h', 'cost': 814.7199563999999}]",-0.17449024498662327,0,False,False,True,0.5898669685819422,0.2987074252288023,0.005575968542512604,0.0198309349666304,0.017817627871755636,13.0,0.25277777777777777,0.5611111111111111,-0.003734656734663333,False,down,down,-0.0005617141473178711,-0.007457647747491913,-1.4597964751783543e-05,-0.022155828805860756,-0.030259086621943432,-0.054419732297710355,True,False,False,stress_2026_03_05
DOGE/USDT:USDT,794.86147,794.86147,7951.0,2026-05-31 15:00:00+00:00,2026-06-01 03:00:00+00:00,0.09997,0.10146,0.0005,0.0005,720,-0.015855933645095015,-12.59696909,trailing_stop_loss,0.10596,-0.06,0.10146,-0.025431652512437175,0.09895,0.10154,False,short_pullback_restart,1.0,True,1780239600000,1780282800000,"[{'amount': 7951.0, 'safe_price': 0.09997, 'ft_order_side': 'sell', 'order_filled_timestamp': 1780239600000, 'ft_is_entry': True, 'ft_order_tag': 'short_pullback_restart', 'cost': 795.258900735}, {'amount': 7951.0, 'safe_price': 0.10146, 'ft_order_side': 'buy', 'order_filled_timestamp': 1780282800000, 'ft_is_entry': False, 'ft_order_tag': 'trailing_stop_loss', 'cost': 807.1118142299999}]",0.050805879989240604,0,True,False,True,0.6187050359712217,0.35971223021582704,0.0015979227004892988,0.012483771097573166,0.012503751125337612,16.0,0.018055555555555554,0.011111111111111112,-0.0013488513145560876,False,down,down,0.002485583615032816,0.002884424109806938,0.0002976190476191576,-0.0007927856505797193,-0.014306516663336377,-0.028666949976883793,False,False,True,stress_2026_03_05
NEAR/USDT:USDT,470.34,470.34,402.0,2026-04-02 02:00:00+00:00,2026-04-03 08:00:00+00:00,1.17,1.217,0.0005,0.0005,1800,-0.040951354147967384,-19.25142938,trailing_stop_loss,1.24,-0.06,1.217,-0.05721420711941194,1.138,1.222,False,short_pullback_restart,1.0,True,1775095200000,1775203200000,"[{'amount': 402.0, 'safe_price': 1.17, 'ft_order_side': 'sell', 'order_filled_timestamp': 1775095200000, 'ft_is_entry': True, 'ft_order_tag': 'short_pullback_restart', 'cost': 470.57516999999996}, {'amount': 402.0, 'safe_price': 1.217, 'ft_order_side': 'buy', 'order_filled_timestamp': 1775203200000, 'ft_is_entry': False, 'ft_order_tag': 'trailing_stop_loss', 'cost': 489.478617}]",0.1223576206677516,4,False,False,True,0.8,0.2,0.010989010989011092,0.034834324553950656,0.029914529914529846,12.0,0.5569444444444445,0.3611111111111111,-0.0028538155539723498,False,down,range,0.0008333333333334636,0.0025041736227044975,-0.013147082990961345,0.010092514718250678,-0.031886537048931296,-0.06979926993667473,False,False,False,stress_2026_03_05
SOL/USDT:USDT,676.254,676.254,8.2,2026-03-07 20:00:00+00:00,2026-03-09 13:00:00+00:00,82.47,85.0,0.0005,0.0005,2460,-0.032367232364137716,-21.87752612,stop_loss,87.41,-0.06,85.0,-0.030738046996966695,80.18,85.71,False,short_compression_breakdown,1.0,True,1772913600000,1773061200000,"[{'amount': 8.2, 'safe_price': 82.47, 'ft_order_side': 'sell', 'order_filled_timestamp': 1772913600000, 'ft_is_entry': True, 'ft_order_tag': 'short_compression_breakdown', 'cost': 676.5921269999999}, {'amount': 8.2, 'safe_price': 85.0, 'ft_order_side': 'buy', 'order_filled_timestamp': 1773061200000, 'ft_is_entry': False, 'ft_order_tag': 'stop_loss', 'cost': 697.3484999999998}]",-0.444899124593752,0,True,True,True,0.7747747747747746,0.22522522522522534,0.004586602293301092,0.02438141219070622,0.024493755304959505,15.0,0.06944444444444445,0.2777777777777778,-0.0035640936502643328,False,down,range,-0.004421077787071348,-0.010921177587844277,-0.008095238095238155,-0.022065727699530635,-0.04074557420008229,-0.14850442268067743,True,False,False,stress_2026_03_05
SOL/USDT:USDT,466.8392,466.8392,5.68,2026-05-23 08:00:00+00:00,2026-05-23 20:00:00+00:00,82.19,85.41,0.0005,0.0005,720,-0.04063374515795004,-18.95994037,trailing_stop_loss,87.12,-0.06,85.41,-0.04288308466164903,81.63,87.05,False,short_compression_breakdown,1.0,True,1779523200000,1779566400000,"[{'amount': 5.68, 'safe_price': 82.19, 'ft_order_side': 'sell', 'order_filled_timestamp': 1779523200000, 'ft_is_entry': True, 'ft_order_tag': 'short_compression_breakdown', 'cost': 467.07261959999994}, {'amount': 5.68, 'safe_price': 85.41, 'ft_order_side': 'buy', 'order_filled_timestamp': 1779566400000, 'ft_is_entry': False, 'ft_order_tag': 'trailing_stop_loss', 'cost': 485.37136439999995}]",-0.19435636841805473,5,True,True,True,0.6907216494845386,0.28522336769759427,0.020498152782743403,0.020021451555237837,0.020440442876262403,12.0,0.9291666666666667,0.9555555555555556,-0.004334055796851977,False,range,down,-0.0051984877126654006,-0.002133206921071218,-0.014282369468508582,-0.02838679898453722,-0.05157073069545293,-0.0602345523095803,True,False,False,stress_2026_03_05
SOL/USDT:USDT,925.696,925.696,11.3,2026-05-31 15:00:00+00:00,2026-06-02 22:00:00+00:00,81.92,73.67,0.0005,0.0005,3300,0.09997453461330362,92.49975378,roi,86.83,-0.06,83.39,-0.024731560812795816,73.27,83.08,False,short_pullback_restart,1.0,True,1780239600000,1780437600000,"[{'amount': 11.3, 'safe_price': 81.92, 'ft_order_side': 'sell', 'order_filled_timestamp': 1780239600000, 'ft_is_entry': True, 'ft_order_tag': 'short_pullback_restart', 'cost': 926.1588479999999}, {'amount': 11.3, 'safe_price': 73.67, 'ft_order_side': 'buy', 'order_filled_timestamp': 1780437600000, 'ft_is_entry': False, 'ft_order_tag': 'roi', 'cost': 832.8872355000001}]",0.15383728067355462,1,True,False,False,0.7884615384615409,0.21153846153845918,0.00630838287031433,0.01177184466019416,0.011476010255158074,15.0,0.08333333333333333,0.17777777777777778,-0.0016658038199710568,False,down,down,0.0007257771864037643,0.0014526086430215468,-0.0028926117873929735,0.0036394516559503653,-0.018630807786522263,-0.050436899058143525,False,False,False,stress_2026_03_05
SUI/USDT:USDT,532.71622,532.71622,571.4,2026-03-22 00:00:00+00:00,2026-03-23 15:00:00+00:00,0.9323,0.969,0.0005,0.0005,2340,-0.04044913940544773,-21.53713869,stop_loss,0.9882,-0.06,0.969,-0.03942496088918501,0.8903,0.9709,False,short_pullback_restart,1.0,True,1774137600000,1774278000000,"[{'amount': 571.4, 'safe_price': 0.9323, 'ft_order_side': 'sell', 'order_filled_timestamp': 1774137600000, 'ft_is_entry': True, 'ft_order_tag': 'short_pullback_restart', 'cost': 532.98257811}, {'amount': 571.4, 'safe_price': 0.969, 'ft_order_side': 'buy', 'order_filled_timestamp': 1774278000000, 'ft_is_entry': False, 'ft_order_tag': 'stop_loss', 'cost': 553.9634433}]",-0.023557284431339413,0,False,True,True,0.7746478873239433,0.22253521126760628,0.026115115428810218,0.011177269403530692,0.01147699238442554,16.0,0.04027777777777778,0.044444444444444446,-0.0035724991198250455,False,range,down,-0.0015603869759700517,0.0,-0.0020794343938448367,-0.007958656330749436,-0.048976023398217605,-0.11173857545742705,True,False,False,stress_2026_03_05
TAO/USDT:USDT,761.74064,761.74064,3.076,2026-04-30 15:00:00+00:00,2026-05-01 03:00:00+00:00,247.64,252.29,0.0005,0.0005,720,-0.019683787056806023,-14.98644358,trailing_stop_loss,262.49,-0.06,252.29,-0.015218672035330671,247.21,253.83,False,short_compression_breakdown,1.0,True,1777561200000,1777604400000,"[{'amount': 3.076, 'safe_price': 247.64, 'ft_order_side': 'sell', 'order_filled_timestamp': 1777561200000, 'ft_is_entry': True, 'ft_order_tag': 'short_compression_breakdown', 'cost': 762.12151032}, {'amount': 3.076, 'safe_price': 252.29, 'ft_order_side': 'buy', 'order_filled_timestamp': 1777604400000, 'ft_is_entry': False, 'ft_order_tag': 'trailing_stop_loss', 'cost': 776.43206202}]",0.08584875688730123,4,True,True,True,0.6505102040816376,0.2908163265306097,0.003861625100563186,0.022773993308879865,0.020755936036181616,12.0,0.11527777777777778,0.11666666666666667,-0.00048260276065836827,False,range,range,0.0022433201137683767,3.997122072108006e-05,-0.010950347881087952,-0.022275196373441664,-0.013521131422379207,-0.04240367667266409,False,False,False,stress_2026_03_05
XRP/USDT:USDT,751.64378,751.64378,533.8,2026-03-22 00:00:00+00:00,2026-03-23 14:00:00+00:00,1.4081,1.4474,0.0005,0.0005,2280,-0.029016151899836813,-21.79890519,stop_loss,1.4925,-0.06,1.4474,-0.027940408503346337,1.3608,1.4561,False,short_pullback_restart,1.0,True,1774137600000,1774274400000,"[{'amount': 533.8, 'safe_price': 1.4081, 'ft_order_side': 'sell', 'order_filled_timestamp': 1774137600000, 'ft_is_entry': True, 'ft_order_tag': 'short_pullback_restart', 'cost': 752.0196018899999}, {'amount': 533.8, 'safe_price': 1.4474, 'ft_order_side': 'buy', 'order_filled_timestamp': 1774274400000, 'ft_is_entry': False, 'ft_order_tag': 'stop_loss', 'cost': 773.0084310599999}]",-0.05843224352866526,0,False,True,True,0.7587939698492453,0.22613065326632875,0.017444700300048938,0.009071244156025329,0.00923229884241169,15.0,0.12638888888888888,0.08888888888888889,-0.0016087147092800347,False,range,down,0.0014621918952792967,0.0016016713091921986,-0.0008336227856895473,-0.006012439530062252,-0.025582543925332768,-0.06003467844924015,True,False,False,stress_2026_03_05
XRP/USDT:USDT,629.392,629.392,452.8,2026-03-24 17:00:00+00:00,2026-03-25 11:00:00+00:00,1.39,1.4353,0.0005,0.0005,1080,-0.03368306889354889,-21.18925417,stop_loss,1.4734,-0.06,1.4353,-0.03260072872793085,1.3826,1.4372,False,short_compression_breakdown,1.0,True,1774371600000,1774436400000,"[{'amount': 452.8, 'safe_price': 1.39, 'ft_order_side': 'sell', 'order_filled_timestamp': 1774371600000, 'ft_is_entry': True, 'ft_order_tag': 'short_compression_breakdown', 'cost': 629.7066959999999}, {'amount': 452.8, 'safe_price': 1.4353, 'ft_order_side': 'buy', 'order_filled_timestamp': 1774436400000, 'ft_is_entry': False, 'ft_order_tag': 'stop_loss', 'cost': 650.22879192}]",-0.03776625308825743,2,True,True,True,0.6688741721854253,0.12582781456953632,0.003226963069200552,0.027393330942990325,0.02748201438848922,15.0,0.3875,0.4166666666666667,-0.002064087143532456,False,down,down,-0.010950194277640435,-0.015817223198594133,-0.009690882082478591,-0.021526418786692925,-0.025149564779212374,-0.06595697669438005,False,False,False,stress_2026_03_05
XRP/USDT:USDT,792.548,792.548,571.0,2026-03-26 06:00:00+00:00,2026-04-06 08:00:00+00:00,1.388,1.3437,0.0005,0.0005,15960,0.029354139323051857,23.25293213,stale_low_profit_240h,1.4712,-0.06,1.4236,-0.025689008943629243,1.277,1.3922,False,short_pullback_restart,1.0,True,1774504800000,1775462400000,"[{'amount': 571.0, 'safe_price': 1.388, 'ft_order_side': 'sell', 'order_filled_timestamp': 1774504800000, 'ft_is_entry': True, 'ft_order_tag': 'short_pullback_restart', 'cost': 792.9442739999998}, {'amount': 571.0, 'safe_price': 1.3437, 'ft_order_side': 'buy', 'order_filled_timestamp': 1775462400000, 'ft_is_entry': False, 'ft_order_tag': 'stale_low_profit_240h', 'cost': 767.6363263499999}]",-1.2624675212855376,0,False,False,False,0.8888888888888873,0.06535947712417542,0.005303138884907606,0.01891930629210261,0.01902017291066281,15.0,0.14444444444444443,0.24444444444444444,-0.0019157960024259735,False,range,range,-0.006027513827825848,-0.01093705898955688,-0.0092592592592593,-0.009749205227834734,-0.02315652961582615,-0.06236683993982173,False,False,False,stress_2026_03_05
XRP/USDT:USDT,933.29937,933.29937,686.3,2026-05-22 07:00:00+00:00,2026-05-25 09:00:00+00:00,1.3599,1.3587,0.0005,0.0005,4440,-0.0003365607178680261,-0.31395485,stale_loss_72h,1.4414,-0.06,1.3821,-0.016301267287310406,1.2951,1.3756,False,short_pullback_restart,1.0,True,1779433200000,1779699600000,"[{'amount': 686.3, 'safe_price': 1.3599, 'ft_order_side': 'sell', 'order_filled_timestamp': 1779433200000, 'ft_is_entry': True, 'ft_order_tag': 'short_pullback_restart', 'cost': 933.7660196850001}, {'amount': 686.3, 'safe_price': 1.3587, 'ft_order_side': 'buy', 'order_filled_timestamp': 1779699600000, 'ft_is_entry': False, 'ft_order_tag': 'stale_loss_72h', 'cost': 932.9420479049999}]",-0.20462726028864797,0,True,True,True,0.7722772277227753,0.0693069306930617,0.0032983947812066042,0.023476264533807183,0.013016620091189755,12.0,0.5152777777777777,0.6166666666666667,-0.0021390966867689265,False,range,down,-0.0034246575342467,-0.004077768877885468,-0.009343763581051823,-0.004657594061567738,-0.02383075840809401,-0.033574715044952574,False,False,False,stress_2026_03_05
XRP/USDT:USDT,926.68394,926.68394,687.4,2026-05-25 23:00:00+00:00,2026-05-30 01:00:00+00:00,1.3481,1.3479,0.0005,0.0005,5880,-0.0009631597395884142,-0.89209839,stale_loss_72h,1.4289,-0.06,1.3665,-0.013683340738881,1.2668,1.3654,False,short_pullback_restart,1.0,True,1779750000000,1780102800000,"[{'amount': 687.4, 'safe_price': 1.3481, 'ft_order_side': 'sell', 'order_filled_timestamp': 1779750000000, 'ft_is_entry': True, 'ft_order_tag': 'short_pullback_restart', 'cost': 927.14728197}, {'amount': 687.4, 'safe_price': 1.3479, 'ft_order_side': 'buy', 'order_filled_timestamp': 1780102800000, 'ft_is_entry': False, 'ft_order_tag': 'stale_loss_72h', 'cost': 927.0097332299999}]",-0.10296319059510174,5,True,True,True,0.6236559139785067,0.23655913978494753,0.002294256956779071,0.022773241441306453,0.010459164750389438,17.0,0.1625,0.4111111111111111,-0.0012025246333532413,False,range,range,-0.003092555776452399,-0.0032393432967680047,-0.004704844519591189,0.014157303370786689,-0.014132578816833385,-0.03764745985413209,False,False,False,stress_2026_03_05
ZEC/USDT:USDT,508.852,508.852,2.3,2026-03-06 13:00:00+00:00,2026-03-07 22:00:00+00:00,221.24,198.81,0.0005,0.0005,1980,0.10000299822507608,50.86128229,roi,234.51,-0.06,230.27,-0.040845011268164644,193.31,221.81,False,short_compression_breakdown,1.0,True,1772802000000,1772920800000,"[{'amount': 2.3, 'safe_price': 221.24, 'ft_order_side': 'sell', 'order_filled_timestamp': 1772802000000, 'ft_is_entry': True, 'ft_order_tag': 'short_compression_breakdown', 'cost': 509.10642599999994}, {'amount': 2.3, 'safe_price': 198.81, 'ft_order_side': 'buy', 'order_filled_timestamp': 1772920800000, 'ft_is_entry': False, 'ft_order_tag': 'roi', 'cost': 457.4916314999999}]",-0.24466020636284075,5,False,False,False,0.6300940438871393,0.25705329153605483,0.0046340036892068255,0.033202861384802246,0.033357439884288534,12.0,0.09166666666666666,0.2833333333333333,-0.0049786363379447085,False,range,range,-0.0038375725122712367,-0.01482789055604583,-0.013870483258238253,-0.04736707348297342,-0.03428158921895663,-0.22483735537306448,False,False,False,stress_2026_03_05
