period,pair,side,entry_tag,open_date,close_date,open_rate,close_rate,profit_abs,profit_ratio,exit_reason,exit_reason_group,pnl_group,future_favorable_from_exit_pct_6h,future_adverse_from_exit_pct_6h,future_close_return_from_exit_pct_6h,held_profit_ratio_pct_6h,regained_entry_6h,regained_pre_exit_extreme_6h,entry_plus_1pct_6h,entry_plus_3pct_6h,entry_plus_5pct_6h,stopped_too_early_6h,valid_stop_6h,took_profit_too_early_6h,good_take_profit_6h,gave_back_risk_6h,hold_would_help_6h,hold_would_hurt_6h,future_favorable_from_exit_pct_12h,future_adverse_from_exit_pct_12h,future_close_return_from_exit_pct_12h,held_profit_ratio_pct_12h,regained_entry_12h,regained_pre_exit_extreme_12h,entry_plus_1pct_12h,entry_plus_3pct_12h,entry_plus_5pct_12h,stopped_too_early_12h,valid_stop_12h,took_profit_too_early_12h,good_take_profit_12h,gave_back_risk_12h,hold_would_help_12h,hold_would_hurt_12h,future_favorable_from_exit_pct_24h,future_adverse_from_exit_pct_24h,future_close_return_from_exit_pct_24h,held_profit_ratio_pct_24h,regained_entry_24h,regained_pre_exit_extreme_24h,entry_plus_1pct_24h,entry_plus_3pct_24h,entry_plus_5pct_24h,stopped_too_early_24h,valid_stop_24h,took_profit_too_early_24h,good_take_profit_24h,gave_back_risk_24h,hold_would_help_24h,hold_would_hurt_24h,future_favorable_from_exit_pct_48h,future_adverse_from_exit_pct_48h,future_close_return_from_exit_pct_48h,held_profit_ratio_pct_48h,regained_entry_48h,regained_pre_exit_extreme_48h,entry_plus_1pct_48h,entry_plus_3pct_48h,entry_plus_5pct_48h,stopped_too_early_48h,valid_stop_48h,took_profit_too_early_48h,good_take_profit_48h,gave_back_risk_48h,hold_would_help_48h,hold_would_hurt_48h,future_favorable_from_exit_pct_72h,future_adverse_from_exit_pct_72h,future_close_return_from_exit_pct_72h,held_profit_ratio_pct_72h,regained_entry_72h,regained_pre_exit_extreme_72h,entry_plus_1pct_72h,entry_plus_3pct_72h,entry_plus_5pct_72h,stopped_too_early_72h,valid_stop_72h,took_profit_too_early_72h,good_take_profit_72h,gave_back_risk_72h,hold_would_help_72h,hold_would_hurt_72h,future_favorable_from_exit_pct_168h,future_adverse_from_exit_pct_168h,future_close_return_from_exit_pct_168h,held_profit_ratio_pct_168h,regained_entry_168h,regained_pre_exit_extreme_168h,entry_plus_1pct_168h,entry_plus_3pct_168h,entry_plus_5pct_168h,stopped_too_early_168h,valid_stop_168h,took_profit_too_early_168h,good_take_profit_168h,gave_back_risk_168h,hold_would_help_168h,hold_would_hurt_168h,future_favorable_from_exit_pct_336h,future_adverse_from_exit_pct_336h,future_close_return_from_exit_pct_336h,held_profit_ratio_pct_336h,regained_entry_336h,regained_pre_exit_extreme_336h,entry_plus_1pct_336h,entry_plus_3pct_336h,entry_plus_5pct_336h,stopped_too_early_336h,valid_stop_336h,took_profit_too_early_336h,good_take_profit_336h,gave_back_risk_336h,hold_would_help_336h,hold_would_hurt_336h
3y,SUI/USDT:USDT,short,short_pullback_restart,2023-07-30T20:00:00+00:00,2023-08-01T00:00:00+00:00,0.6172,0.6348,-7.61347307,-0.0298036098511566,trailing_stop_loss,trailing_stop_loss,losing_trades,4.536862003780725,-0.06301197227474276,1.559546313799625,-1.3475696694750552,True,False,True,False,False,True,False,False,False,False,True,False,4.536862003780725,0.5040957781978544,0.7403906742281091,-2.1900842514582024,True,False,True,False,False,True,False,False,False,False,True,False,4.536862003780725,2.347195967233778,-1.181474480151221,-4.166753078418667,True,False,True,False,False,True,False,False,False,True,False,True,4.536862003780725,2.347195967233778,3.355387523629487,0.4994815294879983,True,False,True,False,False,True,False,False,False,False,True,False,7.908002520478894,2.347195967233778,5.986137366099564,3.205249513933891,True,True,True,True,True,True,False,False,False,False,True,False,12.523629489603028,2.347195967233778,8.333333333333343,5.619377835385612,True,True,True,True,True,True,False,False,False,False,True,False,12.523629489603028,2.347195967233778,5.214240705734092,2.4113415424497666,True,True,True,True,True,True,False,False,False,False,True,False
3y,NEAR/USDT:USDT,short,short_compression_breakdown,2023-07-31T20:00:00+00:00,2023-08-01T19:00:00+00:00,1.361,1.406,-7.4935012,-0.033795295884533005,stop_loss,stop_loss,losing_trades,0.9246088193456544,1.2802275960170708,-0.2844950213371269,-3.7002939015429783,False,False,False,False,False,False,True,False,False,False,False,True,1.2091038406827812,1.2802275960170708,0.9246088193456544,-2.4512123438648077,False,False,False,False,False,False,True,False,False,False,True,False,1.8492176386913246,1.2802275960170708,0.35561877667140074,-3.0390154298310095,False,False,False,False,False,False,True,False,False,False,True,False,2.844950213371253,1.2802275960170708,2.7027027027026893,-0.6143277002204348,False,False,False,False,False,False,True,False,False,False,True,False,5.1920341394025575,1.2802275960170708,4.623044096728304,1.3695077149155046,True,False,True,False,False,True,False,False,False,False,True,False,7.539118065433846,1.2802275960170708,2.987197724039816,-0.32042615723733386,True,True,True,True,False,True,False,False,False,False,True,False,13.798008534850636,1.2802275960170708,9.743954480796587,6.659735488611321,True,True,True,True,True,True,False,False,False,False,True,False
3y,ZEC/USDT:USDT,short,short_pullback_restart,2023-07-30T07:00:00+00:00,2023-08-01T23:00:00+00:00,30.04,30.51,-5.49773801,-0.01587527898795786,stop_loss,stop_loss,losing_trades,2.16322517207473,0.7210750573582394,2.130449033103907,0.49920106524633734,True,False,False,False,False,False,True,False,False,False,True,False,2.3271058669288784,0.7210750573582394,1.7043592264831307,0.06644474034620744,True,False,False,False,False,False,True,False,False,False,True,False,4.195345788266145,0.7210750573582394,2.8515240904621466,1.2315579227696356,True,False,True,False,False,True,False,False,False,False,True,False,4.195345788266145,0.7210750573582394,2.7859718125204895,1.1649800266311552,True,False,True,False,False,True,False,False,False,False,True,False,5.735824319895116,0.7210750573582394,4.654211733857757,3.062450066577894,True,False,True,True,False,True,False,False,False,False,True,False,6.12913798754507,0.7210750573582394,3.277613897082923,1.6643142476697657,True,False,True,True,False,True,False,False,False,False,True,False,14.06096361848575,0.7210750573582394,7.833497214028188,6.291478029294269,True,True,True,True,True,True,False,False,False,False,True,False
3y,ADA/USDT:USDT,short,short_pullback_restart,2023-08-06T14:00:00+00:00,2023-08-07T02:00:00+00:00,0.2919,0.2959,-4.38805503,-0.01451761973238025,stop_loss,stop_loss,losing_trades,1.8249408583981128,0.03379520108144271,1.2504224400135118,-0.20277492291881552,True,False,False,False,False,False,True,False,False,False,True,False,1.8249408583981128,0.03379520108144271,1.419398445420744,-0.03148338472080234,True,False,False,False,False,False,True,False,False,False,True,False,5.035484961135508,0.03379520108144271,1.8249408583981128,0.3796163069544407,True,True,True,True,False,True,False,False,False,False,True,False,5.035484961135508,2.230483271375463,-0.1013856032443469,-1.573107228502921,True,True,True,True,False,True,False,False,False,True,False,True,5.035484961135508,2.230483271375463,-1.4531936465022055,-2.9434395340870263,True,True,True,True,False,True,False,False,False,True,False,True,5.035484961135508,2.230483271375463,2.1966880702940204,0.7564576909900658,True,True,True,True,False,True,False,False,False,False,True,False,21.62892869212572,2.230483271375463,8.448800270361616,7.094244604316553,True,True,True,True,True,True,False,False,False,False,True,False
3y,ETH/USDT:USDT,short,short_pullback_restart,2023-08-02T15:00:00+00:00,2023-08-07T03:00:00+00:00,1840.95,1843.96,-0.47812071,-0.0014121958828705301,stale_loss_72h,timeout,losing_trades,0.693615913577299,-0.11768151152953821,0.4924184906397062,0.2297210679268821,True,False,False,False,False,False,False,False,False,False,True,False,1.7169569838825183,-0.11768151152953821,1.4398360051194143,1.178687634101956,True,False,True,False,False,False,False,False,False,False,True,False,2.3839996529208896,-0.11768151152953821,0.7923165361504657,0.5301094543578118,True,True,True,False,False,False,False,False,False,False,True,False,2.3839996529208896,1.846027028785872,-0.549903468621872,-0.8143051142073312,True,True,True,False,False,False,False,False,False,False,False,True,2.3839996529208896,1.846027028785872,-0.4528297793878343,-0.7170727070262582,True,True,True,False,False,False,False,False,False,False,False,True,2.3839996529208896,1.846027028785872,-0.10954684483394335,-0.37322849615687403,True,True,True,False,False,False,False,False,False,False,False,True,19.051389401071603,1.846027028785872,9.101607410139044,8.852986229935627,True,True,True,True,True,False,False,False,False,False,True,False
3y,ZEC/USDT:USDT,short,short_pullback_restart,2023-08-04T09:00:00+00:00,2023-08-07T10:00:00+00:00,29.38,29.48,-1.23169905,-0.003752036550358121,stale_loss_72h,timeout,losing_trades,2.6797829036634977,0.7123473541384018,1.6960651289009496,1.2614703880190556,True,False,True,False,False,False,False,False,False,False,True,False,2.6797829036634977,0.7123473541384018,1.0176390773405724,0.5807351940095278,True,False,True,False,False,False,False,False,False,False,True,False,2.6797829036634977,0.7123473541384018,-0.37313432835820703,-0.8147719537100098,True,False,True,False,False,False,False,False,False,False,False,True,2.6797829036634977,1.4925373134328401,-0.47489823609226783,-0.9168822328114432,True,False,True,False,False,False,False,False,False,False,False,True,2.6797829036634977,1.4925373134328401,-0.9497964721845357,-1.3933968686181164,True,False,True,False,False,False,False,False,False,False,False,True,2.6797829036634977,4.172320217096337,-1.4925373134328401,-1.937985023825741,True,False,True,False,False,False,False,False,False,False,False,True,26.79782903663501,4.172320217096337,16.858887381275437,16.475901974132054,True,True,True,True,True,False,False,False,False,False,True,False
3y,NEAR/USDT:USDT,short,short_pullback_restart,2023-08-07T15:00:00+00:00,2023-08-08T12:00:00+00:00,1.333,1.364,-7.25983496,-0.024110452480421013,stop_loss,stop_loss,losing_trades,1.392961876832854,0.8064516129032183,0.0,-2.4255813953488476,False,False,False,False,False,False,True,False,False,False,False,True,1.392961876832854,0.8797653958944126,0.1466275659824048,-2.275543885971503,False,False,False,False,False,False,True,False,False,False,True,False,1.392961876832854,0.8797653958944126,-0.3665689149560039,-2.8006751687922007,False,False,False,False,False,False,True,False,False,False,False,True,2.346041055718477,0.8797653958944126,1.6862170087976636,-0.700150037509378,True,False,False,False,False,False,True,False,False,False,True,False,2.859237536656902,0.8797653958944126,2.6392961876832866,0.27509377344335284,True,False,False,False,False,False,True,False,False,False,True,False,3.3724340175953103,0.8797653958944126,2.4926686217008815,0.12505626406600837,True,False,True,False,False,True,False,False,False,False,True,False,26.68621700879766,0.8797653958944126,17.30205278592377,15.2788447111778,True,True,True,True,True,True,False,False,False,False,True,False
3y,LINK/USDT:USDT,long,long_1d_center_compression,2023-08-10T00:00:00+00:00,2023-08-11T10:00:00+00:00,7.677,7.524,-7.16839161,-0.02140556029208329,stop_loss,stop_loss,losing_trades,0.8771929824561382,1.3556618819776756,-1.1297182349813923,-3.200169336980586,False,False,False,False,False,False,True,False,False,False,False,True,0.8771929824561382,1.6081871345029297,-0.7309941520467799,-2.8093916894620206,False,False,False,False,False,False,True,False,False,False,False,True,0.8771929824561382,1.6081871345029297,-1.0499734183944676,-3.12201380747687,False,False,False,False,False,False,True,False,False,False,False,True,0.8771929824561382,1.9271664008506175,-0.7309941520467799,-2.8093916894620206,False,False,False,False,False,False,True,False,False,False,False,True,0.8771929824561382,2.9505582137161137,-0.1196172248803873,-2.210199296600234,False,False,False,False,False,False,True,False,False,False,False,True,1.4354066985645886,26.222753854332797,-17.331206804891018,-19.078767747818155,False,False,False,False,False,False,True,False,False,False,False,True,1.4354066985645886,26.222753854332797,-20.8133971291866,-22.491559202813594,False,False,False,False,False,False,True,False,False,False,False,True
3y,ADA/USDT:USDT,short,short_pullback_restart,2023-08-15T19:00:00+00:00,2023-08-17T21:00:00+00:00,0.2871,0.258,33.18063122,0.0999390677102063,roi,roi,winning_trades,5.310077519379852,0.8139534883720894,-0.5813953488372098,9.513375130616513,True,False,True,True,True,False,False,True,False,True,False,True,5.310077519379852,2.8294573643410748,-1.6279069767441787,8.572936259143168,True,False,True,True,True,False,False,True,False,True,False,True,5.310077519379852,3.6046511627906876,-2.2093023255813886,8.050470219435747,True,False,True,True,True,False,False,True,False,True,False,True,5.310077519379852,4.573643410852704,-3.5658914728682114,6.831382793451768,True,False,True,True,True,False,False,True,False,True,False,True,5.310077519379852,5.813953488372098,-4.767441860465108,5.751619644723106,True,False,True,True,True,False,False,True,False,True,False,True,5.310077519379852,5.813953488372098,-2.8294573643410748,7.493173110414504,True,False,True,True,True,False,False,True,False,True,False,True,5.310077519379852,8.643410852713172,1.4341085271317757,11.32459073493556,True,False,True,True,True,False,False,True,False,False,True,False
3y,BTC/USDT:USDT,short,short_compression_breakdown,2023-08-17T14:00:00+00:00,2023-08-17T21:00:00+00:00,28393.4,25531.3,31.21722703,0.10000033122846688,roi,roi,winning_trades,-1.5467289170547582,5.729046307865251,-3.3472639466067227,6.970305070896757,True,False,True,True,True,False,False,False,True,False,False,True,-1.5467289170547582,5.729046307865251,-3.5587690403543975,6.780120027893806,True,False,True,True,True,False,False,False,True,False,False,True,-0.26908148037898866,5.729046307865251,-2.032407280475344,8.152622088231775,True,False,True,True,True,False,False,False,True,False,False,True,-0.26908148037898866,5.729046307865251,-2.113875909178149,8.079365627223233,True,False,True,True,True,False,False,False,True,False,False,True,-0.26908148037898866,5.729046307865251,-2.4906683169286388,7.740554495058713,True,False,True,True,True,False,False,False,True,False,False,True,0.9842820381257488,5.729046307865251,-2.1483434059370263,8.048372509104237,True,False,True,True,True,False,False,False,True,False,False,True,0.9842820381257488,10.327323716379507,-1.8867037714491652,8.283638451189365,True,False,True,True,True,False,False,False,True,False,False,True
3y,ETH/USDT:USDT,short,short_pullback_restart,2023-08-17T15:00:00+00:00,2023-08-17T21:00:00+00:00,1778.48,1599.16,30.3961746,0.0999979359802387,roi,roi,winning_trades,-0.30390955251506413,7.621501288176284,-4.8294104404812535,5.640295083442036,True,False,True,True,True,False,False,False,True,False,False,True,-0.30390955251506413,7.621501288176284,-5.290902723930057,5.225333993072738,True,False,True,True,True,False,False,False,True,False,False,True,-0.30390955251506413,7.621501288176284,-3.9389429450461497,6.440978813368716,True,False,True,True,True,False,False,False,True,False,False,True,-0.30390955251506413,7.621501288176284,-4.317266564946594,6.100800683729925,True,False,True,True,True,False,False,False,True,False,False,True,-0.30390955251506413,7.621501288176284,-5.181470271892738,5.323732625612885,True,False,True,True,True,False,False,False,True,False,False,True,1.5107931664123715,7.621501288176284,-3.3680182095600126,6.954338536278172,True,False,True,True,True,False,False,False,True,False,False,True,1.5107931664123715,9.2542334725731,-2.9915705745516346,7.292829832216276,True,False,True,True,True,False,False,False,True,False,False,True
3y,XRP/USDT:USDT,short,short_pullback_restart,2023-08-22T14:00:00+00:00,2023-08-22T23:00:00+00:00,0.5131,0.5237,-7.92131236,-0.02170888017839492,stop_loss,stop_loss,losing_trades,1.2411686079816804,0.0,0.5346572465151851,-1.6201715065289473,False,False,False,False,False,False,True,False,False,False,True,False,1.3557380179492278,0.0,0.8783654764178056,-1.2693626973299563,False,False,False,False,False,False,True,False,False,False,True,False,1.6039717395455553,2.4441474126408096,-1.1647890013366418,-3.3547261742350516,False,False,False,False,False,False,True,False,False,False,False,True,2.5587168226083783,2.4441474126408096,1.0120297880466071,-1.1329370493081217,True,False,False,False,False,False,True,False,False,False,True,False,3.074279167462288,2.4441474126408096,-0.3437082299025993,-2.5166829078152344,True,False,True,False,False,True,False,False,False,True,False,True,3.074279167462288,5.060148940232951,-3.016994462478504,-5.245195868251798,True,False,True,False,False,True,False,False,False,True,False,True,7.141493221309918,5.060148940232951,3.5516517089937096,1.4591502631066082,True,True,True,True,True,True,False,False,False,False,True,False
3y,NEAR/USDT:USDT,short,short_pullback_restart,2023-08-21T11:00:00+00:00,2023-08-23T06:00:00+00:00,1.138,1.174,-8.04651781,-0.03417531851600303,stop_loss,stop_loss,losing_trades,0.8517887563884166,2.214650766609883,0.8517887563884166,-2.3847100175746947,False,False,False,False,False,False,True,False,False,False,True,False,1.0221465076660998,4.514480408858617,-3.3219761499148333,-6.69050966608086,False,False,False,False,False,False,True,False,False,False,False,True,1.0221465076660998,4.6848381601363,-2.5553662691652494,-5.899648506151148,False,False,False,False,False,False,True,False,False,False,False,True,1.4480408858602987,4.6848381601363,0.25553662691651546,-2.999824253075584,False,False,False,False,False,False,True,False,False,False,True,False,1.4480408858602987,4.6848381601363,-2.6405451448041006,-5.987521968365569,False,False,False,False,False,False,True,False,False,False,False,True,2.4701873935263983,7.069846678023847,-3.0664395229982992,-6.426889279437615,False,False,False,False,False,False,True,False,False,False,False,True,5.962521294718896,7.069846678023847,4.003407155025548,0.8666080843585148,True,False,True,False,False,True,False,False,False,False,True,False
3y,LINK/USDT:USDT,short,short_pullback_restart,2023-08-21T11:00:00+00:00,2023-08-23T09:00:00+00:00,6.136,6.261,-7.64436016,-0.020948649250397335,stop_loss,stop_loss,losing_trades,1.0541447053186366,1.772879731672253,-1.469413831656279,-3.6365058670143355,False,False,False,False,False,False,True,False,False,False,False,True,1.0541447053186366,2.8270244369908895,-0.65484746845551,-2.805345501955663,False,False,False,False,False,False,True,False,False,False,False,True,1.0541447053186366,2.8270244369908895,-0.30346590001597396,-2.4468057366362475,False,False,False,False,False,False,True,False,False,False,False,True,5.430442421338442,2.8270244369908895,4.424213384443382,2.377183833116039,True,False,True,True,False,True,False,False,False,False,True,False,5.654048873981794,2.8270244369908895,3.8971410317840562,1.8393741851368932,True,False,True,True,False,True,False,False,False,False,True,False,6.819996805622113,2.8270244369908895,3.5777032422935666,1.5134289439374216,True,True,True,True,False,True,False,False,False,False,True,False,8.704679763616035,2.8270244369908895,2.1402331895863336,0.04667535853977087,True,True,True,True,True,True,False,False,False,False,True,False
3y,ETH/USDT:USDT,short,short_pullback_restart,2023-08-24T15:00:00+00:00,2023-08-27T16:00:00+00:00,1645.07,1654.69,-2.44779869,-0.0068921507156421815,stale_loss_72h,timeout,losing_trades,0.3481014570705081,0.28948020475134095,-0.11240776217901237,-0.7978426449938313,False,False,False,False,False,False,False,False,False,False,False,True,0.46111356205694776,0.28948020475134095,0.329366830040675,-0.35348465414846014,False,False,False,False,False,False,False,False,False,False,True,False,2.2173337604022536,0.5553910400135406,0.27074557772150787,-0.4124487103892297,True,True,True,False,False,False,False,False,False,False,True,False,2.2173337604022536,5.587753597350563,-4.812986118245706,-5.525908927887567,True,True,True,False,False,False,False,False,False,False,False,True,2.2173337604022536,5.587753597350563,-2.7249817186300707,-3.4256943473530024,True,True,True,False,False,False,False,False,False,False,False,True,3.2314209912430747,5.587753597350563,1.6625470631961268,0.9874917176776594,True,True,True,False,False,False,False,False,False,False,True,False,3.909493621161671,5.587753597350563,2.5273616206056824,1.8573635164461113,True,True,True,True,False,False,False,False,False,False,True,False
3y,ZEC/USDT:USDT,short,short_pullback_restart,2023-08-24T15:00:00+00:00,2023-08-27T16:00:00+00:00,24.62,24.88,-2.81513325,-0.012403832720147414,stale_loss_72h,timeout,losing_trades,0.8440514469453267,1.1254019292604547,-0.40192926045016647,-1.5622258326563747,False,False,False,False,False,False,False,False,False,False,False,True,0.8440514469453267,1.326366559485538,-0.5225080385852193,-1.6840779853777441,False,False,False,False,False,False,False,False,False,False,False,True,0.8842443729903492,2.009646302250804,-0.6832797427652801,-1.8465475223395602,False,False,False,False,False,False,False,False,False,False,False,True,0.8842443729903492,8.641479099678467,-6.551446945337632,-7.7766856214459805,False,False,False,False,False,False,False,False,False,False,False,True,0.8842443729903492,8.641479099678467,-4.019292604501608,-5.217790414297311,False,False,False,False,False,False,False,False,False,False,False,True,5.305466237942123,8.641479099678467,0.48231511254018267,-0.6686433793663712,True,True,True,True,False,False,False,False,False,False,True,False,5.305466237942123,8.641479099678467,1.8086816720257206,0.6717303005686485,True,True,True,True,False,False,False,False,False,False,True,False
3y,SOL/USDT:USDT,short,short_pullback_restart,2023-08-24T15:00:00+00:00,2023-08-29T14:00:00+00:00,21.231,22.041,-8.10275442,-0.040448966852475655,stop_loss,stop_loss,losing_trades,3.90181933669071,-0.33120094369584135,1.492672746245636,-2.3655550845461732,True,False,False,False,False,True,False,False,False,False,True,False,3.90181933669071,-0.24046095912164067,2.10970464135021,-1.7249823371485038,True,False,False,False,False,True,False,False,False,False,True,False,5.902635996551889,-0.24046095912164067,5.163105122272136,1.444910743723814,True,False,True,False,False,True,False,False,False,False,True,False,7.490585726600425,-0.24046095912164067,6.179392949503207,2.4999717394376293,True,False,True,True,False,True,False,False,False,False,True,False,12.744430833446764,-0.24046095912164067,12.100176942969927,8.64664405821677,True,True,True,True,True,True,False,False,False,False,True,False,13.75618166144912,-0.24046095912164067,8.697427521437328,5.114073760067838,True,True,True,True,True,True,False,False,False,False,True,False,21.41917335874053,-0.24046095912164067,18.46104986162152,15.250195468889832,True,True,True,True,True,True,False,False,False,False,True,False
3y,SOL/USDT:USDT,short,short_compression_breakdown,2023-09-01T15:00:00+00:00,2023-09-04T03:00:00+00:00,19.374,19.96,-7.84673411,-0.03148533335723555,stop_loss,stop_loss,losing_trades,1.8436873747495093,-0.4208416833667316,0.9519038076152367,-2.143976463301336,False,False,False,False,False,False,True,False,False,False,True,False,3.7374749498998106,-0.4208416833667316,2.8156312625250557,-0.2238773614122066,True,False,False,False,False,True,False,False,False,False,True,False,4.719438877755511,-0.4208416833667316,3.7525050100200517,0.7413337462578726,True,False,True,False,False,True,False,False,False,False,True,False,4.719438877755511,3.206412825651305,-0.8817635270541,-4.033106224837414,True,False,True,False,False,True,False,False,False,True,False,True,4.719438877755511,3.206412825651305,1.052104208416838,-2.04074532879117,True,False,True,False,False,True,False,False,False,False,True,False,11.157314629258517,3.206412825651305,8.166332665330673,5.2886652214307865,True,True,True,True,True,True,False,False,False,False,True,False,13.226452905811625,3.206412825651305,3.832665330661325,0.8239186538659982,True,True,True,True,True,True,False,False,False,False,True,False
3y,XRP/USDT:USDT,short,short_compression_breakdown,2023-09-01T15:00:00+00:00,2023-09-04T03:00:00+00:00,0.5013,0.5112,-7.39109693,-0.020992223483958305,stop_loss,stop_loss,losing_trades,2.0735524256650906,0.23474178403755458,1.388888888888888,-0.6585477757829692,True,False,False,False,False,False,True,False,False,False,True,False,2.934272300469486,0.23474178403755458,1.5845070422535203,-0.4590664272890533,True,False,True,False,False,True,False,False,False,False,True,False,2.934272300469486,0.23474178403755458,1.1737089201877946,-0.8779772591262747,True,False,True,False,False,True,False,False,False,False,True,False,2.934272300469486,0.23474178403755458,1.4084507042253491,-0.6385996409335799,True,False,True,False,False,True,False,False,False,False,True,False,4.010172143974954,0.23474178403755458,1.6823161189358258,-0.35932575304210634,True,False,True,False,False,True,False,False,False,False,True,False,4.010172143974954,0.23474178403755458,2.895148669796553,0.8774586076201796,True,False,True,False,False,True,False,False,False,False,True,False,10.661189358372456,0.23474178403755458,2.719092331768382,0.6979253939756529,True,True,True,True,True,True,False,False,False,False,True,False
3y,ETH/USDT:USDT,short,short_compression_breakdown,2023-09-01T15:00:00+00:00,2023-09-04T18:00:00+00:00,1629.81,1629.76,-0.36357009,-0.0010332719025842809,stale_loss_72h,timeout,losing_trades,0.9203809149813469,0.26016100530139463,0.26997840172786736,0.1730379614801753,True,False,False,False,False,False,False,False,False,False,True,False,1.3075544865501636,0.26016100530139463,0.5129589632829312,0.4160110687748788,True,False,True,False,False,False,False,False,False,False,True,False,1.3075544865501636,1.1191831926173184,-0.3767425878657042,-0.47366318773354854,True,False,True,False,False,False,False,False,False,False,False,True,1.4124779108580394,3.082662477910859,0.1392843118005094,0.04234788104134448,True,False,True,False,False,False,False,False,False,False,True,False,1.4124779108580394,3.082662477910859,-0.3699931278224998,-0.4669139347531319,True,False,True,False,False,False,False,False,False,False,False,True,5.030188494011389,3.082662477910859,4.568157274690755,4.4710849730950235,True,True,True,True,True,False,False,False,False,False,True,False,6.206435303357556,3.082662477910859,-0.401286078931865,-0.4982059258441173,True,True,True,True,True,False,False,False,False,True,False,True
3y,DOGE/USDT:USDT,short,short_pullback_restart,2023-09-04T22:00:00+00:00,2023-09-05T02:00:00+00:00,0.06227,0.06352,-7.29830747,-0.021052578549672095,stop_loss,stop_loss,losing_trades,1.0075566750629532,1.2751889168765824,-0.4722921914357818,-2.5891601092018672,False,False,False,False,False,False,True,False,False,False,False,True,1.0075566750629532,1.2751889168765824,-0.3463476070529154,-2.460687329372099,False,False,False,False,False,False,True,False,False,False,False,True,1.0075566750629532,1.7159949622166368,-1.558564231738043,-3.6972378352336586,False,False,False,False,False,False,True,False,False,False,False,True,1.7947103274559122,1.7159949622166368,-0.1889168765743215,-2.3000963545848774,False,False,False,False,False,False,True,False,False,False,False,True,1.7947103274559122,1.7159949622166368,-0.0787153652393079,-2.1876826722338247,False,False,False,False,False,False,True,False,False,False,False,True,6.958438287153642,1.7159949622166368,4.297858942065486,2.2767464268508144,True,True,True,True,True,True,False,False,False,False,True,False,6.958438287153642,1.7159949622166368,2.188287153652386,0.12482736470210572,True,True,True,True,True,True,False,False,False,False,True,False
3y,BTC/USDT:USDT,short,short_pullback_restart,2023-09-04T22:00:00+00:00,2023-09-06T17:00:00+00:00,25664.1,25981.6,-4.44146419,-0.013319072265917425,trailing_stop_loss,trailing_stop_loss,losing_trades,1.5688025371801528,-0.12162453428579667,0.9014071496751436,-0.4245779123366995,True,False,False,False,False,False,True,False,False,False,True,False,1.5688025371801528,-0.12162453428579667,0.7890199217908058,-0.5383555238640748,True,False,False,False,False,False,True,False,False,False,True,False,1.5688025371801528,-0.06042737937616271,0.24132462973795724,-1.0928265553828225,True,False,False,False,False,False,True,False,False,False,True,False,1.5688025371801528,1.8066631770175874,0.6412230193675469,-0.6879808760096846,True,False,False,False,False,False,True,False,False,False,True,False,1.5688025371801528,1.8066631770175874,0.43569295193520446,-0.8960536313371712,True,False,False,False,False,False,True,False,False,False,True,False,4.2091326169288985,2.3031683960957046,-0.38142377682668577,-1.7232792110379955,True,True,True,True,False,True,False,False,False,True,False,True,4.2091326169288985,5.767158296640706,-4.627505619361406,-6.021890890387752,True,True,True,True,False,True,False,False,False,True,False,True
3y,XRP/USDT:USDT,short,short_pullback_restart,2023-09-06T15:00:00+00:00,2023-09-07T21:00:00+00:00,0.4987,0.5056,-4.99553516,-0.014516404810934108,stop_loss,stop_loss,losing_trades,0.5933544303797473,0.35601265822783085,0.19778481012658242,-1.2830759975937582,False,False,False,False,False,False,True,False,False,False,True,False,1.1273734177215264,0.35601265822783085,1.0680379746835582,-0.40078203328654527,False,False,False,False,False,False,True,False,False,False,True,False,2.3536392405063333,0.35601265822783085,0.2768987341772286,-1.2028674553839995,True,False,True,False,False,True,False,False,False,False,True,False,2.3536392405063333,0.35601265822783085,0.45490506329115493,-1.0223982354120702,True,False,True,False,False,True,False,False,False,False,True,False,2.768987341772165,0.35601265822783085,1.1669303797468495,-0.30052135552436354,True,False,True,False,False,True,False,False,False,False,True,False,9.671677215189883,0.35601265822783085,3.065664556962039,1.624483657509524,True,True,True,True,True,True,False,False,False,False,True,False,9.671677215189883,3.8963607594936582,-0.35601265822783085,-1.8445357930619584,True,True,True,True,True,True,False,False,False,True,False,True
3y,SUI/USDT:USDT,short,short_compression_breakdown,2023-09-11T09:00:00+00:00,2023-09-14T10:00:00+00:00,0.4379,0.438,-0.32414622,-0.0021336766482857672,stale_loss_72h,timeout,losing_trades,0.570776255707763,1.4383561643835554,-0.525114155251147,-0.6480703356930837,True,False,False,False,False,False,False,False,False,False,False,True,0.570776255707763,3.0593607305936126,-2.123287671232871,-2.246608814797891,True,False,False,False,False,False,False,False,False,False,False,True,1.2328767123287707,3.0593607305936126,-0.02283105022830799,-0.14567252797441838,True,False,True,False,False,False,False,False,False,False,True,False,1.5525114155251079,5.662100456621002,-3.9041095890410964,-4.027837405800409,True,False,True,False,False,False,False,False,False,False,False,True,1.5525114155251079,6.552511415525116,-1.9863013698630103,-2.109591230874623,True,False,True,False,False,False,False,False,False,False,False,True,3.584474885844747,6.552511415525116,0.570776255707763,0.44807033569308363,True,False,True,True,False,False,False,False,False,False,True,False,3.584474885844747,6.552511415525116,-0.6621004566210077,-0.7850879196163514,True,False,True,True,False,False,False,False,False,True,False,True
3y,SUI/USDT:USDT,short,short_compression_breakdown,2023-09-17T17:00:00+00:00,2023-09-18T22:00:00+00:00,0.4392,0.4498,-6.15958576,-0.02490075160268316,trailing_stop_loss,trailing_stop_loss,losing_trades,0.8003557136505097,1.556247220987107,-0.8892841262783467,-3.4242258652094724,False,False,False,False,False,False,True,False,False,False,False,True,0.8003557136505097,1.556247220987107,-0.4224099599822172,-2.9460837887067424,False,False,False,False,False,False,True,False,False,False,False,True,0.822587816807466,1.556247220987107,-0.8448199199644344,-3.37868852459017,False,False,False,False,False,False,True,False,False,False,False,True,3.4015117830146693,1.556247220987107,1.1783014673188021,-1.306739526411664,True,False,True,False,False,True,False,False,False,False,True,False,3.80168963983993,1.8008003557136498,2.334370831480648,-0.12276867030966405,True,False,True,False,False,True,False,False,False,False,True,False,4.046242774566473,3.245887060915963,1.8008003557136498,-0.6692167577413486,True,False,True,False,False,True,False,False,False,False,True,False,5.068919519786569,13.339261894175202,-3.601600711427312,-6.20200364298726,True,False,True,False,False,True,False,False,False,True,False,True
3y,ADA/USDT:USDT,short,short_pullback_restart,2023-09-26T16:00:00+00:00,2023-09-27T11:00:00+00:00,0.2445,0.2469,-3.5698265,-0.0105471633884907,trailing_stop_loss,trailing_stop_loss,losing_trades,1.7820980153908526,0.5265289590927483,1.2555690562981041,0.18629856850715998,True,True,False,False,False,False,True,False,False,False,True,False,1.903604698258408,0.5265289590927483,0.931551235317941,-0.14089979550102935,True,True,False,False,False,False,True,False,False,False,True,False,1.903604698258408,0.5265289590927483,0.1620089104900816,-0.9179959100204508,True,True,False,False,False,False,True,False,False,False,True,False,1.903604698258408,2.5516403402187007,-1.7820980153908526,-2.881186094069541,True,True,False,False,False,False,True,False,False,False,False,True,1.903604698258408,3.6046982584042193,-1.5795868772782562,-2.6766871165644286,True,True,False,False,False,False,True,False,False,False,False,True,1.903604698258408,9.113001215066815,-3.807209396516794,-4.926175869120645,True,True,False,False,False,False,True,False,False,False,False,True,1.903604698258408,9.113001215066815,-0.16200891049007035,-1.2451942740286288,True,True,False,False,False,False,True,False,False,False,False,True
3y,XRP/USDT:USDT,short,short_pullback_restart,2023-10-12T09:00:00+00:00,2023-10-13T20:00:00+00:00,0.4763,0.4894,-7.3982703,-0.02818383273452098,stop_loss,stop_loss,losing_trades,1.103391908459341,0.24519820187984853,1.0012259910094023,-1.82160403107285,False,False,False,False,False,False,True,False,False,False,True,False,1.2872905598692332,0.24519820187984853,1.0829587249693557,-1.7376233466302695,False,False,False,False,False,False,True,False,False,False,True,False,1.2872905598692332,0.24519820187984853,0.7151614221495716,-2.1155364266218766,False,False,False,False,False,False,True,False,False,False,True,False,1.2872905598692332,0.24519820187984853,-0.04086636697997098,-2.892357757715721,False,False,False,False,False,False,True,False,False,False,False,True,1.2872905598692332,4.413567633837354,-1.2668573763792366,-4.152068024354396,False,False,False,False,False,False,True,False,False,False,False,True,2.9219452390682426,8.398038414384954,-6.579485083776042,-9.610812513121973,True,False,False,False,False,False,True,False,False,False,False,True,2.9219452390682426,19.901920719248057,-11.50388230486309,-14.67064875078731,True,False,False,False,False,False,True,False,False,False,False,True
3y,ETH/USDT:USDT,short,short_pullback_restart,2023-10-12T10:00:00+00:00,2023-10-13T21:00:00+00:00,1540.98,1570.34,-6.71322558,-0.019902485917121612,stop_loss,stop_loss,losing_trades,1.6626972502770037,-0.5024389622629413,1.1067666874689484,-0.8774273514257173,False,False,False,False,False,False,True,False,False,False,True,False,1.6633340550453974,-0.5024389622629413,1.467834991148411,-0.5094796817609538,False,False,False,False,False,False,True,False,False,False,True,False,1.6881694410127737,-0.5024389622629413,1.0188876294305693,-0.9669807525081376,False,False,False,False,False,False,True,False,False,False,True,False,1.6881694410127737,-0.21269279264362612,0.7004852452335163,-1.2914495970096886,False,False,False,False,False,False,True,False,False,False,True,False,1.6881694410127737,4.563342970312167,-1.1806360406026843,-3.208411530324864,False,False,False,False,False,False,True,False,False,False,False,True,1.9957461441471223,4.563342970312167,-2.3160589426493705,-4.36546742981739,True,False,False,False,False,False,True,False,False,False,False,True,1.9957461441471223,19.25060814855383,-13.41174522714827,-15.672557723007438,True,False,False,False,False,False,True,False,False,False,False,True
3y,SUI/USDT:USDT,short,short_pullback_restart,2023-10-09T09:00:00+00:00,2023-10-17T13:00:00+00:00,0.429,0.3855,28.83655931,0.10000254695332346,roi,roi,winning_trades,3.138780804150454,-0.5706874189364554,1.7639429312581136,11.624941724941728,True,False,True,True,True,False,False,True,False,False,True,False,3.6057068741893703,-0.5706874189364554,3.5278858625162126,13.210023310023306,True,False,True,True,True,False,False,True,False,False,True,False,5.706874189364466,-0.5706874189364554,3.3203631647211496,13.023543123543128,True,True,True,True,True,False,False,True,False,False,True,False,6.2256809338521455,1.1413748378728963,4.69520103761349,14.258974358974355,True,True,True,True,True,False,False,True,False,False,True,False,6.2256809338521455,1.1413748378728963,2.101167315175096,11.927972027972023,True,True,True,True,True,False,False,True,False,False,True,False,6.2256809338521455,19.22178988326848,-14.78599221789883,-3.24685314685315,True,True,True,True,True,False,False,True,False,True,False,True,6.2256809338521455,24.228274967574574,-14.708171206225673,-3.1769230769230745,True,True,True,True,True,False,False,True,False,True,False,True
3y,ADA/USDT:USDT,long,long_1d_center_compression,2023-11-03T00:00:00+00:00,2023-11-03T01:00:00+00:00,0.3233,0.3169,-7.15081025,-0.020875481253971623,stop_loss,stop_loss,losing_trades,2.8400126222783237,1.7040075733669977,1.956453139791727,-0.16186204763376988,True,False,False,False,False,False,True,False,False,False,True,False,2.8400126222783237,1.7040075733669977,1.5146733985484286,-0.5948963810702106,True,False,False,False,False,False,True,False,False,False,True,False,4.291574629220574,1.7040075733669977,3.8813505837803652,1.7249304051964172,True,True,True,False,False,True,False,False,False,False,True,False,4.386241716629842,1.7040075733669977,3.628905017355636,1.4774822146613205,True,True,True,False,False,True,False,False,False,False,True,False,10.571158094035965,1.7040075733669977,9.40359734932155,7.137859573151882,True,True,True,True,True,True,False,False,False,False,True,False,22.18365414957399,1.7040075733669977,17.324076995897762,14.901546551190858,True,True,True,True,True,True,False,False,False,False,True,False,29.378352792679063,1.7040075733669977,19.312085831492574,16.850201051654814,True,True,True,True,True,True,False,False,False,False,True,False
3y,DOGE/USDT:USDT,long,long_1d_center_compression,2023-11-07T00:00:00+00:00,2023-11-07T00:00:00+00:00,0.07643,0.07491,-7.13634616,-0.020967051464794807,stop_loss,stop_loss,losing_trades,1.1346949672940725,2.04245094112936,0.654118275263637,-1.4476383618997817,False,False,False,False,False,False,True,False,False,False,True,False,1.415031370978496,2.8434120945134254,-1.5618742490989244,-3.619560382048931,False,False,False,False,False,False,True,False,False,False,False,True,1.415031370978496,4.552129221732759,-2.122547056467772,-4.169082820881855,False,False,False,False,False,False,True,False,False,False,False,True,3.29729008143105,4.552129221732759,1.3349352556401026,-0.7803611147455094,True,True,True,False,False,True,False,False,False,False,True,False,4.178347350153509,14.377252703243895,-1.8956080630089502,-3.946657071830431,True,True,True,False,False,True,False,False,False,True,False,True,9.437992257375507,14.377252703243895,-1.8021625951141422,-3.8550699986916106,True,True,True,True,True,True,False,False,False,True,False,True,16.98037645174208,14.377252703243895,4.565478574289137,2.385934842339394,True,True,True,True,True,True,False,False,False,False,True,False
3y,BTC/USDT:USDT,long,long_1d_center_compression,2023-10-24T00:00:00+00:00,2023-11-09T02:00:00+00:00,33074.0,36587.2,33.0904137,0.09999962738592003,roi,roi,winning_trades,0.8112126645384259,0.8800892115275288,0.25692045305462025,10.80645219810122,True,False,True,True,True,False,False,False,True,False,True,False,5.227784580399715,0.8800892115275288,3.6493637118992552,14.559248956884566,True,True,True,True,True,False,False,True,False,False,True,False,5.227784580399715,3.507237503826467,0.7964534044693267,11.403295640079817,True,True,True,True,True,False,False,True,False,False,True,False,5.227784580399715,3.507237503826467,1.486585472514982,12.166735199854866,True,True,True,True,True,False,False,True,False,False,True,False,5.227784580399715,3.507237503826467,0.928466786198464,11.549331801415013,True,True,True,True,True,False,False,True,False,False,True,False,5.227784580399715,5.851499978134414,2.585057069138942,13.38188909717603,True,True,True,True,True,False,False,True,False,False,True,False,5.227784580399715,5.851499978134414,2.0851554642060655,12.828886738828077,True,True,True,True,True,False,False,True,False,False,True,False
3y,ETH/USDT:USDT,long,long_1d_center_compression,2023-11-10T00:00:00+00:00,2023-11-10T12:00:00+00:00,2122.92,2080.47,-7.54531354,-0.02166121044683879,stop_loss,stop_loss,losing_trades,1.182425125091944,0.6955159170764202,0.7560791551908953,-1.3586437548282675,False,False,False,False,False,False,True,False,False,False,True,False,1.182425125091944,0.6955159170764202,-0.11055194258988246,-2.2079456597516627,False,False,False,False,False,False,True,False,False,False,False,True,1.182425125091944,2.858488706878725,-0.8993160199377825,-2.980937576545506,False,False,False,False,False,False,True,False,False,False,False,True,1.182425125091944,3.315116295836989,-1.650107908309166,-3.7167165978934666,False,False,False,False,False,False,True,False,False,False,False,True,1.182425125091944,3.315116295836989,-1.1545468091344737,-3.231064759859074,False,False,False,False,False,False,True,False,False,False,False,True,1.9000514306863452,7.713160968435008,-5.519425898955511,-7.50866353889925,False,False,False,False,False,False,True,False,False,False,False,True,2.37878940816259,8.491350512143885,1.0834090373809966,-1.0378591750984425,True,False,False,False,False,False,True,False,False,False,True,False
3y,BTC/USDT:USDT,long,long_1d_center_compression,2023-11-10T00:00:00+00:00,2023-11-14T01:00:00+00:00,36719.6,36270.3,-5.10566745,-0.015441695358742631,swing_exit_long_1d,exit_signal,losing_trades,1.2972045999068107,-0.236281475477173,1.1998797914547081,-0.13839911110142417,True,False,False,False,False,False,False,False,False,False,True,False,1.4050062999203163,0.18968687879615803,0.7116015031582273,-0.620702839900209,True,False,False,False,False,False,False,False,False,False,True,False,1.4050062999203163,5.028907949479326,-2.2770696685718104,-3.5728047146482997,True,False,False,False,False,False,False,False,False,False,False,True,4.768915614152617,5.028907949479326,3.269892997852237,1.9062854715193096,True,True,True,True,False,False,False,False,False,False,True,False,4.768915614152617,5.028907949479326,0.83181004844183,-0.5019651630192011,True,True,True,True,False,False,False,False,False,False,True,False,4.768915614152617,5.028907949479326,3.722604996374436,2.3534580986721028,True,True,True,True,False,False,False,False,False,False,True,False,5.940673222995114,5.028907949479326,2.537337711571163,1.1826937112604714,True,True,True,True,False,False,False,False,False,False,True,False
3y,NEAR/USDT:USDT,long,long_1d_center_compression,2023-12-03T00:00:00+00:00,2023-12-03T04:00:00+00:00,2.011,1.971,-7.21483345,-0.02097012581701798,stop_loss,stop_loss,losing_trades,2.891933028919327,-0.25367833587011124,1.6742770167427659,-0.44808552958727593,True,True,False,False,False,False,True,False,False,False,True,False,2.891933028919327,0.8625063419584031,0.05073566717401775,-2.039333664843369,True,True,False,False,False,False,True,False,False,False,True,False,8.168442415017758,0.9132420091324209,7.762557077625572,5.519094977623072,True,True,True,True,True,True,False,False,False,False,True,False,17.909690512430227,0.9132420091324209,16.083206494165385,13.674241670810524,True,True,True,True,True,True,False,False,False,False,True,False,19.482496194824954,0.9132420091324209,17.909690512430227,15.464395822973632,True,True,True,True,True,True,False,False,False,False,True,False,32.927447995941144,0.9132420091324209,27.498731608320636,24.862705121829922,True,True,True,True,True,True,False,False,False,False,True,False,32.927447995941144,0.9132420091324209,23.64282090309486,21.083490800596703,True,True,True,True,True,True,False,False,False,False,True,False
3y,ETH/USDT:USDT,long,long_1d_center_compression,2023-12-05T00:00:00+00:00,2023-12-05T07:00:00+00:00,2243.67,2198.79,-7.19348981,-0.021082396201455873,stop_loss,stop_loss,losing_trades,0.9264186211507189,0.39840093869809134,0.09323309638483811,-2.0089260007042,False,False,False,False,False,False,True,False,False,False,True,False,5.12645591438929,0.39840093869809134,3.409147758539926,1.2406606140831729,True,True,True,True,False,True,False,False,False,False,True,False,5.284269984855309,0.39840093869809134,3.0753277939230164,0.9135180307264339,True,True,True,True,False,True,False,False,False,False,True,False,5.284269984855309,0.39840093869809134,2.8729437554291257,0.7151822683371423,True,True,True,True,False,True,False,False,False,False,True,False,9.034514437486076,0.39840093869809134,7.103907148931904,4.8615139481296135,True,True,True,True,True,True,False,False,False,False,True,False,9.4979511458575,3.827559703291349,1.5976969151215037,-0.5345558838866677,True,True,True,True,True,True,False,False,False,False,True,False,9.4979511458575,3.827559703291349,2.26397245757895,0.11839218779945761,True,True,True,True,True,True,False,False,False,False,True,False
3y,BTC/USDT:USDT,long,long_1d_center_compression,2024-01-03T00:00:00+00:00,2024-01-03T11:00:00+00:00,44979.7,44080.3,-6.72809798,-0.021358001854785612,stop_loss,stop_loss,losing_trades,-0.7747224950828374,8.501076444579557,-2.644718842657611,-4.6914045669490845,False,False,False,False,False,False,True,False,False,False,False,True,-0.7747224950828374,8.501076444579557,-2.7921770042399956,-4.835914201295245,False,False,False,False,False,False,True,False,False,False,False,True,-0.7747224950828374,8.501076444579557,-2.0238065530407137,-4.0829078450945655,False,False,False,False,False,False,True,False,False,False,False,True,1.725260490513903,8.501076444579557,-0.7041694362334228,-2.7896577789536074,False,False,False,False,False,False,True,False,False,False,False,True,1.725260490513903,8.501076444579557,-0.9326161573310657,-3.013536550932977,False,False,False,False,False,False,True,False,False,False,False,True,9.1190395709648,8.501076444579557,3.2892244381276763,1.1238854416547908,True,True,True,True,True,True,False,False,False,False,True,False,11.22315410739037,8.501076444579557,-3.1744339308035627,-5.210527638023369,True,True,True,True,True,True,False,False,False,True,False,True
3y,ZEC/USDT:USDT,short,short_pullback_restart,2023-12-31T21:00:00+00:00,2024-01-03T12:00:00+00:00,27.77,25.05,17.82267256,0.0999092848145256,roi,roi,winning_trades,6.067864271457084,-0.15968063872255148,2.5548902195608805,11.999387828592004,True,False,True,True,True,False,False,True,False,False,True,False,6.067864271457084,1.357285429141716,0.35928143712574795,10.018833273316524,True,False,True,True,True,False,False,True,False,False,True,False,6.067864271457084,1.4770459081836367,1.7964071856287396,11.315196254951381,True,False,True,True,True,False,False,True,False,False,True,False,12.015968063872261,1.4770459081836367,6.626746506986028,15.672416276557433,True,False,True,True,True,False,False,True,False,False,True,False,12.015968063872261,1.4770459081836367,9.740518962075853,18.481202736766296,True,False,True,True,True,False,False,True,False,False,True,False,25.668662674650694,1.4770459081836367,21.117764471057882,28.744076341375578,True,True,True,True,True,False,False,True,False,False,True,False,25.668662674650694,1.8762475049900154,7.704590818363272,16.644688512783574,True,True,True,True,True,False,False,True,False,False,True,False
3y,BTC/USDT:USDT,short,short_compression_breakdown,2024-01-19T17:00:00+00:00,2024-01-19T18:00:00+00:00,40408.6,41641.0,-6.367124,-0.0315294722142182,stop_loss,stop_loss,losing_trades,0.43826997430417136,1.3352224970581879,0.3604620446194821,-2.77839024366101,False,False,False,False,False,False,True,False,False,False,True,False,0.43826997430417136,1.3352224970581879,-0.06724142071516054,-3.219138005276108,False,False,False,False,False,False,True,False,False,False,False,True,0.45003722292932796,1.3352224970581879,0.07948896520256128,-3.067932568809617,False,False,False,False,False,False,True,False,False,False,True,False,0.45003722292932796,1.3352224970581879,-0.09389784107009569,-3.2466074053543057,False,False,False,False,False,False,True,False,False,False,False,True,4.024879325664609,1.3352224970581879,3.1706731346509516,0.11752795197062373,True,True,True,False,False,True,False,False,False,False,True,False,7.434979947647751,1.3352224970581879,-1.0633750390240457,-4.245652163153399,True,True,True,True,False,True,False,False,False,True,False,True,7.434979947647751,5.396124012391633,-3.04963857736366,-6.292493677088548,True,True,True,True,False,True,False,False,False,True,False,True
3y,XRP/USDT:USDT,short,short_compression_breakdown,2024-01-19T15:00:00+00:00,2024-01-20T23:00:00+00:00,0.5445,0.5532,-5.6993406,-0.016593796089844803,stop_loss,stop_loss,losing_trades,0.7592190889370899,0.39768618944323564,0.12653651482285502,-1.5692378328741978,False,False,False,False,False,False,True,False,False,False,True,False,0.7592190889370899,0.39768618944323564,0.12653651482285502,-1.5692378328741978,False,False,False,False,False,False,True,False,False,False,True,False,1.4642082429501075,0.39768618944323564,1.2111352133044178,-0.4673094582185495,False,False,False,False,False,False,True,False,False,False,True,False,6.5437454808387585,0.39768618944323564,4.627621113521342,3.003764921946745,True,True,True,True,True,True,False,False,False,False,True,False,10.37599421547361,0.39768618944323564,6.362979031091831,4.76685032139577,True,True,True,True,True,True,False,False,False,False,True,False,10.37599421547361,0.39768618944323564,4.175704989154014,2.544628099173548,True,True,True,True,True,True,False,False,False,False,True,False,12.509038322487353,0.39768618944323564,6.254519161243686,4.656657483930218,True,True,True,True,True,True,False,False,False,False,True,False
3y,ADA/USDT:USDT,short,short_pullback_restart,2024-01-18T11:00:00+00:00,2024-01-21T12:00:00+00:00,0.5159,0.5173,-0.76910499,-0.0028302623070878647,stale_loss_72h,timeout,losing_trades,1.585153682582638,0.6185965590566366,0.9665571235260012,0.5978096530335427,True,False,True,False,False,False,False,False,False,False,True,False,3.2089696501063116,0.6185965590566366,2.3970616663444746,2.03219616204691,True,False,True,False,False,False,False,False,False,False,True,False,6.224627875507444,0.6185965590566366,4.291513628455442,3.93178910641598,True,False,True,True,True,False,False,False,False,False,True,False,12.71989174560216,0.6185965590566366,11.250724917842641,10.90988563675131,True,True,True,True,True,False,False,False,False,False,True,False,13.512468586893478,0.6185965590566366,8.525033829499318,8.176797829036637,True,True,True,True,True,False,False,False,False,False,True,False,13.512468586893478,0.6185965590566366,4.252851343514394,3.893021903469666,True,True,True,True,True,False,False,False,False,False,True,False,13.512468586893478,3.7695727817514157,1.9524453895225204,1.5863733281643806,True,True,True,True,True,False,False,False,False,False,True,False
3y,NEAR/USDT:USDT,short,short_pullback_restart,2024-01-21T16:00:00+00:00,2024-01-22T15:00:00+00:00,2.963,2.665,23.98115651,0.09997022156616073,roi,roi,winning_trades,2.851782363977488,2.6641651031894997,-0.15009380863039412,9.822375970300373,True,True,True,True,True,False,False,False,True,False,False,True,2.851782363977488,2.6641651031894997,-1.3883677298311414,8.708639892001353,True,True,True,True,True,False,False,False,True,False,False,True,8.142589118198877,2.6641651031894997,0.8630393996247704,10.733614579817758,True,True,True,True,True,False,False,True,False,False,True,False,8.142589118198877,2.6641651031894997,2.3639774859287117,12.083597705028694,True,True,True,True,True,False,False,True,False,False,True,False,8.142589118198877,2.926829268292677,1.613508442776741,11.408606142423226,True,True,True,True,True,False,False,True,False,False,True,False,8.142589118198877,15.38461538461539,-10.506566604127572,0.5074924063449288,True,True,True,True,True,False,False,True,False,True,False,True,8.142589118198877,21.350844277673545,-2.889305816135083,7.358656766790419,True,True,True,True,True,False,False,True,False,True,False,True
3y,ADA/USDT:USDT,short,short_compression_breakdown,2024-01-22T20:00:00+00:00,2024-01-26T12:00:00+00:00,0.4822,0.4833,-0.4115386,-0.0022064272184663856,stale_loss_72h,timeout,losing_trades,1.0345541071798063,1.448375750051729,-0.4965859714463094,-0.8258399004562428,True,False,False,False,False,False,False,False,False,False,False,True,1.0345541071798063,1.448375750051729,-0.7862611214566461,-1.1161758606387309,True,False,False,False,False,False,False,False,False,False,False,True,1.6759776536312843,1.448375750051729,0.041382164287199145,-0.2866445458315961,True,False,True,False,False,False,False,False,False,False,False,True,1.6759776536312843,3.5795572108421347,-2.4829298572315355,-2.816715055993364,True,False,True,False,False,False,False,False,False,False,False,True,1.6759776536312843,3.5795572108421347,-0.7862611214566461,-1.1161758606387309,True,False,True,False,False,False,False,False,False,False,False,True,1.6759776536312843,11.069728946823929,-6.290088971653225,-6.6325591041061855,True,False,True,False,False,False,False,False,False,False,False,True,1.965652803641632,13.34574798261948,-11.649079246844602,-12.003774367482361,True,False,True,False,False,False,False,False,False,False,False,True
3y,BTC/USDT:USDT,short,short_pullback_restart,2024-01-22T02:00:00+00:00,2024-01-26T15:00:00+00:00,41363.9,41581.1,-1.65323326,-0.004998501985260918,stale_loss_72h,timeout,losing_trades,0.474494421744484,1.5829307064988765,-0.951874770027736,-1.5819685764640181,False,False,False,False,False,False,False,False,False,False,False,True,0.474494421744484,1.5829307064988765,-0.5389467811096834,-1.1668723210335477,False,False,False,False,False,False,False,False,False,False,False,True,0.5314914708846087,1.5829307064988765,-0.5201882586078841,-1.1480152983640324,True,False,False,False,False,False,False,False,False,False,False,True,0.5314914708846087,3.017957677887313,-1.5954363881667428,-2.2289095080492856,True,False,False,False,False,False,False,False,False,False,False,True,0.5314914708846087,3.017957677887313,-2.5061867050174205,-3.144442134324847,True,False,False,False,False,False,False,False,False,False,False,True,0.5314914708846087,5.547953276849341,-3.9484284927527242,-4.594257069570326,True,False,False,False,False,False,False,False,False,False,False,True,0.5314914708846087,14.714377445522128,-13.361358886609548,-14.056614342458037,True,False,False,False,False,False,False,False,False,False,False,True
3y,ETH/USDT:USDT,short,short_pullback_restart,2024-01-29T14:00:00+00:00,2024-01-29T16:00:00+00:00,2243.59,2280.04,-5.92658198,-0.01716158047887621,stop_loss,stop_loss,losing_trades,-0.47455307801618235,1.8635637971263768,-1.337695829897721,-3.0840568018220713,False,False,False,False,False,False,True,False,False,False,False,True,-0.47455307801618235,2.089437027420566,-1.3425203066612923,-3.088959658404608,False,False,False,False,False,False,True,False,False,False,False,True,-0.47455307801618235,3.913527832845039,-3.891159804213972,-5.6790050766851365,False,False,False,False,False,False,True,False,False,False,False,True,0.03508710373503017,4.947281626638137,-2.8359151593831626,-4.606616627815228,False,False,False,False,False,False,True,False,False,False,False,True,1.8876861809441925,4.947281626638137,-0.4982368730373207,-2.2309597564617394,True,False,False,False,False,False,True,False,False,False,False,True,1.8876861809441925,4.947281626638137,-0.889019490886124,-2.6280911396467177,True,False,False,False,False,False,True,False,False,False,False,True,1.8876861809441925,12.426536376554795,-11.929176681110869,-13.847609857416018,True,False,False,False,False,False,True,False,False,False,False,True
3y,XRP/USDT:USDT,short,short_pullback_restart,2024-01-22T00:00:00+00:00,2024-01-31T14:00:00+00:00,0.5465,0.4928,33.92511114,0.10006139861597263,roi,roi,winning_trades,-1.3189935064935077,4.241071428571434,-2.5568181818181706,7.4205855443732895,True,False,True,True,True,False,False,False,True,False,False,True,0.3246753246753227,4.241071428571434,-0.9740259740259681,8.847849954254345,True,False,True,True,True,False,False,False,True,False,False,True,0.6087662337662343,4.241071428571434,-1.3798701298701244,8.48188472095151,True,False,True,True,True,False,False,False,True,False,False,True,0.6087662337662343,4.241071428571434,-1.4204545454545465,8.445288197621219,True,False,True,True,True,False,False,False,True,False,False,True,0.6087662337662343,6.899350649350655,-5.702110389610392,4.584354986276296,True,False,True,True,True,False,False,False,True,False,False,True,0.6087662337662343,6.899350649350655,-1.9480519480519363,7.969533394327543,True,False,True,True,True,False,False,False,True,False,False,True,0.6087662337662343,9.273538961038954,-8.441558441558435,2.114089661482159,True,False,True,True,True,False,False,False,True,False,False,True
3y,ZEC/USDT:USDT,short,short_compression_breakdown,2024-02-04T23:00:00+00:00,2024-02-06T23:00:00+00:00,21.4,19.25,29.68355745,0.10016427368009344,roi,roi,winning_trades,0.8831168831168921,3.2727272727272676,-2.1818181818181905,7.984112149532696,True,True,True,True,True,False,False,False,True,False,False,True,0.8831168831168921,4.207792207792202,-3.844155844155836,6.488785046728973,True,True,True,True,True,False,False,False,True,False,False,True,0.8831168831168921,8.987012987012989,-8.051948051948056,2.7037383177569994,True,True,True,True,True,False,False,False,True,False,False,True,0.8831168831168921,8.987012987012989,-8.415584415584421,2.3766355140186803,True,True,True,True,True,False,False,False,True,False,False,True,0.8831168831168921,10.233766233766229,-9.766233766233762,1.1616822429906521,True,True,True,True,True,False,False,False,True,False,False,True,0.8831168831168921,10.753246753246755,-8.415584415584421,2.3766355140186803,True,True,True,True,True,False,False,False,True,False,False,True,0.8831168831168921,42.38961038961039,-28.935064935064936,-16.081308411214962,True,True,True,True,True,False,False,False,True,False,False,True
3y,BTC/USDT:USDT,long,long_1d_center_compression,2024-02-08T00:00:00+00:00,2024-02-12T15:00:00+00:00,44326.3,48864.2,35.47862313,0.09999958456846775,roi,roi,winning_trades,3.1700099459317865,-1.1202475431911327,1.9873445180725475,12.328287495234205,True,True,True,True,True,False,False,True,False,False,True,False,3.201935159073526,-1.1202475431911327,1.9433450256015772,12.279783559647433,True,True,True,True,True,False,False,True,False,False,True,False,3.201935159073526,1.040025212732424,-0.22736481923371007,9.88684753746646,True,True,True,True,True,False,False,True,False,True,False,True,6.622025941282173,1.1525820539372325,5.632344333888623,16.346443759122682,True,True,True,True,True,False,False,True,False,False,True,False,8.175310349908528,1.1525820539372325,6.35332206400596,17.141231503644548,True,True,True,True,True,False,False,True,False,False,True,False,8.175310349908528,1.1525820539372325,6.739699002541745,17.567163738006546,True,True,True,True,True,False,False,True,False,False,True,False,8.64989092218844,1.1525820539372325,8.20252864059988,19.17975039649147,True,True,True,True,True,False,False,True,False,False,True,False
3y,SOL/USDT:USDT,long,long_1d_center_compression,2024-02-09T00:00:00+00:00,2024-02-13T00:00:00+00:00,102.742,113.259,32.68852836,0.10000072313964938,roi,roi,winning_trades,1.267007478434387,0.3646509328176981,0.5500666613690786,10.742693348387222,True,False,True,True,True,False,False,False,True,False,True,False,1.8312010524549907,0.3646509328176981,0.31167501037444656,10.479899164898473,True,True,True,True,True,False,False,False,True,False,True,False,1.8312010524549907,4.377577057893853,-1.7552688969530013,8.201376262872044,True,True,True,True,True,False,False,False,True,False,False,True,4.924994923140769,4.377577057893853,4.22924447505276,14.798483580230092,True,True,True,True,True,False,False,True,False,False,True,False,4.924994923140769,4.377577057893853,0.11478116529370333,10.26285063557259,True,True,True,True,True,False,False,True,False,False,True,False,4.924994923140769,6.805640169876123,-2.1313979463000745,7.786745440034255,True,True,True,True,True,False,False,True,False,True,False,True,4.924994923140769,13.031193988998668,-2.120802761811424,7.798425181522643,True,True,True,True,True,False,False,True,False,True,False,True
3y,BNB/USDT:USDT,long,long_1d_center_compression,2024-02-09T00:00:00+00:00,2024-02-15T10:00:00+00:00,318.54,347.22,36.64814827,0.09999381240312004,roi,roi,winning_trades,5.523875352802243,0.7257646448937384,2.4220955014111993,11.543749607584596,True,True,True,True,True,False,False,True,False,False,True,False,5.523875352802243,0.7257646448937384,1.1059270779332915,10.109078922584285,True,True,True,True,True,False,False,True,False,False,True,False,5.7283566614826285,0.7257646448937384,2.666897068141233,11.810592076348337,True,True,True,True,True,False,False,True,False,False,True,False,5.7283566614826285,0.7257646448937384,2.47105581475721,11.597118101337347,True,True,True,True,True,False,False,True,False,False,True,False,5.7283566614826285,0.7257646448937384,2.367375151200959,11.484102467507999,True,True,True,True,True,False,False,True,False,False,True,False,11.401992972755018,0.7257646448937384,9.570301249927986,19.335549695485643,True,True,True,True,True,False,False,True,False,False,True,False,22.95374690398018,0.7257646448937384,18.90444098842232,29.51009606328875,True,True,True,True,True,False,False,True,False,False,True,False
3y,BTC/USDT:USDT,long,long_1d_center_compression,2024-02-27T00:00:00+00:00,2024-02-28T13:00:00+00:00,54511.7,60123.8,38.17695437,0.09999917562201942,roi,roi,winning_trades,6.946001417076094,1.8691433342536614,1.5118804865959903,11.86275295028408,True,True,True,True,True,False,False,True,False,False,True,False,6.946001417076094,1.8691433342536614,2.256843379826282,12.684411419933703,True,True,True,True,True,False,False,True,False,False,True,False,6.946001417076094,1.8691433342536614,4.790781687118901,15.479224276623185,True,True,True,True,True,False,False,True,False,False,True,False,6.946001417076094,1.8691433342536614,3.9691436669006186,14.57299680619023,True,True,True,True,True,False,False,True,False,False,True,False,6.946001417076094,1.8691433342536614,2.8943613011818896,13.387563220372881,True,True,True,True,True,False,False,True,False,False,True,False,15.345337453720484,1.8691433342536614,10.428981534766603,21.697889260470703,True,True,True,True,True,False,False,True,False,False,True,False,22.67188700647663,1.8691433342536614,20.152086195483314,32.42200903659215,True,True,True,True,True,False,False,True,False,False,True,False
3y,NEAR/USDT:USDT,long,long_1d_center_compression,2024-03-26T00:00:00+00:00,2024-03-27T15:00:00+00:00,7.46,7.311,-9.51303171,-0.023173964346123305,stop_loss,stop_loss,losing_trades,0.12310217480509288,2.817672001094235,-0.8343591847900416,-2.915013404825737,False,False,False,False,False,False,True,False,False,False,False,True,1.1352756120913716,2.817672001094235,-1.0942415538230075,-3.1697050938337816,False,False,False,False,False,False,True,False,False,False,False,True,1.928600738613049,2.817672001094235,0.3829845438380587,-1.7219839142091093,False,False,False,False,False,False,True,False,False,False,True,False,1.928600738613049,5.60798796334291,-4.568458487211046,-6.5745308310991915,False,False,False,False,False,False,True,False,False,False,False,True,1.928600738613049,6.209820817945558,-2.5851456709068534,-4.630831099195712,False,False,False,False,False,False,True,False,False,False,False,True,1.928600738613049,17.931883463274517,-8.466694022705509,-10.394906166219837,False,False,False,False,False,False,True,False,False,False,False,True,5.4985638079606085,17.931883463274517,-6.9347558473532995,-8.893565683646107,True,False,True,True,False,True,False,False,False,True,False,True
3y,SUI/USDT:USDT,long,long_1d_center_compression,2024-03-28T00:00:00+00:00,2024-03-28T00:00:00+00:00,2.0778,2.0363,-8.86558658,-0.02146291834938216,stop_loss,stop_loss,losing_trades,0.45179983303049026,3.0103619309532053,-0.5794823945391165,-2.665213206275854,False,False,False,False,False,False,True,False,False,False,False,True,0.7415410303000486,3.7273486225016104,-2.6125816431763553,-4.65770526518432,False,False,False,False,False,False,True,False,False,False,False,True,3.48180523498502,3.7273486225016104,2.8679467661935756,0.7133602849167454,True,False,True,False,False,True,False,False,False,False,True,False,5.554191425624895,7.960516623287341,-6.300643323675308,-8.272105111175279,True,False,True,True,False,True,False,False,False,True,False,True,5.554191425624895,8.240436085056237,-7.621666748514473,-9.566743671190677,True,False,True,True,False,True,False,False,False,True,False,True,5.554191425624895,19.57962972057164,-16.5643569218681,-18.33082106073731,True,False,True,True,False,True,False,False,False,True,False,True,5.554191425624895,28.30133084516035,-25.300790649707817,-26.89276157474252,True,False,True,True,False,True,False,False,False,True,False,True
3y,BTC/USDT:USDT,long,long_1d_center_compression,2024-04-09T00:00:00+00:00,2024-04-09T07:00:00+00:00,71678.3,70244.9,-7.59676278,-0.02118623431875916,stop_loss,stop_loss,losing_trades,1.143712924354663,1.008044712142791,-0.37739394603735116,-2.4696153508104963,False,False,False,False,False,False,True,False,False,False,False,True,1.143712924354663,2.88832356512714,-1.7014758366799543,-3.7672186700856543,False,False,False,False,False,False,True,False,False,False,False,True,1.143712924354663,2.88832356512714,-1.2289860189138122,-3.304177554434183,False,False,False,False,False,False,True,False,False,False,False,True,1.661757650733367,3.841844746024263,0.7747181645927487,-1.3405428142129445,False,False,False,False,False,False,True,False,False,False,True,False,1.661757650733367,3.841844746024263,0.827106309497202,-1.2892023108807111,False,False,False,False,False,False,True,False,False,False,True,False,1.661757650733367,15.079244187122477,-9.619203671725625,-11.52661028512116,False,False,False,False,False,False,True,False,False,False,False,True,1.661757650733367,15.237974571819443,-5.929256074106448,-7.9104530938931426,False,False,False,False,False,False,True,False,False,False,False,True
3y,ZEC/USDT:USDT,short,short_pullback_restart,2024-04-12T14:00:00+00:00,2024-04-12T18:00:00+00:00,26.24,23.6,26.83225,0.09981288234837228,roi,roi,winning_trades,8.686440677966104,-0.04237288135593883,1.8644067796610222,11.637804878048774,True,False,True,True,True,False,False,True,False,False,True,False,8.686440677966104,0.5084745762711755,-0.423728813559313,9.579878048780484,True,False,True,True,True,False,False,True,False,True,False,True,8.686440677966104,1.2288135593220302,3.00847457627119,12.66676829268292,True,False,True,True,True,False,False,True,False,False,True,False,25.16949152542373,1.2288135593220302,9.87288135593221,18.8405487804878,True,True,True,True,True,False,False,True,False,False,True,False,25.16949152542373,1.2288135593220302,12.288135593220348,21.01280487804878,True,True,True,True,True,False,False,True,False,False,True,False,25.16949152542373,1.2288135593220302,5.423728813559327,14.839024390243896,True,True,True,True,True,False,False,True,False,False,True,False,25.16949152542373,3.983050847457617,2.4576271186440755,12.171341463414631,True,True,True,True,True,False,False,True,False,False,True,False
3y,BTC/USDT:USDT,short,short_compression_breakdown,2024-04-25T11:00:00+00:00,2024-04-25T17:00:00+00:00,63438.4,64807.3,-8.59375245,-0.022588977327449064,stop_loss,stop_loss,losing_trades,0.6216892232819473,0.7148886005125898,0.5068873413951823,-1.740016141642919,False,False,False,False,False,False,True,False,False,False,True,False,1.4864066239451463,0.7148886005125898,0.4323587003316052,-1.8161529925092643,False,False,False,False,False,False,True,False,False,False,True,False,2.338934039838109,0.7148886005125898,1.2703815773840337,-0.9600469116497241,True,False,False,False,False,False,True,False,False,False,True,False,3.8182426979676674,0.7148886005125898,2.2006780100389993,-0.00967615828898127,True,True,True,False,False,True,False,False,False,False,True,False,3.8182426979676674,0.7148886005125898,1.6621584296830825,-0.5598161365986487,True,True,True,False,False,True,False,False,False,False,True,False,12.760290893155563,0.7148886005125898,8.69855710699258,6.628416857928324,True,True,True,True,True,True,False,False,False,False,True,False,12.760290893155563,1.068861069663444,4.461380122301041,2.299808317990368,True,True,True,True,True,True,False,False,False,False,True,False
3y,XRP/USDT:USDT,short,short_compression_breakdown,2024-04-25T11:00:00+00:00,2024-04-25T20:00:00+00:00,0.5169,0.5317,-8.39189055,-0.029559887959127614,trailing_stop_loss,trailing_stop_loss,losing_trades,2.8399473387248455,0.11284558961821421,0.8087267255971358,-2.1313406848519936,True,False,False,False,False,False,True,False,False,False,True,False,2.8399473387248455,0.7711115290577589,1.2789166823396498,-1.6476881408396222,True,False,False,False,False,False,True,False,False,False,True,False,3.3477524920067574,0.7711115290577589,0.7334963325183194,-2.2087250918939874,True,False,False,False,False,True,False,False,False,False,True,False,4.77712996050404,0.7711115290577589,2.463795373330826,-0.4288837299284047,True,True,True,False,False,True,False,False,False,False,True,False,4.77712996050404,0.7711115290577589,2.444987775061106,-0.4482298316889193,True,True,True,False,False,True,False,False,False,False,True,False,10.250141056987012,0.7711115290577589,2.050028211397388,-0.8544979686593179,True,True,True,True,True,True,False,False,False,False,True,False,10.250141056987012,7.203310137295468,2.4261801767914073,-0.4675759334494125,True,True,True,True,True,True,False,False,False,False,True,False
3y,LINK/USDT:USDT,short,short_compression_breakdown,2024-04-27T17:00:00+00:00,2024-04-27T18:00:00+00:00,13.879,14.324,-9.05807259,-0.0330954078340834,stop_loss,stop_loss,losing_trades,1.7662664060318356,-0.083775481709023,0.20943870427254507,-3.0901289718279483,False,False,False,False,False,False,True,False,False,False,True,False,1.7662664060318356,0.7679419156660111,0.0418877408545115,-3.263052093090281,False,False,False,False,False,False,True,False,False,False,True,False,2.289863166713204,0.7679419156660111,0.9285115889416303,-2.348000576410413,False,False,False,False,False,False,True,False,False,False,True,False,4.356325048869035,0.7679419156660111,2.8553476682490975,-0.3593846818935052,True,True,True,False,False,True,False,False,False,False,True,False,10.639486177045512,0.7679419156660111,9.187377827422512,6.175668275812382,True,True,True,True,True,True,False,False,False,False,True,False,13.480871265009768,1.0611561016475917,-0.3769896676905911,-3.695359896246132,True,True,True,True,True,True,False,False,False,True,False,True,13.480871265009768,5.8503211393465575,6.017872102764592,2.904539231933135,True,True,True,True,True,True,False,False,False,False,True,False
3y,ADA/USDT:USDT,short,short_compression_breakdown,2024-04-25T11:00:00+00:00,2024-04-28T12:00:00+00:00,0.4639,0.4676,-1.96062422,-0.008594529162049816,stale_loss_72h,timeout,losing_trades,0.36355859709153865,1.069289991445681,-0.8340461933276218,-1.7382841129553777,False,False,False,False,False,False,False,False,False,False,False,True,2.0530367835757053,1.069289991445681,1.261762189905906,0.374240137960763,True,False,True,False,False,False,False,False,False,False,True,False,4.61933276304534,1.069289991445681,2.694610778443114,1.8185169217503694,True,False,True,True,False,False,False,False,False,False,True,False,9.1103507271172,1.069289991445681,8.019674935842607,7.1860530286699715,True,True,True,True,True,False,False,False,False,False,True,False,10.585970915312231,1.069289991445681,5.517536355859707,4.663957749514972,True,True,True,True,True,False,False,False,False,False,True,False,10.585970915312231,1.753635585970912,2.544910179640723,1.6676223323992208,True,True,True,True,True,False,False,False,False,False,True,False,10.585970915312231,1.8177929854576576,5.838323353293411,4.987303298124586,True,True,True,True,True,False,False,False,False,False,True,False
3y,LINK/USDT:USDT,short,short_pullback_restart,2024-04-28T23:00:00+00:00,2024-05-01T08:00:00+00:00,13.861,12.464,30.65228594,0.10002311685222857,roi,roi,winning_trades,-0.9868421052631524,4.717586649550699,-3.65853658536585,6.688831974605011,True,False,True,True,True,False,False,False,True,False,False,True,-0.9868421052631524,8.400192554557115,-5.2390885750962815,5.26757809681841,True,False,True,True,True,False,False,False,True,False,False,True,-0.9868421052631524,8.400192554557115,-7.036264441591775,3.6515330784214797,True,False,True,True,True,False,False,False,True,False,False,True,-0.9868421052631524,10.622593068035941,-8.54460847240051,2.295209580838329,True,False,True,True,True,False,False,False,True,False,False,True,-0.9868421052631524,14.040436456996147,-13.510911424903716,-2.1705576798210737,True,False,True,True,True,False,False,False,True,False,False,True,-0.9868421052631524,21.646341463414636,-11.440949935815148,-0.30922011398888904,True,False,True,True,True,False,False,False,True,False,False,True,-0.9868421052631524,21.646341463414636,-4.629332477535302,5.815879085203089,True,False,True,True,True,False,False,False,True,False,False,True
3y,XRP/USDT:USDT,short,short_pullback_restart,2024-04-30T09:00:00+00:00,2024-05-01T19:00:00+00:00,0.5009,0.5204,-8.92712687,-0.03981931525635797,stop_loss,stop_loss,losing_trades,2.517294388931591,-0.09607993850882877,1.6525749423520257,-2.276083050509088,False,False,False,False,False,False,True,False,False,False,True,False,2.671022290545739,-0.09607993850882877,1.3259031514219863,-2.6154721501297553,False,False,False,False,False,False,True,False,False,False,True,False,2.671022290545739,0.5764796310530367,-0.48039969254420783,-4.49209423038531,False,False,False,False,False,False,True,False,False,False,False,True,2.671022290545739,1.998462720983873,-1.8831667947732573,-5.949470952285884,False,False,False,False,False,False,True,False,False,False,False,True,2.671022290545739,3.920061491160641,-2.4788624135280597,-6.568356957476539,False,False,False,False,False,False,True,False,False,False,False,True,2.671022290545739,9.53112990007686,-0.9031514219830972,-4.931303653423837,False,False,False,False,False,False,True,False,False,False,False,True,6.591083781706379,9.53112990007686,0.40353574173712353,-3.5737472549411002,True,False,True,False,False,True,False,False,False,False,True,False
3y,SUI/USDT:USDT,short,short_compression_breakdown,2024-05-05T02:00:00+00:00,2024-05-05T14:00:00+00:00,1.0687,1.1006,-7.41760552,-0.030794884466379444,trailing_stop_loss,trailing_stop_loss,losing_trades,0.6632745775031877,1.880792295111752,0.3452662184263153,-2.7293627772059526,False,False,False,False,False,False,True,False,False,False,True,False,1.0812284208613503,3.734326730874061,-0.5905869525713202,-3.6931505567511924,False,False,False,False,False,False,True,False,False,False,False,True,1.7626749045974999,4.688351808104658,1.0267127021624647,-2.0275755590904794,False,False,False,False,False,False,True,False,False,False,True,False,2.1715427948391817,4.688351808104658,-2.9256769035071786,-6.097941424160199,False,False,False,False,False,False,True,False,False,False,False,True,5.905869525713242,4.688351808104658,2.3986916227512247,-0.6146439599513485,True,True,True,True,False,True,False,False,False,False,True,False,11.648191895329818,4.688351808104658,8.177357804833735,5.336511649667824,True,True,True,True,True,True,False,False,False,False,True,False,19.662002544066876,4.688351808104658,6.187534072324191,3.2872929727706572,True,True,True,True,True,True,False,False,False,False,True,False
3y,ADA/USDT:USDT,short,short_compression_breakdown,2024-05-08T00:00:00+00:00,2024-05-08T14:00:00+00:00,0.4412,0.4561,-8.96616751,-0.03481574549337039,stop_loss,stop_loss,losing_trades,1.0304757728568257,2.784477088357814,0.2192501644376235,-3.250498640072535,False,False,False,False,False,False,True,False,False,False,True,False,1.2058759044069294,2.784477088357814,-1.403201052400793,-4.927742520398922,False,False,False,False,False,False,True,False,False,False,False,True,2.0828765621574235,2.784477088357814,0.8112256084192021,-2.6385312783318327,False,False,False,False,False,False,True,False,False,False,True,False,2.214426660819995,2.784477088357814,1.4689761017320728,-1.9585675430643792,False,False,False,False,False,False,True,False,False,False,True,False,3.4860776145582166,2.784477088357814,3.0037272527954375,-0.3719854941069888,True,False,False,False,False,True,False,False,False,False,True,False,6.90638017978514,2.784477088357814,2.4117518088138588,-0.9839528558476915,True,True,True,True,False,True,False,False,False,False,True,False,6.90638017978514,11.992983994738001,-5.481254110940588,-9.143517679057128,True,True,True,True,False,True,False,False,False,True,False,True
3y,BTC/USDT:USDT,short,short_compression_breakdown,2024-05-08T23:00:00+00:00,2024-05-09T22:00:00+00:00,61226.8,62900.8,-8.63036954,-0.028205579528708738,trailing_stop_loss,trailing_stop_loss,losing_trades,0.42543179101061646,0.6686719405794498,-0.009061887925109202,-2.8434064821287364,False,False,False,False,False,False,True,False,False,False,False,True,0.42543179101061646,0.7387823366316439,-0.1688372802889583,-3.007550288435778,False,False,False,False,False,False,True,False,False,False,False,True,4.425062956274008,0.8675565334622088,3.3061582682573287,0.5624550033645491,True,True,True,False,False,True,False,False,False,False,True,False,4.425062956274008,0.8675565334622088,3.2131546816574765,0.4669086086485098,True,True,True,False,False,True,False,False,False,False,True,False,4.425062956274008,0.8675565334622088,2.5290616335563345,-0.23588820581836234,True,True,True,False,False,True,False,False,False,False,True,False,4.425062956274008,6.198967262737512,-3.9560705110268777,-6.898330143009261,True,True,True,False,False,True,False,False,False,True,False,True,4.425062956274008,14.677078828886117,-7.64648462340701,-10.689643750775799,True,True,True,False,False,True,False,False,False,True,False,True
3y,LINK/USDT:USDT,short,short_pullback_restart,2024-05-11T21:00:00+00:00,2024-05-13T08:00:00+00:00,13.357,13.649,-8.96322414,-0.022643723059352947,trailing_stop_loss,trailing_stop_loss,losing_trades,2.2199428529562537,-0.13187779324491836,1.3334310205875788,-0.9235382196601125,True,False,False,False,False,False,True,False,False,False,True,False,2.7914132903509303,0.13187779324493137,1.1502674188585118,-1.1107059968555932,True,False,False,False,False,False,True,False,False,False,True,False,4.117517766869364,0.13187779324493137,1.2015532273426603,-1.0582990192408486,True,False,True,False,False,True,False,False,False,False,True,False,5.971133416367496,0.13187779324493137,4.454538794050837,2.2658007037508345,True,True,True,True,False,True,False,False,False,False,True,False,5.971133416367496,3.0038830683566573,-1.4799619019708532,-3.7984352773826577,True,True,True,True,False,True,False,False,False,True,False,True,5.971133416367496,26.133782694702923,-22.360612499084194,-25.13556187766715,True,True,True,True,False,True,False,False,False,True,False,True,5.971133416367496,31.335628983808334,-25.701516594622326,-28.549502133712668,True,True,True,True,False,True,False,False,False,True,False,True
3y,ETH/USDT:USDT,short,short_pullback_restart,2024-05-10T15:00:00+00:00,2024-05-13T16:00:00+00:00,2934.59,2960.21,-1.8453505,-0.008987741956741629,stale_loss_72h,timeout,losing_trades,1.1874157576658444,0.570229814776658,0.7124494545995097,-0.2543656865183806,True,False,False,False,False,False,False,False,False,False,True,False,1.1874157576658444,0.570229814776658,0.8310221234304292,-0.13475783669950425,True,False,False,False,False,False,False,False,False,False,True,False,3.1102523131804896,0.570229814776658,2.313011576881378,1.360169904484114,True,False,True,False,False,False,False,False,False,False,True,False,3.4480661844936735,1.0739102969046102,-0.42192952527015926,-1.398648192762862,True,True,True,False,False,False,False,False,False,True,False,True,3.4480661844936735,2.6937278098513207,0.4908435550180629,-0.47790628333088064,True,True,True,False,False,False,False,False,False,False,True,False,3.4480661844936735,6.3100253022589605,-5.8637731782542435,-6.888001049550356,True,True,True,False,False,False,False,False,False,True,False,True,3.4480661844936735,34.449920782647176,-33.385469274139325,-34.64997120551762,True,True,True,False,False,False,False,False,False,True,False,True
3y,XRP/USDT:USDT,short,short_pullback_restart,2024-05-10T15:00:00+00:00,2024-05-13T16:00:00+00:00,0.5002,0.509,-4.00427664,-0.017930055557315666,stale_loss_72h,timeout,losing_trades,1.335952848722992,0.4322200392927269,0.9823182711198437,-0.8596961215513846,False,False,False,False,False,False,False,False,False,False,True,False,1.335952848722992,0.4322200392927269,0.47151277013751625,-1.3794882047181274,False,False,False,False,False,False,False,False,False,False,True,False,2.41650294695482,0.7858546168958749,0.3143418467583587,-1.5394242303078738,True,False,False,False,False,False,False,False,False,False,True,False,2.5540275049115935,1.5520628683693551,-0.7465618860510855,-2.618992403038796,True,False,False,False,False,False,False,False,False,False,False,True,2.5540275049115935,2.6522593320235672,-2.1021611001964717,-3.998440623750515,True,False,False,False,False,False,False,False,False,False,False,True,2.5540275049115935,3.9489194499017692,-2.0235756385068715,-3.9184726109556194,True,False,False,False,False,False,False,False,False,False,False,True,2.5540275049115935,9.528487229862472,-6.01178781925343,-7.9768492602958805,True,False,False,False,False,False,False,False,False,False,False,True
3y,SUI/USDT:USDT,short,short_pullback_restart,2024-06-02T10:00:00+00:00,2024-06-02T14:00:00+00:00,1.0114,1.0331,-9.00028322,-0.0224773747239221,stop_loss,stop_loss,losing_trades,2.3908624528119202,0.5807763043267841,0.8808440615622772,-1.3457979038955847,True,False,False,False,False,False,True,False,False,False,True,False,2.3908624528119202,2.0036782499274186,-1.451940760816971,-3.7286335772196906,True,False,False,False,False,False,True,False,False,False,False,True,2.3908624528119202,2.3231052173071363,0.1451940760816799,-2.0972315602135647,True,False,False,False,False,False,True,False,False,False,True,False,2.3908624528119202,2.3231052173071363,0.7646888006969335,-1.4644453233141994,True,False,False,False,False,False,True,False,False,False,True,False,2.3908624528119202,6.32078211208984,-6.011034749782214,-8.385544789400818,True,False,False,False,False,False,True,False,False,False,False,True,5.139870293292026,13.425612235020818,-5.014035427354571,-7.367154439390933,True,True,True,True,False,True,False,False,False,True,False,True,12.88355435098247,13.425612235020818,8.71164456490174,6.653015621910225,True,True,True,True,True,True,False,False,False,False,True,False
3y,ADA/USDT:USDT,short,short_pullback_restart,2024-06-02T18:00:00+00:00,2024-06-03T06:00:00+00:00,0.445,0.4548,-8.5213754,-0.022944595893452345,trailing_stop_loss,trailing_stop_loss,losing_trades,0.5496921723834658,0.6156552330694866,-0.24186455584873473,-2.5494382022471958,False,False,False,False,False,False,True,False,False,False,False,True,1.5391380826737042,0.6156552330694866,0.13192612137202933,-2.1674157303370754,False,False,False,False,False,False,True,False,False,False,True,False,1.5391380826737042,1.912928759894468,-0.2858399296394071,-2.59438202247191,False,False,False,False,False,False,True,False,False,False,False,True,1.5391380826737042,2.4406332453825854,-1.9788918205804769,-4.324719101123592,False,False,False,False,False,False,True,False,False,False,False,True,1.5391380826737042,2.4406332453825854,-0.9674582233949023,-3.291011235955054,False,False,False,False,False,False,True,False,False,False,False,True,7.255936675461736,7.871591908531222,3.7159190853122186,1.4955056179775268,True,True,True,True,True,True,False,False,False,False,True,False,12.77484608619173,7.871591908531222,10.092348284960421,8.012359550561802,True,True,True,True,True,True,False,False,False,False,True,False
3y,BNB/USDT:USDT,long,long_1d_center_compression,2024-06-04T00:00:00+00:00,2024-06-05T00:00:00+00:00,626.86,690.63,38.88295192,0.09999536903316386,roi,roi,winning_trades,4.103499703169574,-0.11583626543879566,2.740975630945651,13.092738410490371,True,True,True,True,True,False,False,True,False,False,True,False,4.103499703169574,-0.11583626543879566,1.5493100502439867,11.779845579555248,True,True,True,True,True,False,False,True,False,False,True,False,4.103499703169574,0.33013335650058245,1.4103065317174188,11.626701336821617,True,True,True,True,True,False,False,True,False,False,True,False,4.715983956677244,0.33013335650058245,2.270390802600517,12.57428133873591,True,True,True,True,True,False,False,True,False,False,True,False,4.715983956677244,4.808652969028284,-1.1438831212081688,8.812675876591266,True,True,True,True,True,False,False,True,False,True,False,True,4.715983956677244,13.991572911689326,-13.145968173986066,-4.4103723319401436,True,True,True,True,True,False,False,True,False,True,False,True,4.715983956677244,16.887479547659385,-14.485324993122218,-5.885980920779756,True,True,True,True,True,False,False,True,False,True,False,True
3y,SOL/USDT:USDT,long,long_1d_center_compression,2024-06-06T00:00:00+00:00,2024-06-06T19:00:00+00:00,173.667,170.195,-8.75853905,-0.021541771658136716,stop_loss,stop_loss,losing_trades,0.443021240341972,1.5864155821263777,0.055230764711063245,-2.0451018328179877,False,False,False,False,False,False,True,False,False,False,True,False,1.4501013543288686,1.5864155821263777,1.1316431152501638,-0.9902094237822916,False,False,False,False,False,False,True,False,False,False,True,False,1.6481095214313033,10.561414847674722,-4.806251652516236,-6.809392112491156,False,False,False,False,False,False,True,False,False,False,False,True,1.6481095214313033,10.561414847674722,-6.083609976791319,-8.061213126270388,False,False,False,False,False,False,True,False,False,False,False,True,1.6481095214313033,10.561414847674722,-4.743970151884594,-6.748355761313314,False,False,False,False,False,False,True,False,False,False,False,True,1.6481095214313033,14.732512706013681,-13.226593025647048,-15.061391628806856,False,False,False,False,False,False,True,False,False,False,False,True,1.6481095214313033,25.37971150738858,-21.160433620259106,-22.836616628374987,False,False,False,False,False,False,True,False,False,False,False,True
3y,ADA/USDT:USDT,short,short_pullback_restart,2024-06-10T07:00:00+00:00,2024-06-10T09:00:00+00:00,0.438,0.4466,-8.31480664,-0.020555274177838888,stop_loss,stop_loss,losing_trades,1.7689207344379798,1.052395879982083,-0.15673981191222086,-2.223287671232871,False,False,False,False,False,False,True,False,False,False,False,True,2.0824003582624218,1.052395879982083,1.388266905508281,-0.6479452054794551,True,False,False,False,False,False,True,False,False,False,True,False,5.239587998208683,1.052395879982083,3.9184952978056464,1.9319634703196389,True,True,True,True,False,True,False,False,False,False,True,False,7.904164800716525,1.052395879982083,4.455888938647553,2.4799086757990816,True,True,True,True,True,True,False,False,False,False,True,False,7.904164800716525,1.052395879982083,3.6497984773846803,1.6579908675799049,True,True,True,True,True,True,False,False,False,False,True,False,11.17330944917152,1.052395879982083,9.404388714733539,7.525570776255703,True,True,True,True,True,True,False,False,False,False,True,False,21.047917599641732,1.052395879982083,16.211374832064493,14.466210045662105,True,True,True,True,True,True,False,False,False,False,True,False
3y,TAO/USDT:USDT,short,short_pullback_restart,2024-06-10T05:00:00+00:00,2024-06-11T15:00:00+00:00,356.94,321.06,24.68889812,0.10000405155596895,roi,roi,winning_trades,2.298635769015136,2.3297825951535596,-1.4047218588425812,8.688591920210682,True,True,True,True,True,False,False,False,True,False,False,True,3.1614028530492675,2.413879025727278,1.8501214726219393,11.616254832744998,True,True,True,True,True,False,False,True,False,False,True,False,3.1614028530492675,15.844390456612473,-15.46751386033764,-3.960592816719905,True,True,True,True,True,False,False,True,False,True,False,True,3.1614028530492675,15.987665856849182,1.1929234411013467,11.025119067630408,True,True,True,True,True,False,False,True,False,False,True,False,3.799912788886809,15.987665856849182,2.924686974397305,12.5828038325769,True,True,True,True,True,False,False,True,False,False,True,False,26.71774746153367,15.987665856849182,15.314894412259395,23.727534039334344,True,True,True,True,True,False,False,True,False,False,True,False,26.71774746153367,15.987665856849182,10.558774060923184,19.44950411833921,True,True,True,True,True,False,False,True,False,False,True,False
3y,XRP/USDT:USDT,short,short_compression_breakdown,2024-06-13T16:00:00+00:00,2024-06-15T19:00:00+00:00,0.4805,0.49,-8.24831509,-0.020094414128684124,stop_loss,stop_loss,losing_trades,0.40816326530612285,1.5102040816326567,0.20408163265306142,-1.8689906347554648,False,False,False,False,False,False,True,False,False,False,True,False,0.40816326530612285,1.5102040816326567,0.326530612244896,-1.7441207075962577,False,False,False,False,False,False,True,False,False,False,True,False,0.5306122448979574,1.9183673469387794,0.06122448979591162,-2.014672216441216,False,False,False,False,False,False,True,False,False,False,False,True,1.2653061224489761,6.326530612244903,-5.6734693877551114,-7.8627471383975145,False,False,False,False,False,False,True,False,False,False,False,True,5.285714285714282,6.326530612244903,1.6326530612244914,-0.4121748178980231,True,False,True,True,False,True,False,False,False,False,True,False,5.285714285714282,6.326530612244903,0.46938775510203445,-1.5984391259105182,True,False,True,True,False,True,False,False,False,False,True,False,6.040816326530615,6.326530612244903,3.2040816326530592,1.1903225806451578,True,False,True,True,False,True,False,False,False,False,True,False
3y,SOL/USDT:USDT,short,short_compression_breakdown,2024-06-13T16:00:00+00:00,2024-06-16T17:00:00+00:00,146.804,148.222,-1.94855483,-0.009764568017447626,stale_loss_72h,timeout,losing_trades,0.4722645761088213,2.1083240004857577,-2.0395083051099,-3.1251219312825276,False,False,False,False,False,False,False,False,False,False,False,True,1.0936298255319785,2.3781894725479384,0.1956524672450921,-0.8683714340208618,True,False,False,False,False,False,False,False,False,False,True,False,5.705630743074592,2.3781894725479384,2.3754908178273233,1.3325222745974281,True,False,True,True,False,False,False,False,False,False,True,False,14.317712620258805,2.3781894725479384,10.479550943854498,9.514860630500538,True,True,True,True,True,False,False,False,False,False,True,False,14.317712620258805,2.3781894725479384,7.025947565138789,6.0278984223863175,True,True,True,True,True,False,False,False,False,False,True,False,14.317712620258805,2.3781894725479384,11.553615522661953,10.599299746600906,True,True,True,True,True,False,False,False,False,False,True,False,18.09582922912928,2.3781894725479384,2.8578753491384665,1.819566224353568,True,True,True,True,True,False,False,False,False,False,True,False
3y,LINK/USDT:USDT,short,short_compression_breakdown,2024-06-13T16:00:00+00:00,2024-06-16T20:00:00+00:00,15.1,15.105,-0.12476053,-0.0005518304382476209,stale_loss_72h,timeout,losing_trades,1.8139688844753452,0.7414763323402853,1.3108242303872915,1.178145695364236,True,False,True,False,False,False,False,False,False,False,True,False,3.4690499834491946,0.7414763323402853,3.1247931148626367,2.992715231788083,True,False,True,True,False,False,False,False,False,False,True,False,7.315458457464419,0.7414763323402853,3.243958953988747,3.1119205298013206,True,True,True,True,True,False,False,False,False,False,True,False,14.763323402846742,0.7414763323402853,9.281694803045355,9.151655629139075,True,True,True,True,True,False,False,False,False,False,True,False,14.763323402846742,0.7414763323402853,4.799735187024162,4.668211920529794,True,True,True,True,True,False,False,False,False,False,True,False,14.763323402846742,0.7414763323402853,11.82389937106918,11.694701986754959,True,True,True,True,True,False,False,False,False,False,True,False,16.73618007282357,0.7414763323402853,7.130089374379345,6.999337748344366,True,True,True,True,True,False,False,False,False,False,True,False
3y,DOGE/USDT:USDT,short,short_pullback_restart,2024-06-19T15:00:00+00:00,2024-06-20T11:00:00+00:00,0.12187,0.12701,-8.91350875,-0.043248268723866584,stop_loss,stop_loss,losing_trades,4.519329186678221,-0.17321470750334458,1.9919691362884955,-2.2416263231311953,True,True,False,False,False,True,False,False,False,False,True,False,4.519329186678221,-0.17321470750334458,1.999842532084099,-2.233420858291615,True,True,False,False,False,True,False,False,False,False,True,False,4.519329186678221,-0.17321470750334458,2.0313361152665244,-2.200598998933284,True,True,False,False,False,True,False,False,False,False,True,False,4.519329186678221,-0.17321470750334458,1.9526021573104557,-2.2826536473291177,True,True,False,False,False,True,False,False,False,False,True,False,4.519329186678221,-0.17321470750334458,1.9526021573104557,-2.2826536473291177,True,True,False,False,False,True,False,False,False,False,True,False,10.597590740886554,1.2754901188882628,3.661129044957102,-0.5020677771395671,True,True,True,True,True,True,False,False,False,False,True,False,13.628848122195105,1.2754901188882628,12.802141563656413,9.02447690161648,True,True,True,True,True,True,False,False,False,False,True,False
3y,ETH/USDT:USDT,short,short_compression_breakdown,2024-06-21T09:00:00+00:00,2024-06-21T20:00:00+00:00,3457.82,3540.41,-8.74547755,-0.02480836695203892,trailing_stop_loss,trailing_stop_loss,losing_trades,1.3371332698755143,-0.39035027016644147,1.0430995280207613,-1.420485161170907,False,False,False,False,False,False,True,False,False,False,True,False,1.9161622523944881,-0.39035027016644147,1.6370985281365726,-0.8122985002111057,False,False,False,False,False,False,True,False,False,False,True,False,1.9161622523944881,-0.39035027016644147,1.3043687030598106,-1.1529755742057093,False,False,False,False,False,False,True,False,False,False,True,False,4.026087374061196,-0.39035027016644147,3.0019122079081164,0.5851137421843835,True,True,True,False,False,True,False,False,False,False,True,False,9.247798983733519,-0.39035027016644147,6.486536870023518,4.152968633416428,True,True,True,True,True,True,False,False,False,False,True,False,9.247798983733519,-0.39035027016644147,4.249507825364854,1.862508169887389,True,True,True,True,True,True,False,False,False,False,True,False,20.91311458277431,-0.39035027016644147,16.02921695509842,13.923575547599363,True,True,True,True,True,True,False,False,False,False,True,False
3y,SOL/USDT:USDT,short,short_compression_breakdown,2024-06-21T09:00:00+00:00,2024-06-21T23:00:00+00:00,130.124,135.158,-8.82572362,-0.03968386919352621,stop_loss,stop_loss,losing_trades,1.643261960076337,0.5489871113807683,-0.5378889891830332,-4.527315483692475,False,False,False,False,False,False,True,False,False,False,False,True,1.643261960076337,1.1253495908492395,0.5179123692271184,-3.4306692078325316,False,False,False,False,False,False,True,False,False,False,True,False,1.643261960076337,1.1253495908492395,1.1327483389810278,-2.7920475853801103,False,False,False,False,False,False,True,False,False,False,True,False,5.174684443392178,1.1253495908492395,4.806966661240908,1.0243121945221434,True,True,True,False,False,True,False,False,False,False,True,False,10.179197679752573,1.1253495908492395,2.1611743293034764,-1.7238357259229655,True,True,True,True,True,True,False,False,False,False,True,False,10.179197679752573,11.906065493718474,-3.567676349161724,-7.674313731517625,True,True,True,True,True,True,False,False,False,True,False,True,11.163971056097298,14.617706684029066,0.6866038266325318,-3.25545172297193,True,True,True,True,True,True,False,False,False,False,True,False
3y,TAO/USDT:USDT,short,short_pullback_restart,2024-06-22T20:00:00+00:00,2024-06-23T04:00:00+00:00,277.89,287.03,-8.73634064,-0.033857752666837444,stop_loss,stop_loss,losing_trades,1.1357697801623494,1.1601574748284296,0.9232484409295117,-2.4354564755838677,False,False,False,False,False,False,True,False,False,False,True,False,3.877643451903981,1.1601574748284296,3.4978922063895634,0.22386915686062014,True,True,False,False,False,True,False,False,False,False,True,False,8.002647806849449,1.1601574748284296,6.420931609936227,3.2430494080391394,True,True,True,True,False,True,False,False,False,False,True,False,9.995470856704875,1.1601574748284296,1.8883043584294184,-1.438659181690607,True,True,True,True,True,True,False,False,False,False,True,False,9.995470856704875,2.797616973835498,0.9127965717869032,-2.4462521141458993,True,True,True,True,True,True,False,False,False,False,True,False,12.04752116503501,2.797616973835498,11.79667630561265,8.795606175105258,True,True,True,True,True,True,False,False,False,False,True,False,33.35191443403128,2.797616973835498,21.889697940981776,19.22059447983015,True,True,True,True,True,True,False,False,False,False,True,False
3y,DOGE/USDT:USDT,short,short_compression_breakdown,2024-06-27T06:00:00+00:00,2024-06-27T13:00:00+00:00,0.12095,0.12468,-8.70685738,-0.03177029441233686,stop_loss,stop_loss,losing_trades,1.2913057427013157,0.9223612447866524,0.20051331408405537,-2.9772219925589063,False,False,False,False,False,False,True,False,False,False,True,False,1.2913057427013157,3.055822906640996,-2.157523259544443,-5.407978503513856,False,False,False,False,False,False,True,False,False,False,False,True,1.2913057427013157,3.055822906640996,-1.203079884504321,-4.424100868127312,False,False,False,False,False,False,True,False,False,False,False,True,2.0612768687840894,3.055822906640996,0.9303817773500115,-2.2248449772633343,False,False,False,False,False,False,True,False,False,False,True,False,3.4087263394289415,3.055822906640996,1.6843118383060673,-1.447664324100862,True,True,False,False,False,True,False,False,False,False,True,False,15.527751042669236,3.055822906640996,13.442412576195057,10.673046713517982,True,True,True,True,True,True,False,False,False,False,True,False,27.021174205967274,3.055822906640996,11.50144369586141,8.672219925589093,True,True,True,True,True,True,False,False,False,False,True,False
3y,XRP/USDT:USDT,short,short_pullback_restart,2024-06-26T11:00:00+00:00,2024-06-28T07:00:00+00:00,0.471,0.4786,-6.58935732,-0.016693072749775374,stop_loss,stop_loss,losing_trades,0.647722524028426,0.4805683242791409,0.0,-1.7135881104034083,False,False,False,False,False,False,True,False,False,False,False,True,1.7760133723359814,0.4805683242791409,1.0029251984956178,-0.6944798301486252,True,False,False,False,False,False,True,False,False,False,True,False,2.0894274968658606,0.4805683242791409,0.6268282490597582,-1.0766454352441719,True,False,False,False,False,False,True,False,False,False,True,False,2.0894274968658606,0.4805683242791409,0.8775595486836685,-0.8218683651804701,True,False,False,False,False,False,True,False,False,False,True,False,2.0894274968658606,0.689511073965727,-0.2507312996238986,-1.9683651804670979,True,False,False,False,False,False,True,False,False,False,False,True,20.351023819473472,2.1521103217718296,15.482657751776014,14.018895966029712,True,True,True,True,True,True,False,False,False,False,True,False,20.351023819473472,2.1521103217718296,3.3848725449227013,1.7259023354564746,True,True,True,True,True,True,False,False,False,False,True,False
3y,SUI/USDT:USDT,short,short_pullback_restart,2024-06-29T23:00:00+00:00,2024-06-30T13:00:00+00:00,0.7829,0.8051,-8.57780859,-0.029192905273727626,stop_loss,stop_loss,losing_trades,0.6334616817786601,0.4968326915911071,-0.31052043224443504,-3.2549367735342885,False,False,False,False,False,False,True,False,False,False,False,True,0.6334616817786601,3.7635076388026323,-3.2666749472115253,-6.294916336696894,False,False,False,False,False,False,True,False,False,False,False,True,0.6334616817786601,3.7635076388026323,-0.6458824990684364,-3.599808404649378,False,False,False,False,False,False,True,False,False,False,False,True,0.7079865855173317,3.974661532728843,-2.4220593715066405,-5.426350747221862,False,False,False,False,False,False,True,False,False,False,False,True,2.720158986461313,3.974661532728843,-0.12420817289777678,-3.0633414229148035,False,False,False,False,False,False,True,False,False,False,False,True,29.275866352005963,3.974661532728843,17.15314867718296,14.703934091199386,True,True,True,True,True,True,False,False,False,False,True,False,29.275866352005963,3.974661532728843,-0.4968326915911071,-3.446532124153787,True,True,True,True,True,True,False,False,False,True,False,True
3y,XRP/USDT:USDT,short,short_pullback_restart,2024-06-29T23:00:00+00:00,2024-06-30T22:00:00+00:00,0.4719,0.4771,-4.58774529,-0.011781398280441936,stop_loss,stop_loss,losing_trades,0.3772793963529708,0.5449591280653933,-0.2305596311045881,-1.4350286077558865,False,False,False,False,False,False,True,False,False,False,False,True,0.3772793963529708,1.0060783902745694,-0.5239991616013419,-1.7317016317016405,False,False,False,False,False,False,True,False,False,False,False,True,0.39823936281702216,1.6348773841961797,-0.0419199329281027,-1.2443102352193296,False,False,False,False,False,False,True,False,False,False,False,True,0.39823936281702216,2.473276042758327,-1.6348773841961797,-2.854820936639121,False,False,False,False,False,False,True,False,False,False,False,True,3.4583944665688566,2.473276042758327,2.2217564451896874,1.0443102352193177,True,True,True,False,False,True,False,False,False,False,True,False,20.100607839027465,2.473276042758327,11.88430098511843,10.813329095147276,True,True,True,True,True,True,False,False,False,False,True,False,20.100607839027465,18.591490253615582,-10.605743030811134,-11.924539097266361,True,True,True,True,True,True,False,False,False,True,False,True
3y,BTC/USDT:USDT,short,short_compression_breakdown,2024-06-21T09:00:00+00:00,2024-07-01T02:00:00+00:00,63613.6,63631.9,0.39378284,0.0012386654109025664,stale_flat_120h,timeout,winning_trades,1.2775038934873884,-0.1915705801649824,1.1344938623552046,1.0060527937422161,True,False,True,False,False,False,False,False,True,False,True,False,1.7753673864838302,-0.1915705801649824,1.292276358241704,1.1638806796031036,True,False,True,False,False,False,False,False,True,False,True,False,1.7753673864838302,0.3411810742724931,1.0185142986458027,0.890039865689091,True,False,True,False,False,False,False,False,True,False,True,False,4.081129119199649,0.3411810742724931,3.5750936244242295,3.447354653721843,True,False,True,True,False,False,False,True,False,False,True,False,9.462077982898517,0.3411810742724931,7.351972831237169,7.225320371744409,True,True,True,True,True,False,False,True,False,False,True,False,16.190621370727577,0.3411810742724931,12.9959972906671,12.870968472150604,True,True,True,True,True,False,False,True,False,False,True,False,16.190621370727577,0.3411810742724931,1.8548872499485367,1.7266534200233914,True,True,True,True,True,False,False,True,False,False,True,False
3y,ETH/USDT:USDT,short,short_compression_breakdown,2024-07-04T02:00:00+00:00,2024-07-05T02:00:00+00:00,3209.31,2886.43,21.81235975,0.09999983222384455,roi,roi,winning_trades,2.994356350231942,2.363819666508456,1.2271213921695527,11.064393592392125,True,True,True,True,True,False,False,False,True,False,True,False,2.994356350231942,3.891658553992315,-2.361740974144534,7.8365969632101615,True,True,True,True,True,False,False,False,True,False,False,True,2.994356350231942,4.84924283630645,-3.2171228818990985,7.067272715942055,True,True,True,True,True,False,False,False,True,False,False,True,2.994356350231942,6.706208014744863,-6.219101104132102,4.367315404245769,True,True,True,True,True,False,False,False,True,False,False,True,2.994356350231942,6.706208014744863,-0.05508534764398047,9.911186205134435,True,True,True,True,True,False,False,False,True,False,False,True,2.994356350231942,11.43869762994426,-7.606974705778424,3.119072012364027,True,True,True,True,True,False,False,False,True,False,False,True,2.994356350231942,21.850867680837577,-17.978263806847917,-6.208789739850628,True,True,True,True,True,False,False,False,True,False,False,True
3y,BNB/USDT:USDT,short,short_compression_breakdown,2024-07-04T02:00:00+00:00,2024-07-05T02:00:00+00:00,537.32,483.1,17.7242307,0.1000086695622061,roi,roi,winning_trades,6.3071827778927805,0.24632581246118768,5.129372800662395,14.602598079356818,True,True,True,True,True,False,False,True,False,False,True,False,6.3071827778927805,2.2955909749534205,-1.46346512109294,8.675031638502203,True,True,True,True,True,False,False,True,False,True,False,True,6.3071827778927805,5.034154419374869,-3.9929621196439586,6.400781657113091,True,True,True,True,True,False,False,True,False,True,False,True,6.3071827778927805,9.873732146553495,-8.226040157317327,2.5948559517605925,True,True,True,True,True,False,False,True,False,True,False,True,6.3071827778927805,9.873732146553495,-0.5733802525357031,9.475299635226687,True,True,True,True,True,False,False,True,False,True,False,True,6.3071827778927805,13.227075139722619,-8.822190022769613,2.0588625027916367,True,True,True,True,True,False,False,True,False,True,False,True,6.3071827778927805,21.624922376319606,-17.70233906023597,-5.925206580808448,True,True,True,True,True,False,False,True,False,True,False,True
3y,ADA/USDT:USDT,short,short_pullback_restart,2024-07-07T14:00:00+00:00,2024-07-08T08:00:00+00:00,0.3561,0.372,-8.70460822,-0.04562781449403507,stop_loss,stop_loss,losing_trades,4.005376344086028,2.1505376344086042,1.2365591397849443,-3.273265936534674,False,False,False,False,False,True,False,False,False,False,True,False,4.005376344086028,2.1505376344086042,1.2634408602150489,-3.245183937096318,False,False,False,False,False,True,False,False,False,False,True,False,4.005376344086028,2.1505376344086042,-0.3763440860215087,-4.958185902836277,False,False,False,False,False,True,False,False,False,True,False,True,4.005376344086028,3.897849462365595,-3.521505376344086,-8.243779837124395,False,False,False,False,False,True,False,False,False,True,False,True,4.005376344086028,6.370967741935483,-5.5913978494623615,-10.40609379387811,False,False,False,False,False,True,False,False,False,True,False,True,4.005376344086028,20.000000000000007,-17.473118279569892,-22.818337545633238,False,False,False,False,False,True,False,False,False,True,False,True,4.005376344086028,22.688172043010745,-16.15591397849462,-21.442319573153597,False,False,False,False,False,True,False,False,False,True,False,True
3y,ETH/USDT:USDT,short,short_pullback_restart,2024-07-07T08:00:00+00:00,2024-07-08T09:00:00+00:00,3002.98,3084.59,-8.71854665,-0.027930294702300927,stop_loss,stop_loss,losing_trades,6.418032866604646,-0.49504148039123447,3.772624562745789,1.0575168665792052,True,False,True,True,False,True,False,False,False,False,True,False,6.418032866604646,-0.49504148039123447,1.953582161648719,-0.810960445957013,True,False,True,True,False,True,False,False,False,False,True,False,6.418032866604646,1.0118038377871947,-0.05576105738525379,-2.874910255812557,True,False,True,True,False,True,False,False,False,True,False,True,6.418032866604646,1.4397375339996517,-0.08266900949558052,-2.9025494675289165,True,False,True,True,False,True,False,False,False,True,False,True,6.418032866604646,2.120541141610387,-1.8712373443472163,-4.739724540289976,True,False,True,True,False,True,False,False,False,True,False,True,6.418032866604646,9.316959466249967,-8.50583059661089,-11.554621742402547,True,False,True,True,False,True,False,False,False,True,False,True,6.418032866604646,15.487957880950134,-13.187814263808153,-16.363844581049495,True,False,True,True,False,True,False,False,False,True,False,True
3y,DOGE/USDT:USDT,short,short_pullback_restart,2024-07-10T01:00:00+00:00,2024-07-10T04:00:00+00:00,0.10601,0.10946,-8.67375793,-0.03357716024317224,stop_loss,stop_loss,losing_trades,1.1602411839941598,0.8861684633656117,0.46592362506851503,-2.873323271389503,False,False,False,False,False,False,True,False,False,False,True,False,1.3520920884341268,0.9409830074913238,0.03654302941713719,-3.3166776719177538,False,False,False,False,False,False,True,False,False,False,True,False,2.941713868079664,0.9409830074913238,1.6992508678969491,-1.5998585039147326,False,False,False,False,False,False,True,False,False,False,True,False,4.348620500639503,2.6676411474511164,3.0330714416225137,-0.222629940571649,True,True,True,False,False,True,False,False,False,False,True,False,4.348620500639503,2.6676411474511164,1.7814726840855173,-1.514960852749742,True,True,True,False,False,True,False,False,False,False,True,False,4.348620500639503,16.754978987758083,-15.256714781655392,-19.10764078860485,True,True,True,False,False,True,False,False,False,True,False,True,4.348620500639503,31.299104695779267,-19.788050429380583,-23.78644467503065,True,True,True,False,False,True,False,False,False,True,False,True
3y,LINK/USDT:USDT,short,short_pullback_restart,2024-07-11T04:00:00+00:00,2024-07-11T12:00:00+00:00,12.616,13.046,-8.58815285,-0.0350167375273137,stop_loss,stop_loss,losing_trades,3.418672390004597,-0.015330369461895536,2.3838724513260767,-1.043246670894101,True,False,False,False,False,True,False,False,False,False,True,False,5.88686187337114,-0.015330369461895536,5.06668710715928,1.731008243500316,True,True,True,False,False,True,False,False,False,False,True,False,6.316112218304461,-0.015330369461895536,4.668097501149778,1.318833227647434,True,True,True,True,False,True,False,False,False,False,True,False,6.316112218304461,0.3525984976238016,0.15330369461903706,-3.3498414711477498,True,True,True,True,False,True,False,False,False,False,True,False,6.316112218304461,1.6250191629618254,0.06132147784760938,-3.4449587824984196,True,True,True,True,False,True,False,False,False,False,True,False,6.316112218304461,12.042005212325629,-6.239460370994942,-9.960494610019023,True,True,True,True,False,True,False,False,False,True,False,True,6.316112218304461,15.023762072665958,1.663345086616578,-1.7883322764743261,True,True,True,True,False,True,False,False,False,False,True,False
3y,LINK/USDT:USDT,short,short_compression_breakdown,2024-07-25T19:00:00+00:00,2024-07-26T02:00:00+00:00,12.583,13.134,-8.37687506,-0.04491318892879746,trailing_stop_loss,trailing_stop_loss,losing_trades,-0.48728490939546254,2.8171158824425095,-2.1699406121516684,-6.743884606214737,False,False,False,False,False,False,True,False,False,False,False,True,-0.48728490939546254,2.8171158824425095,-2.139485305314442,-6.712095684653891,False,False,False,False,False,False,True,False,False,False,False,True,-0.48728490939546254,3.822141008070648,-3.3272422719658854,-7.951863625526501,False,False,False,False,False,False,True,False,False,False,False,True,-0.48728490939546254,5.603776458047806,-2.80188822902391,-7.403504728602087,False,False,False,False,False,False,True,False,False,False,False,True,-0.39591898888380994,5.603776458047806,-4.644434292675494,-9.32673448303266,False,False,False,False,False,False,True,False,False,False,False,True,7.773717070199488,5.786508299071111,3.6089538602101428,-0.7119367400460936,True,True,True,True,False,True,False,False,False,False,True,False,40.12486675803259,5.786508299071111,19.71219735038831,16.09645553524597,True,True,True,True,True,True,False,False,False,False,True,False
3y,SUI/USDT:USDT,short,short_compression_breakdown,2024-07-30T15:00:00+00:00,2024-08-02T15:00:00+00:00,0.7249,0.6518,23.04315778,0.10004388939399775,roi,roi,winning_trades,2.3320036821110754,1.5342129487572889,0.9512120282295327,10.839439922747971,True,True,True,True,True,False,False,False,True,False,True,False,4.848112918073039,1.5342129487572889,0.8898435102792309,10.78425989791695,True,True,True,True,True,False,False,True,False,False,True,False,4.848112918073039,1.5342129487572889,3.6360846885547797,13.253566009104704,True,True,True,True,True,False,False,True,False,False,True,False,11.000306842589765,1.5342129487572889,10.72414851181345,19.626858877086498,True,True,True,True,True,False,False,True,False,False,True,False,29.073335378950603,1.5342129487572889,15.971156796563374,24.344751000137954,True,True,True,True,True,False,False,True,False,False,True,False,29.073335378950603,34.96471310217858,-29.4108622276772,-16.460877362394818,True,True,True,True,True,False,False,True,False,True,False,True,29.073335378950603,71.26419146977601,-25.452592819883392,-12.901765760794593,True,True,True,True,True,False,False,True,False,True,False,True
3y,LINK/USDT:USDT,short,short_compression_breakdown,2024-07-31T17:00:00+00:00,2024-08-03T01:00:00+00:00,12.998,11.687,24.52354035,0.1000349907247035,roi,roi,winning_trades,-1.4460511679644092,3.4311628304954205,-3.0974587148113297,7.201123249730728,True,False,True,True,True,False,False,False,True,False,False,True,-1.4460511679644092,3.764866946179527,-3.217249935826142,7.09341437144175,True,False,True,True,True,False,False,False,True,False,False,True,3.0118935569436003,3.764866946179527,0.0513390947206317,10.032328050469305,True,True,True,True,True,False,False,True,False,False,True,False,22.905792761187644,3.764866946179527,17.344057499786082,25.580873980612395,True,True,True,True,True,False,False,True,False,False,True,False,32.711559852827925,3.764866946179527,14.280824848121835,22.826604092937366,True,True,True,True,True,False,False,True,False,False,True,False,32.711559852827925,3.764866946179527,10.096688628390517,19.064486844129863,True,True,True,True,True,False,False,True,False,False,True,False,32.711559852827925,3.764866946179527,13.527851458885939,22.149576857978147,True,True,True,True,True,False,False,True,False,False,True,False
3y,DOGE/USDT:USDT,short,short_pullback_restart,2024-08-03T16:00:00+00:00,2024-08-04T17:00:00+00:00,0.11054,0.0994,21.46038155,0.1000197937983048,roi,roi,winning_trades,-0.5533199195170975,6.6096579476861095,-4.336016096579471,6.078758820336532,True,False,True,True,True,False,False,False,True,False,False,True,11.589537223340042,6.6096579476861095,9.818913480885316,18.80718292020988,True,True,True,True,True,False,False,True,False,False,True,False,19.104627766599606,6.6096579476861095,3.0784708249497053,12.746028586936859,True,True,True,True,True,False,False,True,False,False,True,False,19.104627766599606,6.6096579476861095,2.6961770623742476,12.40226162475122,True,True,True,True,True,False,False,True,False,False,True,False,19.104627766599606,6.6096579476861095,2.313883299798789,12.058494662565582,True,True,True,True,True,False,False,True,False,False,True,False,19.104627766599606,11.609657947686111,-6.116700201207245,4.4775284964718605,True,True,True,True,True,False,False,True,False,True,False,True,19.104627766599606,11.609657947686111,-2.726358148893364,7.5261986611181415,True,True,True,True,True,False,False,True,False,True,False,True
3y,BNB/USDT:USDT,short,short_pullback_restart,2024-08-03T16:00:00+00:00,2024-08-05T00:00:00+00:00,532.15,478.46,31.910817,0.0999930482952648,roi,roi,winning_trades,16.96484554612715,-0.06061112736696142,11.666596998704176,20.478784177393592,True,True,True,True,True,False,False,True,False,False,True,False,16.96484554612715,-0.06061112736696142,13.746185679053626,22.348557737480032,True,True,True,True,True,False,False,True,False,False,True,False,16.96484554612715,2.276052334573432,-1.8726748317518784,8.305524758056931,True,True,True,True,True,False,False,True,False,True,False,True,16.96484554612715,3.665928186264269,-1.0680098649834915,9.029004979798925,True,True,True,True,True,False,False,True,False,True,False,True,16.96484554612715,3.9648037453496694,0.9112569493792494,10.808578408343504,True,True,True,True,True,False,False,True,False,False,True,False,16.96484554612715,12.172386406387172,-5.701626050244541,4.862886404209334,True,True,True,True,True,False,False,True,False,True,False,True,16.96484554612715,14.513229946076997,-10.857751954186345,0.22697547683923877,True,True,True,True,True,False,False,True,False,True,False,True
3y,BNB/USDT:USDT,short,short_pullback_restart,2024-08-07T15:00:00+00:00,2024-08-08T15:00:00+00:00,476.95,498.78,-9.15032465,-0.04681628999844298,stop_loss,stop_loss,losing_trades,0.0240587032358851,3.0153574722322625,-2.9572156060788326,-7.769567040570287,False,False,False,False,False,False,True,False,False,False,False,True,0.0240587032358851,4.603231885801363,-3.219856449737371,-8.044228954817076,False,False,False,False,False,False,True,False,False,False,False,True,0.05012229840811581,4.603231885801363,-0.5673844179798792,-5.270353286508025,False,False,False,False,False,False,True,False,False,False,False,True,0.05012229840811581,4.603231885801363,-3.191787962628829,-8.014875773141851,False,False,False,False,False,False,True,False,False,False,False,True,0.05012229840811581,7.6025502225430195,-4.3325714743975325,-9.207872942656463,False,False,False,False,False,False,True,False,False,False,False,True,0.05012229840811581,7.6025502225430195,-6.411644412366177,-11.382105042457281,False,False,False,False,False,False,True,False,False,False,False,True,0.05012229840811581,18.18837964633707,-16.193512169694053,-21.611688856274235,False,False,False,False,False,False,True,False,False,False,False,True
3y,NEAR/USDT:USDT,short,short_pullback_restart,2024-08-19T00:00:00+00:00,2024-08-20T00:00:00+00:00,3.897,4.071,-8.92058454,-0.045804706510299026,stop_loss,stop_loss,losing_trades,0.4667157946450535,1.5966592974699187,-0.5649717514124435,-5.155170644085207,False,False,False,False,False,False,True,False,False,False,False,True,0.4667157946450535,1.5966592974699187,-0.7123556865634958,-5.309135232229917,False,False,False,False,False,False,True,False,False,False,False,True,3.144190616556121,1.793171211004677,2.2598870056497087,-2.204182704644606,False,False,False,False,False,True,False,False,False,False,True,False,3.144190616556121,5.60058953574062,-3.7582903463522594,-8.491070053887617,False,False,False,False,False,True,False,False,False,True,False,True,3.144190616556121,8.843036109064121,-7.639400638663718,-12.545470875032072,False,False,False,False,False,True,False,False,False,True,False,True,3.144190616556121,29.034635224760514,-18.619503807418326,-24.015832691814214,False,False,False,False,False,True,False,False,False,True,False,True,6.534021125030695,29.034635224760514,1.6457872758536027,-2.845701821914287,True,True,True,False,False,True,False,False,False,False,True,False
3y,ZEC/USDT:USDT,short,short_pullback_restart,2024-08-31T16:00:00+00:00,2024-09-01T22:00:00+00:00,32.53,29.26,41.22620402,0.09994976546399197,roi,roi,winning_trades,2.5632262474367735,1.0936431989063455,2.084757347915253,11.82745158315402,True,True,True,True,True,False,False,False,True,False,True,False,2.5632262474367735,1.0936431989063455,0.7177033492822995,10.597817399323702,True,True,True,True,True,False,False,False,True,False,True,False,3.6568694463431313,1.7771701982228283,-0.41011619958987505,9.5833691976637,True,True,True,True,True,False,False,True,False,True,False,True,3.6568694463431313,3.7593984962405944,1.1278195488721867,10.966707654472799,True,True,True,True,True,False,False,True,False,False,True,False,6.971975393028034,3.7593984962405944,-1.3328776486671121,8.753366123578243,True,True,True,True,True,False,False,True,False,True,False,True,10.697197539302811,3.7593984962405944,5.9466848940533215,15.301168152474641,True,True,True,True,True,False,False,True,False,False,True,False,10.697197539302811,7.587149692412846,-0.3759398496240582,9.614110052259454,True,True,True,True,True,False,False,True,False,True,False,True
3y,ADA/USDT:USDT,short,short_pullback_restart,2024-08-30T12:00:00+00:00,2024-09-04T00:00:00+00:00,0.3511,0.3157,27.19536634,0.10012449181646425,roi,roi,winning_trades,3.547671840354764,0.41178333861261435,0.3484320557491258,10.295898604386224,True,True,True,True,True,False,False,True,False,False,True,False,3.547671840354764,2.850807728856512,-0.696864111498269,9.355995442893764,True,True,True,True,True,False,False,True,False,True,False,True,3.547671840354764,4.212860310421298,-2.027241051631301,8.159755055539739,True,True,True,True,True,False,False,True,False,True,False,True,3.547671840354764,7.602153943617365,-2.787456445993041,7.47618911990886,True,True,True,True,True,False,False,True,False,True,False,True,3.9911308203991136,7.602153943617365,0.12670256572694202,10.096525206493876,True,True,True,True,True,False,False,True,False,False,True,False,3.9911308203991136,10.452961672473878,-8.552423186569536,2.292480774708065,True,True,True,True,True,False,False,True,False,True,False,True,3.9911308203991136,15.584415584415593,-5.448210326259105,5.083708345200811,True,True,True,True,True,False,False,True,False,True,False,True
3y,ETH/USDT:USDT,short,short_pullback_restart,2024-09-03T09:00:00+00:00,2024-09-06T17:00:00+00:00,2498.6,2247.47,32.71503941,0.09999922128164683,roi,roi,winning_trades,4.336876576772985,0.012903398043151562,1.0576336947767928,10.90216121027776,True,True,True,True,True,False,False,True,False,False,True,False,4.336876576772985,1.2249329245774228,-0.717250953294164,9.305667173617216,True,True,True,True,True,False,False,True,False,True,False,True,4.336876576772985,2.782239584955537,-1.0692022585396113,8.989089890338587,True,True,True,True,True,False,False,True,False,True,False,True,4.336876576772985,2.782239584955537,-1.4781064930788956,8.621283918994632,True,True,True,True,True,False,False,True,False,True,False,True,4.336876576772985,4.680818876336516,-4.159788562250007,6.209133114544139,True,True,True,True,True,False,False,True,False,True,False,True,4.336876576772985,8.003666344823296,-7.195646660467114,3.478403906187459,True,True,True,True,True,False,False,True,False,True,False,True,4.336876576772985,14.447801305467928,-12.837546218636955,-1.5964380052829532,True,True,True,True,True,False,False,True,False,True,False,True
3y,BNB/USDT:USDT,short,short_pullback_restart,2024-08-31T17:00:00+00:00,2024-09-06T18:00:00+00:00,533.26,479.43,41.03771571,0.09999324135741443,roi,roi,winning_trades,1.758338026406359,2.158813591139471,-1.7249650626785937,8.443674755278852,True,True,True,True,True,False,False,False,True,False,False,True,1.758338026406359,2.8304444861606477,-2.797071522432882,7.47979222143045,True,True,True,True,True,False,False,False,True,False,False,True,1.758338026406359,4.152848173873134,-3.199632897398989,7.117867456775308,True,True,True,True,True,False,False,False,True,False,False,True,1.758338026406359,5.6108295267296535,-3.51250443234674,6.836578779582195,True,True,True,True,True,False,False,False,True,False,False,True,1.758338026406359,8.149260580272404,-7.873933629518374,2.9154146195101904,True,True,True,True,True,False,False,False,True,False,False,True,1.758338026406359,15.916817887908557,-15.687378762280202,-4.109301278925852,True,True,True,True,True,False,False,False,True,False,False,True,1.758338026406359,20.351250443234672,-18.263354400016688,-6.425244721149162,True,True,True,True,True,False,False,False,True,False,False,True
3y,BTC/USDT:USDT,short,short_pullback_restart,2024-09-05T04:00:00+00:00,2024-09-09T20:00:00+00:00,57104.1,57060.1,-0.18688405,-0.000545721290209123,stale_loss_72h,timeout,losing_trades,0.8317545885829126,1.9156994116729529,0.5492454447153114,0.5258744993792065,True,False,False,False,False,False,False,False,False,False,True,False,1.225199395023841,1.9156994116729529,0.062390356834282706,0.03939454434970264,True,False,True,False,False,False,False,False,False,False,True,False,1.225199395023841,1.9156994116729529,-0.8342081419415668,-0.8565131050134754,True,False,True,False,False,False,False,False,False,False,False,True,2.7074961312721175,1.9156994116729529,-0.6833146103844919,-0.705735840333709,True,False,True,False,False,False,False,False,False,False,False,True,2.7074961312721175,2.710300192253431,-1.958110834015368,-1.9795498046550126,True,False,True,False,False,False,False,False,False,False,False,True,2.7074961312721175,6.198552053010776,-1.0736048482214342,-1.095725350719123,True,False,True,False,False,False,False,False,False,False,False,True,2.7074961312721175,13.43267887718389,-10.900436557244033,-10.914985263755147,True,False,True,False,False,False,False,False,False,False,False,True
3y,XRP/USDT:USDT,long,long_1d_center_compression,2024-09-29T00:00:00+00:00,2024-10-01T15:00:00+00:00,0.6137,0.6014,-10.09390662,-0.021843481165581713,stop_loss,stop_loss,losing_trades,4.289990023279004,4.0904556035916295,0.0,-2.104236597686162,True,False,True,False,False,True,False,False,False,True,True,False,4.289990023279004,4.0904556035916295,0.11639507815096822,-1.9901743522894013,True,False,True,False,False,True,False,False,False,False,True,False,4.289990023279004,4.339873628200866,-2.859993348852676,-4.906908913149743,True,False,True,False,False,True,False,False,False,True,False,True,4.289990023279004,15.76321915530429,-13.152643831060868,-14.993270327521596,True,False,True,False,False,True,False,False,False,True,False,True,4.289990023279004,15.76321915530429,-13.252411040904555,-15.091037966433104,True,False,True,False,False,True,False,False,False,True,False,True,4.289990023279004,15.76321915530429,-12.803458596607925,-14.651083591331277,True,False,True,False,False,True,False,False,False,True,False,True,4.289990023279004,15.76321915530429,-10.392417692051877,-12.288365650969526,True,False,True,False,False,True,False,False,False,True,False,True
3y,ZEC/USDT:USDT,short,short_compression_breakdown,2024-09-30T16:00:00+00:00,2024-10-03T08:00:00+00:00,27.89,25.1,23.25568688,0.09995844197180329,roi,roi,winning_trades,2.98804780876494,1.6733067729083588,0.43824701195220306,10.29799211186806,True,True,True,True,True,False,False,False,True,False,True,False,2.98804780876494,2.3904382470119434,-1.7131474103585644,8.361814270347793,True,True,True,True,True,False,False,False,True,False,False,True,2.98804780876494,5.856573705179278,-4.940239043824695,5.457547508067409,True,True,True,True,True,False,False,False,True,False,False,True,2.98804780876494,7.968127490039841,-7.848605577689238,2.8401219074937263,True,True,True,True,True,False,False,False,True,False,False,True,2.98804780876494,14.780876494023893,-13.38645418326693,-2.1437432771602736,True,True,True,True,True,False,False,False,True,False,False,True,2.98804780876494,22.82868525896413,-20.996015936254977,-8.992076012907853,True,True,True,True,True,False,False,False,True,False,False,True,2.98804780876494,62.509960159362535,-41.67330677290837,-27.600896378630342,True,True,True,True,True,False,False,False,True,False,False,True
3y,XRP/USDT:USDT,short,short_pullback_restart,2024-10-09T21:00:00+00:00,2024-10-10T12:00:00+00:00,0.5224,0.5348,-10.28070083,-0.02455980255174623,stop_loss,stop_loss,losing_trades,2.019446522064329,1.8698578908002799,1.364996260284234,-1.07626339969372,False,False,False,False,False,False,True,False,False,False,True,False,2.019446522064329,1.8698578908002799,0.22438294689605268,-2.243950995405817,False,False,False,False,False,False,True,False,False,False,True,False,2.019446522064329,1.8698578908002799,-0.2991772625280356,-2.7799387442572767,False,False,False,False,False,False,True,False,False,False,False,True,2.019446522064329,1.8698578908002799,-1.2341062079281861,-3.7370597243491614,False,False,False,False,False,False,True,False,False,False,False,True,2.019446522064329,1.8698578908002799,0.5983545250561129,-1.8611026033690632,False,False,False,False,False,False,True,False,False,False,True,False,2.019446522064329,5.9274495138369385,-4.1136873597606405,-6.684992343032158,False,False,False,False,False,False,True,False,False,False,False,True,4.394166043380717,5.9274495138369385,0.9162303664921495,-1.5356814701378376,True,True,True,False,False,True,False,False,False,False,True,False
3y,ADA/USDT:USDT,short,short_compression_breakdown,2024-10-09T13:00:00+00:00,2024-10-11T13:00:00+00:00,0.3399,0.3483,-10.06876069,-0.025505622512226177,stop_loss,stop_loss,losing_trades,0.48808498420900925,1.8374964111398269,-1.3781223083548741,-3.9834951456310814,False,False,False,False,False,False,True,False,False,False,False,True,0.48808498420900925,1.8374964111398269,-1.320700545506745,-3.9246543100912072,False,False,False,False,False,False,True,False,False,False,False,True,0.48808498420900925,2.3542922767728927,-1.952339936836069,-4.571903501029729,False,False,False,False,False,False,True,False,False,False,False,True,0.48808498420900925,3.2156187194946853,-1.1771461383864463,-3.777552221241545,False,False,False,False,False,False,True,False,False,False,False,True,1.8087855297157542,3.2156187194946853,-2.64140109101349,-5.277993527508093,False,False,False,False,False,False,True,False,False,False,False,True,2.64140109101349,6.574791846109669,0.37324145851278306,-2.1888496616651945,True,False,False,False,False,False,True,False,False,False,True,False,3.3304622451909274,7.09158771174275,0.48808498420900925,-2.071167990585478,True,False,False,False,False,True,False,False,False,False,True,False
3y,LINK/USDT:USDT,short,short_compression_breakdown,2024-10-09T21:00:00+00:00,2024-10-11T15:00:00+00:00,10.422,10.825,-10.10717399,-0.039410126243025735,trailing_stop_loss,trailing_stop_loss,losing_trades,-0.0739030023094771,1.8290993071593569,-1.3487297921478134,-5.3677029360967135,False,False,False,False,False,False,True,False,False,False,False,True,-0.036951501154746755,1.8290993071593569,-0.37875288683603114,-4.36021876799078,False,False,False,False,False,False,True,False,False,False,False,True,-0.036951501154746755,2.946882217090077,-2.3741339491916995,-6.432757628094417,False,False,False,False,False,False,True,False,False,False,False,True,1.782909930715932,2.946882217090077,1.3210161662817452,-2.5947227019765857,False,False,False,False,False,False,True,False,False,False,True,False,2.0785219399538075,4.221709006928413,-3.9999999999999987,-8.121492995586244,False,False,False,False,False,False,True,False,False,False,False,True,2.0785219399538075,8.073903002309475,-5.8383371824480506,-10.030915371329879,False,False,False,False,False,False,True,False,False,False,False,True,2.0785219399538075,14.004618937644342,-9.210161662817551,-13.533122241412382,False,False,False,False,False,False,True,False,False,False,False,True
3y,LINK/USDT:USDT,short,short_pullback_restart,2024-10-13T15:00:00+00:00,2024-10-14T13:00:00+00:00,10.724,11.093,-9.95521175,-0.03514096918451434,stop_loss,stop_loss,losing_trades,0.17127918507166798,2.163526548273688,-1.2169836834039467,-4.7997389033942515,False,False,False,False,False,False,True,False,False,False,False,True,0.17127918507166798,2.7494816550978065,-2.4610114486613153,-6.086572174561725,False,False,False,False,False,False,True,False,False,False,False,True,0.17127918507166798,5.291625349319388,-5.030199224736319,-8.74416262588586,False,False,False,False,False,False,True,False,False,False,False,True,1.4423510321824586,5.462904534391056,-1.7308212386189503,-5.331256993659082,False,False,False,False,False,False,True,False,False,False,False,True,1.622644911205262,5.462904534391056,0.8473812314071886,-2.664341663558377,False,False,False,False,False,False,True,False,False,False,True,False,2.2446587938339544,8.5549445596322,-4.822861263860093,-8.529690414024618,False,False,False,False,False,False,True,False,False,False,False,True,3.5337600288470163,11.250338051023162,0.712160822140094,-2.8042148452070044,True,False,False,False,False,True,False,False,False,False,True,False
3y,SOL/USDT:USDT,long,long_1d_center_compression,2024-10-21T00:00:00+00:00,2024-10-21T13:00:00+00:00,167.42,164.072,-9.57786093,-0.021177775107190162,stop_loss,stop_loss,losing_trades,2.4184504363937718,0.9581159490955208,2.2416987663952397,0.09710906701709027,True,False,False,False,False,False,True,False,False,False,True,False,2.528158369496316,0.9581159490955208,1.7906772636403459,-0.3448930832636463,True,False,False,False,False,False,True,False,False,False,True,False,3.2290701643181055,0.9581159490955208,1.242137598127658,-0.882463266037495,True,False,True,False,False,True,False,False,False,False,True,False,4.192062021551505,0.9581159490955208,3.0157491832853918,0.8556803249313241,True,False,True,False,False,True,False,False,False,False,True,False,7.471110244283004,0.9581159490955208,7.105417133941189,4.863564687611995,True,True,True,True,True,True,False,False,False,False,True,False,9.281291140474918,3.018187137354331,6.715344482909942,4.481292557639479,True,True,True,True,True,True,False,False,False,False,True,False,11.743624750109708,3.8409966356233802,-0.4949046759959114,-2.5847688448214052,True,True,True,True,True,True,False,False,False,True,False,True
3y,XRP/USDT:USDT,short,short_compression_breakdown,2024-10-23T08:00:00+00:00,2024-10-29T02:00:00+00:00,0.5264,0.5216,4.40601916,0.009815148066825076,stale_flat_120h,timeout,winning_trades,-0.13420245398773656,1.2845092024539955,-0.3450920245398819,0.46990881458966616,True,False,False,False,False,False,False,False,True,False,False,True,-0.13420245398773656,1.6487730061349797,-0.7285276073619682,0.08996960486322206,True,False,False,False,False,False,False,False,True,False,False,True,0.019171779141102182,1.8021472392638183,-0.709355828220866,0.10896656534954215,True,False,False,False,False,False,False,False,True,False,False,True,0.4984662576686994,1.8021472392638183,-0.21088957055216662,0.6028875379939067,True,False,True,False,False,False,False,False,True,False,False,True,3.7193251533742284,1.8021472392638183,2.0513803680981466,2.8445288753799316,True,False,True,True,False,False,False,True,False,False,True,False,5.789877300613488,1.8021472392638183,3.2400306748466097,4.022340425531904,True,False,True,True,True,False,False,True,False,False,True,False,5.789877300613488,21.549079754601237,-15.91257668711658,-14.95562310030396,True,False,True,True,True,False,False,True,False,True,False,True
3y,DOGE/USDT:USDT,long,long_1d_center_compression,2024-10-29T00:00:00+00:00,2024-10-29T16:00:00+00:00,0.16141,0.17778,41.47454494,0.100008998849374,roi,roi,winning_trades,0.8493643829452197,5.338058274271571,-1.743728203397453,8.121299795551703,True,False,True,True,True,False,False,False,True,False,False,True,0.8493643829452197,5.338058274271571,-0.9899876251546764,8.951483799021135,True,False,True,True,True,False,False,False,True,False,False,True,0.8493643829452197,7.526155923050965,-6.159298008774884,3.2579084319435028,True,False,True,True,True,False,False,False,True,False,False,True,0.8493643829452197,7.661154235572051,-7.166160422994714,2.148931292980605,True,False,True,True,True,False,False,False,True,False,False,True,0.8493643829452197,13.280458994262567,-9.208009899876249,-0.1,True,False,True,True,True,False,False,False,True,False,False,True,0.9281133985825248,20.030374620317247,-0.416244796940033,9.583414906139648,True,False,True,True,True,False,False,False,True,False,False,True,147.4687816402295,20.030374620317247,104.21869726628417,124.83030171612664,True,True,True,True,True,False,False,True,False,False,True,False
3y,BTC/USDT:USDT,long,long_1d_center_compression,2024-10-29T00:00:00+00:00,2024-11-02T00:00:00+00:00,69939.9,69495.4,-3.6398606,-0.008669447099605983,swing_exit_long_1d,exit_signal,losing_trades,0.601046975771075,0.06532806487910593,0.36923307154143414,-0.368659234571388,False,False,False,False,False,False,False,False,False,False,True,False,0.601046975771075,0.1732488769040745,-0.06129902123016959,-0.796455099306678,False,False,False,False,False,False,False,False,False,False,True,False,0.601046975771075,0.6800450101733228,-0.488233753600941,-1.2206764665090863,False,False,False,False,False,False,False,False,False,False,False,True,0.601046975771075,2.948108795690058,-1.1318734765178577,-1.860225565092303,False,False,False,False,False,False,False,False,False,False,False,True,0.601046975771075,3.8641406481579996,-2.138127127838669,-2.860084014990005,False,False,False,False,False,False,False,False,False,False,False,True,11.061883232559278,3.8641406481579996,9.949003818957811,9.150227695492854,True,True,True,True,True,False,False,False,False,False,True,False,34.427746296877224,3.8641406481579996,31.024211674441776,30.091492981831557,True,True,True,True,True,False,False,False,False,False,True,False
3y,XRP/USDT:USDT,short,short_pullback_restart,2024-11-03T03:00:00+00:00,2024-11-04T10:00:00+00:00,0.5002,0.5121,-10.28080009,-0.024463074778489188,stop_loss,stop_loss,losing_trades,0.7225151337629441,0.4881859011911632,0.5858230814294089,-1.8792882846861296,False,False,False,False,False,False,True,False,False,False,True,False,3.241554383909393,0.4881859011911632,1.718414372192937,-0.7197520991603343,True,False,False,False,False,True,False,False,False,False,True,False,3.241554383909393,1.3083382151923528,0.13669205233353524,-2.339104358256695,True,False,False,False,False,True,False,False,False,False,True,False,3.241554383909393,6.033977738722913,-4.628002343292336,-7.217153138744519,True,False,False,False,False,True,False,False,False,True,False,True,3.241554383909393,12.985744971685218,-7.576645186487004,-10.235945621751293,True,False,False,False,False,True,False,False,False,True,False,True,3.241554383909393,20.933411443077514,-14.626049599687555,-17.453058776489403,True,False,False,False,False,True,False,False,False,True,False,True,3.241554383909393,147.9984378051162,-124.11638351884397,-129.5482207117153,True,False,False,False,False,True,False,False,False,True,False,True
3y,TAO/USDT:USDT,short,short_pullback_restart,2024-11-02T13:00:00+00:00,2024-11-04T21:00:00+00:00,451.42,406.17,27.07376043,0.10000776838288446,roi,roi,winning_trades,0.6548981953369339,5.084078095378777,-3.956471428219709,6.364046785698465,True,False,True,True,True,False,False,False,True,False,False,True,0.6548981953369339,6.659773001452596,-5.103774281704696,5.3317487040893266,True,False,True,True,True,False,False,False,True,False,False,True,0.6548981953369339,14.582563951054967,-11.411477952581423,-0.34367551282618536,True,False,True,True,True,False,False,False,True,False,False,True,0.6548981953369339,32.806460349114886,-28.835216781150734,-16.02087191528952,True,False,True,True,True,False,False,False,True,False,False,True,0.6548981953369339,35.03212940394417,-26.12945318462711,-13.586332018962372,True,False,True,True,True,False,False,False,True,False,False,True,0.6548981953369339,53.51946229411328,-47.553979860649484,-32.86328031544903,True,False,True,True,True,False,False,False,True,False,False,True,0.6548981953369339,53.9650885097373,-26.13683925449935,-13.592977714766741,True,False,True,True,True,False,False,False,True,False,False,True
3y,NEAR/USDT:USDT,short,short_compression_breakdown,2024-11-02T13:00:00+00:00,2024-11-05T15:00:00+00:00,3.864,3.924,-4.81512932,-0.016404932470594016,stale_loss_72h,timeout,losing_trades,4.6636085626911274,0.0764525993883821,3.3129459734964297,1.7115942028985465,True,False,True,True,False,False,False,False,False,False,True,False,4.6636085626911274,7.135575942915387,-6.447502548419972,-8.200414078674942,True,False,True,True,False,False,False,False,False,True,False,True,4.6636085626911274,8.358817533129455,-3.593272171253834,-5.30186335403728,True,False,True,True,False,False,False,False,False,True,False,True,4.6636085626911274,10.856269113149839,-7.849133537206939,-9.623809523809532,True,False,True,True,False,False,False,False,False,True,False,True,4.6636085626911274,12.003058103975526,-9.3527013251784,-11.150724637681172,True,False,True,True,False,False,False,False,False,True,False,True,4.6636085626911274,46.78899082568807,-29.153924566768595,-31.259420289855065,True,False,True,True,False,False,False,False,False,True,False,True,4.6636085626911274,62.86952089704384,-47.782874617737015,-50.177639751552796,True,False,True,True,False,False,False,False,False,True,False,True
3y,XRP/USDT:USDT,long,long_1d_center_compression,2024-11-23T00:00:00+00:00,2024-11-23T01:00:00+00:00,1.4739,1.6232,46.79668642,0.09998228741136511,roi,roi,winning_trades,-1.2752587481517954,8.033514046328245,-4.76219812715623,4.784998982291883,True,False,True,True,True,False,False,False,True,False,False,True,-1.2752587481517954,8.033514046328245,-4.725234105470675,4.82570730714431,True,False,True,True,True,False,False,False,True,False,False,True,-1.2752587481517954,12.91276490882208,-8.883686545096099,0.2460207612456818,True,False,True,True,True,False,False,False,True,False,False,True,-1.2752587481517954,21.174223755544595,-15.007392804337114,-6.4979917226406165,True,False,True,True,True,False,False,False,True,False,False,True,-1.2752587481517954,21.174223755544595,-10.799655002464268,-1.864027410272069,True,False,True,True,True,False,False,False,True,False,False,True,15.130606209955646,21.174223755544595,13.122227698373587,24.48104349006039,True,True,True,True,True,False,False,True,False,False,True,False,79.64514539181863,21.174223755544595,51.67570231641204,66.93982631114733,True,True,True,True,True,False,False,True,False,False,True,False
3y,BNB/USDT:USDT,long,long_1d_center_compression,2024-11-24T00:00:00+00:00,2024-11-24T12:00:00+00:00,651.13,638.11,-10.35829685,-0.02148680462334518,stop_loss,stop_loss,losing_trades,2.9712745451411253,-0.3118584570058468,2.6202378900189665,0.4682429008032259,True,False,False,False,False,False,True,False,False,False,True,False,4.063562708623897,-0.3118584570058468,3.4006675964958912,1.2330671294518682,True,False,True,False,False,True,False,False,False,False,True,False,6.124335929541934,-0.3118584570058468,4.550939493190823,2.3603381813155564,True,False,True,True,False,True,False,False,False,False,True,False,6.124335929541934,4.315870304492949,-2.7769506824842156,-4.821023451538097,True,False,True,True,False,True,False,False,False,True,False,True,6.124335929541934,5.984861544247865,-2.215918885458618,-4.271210050220382,True,False,True,True,False,True,False,False,False,True,False,True,6.234034884267598,5.984861544247865,3.071570732318883,0.9105508884554605,True,False,True,True,False,True,False,False,False,False,True,False,24.429957217407654,5.984861544247865,16.070896867311273,13.649942407814104,True,True,True,True,True,True,False,False,False,False,True,False
3y,BTC/USDT:USDT,long,long_1d_center_compression,2024-11-22T00:00:00+00:00,2024-11-24T15:00:00+00:00,98366.8,96399.5,-8.59833651,-0.02184181931875102,stop_loss,stop_loss,losing_trades,0.6866218185778912,0.5989657622705451,0.6620366288206858,-1.451167263751597,False,False,False,False,False,False,True,False,False,False,True,False,2.1060275208896284,0.5989657622705451,1.5937842001255131,-0.5380543028745559,True,False,False,False,False,False,True,False,False,False,True,False,2.6965907499520223,1.7988682513913514,-0.37251230556175685,-2.46502559806765,True,False,False,False,False,False,True,False,False,False,False,True,2.6965907499520223,5.027515702882276,-3.653649655859217,-5.6805414021804195,True,False,False,False,False,False,True,False,False,False,False,True,2.6965907499520223,5.739760060996173,-0.8184689754614911,-2.902063297779335,True,False,False,False,False,False,True,False,False,False,False,True,2.6965907499520223,5.739760060996173,0.7073688141535943,-1.4067417055348033,True,False,False,False,False,False,True,False,False,False,True,False,8.538322294202764,6.431049953578598,3.709044134046338,1.5349012065046308,True,True,True,True,True,True,False,False,False,False,True,False
3y,XRP/USDT:USDT,long,long_1d_center_compression,2024-11-30T00:00:00+00:00,2024-11-30T00:00:00+00:00,1.8019,1.7659,-10.06827231,-0.021074695137638096,stop_loss,stop_loss,losing_trades,10.244068180531176,-0.2491647318647692,7.565547312984878,5.316504800488368,True,True,True,True,True,True,False,False,False,False,True,False,10.538535590916808,-0.2491647318647692,3.828076335013301,1.6537044231089322,True,True,True,True,True,True,False,False,False,False,True,False,10.951922532419731,-0.2491647318647692,6.5235857070049255,4.2953604528553155,True,True,True,True,True,True,False,False,False,False,True,False,37.88436491307547,-0.2491647318647692,37.27844158785887,34.43576780065485,True,True,True,True,True,True,False,False,False,False,True,False,62.90276912622459,-0.2491647318647692,52.76629480718048,49.61419057661358,True,True,True,True,True,True,False,False,False,False,True,False,65.1282632085622,-0.2491647318647692,38.73379013534175,35.86204006881624,True,True,True,True,True,True,False,False,False,False,True,False,65.1282632085622,-0.2491647318647692,36.6158899144912,33.78645318830124,True,True,True,True,True,True,False,False,False,False,True,False
3y,ADA/USDT:USDT,long,long_1d_center_compression,2024-12-03T00:00:00+00:00,2024-12-03T03:00:00+00:00,1.2036,1.3258,47.32611587,0.10000208162129634,roi,roi,winning_trades,-0.8824860461608118,5.491024287222823,-4.3747171519082855,5.233998005982056,True,False,True,True,True,False,False,False,True,False,False,True,-0.8824860461608118,14.014180117664822,-9.631920349977383,-0.5569624459953524,True,False,True,True,True,False,False,False,True,False,False,True,-0.8824860461608118,14.014180117664822,-8.734349072258269,0.43173811897640085,True,False,True,True,True,False,False,False,True,False,False,True,-0.8824860461608118,15.794237441544729,-10.7331422537336,-1.7699900299102698,True,False,True,True,True,False,False,False,True,False,False,True,-0.8824860461608118,15.794237441544729,-10.28812792276362,-1.2797939514788959,True,False,True,True,True,False,False,False,True,False,False,True,-0.8824860461608118,32.47850354502942,-25.222507165485,-17.730442007311403,True,False,True,True,True,False,False,False,True,False,False,True,-0.8824860461608118,32.47850354502942,-18.864082063659676,-10.726453971419069,True,False,True,True,True,False,False,False,True,False,False,True
3y,SOL/USDT:USDT,short,short_compression_breakdown,2024-12-18T20:00:00+00:00,2024-12-19T19:00:00+00:00,211.54,190.187,28.12139137,0.10000227156082668,roi,roi,winning_trades,1.5705595019638685,4.09754609936535,-2.0469327556562753,8.153758154486141,True,False,True,True,True,False,False,False,True,False,False,True,1.5705595019638685,4.954597317377108,-0.5484076198688543,9.50102108348303,True,False,True,True,True,False,False,False,True,False,False,True,7.880139021068749,4.954597317377108,-0.6693412273183741,9.3922946014938,True,True,True,True,True,False,False,True,False,True,False,True,7.880139021068749,6.179707340669965,4.614931619931969,14.143169140588066,True,True,True,True,True,False,False,True,False,False,True,False,7.880139021068749,6.179707340669965,6.20284246557337,15.570795121490027,True,True,True,True,True,False,False,True,False,False,True,False,7.880139021068749,6.179707340669965,0.5978326594351877,10.531559043206949,True,True,True,True,True,False,False,True,False,False,True,False,7.880139021068749,10.664766782167018,-8.640443353120872,2.2258012668998712,True,True,True,True,True,False,False,True,False,True,False,True
3y,NEAR/USDT:USDT,short,short_pullback_restart,2024-12-30T14:00:00+00:00,2025-01-01T20:00:00+00:00,5.049,5.281,-10.10359501,-0.04656067899545999,trailing_stop_loss,trailing_stop_loss,losing_trades,0.6059458435902297,2.064003029729218,-1.4580571861389882,-6.220023767082576,False,False,False,False,False,False,True,False,False,False,False,True,0.6059458435902297,3.256958909297493,-3.010793410338964,-7.844107744107744,False,False,False,False,False,False,True,False,False,False,False,True,0.6059458435902297,5.453512592312068,-2.4427191819731195,-7.249930679342439,False,False,False,False,False,False,True,False,False,False,False,True,0.6059458435902297,10.376822571482675,-8.843022154894916,-13.944325609031488,False,False,False,False,False,False,True,False,False,False,False,True,0.6059458435902297,12.34614656315092,-10.793410338950963,-15.984333531392345,False,False,False,False,False,False,True,False,False,False,False,True,8.009846619958342,18.007953039197133,4.071198636621849,-0.436700336700326,True,True,True,True,False,True,False,False,False,False,True,False,16.663510698731297,18.007953039197133,0.359780344631701,-4.318657159833615,True,True,True,True,True,True,False,False,False,False,True,False
3y,BTC/USDT:USDT,short,short_pullback_restart,2025-01-12T10:00:00+00:00,2025-01-12T15:00:00+00:00,93859.1,95051.1,-6.4322755,-0.013713093875017578,trailing_stop_loss,trailing_stop_loss,losing_trades,0.8354453551826395,0.2387137024190085,0.7892596719028098,-0.570705557585773,False,False,False,False,False,False,True,False,False,False,True,False,1.3926193384400722,0.929394820259833,0.8792112874022621,-0.47961156669943383,True,True,False,False,False,False,True,False,False,False,True,False,6.461892603031427,0.929394820259833,3.1114842437383676,1.781011004793355,True,True,True,True,True,True,False,False,False,False,True,False,6.461892603031427,2.422696844118572,-1.4367008903631744,-2.824935568314624,True,True,True,True,True,True,False,False,False,True,False,True,6.461892603031427,4.939974392721388,-4.094955239865702,-5.516949448694892,True,True,True,True,True,True,False,False,False,True,False,True,6.461892603031427,11.291715719228913,-10.399564023982883,-11.901626054372985,True,True,True,True,True,True,False,False,False,True,False,True,6.461892603031427,15.72722461917852,-10.382625766561342,-11.884472682989703,True,True,True,True,True,True,False,False,False,True,False,True
3y,TAO/USDT:USDT,short,short_pullback_restart,2025-01-15T10:00:00+00:00,2025-01-15T13:00:00+00:00,404.06,423.84,-10.81308283,-0.049952368146327926,stop_loss,stop_loss,losing_trades,0.34682899207247325,8.307380143450366,-7.868535296338247,-13.249037271692321,False,False,False,False,False,False,True,False,False,False,False,True,0.34682899207247325,11.09616836542092,-5.827670819177059,-11.108266099094198,False,False,False,False,False,False,True,False,False,False,False,True,0.34682899207247325,11.09616836542092,-8.838240845602122,-14.266212938672476,False,False,False,False,False,False,True,False,False,False,False,True,0.34682899207247325,14.64231785579464,-12.495281238203104,-18.10227688957086,False,False,False,False,False,False,True,False,False,False,False,True,0.34682899207247325,16.756323140807865,-8.095035862589658,-13.486625748651186,False,False,False,False,False,False,True,False,False,False,False,True,8.821725179312946,16.756323140807865,3.2134767836919473,-1.6245260604860725,True,True,True,True,False,True,False,False,False,False,True,False,14.448848622121545,17.33201208003021,-10.44026047565119,-15.94665643716279,True,True,True,True,True,True,False,False,False,True,False,True
3y,NEAR/USDT:USDT,short,short_pullback_restart,2025-01-15T10:00:00+00:00,2025-01-15T13:00:00+00:00,4.896,5.1,-10.658898,-0.04270885442721361,stop_loss,stop_loss,losing_trades,-0.2156862745098063,4.098039215686285,-3.5098039215686327,-7.922712418300653,False,False,False,False,False,False,True,False,False,False,False,True,-0.2156862745098063,4.666666666666675,-2.8823529411764754,-7.269117647058823,False,False,False,False,False,False,True,False,False,False,False,True,0.37254901960782827,5.019607843137259,-3.450980392156866,-7.86143790849673,False,False,False,False,False,False,True,False,False,False,False,True,0.37254901960782827,10.176470588235297,-9.039215686274517,-13.682516339869283,False,False,False,False,False,False,True,False,False,False,False,True,0.37254901960782827,15.333333333333336,-7.901960784313736,-12.497875816993469,False,False,False,False,False,False,True,False,False,False,False,True,6.843137254901947,15.333333333333336,-0.17647058823530082,-4.450490196078434,True,True,True,False,False,True,False,False,False,True,False,True,16.686274509803923,15.333333333333336,13.74509803921568,10.05114379084967,True,True,True,True,True,True,False,False,False,False,True,False
3y,SUI/USDT:USDT,short,short_pullback_restart,2025-01-26T21:00:00+00:00,2025-01-27T05:00:00+00:00,4.0779,3.6667,39.37516336,0.10000595745271601,roi,roi,winning_trades,4.988136471486625,1.4263506695393622,2.454523140698717,12.190639790088023,True,True,True,True,True,False,False,True,False,False,True,False,4.988136471486625,5.708129926091575,-1.6581667439386902,8.49265798572794,True,True,True,True,True,False,False,True,False,True,False,True,4.988136471486625,9.471732075162958,-8.285379223825233,2.5337085264474295,True,True,True,True,True,False,False,True,False,True,False,True,4.988136471486625,9.471732075162958,-1.9499822728884255,8.230268030113532,True,True,True,True,True,False,False,True,False,True,False,True,4.988136471486625,10.224452504977222,-9.079008372651156,1.8201059368792663,True,True,True,True,True,False,False,True,False,True,False,True,34.9551367714839,16.003490877355652,16.58439468732102,24.895708575492275,True,True,True,True,True,False,False,True,False,False,True,False,34.9551367714839,16.003490877355652,14.555322224343417,23.071240099070593,True,True,True,True,True,False,False,True,False,False,True,False
3y,ZEC/USDT:USDT,short,short_pullback_restart,2025-01-26T22:00:00+00:00,2025-01-27T07:00:00+00:00,45.91,41.28,38.36141897,0.10004747689544032,roi,roi,winning_trades,1.5261627906976807,3.3914728682170505,-1.5019379844961178,8.634480505336525,True,True,True,True,True,False,False,False,True,False,False,True,1.5261627906976807,3.803294573643411,-1.2112403100775193,8.895861468089732,True,True,True,True,True,False,False,False,True,False,False,True,1.5261627906976807,6.0562015503875966,-4.748062015503878,5.715726421258974,True,True,True,True,True,False,False,False,True,False,False,True,1.5261627906976807,8.648255813953488,-4.312015503875972,6.107797865388792,True,True,True,True,True,False,False,False,True,False,False,True,1.5261627906976807,8.648255813953488,-7.122093023255808,3.5811152254410756,True,True,True,True,True,False,False,False,True,False,False,True,41.52131782945737,10.925387596899219,23.958333333333336,31.527096493138746,True,True,True,True,True,False,False,True,False,False,True,False,41.52131782945737,10.925387596899219,20.469961240310084,28.390524940100192,True,True,True,True,True,False,False,True,False,False,True,False
3y,NEAR/USDT:USDT,short,short_pullback_restart,2025-01-26T22:00:00+00:00,2025-01-27T07:00:00+00:00,4.898,4.403,30.86964998,0.10008974355021204,roi,roi,winning_trades,0.2725414490120274,4.724051782875317,-2.316602316602324,7.923683135973864,True,False,True,True,True,False,False,False,True,False,False,True,0.2725414490120274,5.6552350669997855,-1.7488076311605916,8.434095549203741,True,False,True,True,True,False,False,False,True,False,False,True,0.2725414490120274,6.699977288212601,-3.6111741994095095,6.759942833809706,True,False,True,True,True,False,False,False,True,False,False,True,3.497615262321143,6.699977288212601,-1.4081308198955322,8.740342997141687,True,True,True,True,True,False,False,True,False,True,False,True,3.497615262321143,6.699977288212601,-3.02066772655008,7.290771743568807,True,True,True,True,True,False,False,True,False,True,False,True,38.56461503520327,10.084033613445397,21.916874858051315,29.708084932625557,True,True,True,True,True,False,False,True,False,False,True,False,38.56461503520327,10.084033613445397,27.36770383829207,34.6080440996325,True,True,True,True,True,False,False,True,False,False,True,False
3y,BNB/USDT:USDT,short,short_pullback_restart,2025-01-28T22:00:00+00:00,2025-01-29T04:00:00+00:00,661.01,678.16,-11.58273025,-0.02697160292525803,stop_loss,stop_loss,losing_trades,1.363984900318509,0.151881561873317,1.1088828595021798,-1.5568614695692948,False,False,False,False,False,False,True,False,False,False,True,False,2.5348000471864958,0.151881561873317,2.2133419841925197,-0.42374699323761916,True,False,False,False,False,False,True,False,False,False,True,False,2.792851244544052,0.151881561873317,0.05308481774212776,-2.6400523441400225,True,False,False,False,False,False,True,False,False,False,True,False,2.792851244544052,0.7446620266603852,0.47776335967913314,-2.2043554560445333,True,False,False,False,False,False,True,False,False,False,True,False,2.792851244544052,1.6765954936888057,0.0928984310487194,-2.5992057608810732,True,False,False,False,False,False,True,False,False,False,True,False,26.412645983248783,1.6765954936888057,15.023003421021588,12.718262961226007,True,True,True,True,True,True,False,False,False,False,True,False,26.412645983248783,1.6765954936888057,7.42007785773268,4.918078395183122,True,True,True,True,True,True,False,False,False,False,True,False
3y,ETH/USDT:USDT,short,short_pullback_restart,2025-01-28T17:00:00+00:00,2025-01-30T09:00:00+00:00,3149.41,3227.62,-11.39184825,-0.025485540357887193,trailing_stop_loss,trailing_stop_loss,losing_trades,0.6651960267937304,1.6225577980059576,-0.8294037092346678,-3.4333227493403533,False,False,False,False,False,False,True,False,False,False,False,True,0.6651960267937304,1.7034223359627225,-0.48394792447685575,-3.0792881841360744,False,False,False,False,False,False,True,False,False,False,False,True,0.6651960267937304,1.7034223359627225,-1.1711415842013677,-3.7835470770715856,False,False,False,False,False,False,True,False,False,False,False,True,0.6651960267937304,6.468233559093077,-0.22648267144211356,-2.815429239127328,False,False,False,False,False,False,True,False,False,False,False,True,4.981689294278755,6.468233559093077,3.6441712469249756,1.1513454901076663,True,False,True,False,False,True,False,False,False,False,True,False,35.55034359682986,6.468233559093077,11.687559254187295,9.394476743263024,True,True,True,True,True,True,False,False,False,False,True,False,35.55034359682986,6.468233559093077,16.901617910410767,14.738017279426941,True,True,True,True,True,True,False,False,False,False,True,False
3y,DOGE/USDT:USDT,short,short_compression_breakdown,2025-02-01T20:00:00+00:00,2025-02-02T16:00:00+00:00,0.31499,0.28323,24.96705573,0.10000335687011892,roi,roi,winning_trades,11.92317198036931,0.27186385622991666,6.475302757476245,15.805266833867734,True,True,True,True,True,False,False,True,False,False,True,False,28.67987148254068,0.27186385622991666,21.39956925466934,29.22474046795136,True,True,True,True,True,False,False,True,False,False,True,False,28.67987148254068,0.27186385622991666,4.974755499064362,14.456017651354012,True,True,True,True,True,False,False,True,False,False,True,False,28.67987148254068,3.3612258588426474,5.479645517777064,14.910000317470393,True,True,True,True,True,False,False,True,False,False,True,False,28.67987148254068,3.3612258588426474,8.187691981781589,17.34499825391282,True,True,True,True,True,False,False,True,False,False,True,False,28.67987148254068,3.3612258588426474,10.306111640716024,19.249820629226328,True,True,True,True,True,False,False,True,False,False,True,False,28.67987148254068,3.3612258588426474,5.860961056385271,15.252868345026831,True,True,True,True,True,False,False,True,False,False,True,False
3y,ETH/USDT:USDT,short,short_compression_breakdown,2025-02-01T20:00:00+00:00,2025-02-02T22:00:00+00:00,3195.18,2873.41,31.93629056,0.10000146061676235,roi,roi,winning_trades,27.605527926749048,0.03480185563494245,14.679422706818718,23.171615370652038,True,True,True,True,True,False,False,True,False,False,True,False,27.605527926749048,0.03480185563494245,9.20509081544228,18.24857504115574,True,True,True,True,True,False,False,True,False,False,True,False,27.605527926749048,1.5984492293129173,0.19315029877392115,10.144180296571701,True,True,True,True,True,False,False,True,False,False,True,False,27.605527926749048,1.5984492293129173,6.644370277823216,15.94573138289549,True,True,True,True,True,False,False,True,False,False,True,False,27.605527926749048,1.5984492293129173,3.9990812310112327,13.566835671229786,True,True,True,True,True,False,False,True,False,False,True,False,27.605527926749048,1.5984492293129173,9.005676182654058,18.06924242139723,True,True,True,True,True,False,False,True,False,False,True,False,27.605527926749048,1.5984492293129173,6.799586553955045,16.085316633178714,True,True,True,True,True,False,False,True,False,False,True,False
3y,SOL/USDT:USDT,short,short_compression_breakdown,2025-02-05T16:00:00+00:00,2025-02-09T02:00:00+00:00,201.64,201.82,-0.58536089,-0.002016980609207379,stale_loss_72h,timeout,losing_trades,0.41621246655435706,2.6954712119710624,-0.5747695966702986,-0.76455068438802,True,False,False,False,False,False,False,False,False,False,False,True,2.7351104945000406,2.6954712119710624,1.228817758398568,1.0406466970839034,True,False,True,False,False,False,False,False,False,False,True,False,4.261222871866017,2.6954712119710624,1.5162025567337243,1.3282880380876787,True,False,True,True,False,False,False,False,False,False,True,False,4.261222871866017,3.508076503815287,0.2675651570706531,0.0785360047609528,True,False,True,True,False,False,False,False,False,False,True,False,4.261222871866017,3.508076503815287,3.1017738578931677,2.9152747470739855,True,False,True,True,False,False,False,False,False,False,True,False,6.699038747398663,3.508076503815287,4.147259934595186,3.9616941083118418,True,False,True,True,True,False,False,False,False,False,True,False,20.33990684768605,3.508076503815287,15.617877316420564,15.442551081134685,True,True,True,True,True,False,False,False,False,False,True,False
3y,BTC/USDT:USDT,short,short_pullback_restart,2025-02-09T14:00:00+00:00,2025-02-10T05:00:00+00:00,95835.5,97377.7,-8.17165491,-0.017062033967351755,stop_loss,stop_loss,losing_trades,0.6557969637812264,0.5671729769752243,-0.25621882628158194,-1.9695577317382358,False,False,False,False,False,False,True,False,False,False,False,True,0.6557969637812264,0.9758907840296115,-0.0794843172512893,-1.7899791830793452,False,False,False,False,False,False,True,False,False,False,False,True,0.6557969637812264,1.1342432610340971,-1.0280587855330388,-2.753818261500178,False,False,False,False,False,False,True,False,False,False,False,True,2.632430217596015,1.1342432610340971,1.5681208325930884,-0.11586051097974871,True,False,True,False,False,True,False,False,False,False,True,False,3.464653611658525,1.1342432610340971,0.769067250510121,-0.9277725894892843,True,True,True,False,False,True,False,False,False,False,True,False,3.464653611658525,1.4532074592026778,1.2109548695440508,-0.47877404510854543,True,True,True,False,False,True,False,False,False,False,True,False,4.165327379882655,2.1091071159002555,1.7417745541330216,0.06058767366998051,True,True,True,False,False,True,False,False,False,False,True,False
3y,LINK/USDT:USDT,short,short_pullback_restart,2025-02-06T15:00:00+00:00,2025-02-11T02:00:00+00:00,19.124,19.192,-1.13585986,-0.004498424141821385,stale_loss_72h,timeout,losing_trades,0.7503126302626194,3.1002501042100814,-2.1154647769904065,-2.578560970508263,True,False,False,False,False,False,False,False,False,False,False,True,1.9226761150479352,3.1002501042100814,-0.1042100875364713,-0.5601547793348723,True,False,True,False,False,False,False,False,False,False,False,True,5.121925802417677,3.1002501042100814,3.147144643601497,2.702760928675998,True,False,True,True,False,False,False,False,False,False,True,False,8.1440183409754,3.1002501042100814,0.3699458107544889,-0.08431290524994711,True,False,True,True,True,False,False,False,False,False,True,False,8.1440183409754,3.1002501042100814,2.547936640266782,2.1014222965906684,True,False,True,True,True,False,False,False,False,False,True,False,8.1440183409754,3.376406836181741,2.037307211338067,1.5889772014222987,True,False,True,True,True,False,False,False,False,False,True,False,22.712588578574405,3.376406836181741,20.05523134639433,19.67096841664923,True,True,True,True,True,False,False,False,False,False,True,False
3y,DOGE/USDT:USDT,short,short_pullback_restart,2025-02-09T14:00:00+00:00,2025-02-11T02:00:00+00:00,0.24924,0.26045,-11.64792486,-0.04566127800336434,stop_loss,stop_loss,losing_trades,1.777692455365722,3.6283355730466336,-2.530236129775383,-7.241710800834541,False,False,False,False,False,False,True,False,False,False,False,True,2.0234210021117285,3.6283355730466336,0.4069879055480919,-4.172380035307342,False,False,False,False,False,False,True,False,False,False,True,False,4.6880399308888565,3.6283355730466336,3.5016317911307415,-0.9385491895361935,True,False,False,False,False,True,False,False,False,False,True,False,5.386830485697836,3.6283355730466336,-1.04050681512766,-5.68497833413578,True,False,True,False,False,True,False,False,False,True,False,True,5.386830485697836,3.6283355730466336,-0.5951238241505071,-5.219563472957801,True,False,True,False,False,True,False,False,False,True,False,True,5.386830485697836,10.04799385678632,1.1902476483010143,-3.353891831166761,True,False,True,False,False,True,False,False,False,False,True,False,21.87751967748128,10.04799385678632,18.31829525820695,14.544519338789913,True,True,True,True,True,True,False,False,False,False,True,False
3y,SOL/USDT:USDT,short,short_pullback_restart,2025-02-16T14:00:00+00:00,2025-02-18T06:00:00+00:00,190.56,171.252,36.37930759,0.10000150106814303,roi,roi,winning_trades,4.795272463971234,0.13313713124517096,0.39240417630158886,10.384886649874051,True,True,True,True,True,False,False,True,False,False,True,False,6.120804428561417,0.13313713124517096,4.298927895732618,13.895591939546609,True,True,True,True,True,False,False,True,False,False,True,False,6.120804428561417,0.13313713124517096,1.9573494032186507,11.791267842149452,True,True,True,True,True,False,False,True,False,False,True,False,6.120804428561417,2.124354752061276,-0.2674421320626903,9.791897565071366,True,True,True,True,True,False,False,True,False,True,False,True,6.120804428561417,3.1170438885385243,-2.7141288860859993,7.593115029387068,True,True,True,True,True,False,False,True,False,True,False,True,20.649101908298896,5.388550206712902,19.28269450867728,27.361167086481952,True,True,True,True,True,False,False,True,False,False,True,False,26.70450564081004,5.388550206712902,20.158596687921904,28.1483207388749,True,True,True,True,True,False,False,True,False,False,True,False
3y,SUI/USDT:USDT,short,short_compression_breakdown,2025-02-16T14:00:00+00:00,2025-02-18T16:00:00+00:00,3.3265,2.99,38.49815827,0.09999103597216065,roi,roi,winning_trades,2.3779264214046947,2.5585284280936382,-2.197324414715707,8.040688411243046,True,True,True,True,True,False,False,False,True,False,False,True,2.3779264214046947,3.6053511705685506,-0.6622073578595182,9.420517059972946,True,True,True,True,True,False,False,False,True,False,False,True,2.3779264214046947,8.702341137123737,-8.284280936454834,2.5694724184578384,True,True,True,True,True,False,False,False,True,False,False,True,2.3779264214046947,12.498327759197322,-11.638795986622068,-0.44570870284083247,True,True,True,True,True,False,False,False,True,False,False,True,2.3779264214046947,19.33779264214046,-15.227424749163873,-3.6713212084773863,True,True,True,True,True,False,False,False,True,False,False,True,11.933110367892983,19.33779264214046,6.190635451505025,15.5801442958064,True,True,True,True,True,False,False,True,False,False,True,False,24.66555183946489,19.33779264214046,21.190635451505027,29.062783706598527,True,True,True,True,True,False,False,True,False,False,True,False
3y,DOGE/USDT:USDT,short,short_compression_breakdown,2025-02-18T06:00:00+00:00,2025-02-21T07:00:00+00:00,0.25231,0.25354,-1.80172436,-0.005914310948414196,stale_loss_72h,timeout,losing_trades,0.30369961347321645,3.021219531434882,-2.8042912360968706,-3.405457572034408,False,False,False,False,False,False,False,False,False,False,False,True,6.16865188924824,3.021219531434882,5.403486629328702,4.842332844516658,True,True,True,True,True,False,False,False,False,False,True,False,7.624043543425095,3.021219531434882,3.8573795061923106,3.2886885180928123,True,True,True,True,True,False,False,False,False,False,True,False,7.624043543425095,3.021219531434882,2.6662459572454007,2.091748246205057,True,True,True,True,True,False,False,False,False,False,True,False,10.743866845468165,3.021219531434882,8.050011832452467,7.501759740002369,True,True,True,True,True,False,False,False,False,False,True,False,27.991638400252416,3.021219531434882,26.926717677683992,26.47048868455471,True,True,True,True,True,False,False,False,False,False,True,False,28.45310404669874,3.021219531434882,20.852725408219612,20.3668859736039,True,True,True,True,True,False,False,False,False,False,True,False
3y,DOGE/USDT:USDT,short,short_pullback_restart,2025-02-23T16:00:00+00:00,2025-02-24T22:00:00+00:00,0.24063,0.21634,39.83197612,0.10000896918695187,roi,roi,winning_trades,5.948969215124338,-0.919848386798554,3.9752241841545697,13.568287412209617,True,True,True,True,True,False,False,True,False,False,True,False,9.6560968845336,-0.919848386798554,6.244799852084679,15.608764493205335,True,True,True,True,True,False,False,True,False,False,True,False,9.6560968845336,-0.859757788665989,1.7749838217620457,11.590146698250432,True,True,True,True,True,False,False,True,False,False,True,False,9.6560968845336,-0.859757788665989,5.2741055745585665,14.73605535469393,True,True,True,True,True,False,False,True,False,False,True,False,9.6560968845336,-0.859757788665989,4.539151335860217,14.075289864106718,True,True,True,True,True,False,False,True,False,False,True,False,16.150503836553572,11.87482666173615,7.6268836091337775,16.851336076133492,True,True,True,True,True,False,False,True,False,False,True,False,30.48442266802256,11.87482666173615,28.19635758528242,35.34445829697045,True,True,True,True,True,False,False,True,False,False,True,False
3y,SOL/USDT:USDT,short,short_compression_breakdown,2025-02-24T02:00:00+00:00,2025-02-24T22:00:00+00:00,163.52,147.02,29.25545254,0.10000002590970676,roi,roi,winning_trades,7.570398585226515,-1.7548632839069596,6.196435859066803,15.561692759295505,True,True,True,True,True,False,False,True,False,False,True,False,10.406747381308673,-1.7548632839069596,7.046660318324046,16.326125244618403,True,True,True,True,True,False,False,True,False,False,True,False,10.406747381308673,-0.01360359134812286,1.5099986396408642,11.348140900195693,True,True,True,True,True,False,False,True,False,False,True,False,11.209359270847516,-0.01360359134812286,7.692830907359544,16.907093933463795,True,True,True,True,True,False,False,True,False,False,True,False,11.209359270847516,-0.01360359134812286,6.148823289348401,15.518884540117428,True,True,True,True,True,False,False,True,False,False,True,False,14.623860699224602,22.432322133043115,2.979186505237399,12.669080234833674,True,True,True,True,True,False,False,True,False,False,True,False,21.486872534349068,22.432322133043115,19.099442252754734,27.162720156555782,True,True,True,True,True,False,False,True,False,False,True,False
3y,LINK/USDT:USDT,short,short_pullback_restart,2025-02-24T03:00:00+00:00,2025-02-24T22:00:00+00:00,17.26,15.515,38.50096673,0.09998937513607434,roi,roi,winning_trades,4.395746052207543,0.1546890106348639,3.2420238478891403,12.924333719582856,True,True,True,True,True,False,False,True,False,False,True,False,9.642281662906866,0.1546890106348639,6.045762165646153,15.444611819235234,True,True,True,True,True,False,False,True,False,False,True,False,9.642281662906866,0.37383177570093346,0.6316467934257218,10.577867902665131,True,True,True,True,True,False,False,True,False,False,True,False,9.642281662906866,1.6435707379954818,0.45117628101837115,10.415643105446124,True,True,True,True,True,False,False,True,False,False,True,False,9.642281662906866,1.6435707379954818,2.6490493071221484,12.39130938586328,True,True,True,True,True,False,False,True,False,False,True,False,13.316145665485019,13.000322268772152,5.388333870447956,14.853650057937434,True,True,True,True,True,False,False,True,False,False,True,False,20.019336126329357,13.825330325491455,17.705446342249434,25.92549246813442,True,True,True,True,True,False,False,True,False,False,True,False
3y,ETH/USDT:USDT,short,short_pullback_restart,2025-02-26T13:00:00+00:00,2025-02-28T01:00:00+00:00,2431.94,2187.29,37.67575454,0.09999875803631737,roi,roi,winning_trades,5.362343356390784,1.7565114822451562,3.7672187958615497,13.348111384326922,True,True,True,True,True,False,False,True,False,False,True,False,5.362343356390784,1.7565114822451562,1.6815328557255667,11.47224273625171,True,True,True,True,True,False,False,True,False,False,True,False,5.362343356390784,3.4613608620713316,-2.9630273077644,7.294919282548094,True,True,True,True,True,False,False,True,False,True,False,True,5.362343356390784,4.227148663414547,-1.4858569279793719,8.62348824395339,True,True,True,True,True,False,False,True,False,True,False,True,5.362343356390784,16.58262050299686,-12.376045243200481,-1.1711612950977297,True,True,True,True,True,False,False,True,False,True,False,True,9.477481266773037,16.58262050299686,0.6044008796272923,10.50346883557982,True,True,True,True,True,False,False,True,False,False,True,False,19.87802257588157,16.58262050299686,14.028318147113547,22.576957490727565,True,True,True,True,True,False,False,True,False,False,True,False
3y,BTC/USDT:USDT,short,short_pullback_restart,2025-02-26T14:00:00+00:00,2025-02-28T08:00:00+00:00,87150.0,78396.2,43.55340217,0.10000043549026377,roi,roi,winning_trades,-0.6030904559149588,5.2346924978506655,-4.668338516407687,5.745094664371773,True,False,True,True,True,False,False,False,True,False,False,True,-0.6030904559149588,8.531408410101514,-7.329819557580601,3.3509466437177284,True,False,True,True,True,False,False,False,True,False,False,True,-0.6030904559149588,10.358027557458147,-8.755271301415124,2.0686746987951805,True,False,True,True,True,False,False,False,True,False,False,True,-0.6030904559149588,10.358027557458147,-9.308359333743228,1.57114170969592,True,False,True,True,True,False,False,False,True,False,False,True,-0.6030904559149588,21.142351287434856,-16.639071791745017,-5.023235800344241,True,False,True,True,True,False,False,False,True,False,False,True,-0.6030904559149588,21.142351287434856,-12.645765993759905,-1.4310384394721745,True,False,True,True,True,False,False,False,True,False,False,True,2.342205361994583,21.142351287434856,-5.314160635336925,5.164142283419388,True,True,True,True,True,False,False,False,True,False,False,True
3y,LINK/USDT:USDT,short,short_pullback_restart,2025-03-02T14:00:00+00:00,2025-03-02T15:00:00+00:00,14.605,14.954,-13.77269187,-0.02492033418283945,stop_loss,stop_loss,losing_trades,-1.899157416075959,17.06566804868262,-15.808479336632345,-18.67583019513866,False,False,False,False,False,False,True,False,False,False,False,True,-1.899157416075959,17.23953457268958,-12.31108733449245,-15.094864772338248,False,False,False,False,False,False,True,False,False,False,False,True,-1.899157416075959,17.23953457268958,-8.679951852347186,-11.376959945224227,False,False,False,False,False,False,True,False,False,False,False,True,10.866657750434666,17.23953457268958,7.56319379430253,5.254330708661417,True,True,True,True,True,True,False,False,False,False,True,False,12.645446034505817,17.23953457268958,-4.881637020195257,-7.48788086271824,True,True,True,True,True,True,False,False,False,True,False,True,12.645446034505817,18.095492844723815,4.386786144175475,2.0020198562136278,True,True,True,True,True,True,False,False,False,False,True,False,20.83054701083322,18.095492844723815,9.923766216396949,7.671311194796301,True,True,True,True,True,True,False,False,False,False,True,False
3y,BTC/USDT:USDT,short,short_pullback_restart,2025-03-02T15:00:00+00:00,2025-03-02T15:00:00+00:00,85076.4,86618.0,-11.3921304,-0.019138813239221834,stop_loss,stop_loss,losing_trades,-0.7134775681728971,9.643492114802928,-8.805444595811501,-10.877019243879634,False,False,False,False,False,False,True,False,False,False,False,True,-0.7134775681728971,9.643492114802928,-6.975455448059295,-9.013870356526612,False,False,False,False,False,False,True,False,False,False,False,True,-0.7134775681728971,9.643492114802928,-3.915467916599321,-5.898435288752235,False,False,False,False,False,False,True,False,False,False,False,True,6.255050913205107,9.643492114802928,4.240458103396523,2.4052776093017503,True,True,True,True,False,True,False,False,False,False,True,False,6.255050913205107,9.643492114802928,-1.9564062896857533,-3.903875105199576,True,True,True,True,False,True,False,False,False,True,False,True,6.255050913205107,9.643492114802928,4.1417488281881365,2.3047797038896736,True,True,True,True,False,True,False,False,False,False,True,False,11.611905146736245,9.643492114802928,3.8537024636911497,2.0115138863421516,True,True,True,True,True,True,False,False,False,False,True,False
3y,BNB/USDT:USDT,short,short_pullback_restart,2025-02-27T15:00:00+00:00,2025-03-02T16:00:00+00:00,602.84,613.05,-8.09632354,-0.018925381660290196,stale_loss_72h,timeout,losing_trades,-0.36049261887285483,3.4988989478835406,-1.5936709893157324,-3.414312255324799,False,False,False,False,False,False,False,False,False,False,False,True,0.9248837778321441,3.4988989478835406,0.040779708017290604,-1.75217968283457,False,False,False,False,False,False,False,False,False,False,True,False,4.412364407470835,3.4988989478835406,3.0095424516760354,1.2668635127065238,True,False,True,False,False,False,False,False,False,False,True,False,11.017045917951222,3.4988989478835406,7.279993475246717,5.609641032446432,True,True,True,True,True,False,False,False,False,False,True,False,11.017045917951222,3.4988989478835406,3.469537558111081,1.7346493265211431,True,True,True,True,True,False,False,False,False,False,True,False,11.017045917951222,3.4988989478835406,8.687708996003588,7.0411983279145485,True,True,True,True,True,False,False,False,False,False,True,False,17.385205121931318,3.4988989478835406,1.6230323790881545,-0.14312918850772857,True,True,True,True,True,False,False,False,False,False,True,False
3y,DOGE/USDT:USDT,short,short_compression_breakdown,2025-03-09T03:00:00+00:00,2025-03-09T16:00:00+00:00,0.18989,0.17074,34.24255616,0.1000103047259637,roi,roi,winning_trades,3.221272109640392,1.1655148178516994,2.313459060559921,12.064937595450003,True,True,True,True,True,False,False,True,False,False,True,False,3.683963921752366,2.1904650345554604,-2.155323884268472,8.04682184422561,True,True,True,True,True,False,False,True,False,True,False,True,5.165749092186948,5.950568115262974,4.673772988169154,14.187218916214658,True,True,True,True,True,False,False,True,False,False,True,False,16.42848775916598,5.950568115262974,4.662059271406814,14.176686502712094,True,True,True,True,True,False,False,True,False,False,True,False,16.42848775916598,5.950568115262974,2.7878645894342355,12.491500342303446,True,True,True,True,True,False,False,True,False,False,True,False,16.42848775916598,5.950568115262974,0.591542696497605,10.516672810574548,True,True,True,True,True,False,False,True,False,False,True,False,16.42848775916598,5.950568115262974,-0.03514115028698869,9.953188688187895,True,True,True,True,True,False,False,True,False,True,False,True
3y,ZEC/USDT:USDT,short,short_pullback_restart,2025-03-09T03:00:00+00:00,2025-03-10T18:00:00+00:00,31.98,28.74,36.46563116,0.09998545622715631,roi,roi,winning_trades,3.0967292971468234,3.8622129436325787,0.2435629784272677,10.250218886804248,True,True,True,True,True,False,False,True,False,False,True,False,3.0967292971468234,4.627696590118309,-1.878914405010448,8.34277673545966,True,True,True,True,True,False,False,True,False,True,False,True,3.0967292971468234,7.794015309672937,-7.515657620041755,3.2771106941838704,True,True,True,True,True,False,False,True,False,True,False,True,3.0967292971468234,8.072372999304108,-1.5657620041753755,8.62420262664165,True,True,True,True,True,False,False,True,False,True,False,True,3.0967292971468234,8.420320111343083,-5.4627696590118315,5.122013758599129,True,True,True,True,True,False,False,True,False,True,False,True,3.0967292971468234,20.842032011134304,-19.972164231036878,-7.917385866166343,True,True,True,True,True,False,False,True,False,True,False,True,3.0967292971468234,21.259568545581082,-11.029923451635359,0.11888680425265878,True,True,True,True,True,False,False,True,False,True,False,True
3y,BTC/USDT:USDT,short,short_pullback_restart,2025-03-09T10:00:00+00:00,2025-03-11T00:00:00+00:00,85532.9,76922.2,59.84298186,0.09999981347053855,roi,roi,winning_trades,0.2037123223204707,4.667183205888555,-4.082826544222612,6.2953168897582,True,False,True,True,True,False,False,False,True,False,False,True,0.2037123223204707,6.681166165294289,-5.563153419948992,4.9640163024987976,True,False,True,True,True,False,False,False,True,False,False,True,0.2037123223204707,8.681238966124218,-7.539175946605796,3.1869223421630677,True,False,True,True,True,False,False,False,True,False,False,True,0.2037123223204707,9.834352111614077,-8.437356185860516,2.3791629887446817,True,False,True,True,True,False,False,False,True,False,False,True,0.2037123223204707,9.834352111614077,-5.896607221322327,4.664131696692143,True,False,True,True,True,False,False,False,True,False,False,True,0.2037123223204707,10.852523718770394,-8.879621227682007,1.9814213010432107,True,False,True,True,True,False,False,False,True,False,False,True,0.2037123223204707,15.378915319634649,-13.82474760212267,-2.465873248773286,True,False,True,True,True,False,False,False,True,False,False,True
3y,BTC/USDT:USDT,short,short_pullback_restart,2025-03-13T14:00:00+00:00,2025-03-14T15:00:00+00:00,81730.5,84464.4,-14.02833698,-0.03434545159353892,stop_loss,stop_loss,losing_trades,0.9586287240541544,0.5261388229834211,0.36050691178768807,-3.072452144548234,False,False,False,False,False,False,True,False,False,False,True,False,0.9586287240541544,0.5261388229834211,0.02900630324728525,-3.415041508372021,False,False,False,False,False,False,True,False,False,False,True,False,1.0654192772339521,0.5261388229834211,0.19961072357110365,-3.238730339347004,False,False,False,False,False,False,True,False,False,False,True,False,2.522956417141423,0.5261388229834211,1.4022475741258973,-1.995865068731991,False,False,False,False,False,False,True,False,False,False,True,False,3.00576337486561,0.7951278881990589,1.1429667410175106,-2.2638188925798817,False,False,False,False,False,True,False,False,False,False,True,False,3.9672335327072643,3.5939401688758887,1.1111190039827432,-2.2967319421758026,True,False,False,False,False,True,False,False,False,False,True,False,3.9672335327072643,5.076221461349404,0.5366758066120028,-2.8903903683447503,True,False,False,False,False,True,False,False,False,False,True,False
3y,SOL/USDT:USDT,short,short_compression_breakdown,2025-03-18T14:00:00+00:00,2025-03-19T00:00:00+00:00,122.28,126.16,-11.48588116,-0.032859432362864156,trailing_stop_loss,trailing_stop_loss,losing_trades,1.601141407736205,0.5389980976537784,0.02377932783766736,-3.248511612692177,False,False,False,False,False,False,True,False,False,False,True,False,1.601141407736205,2.6236525047558676,-1.0938490805326646,-4.401602878639193,False,False,False,False,False,False,True,False,False,False,False,True,1.601141407736205,7.863031071655054,-5.714965123652512,-9.169349035001638,False,False,False,False,False,False,True,False,False,False,False,True,1.601141407736205,7.863031071655054,-1.6328471781864318,-4.957703631010793,False,False,False,False,False,False,True,False,False,False,False,True,1.601141407736205,7.863031071655054,-1.9578313253012039,-5.292999672881906,False,False,False,False,False,False,True,False,False,False,False,True,1.601141407736205,16.843690551680407,-14.19625871908687,-17.919757932613667,False,False,False,False,False,False,True,False,False,False,False,True,2.885225110970197,16.843690551680407,0.007926442612548277,-3.2648675171737036,False,False,False,False,False,False,True,False,False,False,True,False
3y,ADA/USDT:USDT,short,short_compression_breakdown,2025-03-18T14:00:00+00:00,2025-03-19T09:00:00+00:00,0.6852,0.714,-13.1967133,-0.04330176691617551,trailing_stop_loss,trailing_stop_loss,losing_trades,0.12605042016806892,4.411764705882365,-3.6974789915966357,-8.156042031523631,False,False,False,False,False,False,True,False,False,False,False,True,0.12605042016806892,4.411764705882365,-2.675070028011205,-7.090659661412718,False,False,False,False,False,False,True,False,False,False,False,True,0.12605042016806892,4.607843137254908,-2.633053221288521,-7.046876824284877,False,False,False,False,False,False,True,False,False,False,False,True,0.9943977591036409,5.742296918767512,0.5742296918767497,-3.70478692352597,False,False,False,False,False,False,True,False,False,False,True,False,1.960784313725492,5.742296918767512,0.21008403361343778,-4.084238178633974,False,False,False,False,False,False,True,False,False,False,True,False,3.2212885154061657,8.417366946778717,-7.1428571428571495,-11.746234676007,False,False,False,False,False,True,False,False,False,True,False,True,11.87675070028011,8.417366946778717,4.565826330532207,0.45458260361938496,True,True,True,True,True,True,False,False,False,False,True,False
3y,ADA/USDT:USDT,short,short_pullback_restart,2025-03-23T19:00:00+00:00,2025-03-24T00:00:00+00:00,0.6938,0.7168,-14.15366573,-0.034303218913865,stop_loss,stop_loss,losing_trades,1.6322544642857202,1.5345982142857155,-1.4229910714285696,-4.885240703372731,False,False,False,False,False,False,True,False,False,False,False,True,1.6322544642857202,2.4414062499999947,-1.9252232142857193,-5.404122225425203,False,False,False,False,False,False,True,False,False,False,False,True,1.6322544642857202,3.9341517857142865,-2.8738839285714373,-6.3842317670798625,False,False,False,False,False,False,True,False,False,False,False,True,1.6322544642857202,7.156808035714287,-4.492187500000001,-8.056183338137796,False,False,False,False,False,False,True,False,False,False,False,True,1.6322544642857202,7.99386160714286,-2.3995535714285707,-5.894176996252525,False,False,False,False,False,False,True,False,False,False,False,True,9.863281249999998,7.99386160714286,9.361049107142847,6.25629864514268,True,True,True,True,True,True,False,False,False,False,True,False,21.972656249999996,7.99386160714286,20.368303571428577,17.62845200345921,True,True,True,True,True,True,False,False,False,False,True,False
3y,SOL/USDT:USDT,short,short_pullback_restart,2025-03-30T14:00:00+00:00,2025-03-30T18:00:00+00:00,123.37,126.72,-14.1650642,-0.02836424061142497,stop_loss,stop_loss,losing_trades,3.267045454545455,0.22885101010101505,2.3753156565656606,-0.37559374240089904,True,True,False,False,False,True,False,False,False,False,True,False,3.267045454545455,0.6865530303030338,0.4182449494949504,-2.385806922266348,True,True,False,False,False,True,False,False,False,False,True,False,3.267045454545455,0.8601641414141442,0.8917297979797943,-1.8994650239118092,True,True,False,False,False,True,False,False,False,False,True,False,3.267045454545455,2.89614898989898,0.236742424242422,-2.572237983302259,True,True,False,False,False,True,False,False,False,False,True,False,3.267045454545455,3.977272727272721,-2.5489267676767597,-5.433549485288144,True,True,False,False,False,True,False,False,False,True,False,True,15.356691919191915,7.481060606060598,15.041035353535356,12.63405203858313,True,True,True,True,True,True,False,False,False,False,True,False,24.88162878787879,7.481060606060598,-3.6616161616161733,-6.576452946421342,True,True,True,True,True,True,False,False,False,True,False,True
3y,XRP/USDT:USDT,short,short_compression_breakdown,2025-03-28T05:00:00+00:00,2025-03-31T09:00:00+00:00,2.2739,2.0425,34.4248206,0.09997810313479945,roi,roi,winning_trades,0.9840881272949711,4.7050183598531135,-3.6523867809057635,6.795641848805999,True,True,True,True,True,False,False,False,True,False,False,True,0.9840881272949711,4.7050183598531135,-2.2521419828641283,8.053392849289768,True,True,True,True,True,False,False,False,True,False,False,True,0.9840881272949711,7.774785801713578,-6.932680538555689,3.8491622322881343,True,True,True,True,True,False,False,False,True,False,False,True,0.9840881272949711,7.774785801713578,-3.769889840881271,6.690096310303878,True,True,True,True,True,False,False,False,True,False,False,True,2.9326805385556947,9.336597307221547,0.03916768665850242,10.111530850081348,True,True,True,True,True,False,False,False,True,False,True,False,21.033047735618116,9.336597307221547,14.315789473684209,22.9353137780905,True,True,True,True,True,False,False,True,False,False,True,False,21.033047735618116,10.012239902080779,-4.07833537331701,6.413039271735781,True,True,True,True,True,False,False,True,False,True,False,True
3y,BTC/USDT:USDT,short,short_pullback_restart,2025-04-03T13:00:00+00:00,2025-04-04T08:00:00+00:00,81912.3,84029.5,-13.12388759,-0.026716485835884242,stop_loss,stop_loss,losing_trades,2.8619710934850193,0.7815112549759275,1.778899077109828,-0.8598370452300743,True,False,False,False,False,False,True,False,False,False,True,False,2.8619710934850193,0.7815112549759275,-0.11472161562307782,-2.8024024474956644,True,False,False,False,False,False,True,False,False,False,False,True,2.8619710934850193,0.7815112549759275,0.654294027692659,-2.0135099368470843,True,False,False,False,False,False,True,False,False,False,True,False,2.8619710934850193,0.7815112549759275,1.2336143854241735,-1.4192157954299798,True,False,False,False,False,False,True,False,False,False,True,False,11.391832630207249,0.7815112549759275,9.289951743137829,6.8453549711093515,True,True,True,True,True,True,False,False,False,False,True,False,11.391832630207249,0.7815112549759275,2.900885998369627,0.2911500470625397,True,True,True,True,True,True,False,False,False,False,True,False,11.391832630207249,2.872205594463849,-0.6916618568478893,-3.394254953163315,True,True,True,True,True,True,False,False,False,True,False,True
3y,ETH/USDT:USDT,short,short_pullback_restart,2025-04-05T13:00:00+00:00,2025-04-06T18:00:00+00:00,1797.04,1615.8,63.58485955,0.10000228229035954,roi,roi,winning_trades,4.983908899616288,1.2216858522094325,2.707018195321204,12.419476472421318,True,True,True,True,True,False,False,True,False,False,True,False,12.736724842183436,1.2216858522094325,11.469241242728057,20.297987802163554,True,True,True,True,True,False,False,True,False,False,True,False,12.736724842183436,1.403020175764332,4.16388166852333,13.729408360414904,True,True,True,True,True,False,False,True,False,False,True,False,12.736724842183436,1.403020175764332,8.716425300160905,17.822806392734716,True,True,True,True,True,False,False,True,False,False,True,False,14.345834880554523,3.5276643148904565,-0.7302884020299514,9.328838534478924,True,True,True,True,True,False,False,True,False,True,False,True,14.345834880554523,4.468374798861248,-0.8225027849981411,9.245924409028182,True,True,True,True,True,False,False,True,False,True,False,True,14.345834880554523,4.68931798489912,2.179725213516526,11.945363486622448,True,True,True,True,True,False,False,True,False,False,True,False
3y,SOL/USDT:USDT,short,short_pullback_restart,2025-04-05T14:00:00+00:00,2025-04-06T20:00:00+00:00,117.79,105.91,30.48287553,0.09996890806030412,roi,roi,winning_trades,2.5587763195165647,2.1999811160419207,0.03776791615521863,10.019704558960864,True,True,True,True,True,False,False,False,True,False,True,False,10.121801529600603,2.1999811160419207,5.174204513265971,14.638093216741657,True,True,True,True,True,False,False,True,False,False,True,False,10.121801529600603,6.86431876121236,-1.331319044471718,8.788700229221506,True,True,True,True,True,False,False,True,False,True,False,True,10.121801529600603,6.86431876121236,-0.028325937116420674,9.960276763732072,True,True,True,True,True,False,False,True,False,True,False,True,10.121801529600603,13.955245019356058,-13.33207440279483,-2.0016894473214997,True,True,True,True,True,False,False,True,False,True,False,True,10.121801529600603,26.52251912000756,-19.61099046360118,-7.6473299940572215,True,True,True,True,True,False,False,True,False,True,False,True,10.121801529600603,33.9533566235483,-29.496742517231624,-16.536030223278715,True,True,True,True,True,False,False,True,False,True,False,True
3y,ADA/USDT:USDT,short,short_compression_breakdown,2025-04-06T08:00:00+00:00,2025-04-06T20:00:00+00:00,0.638,0.5735,45.34780437,0.10001915623896628,roi,roi,winning_trades,2.476024411508281,2.1621621621621565,0.27898866608544826,10.260501567398126,True,True,True,True,True,False,False,False,True,False,True,False,10.932868352223187,2.1621621621621565,4.952048823016562,14.461128526645764,True,True,True,True,True,False,False,True,False,False,True,False,10.932868352223187,5.544899738448115,-2.545771578029633,7.72131661442007,True,True,True,True,True,False,False,True,False,True,False,True,10.932868352223187,8.108108108108105,1.708805579773327,11.545768025078376,True,True,True,True,True,False,False,True,False,False,True,False,10.932868352223187,12.292938099389714,-11.647776809067127,-0.4605015673981142,True,True,True,True,True,False,False,True,False,True,False,True,10.932868352223187,16.530078465562337,-11.124673060156926,0.009717868338563309,True,True,True,True,True,False,False,True,False,True,False,True,10.932868352223187,16.530078465562337,-8.24760244115083,2.5959247648902806,True,True,True,True,True,False,False,True,False,True,False,True
3y,BTC/USDT:USDT,short,short_pullback_restart,2025-04-08T15:00:00+00:00,2025-04-09T17:00:00+00:00,78440.4,80581.3,-11.03552851,-0.028151434807872626,trailing_stop_loss,trailing_stop_loss,losing_trades,-1.3460939448730624,3.6901861846358783,-2.4902800029287153,-5.387581399380939,False,False,False,False,False,False,True,False,False,False,False,True,-1.0461484240140082,3.6901861846358783,-1.903915672742928,-4.78521323195701,False,False,False,False,False,False,True,False,False,False,False,True,2.687099860637645,3.6901861846358783,1.6074449034701634,-1.1780159203675733,True,False,False,False,False,False,True,False,False,False,True,False,2.687099860637645,4.304348527511967,-4.103805721674872,-7.045145613739863,True,False,False,False,False,False,True,False,False,False,False,True,2.687099860637645,5.965031589214863,-5.149333654334186,-8.119209488987822,True,False,False,False,False,False,True,False,False,False,False,True,2.687099860637645,7.274268347619109,-3.296298272676163,-6.2155985946017696,True,False,False,False,False,False,True,False,False,False,False,True,2.687099860637645,17.774595346563036,-16.458657281528087,-19.737202258020105,True,False,False,False,False,False,True,False,False,False,False,True
3y,ZEC/USDT:USDT,short,short_pullback_restart,2025-04-18T07:00:00+00:00,2025-04-18T17:00:00+00:00,30.16,31.25,-14.75962589,-0.03697495298371768,stop_loss,stop_loss,losing_trades,1.3440000000000054,1.6960000000000037,1.2799999999999954,-2.387798408488068,False,False,False,False,False,False,True,False,False,False,True,False,1.4720000000000026,1.6960000000000037,-0.09600000000000364,-3.8135278514588893,False,False,False,False,False,False,True,False,False,False,False,True,1.4720000000000026,1.6960000000000037,-0.28799999999999953,-4.0124668435013255,False,False,False,False,False,False,True,False,False,False,False,True,2.6559999999999944,4.0,1.4080000000000041,-2.255172413793099,False,False,False,False,False,False,True,False,False,False,True,False,2.6559999999999944,4.0,-1.824000000000001,-5.603978779840849,False,False,False,False,False,False,True,False,False,False,False,True,2.6559999999999944,11.648000000000001,-9.44000000000001,-13.495225464190991,False,False,False,False,False,False,True,False,False,False,False,True,2.6559999999999944,28.224,-16.576,-20.88912466843501,False,False,False,False,False,False,True,False,False,False,False,True
3y,SUI/USDT:USDT,short,short_pullback_restart,2025-04-19T17:00:00+00:00,2025-04-19T18:00:00+00:00,2.1218,2.1657,-14.68795625,-0.02171118078598164,stop_loss,stop_loss,losing_trades,0.9419587200443261,0.1893152329500748,0.8680796047467401,-1.2829578659628675,False,False,False,False,False,False,True,False,False,False,True,False,1.3898508565359937,0.27242923765987975,1.334441520062804,-0.8069469318503217,False,False,False,False,False,False,True,False,False,False,True,False,3.9340628895969147,0.27242923765987975,3.352264856628342,1.2526251296069246,True,True,True,False,False,True,False,False,False,False,True,False,3.9340628895969147,5.47167197672806,0.05079189176710074,-2.1171552455462423,True,True,True,False,False,True,False,False,False,False,True,False,3.9340628895969147,13.445998984162157,-12.619476381770323,-15.049571118861351,True,True,True,False,False,True,False,False,False,True,False,True,3.9340628895969147,75.98928752828184,-59.69432516045619,-63.09839758695447,True,True,True,False,False,True,False,False,False,True,False,True,3.9340628895969147,78.69511012605624,-51.909313385972176,-55.15231407295691,True,True,True,False,False,True,False,False,False,True,False,True
3y,NEAR/USDT:USDT,short,short_compression_breakdown,2025-05-06T11:00:00+00:00,2025-05-07T00:00:00+00:00,2.275,2.352,-14.82484701,-0.03486457810794096,stop_loss,stop_loss,losing_trades,3.1037414965986376,1.3180272108843598,2.3384353741496477,-1.0670329670329777,False,False,False,False,False,True,False,False,False,False,True,False,3.1037414965986376,1.3180272108843598,1.9132653061224458,-1.5065934065934081,False,False,False,False,False,True,False,False,False,False,True,False,5.569727891156454,1.3180272108843598,1.8707482993197295,-1.550549450549447,True,True,True,False,False,True,False,False,False,False,True,False,5.569727891156454,17.644557823129254,-16.284013605442176,-20.31978021978022,True,True,True,False,False,True,False,False,False,True,False,True,5.569727891156454,26.998299319727902,-22.66156462585034,-26.913186813186808,True,True,True,False,False,True,False,False,False,True,False,True,5.569727891156454,43.79251700680273,-37.79761904761906,-42.561538461538476,True,True,True,False,False,True,False,False,False,True,False,True,5.569727891156454,43.79251700680273,-19.3452380952381,-23.484615384615388,True,True,True,False,False,True,False,False,False,True,False,True
3y,SOL/USDT:USDT,long,long_1d_center_compression,2025-05-09T00:00:00+00:00,2025-05-09T04:00:00+00:00,164.41,161.132,-14.0017101,-0.021017484508584285,stop_loss,stop_loss,losing_trades,8.408013305861035,-0.34629992800932946,7.954968597174976,5.702566753847084,True,True,True,True,True,True,False,False,False,False,True,False,9.326514907032738,-0.34629992800932946,4.882953106769602,2.6918009853415263,True,True,True,True,True,True,False,False,False,False,True,False,9.326514907032738,-0.34629992800932946,6.006255740635005,3.792707256249624,True,True,True,True,True,True,False,False,False,False,True,False,11.88963086165379,-0.34629992800932946,9.959536280813246,7.667167447235576,True,True,True,True,True,True,False,False,False,False,True,False,11.88963086165379,-0.34629992800932946,9.065859047240773,6.791308314579412,True,True,True,True,True,True,False,False,False,False,True,False,14.732020951766254,-0.34629992800932946,6.657895390114941,4.431354540478083,True,True,True,True,True,True,False,False,False,False,True,False,15.060943822456121,1.1493682198446018,13.292207631010603,10.933392129432526,True,True,True,True,True,True,False,False,False,False,True,False
3y,BTC/USDT:USDT,long,long_1d_center_compression,2025-05-09T00:00:00+00:00,2025-05-12T18:00:00+00:00,103228.0,101163.6,-13.55460345,-0.02187363495568448,stop_loss,stop_loss,losing_trades,1.8952469069902496,-0.2732208027393194,1.0548260441502588,-1.066113845080795,False,False,False,False,False,False,True,False,False,False,True,False,1.8952469069902496,-0.2336808891735705,1.3268606494826087,-0.7995195102104138,False,False,False,False,False,False,True,False,False,False,True,False,3.184050389665839,-0.2336808891735705,3.1199957296893235,0.9577556476924808,True,False,True,False,False,True,False,False,False,False,True,False,3.742057419862471,-0.2336808891735705,2.284319656477225,0.1387918006742357,True,False,True,False,False,True,False,False,False,False,True,False,3.742057419862471,-0.1059669683562043,1.457836613169152,-0.6711628627891714,True,False,True,False,False,True,False,False,False,False,True,False,5.882254091392554,-0.1059669683562043,3.536449869320577,1.3658813500213092,True,True,True,True,False,True,False,False,False,False,True,False,10.67172382161172,-0.1059669683562043,7.812790371240245,5.556701670089513,True,True,True,True,True,True,False,False,False,False,True,False
3y,BTC/USDT:USDT,long,long_1d_center_compression,2025-05-22T00:00:00+00:00,2025-05-23T12:00:00+00:00,109609.6,107417.4,-11.76171956,-0.021450386898922008,stop_loss,stop_loss,losing_trades,2.3759651602068304,-0.462774187422155,1.2348092580904106,-0.8898943158263537,True,False,False,False,False,False,True,False,False,False,True,False,2.3759651602068304,0.6474742453271072,-0.0859264886321847,-2.184215251218871,True,False,False,False,False,False,True,False,False,False,False,True,2.3759651602068304,0.6474742453271072,1.2324818884091486,-0.8921751379441244,True,False,False,False,False,False,True,False,False,False,True,False,2.3759651602068304,0.7116165537426843,0.05501901926504069,-2.0460886637666826,True,False,False,False,False,False,True,False,False,False,True,False,2.5885005594996713,0.8568444218534375,2.200853865388667,0.05682932881790844,True,False,False,False,False,False,True,False,False,False,True,False,3.0559294862843505,2.6963974179229755,-1.663231469017116,-3.729974016874437,True,False,False,False,False,True,False,False,False,True,False,True,3.0559294862843505,6.62118055361607,-3.4585644411426744,-5.48940019852276,True,False,False,False,False,True,False,False,False,True,False,True
3y,BNB/USDT:USDT,long,long_1d_center_compression,2025-05-22T00:00:00+00:00,2025-05-23T22:00:00+00:00,673.59,660.11,-13.7224445,-0.020991671654782624,stop_loss,stop_loss,losing_trades,1.195255336231838,0.9861992698186652,1.1695020526881923,-0.955119583129202,False,False,False,False,False,False,True,False,False,False,True,False,2.599566738876849,0.9861992698186652,2.4829195134144286,0.3320135393933948,True,False,False,False,False,False,True,False,False,False,True,False,2.599566738876849,0.9861992698186652,1.4134007968368971,-0.7161017829837107,True,False,False,False,False,False,True,False,False,False,True,False,2.599566738876849,0.9861992698186652,1.5906439835784947,-0.5424056176605975,True,False,False,False,False,False,True,False,False,False,True,False,2.634409416612381,0.9861992698186652,1.9466452560936847,-0.19352870440475595,True,False,False,False,False,False,True,False,False,False,True,False,5.739952432170393,0.9861992698186652,-0.6801896653588052,-2.767794949449966,True,True,True,True,False,True,False,False,False,True,False,True,5.739952432170393,5.7657057157140565,-2.379906379239829,-4.433496637420397,True,True,True,True,False,True,False,False,False,True,False,True
3y,NEAR/USDT:USDT,short,short_pullback_restart,2025-06-01T10:00:00+00:00,2025-06-01T16:00:00+00:00,2.364,2.448,-12.96761497,-0.036587992163030186,trailing_stop_loss,trailing_stop_loss,losing_trades,2.6552287581699323,0.7761437908496784,-0.0816993464052379,-3.7379018612521278,False,False,False,False,False,False,True,False,False,False,False,True,2.6552287581699323,1.2254901960784417,1.5114379084967289,-2.088155668358721,False,False,False,False,False,False,True,False,False,False,True,False,3.1045751633986955,1.2254901960784417,1.429738562091509,-2.17275803722504,False,False,False,False,False,True,False,False,False,False,True,False,3.1045751633986955,5.800653594771238,-3.717320261437916,-7.5027072758037345,False,False,False,False,False,True,False,False,False,True,False,True,3.1045751633986955,5.800653594771238,-2.941176470588238,-6.69898477157361,False,False,False,False,False,True,False,False,False,True,False,True,9.232026143790849,5.800653594771238,0.44934640522876307,-3.1879864636209794,True,True,True,True,True,True,False,False,False,False,True,False,11.928104575163392,11.519607843137255,9.313725490196068,5.991370558375621,True,True,True,True,True,True,False,False,False,False,True,False
3y,XRP/USDT:USDT,short,short_pullback_restart,2025-05-30T17:00:00+00:00,2025-06-02T18:00:00+00:00,2.1525,2.1677,-3.08911748,-0.007897953773417465,stale_loss_72h,timeout,losing_trades,0.562808506712183,1.9236979286801712,-1.6422936753240798,-2.4600464576074415,False,False,False,False,False,False,False,False,False,False,False,True,0.562808506712183,2.481893250911097,-1.5546431701803785,-2.371777003484328,False,False,False,False,False,False,False,False,False,False,False,True,0.562808506712183,4.931494210453476,-4.248742907228853,-5.084901277584203,False,False,False,False,False,False,False,False,False,False,False,True,0.562808506712183,5.240577570697049,-2.5879964939798064,-3.412427409988403,False,False,False,False,False,False,False,False,False,False,False,True,0.6366194584121332,5.240577570697049,0.35982838953729895,-0.44378629500581057,False,False,False,False,False,False,False,False,False,False,True,False,5.079116113853397,6.7075702357337255,-6.02943211699036,-6.878164924506396,True,True,True,True,False,False,False,False,False,True,False,True,5.079116113853397,7.833187249158091,-7.1919546062647015,-8.048896631823462,True,True,True,True,False,False,False,False,False,True,False,True
3y,ADA/USDT:USDT,short,short_pullback_restart,2025-06-02T09:00:00+00:00,2025-06-02T22:00:00+00:00,0.6716,0.6909,-14.16635268,-0.029765852717464493,stop_loss,stop_loss,losing_trades,0.521059487624828,2.3158199449992782,0.07236937328121941,-2.899285288862424,False,False,False,False,False,False,True,False,False,False,True,False,0.521059487624828,2.3158199449992782,-0.41974236503112083,-3.4055390113162596,False,False,False,False,False,False,True,False,False,False,False,True,2.5474019394991965,2.3158199449992782,0.8684324793747293,-2.080345443716495,False,False,False,False,False,False,True,False,False,False,True,False,4.096106527717469,2.3158199449992782,3.5895209147488685,0.7189398451459127,True,True,True,False,False,True,False,False,False,False,True,False,10.52250687509046,2.3158199449992782,9.133014908090885,6.4217391304347755,True,True,True,True,True,True,False,False,False,False,True,False,10.52250687509046,2.4460848169054894,-2.3592415689680264,-5.400774270399059,True,True,True,True,True,True,False,False,False,True,False,True,11.318569981183954,5.847445361123172,7.352728325372697,4.590291840381176,True,True,True,True,True,True,False,False,False,False,True,False
3y,LINK/USDT:USDT,short,short_pullback_restart,2025-06-01T10:00:00+00:00,2025-06-03T00:00:00+00:00,13.662,14.185,-13.45544402,-0.03894757597037505,trailing_stop_loss,trailing_stop_loss,losing_trades,1.0363059569968291,1.7765244977088397,-0.21854071201973074,-4.1550431854779575,False,False,False,False,False,False,True,False,False,False,False,True,1.3464927740571075,1.7765244977088397,0.31723651744800796,-3.5987556726687147,False,False,False,False,False,False,True,False,False,False,True,False,1.6425801903419142,1.7765244977088397,-0.08459640465279293,-4.0159713072756436,False,False,False,False,False,False,True,False,False,False,False,True,3.3697567853366217,2.0021149101163127,2.5167430384208744,-1.3150490411359874,False,False,False,False,False,True,False,False,False,False,True,False,10.941135001762435,2.0021149101163127,8.63588297497356,5.038339920948616,True,True,True,True,True,True,False,False,False,False,True,False,10.941135001762435,2.1149101163200488,-2.009164610504054,-6.014214609866783,True,True,True,True,True,True,False,False,False,True,False,True,10.941135001762435,10.334860768417336,3.3909058864998225,-0.40742204655247993,True,True,True,True,True,True,False,False,False,False,True,False
3y,DOGE/USDT:USDT,short,short_pullback_restart,2025-06-04T14:00:00+00:00,2025-06-05T19:00:00+00:00,0.19175,0.17244,46.20826718,0.10000099040076685,roi,roi,winning_trades,2.7023892368359994,1.1366272326606295,0.45813036418465136,10.382398956975232,True,True,True,True,True,False,False,False,True,False,True,False,2.7023892368359994,2.284852702389236,-1.3279981442820612,8.776140808344202,True,True,True,True,True,False,False,False,True,False,False,True,2.7023892368359994,6.9357457666434685,-3.746230572952907,6.601434159061277,True,True,True,True,True,False,False,False,True,False,False,True,2.7023892368359994,9.377174669450238,-6.222454186963575,4.374576271186443,True,True,True,True,True,False,False,False,True,False,False,True,2.7023892368359994,9.377174669450238,-7.869403850614705,2.893481095176008,True,True,True,True,True,False,False,False,True,False,False,True,2.7023892368359994,19.867780097425182,-7.080723729993039,3.6027379400260733,True,True,True,True,True,False,False,False,True,False,False,True,5.004639294827185,19.867780097425182,1.6005567153792695,11.409778357235988,True,True,True,True,True,False,False,True,False,False,True,False
3y,SUI/USDT:USDT,short,short_pullback_restart,2025-06-04T11:00:00+00:00,2025-06-05T20:00:00+00:00,3.2197,2.8954,56.58170375,0.10001357321318773,roi,roi,winning_trades,0.17959522000414008,2.7422808592940573,-2.6973820542930187,7.54667515607044,True,False,True,True,True,False,False,False,True,False,False,True,0.17959522000414008,5.999171098984603,-5.743593285901779,4.807289499021645,True,False,True,True,True,False,False,False,True,False,False,True,0.17959522000414008,10.513227878704159,-9.736133176763136,1.216892878218474,True,False,True,True,True,False,False,False,True,False,False,True,0.17959522000414008,14.415970159563454,-11.501001588726952,-0.3702115103891714,True,False,True,True,True,False,False,False,True,False,False,True,0.17959522000414008,14.415970159563454,-12.87559577260483,-1.6063515234338668,True,False,True,True,True,False,False,False,True,False,False,True,0.17959522000414008,23.04690198245493,-10.723906886785944,0.32861136130694824,True,False,True,True,True,False,False,False,True,False,False,True,6.575948055536365,23.04690198245493,2.3036540719762377,12.0439885703637,True,True,True,True,True,False,False,True,False,False,True,False
3y,XRP/USDT:USDT,short,short_pullback_restart,2025-06-05T07:00:00+00:00,2025-06-08T08:00:00+00:00,2.1869,2.2065,-5.29367261,-0.009449237164619796,stale_loss_72h,timeout,losing_trades,0.5075912077951552,3.738953093133923,-3.0818037616134175,-4.105670126663319,False,False,False,False,False,False,False,False,False,False,False,True,0.5075912077951552,3.9746204396102374,-3.3809200090641185,-4.407467191000953,False,False,False,False,False,False,False,False,False,False,False,True,0.5075912077951552,3.9746204396102374,-1.5771583956492055,-2.5875394393890794,False,False,False,False,False,False,False,False,False,False,False,True,0.5075912077951552,5.5427147065488365,-3.1135282121006007,-4.137678906214267,False,False,False,False,False,False,False,False,False,False,False,True,0.5075912077951552,5.5427147065488365,-5.252662587808741,-6.295985184507748,False,False,False,False,False,False,False,False,False,False,False,True,5.687740765918884,5.9370043054611275,2.4065261726716582,1.4318487356532117,True,False,True,True,False,False,False,False,False,False,True,False,10.079311126217998,5.9370043054611275,6.140947201450258,5.1997393570807935,True,True,True,True,True,False,False,False,False,False,True,False
3y,ETH/USDT:USDT,long,long_1d_center_compression,2025-06-11T00:00:00+00:00,2025-06-11T09:00:00+00:00,2815.74,2759.43,-14.07934582,-0.02117682413312582,stop_loss,stop_loss,losing_trades,4.333141264681481,0.10871810482599667,3.7899131342342582,1.6142918025101907,True,True,True,False,False,True,False,False,False,False,True,False,4.333141264681481,0.10871810482599667,0.7816831736989222,-1.333778686952623,True,True,True,False,False,True,False,False,False,False,True,False,4.333141264681481,1.0980528587425566,-0.2870157967406174,-2.381105499797551,True,True,True,False,False,True,False,False,False,True,False,True,4.333141264681481,11.80062549149642,-8.688750937693646,-10.614820260393351,True,True,True,False,False,True,False,False,False,True,False,True,4.333141264681481,11.80062549149642,-8.606487571708643,-10.534202021493453,True,True,True,False,False,True,False,False,False,True,False,True,4.333141264681481,11.80062549149642,-8.467328397531361,-10.397825793574675,True,True,True,False,False,True,False,False,False,True,False,True,4.333141264681481,23.49869357077367,-12.335518567240332,-14.18865875400427,True,True,True,False,False,True,False,False,False,True,False,True
3y,PAXG/USDT:USDT,long,long_1d_center_compression,2025-06-14T00:00:00+00:00,2025-06-17T14:00:00+00:00,3459.63,3390.45,-13.67901755,-0.020690681339043962,stop_loss,stop_loss,losing_trades,0.7237977259655788,-0.1958442094707289,0.5922517659897767,-1.519226911548342,False,False,False,False,False,False,True,False,False,False,True,False,0.8709758291672256,-0.14216401952543656,0.32562049285492967,-1.7805265302937114,False,False,False,False,False,False,True,False,False,False,True,False,0.8709758291672256,-0.14216401952543656,0.4332758188441079,-1.6750239187427625,False,False,False,False,False,False,True,False,False,False,True,False,0.8709758291672256,0.6326593814980259,-0.177262605258882,-2.2733537979494933,False,False,False,False,False,False,True,False,False,False,False,True,0.8709758291672256,0.8370570278281543,-0.1430488578212305,-2.2398242008538545,False,False,False,False,False,False,True,False,False,False,False,True,1.977613591116229,2.0778952646403814,-1.921278886283528,-3.982496105074825,False,False,False,False,False,False,True,False,False,False,False,True,1.977613591116229,3.7534840507897114,-1.2110486808535725,-3.286467917089406,False,False,False,False,False,False,True,False,False,False,False,True
3y,DOGE/USDT:USDT,short,short_compression_breakdown,2025-06-12T16:00:00+00:00,2025-06-17T15:00:00+00:00,0.18581,0.16716,39.44901478,0.10000685438494238,roi,roi,winning_trades,2.0040679588418233,2.5484565685570626,-1.4357501794687637,8.64549270760455,True,True,True,True,True,False,False,False,True,False,False,True,2.0040679588418233,2.7099784637473117,-2.0459440057430047,8.096544857650285,True,True,True,True,True,False,False,False,True,False,False,True,2.0040679588418233,2.991146207226612,-0.5503709021296985,9.44200527420483,True,True,True,True,True,False,False,False,True,False,False,True,2.0040679588418233,2.991146207226612,-0.6101938262742241,9.388186857542655,True,True,True,True,True,False,False,False,True,False,False,True,2.0040679588418233,2.991146207226612,0.7418042593921937,10.604483074107955,True,True,True,True,True,False,False,False,True,False,True,False,14.704474754726004,2.991146207226612,2.189519023689876,11.906888757332757,True,True,True,True,True,False,False,True,False,False,True,False,14.704474754726004,2.991146207226612,4.714046422589135,14.178025940476829,True,True,True,True,True,False,False,True,False,False,True,False
3y,ADA/USDT:USDT,short,short_compression_breakdown,2025-06-12T20:00:00+00:00,2025-06-17T17:00:00+00:00,0.668,0.6006,35.70527057,0.0999583976049808,roi,roi,winning_trades,-0.449550449550437,3.546453546453544,-1.3486513486513478,8.77724550898204,True,False,True,True,True,False,False,False,True,False,False,True,-0.449550449550437,3.546453546453544,-2.8804528804528773,7.400000000000004,True,False,True,True,True,False,False,False,True,False,False,True,2.1478521478521513,3.546453546453544,0.8658008658008629,10.76826347305389,True,True,True,True,True,False,False,False,True,False,True,False,2.1811521811521812,3.546453546453544,0.5161505161505148,10.453892215568862,True,True,True,True,True,False,False,False,True,False,True,False,6.6100566100566205,3.546453546453544,4.195804195804196,13.762275449101798,True,True,True,True,True,False,False,True,False,False,True,False,15.201465201465208,3.546453546453544,2.480852480852485,12.22035928143713,True,True,True,True,True,False,False,True,False,False,True,False,15.201465201465208,3.546453546453544,9.190809190809194,18.253293413173658,True,True,True,True,True,False,False,True,False,False,True,False
3y,SOL/USDT:USDT,short,short_pullback_restart,2025-06-19T15:00:00+00:00,2025-06-19T22:00:00+00:00,143.09,147.37,-15.08478934,-0.030930916493001198,stop_loss,stop_loss,losing_trades,2.1442627400420684,0.061070774241706864,1.9949786252290138,-1.0364735481165726,False,False,False,False,False,False,True,False,False,False,True,False,2.1442627400420684,0.9364185383728,-0.7532062156476794,-3.8668600181703727,False,False,False,False,False,False,True,False,False,False,False,True,8.007057067245714,0.9364185383728,5.666010721313696,2.7443636871898756,True,True,True,True,True,True,False,False,False,False,True,False,11.474519915858043,0.9364185383728,9.004546379860221,6.182759102662666,True,True,True,True,True,True,False,False,False,False,True,False,14.616271968514628,0.9364185383728,10.361674696342545,7.580480816269487,True,True,True,True,True,True,False,False,False,False,True,False,14.616271968514628,0.9364185383728,5.720295853972997,2.800272555734157,True,True,True,True,True,True,False,False,False,False,True,False,14.616271968514628,8.57026531858587,-3.7524597950736247,-6.955825005241458,True,True,True,True,True,True,False,False,False,True,False,True
3y,NEAR/USDT:USDT,short,short_pullback_restart,2025-06-21T14:00:00+00:00,2025-06-22T13:00:00+00:00,2.037,1.831,40.81946796,0.10024518385849772,roi,roi,winning_trades,0.27307482250135956,3.2768978700163878,-0.6007646095030105,9.472901325478638,True,False,True,True,True,False,False,False,True,False,False,True,2.1845985800109253,5.0245767340251275,-4.150737302020757,6.281934216985759,True,True,True,True,True,False,False,False,True,False,False,True,2.1845985800109253,7.864554888039329,-7.427635172037145,3.3364261168384797,True,True,True,True,True,False,False,False,True,False,False,True,2.1845985800109253,20.808301474604054,-18.459858001092304,-6.580117820324012,True,True,True,True,True,False,False,False,True,False,False,True,2.1845985800109253,21.73675587110869,-19.224467504096115,-7.267403043691699,True,True,True,True,True,False,False,False,True,False,False,True,2.1845985800109253,21.73675587110869,-16.548334243582737,-4.861904761904761,True,True,True,True,True,False,False,False,True,False,False,True,2.1845985800109253,28.945931185144747,-19.38831239759694,-7.414678448699069,True,True,True,True,True,False,False,False,True,False,False,True
3y,ETH/USDT:USDT,short,short_pullback_restart,2025-06-22T14:00:00+00:00,2025-06-23T14:00:00+00:00,2198.9,2304.88,-14.91918821,-0.04919011394949083,trailing_stop_loss,trailing_stop_loss,losing_trades,5.113932178681749,3.2157856374301437,-1.7888133004755133,-6.794710991859568,True,False,False,False,False,True,False,False,False,True,False,True,5.113932178681749,5.862344243518096,-3.742928048314879,-8.84300786757015,True,False,False,False,False,True,False,False,False,True,False,True,5.113932178681749,6.296206310089891,-5.427614452813157,-10.60889080904088,True,False,False,False,False,True,False,False,False,True,False,True,5.113932178681749,7.653326854326477,-5.491392176599202,-10.675742416662864,True,False,False,False,False,True,False,False,False,True,False,True,5.113932178681749,9.33324077609246,-6.101836104265726,-11.315607803901946,True,False,False,False,False,True,False,False,False,True,False,True,5.113932178681749,9.524573947450616,-5.762989830273156,-10.960430215107552,True,False,False,False,False,True,False,False,False,True,False,True,5.113932178681749,14.322654541668106,-9.775780083995683,-15.166624221201497,True,False,False,False,False,True,False,False,False,True,False,True
3y,SOL/USDT:USDT,short,short_pullback_restart,2025-06-21T18:00:00+00:00,2025-06-23T22:00:00+00:00,138.58,142.79,-14.97239613,-0.03133205342184291,stop_loss,stop_loss,losing_trades,0.40619090972756083,1.6667833881924474,-0.2941382449751495,-3.441030451724632,False,False,False,False,False,False,True,False,False,False,False,True,0.40619090972756083,2.710273828699492,-0.8403949856432643,-4.003882234088611,False,False,False,False,False,False,True,False,False,False,False,True,0.40619090972756083,2.710273828699492,-1.484697807969749,-4.667758695338422,False,False,False,False,False,False,True,False,False,False,False,True,0.40619090972756083,3.5996918551719417,-0.23110862105190313,-3.3760860152980166,False,False,False,False,False,False,True,False,False,False,False,True,2.780306744169759,3.641711604454106,2.696267245605431,-0.35977774570644044,False,False,False,False,False,False,True,False,False,False,True,False,4.054905805728687,12.05266475243365,-8.607045311296325,-12.006480011545676,True,False,True,False,False,True,False,False,False,True,False,True,4.054905805728687,12.05266475243365,-3.9148399747881526,-7.1717275220089345,True,False,True,False,False,True,False,False,False,True,False,True
3y,BNB/USDT:USDT,short,short_pullback_restart,2025-06-22T14:00:00+00:00,2025-06-23T22:00:00+00:00,616.16,636.1,-15.2189362,-0.03339460239078251,stop_loss,stop_loss,losing_trades,0.04716239584971989,0.8646439239113346,-0.5769533092281023,-3.931796935860818,False,False,False,False,False,False,True,False,False,False,False,True,0.04716239584971989,0.9888382329822297,-0.10061311114604407,-3.4400415476499675,False,False,False,False,False,False,True,False,False,False,False,True,0.0550227951579976,1.226222292092431,-1.075302625373374,-4.446273695144132,False,False,False,False,False,False,True,False,False,False,False,True,0.0550227951579976,2.6709636849551974,-1.4290205942461927,-4.811438587379915,False,False,False,False,False,False,True,False,False,False,False,True,0.0550227951579976,2.6709636849551974,-1.0061311114604585,-4.3748636717735705,False,False,False,False,False,False,True,False,False,False,False,True,0.0550227951579976,3.7572708693601595,-3.323376827542837,-6.767099454687102,False,False,False,False,False,False,True,False,False,False,False,True,0.0550227951579976,4.543310800188646,-3.7855683068699775,-7.244248247208515,False,False,False,False,False,False,True,False,False,False,False,True
3y,LINK/USDT:USDT,short,short_compression_breakdown,2025-07-01T19:00:00+00:00,2025-07-02T15:00:00+00:00,12.848,13.278,-14.91473536,-0.03452560029198323,stop_loss,stop_loss,losing_trades,-0.6100316312697659,4.322940201837625,-3.3815333634583506,-6.941531755915315,False,False,False,False,False,False,True,False,False,False,False,True,-0.6100316312697659,4.322940201837625,-1.4234071396294627,-4.917870485678702,False,False,False,False,False,False,True,False,False,False,False,True,-0.6100316312697659,5.987347492092182,-2.500376562735344,-6.030884184308832,False,False,False,False,False,False,True,False,False,False,False,True,1.7397198373248972,5.987347492092182,1.596625997891247,-1.7967621419676214,False,False,False,False,False,False,True,False,False,False,True,False,2.6434704021690076,5.987347492092182,1.2050007531254716,-2.2014943960149407,False,False,False,False,False,False,True,False,False,False,True,False,2.6434704021690076,7.026660641662899,-5.49781593613495,-9.128642590286413,False,False,False,False,False,False,True,False,False,False,False,True,2.6434704021690076,26.841391775869845,-25.056484410302755,-29.34190535491905,False,False,False,False,False,False,True,False,False,False,False,True
3y,ETH/USDT:USDT,long,long_1d_center_compression,2025-07-10T00:00:00+00:00,2025-07-14T03:00:00+00:00,2767.69,3049.98,67.01222052,0.10000094531562062,roi,roi,winning_trades,0.8449235732693324,1.1180401182958548,-0.20655873153267176,9.871853784202703,True,True,True,True,True,False,False,False,True,False,False,True,1.0826300500331143,1.943947173424087,-1.278041167483066,8.691085706853006,True,True,True,True,True,False,False,False,True,False,False,True,1.0826300500331143,3.901337057947929,-3.248545892104208,6.519599738410011,True,True,True,True,True,False,False,False,True,False,False,True,3.4052682312670948,3.901337057947929,2.1344402258375434,12.451622472169927,True,True,True,True,True,False,False,True,False,False,True,False,12.245654069862747,3.901337057947929,9.182355294133075,20.21838825880066,True,True,True,True,True,False,False,True,False,False,True,False,25.443445530790363,3.901337057947929,23.176545419969973,35.63991306829883,True,True,True,True,True,False,False,True,False,False,True,False,28.12805329871016,3.901337057947929,27.163784680555274,40.033830017090054,True,True,True,True,True,False,False,True,False,False,True,False
3y,BTC/USDT:USDT,long,long_1d_center_compression,2025-07-10T00:00:00+00:00,2025-07-14T05:00:00+00:00,111199.8,122580.2,66.75325566,0.10000002354941873,roi,roi,winning_trades,0.5872073956479129,0.997877308080748,-0.9020216968156334,9.139854747940191,True,True,True,True,True,False,False,False,True,False,False,True,0.5872073956479129,2.757541593177362,-2.1985606158253943,7.710625558679057,True,True,True,True,True,False,False,False,True,False,False,True,0.5872073956479129,5.182892506293836,-4.28690767350681,5.408553072937181,True,True,True,True,True,False,False,False,True,False,False,True,0.5872073956479129,5.6306809745782695,-3.851927146472266,5.8880503382200295,True,True,True,True,True,False,False,False,True,False,False,True,0.5872073956479129,5.6306809745782695,-3.287806676771613,6.509903974647433,True,True,True,True,True,False,False,False,True,False,False,True,0.5872073956479129,5.6306809745782695,-3.4118887063326726,6.373123153099187,True,True,True,True,True,False,False,False,True,False,False,True,0.5872073956479129,6.455283969189146,-2.4988538116269927,7.37959978345285,True,True,True,True,True,False,False,False,True,False,False,True
3y,BNB/USDT:USDT,long,long_1d_center_compression,2025-07-11T00:00:00+00:00,2025-07-15T08:00:00+00:00,686.3,679.17,-6.63126683,-0.011497042202794164,swing_exit_long_1d,exit_signal,losing_trades,1.2662514539805974,0.4093231444262811,-0.09423266634273987,-1.2321579484190561,True,False,False,False,False,False,False,False,False,False,False,True,1.444410088784849,0.4093231444262811,0.8525111533195043,-0.29524989071833285,True,False,False,False,False,False,False,False,False,False,True,False,2.179130409175916,0.4093231444262811,2.0775358157751396,0.9170479382194402,True,False,True,False,False,False,False,False,False,False,True,False,6.630151508458868,0.4093231444262811,5.754082188553682,4.555398513769495,True,True,True,True,True,False,False,False,False,False,True,False,10.24338530853837,0.4093231444262811,8.445602720968242,7.218956724464523,True,True,True,True,True,False,False,False,False,False,True,False,15.252440478819743,0.4093231444262811,11.790862376135584,10.529462334256163,True,True,True,True,True,False,False,False,False,False,True,False,26.88428523050194,0.4093231444262811,21.848727122811667,20.482835494681627,True,True,True,True,True,False,False,False,False,False,True,False
3y,ETH/USDT:USDT,long,long_1d_center_compression,2025-08-08T00:00:00+00:00,2025-08-09T22:00:00+00:00,3908.4,4305.73,71.55867291,0.0999988695418427,roi,roi,winning_trades,0.6098849672413323,2.3394406987897423,-1.2945540012959424,8.639893562583147,True,True,True,True,True,False,False,False,True,False,False,True,0.6098849672413323,3.3608702821588703,-2.5294200983340773,7.2794903285231705,True,True,True,True,True,False,False,False,True,False,False,True,0.6098849672413323,3.3845596449382467,-1.319636856003505,8.612260771671265,True,True,True,True,True,False,False,False,True,False,False,True,1.4926621037547743,3.3845596449382467,-2.0270662582186936,7.832913724286146,True,True,True,True,True,False,False,False,True,False,False,True,7.763375780645801,3.3845596449382467,6.26513970917824,16.96810971241428,True,True,True,True,True,False,False,True,False,False,True,False,11.340005063020683,3.3845596449382467,2.76445573689016,13.111544365980969,True,True,True,True,True,False,False,True,False,False,True,False,13.534522601277837,5.707046191934924,11.031811098234215,22.21936342237231,True,True,True,True,True,False,False,True,False,False,True,False
3y,BNB/USDT:USDT,long,long_1d_center_compression,2025-08-14T00:00:00+00:00,2025-08-14T13:00:00+00:00,848.29,831.34,-15.63919307,-0.021180375152703206,stop_loss,stop_loss,losing_trades,3.1178579161353905,0.37650058940986786,0.866071643370935,-1.2493710877176438,True,False,True,False,False,True,False,False,False,False,True,False,3.1178579161353905,0.7409724059951501,1.5998267856713204,-0.5302773815558333,True,False,True,False,False,True,False,False,False,False,True,False,3.1178579161353905,0.7409724059951501,0.144345273895149,-1.9566763724669631,True,False,True,False,False,True,False,False,False,False,True,False,3.1178579161353905,2.2301344816801882,-0.2622272475762099,-2.355125016209079,True,False,True,False,False,True,False,False,False,True,False,True,3.9863353140712565,2.2301344816801882,3.2537830490533297,1.0906305626613566,True,False,True,False,False,True,False,False,False,False,True,False,6.399307142685295,2.2301344816801882,2.3768855101402546,0.23125464169093815,True,True,True,True,False,True,False,False,False,False,True,False,8.470661823080803,2.2301344816801882,5.191618351095817,2.9897452522132806,True,True,True,True,True,True,False,False,False,False,True,False
3y,BTC/USDT:USDT,long,long_1d_center_compression,2025-08-11T00:00:00+00:00,2025-08-15T14:00:00+00:00,119255.3,117723.2,-10.79412978,-0.015077925834035404,swing_exit_long_1d,exit_signal,losing_trades,0.11569512211696342,0.8383224377183038,-0.41852413118229637,-1.7978700317721752,False,False,False,False,False,False,False,False,False,False,False,True,0.11569512211696342,0.8383224377183038,-0.22459464234746776,-1.6064319992486709,False,False,False,False,False,False,False,False,False,False,False,True,0.11569512211696342,0.8383224377183038,8.4945023585683e-05,-1.3846389217083015,False,False,False,False,False,False,False,False,False,False,True,False,0.7091210568520079,0.8383224377183038,0.31387186213082896,-1.0748832965914352,False,False,False,False,False,False,False,False,False,False,True,False,0.7091210568520079,2.648755725294587,-1.8100085624583797,-3.171477745643178,False,False,False,False,False,False,False,False,False,False,False,True,0.7091210568520079,5.1793529227883734,-1.680807181592071,-3.043936244343021,False,False,False,False,False,False,False,False,False,False,False,True,0.7091210568520079,8.230408279761331,-8.128134471370126,-9.408433252023181,False,False,False,False,False,False,False,False,False,False,False,True
3y,BTC/USDT:USDT,short,short_pullback_restart,2025-08-21T17:00:00+00:00,2025-08-22T14:00:00+00:00,112350.8,114093.8,-11.02027859,-0.01635619785787443,trailing_stop_loss,trailing_stop_loss,losing_trades,-1.4467920255088331,2.8955122890113145,-2.5609629971128967,-4.252084364330289,False,False,False,False,False,False,True,False,False,False,False,True,-1.1753487043117155,2.8955122890113145,-1.5761592654465035,-3.2520024779529857,False,False,False,False,False,False,True,False,False,False,False,True,-0.4064199807526763,2.8955122890113145,-0.424387652966241,-2.082362386382649,False,False,False,False,False,False,True,False,False,False,False,True,-0.20255263651485994,2.8955122890113145,-0.34708283885715085,-2.003858272482261,False,False,False,False,False,False,True,False,False,False,False,True,3.163887958854909,2.8955122890113145,1.648906426116058,0.02309658676217963,True,True,True,False,False,True,False,False,False,False,True,False,5.311156259148172,2.8955122890113145,5.205629052586558,3.6349978816350244,True,True,True,True,False,True,False,False,False,False,True,False,6.032141974410531,2.8955122890113145,3.125849082071076,1.5229523955325717,True,True,True,True,False,True,False,False,False,False,True,False
3y,XRP/USDT:USDT,short,short_compression_breakdown,2025-08-22T04:00:00+00:00,2025-08-22T14:00:00+00:00,2.8314,2.9241,-16.10457832,-0.033712649808073654,stop_loss,stop_loss,losing_trades,-2.715365411579621,6.008686433432508,-5.676960432269755,-9.236822773186415,False,False,False,False,False,False,True,False,False,False,False,True,-1.5081563558017783,6.220717485722093,-2.496494647925856,-5.9522285795013135,False,False,False,False,False,False,True,False,False,False,False,True,-1.5081563558017783,6.220717485722093,-3.112068670702088,-6.587956487956487,False,False,False,False,False,False,True,False,False,False,False,True,-1.5081563558017783,6.220717485722093,-3.303580588899149,-6.7857385039203315,False,False,False,False,False,False,True,False,False,False,False,True,0.2120310522896004,6.955986457371492,-1.4260798194316222,-4.84676838313203,False,False,False,False,False,False,True,False,False,False,False,True,3.7242228377962525,6.955986457371492,3.498512362778292,0.239054884509424,True,False,False,False,False,True,False,False,False,False,True,False,7.817790089258238,6.955986457371492,3.9909715809992905,0.7476372112735756,True,True,True,True,False,True,False,False,False,False,True,False
3y,NEAR/USDT:USDT,short,short_pullback_restart,2025-08-21T12:00:00+00:00,2025-08-22T15:00:00+00:00,2.481,2.574,-15.640647,-0.03822620701725308,stop_loss,stop_loss,losing_trades,-0.4662004662004666,5.710955710955721,-4.972804972804978,-9.007698508665865,False,False,False,False,False,False,True,False,False,False,False,True,-0.4662004662004666,5.710955710955721,-2.136752136752143,-6.065336557839586,False,False,False,False,False,False,True,False,False,False,False,True,-0.4662004662004666,5.710955710955721,-3.885003885003889,-7.879121322047565,False,False,False,False,False,False,True,False,False,False,False,True,-0.03885003885005183,5.710955710955721,-2.2144522144522125,-6.145949214026599,False,False,False,False,False,False,True,False,False,False,False,True,4.001554001553993,8.313908313908314,3.8850038850038717,0.1821442966545616,True,False,False,False,False,True,False,False,False,False,True,False,8.85780885780885,8.313908313908314,5.516705516705513,1.8750100765820208,True,True,True,True,True,True,False,False,False,False,True,False,11.57731157731158,8.313908313908314,6.954156954156948,3.366344216041913,True,True,True,True,True,True,False,False,False,False,True,False
3y,BTC/USDT:USDT,short,short_pullback_restart,2025-08-29T02:00:00+00:00,2025-09-03T03:00:00+00:00,111425.0,111327.9,0.47803678,0.0007153928920185169,stale_flat_120h,timeout,winning_trades,0.7554260881593922,-0.0397923611242001,0.059913103543673324,0.047004711689479846,True,False,False,False,False,False,False,False,True,False,False,True,0.7554260881593922,1.0263375128786278,-0.7551566139305705,-0.7673547229077907,True,False,False,False,False,False,False,False,True,False,False,True,0.7554260881593922,1.089843606140063,0.198333032420434,0.18530401615435868,True,False,False,False,False,False,False,False,True,False,True,False,1.8493118077319237,1.089843606140063,0.05479309319586555,0.04188916311420759,True,False,True,False,False,False,False,False,True,False,False,True,1.8493118077319237,1.8112261167236683,0.26399491951253384,0.25090868297060803,True,False,True,False,False,False,False,False,True,False,True,False,1.8493118077319237,1.8112261167236683,-0.1536003104343116,-0.16632263854610202,True,False,True,False,False,False,False,False,True,False,False,True,1.8493118077319237,5.16851570900017,-4.484230817252469,-4.493179268566305,True,False,True,False,False,False,False,False,True,False,False,True
3y,SUI/USDT:USDT,short,short_compression_breakdown,2025-08-29T08:00:00+00:00,2025-09-03T10:00:00+00:00,3.355,3.339,1.68512847,0.004965662293102336,stale_flat_120h,timeout,winning_trades,0.2545672356993164,1.8238993710691875,-0.6858340820604948,-0.3056631892697439,True,False,False,False,False,False,False,False,True,False,False,True,0.2545672356993164,1.9826295297993357,-1.5124288709194367,-1.1283159463487327,True,False,False,False,False,False,False,False,True,False,False,True,1.548367774782865,1.9826295297993357,0.6858340820604948,1.0594634873323376,True,False,True,False,False,False,False,False,True,False,True,False,3.2135369871218913,1.9826295297993357,-0.718778077268644,-0.3384500745156485,True,False,True,True,False,False,False,True,False,True,False,True,3.2135369871218913,3.450134770889494,-0.42827193770589933,-0.0493293591654237,True,False,True,True,False,False,False,True,False,True,False,True,3.2135369871218913,8.505540581012287,-5.321952680443252,-4.919672131147546,True,False,True,True,False,False,False,True,False,True,False,True,3.2135369871218913,16.253369272237194,-7.346510931416588,-6.934575260804763,True,False,True,True,False,False,False,True,False,True,False,True
3y,TAO/USDT:USDT,short,short_pullback_restart,2025-08-28T17:00:00+00:00,2025-09-03T16:00:00+00:00,328.15,325.84,3.52455908,0.007787005856548812,stale_flat_120h,timeout,winning_trades,0.3928308372207135,0.8838693837466401,0.13503560029462244,0.7380313880847172,True,False,True,False,False,False,False,False,True,False,False,True,1.8904984041247141,0.8838693837466401,1.6971519764301415,2.2891513027578774,True,False,True,False,False,False,False,False,True,False,True,False,4.367174073164732,0.8838693837466401,3.9098944267124827,4.486317232972712,True,False,True,True,True,False,False,True,False,False,True,False,4.667935182911853,0.8838693837466401,2.175914559292897,2.7645436538168453,True,False,True,True,True,False,False,True,False,False,True,False,4.667935182911853,0.8838693837466401,2.9400932973238354,3.523342983391738,True,False,True,True,True,False,False,True,False,False,True,False,4.667935182911853,7.227473606678128,-5.705254112447837,-5.0611458174615365,True,False,True,True,True,False,False,True,False,True,False,True,4.667935182911853,13.488215074883394,-5.763564939847788,-5.1190461679110255,True,False,True,True,True,False,False,True,False,True,False,True
3y,TAO/USDT:USDT,short,short_compression_breakdown,2025-09-04T16:00:00+00:00,2025-09-05T12:00:00+00:00,313.24,322.66,-14.50351546,-0.030883179767213022,trailing_stop_loss,trailing_stop_loss,losing_trades,2.628153474245341,1.3791607264612868,0.9018781379780652,-2.1782786361895004,False,False,False,False,False,False,True,False,False,False,True,False,2.628153474245341,1.3791607264612868,0.8429926238145501,-2.238935001915461,False,False,False,False,False,False,True,False,False,False,True,False,2.628153474245341,1.3791607264612868,2.194260211987863,-0.8470310305197213,False,False,False,False,False,False,True,False,False,False,True,False,2.705634413934178,1.3791607264612868,-0.489679538833442,-3.6116843315030014,False,False,False,False,False,False,True,False,False,False,False,True,2.705634413934178,6.372032480009918,-4.636459430979972,-7.8831694547311955,False,False,False,False,False,False,True,False,False,False,False,True,2.705634413934178,13.190355172627532,-8.126200954565167,-11.477857234069718,False,False,False,False,False,False,True,False,False,False,False,True,2.705634413934178,15.561271927105924,-8.367941486394347,-11.726867577576304,False,False,False,False,False,False,True,False,False,False,False,True
3y,XRP/USDT:USDT,short,short_pullback_restart,2025-09-04T20:00:00+00:00,2025-09-05T12:00:00+00:00,2.7831,2.8587,-15.88871878,-0.0280680896526601,stop_loss,stop_loss,losing_trades,2.1163465911078387,0.8955119459894458,0.8675271976772637,-1.9253027199884925,False,False,False,False,False,False,True,False,False,False,True,False,2.1163465911078387,0.8955119459894458,1.5601497184034692,-1.2138658330638386,False,False,False,False,False,False,True,False,False,False,True,False,2.1163465911078387,0.8955119459894458,1.8050162661349443,-0.9623477417268522,False,False,False,False,False,False,True,False,False,False,True,False,2.3682093259173707,0.8955119459894458,0.8535348235211803,-1.939675182350605,False,False,False,False,False,False,True,False,False,False,True,False,2.3682093259173707,4.264176024066888,-3.62052681288699,-6.535270022636628,False,False,False,False,False,False,True,False,False,False,False,True,2.3682093259173707,7.482422079966426,-6.338545492706476,-9.327120836477299,False,False,False,False,False,False,True,False,False,False,False,True,2.3682093259173707,11.431769685521406,-6.051701822506736,-9.03248535805396,False,False,False,False,False,False,True,False,False,False,False,True
3y,ETH/USDT:USDT,long,long_1d_center_compression,2025-09-13T00:00:00+00:00,2025-09-13T16:00:00+00:00,4710.82,4616.62,-15.03933484,-0.021272756378627265,stop_loss,stop_loss,losing_trades,1.0479528312921598,0.2950210327035773,0.862969011961135,-1.2539392292636884,False,False,False,False,False,False,True,False,False,False,True,False,1.6176336800516458,0.2950210327035773,0.8859295328617159,-1.2314378388475737,False,False,False,False,False,False,True,False,False,False,True,False,1.6176336800516458,0.9015253583790714,-0.4652754612681911,-2.555623437108601,False,False,False,False,False,False,True,False,False,False,False,True,1.6176336800516458,3.3275426610810483,-2.67468407622892,-4.720851571488603,False,False,False,False,False,False,True,False,False,False,False,True,1.6176336800516458,4.237082540906544,-3.3682650943764054,-5.400563383869471,False,False,False,False,False,False,True,False,False,False,False,True,1.6176336800516458,4.603801049252483,-2.5241410382487564,-4.573318870175459,False,False,False,False,False,False,True,False,False,False,False,True,1.6176336800516458,17.21215954529504,-13.22699290823156,-15.062150963101958,False,False,False,False,False,False,True,False,False,False,False,True
3y,SOL/USDT:USDT,long,long_1d_center_compression,2025-09-11T00:00:00+00:00,2025-09-14T02:00:00+00:00,223.94,246.64,70.78766382,0.09998197934483176,roi,roi,winning_trades,1.1798572818683204,0.916315277327275,-0.15001621796950054,9.871420916316877,True,True,True,True,True,False,False,False,True,False,False,True,1.1798572818683204,2.11644502108336,-1.4231268245215662,8.469259623113333,True,True,True,True,True,False,False,False,True,False,False,True,1.1798572818683204,3.0976321764515027,-1.8893934479403167,7.9557292131820985,True,True,True,True,True,False,False,False,True,False,False,True,1.1798572818683204,6.738566331495289,-5.222186182289976,4.285103152630166,True,True,True,True,True,False,False,False,True,False,False,True,1.1798572818683204,6.738566331495289,-4.220726565034057,5.388077163525941,True,True,True,True,True,False,False,False,True,False,False,True,2.7773272786247256,6.738566331495289,-2.286733700940637,7.518111994284184,True,True,True,True,True,False,False,False,True,False,False,True,2.7773272786247256,22.67272137528381,-18.36685047032111,-10.19198892560507,True,True,True,True,True,False,False,False,True,False,False,True
3y,SUI/USDT:USDT,short,short_pullback_restart,2025-09-24T04:00:00+00:00,2025-09-24T14:00:00+00:00,3.275,3.4257,-15.90647583,-0.046995830456164484,stop_loss,stop_loss,losing_trades,1.5850775024082675,-0.04670578275972279,0.8757334267448932,-3.785496183206115,False,False,False,False,False,False,True,False,False,False,True,False,3.4854190384447024,-0.04670578275972279,2.5191931576028272,-2.0664122137404584,False,False,False,False,False,True,False,False,False,False,True,False,8.923723618530516,-0.04670578275972279,6.033803310272356,1.6099236641221388,True,True,True,True,False,True,False,False,False,False,True,False,10.453338003911606,-0.04670578275972279,9.101789415301978,4.819083969465643,True,True,True,True,True,True,False,False,False,False,True,False,10.453338003911606,-0.04670578275972279,6.474589135067285,2.070992366412212,True,True,True,True,True,True,False,False,False,False,True,False,10.453338003911606,1.1326152319234073,-0.6334471786788117,-5.364122137404584,True,True,True,True,True,True,False,False,False,True,False,True,10.453338003911606,8.652246256239607,-0.6509618472137078,-5.382442748091605,True,True,True,True,True,True,False,False,False,True,False,True
3y,TAO/USDT:USDT,short,short_pullback_restart,2025-09-23T18:00:00+00:00,2025-09-28T23:00:00+00:00,308.93,306.06,3.66645405,0.009022927637419973,stale_flat_120h,timeout,winning_trades,0.9050512971312754,0.42475331634320446,0.2581193230085671,1.0847344058524664,True,False,True,False,False,False,False,False,True,False,True,False,2.535450565248641,0.42475331634320446,1.5487159380513653,2.363341209982848,True,False,True,True,False,False,False,False,True,False,True,False,2.535450565248641,2.1760439129582516,-1.3690126119061614,-0.5272812611271139,True,False,True,True,False,False,False,False,True,False,False,True,3.584264523296095,2.1760439129582516,1.0586159576553646,1.877794322338398,True,False,True,True,False,False,False,True,False,False,True,False,3.584264523296095,4.773573809057052,-4.391295824348166,-3.52148706826789,True,False,True,True,False,False,False,True,False,True,False,True,3.584264523296095,8.03763967849442,-2.9863425472129603,-2.129585990353796,True,False,True,True,False,False,False,True,False,True,False,True,57.34823237273737,30.043128798274843,-25.18787165915179,-24.124860000647384,True,True,True,True,True,False,False,True,False,True,False,True
3y,SUI/USDT:USDT,short,short_pullback_restart,2025-09-25T01:00:00+00:00,2025-10-01T09:00:00+00:00,3.3406,3.3811,-5.9312828,-0.012051576799271919,stale_loss_72h,timeout,losing_trades,0.25435509153825503,3.1883114962586174,-3.1616929401674008,-4.512381009399515,False,False,False,False,False,False,False,False,False,False,False,True,0.25435509153825503,4.439383632545625,-3.330277128745084,-4.683009040292171,False,False,False,False,False,False,False,False,False,False,False,True,0.25435509153825503,6.249445446748101,-5.501168258850668,-6.880219122313362,False,False,False,False,False,False,False,False,False,False,False,True,0.25435509153825503,7.716423649108275,-6.725621839046458,-8.11951745195474,False,False,False,False,False,False,False,False,False,False,False,True,0.25435509153825503,8.438082280914493,-3.682233592617782,-5.039232473208407,False,False,False,False,False,False,False,False,False,False,False,True,0.25435509153825503,10.085475141226235,-2.8895921445683395,-4.236981380590323,False,False,False,False,False,False,False,False,False,False,False,True,83.23326727987933,10.085475141226235,16.704622755907838,15.594785367897975,True,True,True,True,True,False,False,False,False,False,True,False
3y,BNB/USDT:USDT,long,long_1d_center_compression,2025-10-03T00:00:00+00:00,2025-10-06T06:00:00+00:00,1090.91,1201.83,72.03827001,0.10000306788016874,roi,roi,winning_trades,3.197623623973446,0.461795761463764,2.9039048783937904,13.26682219431483,True,True,True,True,True,False,False,True,False,False,True,False,3.197623623973446,0.461795761463764,1.5293344316583968,11.752490122924893,True,True,True,True,True,False,False,True,False,False,True,False,5.25615103633626,0.461795761463764,3.43143373022807,13.847988376676337,True,True,True,True,True,False,False,True,False,False,True,False,13.402893920105186,0.461795761463764,8.717539086226836,19.671566857027603,True,True,True,True,True,False,False,True,False,False,True,False,13.402893920105186,0.461795761463764,8.983799705449194,19.9648999459167,True,True,True,True,True,False,False,True,False,False,True,False,13.402893920105186,31.471173127647,9.963971609961476,21.044732379389668,True,True,True,True,True,False,False,True,False,False,True,False,14.376409309136898,31.471173127647,-5.8003211768719405,3.677580185349828,True,True,True,True,True,False,False,True,False,True,False,True
3y,XRP/USDT:USDT,short,short_compression_breakdown,2025-10-09T17:00:00+00:00,2025-10-10T20:00:00+00:00,2.7768,2.4969,59.17173069,0.09999992458904644,roi,roi,winning_trades,52.773439064439906,2.0905923344947746,2.511113781088549,12.237942955920483,True,True,True,True,True,False,False,True,False,False,True,False,52.773439064439906,2.0905923344947746,0.5687051944411154,10.49132814750793,True,True,True,True,True,False,False,True,False,False,True,False,52.773439064439906,2.0905923344947746,5.755136369097678,15.154969749351771,True,True,True,True,True,False,False,True,False,False,True,False,52.773439064439906,3.416236132804666,-2.3869598301894386,7.833592624603858,True,True,True,True,True,False,False,True,False,True,False,True,52.773439064439906,5.891305218470904,-5.863270455364646,4.707692307692313,True,True,True,True,True,False,False,True,False,True,False,True,52.773439064439906,5.931354880051259,7.489286715527264,16.714318640161345,True,True,True,True,True,False,False,True,False,False,True,False,52.773439064439906,5.931354880051259,-0.6488045176018259,9.396542783059637,True,True,True,True,True,False,False,True,False,True,False,True
3y,PAXG/USDT:USDT,long,long_1d_center_compression,2025-09-23T00:00:00+00:00,2025-10-10T21:00:00+00:00,3756.0,3680.88,-16.94112652,-0.02335835746040194,stop_loss,stop_loss,losing_trades,8.642498532959507,-7.311295125078781,7.935330681793476,5.676624068157609,True,False,True,True,True,True,False,False,False,False,True,False,8.642498532959507,-7.311295125078781,8.576210036730341,6.304685835995738,True,False,True,True,True,True,False,False,False,False,True,False,8.668850926952242,-7.311295125078781,8.296928995240272,6.030990415335468,True,False,True,True,True,True,False,False,False,False,True,False,9.070657016800334,-7.311295125078781,8.684064680185175,6.410383386581476,True,False,True,True,True,True,False,False,False,False,True,False,11.929755927930275,-7.311295125078781,11.906935298080887,9.568796592119272,True,False,True,True,True,True,False,False,False,False,True,False,38.723620438590764,-7.311295125078781,15.839147160461614,13.422364217252387,True,True,True,True,True,True,False,False,False,False,True,False,38.723620438590764,-7.311295125078781,11.60646367173068,9.27433439829607,True,True,True,True,True,True,False,False,False,False,True,False
3y,SOL/USDT:USDT,short,short_pullback_restart,2025-10-19T09:00:00+00:00,2025-10-19T09:00:00+00:00,184.08,188.11,-16.99086285,-0.022915059224527516,stop_loss,stop_loss,losing_trades,0.7867736962415705,1.881877624793999,-1.3555898144702476,-3.6745328118209386,False,False,False,False,False,False,True,False,False,False,False,True,0.7867736962415705,2.147679549199932,-0.5688161182286923,-2.870534550195564,False,False,False,False,False,False,True,False,False,False,False,True,2.355005050236567,3.365052362979099,-2.6686513210355542,-5.016340721425458,True,False,False,False,False,False,True,False,False,False,False,True,2.902557014512789,3.365052362979099,2.041358779437565,-0.2032159930465003,True,True,False,False,False,False,True,False,False,False,True,False,2.902557014512789,5.0927648716176614,2.2327361650098436,-0.007648848326805794,True,True,False,False,False,False,True,False,False,False,True,False,5.985859337621615,5.0927648716176614,-4.130561905268184,-6.5102564102564005,True,True,True,True,False,True,False,False,False,True,False,True,5.985859337621615,9.138270161075965,1.2333209292435392,-1.0289439374185025,True,True,True,True,False,True,False,False,False,False,True,False
3y,XRP/USDT:USDT,short,short_pullback_restart,2025-10-19T09:00:00+00:00,2025-10-19T09:00:00+00:00,2.3312,2.3773,-15.6797953,-0.020795508426828375,stop_loss,stop_loss,losing_trades,1.0389938165145403,1.5311487822319434,-0.938038951751987,-3.0341111873713116,False,False,False,False,False,False,True,False,False,False,False,True,1.0389938165145403,1.712026248264846,-0.7613679384175327,-2.853946465339741,False,False,False,False,False,False,True,False,False,False,False,True,1.0389938165145403,4.21065915113784,-3.991923610818996,-6.1483870967741945,False,False,False,False,False,False,True,False,False,False,False,True,1.0389938165145403,7.323434147983011,-1.2829680730240176,-3.3858613589567605,False,False,False,False,False,False,True,False,False,False,False,True,1.0389938165145403,7.323434147983011,-0.25238716190637395,-2.33490048043927,False,False,False,False,False,False,True,False,False,False,False,True,2.2630715517603943,11.96735792706011,-11.260673873722292,-13.56087851750172,True,False,False,False,False,False,True,False,False,False,False,True,2.2630715517603943,13.443822824212337,-5.973162831783953,-8.168805765271102,True,False,False,False,False,False,True,False,False,False,False,True
3y,ETH/USDT:USDT,short,short_compression_breakdown,2025-10-21T05:00:00+00:00,2025-10-21T14:00:00+00:00,3849.22,4009.27,-16.39774164,-0.04262147814961512,trailing_stop_loss,trailing_stop_loss,losing_trades,1.8773991275219675,2.4727693570151144,1.421705198203164,-2.7771657634533797,False,False,False,False,False,False,True,False,False,False,True,False,4.836291893536731,2.4727693570151144,3.738336405380533,-0.36420937228841355,True,True,False,False,False,True,False,False,False,False,True,False,6.092630329212051,2.4727693570151144,3.9139294684568533,-0.1813151755420607,True,True,True,False,False,True,False,False,False,False,True,False,7.556487839432117,2.4727693570151144,4.069319352400813,-0.019464203137261334,True,True,True,True,False,True,False,False,False,False,True,False,7.556487839432117,2.4727693570151144,2.7132121308866752,-1.4319581629524938,True,True,True,True,False,True,False,False,False,False,True,False,7.556487839432117,6.079161543123811,-2.694256061577294,-7.064268085482259,True,True,True,True,False,True,False,False,False,True,False,True,13.700000249421965,6.079161543123811,11.347202857378027,7.561032624791514,True,True,True,True,True,True,False,False,False,False,True,False
3y,SOL/USDT:USDT,short,short_pullback_restart,2025-10-20T17:00:00+00:00,2025-10-21T15:00:00+00:00,187.43,194.83,-16.51004584,-0.04061314686206967,stop_loss,stop_loss,losing_trades,3.60827387979264,1.4679464148231716,1.858030077503467,-2.116752921090541,False,False,False,False,False,True,False,False,False,False,True,False,5.543294153877746,1.4679464148231716,4.968434019401532,1.116454142880009,True,False,True,False,False,True,False,False,False,False,True,False,7.031771287789364,1.4679464148231716,5.604886311143056,1.7780344662007201,True,True,True,True,False,True,False,False,False,False,True,False,9.228558230252023,1.4679464148231716,1.9760817122619834,-1.9940404417649165,True,True,True,True,True,True,False,False,False,False,True,False,9.228558230252023,1.4679464148231716,2.8383719139762875,-1.0977058101691324,True,True,True,True,True,True,False,False,False,False,True,False,9.228558230252023,5.373915721398141,-2.001745111122505,-6.128917462519332,True,True,True,True,True,True,False,False,False,True,False,True,20.027716470769395,5.373915721398141,17.16368115793257,13.793186789734847,True,True,True,True,True,True,False,False,False,False,True,False
3y,NEAR/USDT:USDT,short,short_pullback_restart,2025-11-02T15:00:00+00:00,2025-11-03T00:00:00+00:00,2.121,2.202,-15.99017497,-0.03908160941052958,stop_loss,stop_loss,losing_trades,9.173478655767482,-1.3169845594913676,7.720254314259761,4.096133899104195,True,True,True,True,True,True,False,False,False,False,True,False,10.445049954586738,-1.3169845594913676,9.128065395095371,5.5577086280056625,True,True,True,True,True,True,False,False,False,False,True,False,17.347865576748404,-1.3169845594913676,12.806539509536785,9.37666195190948,True,True,True,True,True,True,False,False,False,False,True,False,21.934604904632145,-1.3169845594913676,18.02906448683016,14.7986327204149,True,True,True,True,True,True,False,False,False,False,True,False,21.934604904632145,-1.3169845594913676,11.716621253405995,8.245120226308348,True,True,True,True,True,True,False,False,False,False,True,False,21.934604904632145,44.59582198001817,-35.05903723887376,-40.31687883074023,True,True,True,True,True,True,False,False,False,True,False,True,21.934604904632145,44.59582198001817,-5.0408719346049145,-9.15233380480906,True,True,True,True,True,True,False,False,False,True,False,True
3y,ADA/USDT:USDT,short,short_pullback_restart,2025-11-02T15:00:00+00:00,2025-11-03T15:00:00+00:00,0.5998,0.5392,47.55625019,0.1000334289868482,roi,roi,winning_trades,-0.46364985163203754,5.508160237388714,-2.4480712166172087,7.802634211403801,True,False,True,True,True,False,False,False,True,False,False,True,-0.46364985163203754,5.508160237388714,-4.024480712166161,6.385495165055026,True,False,True,True,True,False,False,False,True,False,False,True,1.6691394658753724,5.508160237388714,-0.612017804154297,9.453184394798269,True,False,True,True,True,False,False,False,True,False,False,True,9.235905044510389,5.508160237388714,-1.7062314540059322,8.469523174391464,True,True,True,True,True,False,False,True,False,True,False,True,9.235905044510389,5.508160237388714,2.930267062314547,12.637579193064358,True,True,True,True,True,False,False,True,False,False,True,False,9.235905044510389,11.795252225519286,-8.41988130563798,2.4341780593531164,True,True,True,True,True,False,False,True,False,True,False,True,12.407270029673594,12.53709198813056,11.869436201780417,20.673591197065686,True,True,True,True,True,False,False,True,False,False,True,False
3y,ETH/USDT:USDT,short,short_compression_breakdown,2025-10-29T16:00:00+00:00,2025-11-04T05:00:00+00:00,3950.23,3554.12,68.30530612,0.10000072704909589,roi,roi,winning_trades,2.648194208411643,0.19301542997985796,0.7411117238584992,10.5943140019695,True,True,True,True,True,False,False,False,True,False,True,False,5.421032491868594,0.9003635217719155,5.136292528108216,14.548767286968097,True,True,True,True,True,False,False,True,False,False,True,False,14.043420030837447,0.9003635217719155,6.472769630738403,15.751228915784646,True,True,True,True,True,False,False,True,False,False,True,False,14.043420030837447,0.9003635217719155,4.7021484924538255,14.158157119965168,True,True,True,True,True,False,False,True,False,False,True,False,14.043420030837447,0.9003635217719155,5.309893869649866,14.704960723805954,True,True,True,True,True,False,False,True,False,False,True,False,14.043420030837447,2.9228050825520833,0.20258179239867588,10.109785253010582,True,True,True,True,True,False,False,True,False,False,True,False,17.18597008542199,2.9228050825520833,15.277480782866082,23.673046126428083,True,True,True,True,True,False,False,True,False,False,True,False
3y,DOGE/USDT:USDT,short,short_pullback_restart,2025-11-06T06:00:00+00:00,2025-11-07T15:00:00+00:00,0.16373,0.16923,-16.9982901,-0.034474267317141045,stop_loss,stop_loss,losing_trades,0.5731844235655609,7.303669562134379,-6.618211900963196,-10.299719049654934,False,False,False,False,False,False,True,False,False,False,False,True,0.5731844235655609,8.308219582816296,-6.192755421615563,-9.859970683442267,False,False,False,False,False,False,True,False,False,False,False,True,0.5731844235655609,8.308219582816296,-2.7536488802221815,-6.305338056556528,False,False,False,False,False,False,True,False,False,False,False,True,0.5731844235655609,8.308219582816296,-5.176387165396217,-8.809460697489785,False,False,False,False,False,False,True,False,False,False,False,True,0.5731844235655609,9.7264078473084,-5.855935708798678,-9.511836560190563,False,False,False,False,False,False,True,False,False,False,False,True,6.866394847249301,10.122318737812448,3.7995627252851096,0.46800830635802015,True,False,True,True,False,True,False,False,False,False,True,False,21.314187791762684,10.122318737812448,18.507356851622045,15.669865021682028,True,True,True,True,True,True,False,False,False,False,True,False
3y,ETH/USDT:USDT,short,short_pullback_restart,2025-11-06T13:00:00+00:00,2025-11-07T20:00:00+00:00,3347.88,3462.93,-16.84089114,-0.035194625614445724,stop_loss,stop_loss,losing_trades,1.674882252889894,0.2685587060668331,0.6737069475848466,-2.839644192742864,False,False,False,False,False,False,True,False,False,False,True,False,1.674882252889894,0.7817079756160293,0.27866575414460115,-3.2482609890438154,False,False,False,False,False,False,True,False,False,False,True,False,3.165527457961896,0.7817079756160293,1.929868637252267,-1.5403144676631122,False,False,False,False,False,True,False,False,False,False,True,False,3.165527457961896,3.8839941898912196,-3.3064485854464283,-6.956577894070269,False,False,False,False,False,True,False,False,False,True,False,True,3.165527457961896,5.633091052952274,-3.09824339504408,-6.741217725844406,False,False,False,False,False,True,False,False,False,True,False,True,11.404504278169062,5.633091052952274,9.434496221407883,6.222209876100705,True,True,True,True,True,True,False,False,False,False,True,False,24.34152581773238,5.633091052952274,20.97847776305036,18.162900701339357,True,True,True,True,True,True,False,False,False,False,True,False
3y,BTC/USDT:USDT,short,short_pullback_restart,2025-11-04T06:00:00+00:00,2025-11-09T16:00:00+00:00,104164.3,103715.8,1.72675298,0.004146374497774663,stale_flat_120h,timeout,winning_trades,0.4009032375009429,1.2733836117544262,-0.9265704935988538,-0.5920111784939754,True,False,False,False,False,False,False,False,True,False,False,True,0.4009032375009429,2.8445039232209526,-2.314112218196255,-1.9735785677050497,True,False,False,False,False,False,False,False,True,False,False,True,0.4009032375009429,2.8445039232209526,-1.420612867084855,-1.0839263548067757,True,False,False,False,False,False,False,False,True,False,False,True,0.55979898916077,3.6232666575391543,0.3366892990267607,0.6658093991895467,True,False,False,False,False,False,False,False,True,False,True,False,2.35354690413611,3.6232666575391543,2.2394852086181634,2.5604124445707375,True,False,True,False,False,False,False,False,True,False,True,False,9.411102262143283,3.6232666575391543,9.18895674525965,9.479961656728848,True,True,True,True,True,False,False,True,False,False,True,False,22.287636020741296,3.6232666575391543,16.45689470649603,16.716606073289995,True,True,True,True,True,False,False,True,False,False,True,False
3y,ADA/USDT:USDT,short,short_compression_breakdown,2025-11-11T20:00:00+00:00,2025-11-14T12:00:00+00:00,0.5621,0.5055,38.81592352,0.09998514767110234,roi,roi,winning_trades,0.7517309594460762,2.947576656775475,-0.6132542037586752,9.417879380893076,True,False,True,True,True,False,False,False,True,False,False,True,3.1256181998021617,2.947576656775475,0.2176063303659723,10.165077388365074,True,True,True,True,True,False,False,True,False,False,True,False,3.1256181998021617,2.947576656775475,-0.05934718100891751,9.916011385874402,True,True,True,True,True,False,False,True,False,True,False,True,3.1256181998021617,2.947576656775475,1.5628090999010809,11.374826543319703,True,True,True,True,True,False,False,True,False,False,True,False,6.4688427299703175,2.947576656775475,2.4727992087042447,12.193186265789013,True,True,True,True,True,False,False,True,False,False,True,False,23.34322453016814,2.947576656775475,19.999999999999996,27.955506137697927,True,True,True,True,True,False,False,True,False,False,True,False,23.34322453016814,2.947576656775475,16.102868447082095,24.450791674079355,True,True,True,True,True,False,False,True,False,False,True,False
3y,PAXG/USDT:USDT,long,long_1d_center_compression,2025-11-11T00:00:00+00:00,2025-11-14T13:00:00+00:00,4112.06,4029.82,-16.15590109,-0.02122672147413428,stop_loss,stop_loss,losing_trades,1.6122308192425419,0.28512439761578023,1.088634231801914,-1.0331089526903874,False,False,False,False,False,False,True,False,False,False,True,False,1.6122308192425419,0.28512439761578023,1.1722607957675475,-0.9511548955997835,False,False,False,False,False,False,True,False,False,False,True,False,1.6122308192425419,0.28512439761578023,1.2402539071224028,-0.8845216266299669,False,False,False,False,False,False,True,False,False,False,True,False,2.0229191378274956,0.28512439761578023,1.7412688407918868,-0.3935268454254222,False,False,False,False,False,False,True,False,False,False,True,False,2.1554312599570236,0.28512439761578023,0.5806710969720641,-1.5309129730597462,True,False,False,False,False,False,True,False,False,False,True,False,2.4859671151565044,0.9067402514256211,1.0037669176290707,-1.1162789453461384,True,False,False,False,False,False,True,False,False,False,True,False,4.021271421552321,0.9067402514256211,3.8604701946985265,1.6832910998380353,True,False,True,False,False,True,False,False,False,False,True,False
3y,DOGE/USDT:USDT,short,short_pullback_restart,2025-11-19T06:00:00+00:00,2025-11-21T07:00:00+00:00,0.15641,0.14066,37.34009912,0.10002160737958335,roi,roi,winning_trades,5.332006256220678,1.137494667993737,0.44788852552255043,10.372476184387192,True,True,True,True,True,False,False,True,False,False,True,False,5.332006256220678,1.9906156689890493,0.5403099672970358,10.455591074739464,True,True,True,True,True,False,False,True,False,False,True,False,5.332006256220678,1.9906156689890493,0.760699559220827,10.653788120964135,True,True,True,True,True,False,False,True,False,False,True,False,5.332006256220678,2.8010806199345932,-1.5213991184416342,8.601489674573227,True,True,True,True,True,False,False,True,False,True,False,True,5.332006256220678,6.0927058154414855,-3.9101379212284972,6.453289431622007,True,True,True,True,True,False,False,True,False,True,False,True,5.332006256220678,11.424712071662164,-6.469500924214415,4.151646314174279,True,True,True,True,True,False,False,True,False,True,False,True,6.405516849139782,11.424712071662164,-4.791696288923643,5.660501246723349,True,True,True,True,True,False,False,True,False,True,False,True
3y,SUI/USDT:USDT,short,short_pullback_restart,2025-11-19T06:00:00+00:00,2025-11-21T07:00:00+00:00,1.6228,1.4599,33.04681515,0.10002090613583299,roi,roi,winning_trades,9.93903692033701,-3.26734707856703,4.787999178025897,14.245575548434811,True,True,True,True,True,False,False,True,False,False,True,False,9.93903692033701,-2.8015617508048454,4.979793136516199,14.418116835099829,True,True,True,True,True,False,False,True,False,False,True,False,9.93903692033701,-2.8015617508048454,5.973011850126717,15.311634212472269,True,True,True,True,True,False,False,True,False,False,True,False,10.254126994999654,-2.8015617508048454,6.938831426810052,16.180502834606852,True,True,True,True,True,False,False,True,False,False,True,False,10.254126994999654,-2.8015617508048454,4.555106514144805,14.036061128912994,True,True,True,True,True,False,False,True,False,False,True,False,10.254126994999654,10.781560380848003,-4.007123775601069,6.333325117081589,True,True,True,True,True,False,False,True,False,True,False,True,10.69251318583464,22.754983218028634,-12.589903418042327,-1.3878974611782056,True,True,True,True,True,False,False,True,False,True,False,True
3y,ETH/USDT:USDT,short,short_pullback_restart,2025-11-20T16:00:00+00:00,2025-11-21T07:00:00+00:00,2954.52,2656.71,41.63722029,0.09999836124310583,roi,roi,winning_trades,1.3817842368945061,4.219128169804011,-3.1535244719973106,7.14415471887143,True,True,True,True,True,False,False,False,True,False,False,True,1.3817842368945061,5.617097839056578,-3.5348231459210773,6.801290226500416,True,True,True,True,True,False,False,False,True,False,False,True,1.3817842368945061,5.617097839056578,-3.7045819829789504,6.648642757537599,True,True,True,True,True,False,False,False,True,False,False,True,1.3817842368945061,7.310922155598466,-5.098411192791077,5.395308882661147,True,True,True,True,True,False,False,False,True,False,False,True,1.3817842368945061,8.585430852445324,-6.4764313756488265,4.1561905148721285,True,True,True,True,True,False,False,False,True,False,False,True,1.3817842368945061,15.556458928524378,-12.926890778444008,-1.6440748412601673,True,True,True,True,True,False,False,False,True,False,False,True,1.3817842368945061,21.927873196547605,-19.413485099992087,-7.47683278502091,True,True,True,True,True,False,False,False,True,False,False,True
3y,BNB/USDT:USDT,short,short_pullback_restart,2025-11-25T15:00:00+00:00,2025-11-25T23:00:00+00:00,842.28,866.81,-17.7691815,-0.03015297005961308,stop_loss,stop_loss,losing_trades,1.0405971320127805,0.4072403410205335,0.6218202374222709,-2.3724034762786705,False,False,False,False,False,False,True,False,False,False,True,False,1.59319804801513,0.4072403410205335,0.9990655391608274,-1.984171534406611,False,False,False,False,False,False,True,False,False,False,True,False,1.6947197194310104,3.5809462281238194,-2.9152870871356003,-6.012523151446084,False,False,False,False,False,False,True,False,False,False,False,True,1.6947197194310104,4.419653672661837,-3.3813638513630506,-6.49217362397303,False,False,False,False,False,False,True,False,False,False,False,True,1.6947197194310104,4.635387224420584,-2.3915275550582042,-5.4735099966756895,False,False,False,False,False,False,True,False,False,False,False,True,7.546059690128168,4.635387224420584,-1.1963406052076009,-4.243515220591725,True,True,True,True,False,True,False,False,False,True,False,True,7.546059690128168,7.160738800890629,-3.5544121549128485,-6.670261670703333,True,True,True,True,False,True,False,False,False,True,False,True
3y,NEAR/USDT:USDT,short,short_pullback_restart,2025-11-28T02:00:00+00:00,2025-11-28T15:00:00+00:00,1.878,1.953,-17.37364833,-0.04095474261771108,stop_loss,stop_loss,losing_trades,5.478750640040961,-0.870455709165393,4.352278545826931,0.43248136315227825,True,True,True,False,False,True,False,False,False,False,True,False,5.478750640040961,-0.870455709165393,3.9426523297491127,0.006496272630458029,True,True,True,False,False,True,False,False,False,False,True,False,5.478750640040961,-0.870455709165393,3.8914490527393784,-0.04675186368477689,True,True,True,False,False,True,False,False,False,False,True,False,6.605222734254992,-0.870455709165393,5.632360471070153,1.7636847710330097,True,True,True,False,False,True,False,False,False,False,True,False,18.945212493599595,-0.870455709165393,17.357910906298002,13.957507987220435,True,True,True,True,True,True,False,False,False,False,True,False,18.945212493599595,-0.870455709165393,12.391193036354325,8.792438764643228,True,True,True,True,True,True,False,False,False,False,True,False,18.945212493599595,-0.870455709165393,17.665130568356375,14.27699680511181,True,True,True,True,True,True,False,False,False,False,True,False
3y,NEAR/USDT:USDT,short,short_compression_breakdown,2025-11-29T15:00:00+00:00,2025-12-01T03:00:00+00:00,1.861,1.673,67.5537128,0.10004915535099415,roi,roi,winning_trades,1.5540944411237312,0.5977286312014352,0.8965929468021593,10.808113917248795,True,True,True,True,True,False,False,False,True,False,True,False,5.3795576808129155,0.5977286312014352,3.5265989240884603,13.17243417517463,True,True,True,True,True,False,False,True,False,False,True,False,5.3795576808129155,0.5977286312014352,1.0161386730424462,10.915583019881787,True,True,True,True,True,False,False,True,False,False,True,False,5.3795576808129155,9.623430962343098,-8.427973699940228,2.4255239118753322,True,True,True,True,True,False,False,True,False,True,False,True,5.3795576808129155,12.074118350268975,-11.177525403466829,-0.04626544868350941,True,True,True,True,True,False,False,True,False,True,False,True,5.3795576808129155,13.44889420203227,-2.8690974297668883,7.422837184309506,True,True,True,True,True,False,False,True,False,True,False,True,6.216377764494925,13.44889420203227,2.9886431560071753,12.688823213326167,True,True,True,True,True,False,False,True,False,False,True,False
3y,TAO/USDT:USDT,short,short_compression_breakdown,2025-11-29T18:00:00+00:00,2025-12-01T11:00:00+00:00,293.63,263.93,64.91884228,0.10000055724964155,roi,roi,winning_trades,3.849505550714203,1.1480316750653479,3.0273178494297763,12.735881892177229,True,True,True,True,True,False,False,True,False,False,True,False,3.849505550714203,1.5799643844958953,-0.3561550411093842,9.69463951231141,True,True,True,True,True,False,False,True,False,True,False,True,3.849505550714203,1.830030689955664,0.996476338423065,10.910455334945333,True,True,True,True,True,False,False,True,False,False,True,False,3.849505550714203,9.832152464668658,-7.448944795968616,3.319269148247802,True,True,True,True,True,False,False,True,False,True,False,True,3.849505550714203,20.315992876899177,-16.36797635736748,-4.697622858699725,True,True,True,True,True,False,False,True,False,True,False,True,3.849505550714203,20.315992876899177,-13.57935816314931,-2.19106698906787,True,True,True,True,True,False,False,True,False,True,False,True,3.849505550714203,20.315992876899177,-6.039480165195315,4.586169669311715,True,True,True,True,True,False,False,True,False,True,False,True
3y,DOGE/USDT:USDT,short,short_pullback_restart,2025-12-07T14:00:00+00:00,2025-12-07T17:00:00+00:00,0.13819,0.14101,-18.03407988,-0.021439629750756476,stop_loss,stop_loss,losing_trades,3.7231402028224982,1.2835969080207121,1.6949152542372905,-0.41116578623633104,True,False,True,False,False,True,False,False,False,False,True,False,3.7231402028224982,1.2835969080207121,-0.26239273810368713,-2.4084159490556467,True,False,True,False,False,True,False,False,False,True,False,True,3.7231402028224982,2.82249485852068,-1.3970640380114883,-3.5662421304001657,True,False,True,False,False,True,False,False,False,True,False,True,3.7231402028224982,8.59513509680164,-7.027870363803987,-9.311954555322375,True,False,True,False,False,True,False,False,False,True,False,True,3.7231402028224982,8.59513509680164,-3.581306290334018,-5.795057529488377,True,False,True,False,False,True,False,False,False,True,False,True,5.5244308914261335,8.59513509680164,5.141479327707259,3.105731239597668,True,True,True,True,False,True,False,False,False,False,True,False,15.006027941280758,8.59513509680164,7.8646904474859864,5.884514074824517,True,True,True,True,True,True,False,False,False,False,True,False
3y,XRP/USDT:USDT,short,short_compression_breakdown,2025-12-05T10:00:00+00:00,2025-12-08T09:00:00+00:00,2.0566,2.1153,-18.97823107,-0.030014890896577183,stop_loss,stop_loss,losing_trades,2.297546447312437,-0.19382593485556518,1.9240769630785106,-0.9752309637265507,False,False,False,False,False,False,True,False,False,False,True,False,2.5717392332056814,-0.19382593485556518,1.3425991585117942,-1.5733054556063404,False,False,False,False,False,False,True,False,False,False,True,False,3.569233678438042,-0.19382593485556518,2.7466553207582867,-0.12917436545754807,True,False,False,False,False,True,False,False,False,False,True,False,3.569233678438042,2.935753793788117,1.309506925731567,-1.607342215306824,True,False,False,False,False,True,False,False,False,False,True,False,5.8715075875762235,2.935753793788117,4.907105375124102,2.0929398035592794,True,False,True,True,False,True,False,False,False,False,True,False,8.003592870987568,2.935753793788117,5.578404954379988,2.7833997860546487,True,True,True,True,True,True,False,False,False,False,True,False,16.309743298822863,2.935753793788117,9.161821018295276,6.469094622191967,True,True,True,True,True,True,False,False,False,False,True,False
3y,SUI/USDT:USDT,short,short_compression_breakdown,2025-12-11T15:00:00+00:00,2025-12-11T18:00:00+00:00,1.5259,1.5685,-18.4078471,-0.028985674172943506,stop_loss,stop_loss,losing_trades,0.8734459674848611,4.233343959196686,-1.8616512591648002,-4.805419752277336,False,False,False,False,False,False,True,False,False,False,False,True,0.8734459674848611,6.094995218361486,-5.215173732865801,-8.252565698931782,False,False,False,False,False,False,True,False,False,False,False,True,2.033790245457446,6.094995218361486,0.5419190309212593,-2.3347467068615257,False,False,False,False,False,False,True,False,False,False,True,False,2.033790245457446,6.094995218361486,-2.4737009882052883,-5.4345566550887945,False,False,False,False,False,False,True,False,False,False,False,True,2.033790245457446,6.094995218361486,-0.6885559451705401,-3.5995740218887144,False,False,False,False,False,False,True,False,False,False,False,True,14.153649984061204,6.094995218361486,12.617150143449152,10.077600104856149,True,True,True,True,True,True,False,False,False,False,True,False,15.46063117628307,6.094995218361486,10.003187759005423,7.390661249098897,True,True,True,True,True,True,False,False,False,False,True,False
3y,NEAR/USDT:USDT,short,short_compression_breakdown,2025-12-14T18:00:00+00:00,2025-12-15T02:00:00+00:00,1.592,1.641,-16.59851546,-0.03199821744734933,trailing_stop_loss,trailing_stop_loss,losing_trades,1.7062766605728228,-0.24375380865326043,1.4625228519195625,-1.6703517587939642,False,False,False,False,False,False,True,False,False,False,True,False,4.509445460085318,-0.24375380865326043,3.5953686776355847,0.5281407035175885,True,True,True,False,False,True,False,False,False,False,True,False,9.384521633150513,-0.24375380865326043,5.911029859841559,2.915075376884425,True,True,True,True,True,True,False,False,False,False,True,False,9.384521633150513,-0.24375380865326043,4.7531992687385785,1.7216080402010134,True,True,True,True,True,True,False,False,False,False,True,False,10.847044485070075,-0.24375380865326043,9.993906154783664,7.12361809045226,True,True,True,True,True,True,False,False,False,False,True,False,14.442413162705673,-0.24375380865326043,8.165752589884224,5.239195979899509,True,True,True,True,True,True,False,False,False,False,True,False,14.442413162705673,-0.24375380865326043,3.1078610603290637,0.025628140703517696,True,True,True,True,True,True,False,False,False,False,True,False
3y,ADA/USDT:USDT,short,short_pullback_restart,2025-12-15T15:00:00+00:00,2025-12-18T17:00:00+00:00,0.3923,0.3528,42.745244,0.10001386159173453,roi,roi,winning_trades,1.8140589569161047,2.6643990929705272,0.4535147392290222,10.376676013255155,True,True,True,True,True,False,False,False,True,False,True,False,1.8424036281179155,2.9195011337868415,-2.154195011337867,8.031531990823346,True,True,True,True,True,False,False,False,True,False,False,True,1.8424036281179155,7.653061224489803,-4.6201814058956865,5.813841447871527,True,True,True,True,True,False,False,False,True,False,False,True,1.8424036281179155,7.964852607709755,-6.547619047619051,4.080474126943658,True,True,True,True,True,False,False,False,True,False,False,True,1.8424036281179155,7.964852607709755,-2.862811791383219,7.3942645934233955,True,True,True,True,True,False,False,False,True,False,False,True,1.8424036281179155,8.333333333333329,-0.5102040816326597,9.50999235279122,True,True,True,True,True,False,False,False,True,False,False,True,7.142857142857142,9.01360544217687,0.3684807256235894,10.30020392556717,True,True,True,True,True,False,False,True,False,False,True,False
3y,XRP/USDT:USDT,short,short_pullback_restart,2025-12-14T11:00:00+00:00,2025-12-18T19:00:00+00:00,2.0053,1.8008,82.20453635,0.10001010025163357,roi,roi,winning_trades,1.6936916925810737,1.2827632163482963,1.0550866281652547,11.045464519024586,True,True,True,True,True,False,False,False,True,False,True,False,1.6936916925810737,4.164815637494444,-3.648378498445141,6.8216576073405495,True,True,True,True,True,False,False,False,True,False,False,True,1.6936916925810737,6.480453131941361,-5.886272767658824,4.811983244402335,True,True,True,True,True,False,False,False,True,False,False,True,1.6936916925810737,8.712794313638385,-6.8525099955575275,3.944282650974925,True,True,True,True,True,False,False,False,True,False,False,True,1.6936916925810737,8.712794313638385,-6.458240781874726,4.298344387373463,True,True,True,True,True,False,False,False,True,False,False,True,1.6936916925810737,8.712794313638385,-3.9649044868947207,6.537410861217772,True,True,True,True,True,False,False,False,True,False,False,True,1.6936916925810737,8.712794313638385,-4.025988449577966,6.482556226001103,True,True,True,True,True,False,False,False,True,False,False,True
3y,SOL/USDT:USDT,short,short_pullback_restart,2025-12-21T02:00:00+00:00,2025-12-22T00:00:00+00:00,125.06,126.79,-12.64592397,-0.014726264836892876,stop_loss,stop_loss,losing_trades,1.8850067039987384,0.4022399242842424,0.8675763072797607,-0.6037581960658848,True,False,False,False,False,False,True,False,False,False,True,False,1.8850067039987384,0.6782869311459889,-0.08675763072797493,-1.5712937789860895,True,False,False,False,False,False,True,False,False,False,False,True,2.113731366827042,1.5379761810868386,0.11041880274469641,-1.3713897329281972,True,False,False,False,False,False,True,False,False,False,True,False,3.7463522359807553,1.5379761810868386,2.350343086994245,0.8995202302894609,True,True,True,False,False,True,False,False,False,False,True,False,4.953072008833505,1.5379761810868386,3.6753687199306024,2.242875419798502,True,True,True,True,False,True,False,False,False,False,True,False,6.0257118069248365,1.5379761810868386,-0.13407997476140665,-1.619270750039974,True,True,True,True,False,True,False,False,False,True,False,True,6.0257118069248365,7.098351605016156,-6.861739884848965,-8.439996801535269,True,True,True,True,False,True,False,False,False,True,False,True
3y,ADA/USDT:USDT,short,short_pullback_restart,2025-12-21T02:00:00+00:00,2025-12-22T15:00:00+00:00,0.3696,0.3798,-18.82358229,-0.02869092528414377,stop_loss,stop_loss,losing_trades,3.7388098999473525,0.394944707740902,2.3433385992627747,-0.45173160173160815,True,False,True,False,False,True,False,False,False,False,True,False,3.817798841495527,0.394944707740902,3.0542390731964186,0.27878787878786715,True,False,True,False,False,True,False,False,False,False,True,False,6.582411795681943,0.394944707740902,5.028962611901002,2.308008658008648,True,True,True,True,False,True,False,False,False,False,True,False,7.345971563981052,0.394944707740902,6.450763559768305,3.7690476190476137,True,True,True,True,False,True,False,False,False,False,True,False,8.08320168509742,0.394944707740902,5.976829910479213,3.282034632034635,True,True,True,True,True,True,False,False,False,False,True,False,10.768825697735663,1.2638230647709243,3.844128488678252,1.0904761904761795,True,True,True,True,True,True,False,False,False,False,True,False,13.744075829383892,9.057398630858343,-8.636124275934701,-11.734199134199146,True,True,True,True,True,True,False,False,False,True,False,True
3y,ADA/USDT:USDT,short,short_compression_breakdown,2025-12-23T14:00:00+00:00,2025-12-27T21:00:00+00:00,0.3613,0.3617,-0.94563087,-0.0017341790443284836,stale_loss_72h,timeout,losing_trades,-0.35941387890516113,2.5988388166989114,-2.2394249377937507,-2.452615554940495,False,False,False,False,False,False,False,False,False,False,False,True,-0.35941387890516113,4.312966546862041,-2.37766104506497,-2.5910047052311125,False,False,False,False,False,False,False,False,False,False,False,True,0.19353055017971632,4.312966546862041,-0.4976499861763805,-0.7089122612787102,True,False,False,False,False,False,False,False,False,False,False,True,3.179430467238045,6.331213713021834,2.5435443737904455,2.3356490451148715,True,False,True,True,False,False,False,False,False,False,True,False,3.8153165606856603,6.331213713021834,3.179430467238045,2.972239136451702,True,False,True,True,False,False,False,False,False,False,True,False,9.427702515897158,10.340060823887196,-7.49239701410007,-7.711403265983938,True,True,True,True,True,False,False,False,False,True,False,True,9.427702515897158,20.901299419408346,-7.49239701410007,-7.711403265983938,True,True,True,True,True,False,False,False,False,True,False,True
3y,XRP/USDT:USDT,short,short_pullback_restart,2025-12-28T19:00:00+00:00,2025-12-29T01:00:00+00:00,1.8559,1.8803,-11.9915296,-0.014136308431383535,stop_loss,stop_loss,losing_trades,-0.053183002712327274,1.9518161995426238,-1.058341753975419,-2.486982057222899,False,False,False,False,False,False,True,False,False,False,False,True,1.3933946710631282,1.9518161995426238,0.9519757485507646,-0.45023438762864104,True,False,False,False,False,False,True,False,False,False,True,False,1.962452800085101,1.9518161995426238,1.797585491676863,0.40649280672450416,True,True,False,False,False,False,True,False,False,False,True,False,2.015635802797428,1.9518161995426238,0.10104770515343363,-1.3123498033299188,True,True,False,False,False,False,True,False,False,False,True,False,3.7068552890496242,1.9518161995426238,2.1273201084933273,0.7405625303087481,True,True,True,False,False,True,False,False,False,False,True,False,3.7068552890496242,15.183747274371104,-14.657235547519004,-16.264664044398934,True,True,True,False,False,True,False,False,False,True,False,True,3.7068552890496242,28.569909057065356,-9.753762697441886,-11.296723961420321,True,True,True,False,False,True,False,False,False,True,False,True
3y,PAXG/USDT:USDT,long,long_1d_center_compression,2025-12-12T00:00:00+00:00,2025-12-29T09:00:00+00:00,4282.51,4473.2,35.34359812,0.042962945932535024,swing_exit_long_1d,exit_signal,winning_trades,0.30515067513190886,3.20106411517481,-2.878252704998659,1.3463480528942045,True,False,True,True,False,False,False,False,True,False,False,True,0.30515067513190886,3.20106411517481,-2.741885004023957,1.488787883741076,True,False,True,True,False,False,False,False,True,False,False,True,0.30515067513190886,3.20106411517481,-1.8959581507645422,2.372381850830473,True,False,True,True,False,False,False,False,True,False,False,True,0.30515067513190886,4.031789323079662,-2.974604310113554,1.2457061396237277,True,False,True,True,False,False,False,False,True,False,False,True,0.30515067513190886,4.031789323079662,-2.8961369936510817,1.3276674193405134,True,False,True,True,False,False,False,False,True,False,False,True,0.30515067513190886,4.031789323079662,-0.6201377090226188,3.7050115469666105,True,False,True,True,False,False,False,False,True,False,False,True,2.9278816060091266,4.031789323079662,2.728695341142815,7.2029601798945,True,True,True,True,True,False,False,False,True,False,True,False
3y,NEAR/USDT:USDT,short,short_compression_breakdown,2025-12-31T11:00:00+00:00,2026-01-01T11:00:00+00:00,1.5,1.533,-18.61873008,-0.022744864593468892,stop_loss,stop_loss,losing_trades,0.7827788649706464,3.9791258969341268,-3.783431180691458,-6.166666666666664,False,False,False,False,False,False,True,False,False,False,False,True,0.7827788649706464,6.6536203522504955,-6.131767775603398,-8.566666666666666,False,False,False,False,False,False,True,False,False,False,False,True,0.7827788649706464,8.610567514677111,-6.718851924331376,-9.16666666666666,False,False,False,False,False,False,True,False,False,False,False,True,0.7827788649706464,12.067840834964127,-9.19765166340509,-11.699999999999996,False,False,False,False,False,False,True,False,False,False,False,True,0.7827788649706464,12.915851272015669,-12.39399869536857,-14.966666666666672,False,False,False,False,False,False,True,False,False,False,False,True,0.7827788649706464,20.026092628832366,-10.241356816699284,-12.766666666666662,False,False,False,False,False,False,True,False,False,False,False,True,0.7827788649706464,23.54859752120026,-16.764514024788006,-19.433333333333337,False,False,False,False,False,False,True,False,False,False,False,True
3y,ADA/USDT:USDT,short,short_pullback_restart,2026-01-20T09:00:00+00:00,2026-01-21T22:00:00+00:00,0.3605,0.3728,-18.47737568,-0.035003751879489994,trailing_stop_loss,trailing_stop_loss,losing_trades,2.601931330472114,-0.8851931330472169,1.904506437768239,-1.54244105409155,False,False,False,False,False,False,True,False,False,False,True,False,2.762875536480695,-0.8851931330472169,2.011802575107298,-1.4314840499306594,False,False,False,False,False,False,True,False,False,False,True,False,4.721030042918456,-0.8851931330472169,3.5675965665236142,0.1773925104022194,True,False,True,False,False,True,False,False,False,False,True,False,5.525751072961374,-0.5364806866952794,2.816523605150217,-0.5993065187240011,True,False,True,False,False,True,False,False,False,False,True,False,5.525751072961374,-0.5364806866952794,3.540772532188853,0.14965325936200052,True,False,True,False,False,True,False,False,False,False,True,False,10.810085836909872,-0.5364806866952794,3.3798283261802573,-0.016782246879343418,True,True,True,True,True,True,False,False,False,False,True,False,27.896995708154513,-0.5364806866952794,24.0343347639485,21.342441054091534,True,True,True,True,True,True,False,False,False,False,True,False
3y,PAXG/USDT:USDT,long,long_1d_center_compression,2026-01-07T00:00:00+00:00,2026-01-22T23:00:00+00:00,4507.71,4971.15,84.78698857,0.09999960854524222,roi,roi,winning_trades,0.2144373032397084,0.38522273518199285,0.10037918791427922,10.291751022137632,True,True,True,True,True,False,False,False,True,False,True,False,0.2144373032397084,1.1083954416985902,-0.5795439686993853,9.541924613606467,True,True,True,True,True,False,False,False,True,False,False,True,0.7652152922362022,1.1083954416985902,0.6811301207970104,10.932209259246939,True,True,True,True,True,False,False,False,True,False,True,False,3.034509117608609,1.1083954416985902,1.9082103738571676,12.285446268726252,True,True,True,True,True,False,False,True,False,False,True,False,3.132876698550651,1.1083954416985902,1.979622421371328,12.3642002258353,True,True,True,True,True,False,False,True,False,False,True,False,13.308992888969366,1.1083954416985902,10.113354052885148,21.33416501948882,True,True,True,True,True,False,False,True,False,False,True,False,13.308992888969366,10.321555374510918,-5.475393017712192,4.142730787916703,True,True,True,True,True,False,False,True,False,True,False,True
3y,ZEC/USDT:USDT,short,short_pullback_restart,2026-01-23T08:00:00+00:00,2026-01-23T17:00:00+00:00,358.23,372.97,-19.33195112,-0.04261419825006378,trailing_stop_loss,trailing_stop_loss,losing_trades,2.1958870686650545,0.5013808081078767,1.4451564468992257,-2.7100549926025086,False,False,False,False,False,False,True,False,False,False,True,False,2.1958870686650545,3.890393329222187,-0.6917446443413636,-4.934882617312898,False,False,False,False,False,False,True,False,False,False,False,True,2.9412553288468315,3.890393329222187,2.598064187468175,-1.5097088462719355,False,False,False,False,False,False,True,False,False,False,True,False,8.303616912888442,3.890393329222187,7.560929833498685,3.6573625882812815,True,True,True,True,False,True,False,False,False,False,True,False,12.861624259323811,3.890393329222187,3.383650159530258,-0.6917985651676309,True,True,True,True,True,True,False,False,False,False,True,False,12.993002118132836,8.566372630506471,10.427112100168925,6.641478938112395,True,True,True,True,True,True,False,False,False,False,True,False,50.58583800305655,8.566372630506471,34.131431482424865,31.321154007202086,True,True,True,True,True,True,False,False,False,False,True,False
3y,ETH/USDT:USDT,short,short_pullback_restart,2026-01-25T04:00:00+00:00,2026-01-27T16:00:00+00:00,2941.54,2969.6,-8.85175414,-0.01024057766112928,stop_loss,stop_loss,losing_trades,1.7877828663793,2.0305765086206957,-1.6301858836207002,-2.6996586821868904,True,False,False,False,False,False,True,False,False,False,False,True,1.7877828663793,2.201980064655168,-0.966460129310354,-2.0296015012544526,True,False,False,False,False,False,True,False,False,False,False,True,1.7877828663793,2.539062500000003,-0.9701643318965499,-2.03334103904757,True,False,False,False,False,False,True,False,False,False,False,True,5.878569504310335,2.539062500000003,4.574690193965514,3.5644070792849996,True,False,True,True,False,True,False,False,False,False,True,False,9.976764547413792,2.539062500000003,8.220299030172418,7.244792183686102,True,True,True,True,True,True,False,False,False,False,True,False,27.397629310344822,2.539062500000003,24.573006465517235,23.753491708424836,True,True,True,True,True,True,False,False,False,False,True,False,41.540274784482754,2.539062500000003,31.813038793103445,31.062588304085608,True,True,True,True,True,True,False,False,False,False,True,False
3y,XRP/USDT:USDT,short,short_pullback_restart,2026-01-22T14:00:00+00:00,2026-01-27T17:00:00+00:00,1.9291,1.9129,6.28059016,0.007562894517799006,stale_flat_120h,timeout,winning_trades,1.8715039991635767,0.825971038736998,-0.0940979664383932,0.6464620807630485,True,False,True,False,False,False,False,False,True,False,False,True,1.8715039991635767,0.825971038736998,0.0888703016362609,0.8278938365040706,True,False,True,False,False,False,False,False,True,False,True,False,1.8715039991635767,1.5055674630142684,-0.3920748601599698,0.3509875071276725,True,False,True,False,False,False,False,False,True,False,False,True,6.71232160593863,1.5055674630142684,5.279941450154215,5.975371935099267,True,True,True,True,True,False,False,True,False,False,True,False,10.904908777249208,1.5055674630142684,8.41654033143395,9.085630604945312,True,True,True,True,True,False,False,True,False,False,True,False,21.532751319985373,1.5055674630142684,18.568665377176014,19.152501166347,True,True,True,True,True,False,False,True,False,False,True,False,41.586073500967125,1.5055674630142684,25.57373621203409,26.098745529003164,True,True,True,True,True,False,False,True,False,False,True,False
3y,NEAR/USDT:USDT,short,short_pullback_restart,2026-01-20T07:00:00+00:00,2026-01-29T14:00:00+00:00,1.561,1.405,44.81785526,0.09974080761464084,roi,roi,winning_trades,4.555160142348758,-0.1423487544483987,2.1352313167259807,11.815438821268415,True,True,True,True,True,False,False,True,False,False,True,False,6.832740213523138,-0.1423487544483987,5.338078291814943,14.698206278026898,True,True,True,True,True,False,False,True,False,False,True,False,7.8291814946619285,-0.1423487544483987,6.0498220640569365,15.338821268417673,True,True,True,True,True,False,False,True,False,False,True,False,14.021352313167265,-0.1423487544483987,12.52669039145907,21.168417680973725,True,True,True,True,True,False,False,True,False,False,True,False,22.41992882562277,-0.1423487544483987,15.088967971530245,23.47463164638052,True,True,True,True,True,False,False,True,False,False,True,False,22.70462633451957,-0.1423487544483987,20.640569395017796,28.471428571428568,True,True,True,True,True,False,False,True,False,False,True,False,40.2135231316726,-0.1423487544483987,31.459074733096088,38.20877642536835,True,True,True,True,True,False,False,True,False,False,True,False
3y,TAO/USDT:USDT,short,short_pullback_restart,2026-01-29T02:00:00+00:00,2026-01-30T01:00:00+00:00,233.85,210.24,49.85297633,0.0999954095770934,roi,roi,winning_trades,-0.7515220700152131,3.8051750380517504,-2.5780060882800546,7.6784904853538585,True,False,True,True,True,False,False,False,True,False,False,True,-0.2806316590563182,3.8051750380517504,-1.5886605783866075,8.567949540303605,True,False,True,True,True,False,False,False,True,False,False,True,1.4935312024353191,3.852739726027395,-2.706430745814306,7.563031858028646,True,True,True,True,True,False,False,False,True,False,False,True,15.334855403348557,3.9288432267884277,5.384322678843237,14.836925379516789,True,True,True,True,True,False,False,True,False,False,True,False,15.334855403348557,3.9288432267884277,8.414193302891931,17.560893735300397,True,True,True,True,True,False,False,True,False,False,True,False,32.4486301369863,3.9288432267884277,21.91305175038053,29.696878340816767,True,True,True,True,True,False,False,True,False,False,True,False,32.4486301369863,3.9288432267884277,26.041666666666664,33.408659397049384,True,True,True,True,True,False,False,True,False,False,True,False
3y,ADA/USDT:USDT,short,short_pullback_restart,2026-01-29T03:00:00+00:00,2026-01-31T04:00:00+00:00,0.3504,0.315,54.51011354,0.09989936722072913,roi,roi,winning_trades,2.634920634920644,0.4126984126984201,1.2698412698412709,11.144292237442919,True,True,True,True,True,False,False,False,True,False,True,False,7.777777777777785,0.4126984126984201,7.1746031746031775,16.452511415525116,True,True,True,True,True,False,False,True,False,False,True,False,14.666666666666671,0.4126984126984201,5.84126984126985,15.253881278538817,True,True,True,True,True,False,False,True,False,False,True,False,14.666666666666671,0.4126984126984201,9.587301587301589,18.62146118721461,True,True,True,True,True,False,False,True,False,False,True,False,14.666666666666671,0.4126984126984201,4.41269841269842,13.969634703196352,True,True,True,True,True,False,False,True,False,False,True,False,30.031746031746025,0.4126984126984201,13.079365079365084,21.76073059360731,True,True,True,True,True,False,False,True,False,False,True,False,30.031746031746025,0.4126984126984201,12.539682539682534,21.275570776255698,True,True,True,True,True,False,False,True,False,False,True,False
3y,BTC/USDT:USDT,short,short_compression_breakdown,2026-01-29T15:00:00+00:00,2026-01-31T17:00:00+00:00,86978.8,78228.0,86.93554841,0.10000027354822609,roi,roi,winning_trades,3.4872424195940077,1.2425218591808558,-0.6120570639668698,9.41036344488542,True,True,True,True,True,False,False,True,False,True,False,True,3.4872424195940077,1.4940941862248849,-0.45495219103133683,9.551662244133063,True,True,True,True,True,False,False,True,False,True,False,True,3.4872424195940077,1.4940941862248849,0.6608886843585418,10.555240127479342,True,True,True,True,True,False,False,True,False,False,True,False,4.695249782686506,1.4940941862248849,-0.9060694380528749,9.145931192428499,True,True,True,True,True,False,False,True,False,True,False,True,4.695249782686506,1.4940941862248849,4.276729559748435,13.807296950521286,True,True,True,True,True,False,False,True,False,False,True,False,23.5567827376387,1.4940941862248849,11.599043820626882,20.39292471268861,True,True,True,True,True,False,False,True,False,False,True,False,23.5567827376387,1.4940941862248849,10.887533875338761,19.752998661742872,True,True,True,True,True,False,False,True,False,False,True,False
3y,LINK/USDT:USDT,short,short_pullback_restart,2026-01-31T09:00:00+00:00,2026-01-31T17:00:00+00:00,10.461,9.406,44.26219779,0.09995938128313099,roi,roi,winning_trades,4.7735487986391645,6.68722092281522,-6.134382309164362,4.469352834337059,True,True,True,True,True,False,False,True,False,True,False,True,4.7735487986391645,7.112481394854334,-6.081224750159463,4.517149412102098,True,True,True,True,True,False,False,True,False,True,False,True,4.7735487986391645,7.112481394854334,-0.999362109291935,9.086502246439156,True,True,True,True,True,False,False,True,False,True,False,True,4.7735487986391645,7.112481394854334,-5.209440782479271,5.3010132874486136,True,True,True,True,True,False,False,True,False,True,False,True,4.7735487986391645,7.112481394854334,1.0631511800978248,10.941009463722407,True,True,True,True,True,False,False,True,False,False,True,False,24.335530512438876,7.112481394854334,5.751647884329155,15.156667622598222,True,True,True,True,True,False,False,True,False,False,True,False,24.335530512438876,7.112481394854334,3.8911333191579995,13.483787400822111,True,True,True,True,True,False,False,True,False,False,True,False
3y,BNB/USDT:USDT,short,short_pullback_restart,2026-01-31T09:00:00+00:00,2026-01-31T18:00:00+00:00,836.33,751.94,59.35306415,0.10000560047101141,roi,roi,winning_trades,-1.871159932973367,4.602760858579128,-4.419235577306687,6.017202539667366,True,False,True,True,True,False,False,False,True,False,False,True,-1.871159932973367,5.017687581455954,-3.4071867436231464,6.927130438941577,True,False,True,True,True,False,False,False,True,False,False,True,1.2514296353432561,5.017687581455954,-1.5001196904008263,8.641764614446451,True,True,True,True,True,False,False,False,True,False,False,True,3.1132803149187542,5.017687581455954,-3.0281671409952895,7.267905013571198,True,True,True,True,True,False,False,True,False,True,False,True,3.1132803149187542,5.017687581455954,1.9709019336649265,11.762542297896767,True,True,True,True,True,False,False,True,False,False,True,False,23.930100805915373,5.017687581455954,13.22977897172647,21.885340714789617,True,True,True,True,True,False,False,True,False,False,True,False,23.930100805915373,5.017687581455954,15.952070643934361,24.332939150813676,True,True,True,True,True,False,False,True,False,False,True,False
3y,TAO/USDT:USDT,short,short_pullback_restart,2026-02-03T15:00:00+00:00,2026-02-03T20:00:00+00:00,191.97,200.14,-21.48366959,-0.043499449272112134,stop_loss,stop_loss,losing_trades,4.1470970320775375,1.5838912761067334,2.6081742780053956,-1.6366984424649627,True,False,False,False,False,True,False,False,False,False,True,False,4.1470970320775375,1.5838912761067334,2.028579994004184,-2.2409595249257768,True,False,False,False,False,True,False,False,False,False,True,False,8.56400519636254,1.5838912761067334,4.81662836014789,0.665744647601187,True,True,True,True,False,True,False,False,False,False,True,False,21.654841610872378,1.5838912761067334,19.961027280903362,16.454670000520917,True,True,True,True,True,True,False,False,False,False,True,False,29.039672229439383,1.5838912761067334,13.650444688717894,9.875517007865815,True,True,True,True,True,True,False,False,False,False,True,False,29.039672229439383,1.5838912761067334,23.20375736984111,19.83540657394385,True,True,True,True,True,True,False,False,False,False,True,False,29.039672229439383,7.739582292395328,3.3826321574897484,-0.8292806167630389,True,True,True,True,True,True,False,False,False,False,True,False
3y,SOL/USDT:USDT,short,short_pullback_restart,2026-02-03T15:00:00+00:00,2026-02-04T17:00:00+00:00,100.78,90.5,46.84020689,0.10000200310557153,roi,roi,winning_trades,1.4475138121546987,4.607734806629836,-1.7348066298342468,8.542587815042674,True,True,True,True,True,False,False,False,True,False,False,True,1.4475138121546987,4.607734806629836,-0.6961325966850779,9.47531256201628,True,True,True,True,True,False,False,False,True,False,False,True,9.016574585635356,4.607734806629836,8.685082872928177,17.899603095852353,True,True,True,True,True,False,False,True,False,False,True,False,25.646408839779,4.607734806629836,4.331491712707184,13.990097241516175,True,True,True,True,True,False,False,True,False,False,True,False,25.646408839779,4.607734806629836,3.2265193370165766,12.997836872395318,True,True,True,True,True,False,False,True,False,False,True,False,25.646408839779,4.607734806629836,12.751381215469621,21.551121254217115,True,True,True,True,True,False,False,True,False,False,True,False,25.646408839779,4.607734806629836,9.259668508287287,18.415578487795194,True,True,True,True,True,False,False,True,False,False,True,False
3y,BTC/USDT:USDT,short,short_pullback_restart,2026-02-03T17:00:00+00:00,2026-02-05T15:00:00+00:00,76458.2,68756.7,53.49429112,0.1000005822898243,roi,roi,winning_trades,9.487657202861676,-0.12987825186491342,8.097974451944312,17.25510383451349,True,True,True,True,True,False,False,True,False,False,True,False,13.026657765715917,-0.12987825186491342,6.717309004067966,16.013510388682967,True,True,True,True,True,False,False,True,False,False,True,False,13.026657765715917,0.5835067709764971,0.2606291459595895,10.207200535717552,True,True,True,True,True,False,False,True,False,False,True,False,13.026657765715917,4.301689871677956,-0.5314391179332469,9.494915914839732,True,True,True,True,True,False,False,True,False,True,False,True,13.026657765715917,4.301689871677956,-3.484605863864916,6.83921646075894,True,True,True,True,True,False,False,True,False,True,False,True,13.026657765715917,5.15338868793878,2.3993298107675285,12.1304736444227,True,True,True,True,True,False,False,True,False,False,True,False,13.026657765715917,5.15338868793878,3.481842496803948,13.103946731678223,True,True,True,True,True,False,False,True,False,False,True,False
3y,NEAR/USDT:USDT,short,short_pullback_restart,2026-02-04T14:00:00+00:00,2026-02-05T15:00:00+00:00,1.159,1.042,49.81808568,0.10024518199233685,roi,roi,winning_trades,7.677543186180428,4.414587332053746,5.470249520153556,14.912942191544436,True,True,True,True,True,False,False,True,False,False,True,False,19.38579654510557,4.414587332053746,7.965451055662196,17.156255392579816,True,True,True,True,True,False,False,True,False,False,True,False,19.38579654510557,4.414587332053746,-2.015355086372352,8.183002588438317,True,True,True,True,True,False,False,True,False,True,False,True,19.38579654510557,6.81381957773512,-2.7831094049903946,7.492752372735123,True,True,True,True,True,False,False,True,False,True,False,True,19.38579654510557,6.81381957773512,-1.3435700575815752,8.7869715271786,True,True,True,True,True,False,False,True,False,True,False,True,19.38579654510557,6.81381957773512,8.349328214971216,17.501380500431413,True,True,True,True,True,False,False,True,False,False,True,False,19.38579654510557,6.81381957773512,4.990403071017279,14.481535806729942,True,True,True,True,True,False,False,True,False,False,True,False
3y,ADA/USDT:USDT,short,short_pullback_restart,2026-02-10T07:00:00+00:00,2026-02-13T08:00:00+00:00,0.262,0.2619,-0.46993076,-0.0009663576295211861,stale_loss_72h,timeout,losing_trades,0.07636502481864584,2.1382206949217233,-1.374570446735392,-1.4358778625954212,True,False,False,False,False,False,False,False,False,False,False,True,0.07636502481864584,4.8873615883925074,-4.352806414662071,-4.412977099236632,True,False,False,False,False,False,False,False,False,False,False,True,0.07636502481864584,6.796487208858336,-6.376479572355858,-6.435877862595421,True,False,False,False,False,False,False,False,False,False,False,True,0.07636502481864584,15.19663993890798,-12.98205421916761,-13.038931297709919,True,False,False,False,False,False,False,False,False,False,False,True,0.07636502481864584,15.19663993890798,-7.483772432226021,-7.5427480916030385,True,False,False,False,False,False,False,False,False,False,False,True,0.07636502481864584,15.19663993890798,-4.810996563573883,-4.870992366412217,True,False,False,False,False,False,False,False,False,False,False,True,3.2455135547919083,19.66399389079801,-11.531118747613593,-11.588549618320616,True,False,True,True,False,False,False,False,False,True,False,True
3y,DOGE/USDT:USDT,short,short_pullback_restart,2026-02-10T07:00:00+00:00,2026-02-13T09:00:00+00:00,0.09329,0.09384,-3.73300858,-0.007109770288943621,stale_loss_72h,timeout,losing_trades,1.033674339300951,2.9624893435635022,-1.5345268542199455,-2.2331332404330646,True,False,False,False,False,False,False,False,False,False,False,True,1.033674339300951,4.12404092071611,-3.3780903665814064,-4.087565655482904,True,False,False,False,False,False,False,False,False,False,False,True,1.033674339300951,4.7314578005115075,-4.592924126172202,-5.309561582163151,True,False,False,False,False,False,False,False,False,False,False,True,1.033674339300951,25.30903665814151,-21.98422847399829,-22.803398006217176,True,False,False,False,False,False,False,False,False,False,False,True,1.033674339300951,25.30903665814151,-9.80392156862745,-10.55128095187052,True,False,False,False,False,False,False,False,False,False,False,True,1.033674339300951,25.30903665814151,-5.626598465473138,-6.349330046092831,True,False,False,False,False,False,False,False,False,False,False,True,4.230605285592499,25.30903665814151,-3.7084398976982063,-4.419862793439817,True,False,True,True,False,False,False,False,False,True,False,True
3y,BNB/USDT:USDT,short,short_pullback_restart,2026-02-09T08:00:00+00:00,2026-02-14T09:00:00+00:00,631.85,627.23,3.8707462,0.006318677262188902,stale_flat_120h,timeout,winning_trades,0.13711078870589954,1.6469237759673367,-1.2132710488975358,-0.5732135791722733,True,False,False,False,False,False,False,False,True,False,False,True,0.13711078870589954,1.6469237759673367,-0.6345359756389233,0.0012898631004172427,True,False,False,False,False,False,False,False,True,False,False,True,0.13711078870589954,2.4663998852095763,-0.5564147123064919,0.07883991453667728,True,False,False,False,False,False,False,False,True,False,False,True,2.943099022687058,2.4663998852095763,1.4029941169905884,2.0239218168869306,True,False,True,True,False,False,False,False,True,False,True,False,3.6716993766242005,2.4663998852095763,1.211676737400957,1.834003323573637,True,False,True,True,False,False,False,True,False,False,True,False,5.097013854566909,2.4663998852095763,-0.2582784624459934,0.3747962332832159,True,False,True,True,True,False,False,True,False,True,False,True,8.070404795688981,2.4663998852095763,5.718795338233185,6.308166495212472,True,True,True,True,True,False,False,True,False,False,True,False
3y,ETH/USDT:USDT,short,short_pullback_restart,2026-02-17T15:00:00+00:00,2026-02-17T16:00:00+00:00,1947.55,2007.95,-21.11515786,-0.03209269713679132,trailing_stop_loss,trailing_stop_loss,losing_trades,2.7560447222291464,0.34662217684703484,0.7495206553948034,-2.4285666606762417,False,False,False,False,False,False,True,False,False,False,True,False,2.7560447222291464,0.34662217684703484,0.48507183943823345,-2.701216913558065,False,False,False,False,False,False,True,False,False,False,True,False,2.7560447222291464,1.509997758908336,1.8521377524340772,-1.2917537418808265,False,False,False,False,False,False,True,False,False,False,True,False,5.102218680744045,1.509997758908336,4.332777210587913,1.2658185925906862,True,True,True,False,False,True,False,False,False,False,True,False,5.102218680744045,1.509997758908336,2.0040339649891687,-1.1351467228055805,True,True,True,False,False,True,False,False,False,False,True,False,10.555541721656418,1.509997758908336,7.496202594686122,4.52735231444635,True,True,True,True,True,True,False,False,False,False,True,False,10.555541721656418,7.071889240269916,1.2385766577853092,-1.9243434058175646,True,True,True,True,True,True,False,False,False,False,True,False
3y,LINK/USDT:USDT,short,short_compression_breakdown,2026-02-19T14:00:00+00:00,2026-02-20T15:00:00+00:00,8.395,8.763,-22.38113319,-0.044897175520927673,stop_loss,stop_loss,losing_trades,0.8444596599338109,2.4991441287230334,-2.419262809540109,-7.00887432995831,False,False,False,False,False,False,True,False,False,False,False,True,0.8444596599338109,2.830081022480878,-1.4036288942143027,-5.948719475878495,False,False,False,False,False,False,True,False,False,False,False,True,0.8444596599338109,3.3550154056829906,-1.9285632774164154,-6.496664681357961,False,False,False,False,False,False,True,False,False,False,False,True,0.9585758301951344,3.3550154056829906,0.6504621704895628,-3.8045860631328163,False,False,False,False,False,False,True,False,False,False,True,False,6.824146981627305,3.3550154056829906,3.9826543421202807,-0.32632519356760126,True,True,True,False,False,True,False,False,False,False,True,False,8.136482939632536,9.425995663585535,-0.5477576172543654,-5.055330553901136,True,True,True,True,False,True,False,False,False,True,False,True,8.136482939632536,9.871048727604705,-0.23964395754879375,-4.733710541989293,True,True,True,True,False,True,False,False,False,True,False,True
3y,ADA/USDT:USDT,short,short_compression_breakdown,2026-02-22T13:00:00+00:00,2026-02-25T13:00:00+00:00,0.2731,0.28,-21.25479612,-0.026494324964523,trailing_stop_loss,trailing_stop_loss,losing_trades,0.5000000000000043,8.428571428571411,-8.107142857142856,-10.938520688392535,False,False,False,False,False,False,True,False,False,False,False,True,0.5000000000000043,11.928571428571422,-5.785714285714282,-8.55844013181985,False,False,False,False,False,False,True,False,False,False,False,True,0.5000000000000043,11.928571428571422,-4.249999999999988,-6.983925302087142,False,False,False,False,False,False,True,False,False,False,False,True,0.5000000000000043,11.928571428571422,-1.2857142857142827,-3.9447455144635697,False,False,False,False,False,False,True,False,False,False,False,True,7.464285714285725,11.928571428571422,3.7142857142857215,1.1815818381545231,True,False,True,True,True,True,False,False,False,False,True,False,7.7857142857143,11.928571428571422,2.8571428571428594,0.30278286341998895,True,False,True,True,True,True,False,False,False,False,True,False,12.28571428571429,11.928571428571422,6.178571428571441,3.708128890516302,True,True,True,True,True,True,False,False,False,False,True,False
3y,XRP/USDT:USDT,short,short_pullback_restart,2026-02-22T13:00:00+00:00,2026-02-25T14:00:00+00:00,1.4081,1.4126,-4.93330564,-0.004873171161871498,stale_loss_72h,timeout,losing_trades,-0.8565765255557128,4.488177828118356,-3.624522157723341,-4.05568496555643,False,False,False,False,False,False,False,False,False,False,False,True,-0.36103638680446565,5.719949030157156,-1.741469630468636,-2.1666145870321802,False,False,False,False,False,False,False,False,False,False,False,True,-0.36103638680446565,5.719949030157156,-1.5786492991646597,-2.0032739152048973,False,False,False,False,False,False,False,False,False,False,False,True,3.9997168342064273,5.719949030157156,3.858133937420359,3.4508841701583566,True,False,True,True,False,False,False,False,False,False,True,False,10.144414554721788,5.719949030157156,6.732266742177558,6.334202116326967,True,True,True,True,True,False,False,False,False,False,True,False,10.144414554721788,5.719949030157156,-0.007079144839302632,-0.42668134365458127,True,True,True,True,True,False,False,False,False,True,True,False,10.144414554721788,5.719949030157156,1.4936995610930284,1.0788935444925751,True,True,True,True,True,False,False,False,False,False,True,False
3y,TAO/USDT:USDT,short,short_compression_breakdown,2026-02-22T13:00:00+00:00,2026-02-25T14:00:00+00:00,175.05,179.76,-15.01079925,-0.028906466470115397,stale_loss_72h,timeout,losing_trades,0.25589675122384264,4.26680017801514,-3.526924788607034,-6.412482147957717,False,False,False,False,False,False,False,False,False,False,False,True,1.440809968847354,5.95794392523365,-2.336448598130851,-5.189974293059123,False,False,False,False,False,False,False,False,False,False,False,True,1.440809968847354,6.753449043168677,-1.4519359145527446,-4.281662382176517,False,False,False,False,False,False,False,False,False,False,False,True,1.8357810413885085,6.753449043168677,0.5507343124165447,-2.2251071122536414,False,False,False,False,False,False,False,False,False,False,True,False,7.871606586559846,6.753449043168677,4.439252336448592,1.7680377035132877,True,False,True,True,True,False,False,False,False,False,True,False,7.871606586559846,9.190031152647983,-6.0914552736982746,-9.046015424164523,True,False,True,True,True,False,False,False,False,True,False,True,7.871606586559846,16.499777481085893,-11.226079216733426,-14.318794630105675,True,False,True,True,True,False,False,False,False,True,False,True
3y,ZEC/USDT:USDT,short,short_compression_breakdown,2026-03-06T13:00:00+00:00,2026-03-07T22:00:00+00:00,221.24,198.81,52.34289356,0.10000299823136424,roi,roi,winning_trades,3.752326341733317,-0.3068256123937496,2.580353100950654,12.35706020611101,True,True,True,True,True,False,False,True,False,False,True,False,3.752326341733317,1.0562848951259969,0.04023942457623485,10.074471162538428,True,True,True,True,True,False,False,True,False,False,True,False,3.752326341733317,2.4445450430058773,-0.25652633167345246,9.807792442596282,True,True,True,True,True,False,False,True,False,True,False,True,3.752326341733317,10.26608319501031,-7.982495850309343,2.865105767492317,True,True,True,True,True,False,False,True,False,True,False,True,3.752326341733317,16.075650118203313,-11.508475428801365,-0.30339902368468114,True,True,True,True,True,False,False,True,False,True,False,True,3.752326341733317,16.075650118203313,-6.599265630501486,4.1080998011209555,True,True,True,True,True,False,False,True,False,True,False,True,3.752326341733317,45.52084905185856,-14.86343745284443,-3.3182245525221497,True,True,True,True,True,False,False,True,False,True,False,True
3y,SOL/USDT:USDT,short,short_compression_breakdown,2026-03-07T20:00:00+00:00,2026-03-09T13:00:00+00:00,82.47,85.0,-22.51784396,-0.03236723236750335,stop_loss,stop_loss,losing_trades,0.8588235294117693,2.3529411764705883,-1.0823529411764727,-4.283339396144056,False,False,False,False,False,False,True,False,False,False,False,True,0.8588235294117693,2.3529411764705883,-0.8117647058823502,-4.004450103067781,False,False,False,False,False,False,True,False,False,False,False,True,0.8588235294117693,3.117647058823536,-1.188235294117653,-4.3924699890869485,False,False,False,False,False,False,True,False,False,False,False,True,0.8588235294117693,4.447058823529413,-1.0705882352941136,-4.27121377470595,False,False,False,False,False,False,True,False,False,False,False,True,0.8588235294117693,4.447058823529413,-2.0000000000000036,-5.229137868315757,False,False,False,False,False,False,True,False,False,False,False,True,0.8588235294117693,11.858823529411763,-10.14117647058824,-13.62006790348006,False,False,False,False,False,False,True,False,False,False,False,True,0.8588235294117693,14.882352941176476,-7.423529411764708,-10.819049351279258,False,False,False,False,False,False,True,False,False,False,False,True
3y,BNB/USDT:USDT,short,short_pullback_restart,2026-03-22T00:00:00+00:00,2026-03-23T11:00:00+00:00,630.29,646.74,-22.48258298,-0.027242796990634595,stop_loss,stop_loss,losing_trades,2.1492408077434484,0.41593221387264445,1.318922596406589,-1.356564438591771,False,False,False,False,False,False,True,False,False,False,True,False,2.1492408077434484,0.41593221387264445,1.150385007885712,-1.5295007060242098,False,False,False,False,False,False,True,False,False,False,True,False,3.0321303769675625,0.41593221387264445,1.216872313448991,-1.461278141807746,True,False,False,False,False,True,False,False,False,False,True,False,3.1048025481646473,0.695797383801837,-0.28295760274608667,-3.000252264830489,True,False,False,False,False,True,False,False,False,True,False,True,3.1048025481646473,0.9957633670408419,2.7290719609116456,0.09038855130177091,True,False,False,False,False,True,False,False,False,False,True,False,7.843955840059377,0.9957633670408419,4.439187308655725,1.8451363657998685,True,True,True,True,True,True,False,False,False,False,True,False,11.755883353434141,0.9957633670408419,6.328663759779829,3.7839264465563502,True,True,True,True,True,True,False,False,False,False,True,False
3y,XRP/USDT:USDT,short,short_pullback_restart,2026-03-22T00:00:00+00:00,2026-03-23T14:00:00+00:00,1.4081,1.4474,-22.44004946,-0.029016151899456506,stop_loss,stop_loss,losing_trades,1.4785131960757278,1.2643360508497985,0.6839850766892372,-2.1879198920531278,False,False,False,False,False,False,True,False,False,False,True,False,2.770485007599836,1.2643360508497985,2.6944866657454694,-0.12130530502096364,True,False,False,False,False,False,True,False,False,False,True,False,3.6548293491778323,1.2643360508497985,3.1850214177145246,0.38292024714153244,True,False,False,False,False,True,False,False,False,False,True,False,4.476993229238633,1.2643360508497985,2.2661323752936258,-0.5616149421206004,True,False,True,False,False,True,False,False,False,False,True,False,5.755147160425586,1.2643360508497985,5.513334254525362,2.776216177828278,True,False,True,True,False,True,False,False,False,False,True,False,10.619041039104598,1.2643360508497985,6.908940168578146,4.210773382572259,True,True,True,True,True,True,False,False,False,False,True,False,11.772834047257158,1.2643360508497985,6.936575929252456,4.239180455933523,True,True,True,True,True,True,False,False,False,False,True,False
3y,SUI/USDT:USDT,short,short_pullback_restart,2026-03-22T00:00:00+00:00,2026-03-23T15:00:00+00:00,0.9323,0.969,-22.17036223,-0.04044913940788716,stop_loss,stop_loss,losing_trades,2.6728586171310553,-0.2683178534571657,1.444788441692468,-2.5348385712753343,False,False,False,False,False,False,True,False,False,False,True,False,3.2920536635706843,-0.2683178534571657,2.837977296181627,-1.0868068218384626,False,False,False,False,False,True,False,False,False,False,True,False,3.973168214654281,-0.2683178534571657,2.941176470588232,-0.9795452107690642,True,False,False,False,False,True,False,False,False,False,True,False,4.210526315789468,0.6604747162022778,1.4138286893704783,-2.567017054596162,True,False,False,False,False,True,False,False,False,False,True,False,6.140350877192982,0.6604747162022778,5.675954592363254,1.8628874825699864,True,False,True,False,False,True,False,False,False,False,True,False,15.500515995872032,0.6604747162022778,9.060887512899896,5.381068325646254,True,True,True,True,True,True,False,False,False,False,True,False,15.500515995872032,0.6604747162022778,7.110423116615064,3.353823876434624,True,True,True,True,True,True,False,False,False,False,True,False
3y,XRP/USDT:USDT,short,short_compression_breakdown,2026-03-24T17:00:00+00:00,2026-03-25T11:00:00+00:00,1.39,1.4353,-21.81164172,-0.033683068900980356,stop_loss,stop_loss,losing_trades,2.3897443043266215,-0.2647530133073243,1.7208945864975924,-1.5820143884892213,False,False,False,False,False,False,True,False,False,False,True,False,2.3897443043266215,-0.2647530133073243,1.497944680554593,-1.8122302158273416,False,False,False,False,False,False,True,False,False,False,True,False,4.765554239531807,-0.2647530133073243,4.514735595345918,1.3028776978417158,True,True,True,False,False,True,False,False,False,False,True,False,7.6848045704730765,-0.2647530133073243,7.022922037204765,3.892805755395675,True,True,True,True,False,True,False,False,False,False,True,False,8.221277781648444,-0.2647530133073243,6.681529993729541,3.5402877697841713,True,True,True,True,True,True,False,False,False,False,True,False,9.86553333797812,-0.2647530133073243,5.692189786107441,2.518705035971222,True,True,True,True,True,True,False,False,False,False,True,False,11.029053159618206,-0.2647530133073243,4.020065491534877,0.7920863309352494,True,True,True,True,True,True,False,False,False,False,True,False
3y,BTC/USDT:USDT,short,short_compression_breakdown,2026-03-27T09:00:00+00:00,2026-03-30T13:00:00+00:00,67876.7,67859.4,-0.78130684,-0.0009597030213662201,stale_loss_72h,timeout,losing_trades,2.445202875356971,0.022988709007161608,1.979681517962131,1.9046643398986647,True,False,True,False,False,False,False,False,False,False,True,False,2.445202875356971,0.7627535757758039,-0.05422977509380117,-0.12872856223122223,True,False,True,False,False,False,False,False,False,False,False,True,2.831442659381006,0.7627535757758039,0.8897809293922263,0.8150415385544542,True,False,True,False,False,False,False,False,False,False,True,False,2.831442659381006,2.10523523638583,-0.34188336472176295,-0.4163088364637602,True,False,True,False,False,False,False,False,False,False,False,True,3.21738771636647,2.10523523638583,2.4051199981137343,2.329994386880909,True,False,True,True,False,False,False,False,False,False,True,False,3.21738771636647,3.5271458338859465,-2.2699876509370975,-2.343921699198703,True,False,True,True,False,False,False,False,False,True,False,True,3.21738771636647,8.715078530019424,-5.546173411494952,-5.61927244547835,True,False,True,True,False,False,False,False,False,True,False,True
3y,ADA/USDT:USDT,short,short_compression_breakdown,2026-03-27T09:00:00+00:00,2026-04-01T07:00:00+00:00,0.252,0.2519,-1.20174231,-0.001298286882346259,stale_loss_72h,timeout,losing_trades,2.6597856292179483,-0.39698292973402177,1.9849146486701088,1.923809523809521,True,False,True,False,False,False,False,False,False,False,True,False,2.6597856292179483,0.07939658594679554,0.9924573243350544,0.9317460317460282,True,False,True,False,False,False,False,False,False,False,True,False,6.629614926558165,0.07939658594679554,5.24017467248909,5.177777777777781,True,False,True,True,True,False,False,False,False,False,True,False,6.867804684398575,0.07939658594679554,3.374354902739185,3.3126984126984107,True,False,True,True,True,False,False,False,False,False,True,False,6.867804684398575,0.07939658594679554,2.6597856292179483,2.5984126984126985,True,False,True,True,True,False,False,False,False,False,True,False,6.867804684398575,5.716554188169896,-3.6919412465263894,-3.7507936507936455,True,False,True,True,True,False,False,False,False,True,False,True,6.867804684398575,5.716554188169896,5.4386661373561,5.376190476190478,True,False,True,True,True,False,False,False,False,False,True,False
3y,NEAR/USDT:USDT,short,short_pullback_restart,2026-04-02T02:00:00+00:00,2026-04-03T08:00:00+00:00,1.17,1.217,-19.82609891,-0.04095135414026019,trailing_stop_loss,trailing_stop_loss,losing_trades,0.821692686935087,0.9038619556285866,0.3286770747740348,-3.7752136752136884,False,False,False,False,False,False,True,False,False,False,True,False,1.7255546425636918,0.9038619556285866,0.1643385373870174,-3.9461538461538597,False,False,False,False,False,False,True,False,False,False,True,False,1.7255546425636918,1.3147082990961392,-0.6573541495480696,-4.800854700854715,False,False,False,False,False,False,True,False,False,False,False,True,1.7255546425636918,5.75184880854559,-2.136400986031226,-6.339316239316255,False,False,False,False,False,False,True,False,False,False,False,True,1.7255546425636918,5.75184880854559,-4.847986852917003,-9.159829059829068,False,False,False,False,False,False,True,False,False,False,False,True,1.7255546425636918,14.297452752670495,-11.339359079704183,-15.911965811965818,False,False,False,False,False,False,True,False,False,False,False,True,1.7255546425636918,18.48808545603943,-17.00903861955627,-21.809401709401712,False,False,False,False,False,False,True,False,False,False,False,True
3y,XRP/USDT:USDT,short,short_pullback_restart,2026-03-26T06:00:00+00:00,2026-04-06T08:00:00+00:00,1.388,1.3437,23.93708145,0.029354139327209695,stale_low_profit_240h,timeout,winning_trades,0.4837389298206408,0.9898042717868639,-0.24559053360125627,2.8538904899135393,True,False,True,True,False,False,False,False,True,False,False,True,0.7070030512763148,0.9898042717868639,0.2307062588375293,3.3149855907780896,True,False,True,True,False,False,False,False,True,False,True,False,2.9024335789238616,0.9898042717868639,1.8382079333184451,4.871181556195962,True,False,True,True,True,False,False,False,True,False,True,False,3.698742278782456,3.88479571332887,-2.7610329686686117,0.4187319884726133,True,False,True,True,True,False,False,True,False,True,False,True,3.698742278782456,3.88479571332887,0.7070030512763148,3.776080691642641,True,False,True,True,True,False,False,True,False,False,True,False,3.698742278782456,3.88479571332887,1.3916796904070805,4.4389048991354425,True,False,True,True,True,False,False,True,False,False,True,False,3.698742278782456,12.31673736697181,-4.859715710352024,-1.6129682997118249,True,False,True,True,True,False,False,True,False,True,False,True
3y,BNB/USDT:USDT,short,short_pullback_restart,2026-04-01T14:00:00+00:00,2026-04-06T15:00:00+00:00,611.36,607.38,5.40210777,0.0055601473476265964,stale_flat_120h,timeout,winning_trades,0.6766768744443369,0.3276367348282803,0.2716585992294737,0.8208976707668141,True,False,True,False,False,False,False,False,True,False,True,False,1.8192894069610384,0.3276367348282803,1.3352431756067065,1.8775582308296308,True,False,True,False,False,False,False,False,True,False,True,False,2.495966281405375,0.3276367348282803,1.422503210510716,1.964250196283696,True,False,True,True,False,False,False,False,True,False,True,False,2.495966281405375,2.963548355230663,0.28812275675853666,0.8372546453807932,True,False,True,True,False,False,False,False,True,False,True,False,2.495966281405375,2.963548355230663,0.14653100200862498,0.6965846637006026,True,False,True,True,False,False,False,False,True,False,True,False,2.9981230860416934,2.963548355230663,0.5894168395403274,1.1365872808165498,True,False,True,True,False,False,False,False,True,False,True,False,2.9981230860416934,6.883664262899678,-3.5085119694425333,-2.934663700601943,True,False,True,True,False,False,False,False,True,False,False,True
3y,ADA/USDT:USDT,short,short_compression_breakdown,2026-04-13T00:00:00+00:00,2026-04-13T12:00:00+00:00,0.2359,0.2413,-22.25873017,-0.02426210146647836,stop_loss,stop_loss,losing_trades,1.6576875259013575,0.787401574803155,0.9946125155408146,-1.371725307333617,False,False,False,False,False,False,True,False,False,False,True,False,1.6576875259013575,3.1910484873601384,-1.4919187733112391,-3.9151759220008513,False,False,False,False,False,False,True,False,False,False,False,True,1.6576875259013575,3.1910484873601384,-0.8288437629506845,-3.2369224247562487,False,False,False,False,False,False,True,False,False,False,False,True,1.6576875259013575,3.398259428097809,-0.20721094073767113,-2.60105977108944,False,False,False,False,False,False,True,False,False,False,False,True,1.6576875259013575,4.309987567343553,-3.729796933278092,-6.204281475201367,False,False,False,False,False,False,True,False,False,False,False,True,1.6576875259013575,11.023622047244112,-2.403646912556983,-4.847774480712161,False,False,False,False,False,False,True,False,False,False,False,True,1.6576875259013575,11.023622047244112,-2.5694156651471243,-5.017337855023315,False,False,False,False,False,False,True,False,False,False,False,True
3y,BTC/USDT:USDT,long,long_1d_center_compression,2026-04-18T00:00:00+00:00,2026-04-18T18:00:00+00:00,77030.6,75490.0,-19.22016428,-0.02078238929345367,stop_loss,stop_loss,losing_trades,0.46800900781560856,-0.0213273281229379,0.18187839448934018,-1.9217435668422715,False,False,False,False,False,False,True,False,False,False,True,False,0.46800900781560856,0.33885282818916795,-0.17260564313154447,-2.269137978933059,False,False,False,False,False,False,True,False,False,False,False,True,0.9405219234335673,1.2451980394754272,-0.9985428533580646,-3.078556573621403,False,False,False,False,False,False,True,False,False,False,False,True,1.2571201483640217,2.4122400317922903,1.190621274340976,-0.9331753874434353,False,False,False,False,False,False,True,False,False,False,True,False,1.9989402569876806,2.4122400317922903,0.09683401775070317,-2.00508706929454,False,False,False,False,False,False,True,False,False,False,True,False,5.237779838389191,2.4122400317922903,2.3404424427076473,0.1936495366776282,True,True,True,True,False,True,False,False,False,False,True,False,5.252351304808585,2.4122400317922903,3.897337395681555,1.7194068331286525,True,True,True,True,False,True,False,False,False,False,True,False
3y,TAO/USDT:USDT,short,short_compression_breakdown,2026-04-30T15:00:00+00:00,2026-05-01T03:00:00+00:00,247.64,252.29,-15.42980066,-0.01968378706190716,trailing_stop_loss,trailing_stop_loss,losing_trades,0.09909231440009512,3.706052558563556,-3.5633596258274136,-5.607995477305761,False,False,False,False,False,False,True,False,False,False,False,True,0.09909231440009512,8.054223314439742,-7.78072852669548,-9.904554999192388,False,False,False,False,False,False,True,False,False,False,False,True,0.09909231440009512,9.16802092829681,-8.406991953704074,-10.542577935713137,False,False,False,False,False,False,True,False,False,False,False,True,0.09909231440009512,15.735859526735114,-13.048475960204522,-15.27121628169924,False,False,False,False,False,False,True,False,False,False,False,True,0.09909231440009512,17.27377224622459,-16.23924848388759,-18.52190276207398,False,False,False,False,False,False,True,False,False,False,False,True,0.09909231440009512,28.304728685243173,-19.814499187443015,-22.16428686803424,False,False,False,False,False,False,True,False,False,False,False,True,0.09909231440009512,32.05438186214279,-20.603274010067775,-22.967872718462285,False,False,False,False,False,False,True,False,False,False,False,True
3y,SOL/USDT:USDT,short,short_compression_breakdown,2026-05-23T08:00:00+00:00,2026-05-23T20:00:00+00:00,82.19,85.41,-19.52740337,-0.04063374514956067,trailing_stop_loss,trailing_stop_loss,losing_trades,-0.046832923545259635,2.458728486125757,-0.597119775201973,-4.638264995741579,False,False,False,False,False,False,True,False,False,False,False,True,-0.046832923545259635,2.458728486125757,-1.22936424306287,-5.295279231050001,False,False,False,False,False,False,True,False,False,False,False,True,1.2059477812902484,2.458728486125757,0.7961597002692807,-3.1904002920063346,False,False,False,False,False,False,True,False,False,False,True,False,2.0957733286500315,2.458728486125757,0.046832923545242995,-3.969083830149662,False,False,False,False,False,False,True,False,False,False,True,False,2.7280177965109456,2.458728486125757,1.8030675564922045,-2.14404428762624,False,False,False,False,False,False,True,False,False,False,True,False,6.439526987472194,2.458728486125757,2.9270577215782696,-0.9760189804112409,True,True,True,False,False,True,False,False,False,False,True,False,29.71548998946259,2.458728486125757,27.61971666081255,24.68403698746806,True,True,True,True,True,True,False,False,False,False,True,False
3y,XRP/USDT:USDT,short,short_pullback_restart,2026-05-22T07:00:00+00:00,2026-05-25T09:00:00+00:00,1.3599,1.3587,-0.32324129,-0.0003365607183489561,stale_loss_72h,timeout,losing_trades,0.3017590343710895,0.4857584455729697,0.02943990579229822,0.017655709978678272,True,False,False,False,False,False,False,False,False,False,True,False,0.551998233605657,0.4857584455729697,0.3532788695076114,0.3412089124200312,True,False,False,False,False,False,False,False,False,False,True,False,1.8620740413630752,0.4857584455729697,1.2879958784131942,1.2751011103757746,True,False,True,False,False,False,False,False,False,False,True,False,2.7967910502686415,0.4857584455729697,2.2227128873187607,2.2089933083315016,True,False,True,False,False,False,False,False,False,False,True,False,6.763818355781267,0.4857584455729697,4.894384337970119,4.878307228472688,True,True,True,True,True,False,False,False,False,False,True,False,6.763818355781267,0.4931184220210443,4.033267093545297,4.0179498492536245,True,True,True,True,True,False,False,False,False,False,True,False,22.793847059689416,0.4931184220210443,15.404430705821746,15.379079344069424,True,True,True,True,True,False,False,False,False,False,True,False
3y,XRP/USDT:USDT,short,short_pullback_restart,2026-05-25T23:00:00+00:00,2026-05-30T01:00:00+00:00,1.3481,1.3479,-0.91844346,-0.0009631597453871621,stale_loss_72h,timeout,losing_trades,0.8457600712219064,1.1276800949625254,0.43029898360412694,0.34507084044210407,True,False,False,False,False,False,False,False,False,False,True,False,0.8680169152014275,1.1276800949625254,0.5564210994880971,0.47117424523403595,True,False,False,False,False,False,False,False,False,False,True,False,0.8680169152014275,1.1276800949625254,0.5119074115290546,0.4266671611898306,True,False,False,False,False,False,False,False,False,False,True,False,2.2182654499591985,1.1276800949625254,1.9882780621707956,1.9028187819894766,True,False,True,False,False,False,False,False,False,False,True,False,5.178425699235854,1.1276800949625254,5.104236219304116,5.018314665084205,True,False,True,True,True,False,False,False,False,False,True,False,20.721121744936575,1.1276800949625254,18.361896283107058,18.274007862918182,True,True,True,True,True,False,False,False,False,False,True,False,22.175235551598792,1.1276800949625254,15.48334446175533,15.395883094725916,True,True,True,True,True,False,False,False,False,False,True,False
3y,DOGE/USDT:USDT,short,short_pullback_restart,2026-05-31T15:00:00+00:00,2026-06-01T03:00:00+00:00,0.09997,0.10146,-12.96294819,-0.015855933639604504,trailing_stop_loss,trailing_stop_loss,losing_trades,2.404888626059529,-0.18726591760299205,1.4192785334121791,-0.1500150045013449,True,False,False,False,False,False,True,False,False,False,True,False,3.5087719298245554,-0.18726591760299205,3.1539522964715108,1.610513153946187,True,True,True,False,False,True,False,False,False,False,True,False,3.6566134437216546,-0.18726591760299205,0.5519416518825064,-1.030279083725118,True,True,True,False,False,True,False,False,False,False,True,False,10.52631578947368,-0.18726591760299205,9.787108219988168,8.342532759827952,True,True,True,True,True,True,False,False,False,False,True,False,15.50364675734279,-0.18726591760299205,10.033510743150005,8.592607782334703,True,True,True,True,True,True,False,False,False,False,True,False,23.506800709639265,-0.18726591760299205,15.37551744529863,14.014234270281081,True,True,True,True,True,True,False,False,False,False,True,False,23.506800709639265,-0.18726591760299205,12.34969446087128,10.943312993898177,True,True,True,True,True,True,False,False,False,False,True,False
3y,SOL/USDT:USDT,short,short_pullback_restart,2026-05-31T15:00:00+00:00,2026-06-02T22:00:00+00:00,81.92,73.67,95.28293221,0.09997453461087086,roi,roi,winning_trades,1.9818107777928708,1.9139405456766616,-0.4886656712365949,9.53134765625,True,True,True,True,True,False,False,False,True,False,False,True,1.9818107777928708,2.565494773992128,-2.484050495452692,7.736914062500001,True,True,True,True,True,False,False,False,True,False,False,True,3.8414551377765687,2.7148092846477536,2.0361069634858153,11.80185546875,True,True,True,True,True,False,False,True,False,False,True,False,9.610424867653045,2.7148092846477536,7.09922627935388,16.355078125000006,True,True,True,True,True,False,False,True,False,False,True,False,16.65535496131397,2.7148092846477536,12.610289127188823,21.31113281250001,True,True,True,True,True,False,False,True,False,False,True,False,18.51499932129768,2.7148092846477536,11.972308945296604,20.73740234375001,True,True,True,True,True,False,False,True,False,False,True,False,18.51499932129768,3.2441970951540657,-0.1628885570788714,9.824316406249995,True,True,True,True,True,False,False,True,False,True,False,True
3y,ADA/USDT:USDT,short,short_pullback_restart,2026-05-31T15:00:00+00:00,2026-06-02T23:00:00+00:00,0.2338,0.2102,95.26620232,0.09994425667240606,roi,roi,winning_trades,1.427212178877261,2.4262607040913386,-2.2359657469077114,7.983832335329341,True,True,True,True,True,False,False,False,True,False,False,True,1.427212178877261,3.8534728829685996,-2.8068506184586055,7.470573139435424,True,True,True,True,True,False,False,False,True,False,False,True,4.947668886774497,3.8534728829685996,4.75737392959087,14.271257485029947,True,True,True,True,True,False,False,True,False,False,True,False,15.080875356803048,3.8534728829685996,14.557564224548045,23.08220701454234,True,True,True,True,True,False,False,True,False,False,True,False,26.59372026641294,3.8534728829685996,25.547098001902953,32.962446535500426,True,True,True,True,True,False,False,True,False,False,True,False,29.352997145575642,3.8534728829685996,21.408182683158888,29.24131736526946,True,True,True,True,True,False,False,True,False,False,True,False,29.352997145575642,3.8534728829685996,18.030447193149378,26.204533789563726,True,True,True,True,True,False,False,True,False,False,True,False
3y,ETH/USDT:USDT,short,short_pullback_restart,2026-06-05T03:00:00+00:00,2026-06-05T16:00:00+00:00,1729.52,1554.84,54.45354214,0.10000165663225696,roi,roi,winning_trades,1.0747086516940527,4.116822309691029,-2.6838774407656105,7.587103936352285,True,True,True,True,True,False,False,False,True,False,False,True,2.9938771835044093,4.116822309691029,2.1410563144760855,11.924723622739258,True,True,True,True,True,False,False,False,True,False,True,False,3.2955159373311735,4.116822309691029,-0.5158087005736913,9.536199639206258,True,True,True,True,True,False,False,True,False,True,False,True,3.2955159373311735,5.991613284968233,-4.682153790743754,5.790651741523653,True,True,True,True,True,False,False,True,False,True,False,True,3.2955159373311735,10.723289856190993,-8.144246353322536,2.6782274850825636,True,True,True,True,True,False,False,True,False,True,False,True,3.2955159373311735,10.723289856190993,-7.5345373157366735,3.226356445719042,True,True,True,True,True,False,False,True,False,True,False,True,,,,,,,,,,,,,,,,
3y,XRP/USDT:USDT,short,short_pullback_restart,2026-06-03T20:00:00+00:00,2026-06-05T18:00:00+00:00,1.2033,1.0814,54.5631022,0.09999391211802426,roi,roi,winning_trades,1.1836508230072058,3.5417051969668956,-2.6817088958757296,7.620435469126567,True,True,True,True,True,False,False,False,True,False,False,True,2.9961161457370062,3.5417051969668956,-0.06473090438322036,9.972301171777609,True,True,True,True,True,False,False,False,True,False,False,True,2.9961161457370062,3.5417051969668956,-0.24967634547809753,9.806091581484248,True,True,True,True,True,False,False,False,True,False,False,True,2.9961161457370062,8.230072128722044,-5.46513778435363,5.118981135211499,True,True,True,True,True,False,False,False,True,False,False,True,2.9961161457370062,9.524690216386166,-8.544479378583322,2.3515914568270655,True,True,True,True,True,False,False,False,True,False,False,True,2.9961161457370062,9.681893841316814,-4.466432402441281,6.016512922795654,True,True,True,True,True,False,False,False,True,False,False,True,,,,,,,,,,,,,,,,
3y,LINK/USDT:USDT,short,short_pullback_restart,2026-06-05T03:00:00+00:00,2026-06-06T04:00:00+00:00,7.798,7.012,47.28804312,0.09998612580014504,roi,roi,winning_trades,0.28522532800912115,6.503137478608107,-3.636622932116383,6.709438317517308,True,False,True,True,True,False,False,False,True,False,False,True,0.28522532800912115,6.503137478608107,-5.148317170564756,5.350115414208769,True,False,True,True,True,False,False,False,True,False,False,True,0.28522532800912115,8.542498573873363,-8.24301197946378,2.567350602718648,True,False,True,True,True,False,False,False,True,False,False,True,0.28522532800912115,14.660581859669133,-10.695949800342271,0.3616568350859256,True,False,True,True,True,False,False,False,True,False,False,True,0.28522532800912115,15.844266970907015,-13.590986879634917,-2.24157476275968,True,False,True,True,True,False,False,False,True,False,False,True,0.28522532800912115,15.844266970907015,-12.264689104392476,-1.0489612721210548,True,False,True,True,True,False,False,False,True,False,False,True,,,,,,,,,,,,,,,,
3y,BTC/USDT:USDT,short,short_pullback_restart,2026-06-07T20:00:00+00:00,2026-06-07T22:00:00+00:00,61303.7,63043.1,-23.4204542,-0.029402379258000075,stop_loss,stop_loss,losing_trades,0.6760454355829537,1.2791249161288094,0.6160864551394228,-2.3037821534426146,False,False,False,False,False,False,True,False,False,False,True,False,1.0565787532656208,1.2791249161288094,-0.14022153098436063,-3.0815492376479776,False,False,False,False,False,False,True,False,False,False,False,True,1.0565787532656208,1.802576332699378,-0.5780172612070178,-3.531766761223226,False,False,False,False,False,False,True,False,False,False,False,True,3.6294217765306573,1.802576332699378,2.1494818624084138,-0.7268789648911941,True,True,False,False,False,True,False,False,False,False,True,False,3.729512032244603,1.802576332699378,2.680547117765468,-0.18074553411947403,True,True,False,False,False,True,False,False,False,False,True,False,3.729512032244603,4.138280002093808,-3.7214223285339685,-6.764361204951741,True,True,False,False,False,True,False,False,False,True,False,True,,,,,,,,,,,,,,,,
3y,LINK/USDT:USDT,short,short_pullback_restart,2026-06-07T20:00:00+00:00,2026-06-07T22:00:00+00:00,7.591,7.864,-23.48846993,-0.03700012304396943,stop_loss,stop_loss,losing_trades,1.2970498474059042,1.8947100712105802,1.2970498474059042,-2.352667632722953,False,False,False,False,False,False,True,False,False,False,True,False,1.881993896236008,1.8947100712105802,-0.1271617497456738,-3.828099064681853,False,False,False,False,False,False,True,False,False,False,False,True,1.881993896236008,3.2934893184130143,-2.1871820956256323,-5.962205243050973,False,False,False,False,False,False,True,False,False,False,False,True,2.7848423194303193,3.2934893184130143,0.5086469989827065,-3.1694243182716324,False,False,False,False,False,False,True,False,False,False,True,False,4.9338758901322475,3.2934893184130143,4.23448626653103,0.6904096956922736,True,True,True,False,False,True,False,False,False,False,True,False,4.9338758901322475,3.70040691759918,-3.1027466937945154,-6.9106968778817075,True,True,True,False,False,True,False,False,False,True,False,True,,,,,,,,,,,,,,,,
3y,BTC/USDT:USDT,short,short_pullback_restart,2026-06-09T14:00:00+00:00,2026-06-11T17:00:00+00:00,62244.4,63592.2,-22.52508709,-0.022628898410573698,stop_loss,stop_loss,losing_trades,0.5604460924452908,0.5080811797673391,-0.008963363431371088,-2.274492805778512,False,False,False,False,False,False,True,False,False,False,False,True,0.5604460924452908,0.5080811797673391,0.43181396460571986,-1.824171170418539,False,False,False,False,False,False,True,False,False,False,True,False,1.2457502649695986,1.211469331144388,-0.3847956195885728,-2.658463090655545,False,False,False,False,False,False,True,False,False,False,False,True,1.2457502649695986,1.211469331144388,-0.5464506653331698,-2.8236185102595504,False,False,False,False,False,False,True,False,False,False,False,True,1.2457502649695986,1.8017933016942373,-0.17911001663726284,-2.4483237046224193,False,False,False,False,False,False,True,False,False,False,False,True,2.1387843163155207,5.760454898556737,1.5931199109324705,-0.6377190558508028,True,False,False,False,False,False,True,False,False,False,True,False,,,,,,,,,,,,,,,,
3y,DOGE/USDT:USDT,short,short_pullback_restart,2026-06-09T16:00:00+00:00,2026-06-11T18:00:00+00:00,0.08407,0.08688,-23.11526256,-0.034232219395062075,stop_loss,stop_loss,losing_trades,1.2315837937384915,0.2071823204419885,1.1970534069981575,-2.205388366837152,False,False,False,False,False,False,True,False,False,False,True,False,2.486187845303862,1.047421731123398,1.749539594843455,-1.6344355893897937,False,False,False,False,False,False,True,False,False,False,True,False,2.486187845303862,6.422651933701659,-0.7481583793738464,-4.21561793743308,False,False,False,False,False,False,True,False,False,False,False,True,2.486187845303862,6.422651933701659,-0.8632596685082881,-4.3345664327346185,False,False,False,False,False,False,True,False,False,False,False,True,2.486187845303862,6.422651933701659,0.6560773480662996,-2.7644462947543618,False,False,False,False,False,False,True,False,False,False,True,False,5.8701657458563465,6.422651933701659,5.179558011049728,1.910229570595945,True,False,True,False,False,True,False,False,False,False,True,False,,,,,,,,,,,,,,,,
3y,ETH/USDT:USDT,short,short_pullback_restart,2026-06-09T15:00:00+00:00,2026-06-12T16:00:00+00:00,1644.91,1658.98,-6.71618649,-0.009891172042356514,stale_loss_72h,timeout,losing_trades,-0.09162256326176216,1.116348599742009,-0.16576450590121639,-1.1225483461101178,False,False,False,False,False,False,False,False,False,False,False,True,0.07112804253216215,1.116348599742009,-0.2845121701286349,-1.2423117374202823,False,False,False,False,False,False,False,False,False,False,False,True,0.07112804253216215,1.6275060579392158,-1.0259315965231637,-1.9900730131131745,False,False,False,False,False,False,False,False,False,False,False,True,0.3387623720599476,2.358075443947479,-0.1042809437124027,-1.0605388744672932,False,False,False,False,False,False,False,False,False,False,False,True,0.3387623720599476,11.440764807291224,-11.025449372506003,-12.07512325902329,False,False,False,False,False,False,False,False,False,False,False,True,,,,,,,,,,,,,,,,,,,,,,,,,,,,,,,,
3y,ADA/USDT:USDT,short,short_compression_breakdown,2026-06-17T09:00:00+00:00,2026-06-18T00:00:00+00:00,0.1689,0.1668,6.08751927,0.011458589415231773,force_exit,force_exit,winning_trades,1.7985611510791384,1.1390887290167775,0.8992805755395692,2.0314387211367624,True,False,True,True,False,False,False,False,True,False,True,False,1.7985611510791384,1.1390887290167775,0.599520383693046,1.7354055654233222,True,False,True,True,False,False,False,False,True,False,True,False,,,,,,,,,,,,,,,,,,,,,,,,,,,,,,,,,,,,,,,,,,,,,,,,,,,,,,,,,,,,,,,,,,,,,,,,,,,,,,,,
