column,op,threshold,removed_count,removed_improved,removed_worsened,removed_delta_abs,kept_count,kept_delta_abs,estimated_gain_if_removed
profit_at_second_add,<=,0.01793,4,1,3,-12.20294,27,53.87335,12.20294
profit_at_second_add,<,0.01795,4,1,3,-12.20294,27,53.87335,12.20294
ret_1h,>,0.00786,1,0,1,-10.77686,30,52.44727,10.77686
ret_3h,>,-0.00907,1,0,1,-10.77686,30,52.44727,10.77686
vol_ratio_24_1h,<,1.76309,1,0,1,-10.77686,30,52.44727,10.77686
ret_4h_1,>,-0.00604,1,0,1,-10.77686,30,52.44727,10.77686
dist_ema20_4h,>,-0.0149,1,0,1,-10.77686,30,52.44727,10.77686
close_position_1h,>,0.77215,3,2,1,-10.77314,28,52.44355,10.77314
close_position_1h,>=,0.89216,3,2,1,-10.77314,28,52.44355,10.77314
ret_1h,>,0.00062,3,2,1,-10.77314,28,52.44355,10.77314
ret_1h,>=,0.00786,3,2,1,-10.77314,28,52.44355,10.77314
ret_24h,>,-0.00987,3,2,1,-10.77314,28,52.44355,10.77314
ret_24h,>=,-0.00346,3,2,1,-10.77314,28,52.44355,10.77314
ema20_slope_3_4h,>,-0.00404,6,3,3,-10.1863,25,51.85671,10.1863
ema20_slope_3_4h,>=,-0.00401,6,3,3,-10.1863,25,51.85671,10.1863
dist_ema50_1h,>,-0.0226,4,2,2,-9.77885,27,51.44926,9.77885
dist_ema50_1h,>=,-0.01971,4,2,2,-9.77885,27,51.44926,9.77885
dist_ema20_4h,>,-0.02214,4,2,2,-9.77885,27,51.44926,9.77885
dist_ema20_4h,>=,-0.02142,4,2,2,-9.77885,27,51.44926,9.77885
close_position_1h,>,0.55844,6,4,2,-9.67211,25,51.34252,9.67211
close_position_1h,>=,0.74423,6,4,2,-9.67211,25,51.34252,9.67211
ret_3h,>,-0.01176,3,2,1,-9.58334,28,51.25375,9.58334
ret_3h,>=,-0.00907,3,2,1,-9.58334,28,51.25375,9.58334
ret_12h,>,-0.02043,3,2,1,-9.58334,28,51.25375,9.58334
ret_12h,>=,-0.01898,3,2,1,-9.58334,28,51.25375,9.58334
dist_ema20_1h,>,-0.01276,3,2,1,-9.58334,28,51.25375,9.58334
dist_ema20_1h,>=,-0.01142,3,2,1,-9.58334,28,51.25375,9.58334
dist_ema50_1h,>,-0.01971,3,2,1,-9.58334,28,51.25375,9.58334
dist_ema50_1h,>=,-0.01247,3,2,1,-9.58334,28,51.25375,9.58334
dist_ema20_4h,>,-0.02142,3,2,1,-9.58334,28,51.25375,9.58334
dist_ema20_4h,>=,-0.0149,3,2,1,-9.58334,28,51.25375,9.58334
close_position_1h,>,0.74423,5,4,1,-9.57962,26,51.25003,9.57962
close_position_1h,>=,0.77215,5,4,1,-9.57962,26,51.25003,9.57962
ret_1h,>,-0.00286,5,4,1,-9.57962,26,51.25003,9.57962
ret_1h,>=,0.00062,5,4,1,-9.57962,26,51.25003,9.57962
ret_3h,>,-0.01853,5,4,1,-9.57962,26,51.25003,9.57962
ret_3h,>=,-0.01176,5,4,1,-9.57962,26,51.25003,9.57962
dist_ema20_1h,>,-0.0175,5,4,1,-9.57962,26,51.25003,9.57962
dist_ema20_1h,>=,-0.01276,5,4,1,-9.57962,26,51.25003,9.57962
ret_24h,>,-0.01402,4,3,1,-9.44465,27,51.11506,9.44465
ret_24h,>=,-0.00987,4,3,1,-9.44465,27,51.11506,9.44465
close_position_1h,>,0.29187,8,5,3,-9.36225,23,51.03266,9.36225
close_position_1h,>=,0.31088,8,5,3,-9.36225,23,51.03266,9.36225
dist_ema50_1h,>,-0.02315,5,3,2,-9.27348,26,50.94389,9.27348
dist_ema50_1h,>=,-0.0226,5,3,2,-9.27348,26,50.94389,9.27348
close_position_1h,>,0.31088,7,5,2,-9.16674,24,50.83715,9.16674
close_position_1h,>=,0.55844,7,5,2,-9.16674,24,50.83715,9.16674
close_position_1h,>,0.2907,9,6,3,-8.9254,22,50.59581,8.9254
close_position_1h,>=,0.29187,9,6,3,-8.9254,22,50.59581,8.9254
extra_drop_after_first_add,<=,0.01006,8,7,1,-8.82501,23,50.49542,8.82501
extra_drop_after_first_add,<,0.01036,8,7,1,-8.82501,23,50.49542,8.82501
vol_ratio_24_1h,<=,1.76309,2,1,1,-8.56232,29,50.23273,8.56232
vol_ratio_24_1h,<,2.20609,2,1,1,-8.56232,29,50.23273,8.56232
ret_24h,>,-0.01522,6,5,1,-8.25113,25,49.92154,8.25113
ret_24h,>=,-0.01402,6,5,1,-8.25113,25,49.92154,8.25113
hours_after_first_add,>,0.92,4,3,1,-7.3688,27,49.03921,7.3688
hours_after_first_add,>=,1.17,4,3,1,-7.3688,27,49.03921,7.3688
ret_1h,>,-0.00532,6,5,1,-7.36508,25,49.03549,7.36508
ret_1h,>=,-0.00286,6,5,1,-7.36508,25,49.03549,7.36508
ret_3h,>,-0.01974,6,5,1,-7.36508,25,49.03549,7.36508
ret_3h,>=,-0.01853,6,5,1,-7.36508,25,49.03549,7.36508
ret_1h,>,-0.00788,7,6,1,-6.85971,24,48.53012,6.85971
ret_1h,>=,-0.00532,7,6,1,-6.85971,24,48.53012,6.85971
ret_3h,>,-0.02132,7,6,1,-6.85971,24,48.53012,6.85971
ret_3h,>=,-0.01974,7,6,1,-6.85971,24,48.53012,6.85971
ret_24h,>,-0.02683,8,6,2,-6.2321,23,47.90251,6.2321
ret_24h,>=,-0.01895,8,6,2,-6.2321,23,47.90251,6.2321
ret_24h,>,-0.01895,7,6,1,-6.03659,24,47.707,6.03659
ret_24h,>=,-0.01522,7,6,1,-6.03659,24,47.707,6.03659
profit_at_second_add,<=,0.01748,3,1,2,-1.42608,28,43.09649,1.42608
profit_at_second_add,<,0.01793,3,1,2,-1.42608,28,43.09649,1.42608
atr_pct_4h,>,0.02898,11,7,4,-0.7797,20,42.45011,0.7797
atr_pct_4h,>=,0.03167,11,7,4,-0.7797,20,42.45011,0.7797
atr_pct_4h,>,0.02785,13,9,4,-0.46366,18,42.13407,0.46366
atr_pct_4h,>=,0.02898,13,9,4,-0.46366,18,42.13407,0.46366
ret_24h,<=,-0.04174,7,4,3,-0.45622,24,42.12663,0.45622
ret_24h,<,-0.04138,7,4,3,-0.45622,24,42.12663,0.45622
ret_6h,<,-0.05504,2,0,2,-0.39521,29,42.06562,0.39521
atr_pct_1h,>,0.01659,2,0,2,-0.39521,29,42.06562,0.39521
dist_ema50_4h,<,-0.12663,2,0,2,-0.39521,29,42.06562,0.39521
profit_at_second_add,<=,0.01795,6,3,3,-0.38876,25,42.05917,0.38876
profit_at_second_add,<,0.01807,6,3,3,-0.38876,25,42.05917,0.38876
profit_at_second_add,<=,0.01807,7,4,3,-0.29429,24,41.9647,0.29429
profit_at_second_add,<,0.01811,7,4,3,-0.29429,24,41.9647,0.29429
profit_at_second_add,<,0.01735,1,0,1,-0.19551,30,41.86592,0.19551
ema20_slope_3_4h,>,-0.00243,1,0,1,-0.19551,30,41.86592,0.19551
profit_at_second_add,<=,0.01811,8,5,3,-0.18662,23,41.85703,0.18662
profit_at_second_add,<,0.01826,8,5,3,-0.18662,23,41.85703,0.18662
atr_pct_1h,>,0.01441,4,1,3,-0.17792,27,41.84833,0.17792
atr_pct_1h,>=,0.01469,4,1,3,-0.17792,27,41.84833,0.17792
atr_pct_4h,>,0.03578,4,1,3,-0.17792,27,41.84833,0.17792
atr_pct_4h,>=,0.03595,4,1,3,-0.17792,27,41.84833,0.17792
atr_pct_4h,>,0.03294,6,3,3,-0.1742,25,41.84461,0.1742
atr_pct_4h,>=,0.03578,6,3,3,-0.1742,25,41.84461,0.1742
range_pct_1h,>,0.04479,1,0,1,-0.09249,30,41.7629,0.09249
vol_ratio_24_1h,>,4.72489,1,0,1,-0.09249,30,41.7629,0.09249
lower_wick_ratio_1h,>,0.70078,1,0,1,-0.09249,30,41.7629,0.09249
lower_wick_ratio_1h,>,0.67089,3,2,1,-0.08877,28,41.75918,0.08877
lower_wick_ratio_1h,>=,0.70078,3,2,1,-0.08877,28,41.75918,0.08877
ret_6h,<=,-0.05504,3,1,2,-0.08543,28,41.75584,0.08543
ret_6h,<,-0.05273,3,1,2,-0.08543,28,41.75584,0.08543
atr_pct_1h,>,0.01469,3,1,2,-0.08543,28,41.75584,0.08543
atr_pct_1h,>=,0.01659,3,1,2,-0.08543,28,41.75584,0.08543
dist_ema50_4h,<=,-0.12663,3,1,2,-0.08543,28,41.75584,0.08543
dist_ema50_4h,<,-0.1172,3,1,2,-0.08543,28,41.75584,0.08543
ema50_slope_3_4h,<=,-0.0125,3,1,2,-0.08543,28,41.75584,0.08543
ema50_slope_3_4h,<,-0.01175,3,1,2,-0.08543,28,41.75584,0.08543
atr_pct_4h,>,0.03595,3,1,2,-0.08543,28,41.75584,0.08543
atr_pct_4h,>=,0.04141,3,1,2,-0.08543,28,41.75584,0.08543
atr_pct_4h,>,0.02781,14,10,4,-0.02681,17,41.69722,0.02681
atr_pct_4h,>=,0.02785,14,10,4,-0.02681,17,41.69722,0.02681
close_position_1h,>,0.89216,2,2,0,0.00372,29,41.66669,-0.00372
ret_24h,>,-0.00346,2,2,0,0.00372,29,41.66669,-0.00372
extra_drop_after_first_add,>,0.01645,5,3,2,0.04536,26,41.62505,-0.04536
extra_drop_after_first_add,>=,0.0168,5,3,2,0.04536,26,41.62505,-0.04536
profit_at_second_add,<=,0.01826,10,7,3,0.12942,21,41.54099,-0.12942
profit_at_second_add,<,0.01849,10,7,3,0.12942,21,41.54099,-0.12942
range_pct_1h,>,0.02537,18,11,7,0.13665,13,41.53376,-0.13665
range_pct_1h,>=,0.02554,18,11,7,0.13665,13,41.53376,-0.13665
range_pct_1h,>,0.04366,2,1,1,0.21729,29,41.45312,-0.21729
range_pct_1h,>=,0.04479,2,1,1,0.21729,29,41.45312,-0.21729
ret_6h,<=,-0.05273,5,3,2,0.23061,26,41.4398,-0.23061
ret_6h,<,-0.05072,5,3,2,0.23061,26,41.4398,-0.23061
ret_24h,>,-0.02858,10,8,2,0.29384,21,41.37657,-0.29384
ret_24h,>=,-0.02683,10,8,2,0.29384,21,41.37657,-0.29384
dist_ema20_1h,<,-0.0471,1,1,0,0.30978,30,41.36063,-0.30978
dist_ema50_1h,<,-0.0658,1,1,0,0.30978,30,41.36063,-0.30978
dist_ema20_4h,<,-0.08015,1,1,0,0.30978,30,41.36063,-0.30978
ema20_slope_3_4h,<,-0.01666,1,1,0,0.30978,30,41.36063,-0.30978
ema50_slope_3_4h,<,-0.0125,1,1,0,0.30978,30,41.36063,-0.30978
atr_pct_4h,>,0.04141,1,1,0,0.30978,30,41.36063,-0.30978
profit_at_second_add,<=,0.01735,2,1,1,0.30986,29,41.36055,-0.30986
profit_at_second_add,<,0.01748,2,1,1,0.30986,29,41.36055,-0.30986
ret_1h,<,-0.03296,2,2,0,0.31604,29,41.35437,-0.31604
ret_3h,<,-0.04637,2,2,0,0.31604,29,41.35437,-0.31604
ret_12h,<,-0.0628,2,2,0,0.31604,29,41.35437,-0.31604
profit_at_second_add,<=,0.01849,14,9,5,0.35342,17,41.31699,-0.35342
profit_at_second_add,<,0.01891,14,9,5,0.35342,17,41.31699,-0.35342
extra_drop_after_first_add,>,0.01602,6,4,2,0.35514,25,41.31527,-0.35514
extra_drop_after_first_add,>=,0.01645,6,4,2,0.35514,25,41.31527,-0.35514
ret_6h,<=,-0.05072,7,5,2,0.43275,24,41.23766,-0.43275
ret_6h,<,-0.04843,7,5,2,0.43275,24,41.23766,-0.43275
profit_at_second_add,>,0.02102,1,1,0,0.43685,30,41.23356,-0.43685
extra_drop_after_first_add,>,0.01715,1,1,0,0.43685,30,41.23356,-0.43685
ema20_slope_3_1h,<,-0.00802,1,1,0,0.43685,30,41.23356,-0.43685
extra_drop_after_first_add,>,0.0168,3,3,0,0.44057,28,41.22984,-0.44057
extra_drop_after_first_add,>=,0.01715,3,3,0,0.44057,28,41.22984,-0.44057
extra_drop_after_first_add,<,0.00967,1,1,0,0.50537,30,41.16504,-0.50537
ret_12h,<=,-0.0628,4,4,0,0.51818,27,41.15223,-0.51818
ret_12h,<,-0.05993,4,4,0,0.51818,27,41.15223,-0.51818
hours_after_first_add,<,0.17,4,3,1,0.53333,27,41.13708,-0.53333
range_pct_1h,>,0.04167,4,3,1,0.53333,27,41.13708,-0.53333
range_pct_1h,>=,0.04366,4,3,1,0.53333,27,41.13708,-0.53333
ema50_slope_3_1h,>,-0.00168,5,3,2,0.59056,26,41.07985,-0.59056
ema50_slope_3_1h,>=,-0.00117,5,3,2,0.59056,26,41.07985,-0.59056
ema20_slope_3_4h,>,-0.00401,5,3,2,0.59056,26,41.07985,-0.59056
ema20_slope_3_4h,>=,-0.00359,5,3,2,0.59056,26,41.07985,-0.59056
ret_1h,<=,-0.03296,3,3,0,0.62582,28,41.04459,-0.62582
ret_1h,<,-0.03159,3,3,0,0.62582,28,41.04459,-0.62582
ret_3h,<=,-0.04637,3,3,0,0.62582,28,41.04459,-0.62582
ret_3h,<,-0.04582,3,3,0,0.62582,28,41.04459,-0.62582
dist_ema20_1h,<=,-0.0471,3,3,0,0.62582,28,41.04459,-0.62582
dist_ema20_1h,<,-0.04599,3,3,0,0.62582,28,41.04459,-0.62582
dist_ema50_1h,<=,-0.04626,13,8,5,0.73589,18,40.93452,-0.73589
dist_ema50_1h,<,-0.04552,13,8,5,0.73589,18,40.93452,-0.73589
profit_at_second_add,>,0.02023,2,2,0,0.74663,29,40.92378,-0.74663
profit_at_second_add,>=,0.02102,2,2,0,0.74663,29,40.92378,-0.74663
ema50_slope_3_4h,<=,-0.01056,6,3,3,0.75038,25,40.92003,-0.75038
ema50_slope_3_4h,<,-0.01008,6,3,3,0.75038,25,40.92003,-0.75038
atr_pct_4h,>,0.03223,8,5,3,0.7541,23,40.91631,-0.7541
atr_pct_4h,>=,0.03294,8,5,3,0.7541,23,40.91631,-0.7541
ema20_slope_3_1h,>,-0.00368,4,3,1,0.78607,27,40.88434,-0.78607
ema20_slope_3_1h,>=,-0.00352,4,3,1,0.78607,27,40.88434,-0.78607
dist_ema50_1h,>,-0.02569,8,5,3,0.80476,23,40.86565,-0.80476
dist_ema50_1h,>=,-0.024,8,5,3,0.80476,23,40.86565,-0.80476
dist_ema20_4h,>,-0.03258,8,5,3,0.80476,23,40.86565,-0.80476
dist_ema20_4h,>=,-0.02914,8,5,3,0.80476,23,40.86565,-0.80476
ret_4h_3,>,-0.0373,10,7,3,0.80848,21,40.86193,-0.80848
ret_4h_3,>=,-0.03467,10,7,3,0.80848,21,40.86193,-0.80848
extra_drop_after_first_add,<=,0.00967,3,3,0,0.82141,28,40.849,-0.82141
extra_drop_after_first_add,<,0.00968,3,3,0,0.82141,28,40.849,-0.82141
ret_1h,<=,-0.03159,5,5,0,0.82796,26,40.84245,-0.82796
ret_1h,<,-0.02871,5,5,0,0.82796,26,40.84245,-0.82796
ret_3h,<=,-0.04582,5,5,0,0.82796,26,40.84245,-0.82796
ret_3h,<,-0.04541,5,5,0,0.82796,26,40.84245,-0.82796
ret_12h,<=,-0.05993,5,5,0,0.82796,26,40.84245,-0.82796
ret_12h,<,-0.05423,5,5,0,0.82796,26,40.84245,-0.82796
ret_6h,<=,-0.0456,12,8,4,0.82838,19,40.84203,-0.82838
ret_6h,<,-0.04291,12,8,4,0.82838,19,40.84203,-0.82838
dist_ema20_1h,<=,-0.03619,12,8,4,0.82838,19,40.84203,-0.82838
dist_ema20_1h,<,-0.03451,12,8,4,0.82838,19,40.84203,-0.82838
vol_ratio_24_1h,>,4.49746,3,2,1,0.83581,28,40.8346,-0.83581
vol_ratio_24_1h,>=,4.72489,3,2,1,0.83581,28,40.8346,-0.83581
ema50_slope_3_4h,<=,-0.01175,5,3,2,0.84287,26,40.82754,-0.84287
ema50_slope_3_4h,<,-0.01056,5,3,2,0.84287,26,40.82754,-0.84287
hours_after_first_add,<=,0.33,10,6,4,0.89893,21,40.77148,-0.89893
hours_after_first_add,<,0.42,10,6,4,0.89893,21,40.77148,-0.89893
close_position_1h,<,0.09387,2,2,0,0.9283,29,40.74211,-0.9283
ret_24h,<,-0.07747,2,2,0,0.9283,29,40.74211,-0.9283
ema50_slope_3_1h,<,-0.0054,2,2,0,0.9283,29,40.74211,-0.9283
lower_wick_ratio_1h,<,0.09387,2,2,0,0.9283,29,40.74211,-0.9283
upper_wick_ratio_1h,<,0.00499,2,2,0,0.94222,29,40.72819,-0.94222
atr_pct_4h,>,0.03167,10,7,3,0.95624,21,40.71417,-0.95624
atr_pct_4h,>=,0.03223,10,7,3,0.95624,21,40.71417,-0.95624
range_pct_1h,>,0.03988,5,4,1,0.97018,26,40.70023,-0.97018
range_pct_1h,>=,0.04167,5,4,1,0.97018,26,40.70023,-0.97018
ema20_slope_3_4h,>,-0.00338,3,2,1,0.99801,28,40.6724,-0.99801
ema20_slope_3_4h,>=,-0.00243,3,2,1,0.99801,28,40.6724,-0.99801
ret_4h_3,>,-0.03467,9,7,2,1.00399,22,40.66642,-1.00399
ret_4h_3,>=,-0.03055,9,7,2,1.00399,22,40.66642,-1.00399
ret_4h_1,>,-0.00876,3,2,1,1.03732,28,40.63309,-1.03732
ret_4h_1,>=,-0.00604,3,2,1,1.03732,28,40.63309,-1.03732
dist_ema20_1h,<=,-0.04599,4,4,0,1.06267,27,40.60774,-1.06267
dist_ema20_1h,<,-0.0455,4,4,0,1.06267,27,40.60774,-1.06267
body_ratio_1h,<=,0.17229,3,2,1,1.10103,28,40.56938,-1.10103
body_ratio_1h,<,0.27273,3,2,1,1.10103,28,40.56938,-1.10103
lower_wick_ratio_1h,>,0.55844,5,4,1,1.10475,26,40.56566,-1.10475
lower_wick_ratio_1h,>=,0.67089,5,4,1,1.10475,26,40.56566,-1.10475
ema50_slope_3_1h,>,-0.00105,2,1,1,1.13298,29,40.53743,-1.13298
ema50_slope_3_1h,>=,-0.00069,2,1,1,1.13298,29,40.53743,-1.13298
atr_pct_1h,>,0.01205,12,7,5,1.13608,19,40.53433,-1.13608
atr_pct_1h,>=,0.01306,12,7,5,1.13608,19,40.53433,-1.13608
atr_pct_1h,>,0.01135,14,9,5,1.1398,17,40.53061,-1.1398
atr_pct_1h,>=,0.01205,14,9,5,1.1398,17,40.53061,-1.1398
ema50_slope_3_1h,<=,-0.00446,4,3,1,1.14559,27,40.52482,-1.14559
ema50_slope_3_1h,<,-0.00429,4,3,1,1.14559,27,40.52482,-1.14559
ema50_slope_3_1h,<=,-0.00429,6,5,1,1.14931,25,40.5211,-1.14931
ema50_slope_3_1h,<,-0.00407,6,5,1,1.14931,25,40.5211,-1.14931
atr_pct_1h,>,0.01425,5,2,3,1.15057,26,40.51984,-1.15057
atr_pct_1h,>=,0.01441,5,2,3,1.15057,26,40.51984,-1.15057
range_pct_1h,>,0.0382,7,6,1,1.17232,24,40.49809,-1.17232
range_pct_1h,>=,0.03988,7,6,1,1.17232,24,40.49809,-1.17232
ema50_slope_3_1h,<=,-0.00382,9,6,3,1.19095,22,40.47946,-1.19095
ema50_slope_3_1h,<,-0.0038,9,6,3,1.19095,22,40.47946,-1.19095
hours_after_first_add,>,43.42,2,2,0,1.19352,29,40.47689,-1.19352
body_ratio_1h,<,0.17229,2,2,0,1.19352,29,40.47689,-1.19352
range_pct_1h,<,0.01053,2,2,0,1.19352,29,40.47689,-1.19352
ret_6h,>,-0.01165,2,2,0,1.19352,29,40.47689,-1.19352
ret_12h,>,-0.01898,2,2,0,1.19352,29,40.47689,-1.19352
dist_ema20_1h,>,-0.01142,2,2,0,1.19352,29,40.47689,-1.19352
dist_ema50_1h,>,-0.01247,2,2,0,1.19352,29,40.47689,-1.19352
ema20_slope_3_1h,>,-0.00302,2,2,0,1.19352,29,40.47689,-1.19352
atr_pct_1h,<,0.00652,2,2,0,1.19352,29,40.47689,-1.19352
ret_4h_3,>,-0.01863,2,2,0,1.19352,29,40.47689,-1.19352
dist_ema50_4h,>,-0.02975,2,2,0,1.19352,29,40.47689,-1.19352
ema50_slope_3_4h,>,-0.00237,2,2,0,1.19352,29,40.47689,-1.19352
atr_pct_4h,<,0.01357,2,2,0,1.19352,29,40.47689,-1.19352
ret_6h,>,-0.01599,4,4,0,1.19724,27,40.47317,-1.19724
ret_6h,>=,-0.01165,4,4,0,1.19724,27,40.47317,-1.19724
ret_24h,<=,-0.07747,3,3,0,1.23808,28,40.43233,-1.23808
ret_24h,<,-0.05381,3,3,0,1.23808,28,40.43233,-1.23808
dist_ema50_1h,<=,-0.0658,3,3,0,1.23808,28,40.43233,-1.23808
dist_ema50_1h,<,-0.05763,3,3,0,1.23808,28,40.43233,-1.23808
ema50_slope_3_1h,<=,-0.0054,3,3,0,1.23808,28,40.43233,-1.23808
ema50_slope_3_1h,<,-0.00446,3,3,0,1.23808,28,40.43233,-1.23808
ema20_slope_3_4h,<=,-0.01666,3,3,0,1.23808,28,40.43233,-1.23808
ema20_slope_3_4h,<,-0.01466,3,3,0,1.23808,28,40.43233,-1.23808
ret_1h,<=,-0.02871,6,6,0,1.26481,25,40.4056,-1.26481
ret_1h,<,-0.02754,6,6,0,1.26481,25,40.4056,-1.26481
ret_3h,<=,-0.04541,6,6,0,1.26481,25,40.4056,-1.26481
ret_3h,<,-0.04342,6,6,0,1.26481,25,40.4056,-1.26481
dist_ema20_1h,<=,-0.0455,6,6,0,1.26481,25,40.4056,-1.26481
dist_ema20_1h,<,-0.04337,6,6,0,1.26481,25,40.4056,-1.26481
ret_24h,<=,-0.04788,6,4,2,1.27972,25,40.39069,-1.27972
ret_24h,<,-0.04174,6,4,2,1.27972,25,40.39069,-1.27972
ema50_slope_3_1h,>,-0.00069,1,1,0,1.32849,30,40.34192,-1.32849
atr_pct_1h,>,0.01401,7,4,3,1.35271,24,40.3177,-1.35271
atr_pct_1h,>=,0.01425,7,4,3,1.35271,24,40.3177,-1.35271
ret_6h,<=,-0.04843,9,7,2,1.36105,22,40.30936,-1.36105
ret_6h,<,-0.0479,9,7,2,1.36105,22,40.30936,-1.36105
ema20_slope_3_1h,<=,-0.00802,3,3,0,1.36515,28,40.30526,-1.36515
ema20_slope_3_1h,<,-0.00741,3,3,0,1.36515,28,40.30526,-1.36515
ema50_slope_3_1h,<=,-0.0038,11,8,3,1.39309,20,40.27732,-1.39309
ema50_slope_3_1h,<,-0.00367,11,8,3,1.39309,20,40.27732,-1.39309
lower_wick_ratio_1h,>,0.29187,7,5,2,1.41461,24,40.2558,-1.41461
lower_wick_ratio_1h,>=,0.31088,7,5,2,1.41461,24,40.2558,-1.41461
ema50_slope_3_4h,>,-0.00271,4,3,1,1.50338,27,40.16703,-1.50338
ema50_slope_3_4h,>=,-0.00239,4,3,1,1.50338,27,40.16703,-1.50338
ret_4h_1,>,-0.01189,4,3,1,1.54269,27,40.12772,-1.54269
ret_4h_1,>=,-0.00876,4,3,1,1.54269,27,40.12772,-1.54269
dist_ema50_1h,<=,-0.05763,5,5,0,1.55412,26,40.11629,-1.55412
dist_ema50_1h,<,-0.05479,5,5,0,1.55412,26,40.11629,-1.55412
ema50_slope_3_1h,<=,-0.00407,7,6,1,1.58616,24,40.08425,-1.58616
ema50_slope_3_1h,<,-0.00382,7,6,1,1.58616,24,40.08425,-1.58616
lower_wick_ratio_1h,>,0.31088,6,5,1,1.61012,25,40.06029,-1.61012
lower_wick_ratio_1h,>=,0.55844,6,5,1,1.61012,25,40.06029,-1.61012
ret_3h,<=,-0.04299,9,7,2,1.62378,22,40.04663,-1.62378
ret_3h,<,-0.04278,9,7,2,1.62378,22,40.04663,-1.62378
profit_at_second_add,>,0.02018,4,4,0,1.67493,27,39.99548,-1.67493
profit_at_second_add,>=,0.02023,4,4,0,1.67493,27,39.99548,-1.67493
ret_24h,<=,-0.05381,4,4,0,1.67493,27,39.99548,-1.67493
ret_24h,<,-0.04788,4,4,0,1.67493,27,39.99548,-1.67493
ema20_slope_3_1h,<=,-0.00741,4,4,0,1.67493,27,39.99548,-1.67493
ema20_slope_3_1h,<,-0.0074,4,4,0,1.67493,27,39.99548,-1.67493
atr_pct_1h,<=,0.00652,3,3,0,1.69889,28,39.97152,-1.69889
atr_pct_1h,<,0.00742,3,3,0,1.69889,28,39.97152,-1.69889
dist_ema50_4h,>,-0.03496,3,3,0,1.69889,28,39.97152,-1.69889
dist_ema50_4h,>=,-0.02975,3,3,0,1.69889,28,39.97152,-1.69889
ema50_slope_3_4h,>,-0.00239,3,3,0,1.69889,28,39.97152,-1.69889
ema50_slope_3_4h,>=,-0.00237,3,3,0,1.69889,28,39.97152,-1.69889
atr_pct_4h,<=,0.01357,3,3,0,1.69889,28,39.97152,-1.69889
atr_pct_4h,<,0.01539,3,3,0,1.69889,28,39.97152,-1.69889
dist_ema50_1h,<=,-0.0463,11,8,3,1.70541,20,39.965,-1.70541
dist_ema50_1h,<,-0.04626,11,8,3,1.70541,20,39.965,-1.70541
extra_drop_after_first_add,<=,0.00968,5,5,0,1.74971,26,39.9207,-1.74971
extra_drop_after_first_add,<,0.01005,5,5,0,1.74971,26,39.9207,-1.74971
ret_12h,<=,-0.05423,7,7,0,1.75626,24,39.91415,-1.75626
ret_12h,<,-0.04776,7,7,0,1.75626,24,39.91415,-1.75626
dist_ema50_1h,<=,-0.05479,7,7,0,1.75626,24,39.91415,-1.75626
dist_ema50_1h,<,-0.05458,7,7,0,1.75626,24,39.91415,-1.75626
atr_pct_1h,>,0.01387,8,5,3,1.78956,23,39.88085,-1.78956
atr_pct_1h,>=,0.01401,8,5,3,1.78956,23,39.88085,-1.78956
ret_6h,<=,-0.0479,10,8,2,1.7979,21,39.87251,-1.7979
ret_6h,<,-0.0456,10,8,2,1.7979,21,39.87251,-1.7979
dist_ema20_1h,<=,-0.03966,10,8,2,1.7979,21,39.87251,-1.7979
dist_ema20_1h,<,-0.03619,10,8,2,1.7979,21,39.87251,-1.7979
dist_ema50_1h,<=,-0.05193,10,8,2,1.7979,21,39.87251,-1.7979
dist_ema50_1h,<,-0.0463,10,8,2,1.7979,21,39.87251,-1.7979
lower_wick_ratio_1h,>,0.2907,8,6,2,1.85146,23,39.81895,-1.85146
lower_wick_ratio_1h,>=,0.29187,8,6,2,1.85146,23,39.81895,-1.85146
hours_after_first_add,<=,0.17,5,4,1,1.86182,26,39.80859,-1.86182
hours_after_first_add,<,0.33,5,4,1,1.86182,26,39.80859,-1.86182
range_pct_1h,>,0.02781,15,9,6,1.86887,16,39.80154,-1.86887
range_pct_1h,>=,0.03133,15,9,6,1.86887,16,39.80154,-1.86887
range_pct_1h,>,0.02554,17,11,6,1.87259,14,39.79782,-1.87259
range_pct_1h,>=,0.02781,17,11,6,1.87259,14,39.79782,-1.87259
atr_pct_1h,>,0.01034,17,11,6,1.87259,14,39.79782,-1.87259
atr_pct_1h,>=,0.0112,17,11,6,1.87259,14,39.79782,-1.87259
ema20_slope_3_1h,<=,-0.0074,6,6,0,1.87707,25,39.79334,-1.87707
ema20_slope_3_1h,<,-0.00685,6,6,0,1.87707,25,39.79334,-1.87707
extra_drop_after_first_add,<=,0.01005,7,7,0,1.95185,24,39.71856,-1.95185
extra_drop_after_first_add,<,0.01006,7,7,0,1.95185,24,39.71856,-1.95185
dist_ema20_4h,>,-0.02387,6,4,2,2.03533,25,39.63508,-2.03533
dist_ema20_4h,>=,-0.02214,6,4,2,2.03533,25,39.63508,-2.03533
range_pct_1h,>,0.03133,14,9,5,2.06438,17,39.60603,-2.06438
range_pct_1h,>=,0.03272,14,9,5,2.06438,17,39.60603,-2.06438
atr_pct_1h,>,0.0112,16,11,5,2.0681,15,39.60231,-2.0681
atr_pct_1h,>=,0.01135,16,11,5,2.0681,15,39.60231,-2.0681
range_pct_1h,>,0.03422,10,7,3,2.1056,21,39.56481,-2.1056
range_pct_1h,>=,0.03462,10,7,3,2.1056,21,39.56481,-2.1056
atr_pct_1h,>,0.01306,10,7,3,2.1056,21,39.56481,-2.1056
atr_pct_1h,>=,0.01387,10,7,3,2.1056,21,39.56481,-2.1056
ret_6h,>,-0.02396,8,6,2,2.14207,23,39.52834,-2.14207
ret_6h,>=,-0.02149,8,6,2,2.14207,23,39.52834,-2.14207
ret_6h,<=,-0.04291,13,9,4,2.15687,18,39.51354,-2.15687
ret_6h,<,-0.03777,13,9,4,2.15687,18,39.51354,-2.15687
ret_1h,<=,-0.02754,8,8,0,2.19311,23,39.4773,-2.19311
ret_1h,<,-0.02562,8,8,0,2.19311,23,39.4773,-2.19311
dist_ema20_1h,<=,-0.04337,8,8,0,2.19311,23,39.4773,-2.19311
dist_ema20_1h,<,-0.03966,8,8,0,2.19311,23,39.4773,-2.19311
dist_ema50_1h,<=,-0.05458,8,8,0,2.19311,23,39.4773,-2.19311
dist_ema50_1h,<,-0.05193,8,8,0,2.19311,23,39.4773,-2.19311
upper_wick_ratio_1h,>,0.22785,1,1,0,2.21454,30,39.45587,-2.21454
ret_12h,>,-0.02366,5,4,1,2.23084,26,39.43957,-2.23084
ret_12h,>=,-0.02043,5,4,1,2.23084,26,39.43957,-2.23084
ret_6h,>,-0.02149,7,6,1,2.23456,24,39.43585,-2.23456
ret_6h,>=,-0.01946,7,6,1,2.23456,24,39.43585,-2.23456
dist_ema20_1h,>,-0.0203,7,6,1,2.23456,24,39.43585,-2.23456
dist_ema20_1h,>=,-0.0175,7,6,1,2.23456,24,39.43585,-2.23456
ret_4h_3,>,-0.02674,7,6,1,2.23456,24,39.43585,-2.23456
ret_4h_3,>=,-0.02579,7,6,1,2.23456,24,39.43585,-2.23456
upper_wick_ratio_1h,>,0.09649,13,7,6,2.27301,18,39.3974,-2.27301
upper_wick_ratio_1h,>=,0.10784,13,7,6,2.27301,18,39.3974,-2.27301
upper_wick_ratio_1h,>,0.04899,16,8,8,2.29479,15,39.37562,-2.29479
upper_wick_ratio_1h,>=,0.08348,16,8,8,2.29479,15,39.37562,-2.29479
ema50_slope_3_1h,>,-0.00117,4,3,1,2.3265,27,39.34391,-2.3265
ema50_slope_3_1h,>=,-0.00105,4,3,1,2.3265,27,39.34391,-2.3265
ema20_slope_3_4h,>,-0.00359,4,3,1,2.3265,27,39.34391,-2.3265
ema20_slope_3_4h,>=,-0.00338,4,3,1,2.3265,27,39.34391,-2.3265
upper_wick_ratio_1h,>,0.08348,15,8,7,2.38728,16,39.28313,-2.38728
upper_wick_ratio_1h,>=,0.09326,15,8,7,2.38728,16,39.28313,-2.38728
upper_wick_ratio_1h,>,0.03623,18,10,8,2.49693,13,39.17348,-2.49693
upper_wick_ratio_1h,>=,0.04899,18,10,8,2.49693,13,39.17348,-2.49693
range_pct_1h,>,0.03462,8,7,1,2.50081,23,39.1696,-2.50081
range_pct_1h,>=,0.0382,8,7,1,2.50081,23,39.1696,-2.50081
ema20_slope_3_1h,>,-0.00352,3,3,0,2.52201,28,39.1484,-2.52201
ema20_slope_3_1h,>=,-0.00302,3,3,0,2.52201,28,39.1484,-2.52201
dist_ema50_1h,>,-0.024,7,5,2,2.5407,24,39.12971,-2.5407
dist_ema50_1h,>=,-0.02315,7,5,2,2.5407,24,39.12971,-2.5407
dist_ema20_4h,>,-0.02914,7,5,2,2.5407,24,39.12971,-2.5407
dist_ema20_4h,>=,-0.02387,7,5,2,2.5407,24,39.12971,-2.5407
ret_3h,<=,-0.04278,11,9,2,2.55208,20,39.11833,-2.55208
ret_3h,<,-0.03779,11,9,2,2.55208,20,39.11833,-2.55208
upper_wick_ratio_1h,>,0.09326,14,8,6,2.58279,17,39.08762,-2.58279
upper_wick_ratio_1h,>=,0.09649,14,8,6,2.58279,17,39.08762,-2.58279
ret_3h,<=,-0.04342,7,7,0,2.5933,24,39.07711,-2.5933
ret_3h,<,-0.04299,7,7,0,2.5933,24,39.07711,-2.5933
ret_6h,>,-0.02673,9,7,2,2.64744,22,39.02297,-2.64744
ret_6h,>=,-0.02396,9,7,2,2.64744,22,39.02297,-2.64744
hours_after_first_add,>,0.75,7,5,2,2.70944,24,38.96097,-2.70944
hours_after_first_add,>=,0.83,7,5,2,2.70944,24,38.96097,-2.70944
ret_12h,>,-0.02508,6,5,1,2.73621,25,38.9342,-2.73621
ret_12h,>=,-0.02366,6,5,1,2.73621,25,38.9342,-2.73621
ret_4h_1,>,-0.01462,6,5,1,2.73621,25,38.9342,-2.73621
ret_4h_1,>=,-0.01189,6,5,1,2.73621,25,38.9342,-2.73621
ret_12h,>,-0.02585,8,7,1,2.73993,23,38.93048,-2.73993
ret_12h,>=,-0.02508,8,7,1,2.73993,23,38.93048,-2.73993
dist_ema20_1h,>,-0.02154,8,7,1,2.73993,23,38.93048,-2.73993
dist_ema20_1h,>=,-0.0203,8,7,1,2.73993,23,38.93048,-2.73993
ret_4h_1,>,-0.02387,8,7,1,2.73993,23,38.93048,-2.73993
ret_4h_1,>=,-0.01462,8,7,1,2.73993,23,38.93048,-2.73993
ret_4h_3,>,-0.03055,8,7,1,2.73993,23,38.93048,-2.73993
ret_4h_3,>=,-0.02674,8,7,1,2.73993,23,38.93048,-2.73993
close_position_1h,>,0.2,16,9,7,2.85254,15,38.81787,-2.85254
close_position_1h,>=,0.21329,16,9,7,2.85254,15,38.81787,-2.85254
lower_wick_ratio_1h,>,0.2,16,9,7,2.85254,15,38.81787,-2.85254
lower_wick_ratio_1h,>=,0.21329,16,9,7,2.85254,15,38.81787,-2.85254
close_position_1h,>,0.26087,11,8,3,2.88878,20,38.78163,-2.88878
close_position_1h,>=,0.2907,11,8,3,2.88878,20,38.78163,-2.88878
extra_drop_after_first_add,<=,0.01036,10,9,1,2.98917,21,38.68124,-2.98917
extra_drop_after_first_add,<,0.01078,10,9,1,2.98917,21,38.68124,-2.98917
profit_at_second_add,>,0.02017,5,5,0,3.00342,26,38.66699,-3.00342
profit_at_second_add,>=,0.02018,5,5,0,3.00342,26,38.66699,-3.00342
profit_at_second_add,>,0.01978,7,7,0,3.00714,24,38.66327,-3.00714
profit_at_second_add,>=,0.02017,7,7,0,3.00714,24,38.66327,-3.00714
range_pct_1h,>,0.03272,12,9,3,3.0339,19,38.63651,-3.0339
range_pct_1h,>=,0.03422,12,9,3,3.0339,19,38.63651,-3.0339
ret_1h,<=,-0.02259,11,9,2,3.12639,20,38.54402,-3.12639
ret_1h,<,-0.02168,11,9,2,3.12639,20,38.54402,-3.12639
close_position_1h,>,0.21329,14,9,5,3.24775,17,38.42266,-3.24775
close_position_1h,>=,0.24603,14,9,5,3.24775,17,38.42266,-3.24775
lower_wick_ratio_1h,>,0.21329,14,9,5,3.24775,17,38.42266,-3.24775
lower_wick_ratio_1h,>=,0.23529,14,9,5,3.24775,17,38.42266,-3.24775
body_ratio_1h,<=,0.66924,15,8,7,3.30174,16,38.36867,-3.30174
body_ratio_1h,<,0.7029,15,8,7,3.30174,16,38.36867,-3.30174
body_ratio_1h,<=,0.27273,4,3,1,3.31557,27,38.35484,-3.31557
body_ratio_1h,<,0.28046,4,3,1,3.31557,27,38.35484,-3.31557
body_ratio_1h,<=,0.28046,6,5,1,3.31929,25,38.35112,-3.31929
body_ratio_1h,<,0.44156,6,5,1,3.31929,25,38.35112,-3.31929
body_ratio_1h,<=,0.72964,18,10,8,3.33114,13,38.33927,-3.33114
body_ratio_1h,<,0.75877,18,10,8,3.33114,13,38.33927,-3.33114
hours_after_first_add,>,1.17,3,3,0,3.40806,28,38.26235,-3.40806
hours_after_first_add,>=,43.42,3,3,0,3.40806,28,38.26235,-3.40806
range_pct_1h,<=,0.01053,3,3,0,3.40806,28,38.26235,-3.40806
range_pct_1h,<,0.01211,3,3,0,3.40806,28,38.26235,-3.40806
upper_wick_ratio_1h,>,0.22093,3,3,0,3.40806,28,38.26235,-3.40806
upper_wick_ratio_1h,>=,0.22785,3,3,0,3.40806,28,38.26235,-3.40806
ret_1h,<=,-0.02562,9,9,0,3.5216,22,38.14881,-3.5216
ret_1h,<,-0.02259,9,9,0,3.5216,22,38.14881,-3.5216
ema50_slope_3_4h,<=,-0.00548,20,13,7,3.62022,11,38.05019,-3.62022
ema50_slope_3_4h,<,-0.0054,20,13,7,3.62022,11,38.05019,-3.62022
body_ratio_1h,<=,0.75877,19,11,8,3.64092,12,38.02949,-3.64092
body_ratio_1h,<,0.79091,19,11,8,3.64092,12,38.02949,-3.64092
body_ratio_1h,<=,0.65686,13,8,5,3.69695,18,37.97346,-3.69695
body_ratio_1h,<,0.66924,13,8,5,3.69695,18,37.97346,-3.69695
body_ratio_1h,<=,0.44156,7,6,1,3.82466,24,37.84575,-3.82466
body_ratio_1h,<,0.48837,7,6,1,3.82466,24,37.84575,-3.82466
upper_wick_ratio_1h,>,0.03261,19,11,8,3.82542,12,37.84499,-3.82542
upper_wick_ratio_1h,>=,0.03623,19,11,8,3.82542,12,37.84499,-3.82542
range_pct_1h,<=,0.01211,4,4,0,3.91343,27,37.75698,-3.91343
range_pct_1h,<,0.01342,4,4,0,3.91343,27,37.75698,-3.91343
close_position_1h,>,0.24603,12,9,3,4.21727,19,37.45314,-4.21727
close_position_1h,>=,0.26087,12,9,3,4.21727,19,37.45314,-4.21727
extra_drop_after_first_add,<=,0.01078,11,10,1,4.31766,20,37.35275,-4.31766
extra_drop_after_first_add,<,0.01147,11,10,1,4.31766,20,37.35275,-4.31766
hours_after_first_add,>,0.83,6,5,1,4.44538,25,37.22503,-4.44538
hours_after_first_add,>=,0.92,6,5,1,4.44538,25,37.22503,-4.44538
body_ratio_1h,<=,0.7029,16,9,7,4.63023,15,37.04018,-4.63023
body_ratio_1h,<,0.70813,16,9,7,4.63023,15,37.04018,-4.63023
ret_1h,>,-0.01171,10,8,2,4.86198,21,36.80843,-4.86198
ret_1h,>=,-0.01033,10,8,2,4.86198,21,36.80843,-4.86198
ret_1h,>,-0.01033,9,8,1,4.95447,22,36.71594,-4.95447
ret_1h,>=,-0.00788,9,8,1,4.95447,22,36.71594,-4.95447
ret_3h,>,-0.02248,9,8,1,4.95447,22,36.71594,-4.95447
ret_3h,>=,-0.02132,9,8,1,4.95447,22,36.71594,-4.95447
ret_12h,>,-0.02732,9,8,1,4.95447,22,36.71594,-4.95447
ret_12h,>=,-0.02585,9,8,1,4.95447,22,36.71594,-4.95447
dist_ema20_1h,>,-0.02338,9,8,1,4.95447,22,36.71594,-4.95447
dist_ema20_1h,>=,-0.02154,9,8,1,4.95447,22,36.71594,-4.95447
ret_4h_1,>,-0.03087,9,8,1,4.95447,22,36.71594,-4.95447
ret_4h_1,>=,-0.02387,9,8,1,4.95447,22,36.71594,-4.95447
body_ratio_1h,<=,0.70813,17,10,7,5.06708,14,36.60333,-5.06708
body_ratio_1h,<,0.72964,17,10,7,5.06708,14,36.60333,-5.06708
profit_at_second_add,>,0.01964,8,8,0,5.22168,23,36.44873,-5.22168
profit_at_second_add,>=,0.01978,8,8,0,5.22168,23,36.44873,-5.22168
atr_pct_4h,>,0.02767,16,12,4,6.49913,15,35.17128,-6.49913
atr_pct_4h,>=,0.02781,16,12,4,6.49913,15,35.17128,-6.49913
profit_at_second_add,<=,0.01891,15,10,5,6.6151,16,35.05531,-6.6151
profit_at_second_add,<,0.01893,15,10,5,6.6151,16,35.05531,-6.6151
ema20_slope_3_4h,>,-0.00461,8,5,3,6.6919,23,34.97851,-6.6919
ema20_slope_3_4h,>=,-0.00404,8,5,3,6.6919,23,34.97851,-6.6919
hours_after_first_add,<=,0.42,16,10,6,7.03338,15,34.63703,-7.03338
hours_after_first_add,<,0.5,16,10,6,7.03338,15,34.63703,-7.03338
ema20_slope_3_4h,>,-0.00568,9,6,3,7.19727,22,34.47314,-7.19727
ema20_slope_3_4h,>=,-0.00461,9,6,3,7.19727,22,34.47314,-7.19727
ema20_slope_3_1h,<=,-0.00597,15,10,5,7.26183,16,34.40858,-7.26183
ema20_slope_3_1h,<,-0.00591,15,10,5,7.26183,16,34.40858,-7.26183
dist_ema20_1h,<=,-0.03451,14,10,4,7.35432,17,34.31609,-7.35432
dist_ema20_1h,<,-0.03325,14,10,4,7.35432,17,34.31609,-7.35432
ema20_slope_3_1h,<=,-0.00641,14,10,4,7.35432,17,34.31609,-7.35432
ema20_slope_3_1h,<,-0.00597,14,10,4,7.35432,17,34.31609,-7.35432
hours_after_first_add,<=,0.5,17,11,6,7.53875,14,34.13166,-7.53875
hours_after_first_add,<,0.58,17,11,6,7.53875,14,34.13166,-7.53875
ema20_slope_3_1h,<=,-0.00648,12,10,2,7.74953,19,33.92088,-7.74953
ema20_slope_3_1h,<,-0.00641,12,10,2,7.74953,19,33.92088,-7.74953
close_position_1h,>,0.11347,22,14,8,8.15446,9,33.51595,-8.15446
close_position_1h,>=,0.13172,22,14,8,8.15446,9,33.51595,-8.15446
lower_wick_ratio_1h,>,0.11347,22,14,8,8.15446,9,33.51595,-8.15446
lower_wick_ratio_1h,>=,0.13172,22,14,8,8.15446,9,33.51595,-8.15446
ret_12h,<=,-0.04776,9,9,0,8.2822,22,33.38821,-8.2822
ret_12h,<,-0.04669,9,9,0,8.2822,22,33.38821,-8.2822
vol_ratio_24_1h,<=,2.20609,4,3,1,8.31588,27,33.35453,-8.31588
vol_ratio_24_1h,<,2.33221,4,3,1,8.31588,27,33.35453,-8.31588
ret_12h,<=,-0.041,12,10,2,8.32384,19,33.34657,-8.32384
ret_12h,<,-0.04037,12,10,2,8.32384,19,33.34657,-8.32384
atr_pct_1h,>,0.01018,19,13,6,8.39853,12,33.27188,-8.39853
atr_pct_1h,>=,0.01034,19,13,6,8.39853,12,33.27188,-8.39853
ema20_slope_3_1h,<=,-0.00685,8,8,0,8.40301,23,33.2674,-8.40301
ema20_slope_3_1h,<,-0.00657,8,8,0,8.40301,23,33.2674,-8.40301
ret_6h,<=,-0.03494,16,11,5,8.4873,15,33.18311,-8.4873
ret_6h,<,-0.03229,16,11,5,8.4873,15,33.18311,-8.4873
ret_12h,<=,-0.03595,16,11,5,8.59032,15,33.08009,-8.59032
ret_12h,<,-0.03507,16,11,5,8.59032,15,33.08009,-8.59032
vol_ratio_24_1h,<=,2.33221,5,4,1,8.62566,26,33.04475,-8.62566
vol_ratio_24_1h,<,2.87757,5,4,1,8.62566,26,33.04475,-8.62566
ret_6h,<=,-0.03777,15,11,4,8.68281,16,32.9876,-8.68281
ret_6h,<,-0.03494,15,11,4,8.68281,16,32.9876,-8.68281
ret_12h,<=,-0.04013,15,11,4,8.68281,16,32.9876,-8.68281
ret_12h,<,-0.03595,15,11,4,8.68281,16,32.9876,-8.68281
atr_pct_4h,>,0.02729,17,13,4,8.71367,14,32.95674,-8.71367
atr_pct_4h,>=,0.02767,17,13,4,8.71367,14,32.95674,-8.71367
ret_12h,<=,-0.04669,10,10,0,8.71905,21,32.95136,-8.71905
ret_12h,<,-0.041,10,10,0,8.71905,21,32.95136,-8.71905
ema20_slope_3_1h,<=,-0.00657,10,10,0,8.71905,21,32.95136,-8.71905
ema20_slope_3_1h,<,-0.00648,10,10,0,8.71905,21,32.95136,-8.71905
hours_after_first_add,<=,0.58,20,14,6,8.9039,11,32.76651,-8.9039
hours_after_first_add,<,0.67,20,14,6,8.9039,11,32.76651,-8.9039
range_pct_1h,>,0.01588,23,15,8,9.0646,8,32.60581,-9.0646
range_pct_1h,>=,0.01687,23,15,8,9.0646,8,32.60581,-9.0646
atr_pct_1h,>,0.00829,23,15,8,9.0646,8,32.60581,-9.0646
atr_pct_1h,>=,0.00985,23,15,8,9.0646,8,32.60581,-9.0646
close_position_1h,>,0.14474,18,11,7,9.37848,13,32.29193,-9.37848
close_position_1h,>=,0.2,18,11,7,9.37848,13,32.29193,-9.37848
lower_wick_ratio_1h,>,0.14474,18,11,7,9.37848,13,32.29193,-9.37848
lower_wick_ratio_1h,>=,0.2,18,11,7,9.37848,13,32.29193,-9.37848
ret_12h,<=,-0.04037,13,11,2,9.65233,18,32.01808,-9.65233
ret_12h,<,-0.04013,13,11,2,9.65233,18,32.01808,-9.65233
close_position_1h,>,0.13329,19,12,7,9.68826,12,31.98215,-9.68826
close_position_1h,>=,0.14474,19,12,7,9.68826,12,31.98215,-9.68826
lower_wick_ratio_1h,>,0.13329,19,12,7,9.68826,12,31.98215,-9.68826
lower_wick_ratio_1h,>=,0.14474,19,12,7,9.68826,12,31.98215,-9.68826
vol_ratio_24_1h,<=,2.87757,7,6,1,9.81918,24,31.85123,-9.81918
vol_ratio_24_1h,<,3.01908,7,6,1,9.81918,24,31.85123,-9.81918
close_position_1h,>,0.13172,21,14,7,9.8904,10,31.78001,-9.8904
close_position_1h,>=,0.13329,21,14,7,9.8904,10,31.78001,-9.8904
lower_wick_ratio_1h,>,0.13172,21,14,7,9.8904,10,31.78001,-9.8904
lower_wick_ratio_1h,>=,0.13329,21,14,7,9.8904,10,31.78001,-9.8904
ema50_slope_3_4h,<=,-0.0054,22,15,7,10.14616,9,31.52425,-10.14616
ema50_slope_3_4h,<,-0.00485,22,15,7,10.14616,9,31.52425,-10.14616
body_ratio_1h,<=,0.79091,21,13,8,10.16686,10,31.50355,-10.16686
body_ratio_1h,<,0.81772,21,13,8,10.16686,10,31.50355,-10.16686
body_ratio_1h,<=,0.81772,23,15,8,10.369,8,31.30141,-10.369
body_ratio_1h,<,0.82823,23,15,8,10.369,8,31.30141,-10.369
atr_pct_1h,>,0.00985,22,15,7,10.80054,9,30.86987,-10.80054
atr_pct_1h,>=,0.01004,22,15,7,10.80054,9,30.86987,-10.80054
extra_drop_after_first_add,<=,0.01147,13,12,1,10.8436,18,30.82681,-10.8436
extra_drop_after_first_add,<,0.01278,13,12,1,10.8436,18,30.82681,-10.8436
atr_pct_1h,>,0.00791,24,16,8,11.27914,7,30.39127,-11.27914
atr_pct_1h,>=,0.00829,24,16,8,11.27914,7,30.39127,-11.27914
atr_pct_4h,>,0.01914,24,16,8,11.27914,7,30.39127,-11.27914
atr_pct_4h,>=,0.02077,24,16,8,11.27914,7,30.39127,-11.27914
body_ratio_1h,<=,0.82823,25,17,8,11.2973,6,30.37311,-11.2973
body_ratio_1h,<,0.86773,25,17,8,11.2973,6,30.37311,-11.2973
dist_ema50_4h,<=,-0.04548,23,16,7,11.47465,8,30.19576,-11.47465
dist_ema50_4h,<,-0.04285,23,16,7,11.47465,8,30.19576,-11.47465
ema50_slope_3_4h,<=,-0.00485,23,16,7,11.47465,8,30.19576,-11.47465
ema50_slope_3_4h,<,-0.00368,23,16,7,11.47465,8,30.19576,-11.47465
ret_4h_1,>,-0.03089,11,10,1,11.48041,20,30.19,-11.48041
ret_4h_1,>=,-0.03087,11,10,1,11.48041,20,30.19,-11.48041
body_ratio_1h,<=,0.86773,27,19,8,11.61334,4,30.05707,-11.61334
body_ratio_1h,<,0.87352,27,19,8,11.61334,4,30.05707,-11.61334
ema20_slope_3_1h,<=,-0.00557,19,13,6,11.87838,12,29.79203,-11.87838
ema20_slope_3_1h,<,-0.00545,19,13,6,11.87838,12,29.79203,-11.87838
ema20_slope_3_1h,<=,-0.00545,21,15,6,11.8821,10,29.78831,-11.8821
ema20_slope_3_1h,<,-0.00426,21,15,6,11.8821,10,29.78831,-11.8821
ema50_slope_3_1h,<=,-0.00218,21,15,6,11.8821,10,29.78831,-11.8821
ema50_slope_3_1h,<,-0.00203,21,15,6,11.8821,10,29.78831,-11.8821
upper_wick_ratio_1h,>,0.11252,10,5,5,12.12157,21,29.54884,-12.12157
upper_wick_ratio_1h,>=,0.11747,10,5,5,12.12157,21,29.54884,-12.12157
atr_pct_4h,>,0.02077,22,16,6,12.24866,9,29.42175,-12.24866
atr_pct_4h,>=,0.02257,22,16,6,12.24866,9,29.42175,-12.24866
ret_4h_1,<=,-0.04394,7,3,4,12.25099,24,29.41942,-12.25099
ret_4h_1,<,-0.03934,7,3,4,12.25099,24,29.41942,-12.25099
ema20_slope_3_1h,<=,-0.00426,22,16,6,12.38747,9,29.28294,-12.38747
ema20_slope_3_1h,<,-0.00399,22,16,6,12.38747,9,29.28294,-12.38747
ema20_slope_3_1h,>,-0.00399,7,5,2,12.40474,24,29.26567,-12.40474
ema20_slope_3_1h,>=,-0.00384,7,5,2,12.40474,24,29.26567,-12.40474
atr_pct_4h,>,0.02257,21,16,5,12.44417,10,29.22624,-12.44417
atr_pct_4h,>=,0.02451,21,16,5,12.44417,10,29.22624,-12.44417
upper_wick_ratio_1h,>,0.11747,8,5,3,12.51678,23,29.15363,-12.51678
upper_wick_ratio_1h,>=,0.13865,8,5,3,12.51678,23,29.15363,-12.51678
ret_4h_1,<=,-0.03934,8,4,4,12.56077,23,29.10964,-12.56077
ret_4h_1,<,-0.03789,8,4,4,12.56077,23,29.10964,-12.56077
ema20_slope_3_1h,>,-0.00384,6,5,1,12.60025,25,29.07016,-12.60025
ema20_slope_3_1h,>=,-0.00368,6,5,1,12.60025,25,29.07016,-12.60025
ret_24h,<=,-0.04138,9,6,3,12.72265,22,28.94776,-12.72265
ret_24h,<,-0.03612,9,6,3,12.72265,22,28.94776,-12.72265
ret_4h_1,<=,-0.05127,4,2,2,12.78366,27,28.88675,-12.78366
ret_4h_1,<,-0.05067,4,2,2,12.78366,27,28.88675,-12.78366
ret_4h_1,<=,-0.03765,11,6,5,12.78432,20,28.88609,-12.78432
ret_4h_1,<,-0.0366,11,6,5,12.78432,20,28.88609,-12.78432
ret_4h_1,<=,-0.03789,10,6,4,12.87681,21,28.7936,-12.87681
ret_4h_1,<,-0.03765,10,6,4,12.87681,21,28.7936,-12.87681
ret_4h_1,<=,-0.0366,13,8,5,12.98646,18,28.68395,-12.98646
ret_4h_1,<,-0.03349,13,8,5,12.98646,18,28.68395,-12.98646
ret_4h_3,>,-0.02493,4,4,0,13.0077,27,28.66271,-13.0077
ret_4h_3,>=,-0.01863,4,4,0,13.0077,27,28.66271,-13.0077
ret_6h,>,-0.01946,6,6,0,13.01142,25,28.65899,-13.01142
ret_6h,>=,-0.01599,6,6,0,13.01142,25,28.65899,-13.01142
ret_4h_3,>,-0.02579,6,6,0,13.01142,25,28.65899,-13.01142
ret_4h_3,>=,-0.02493,6,6,0,13.01142,25,28.65899,-13.01142
vol_ratio_24_1h,>,4.22676,7,4,3,13.04516,24,28.62525,-13.04516
vol_ratio_24_1h,>=,4.23891,7,4,3,13.04516,24,28.62525,-13.04516
upper_wick_ratio_1h,>,0.10784,12,7,5,13.04987,19,28.62054,-13.04987
upper_wick_ratio_1h,>=,0.11252,12,7,5,13.04987,19,28.62054,-13.04987
dist_ema50_4h,<=,-0.1172,5,3,2,13.09344,26,28.57697,-13.09344
dist_ema50_4h,<,-0.11652,5,3,2,13.09344,26,28.57697,-13.09344
ret_4h_1,<,-0.05127,2,2,0,13.17887,29,28.49154,-13.17887
ret_4h_3,<,-0.0631,2,2,0,13.17887,29,28.49154,-13.17887
ret_4h_1,<=,-0.05067,5,3,2,13.22051,26,28.4499,-13.22051
ret_4h_1,<,-0.04394,5,3,2,13.22051,26,28.4499,-13.22051
vol_ratio_24_1h,>,4.15062,9,6,3,13.2473,22,28.42311,-13.2473
vol_ratio_24_1h,>=,4.22676,9,6,3,13.2473,22,28.42311,-13.2473
ret_4h_1,<=,-0.03168,18,11,7,13.3118,13,28.35861,-13.3118
ret_4h_1,<,-0.03089,18,11,7,13.3118,13,28.35861,-13.3118
range_pct_1h,>,0.01919,20,13,7,13.31552,11,28.35489,-13.31552
range_pct_1h,>=,0.02537,20,13,7,13.31552,11,28.35489,-13.31552
dist_ema50_4h,>,-0.04285,6,5,1,13.31756,25,28.35285,-13.31756
dist_ema50_4h,>=,-0.04118,6,5,1,13.31756,25,28.35285,-13.31756
ret_4h_3,<=,-0.0631,4,4,0,13.38101,27,28.2894,-13.38101
ret_4h_3,<,-0.06227,4,4,0,13.38101,27,28.2894,-13.38101
ret_1h,<=,-0.0181,17,11,6,13.40429,14,28.26612,-13.40429
ret_1h,<,-0.01504,17,11,6,13.40429,14,28.26612,-13.40429
dist_ema20_4h,<=,-0.08015,3,3,0,13.48865,28,28.18176,-13.48865
dist_ema20_4h,<,-0.07197,3,3,0,13.48865,28,28.18176,-13.48865
atr_pct_1h,<=,0.00742,5,5,0,13.51307,26,28.15734,-13.51307
atr_pct_1h,<,0.00791,5,5,0,13.51307,26,28.15734,-13.51307
dist_ema50_4h,>,-0.04118,5,5,0,13.51307,26,28.15734,-13.51307
dist_ema50_4h,>=,-0.03496,5,5,0,13.51307,26,28.15734,-13.51307
profit_at_second_add,<=,0.01893,16,11,5,13.53229,15,28.13812,-13.53229
profit_at_second_add,<,0.01895,16,11,5,13.53229,15,28.13812,-13.53229
extra_drop_after_first_add,>,0.01587,8,6,2,13.53401,23,28.1364,-13.53401
extra_drop_after_first_add,>=,0.01602,8,6,2,13.53401,23,28.1364,-13.53401
vol_ratio_24_1h,>,3.79864,11,7,4,13.55716,20,28.11325,-13.55716
vol_ratio_24_1h,>=,4.04055,11,7,4,13.55716,20,28.11325,-13.55716
lower_wick_ratio_1h,>,0.26087,10,8,2,13.66564,21,28.00477,-13.66564
lower_wick_ratio_1h,>=,0.2907,10,8,2,13.66564,21,28.00477,-13.66564
ret_4h_3,<=,-0.06227,6,6,0,13.69705,25,27.97336,-13.69705
ret_4h_3,<,-0.04984,6,6,0,13.69705,25,27.97336,-13.69705
vol_ratio_24_1h,>,4.04055,10,7,3,13.75267,21,27.91774,-13.75267
vol_ratio_24_1h,>=,4.15062,10,7,3,13.75267,21,27.91774,-13.75267
extra_drop_after_first_add,>,0.015,12,8,4,13.75801,19,27.9124,-13.75801
extra_drop_after_first_add,>=,0.01563,12,8,4,13.75801,19,27.9124,-13.75801
vol_ratio_24_1h,>,3.77155,13,9,4,13.8732,18,27.79721,-13.8732
vol_ratio_24_1h,>=,3.79864,13,9,4,13.8732,18,27.79721,-13.8732
dist_ema50_1h,<=,-0.04552,15,10,5,13.91476,16,27.75565,-13.91476
dist_ema50_1h,<,-0.03882,15,10,5,13.91476,16,27.75565,-13.91476
ret_4h_1,<=,-0.03349,15,10,5,13.91476,16,27.75565,-13.91476
ret_4h_1,<,-0.03317,15,10,5,13.91476,16,27.75565,-13.91476
dist_ema20_4h,<=,-0.05326,15,10,5,13.91476,16,27.75565,-13.91476
dist_ema20_4h,<,-0.04721,15,10,5,13.91476,16,27.75565,-13.91476
dist_ema50_4h,<=,-0.07758,15,10,5,13.91476,16,27.75565,-13.91476
dist_ema50_4h,<,-0.0766,15,10,5,13.91476,16,27.75565,-13.91476
ema50_slope_3_1h,<=,-0.00357,17,12,5,13.91848,14,27.75193,-13.91848
ema50_slope_3_1h,<,-0.00298,17,12,5,13.91848,14,27.75193,-13.91848
dist_ema20_4h,<=,-0.04721,17,12,5,13.91848,14,27.75193,-13.91848
dist_ema20_4h,<,-0.04051,17,12,5,13.91848,14,27.75193,-13.91848
dist_ema50_4h,<=,-0.0766,17,12,5,13.91848,14,27.75193,-13.91848
dist_ema50_4h,<,-0.07444,17,12,5,13.91848,14,27.75193,-13.91848
ema20_slope_3_4h,<=,-0.00913,17,12,5,13.91848,14,27.75193,-13.91848
ema20_slope_3_4h,<,-0.0075,17,12,5,13.91848,14,27.75193,-13.91848
dist_ema20_4h,<=,-0.06774,8,5,3,13.92925,23,27.74116,-13.92925
dist_ema20_4h,<,-0.06254,8,5,3,13.92925,23,27.74116,-13.92925
dist_ema50_4h,<=,-0.10904,8,5,3,13.92925,23,27.74116,-13.92925
dist_ema50_4h,<,-0.09596,8,5,3,13.92925,23,27.74116,-13.92925
ema20_slope_3_4h,<=,-0.013,8,5,3,13.92925,23,27.74116,-13.92925
ema20_slope_3_4h,<,-0.01246,8,5,3,13.92925,23,27.74116,-13.92925
ema50_slope_3_4h,<=,-0.01008,8,5,3,13.92925,23,27.74116,-13.92925
ema50_slope_3_4h,<,-0.00844,8,5,3,13.92925,23,27.74116,-13.92925
ema20_slope_3_4h,<=,-0.01246,10,7,3,13.93297,21,27.73744,-13.93297
ema20_slope_3_4h,<,-0.01208,10,7,3,13.93297,21,27.73744,-13.93297
extra_drop_after_first_add,>,0.01278,16,9,7,13.94861,15,27.7218,-13.94861
extra_drop_after_first_add,>=,0.01399,16,9,7,13.94861,15,27.7218,-13.94861
ret_4h_3,<=,-0.04984,7,7,0,14.00683,24,27.66358,-14.00683
ret_4h_3,<,-0.04907,7,7,0,14.00683,24,27.66358,-14.00683
vol_ratio_24_1h,>,4.23891,5,4,1,14.01468,26,27.65573,-14.01468
vol_ratio_24_1h,>=,4.49746,5,4,1,14.01468,26,27.65573,-14.01468
dist_ema20_4h,<=,-0.0692,7,5,2,14.02174,24,27.64867,-14.02174
dist_ema20_4h,<,-0.06774,7,5,2,14.02174,24,27.64867,-14.02174
dist_ema50_4h,<=,-0.11652,7,5,2,14.02174,24,27.64867,-14.02174
dist_ema50_4h,<,-0.10904,7,5,2,14.02174,24,27.64867,-14.02174
lower_wick_ratio_1h,>,0.23529,13,9,4,14.02461,18,27.6458,-14.02461
lower_wick_ratio_1h,>=,0.24603,13,9,4,14.02461,18,27.6458,-14.02461
close_position_1h,<=,0.09387,4,4,0,14.10717,27,27.56324,-14.10717
close_position_1h,<,0.10376,4,4,0,14.10717,27,27.56324,-14.10717
lower_wick_ratio_1h,<=,0.09387,4,4,0,14.10717,27,27.56324,-14.10717
lower_wick_ratio_1h,<,0.10376,4,4,0,14.10717,27,27.56324,-14.10717
dist_ema50_4h,<=,-0.09596,10,7,3,14.13139,21,27.53902,-14.13139
dist_ema50_4h,<,-0.09441,10,7,3,14.13139,21,27.53902,-14.13139
extra_drop_after_first_add,>,0.01399,15,9,6,14.14412,16,27.52629,-14.14412
extra_drop_after_first_add,>=,0.01411,15,9,6,14.14412,16,27.52629,-14.14412
profit_at_second_add,>,0.01962,9,9,0,14.17618,22,27.49423,-14.17618
profit_at_second_add,>=,0.01964,9,9,0,14.17618,22,27.49423,-14.17618
dist_ema20_4h,<=,-0.06254,10,7,3,14.24529,21,27.42512,-14.24529
dist_ema20_4h,<,-0.06155,10,7,3,14.24529,21,27.42512,-14.24529
ema50_slope_3_4h,<=,-0.00844,10,7,3,14.24529,21,27.42512,-14.24529
ema50_slope_3_4h,<,-0.00843,10,7,3,14.24529,21,27.42512,-14.24529
ema20_slope_3_4h,<=,-0.01208,12,9,3,14.24901,19,27.4214,-14.24901
ema20_slope_3_4h,<,-0.01118,12,9,3,14.24901,19,27.4214,-14.24901
upper_wick_ratio_1h,>,0.13865,7,5,2,14.25272,24,27.41769,-14.25272
upper_wick_ratio_1h,>=,0.18254,7,5,2,14.25272,24,27.41769,-14.25272
vol_ratio_24_1h,>,3.61458,14,10,4,14.31005,17,27.36036,-14.31005
vol_ratio_24_1h,>=,3.77155,14,10,4,14.31005,17,27.36036,-14.31005
ema20_slope_3_4h,<=,-0.01453,6,5,1,14.32446,25,27.34595,-14.32446
ema20_slope_3_4h,<,-0.013,6,5,1,14.32446,25,27.34595,-14.32446
ret_1h,<=,-0.01817,15,11,4,14.37381,16,27.2966,-14.37381
ret_1h,<,-0.0181,15,11,4,14.37381,16,27.2966,-14.37381
dist_ema50_4h,<=,-0.06737,19,13,6,14.39708,12,27.27333,-14.39708
dist_ema50_4h,<,-0.06358,19,13,6,14.39708,12,27.27333,-14.39708
ema50_slope_3_4h,<=,-0.00617,19,13,6,14.39708,12,27.27333,-14.39708
ema50_slope_3_4h,<,-0.00548,19,13,6,14.39708,12,27.27333,-14.39708
dist_ema20_4h,<=,-0.07197,5,5,0,14.41695,26,27.25346,-14.41695
dist_ema20_4h,<,-0.0692,5,5,0,14.41695,26,27.25346,-14.41695
ema20_slope_3_4h,<=,-0.01466,5,5,0,14.41695,26,27.25346,-14.41695
ema20_slope_3_4h,<,-0.01453,5,5,0,14.41695,26,27.25346,-14.41695
close_position_1h,<=,0.10376,6,6,0,14.42321,25,27.2472,-14.42321
close_position_1h,<,0.1039,6,6,0,14.42321,25,27.2472,-14.42321
lower_wick_ratio_1h,<=,0.10376,6,6,0,14.42321,25,27.2472,-14.42321
lower_wick_ratio_1h,<,0.1039,6,6,0,14.42321,25,27.2472,-14.42321
dist_ema20_4h,<=,-0.06155,12,9,3,14.44743,19,27.22298,-14.44743
dist_ema20_4h,<,-0.05819,12,9,3,14.44743,19,27.22298,-14.44743
dist_ema50_4h,<=,-0.09441,12,9,3,14.44743,19,27.22298,-14.44743
dist_ema50_4h,<,-0.079,12,9,3,14.44743,19,27.22298,-14.44743
ema50_slope_3_4h,<=,-0.00843,12,9,3,14.44743,19,27.22298,-14.44743
ema50_slope_3_4h,<,-0.00826,12,9,3,14.44743,19,27.22298,-14.44743
ema20_slope_3_4h,<=,-0.01118,14,11,3,14.45115,17,27.21926,-14.45115
ema20_slope_3_4h,<,-0.00978,14,11,3,14.45115,17,27.21926,-14.45115
ema50_slope_3_4h,<=,-0.00826,14,11,3,14.45115,17,27.21926,-14.45115
ema50_slope_3_4h,<,-0.00702,14,11,3,14.45115,17,27.21926,-14.45115
body_ratio_1h,<=,0.59585,12,8,4,14.47381,19,27.1966,-14.47381
body_ratio_1h,<,0.65686,12,8,4,14.47381,19,27.1966,-14.47381
ret_1h,<=,-0.01842,14,11,3,14.56932,17,27.10109,-14.56932
ret_1h,<,-0.01817,14,11,3,14.56932,17,27.10109,-14.56932
ema50_slope_3_1h,<=,-0.00367,13,10,3,14.57196,18,27.09845,-14.57196
ema50_slope_3_1h,<,-0.00364,13,10,3,14.57196,18,27.09845,-14.57196
body_ratio_1h,<=,0.57143,11,8,3,14.66932,20,27.00109,-14.66932
body_ratio_1h,<,0.59585,11,8,3,14.66932,20,27.00109,-14.66932
extra_drop_after_first_add,>,0.01563,10,8,2,14.72753,21,26.94288,-14.72753
extra_drop_after_first_add,>=,0.01587,10,8,2,14.72753,21,26.94288,-14.72753
dist_ema20_4h,<=,-0.05819,13,10,3,14.88428,18,26.78613,-14.88428
dist_ema20_4h,<,-0.05326,13,10,3,14.88428,18,26.78613,-14.88428
dist_ema50_4h,<=,-0.079,13,10,3,14.88428,18,26.78613,-14.88428
dist_ema50_4h,<,-0.07758,13,10,3,14.88428,18,26.78613,-14.88428
ema50_slope_3_1h,<=,-0.00364,15,12,3,14.888,16,26.78241,-14.888
ema50_slope_3_1h,<,-0.00357,15,12,3,14.888,16,26.78241,-14.888
ema20_slope_3_4h,<=,-0.00978,15,12,3,14.888,16,26.78241,-14.888
ema20_slope_3_4h,<,-0.00913,15,12,3,14.888,16,26.78241,-14.888
lower_wick_ratio_1h,>,0.24603,11,9,2,14.99413,20,26.67628,-14.99413
lower_wick_ratio_1h,>=,0.26087,11,9,2,14.99413,20,26.67628,-14.99413
ret_4h_1,<=,-0.03179,17,11,6,15.04774,14,26.62267,-15.04774
ret_4h_1,<,-0.03168,17,11,6,15.04774,14,26.62267,-15.04774
upper_wick_ratio_1h,>,0.18254,5,5,0,15.22224,26,26.44817,-15.22224
upper_wick_ratio_1h,>=,0.22093,5,5,0,15.22224,26,26.44817,-15.22224
ret_4h_3,<=,-0.04852,9,8,1,15.24283,22,26.42758,-15.24283
ret_4h_3,<,-0.04669,9,8,1,15.24283,22,26.42758,-15.24283
ret_4h_1,<=,-0.03317,16,11,5,15.24325,15,26.42716,-15.24325
ret_4h_1,<,-0.03179,16,11,5,15.24325,15,26.42716,-15.24325
ret_4h_3,<=,-0.04907,8,8,0,15.33532,23,26.33509,-15.33532
ret_4h_3,<,-0.04852,8,8,0,15.33532,23,26.33509,-15.33532
body_ratio_1h,<=,0.48837,9,8,1,15.63884,22,26.03157,-15.63884
body_ratio_1h,<,0.57143,9,8,1,15.63884,22,26.03157,-15.63884
ret_4h_3,<=,-0.04669,10,9,1,15.67968,21,25.99073,-15.67968
ret_4h_3,<,-0.04291,10,9,1,15.67968,21,25.99073,-15.67968
ema50_slope_3_4h,<=,-0.0064,17,12,5,15.69617,14,25.97424,-15.69617
ema50_slope_3_4h,<,-0.00618,17,12,5,15.69617,14,25.97424,-15.69617
ret_3h,<=,-0.03779,13,11,2,15.73095,18,25.93946,-15.73095
ret_3h,<,-0.03745,13,11,2,15.73095,18,25.93946,-15.73095
extra_drop_after_first_add,>,0.01411,14,9,5,15.88006,17,25.79035,-15.88006
extra_drop_after_first_add,>=,0.01421,14,9,5,15.88006,17,25.79035,-15.88006
extra_drop_after_first_add,>,0.01421,13,9,4,15.97255,18,25.69786,-15.97255
extra_drop_after_first_add,>=,0.015,13,9,4,15.97255,18,25.69786,-15.97255
dist_ema20_4h,<=,-0.04051,18,13,5,16.13302,13,25.53739,-16.13302
dist_ema20_4h,<,-0.03794,18,13,5,16.13302,13,25.53739,-16.13302
dist_ema50_4h,<=,-0.07444,18,13,5,16.13302,13,25.53739,-16.13302
dist_ema50_4h,<,-0.06737,18,13,5,16.13302,13,25.53739,-16.13302
ema20_slope_3_4h,<=,-0.0075,18,13,5,16.13302,13,25.53739,-16.13302
ema20_slope_3_4h,<,-0.00595,18,13,5,16.13302,13,25.53739,-16.13302
ema50_slope_3_4h,<=,-0.00618,18,13,5,16.13302,13,25.53739,-16.13302
ema50_slope_3_4h,<,-0.00617,18,13,5,16.13302,13,25.53739,-16.13302
ret_1h,<=,-0.02168,13,11,2,16.30526,18,25.36515,-16.30526
ret_1h,<,-0.01842,13,11,2,16.30526,18,25.36515,-16.30526
ret_4h_3,<=,-0.04291,12,11,1,16.60798,19,25.06243,-16.60798
ret_4h_3,<,-0.04202,12,11,1,16.60798,19,25.06243,-16.60798
close_position_1h,<=,0.1039,7,7,0,16.63775,24,25.03266,-16.63775
close_position_1h,<,0.11347,7,7,0,16.63775,24,25.03266,-16.63775
lower_wick_ratio_1h,<=,0.1039,7,7,0,16.63775,24,25.03266,-16.63775
lower_wick_ratio_1h,<,0.11347,7,7,0,16.63775,24,25.03266,-16.63775
ema50_slope_3_4h,<=,-0.00702,15,12,3,16.66569,16,25.00472,-16.66569
ema50_slope_3_4h,<,-0.0064,15,12,3,16.66569,16,25.00472,-16.66569
body_ratio_1h,>,0.87352,2,2,0,16.8782,29,24.79221,-16.8782
upper_wick_ratio_1h,>,0.02851,21,13,8,17.00429,10,24.66612,-17.00429
upper_wick_ratio_1h,>=,0.03261,21,13,8,17.00429,10,24.66612,-17.00429
ret_24h,>,-0.03612,20,15,5,17.13358,11,24.53683,-17.13358
ret_24h,>=,-0.03585,20,15,5,17.13358,11,24.53683,-17.13358
ret_24h,>,-0.02973,12,10,2,17.17204,19,24.49837,-17.17204
ret_24h,>=,-0.02858,12,10,2,17.17204,19,24.49837,-17.17204
ret_24h,>,-0.03585,19,15,4,17.22607,12,24.44434,-17.22607
ret_24h,>=,-0.03484,19,15,4,17.22607,12,24.44434,-17.22607
upper_wick_ratio_1h,>,0.01876,23,15,8,17.32033,8,24.35008,-17.32033
upper_wick_ratio_1h,>=,0.02851,23,15,8,17.32033,8,24.35008,-17.32033
upper_wick_ratio_1h,>,0.00909,25,17,8,17.32405,6,24.34636,-17.32405
upper_wick_ratio_1h,>=,0.01876,25,17,8,17.32405,6,24.34636,-17.32405
ret_24h,>,-0.03368,14,12,2,17.37418,17,24.29623,-17.37418
ret_24h,>=,-0.02973,14,12,2,17.37418,17,24.29623,-17.37418
ema50_slope_3_1h,>,-0.0018,7,5,2,17.46876,24,24.20165,-17.46876
ema50_slope_3_1h,>=,-0.00168,7,5,2,17.46876,24,24.20165,-17.46876
dist_ema50_1h,>,-0.02709,10,7,3,17.68296,21,23.98745,-17.68296
dist_ema50_1h,>=,-0.02569,10,7,3,17.68296,21,23.98745,-17.68296
dist_ema20_4h,>,-0.03358,10,7,3,17.68296,21,23.98745,-17.68296
dist_ema20_4h,>=,-0.03258,10,7,3,17.68296,21,23.98745,-17.68296
ret_4h_3,>,-0.03929,12,9,3,17.68668,19,23.98373,-17.68668
ret_4h_3,>=,-0.0373,12,9,3,17.68668,19,23.98373,-17.68668
ret_24h,>,-0.03463,16,14,2,17.69022,15,23.98019,-17.69022
ret_24h,>=,-0.03368,16,14,2,17.69022,15,23.98019,-17.69022
upper_wick_ratio_1h,<=,0.00499,4,4,0,17.82042,27,23.84999,-17.82042
upper_wick_ratio_1h,<,0.00909,4,4,0,17.82042,27,23.84999,-17.82042
ema50_slope_3_1h,>,-0.00203,8,6,2,17.97413,23,23.69628,-17.97413
ema50_slope_3_1h,>=,-0.0018,8,6,2,17.97413,23,23.69628,-17.97413
ret_24h,>,-0.03484,17,15,2,18.19559,14,23.47482,-18.19559
ret_24h,>=,-0.03463,17,15,2,18.19559,14,23.47482,-18.19559
ema50_slope_3_4h,>,-0.00368,6,5,1,18.38158,25,23.28883,-18.38158
ema50_slope_3_4h,>=,-0.00271,6,5,1,18.38158,25,23.28883,-18.38158
atr_pct_4h,<=,0.02451,11,7,4,18.44938,20,23.22103,-18.44938
atr_pct_4h,<,0.02728,11,7,4,18.44938,20,23.22103,-18.44938
ret_4h_3,>,-0.04202,17,10,7,18.53649,14,23.13392,-18.53649
ret_4h_3,>=,-0.041,17,10,7,18.53649,14,23.13392,-18.53649
atr_pct_4h,<=,0.01539,5,5,0,18.57709,26,23.09332,-18.57709
atr_pct_4h,<,0.01914,5,5,0,18.57709,26,23.09332,-18.57709
ret_4h_3,>,-0.041,15,10,5,18.9317,16,22.73871,-18.9317
ret_4h_3,>=,-0.04013,15,10,5,18.9317,16,22.73871,-18.9317
dist_ema50_1h,>,-0.02775,11,8,3,19.01145,20,22.65896,-19.01145
dist_ema50_1h,>=,-0.02709,11,8,3,19.01145,20,22.65896,-19.01145
ema50_slope_3_1h,>,-0.00285,11,8,3,19.01145,20,22.65896,-19.01145
ema50_slope_3_1h,>=,-0.00218,11,8,3,19.01145,20,22.65896,-19.01145
dist_ema20_4h,>,-0.03794,11,8,3,19.01145,20,22.65896,-19.01145
dist_ema20_4h,>=,-0.03358,11,8,3,19.01145,20,22.65896,-19.01145
ema20_slope_3_4h,>,-0.00595,11,8,3,19.01145,20,22.65896,-19.01145
ema20_slope_3_4h,>=,-0.00568,11,8,3,19.01145,20,22.65896,-19.01145
ema20_slope_3_1h,>,-0.00572,13,10,3,19.01517,18,22.65524,-19.01517
ema20_slope_3_1h,>=,-0.00557,13,10,3,19.01517,18,22.65524,-19.01517
ret_3h,>,-0.03745,16,10,6,19.41352,15,22.25689,-19.41352
ret_3h,>=,-0.0351,16,10,6,19.41352,15,22.25689,-19.41352
dist_ema50_4h,>,-0.06227,9,7,2,19.4189,22,22.25151,-19.4189
dist_ema50_4h,>=,-0.04548,9,7,2,19.4189,22,22.25151,-19.4189
vol_ratio_24_1h,<=,3.47008,12,8,4,19.50221,19,22.1682,-19.50221
vol_ratio_24_1h,<,3.50191,12,8,4,19.50221,19,22.1682,-19.50221
vol_ratio_24_1h,<=,3.50191,14,10,4,19.50593,17,22.16448,-19.50593
vol_ratio_24_1h,<,3.51774,14,10,4,19.50593,17,22.16448,-19.50593
ret_6h,>,-0.02741,11,9,2,19.52564,20,22.14477,-19.52564
ret_6h,>=,-0.02673,11,9,2,19.52564,20,22.14477,-19.52564
profit_at_second_add,<=,0.01942,21,13,8,19.57053,10,22.09988,-19.57053
profit_at_second_add,<,0.01962,21,13,8,19.57053,10,22.09988,-19.57053
hours_after_first_add,>,0.67,9,7,2,19.58764,22,22.08277,-19.58764
hours_after_first_add,>=,0.75,9,7,2,19.58764,22,22.08277,-19.58764
atr_pct_4h,<=,0.02728,12,8,4,19.77787,19,21.89254,-19.77787
atr_pct_4h,<,0.02729,12,8,4,19.77787,19,21.89254,-19.77787
ret_3h,>,-0.0351,14,10,4,19.80873,17,21.86168,-19.80873
ret_3h,>=,-0.03143,14,10,4,19.80873,17,21.86168,-19.80873
dist_ema20_1h,>,-0.03005,14,10,4,19.80873,17,21.86168,-19.80873
dist_ema20_1h,>=,-0.02804,14,10,4,19.80873,17,21.86168,-19.80873
ret_3h,<=,-0.02718,20,13,7,19.83774,11,21.83267,-19.83774
ret_3h,<,-0.02248,20,13,7,19.83774,11,21.83267,-19.83774
ret_12h,<=,-0.029,20,13,7,19.83774,11,21.83267,-19.83774
ret_12h,<,-0.02732,20,13,7,19.83774,11,21.83267,-19.83774
dist_ema20_1h,<=,-0.02434,20,13,7,19.83774,11,21.83267,-19.83774
dist_ema20_1h,<,-0.02338,20,13,7,19.83774,11,21.83267,-19.83774
range_pct_1h,>,0.01687,22,15,7,19.84146,9,21.82895,-19.84146
range_pct_1h,>=,0.01919,22,15,7,19.84146,9,21.82895,-19.84146
ret_12h,>,-0.03507,13,10,3,19.90122,18,21.76919,-19.90122
ret_12h,>=,-0.03055,13,10,3,19.90122,18,21.76919,-19.90122
dist_ema20_1h,>,-0.02804,13,10,3,19.90122,18,21.76919,-19.90122
dist_ema20_1h,>=,-0.02471,13,10,3,19.90122,18,21.76919,-19.90122
ret_4h_3,>,-0.04013,13,10,3,19.90122,18,21.76919,-19.90122
ret_4h_3,>=,-0.03929,13,10,3,19.90122,18,21.76919,-19.90122
ret_1h,<=,-0.01504,19,13,6,19.93023,12,21.74018,-19.93023
ret_1h,<,-0.01171,19,13,6,19.93023,12,21.74018,-19.93023
ret_3h,<=,-0.03068,19,13,6,19.93023,12,21.74018,-19.93023
ret_3h,<,-0.02718,19,13,6,19.93023,12,21.74018,-19.93023
ret_6h,<=,-0.02968,19,13,6,19.93023,12,21.74018,-19.93023
ret_6h,<,-0.02741,19,13,6,19.93023,12,21.74018,-19.93023
profit_at_second_add,<=,0.01938,19,13,6,19.96574,12,21.70467,-19.96574
profit_at_second_add,<,0.01942,19,13,6,19.96574,12,21.70467,-19.96574
ret_6h,>,-0.03229,13,10,3,20.00424,18,21.66617,-20.00424
ret_6h,>=,-0.02968,13,10,3,20.00424,18,21.66617,-20.00424
ret_12h,<=,-0.03055,19,13,6,20.03325,12,21.63716,-20.03325
ret_12h,<,-0.029,19,13,6,20.03325,12,21.63716,-20.03325
vol_ratio_24_1h,>,3.01908,22,15,7,20.03705,9,21.63336,-20.03705
vol_ratio_24_1h,>=,3.10963,22,15,7,20.03705,9,21.63336,-20.03705
profit_at_second_add,<=,0.01895,18,13,5,20.05823,13,21.61218,-20.05823
profit_at_second_add,<,0.01938,18,13,5,20.05823,13,21.61218,-20.05823
atr_pct_1h,<=,0.01004,10,8,2,20.09301,21,21.5774,-20.09301
atr_pct_1h,<,0.01018,10,8,2,20.09301,21,21.5774,-20.09301
dist_ema20_1h,>,-0.02471,12,10,2,20.09673,19,21.57368,-20.09673
dist_ema20_1h,>=,-0.02434,12,10,2,20.09673,19,21.57368,-20.09673
ret_3h,<=,-0.03143,18,13,5,20.12574,13,21.54467,-20.12574
ret_3h,<,-0.03068,18,13,5,20.12574,13,21.54467,-20.12574
vol_ratio_24_1h,>,3.10963,20,15,5,20.43226,11,21.23815,-20.43226
vol_ratio_24_1h,>=,3.47008,20,15,5,20.43226,11,21.23815,-20.43226
dist_ema50_1h,<=,-0.03882,17,12,5,20.4407,14,21.22971,-20.4407
dist_ema50_1h,<,-0.03088,17,12,5,20.4407,14,21.22971,-20.4407
ema20_slope_3_1h,<=,-0.00591,17,12,5,20.4407,14,21.22971,-20.4407
ema20_slope_3_1h,<,-0.00572,17,12,5,20.4407,14,21.22971,-20.4407
dist_ema50_1h,<=,-0.03088,19,14,5,20.44442,12,21.22599,-20.44442
dist_ema50_1h,<,-0.02775,19,14,5,20.44442,12,21.22599,-20.44442
ema50_slope_3_1h,<=,-0.00298,19,14,5,20.44442,12,21.22599,-20.44442
ema50_slope_3_1h,<,-0.00285,19,14,5,20.44442,12,21.22599,-20.44442
dist_ema20_1h,<=,-0.03325,16,12,4,20.53319,15,21.13722,-20.53319
dist_ema20_1h,<,-0.03005,16,12,4,20.53319,15,21.13722,-20.53319
dist_ema50_4h,>,-0.06358,10,8,2,20.74739,21,20.92302,-20.74739
dist_ema50_4h,>=,-0.06227,10,8,2,20.74739,21,20.92302,-20.74739
range_pct_1h,<=,0.01342,6,6,0,20.79163,25,20.87878,-20.79163
range_pct_1h,<,0.01588,6,6,0,20.79163,25,20.87878,-20.79163
vol_ratio_24_1h,<=,3.51774,15,11,4,20.83442,16,20.83599,-20.83442
vol_ratio_24_1h,<,3.61458,15,11,4,20.83442,16,20.83599,-20.83442
vol_ratio_24_1h,>,3.51774,16,12,4,20.83599,15,20.83442,-20.83599
vol_ratio_24_1h,>=,3.61458,16,12,4,20.83599,15,20.83442,-20.83599
range_pct_1h,>,0.01342,25,17,8,20.87878,6,20.79163,-20.87878
range_pct_1h,>=,0.01588,25,17,8,20.87878,6,20.79163,-20.87878
dist_ema50_4h,<=,-0.06358,21,15,6,20.92302,10,20.74739,-20.92302
dist_ema50_4h,<,-0.06227,21,15,6,20.92302,10,20.74739,-20.92302
dist_ema20_1h,>,-0.03325,15,11,4,21.13722,16,20.53319,-21.13722
dist_ema20_1h,>=,-0.03005,15,11,4,21.13722,16,20.53319,-21.13722
dist_ema50_1h,>,-0.03088,12,9,3,21.22599,19,20.44442,-21.22599
dist_ema50_1h,>=,-0.02775,12,9,3,21.22599,19,20.44442,-21.22599
ema50_slope_3_1h,>,-0.00298,12,9,3,21.22599,19,20.44442,-21.22599
ema50_slope_3_1h,>=,-0.00285,12,9,3,21.22599,19,20.44442,-21.22599
dist_ema50_1h,>,-0.03882,14,11,3,21.22971,17,20.4407,-21.22971
dist_ema50_1h,>=,-0.03088,14,11,3,21.22971,17,20.4407,-21.22971
ema20_slope_3_1h,>,-0.00591,14,11,3,21.22971,17,20.4407,-21.22971
ema20_slope_3_1h,>=,-0.00572,14,11,3,21.22971,17,20.4407,-21.22971
vol_ratio_24_1h,<=,3.10963,11,8,3,21.23815,20,20.43226,-21.23815
vol_ratio_24_1h,<,3.47008,11,8,3,21.23815,20,20.43226,-21.23815
ret_3h,>,-0.03143,13,10,3,21.54467,18,20.12574,-21.54467
ret_3h,>=,-0.03068,13,10,3,21.54467,18,20.12574,-21.54467
dist_ema20_1h,<=,-0.02471,19,13,6,21.57368,12,20.09673,-21.57368
dist_ema20_1h,<,-0.02434,19,13,6,21.57368,12,20.09673,-21.57368
atr_pct_1h,>,0.01004,21,15,6,21.5774,10,20.09301,-21.5774
atr_pct_1h,>=,0.01018,21,15,6,21.5774,10,20.09301,-21.5774
profit_at_second_add,>,0.01895,13,10,3,21.61218,18,20.05823,-21.61218
profit_at_second_add,>=,0.01938,13,10,3,21.61218,18,20.05823,-21.61218
vol_ratio_24_1h,<=,3.01908,9,8,1,21.63336,22,20.03705,-21.63336
vol_ratio_24_1h,<,3.10963,9,8,1,21.63336,22,20.03705,-21.63336
ret_12h,>,-0.03055,12,10,2,21.63716,19,20.03325,-21.63716
ret_12h,>=,-0.029,12,10,2,21.63716,19,20.03325,-21.63716
ret_6h,<=,-0.03229,18,13,5,21.66617,13,20.00424,-21.66617
ret_6h,<,-0.02968,18,13,5,21.66617,13,20.00424,-21.66617
profit_at_second_add,>,0.01938,12,10,2,21.70467,19,19.96574,-21.70467
profit_at_second_add,>=,0.01942,12,10,2,21.70467,19,19.96574,-21.70467
ret_1h,>,-0.01504,12,10,2,21.74018,19,19.93023,-21.74018
ret_1h,>=,-0.01171,12,10,2,21.74018,19,19.93023,-21.74018
ret_3h,>,-0.03068,12,10,2,21.74018,19,19.93023,-21.74018
ret_3h,>=,-0.02718,12,10,2,21.74018,19,19.93023,-21.74018
ret_6h,>,-0.02968,12,10,2,21.74018,19,19.93023,-21.74018
ret_6h,>=,-0.02741,12,10,2,21.74018,19,19.93023,-21.74018
ret_12h,<=,-0.03507,18,13,5,21.76919,13,19.90122,-21.76919
ret_12h,<,-0.03055,18,13,5,21.76919,13,19.90122,-21.76919
dist_ema20_1h,<=,-0.02804,18,13,5,21.76919,13,19.90122,-21.76919
dist_ema20_1h,<,-0.02471,18,13,5,21.76919,13,19.90122,-21.76919
ret_4h_3,<=,-0.04013,18,13,5,21.76919,13,19.90122,-21.76919
ret_4h_3,<,-0.03929,18,13,5,21.76919,13,19.90122,-21.76919
range_pct_1h,<=,0.01687,9,8,1,21.82895,22,19.84146,-21.82895
range_pct_1h,<,0.01919,9,8,1,21.82895,22,19.84146,-21.82895
ret_3h,>,-0.02718,11,10,1,21.83267,20,19.83774,-21.83267
ret_3h,>=,-0.02248,11,10,1,21.83267,20,19.83774,-21.83267
ret_12h,>,-0.029,11,10,1,21.83267,20,19.83774,-21.83267
ret_12h,>=,-0.02732,11,10,1,21.83267,20,19.83774,-21.83267
dist_ema20_1h,>,-0.02434,11,10,1,21.83267,20,19.83774,-21.83267
dist_ema20_1h,>=,-0.02338,11,10,1,21.83267,20,19.83774,-21.83267
ret_3h,<=,-0.0351,17,13,4,21.86168,14,19.80873,-21.86168
ret_3h,<,-0.03143,17,13,4,21.86168,14,19.80873,-21.86168
dist_ema20_1h,<=,-0.03005,17,13,4,21.86168,14,19.80873,-21.86168
dist_ema20_1h,<,-0.02804,17,13,4,21.86168,14,19.80873,-21.86168
atr_pct_4h,>,0.02728,19,15,4,21.89254,12,19.77787,-21.89254
atr_pct_4h,>=,0.02729,19,15,4,21.89254,12,19.77787,-21.89254
hours_after_first_add,<=,0.67,22,16,6,22.08277,9,19.58764,-22.08277
hours_after_first_add,<,0.75,22,16,6,22.08277,9,19.58764,-22.08277
profit_at_second_add,>,0.01942,10,10,0,22.09988,21,19.57053,-22.09988
profit_at_second_add,>=,0.01962,10,10,0,22.09988,21,19.57053,-22.09988
ret_6h,<=,-0.02741,20,14,6,22.14477,11,19.52564,-22.14477
ret_6h,<,-0.02673,20,14,6,22.14477,11,19.52564,-22.14477
vol_ratio_24_1h,>,3.50191,17,13,4,22.16448,14,19.50593,-22.16448
vol_ratio_24_1h,>=,3.51774,17,13,4,22.16448,14,19.50593,-22.16448
vol_ratio_24_1h,>,3.47008,19,15,4,22.1682,12,19.50221,-22.1682
vol_ratio_24_1h,>=,3.50191,19,15,4,22.1682,12,19.50221,-22.1682
dist_ema50_4h,<=,-0.06227,22,16,6,22.25151,9,19.4189,-22.25151
dist_ema50_4h,<,-0.04548,22,16,6,22.25151,9,19.4189,-22.25151
ret_3h,<=,-0.03745,15,13,2,22.25689,16,19.41352,-22.25689
ret_3h,<,-0.0351,15,13,2,22.25689,16,19.41352,-22.25689
ema20_slope_3_1h,<=,-0.00572,18,13,5,22.65524,13,19.01517,-22.65524
ema20_slope_3_1h,<,-0.00557,18,13,5,22.65524,13,19.01517,-22.65524
dist_ema50_1h,<=,-0.02775,20,15,5,22.65896,11,19.01145,-22.65896
dist_ema50_1h,<,-0.02709,20,15,5,22.65896,11,19.01145,-22.65896
ema50_slope_3_1h,<=,-0.00285,20,15,5,22.65896,11,19.01145,-22.65896
ema50_slope_3_1h,<,-0.00218,20,15,5,22.65896,11,19.01145,-22.65896
dist_ema20_4h,<=,-0.03794,20,15,5,22.65896,11,19.01145,-22.65896
dist_ema20_4h,<,-0.03358,20,15,5,22.65896,11,19.01145,-22.65896
ema20_slope_3_4h,<=,-0.00595,20,15,5,22.65896,11,19.01145,-22.65896
ema20_slope_3_4h,<,-0.00568,20,15,5,22.65896,11,19.01145,-22.65896
ret_4h_3,<=,-0.041,16,13,3,22.73871,15,18.9317,-22.73871
ret_4h_3,<,-0.04013,16,13,3,22.73871,15,18.9317,-22.73871
atr_pct_4h,>,0.01539,26,18,8,23.09332,5,18.57709,-23.09332
atr_pct_4h,>=,0.01914,26,18,8,23.09332,5,18.57709,-23.09332
ret_4h_3,<=,-0.04202,14,13,1,23.13392,17,18.53649,-23.13392
ret_4h_3,<,-0.041,14,13,1,23.13392,17,18.53649,-23.13392
atr_pct_4h,>,0.02451,20,16,4,23.22103,11,18.44938,-23.22103
atr_pct_4h,>=,0.02728,20,16,4,23.22103,11,18.44938,-23.22103
ema50_slope_3_4h,<=,-0.00368,25,18,7,23.28883,6,18.38158,-23.28883
ema50_slope_3_4h,<,-0.00271,25,18,7,23.28883,6,18.38158,-23.28883
ret_24h,<=,-0.03484,14,8,6,23.47482,17,18.19559,-23.47482
ret_24h,<,-0.03463,14,8,6,23.47482,17,18.19559,-23.47482
ema50_slope_3_1h,<=,-0.00203,23,17,6,23.69628,8,17.97413,-23.69628
ema50_slope_3_1h,<,-0.0018,23,17,6,23.69628,8,17.97413,-23.69628
upper_wick_ratio_1h,>,0.00499,27,19,8,23.84999,4,17.82042,-23.84999
upper_wick_ratio_1h,>=,0.00909,27,19,8,23.84999,4,17.82042,-23.84999
ret_24h,<=,-0.03463,15,9,6,23.98019,16,17.69022,-23.98019
ret_24h,<,-0.03368,15,9,6,23.98019,16,17.69022,-23.98019
ret_4h_3,<=,-0.03929,19,14,5,23.98373,12,17.68668,-23.98373
ret_4h_3,<,-0.0373,19,14,5,23.98373,12,17.68668,-23.98373
dist_ema50_1h,<=,-0.02709,21,16,5,23.98745,10,17.68296,-23.98745
dist_ema50_1h,<,-0.02569,21,16,5,23.98745,10,17.68296,-23.98745
dist_ema20_4h,<=,-0.03358,21,16,5,23.98745,10,17.68296,-23.98745
dist_ema20_4h,<,-0.03258,21,16,5,23.98745,10,17.68296,-23.98745
ema50_slope_3_1h,<=,-0.0018,24,18,6,24.20165,7,17.46876,-24.20165
ema50_slope_3_1h,<,-0.00168,24,18,6,24.20165,7,17.46876,-24.20165
ret_24h,<=,-0.03368,17,11,6,24.29623,14,17.37418,-24.29623
ret_24h,<,-0.02973,17,11,6,24.29623,14,17.37418,-24.29623
upper_wick_ratio_1h,<=,0.00909,6,6,0,24.34636,25,17.32405,-24.34636
upper_wick_ratio_1h,<,0.01876,6,6,0,24.34636,25,17.32405,-24.34636
upper_wick_ratio_1h,<=,0.01876,8,8,0,24.35008,23,17.32033,-24.35008
upper_wick_ratio_1h,<,0.02851,8,8,0,24.35008,23,17.32033,-24.35008
ret_24h,<=,-0.03585,12,8,4,24.44434,19,17.22607,-24.44434
ret_24h,<,-0.03484,12,8,4,24.44434,19,17.22607,-24.44434
ret_24h,<=,-0.02973,19,13,6,24.49837,12,17.17204,-24.49837
ret_24h,<,-0.02858,19,13,6,24.49837,12,17.17204,-24.49837
ret_24h,<=,-0.03612,11,8,3,24.53683,20,17.13358,-24.53683
ret_24h,<,-0.03585,11,8,3,24.53683,20,17.13358,-24.53683
upper_wick_ratio_1h,<=,0.02851,10,10,0,24.66612,21,17.00429,-24.66612
upper_wick_ratio_1h,<,0.03261,10,10,0,24.66612,21,17.00429,-24.66612
body_ratio_1h,<=,0.87352,29,21,8,24.79221,2,16.8782,-24.79221
ema50_slope_3_4h,>,-0.00702,16,11,5,25.00472,15,16.66569,-25.00472
ema50_slope_3_4h,>=,-0.0064,16,11,5,25.00472,15,16.66569,-25.00472
close_position_1h,>,0.1039,24,16,8,25.03266,7,16.63775,-25.03266
close_position_1h,>=,0.11347,24,16,8,25.03266,7,16.63775,-25.03266
lower_wick_ratio_1h,>,0.1039,24,16,8,25.03266,7,16.63775,-25.03266
lower_wick_ratio_1h,>=,0.11347,24,16,8,25.03266,7,16.63775,-25.03266
ret_4h_3,>,-0.04291,19,12,7,25.06243,12,16.60798,-25.06243
ret_4h_3,>=,-0.04202,19,12,7,25.06243,12,16.60798,-25.06243
ret_1h,>,-0.02168,18,12,6,25.36515,13,16.30526,-25.36515
ret_1h,>=,-0.01842,18,12,6,25.36515,13,16.30526,-25.36515
dist_ema20_4h,>,-0.04051,13,10,3,25.53739,18,16.13302,-25.53739
dist_ema20_4h,>=,-0.03794,13,10,3,25.53739,18,16.13302,-25.53739
dist_ema50_4h,>,-0.07444,13,10,3,25.53739,18,16.13302,-25.53739
dist_ema50_4h,>=,-0.06737,13,10,3,25.53739,18,16.13302,-25.53739
ema20_slope_3_4h,>,-0.0075,13,10,3,25.53739,18,16.13302,-25.53739
ema20_slope_3_4h,>=,-0.00595,13,10,3,25.53739,18,16.13302,-25.53739
ema50_slope_3_4h,>,-0.00618,13,10,3,25.53739,18,16.13302,-25.53739
ema50_slope_3_4h,>=,-0.00617,13,10,3,25.53739,18,16.13302,-25.53739
extra_drop_after_first_add,<=,0.01421,18,14,4,25.69786,13,15.97255,-25.69786
extra_drop_after_first_add,<,0.015,18,14,4,25.69786,13,15.97255,-25.69786
extra_drop_after_first_add,<=,0.01411,17,14,3,25.79035,14,15.88006,-25.79035
extra_drop_after_first_add,<,0.01421,17,14,3,25.79035,14,15.88006,-25.79035
ret_3h,>,-0.03779,18,12,6,25.93946,13,15.73095,-25.93946
ret_3h,>=,-0.03745,18,12,6,25.93946,13,15.73095,-25.93946
ema50_slope_3_4h,>,-0.0064,14,11,3,25.97424,17,15.69617,-25.97424
ema50_slope_3_4h,>=,-0.00618,14,11,3,25.97424,17,15.69617,-25.97424
ret_4h_3,>,-0.04669,21,14,7,25.99073,10,15.67968,-25.99073
ret_4h_3,>=,-0.04291,21,14,7,25.99073,10,15.67968,-25.99073
body_ratio_1h,>,0.48837,22,15,7,26.03157,9,15.63884,-26.03157
body_ratio_1h,>=,0.57143,22,15,7,26.03157,9,15.63884,-26.03157
ret_4h_3,>,-0.04907,23,15,8,26.33509,8,15.33532,-26.33509
ret_4h_3,>=,-0.04852,23,15,8,26.33509,8,15.33532,-26.33509
ret_4h_1,>,-0.03317,15,12,3,26.42716,16,15.24325,-26.42716
ret_4h_1,>=,-0.03179,15,12,3,26.42716,16,15.24325,-26.42716
ret_4h_3,>,-0.04852,22,15,7,26.42758,9,15.24283,-26.42758
ret_4h_3,>=,-0.04669,22,15,7,26.42758,9,15.24283,-26.42758
upper_wick_ratio_1h,<=,0.18254,26,18,8,26.44817,5,15.22224,-26.44817
upper_wick_ratio_1h,<,0.22093,26,18,8,26.44817,5,15.22224,-26.44817
ret_4h_1,>,-0.03179,14,12,2,26.62267,17,15.04774,-26.62267
ret_4h_1,>=,-0.03168,14,12,2,26.62267,17,15.04774,-26.62267
lower_wick_ratio_1h,<=,0.24603,20,14,6,26.67628,11,14.99413,-26.67628
lower_wick_ratio_1h,<,0.26087,20,14,6,26.67628,11,14.99413,-26.67628
ema50_slope_3_1h,>,-0.00364,16,11,5,26.78241,15,14.888,-26.78241
ema50_slope_3_1h,>=,-0.00357,16,11,5,26.78241,15,14.888,-26.78241
ema20_slope_3_4h,>,-0.00978,16,11,5,26.78241,15,14.888,-26.78241
ema20_slope_3_4h,>=,-0.00913,16,11,5,26.78241,15,14.888,-26.78241
dist_ema20_4h,>,-0.05819,18,13,5,26.78613,13,14.88428,-26.78613
dist_ema20_4h,>=,-0.05326,18,13,5,26.78613,13,14.88428,-26.78613
dist_ema50_4h,>,-0.079,18,13,5,26.78613,13,14.88428,-26.78613
dist_ema50_4h,>=,-0.07758,18,13,5,26.78613,13,14.88428,-26.78613
extra_drop_after_first_add,<=,0.01563,21,15,6,26.94288,10,14.72753,-26.94288
extra_drop_after_first_add,<,0.01587,21,15,6,26.94288,10,14.72753,-26.94288
body_ratio_1h,>,0.57143,20,15,5,27.00109,11,14.66932,-27.00109
body_ratio_1h,>=,0.59585,20,15,5,27.00109,11,14.66932,-27.00109
ema50_slope_3_1h,>,-0.00367,18,13,5,27.09845,13,14.57196,-27.09845
ema50_slope_3_1h,>=,-0.00364,18,13,5,27.09845,13,14.57196,-27.09845
ret_1h,>,-0.01842,17,12,5,27.10109,14,14.56932,-27.10109
ret_1h,>=,-0.01817,17,12,5,27.10109,14,14.56932,-27.10109
body_ratio_1h,>,0.59585,19,15,4,27.1966,12,14.47381,-27.1966
body_ratio_1h,>=,0.65686,19,15,4,27.1966,12,14.47381,-27.1966
ema20_slope_3_4h,>,-0.01118,17,12,5,27.21926,14,14.45115,-27.21926
ema20_slope_3_4h,>=,-0.00978,17,12,5,27.21926,14,14.45115,-27.21926
ema50_slope_3_4h,>,-0.00826,17,12,5,27.21926,14,14.45115,-27.21926
ema50_slope_3_4h,>=,-0.00702,17,12,5,27.21926,14,14.45115,-27.21926
dist_ema20_4h,>,-0.06155,19,14,5,27.22298,12,14.44743,-27.22298
dist_ema20_4h,>=,-0.05819,19,14,5,27.22298,12,14.44743,-27.22298
dist_ema50_4h,>,-0.09441,19,14,5,27.22298,12,14.44743,-27.22298
dist_ema50_4h,>=,-0.079,19,14,5,27.22298,12,14.44743,-27.22298
ema50_slope_3_4h,>,-0.00843,19,14,5,27.22298,12,14.44743,-27.22298
ema50_slope_3_4h,>=,-0.00826,19,14,5,27.22298,12,14.44743,-27.22298
close_position_1h,>,0.10376,25,17,8,27.2472,6,14.42321,-27.2472
close_position_1h,>=,0.1039,25,17,8,27.2472,6,14.42321,-27.2472
lower_wick_ratio_1h,>,0.10376,25,17,8,27.2472,6,14.42321,-27.2472
lower_wick_ratio_1h,>=,0.1039,25,17,8,27.2472,6,14.42321,-27.2472
dist_ema20_4h,>,-0.07197,26,18,8,27.25346,5,14.41695,-27.25346
dist_ema20_4h,>=,-0.0692,26,18,8,27.25346,5,14.41695,-27.25346
ema20_slope_3_4h,>,-0.01466,26,18,8,27.25346,5,14.41695,-27.25346
ema20_slope_3_4h,>=,-0.01453,26,18,8,27.25346,5,14.41695,-27.25346
dist_ema50_4h,>,-0.06737,12,10,2,27.27333,19,14.39708,-27.27333
dist_ema50_4h,>=,-0.06358,12,10,2,27.27333,19,14.39708,-27.27333
ema50_slope_3_4h,>,-0.00617,12,10,2,27.27333,19,14.39708,-27.27333
ema50_slope_3_4h,>=,-0.00548,12,10,2,27.27333,19,14.39708,-27.27333
ret_1h,>,-0.01817,16,12,4,27.2966,15,14.37381,-27.2966
ret_1h,>=,-0.0181,16,12,4,27.2966,15,14.37381,-27.2966
ema20_slope_3_4h,>,-0.01453,25,18,7,27.34595,6,14.32446,-27.34595
ema20_slope_3_4h,>=,-0.013,25,18,7,27.34595,6,14.32446,-27.34595
vol_ratio_24_1h,<=,3.61458,17,13,4,27.36036,14,14.31005,-27.36036
vol_ratio_24_1h,<,3.77155,17,13,4,27.36036,14,14.31005,-27.36036
upper_wick_ratio_1h,<=,0.13865,24,18,6,27.41769,7,14.25272,-27.41769
upper_wick_ratio_1h,<,0.18254,24,18,6,27.41769,7,14.25272,-27.41769
ema20_slope_3_4h,>,-0.01208,19,14,5,27.4214,12,14.24901,-27.4214
ema20_slope_3_4h,>=,-0.01118,19,14,5,27.4214,12,14.24901,-27.4214
dist_ema20_4h,>,-0.06254,21,16,5,27.42512,10,14.24529,-27.42512
dist_ema20_4h,>=,-0.06155,21,16,5,27.42512,10,14.24529,-27.42512
ema50_slope_3_4h,>,-0.00844,21,16,5,27.42512,10,14.24529,-27.42512
ema50_slope_3_4h,>=,-0.00843,21,16,5,27.42512,10,14.24529,-27.42512
profit_at_second_add,<=,0.01962,22,14,8,27.49423,9,14.17618,-27.49423
profit_at_second_add,<,0.01964,22,14,8,27.49423,9,14.17618,-27.49423
extra_drop_after_first_add,<=,0.01399,16,14,2,27.52629,15,14.14412,-27.52629
extra_drop_after_first_add,<,0.01411,16,14,2,27.52629,15,14.14412,-27.52629
dist_ema50_4h,>,-0.09596,21,16,5,27.53902,10,14.13139,-27.53902
dist_ema50_4h,>=,-0.09441,21,16,5,27.53902,10,14.13139,-27.53902
close_position_1h,>,0.09387,27,19,8,27.56324,4,14.10717,-27.56324
close_position_1h,>=,0.10376,27,19,8,27.56324,4,14.10717,-27.56324
lower_wick_ratio_1h,>,0.09387,27,19,8,27.56324,4,14.10717,-27.56324
lower_wick_ratio_1h,>=,0.10376,27,19,8,27.56324,4,14.10717,-27.56324
lower_wick_ratio_1h,<=,0.23529,18,14,4,27.6458,13,14.02461,-27.6458
lower_wick_ratio_1h,<,0.24603,18,14,4,27.6458,13,14.02461,-27.6458
dist_ema20_4h,>,-0.0692,24,18,6,27.64867,7,14.02174,-27.64867
dist_ema20_4h,>=,-0.06774,24,18,6,27.64867,7,14.02174,-27.64867
dist_ema50_4h,>,-0.11652,24,18,6,27.64867,7,14.02174,-27.64867
dist_ema50_4h,>=,-0.10904,24,18,6,27.64867,7,14.02174,-27.64867
vol_ratio_24_1h,<=,4.23891,26,19,7,27.65573,5,14.01468,-27.65573
vol_ratio_24_1h,<,4.49746,26,19,7,27.65573,5,14.01468,-27.65573
ret_4h_3,>,-0.04984,24,16,8,27.66358,7,14.00683,-27.66358
ret_4h_3,>=,-0.04907,24,16,8,27.66358,7,14.00683,-27.66358
extra_drop_after_first_add,<=,0.01278,15,14,1,27.7218,16,13.94861,-27.7218
extra_drop_after_first_add,<,0.01399,15,14,1,27.7218,16,13.94861,-27.7218
ema20_slope_3_4h,>,-0.01246,21,16,5,27.73744,10,13.93297,-27.73744
ema20_slope_3_4h,>=,-0.01208,21,16,5,27.73744,10,13.93297,-27.73744
dist_ema20_4h,>,-0.06774,23,18,5,27.74116,8,13.92925,-27.74116
dist_ema20_4h,>=,-0.06254,23,18,5,27.74116,8,13.92925,-27.74116
dist_ema50_4h,>,-0.10904,23,18,5,27.74116,8,13.92925,-27.74116
dist_ema50_4h,>=,-0.09596,23,18,5,27.74116,8,13.92925,-27.74116
ema20_slope_3_4h,>,-0.013,23,18,5,27.74116,8,13.92925,-27.74116
ema20_slope_3_4h,>=,-0.01246,23,18,5,27.74116,8,13.92925,-27.74116
ema50_slope_3_4h,>,-0.01008,23,18,5,27.74116,8,13.92925,-27.74116
ema50_slope_3_4h,>=,-0.00844,23,18,5,27.74116,8,13.92925,-27.74116
ema50_slope_3_1h,>,-0.00357,14,11,3,27.75193,17,13.91848,-27.75193
ema50_slope_3_1h,>=,-0.00298,14,11,3,27.75193,17,13.91848,-27.75193
dist_ema20_4h,>,-0.04721,14,11,3,27.75193,17,13.91848,-27.75193
dist_ema20_4h,>=,-0.04051,14,11,3,27.75193,17,13.91848,-27.75193
dist_ema50_4h,>,-0.0766,14,11,3,27.75193,17,13.91848,-27.75193
dist_ema50_4h,>=,-0.07444,14,11,3,27.75193,17,13.91848,-27.75193
ema20_slope_3_4h,>,-0.00913,14,11,3,27.75193,17,13.91848,-27.75193
ema20_slope_3_4h,>=,-0.0075,14,11,3,27.75193,17,13.91848,-27.75193
dist_ema50_1h,>,-0.04552,16,13,3,27.75565,15,13.91476,-27.75565
dist_ema50_1h,>=,-0.03882,16,13,3,27.75565,15,13.91476,-27.75565
ret_4h_1,>,-0.03349,16,13,3,27.75565,15,13.91476,-27.75565
ret_4h_1,>=,-0.03317,16,13,3,27.75565,15,13.91476,-27.75565
dist_ema20_4h,>,-0.05326,16,13,3,27.75565,15,13.91476,-27.75565
dist_ema20_4h,>=,-0.04721,16,13,3,27.75565,15,13.91476,-27.75565
dist_ema50_4h,>,-0.07758,16,13,3,27.75565,15,13.91476,-27.75565
dist_ema50_4h,>=,-0.0766,16,13,3,27.75565,15,13.91476,-27.75565
vol_ratio_24_1h,<=,3.77155,18,14,4,27.79721,13,13.8732,-27.79721
vol_ratio_24_1h,<,3.79864,18,14,4,27.79721,13,13.8732,-27.79721
extra_drop_after_first_add,<=,0.015,19,15,4,27.9124,12,13.75801,-27.9124
extra_drop_after_first_add,<,0.01563,19,15,4,27.9124,12,13.75801,-27.9124
vol_ratio_24_1h,<=,4.04055,21,16,5,27.91774,10,13.75267,-27.91774
vol_ratio_24_1h,<,4.15062,21,16,5,27.91774,10,13.75267,-27.91774
ret_4h_3,>,-0.06227,25,17,8,27.97336,6,13.69705,-27.97336
ret_4h_3,>=,-0.04984,25,17,8,27.97336,6,13.69705,-27.97336
lower_wick_ratio_1h,<=,0.26087,21,15,6,28.00477,10,13.66564,-28.00477
lower_wick_ratio_1h,<,0.2907,21,15,6,28.00477,10,13.66564,-28.00477
vol_ratio_24_1h,<=,3.79864,20,16,4,28.11325,11,13.55716,-28.11325
vol_ratio_24_1h,<,4.04055,20,16,4,28.11325,11,13.55716,-28.11325
extra_drop_after_first_add,<=,0.01587,23,17,6,28.1364,8,13.53401,-28.1364
extra_drop_after_first_add,<,0.01602,23,17,6,28.1364,8,13.53401,-28.1364
profit_at_second_add,>,0.01893,15,12,3,28.13812,16,13.53229,-28.13812
profit_at_second_add,>=,0.01895,15,12,3,28.13812,16,13.53229,-28.13812
atr_pct_1h,>,0.00742,26,18,8,28.15734,5,13.51307,-28.15734
atr_pct_1h,>=,0.00791,26,18,8,28.15734,5,13.51307,-28.15734
dist_ema50_4h,<=,-0.04118,26,18,8,28.15734,5,13.51307,-28.15734
dist_ema50_4h,<,-0.03496,26,18,8,28.15734,5,13.51307,-28.15734
dist_ema20_4h,>,-0.08015,28,20,8,28.18176,3,13.48865,-28.18176
dist_ema20_4h,>=,-0.07197,28,20,8,28.18176,3,13.48865,-28.18176
ret_1h,>,-0.0181,14,12,2,28.26612,17,13.40429,-28.26612
ret_1h,>=,-0.01504,14,12,2,28.26612,17,13.40429,-28.26612
ret_4h_3,>,-0.0631,27,19,8,28.2894,4,13.38101,-28.2894
ret_4h_3,>=,-0.06227,27,19,8,28.2894,4,13.38101,-28.2894
dist_ema50_4h,<=,-0.04285,25,18,7,28.35285,6,13.31756,-28.35285
dist_ema50_4h,<,-0.04118,25,18,7,28.35285,6,13.31756,-28.35285
range_pct_1h,<=,0.01919,11,10,1,28.35489,20,13.31552,-28.35489
range_pct_1h,<,0.02537,11,10,1,28.35489,20,13.31552,-28.35489
ret_4h_1,>,-0.03168,13,12,1,28.35861,18,13.3118,-28.35861
ret_4h_1,>=,-0.03089,13,12,1,28.35861,18,13.3118,-28.35861
vol_ratio_24_1h,<=,4.15062,22,17,5,28.42311,9,13.2473,-28.42311
vol_ratio_24_1h,<,4.22676,22,17,5,28.42311,9,13.2473,-28.42311
ret_4h_1,>,-0.05067,26,20,6,28.4499,5,13.22051,-28.4499
ret_4h_1,>=,-0.04394,26,20,6,28.4499,5,13.22051,-28.4499
ret_4h_1,>=,-0.05127,29,21,8,28.49154,2,13.17887,-28.49154
ret_4h_3,>=,-0.0631,29,21,8,28.49154,2,13.17887,-28.49154
dist_ema50_4h,>,-0.1172,26,20,6,28.57697,5,13.09344,-28.57697
dist_ema50_4h,>=,-0.11652,26,20,6,28.57697,5,13.09344,-28.57697
upper_wick_ratio_1h,<=,0.10784,19,16,3,28.62054,12,13.04987,-28.62054
upper_wick_ratio_1h,<,0.11252,19,16,3,28.62054,12,13.04987,-28.62054
vol_ratio_24_1h,<=,4.22676,24,19,5,28.62525,7,13.04516,-28.62525
vol_ratio_24_1h,<,4.23891,24,19,5,28.62525,7,13.04516,-28.62525
ret_6h,<=,-0.01946,25,17,8,28.65899,6,13.01142,-28.65899
ret_6h,<,-0.01599,25,17,8,28.65899,6,13.01142,-28.65899
ret_4h_3,<=,-0.02579,25,17,8,28.65899,6,13.01142,-28.65899
ret_4h_3,<,-0.02493,25,17,8,28.65899,6,13.01142,-28.65899
ret_4h_3,<=,-0.02493,27,19,8,28.66271,4,13.0077,-28.66271
ret_4h_3,<,-0.01863,27,19,8,28.66271,4,13.0077,-28.66271
ret_4h_1,>,-0.0366,18,15,3,28.68395,13,12.98646,-28.68395
ret_4h_1,>=,-0.03349,18,15,3,28.68395,13,12.98646,-28.68395
ret_4h_1,>,-0.03789,21,17,4,28.7936,10,12.87681,-28.7936
ret_4h_1,>=,-0.03765,21,17,4,28.7936,10,12.87681,-28.7936
ret_4h_1,>,-0.03765,20,17,3,28.88609,11,12.78432,-28.88609
ret_4h_1,>=,-0.0366,20,17,3,28.88609,11,12.78432,-28.88609
ret_4h_1,>,-0.05127,27,21,6,28.88675,4,12.78366,-28.88675
ret_4h_1,>=,-0.05067,27,21,6,28.88675,4,12.78366,-28.88675
ret_24h,>,-0.04138,22,17,5,28.94776,9,12.72265,-28.94776
ret_24h,>=,-0.03612,22,17,5,28.94776,9,12.72265,-28.94776
ema20_slope_3_1h,<=,-0.00384,25,18,7,29.07016,6,12.60025,-29.07016
ema20_slope_3_1h,<,-0.00368,25,18,7,29.07016,6,12.60025,-29.07016
ret_4h_1,>,-0.03934,23,19,4,29.10964,8,12.56077,-29.10964
ret_4h_1,>=,-0.03789,23,19,4,29.10964,8,12.56077,-29.10964
upper_wick_ratio_1h,<=,0.11747,23,18,5,29.15363,8,12.51678,-29.15363
upper_wick_ratio_1h,<,0.13865,23,18,5,29.15363,8,12.51678,-29.15363
atr_pct_4h,<=,0.02257,10,7,3,29.22624,21,12.44417,-29.22624
atr_pct_4h,<,0.02451,10,7,3,29.22624,21,12.44417,-29.22624
ema20_slope_3_1h,<=,-0.00399,24,18,6,29.26567,7,12.40474,-29.26567
ema20_slope_3_1h,<,-0.00384,24,18,6,29.26567,7,12.40474,-29.26567
ema20_slope_3_1h,>,-0.00426,9,7,2,29.28294,22,12.38747,-29.28294
ema20_slope_3_1h,>=,-0.00399,9,7,2,29.28294,22,12.38747,-29.28294
ret_4h_1,>,-0.04394,24,20,4,29.41942,7,12.25099,-29.41942
ret_4h_1,>=,-0.03934,24,20,4,29.41942,7,12.25099,-29.41942
atr_pct_4h,<=,0.02077,9,7,2,29.42175,22,12.24866,-29.42175
atr_pct_4h,<,0.02257,9,7,2,29.42175,22,12.24866,-29.42175
upper_wick_ratio_1h,<=,0.11252,21,18,3,29.54884,10,12.12157,-29.54884
upper_wick_ratio_1h,<,0.11747,21,18,3,29.54884,10,12.12157,-29.54884
ema20_slope_3_1h,>,-0.00545,10,8,2,29.78831,21,11.8821,-29.78831
ema20_slope_3_1h,>=,-0.00426,10,8,2,29.78831,21,11.8821,-29.78831
ema50_slope_3_1h,>,-0.00218,10,8,2,29.78831,21,11.8821,-29.78831
ema50_slope_3_1h,>=,-0.00203,10,8,2,29.78831,21,11.8821,-29.78831
ema20_slope_3_1h,>,-0.00557,12,10,2,29.79203,19,11.87838,-29.79203
ema20_slope_3_1h,>=,-0.00545,12,10,2,29.79203,19,11.87838,-29.79203
body_ratio_1h,>,0.86773,4,4,0,30.05707,27,11.61334,-30.05707
body_ratio_1h,>=,0.87352,4,4,0,30.05707,27,11.61334,-30.05707
ret_4h_1,<=,-0.03089,20,13,7,30.19,11,11.48041,-30.19
ret_4h_1,<,-0.03087,20,13,7,30.19,11,11.48041,-30.19
dist_ema50_4h,>,-0.04548,8,7,1,30.19576,23,11.47465,-30.19576
dist_ema50_4h,>=,-0.04285,8,7,1,30.19576,23,11.47465,-30.19576
ema50_slope_3_4h,>,-0.00485,8,7,1,30.19576,23,11.47465,-30.19576
ema50_slope_3_4h,>=,-0.00368,8,7,1,30.19576,23,11.47465,-30.19576
body_ratio_1h,>,0.82823,6,6,0,30.37311,25,11.2973,-30.37311
body_ratio_1h,>=,0.86773,6,6,0,30.37311,25,11.2973,-30.37311
atr_pct_1h,<=,0.00791,7,7,0,30.39127,24,11.27914,-30.39127
atr_pct_1h,<,0.00829,7,7,0,30.39127,24,11.27914,-30.39127
atr_pct_4h,<=,0.01914,7,7,0,30.39127,24,11.27914,-30.39127
atr_pct_4h,<,0.02077,7,7,0,30.39127,24,11.27914,-30.39127
extra_drop_after_first_add,>,0.01147,18,11,7,30.82681,13,10.8436,-30.82681
extra_drop_after_first_add,>=,0.01278,18,11,7,30.82681,13,10.8436,-30.82681
atr_pct_1h,<=,0.00985,9,8,1,30.86987,22,10.80054,-30.86987
atr_pct_1h,<,0.01004,9,8,1,30.86987,22,10.80054,-30.86987
body_ratio_1h,>,0.81772,8,8,0,31.30141,23,10.369,-31.30141
body_ratio_1h,>=,0.82823,8,8,0,31.30141,23,10.369,-31.30141
body_ratio_1h,>,0.79091,10,10,0,31.50355,21,10.16686,-31.50355
body_ratio_1h,>=,0.81772,10,10,0,31.50355,21,10.16686,-31.50355
ema50_slope_3_4h,>,-0.0054,9,8,1,31.52425,22,10.14616,-31.52425
ema50_slope_3_4h,>=,-0.00485,9,8,1,31.52425,22,10.14616,-31.52425
close_position_1h,<=,0.13172,10,9,1,31.78001,21,9.8904,-31.78001
close_position_1h,<,0.13329,10,9,1,31.78001,21,9.8904,-31.78001
lower_wick_ratio_1h,<=,0.13172,10,9,1,31.78001,21,9.8904,-31.78001
lower_wick_ratio_1h,<,0.13329,10,9,1,31.78001,21,9.8904,-31.78001
vol_ratio_24_1h,>,2.87757,24,17,7,31.85123,7,9.81918,-31.85123
vol_ratio_24_1h,>=,3.01908,24,17,7,31.85123,7,9.81918,-31.85123
close_position_1h,<=,0.13329,12,11,1,31.98215,19,9.68826,-31.98215
close_position_1h,<,0.14474,12,11,1,31.98215,19,9.68826,-31.98215
lower_wick_ratio_1h,<=,0.13329,12,11,1,31.98215,19,9.68826,-31.98215
lower_wick_ratio_1h,<,0.14474,12,11,1,31.98215,19,9.68826,-31.98215
ret_12h,>,-0.04037,18,12,6,32.01808,13,9.65233,-32.01808
ret_12h,>=,-0.04013,18,12,6,32.01808,13,9.65233,-32.01808
close_position_1h,<=,0.14474,13,12,1,32.29193,18,9.37848,-32.29193
close_position_1h,<,0.2,13,12,1,32.29193,18,9.37848,-32.29193
lower_wick_ratio_1h,<=,0.14474,13,12,1,32.29193,18,9.37848,-32.29193
lower_wick_ratio_1h,<,0.2,13,12,1,32.29193,18,9.37848,-32.29193
range_pct_1h,<=,0.01588,8,8,0,32.60581,23,9.0646,-32.60581
range_pct_1h,<,0.01687,8,8,0,32.60581,23,9.0646,-32.60581
atr_pct_1h,<=,0.00829,8,8,0,32.60581,23,9.0646,-32.60581
atr_pct_1h,<,0.00985,8,8,0,32.60581,23,9.0646,-32.60581
hours_after_first_add,>,0.58,11,9,2,32.76651,20,8.9039,-32.76651
hours_after_first_add,>=,0.67,11,9,2,32.76651,20,8.9039,-32.76651
ret_12h,>,-0.04669,21,13,8,32.95136,10,8.71905,-32.95136
ret_12h,>=,-0.041,21,13,8,32.95136,10,8.71905,-32.95136
ema20_slope_3_1h,>,-0.00657,21,13,8,32.95136,10,8.71905,-32.95136
ema20_slope_3_1h,>=,-0.00648,21,13,8,32.95136,10,8.71905,-32.95136
atr_pct_4h,<=,0.02729,14,10,4,32.95674,17,8.71367,-32.95674
atr_pct_4h,<,0.02767,14,10,4,32.95674,17,8.71367,-32.95674
ret_6h,>,-0.03777,16,12,4,32.9876,15,8.68281,-32.9876
ret_6h,>=,-0.03494,16,12,4,32.9876,15,8.68281,-32.9876
ret_12h,>,-0.04013,16,12,4,32.9876,15,8.68281,-32.9876
ret_12h,>=,-0.03595,16,12,4,32.9876,15,8.68281,-32.9876
vol_ratio_24_1h,>,2.33221,26,19,7,33.04475,5,8.62566,-33.04475
vol_ratio_24_1h,>=,2.87757,26,19,7,33.04475,5,8.62566,-33.04475
ret_12h,>,-0.03595,15,12,3,33.08009,16,8.59032,-33.08009
ret_12h,>=,-0.03507,15,12,3,33.08009,16,8.59032,-33.08009
ret_6h,>,-0.03494,15,12,3,33.18311,16,8.4873,-33.18311
ret_6h,>=,-0.03229,15,12,3,33.18311,16,8.4873,-33.18311
ema20_slope_3_1h,>,-0.00685,23,15,8,33.2674,8,8.40301,-33.2674
ema20_slope_3_1h,>=,-0.00657,23,15,8,33.2674,8,8.40301,-33.2674
atr_pct_1h,<=,0.01018,12,10,2,33.27188,19,8.39853,-33.27188
atr_pct_1h,<,0.01034,12,10,2,33.27188,19,8.39853,-33.27188
ret_12h,>,-0.041,19,13,6,33.34657,12,8.32384,-33.34657
ret_12h,>=,-0.04037,19,13,6,33.34657,12,8.32384,-33.34657
vol_ratio_24_1h,>,2.20609,27,20,7,33.35453,4,8.31588,-33.35453
vol_ratio_24_1h,>=,2.33221,27,20,7,33.35453,4,8.31588,-33.35453
ret_12h,>,-0.04776,22,14,8,33.38821,9,8.2822,-33.38821
ret_12h,>=,-0.04669,22,14,8,33.38821,9,8.2822,-33.38821
close_position_1h,<=,0.11347,9,9,0,33.51595,22,8.15446,-33.51595
close_position_1h,<,0.13172,9,9,0,33.51595,22,8.15446,-33.51595
lower_wick_ratio_1h,<=,0.11347,9,9,0,33.51595,22,8.15446,-33.51595
lower_wick_ratio_1h,<,0.13172,9,9,0,33.51595,22,8.15446,-33.51595
ema20_slope_3_1h,>,-0.00648,19,13,6,33.92088,12,7.74953,-33.92088
ema20_slope_3_1h,>=,-0.00641,19,13,6,33.92088,12,7.74953,-33.92088
hours_after_first_add,>,0.5,14,12,2,34.13166,17,7.53875,-34.13166
hours_after_first_add,>=,0.58,14,12,2,34.13166,17,7.53875,-34.13166
dist_ema20_1h,>,-0.03451,17,13,4,34.31609,14,7.35432,-34.31609
dist_ema20_1h,>=,-0.03325,17,13,4,34.31609,14,7.35432,-34.31609
ema20_slope_3_1h,>,-0.00641,17,13,4,34.31609,14,7.35432,-34.31609
ema20_slope_3_1h,>=,-0.00597,17,13,4,34.31609,14,7.35432,-34.31609
ema20_slope_3_1h,>,-0.00597,16,13,3,34.40858,15,7.26183,-34.40858
ema20_slope_3_1h,>=,-0.00591,16,13,3,34.40858,15,7.26183,-34.40858
ema20_slope_3_4h,<=,-0.00568,22,17,5,34.47314,9,7.19727,-34.47314
ema20_slope_3_4h,<,-0.00461,22,17,5,34.47314,9,7.19727,-34.47314
hours_after_first_add,>,0.42,15,13,2,34.63703,16,7.03338,-34.63703
hours_after_first_add,>=,0.5,15,13,2,34.63703,16,7.03338,-34.63703
ema20_slope_3_4h,<=,-0.00461,23,18,5,34.97851,8,6.6919,-34.97851
ema20_slope_3_4h,<,-0.00404,23,18,5,34.97851,8,6.6919,-34.97851
profit_at_second_add,>,0.01891,16,13,3,35.05531,15,6.6151,-35.05531
profit_at_second_add,>=,0.01893,16,13,3,35.05531,15,6.6151,-35.05531
atr_pct_4h,<=,0.02767,15,11,4,35.17128,16,6.49913,-35.17128
atr_pct_4h,<,0.02781,15,11,4,35.17128,16,6.49913,-35.17128
profit_at_second_add,<=,0.01964,23,15,8,36.44873,8,5.22168,-36.44873
profit_at_second_add,<,0.01978,23,15,8,36.44873,8,5.22168,-36.44873
body_ratio_1h,>,0.70813,14,13,1,36.60333,17,5.06708,-36.60333
body_ratio_1h,>=,0.72964,14,13,1,36.60333,17,5.06708,-36.60333
ret_1h,<=,-0.01033,22,15,7,36.71594,9,4.95447,-36.71594
ret_1h,<,-0.00788,22,15,7,36.71594,9,4.95447,-36.71594
ret_3h,<=,-0.02248,22,15,7,36.71594,9,4.95447,-36.71594
ret_3h,<,-0.02132,22,15,7,36.71594,9,4.95447,-36.71594
ret_12h,<=,-0.02732,22,15,7,36.71594,9,4.95447,-36.71594
ret_12h,<,-0.02585,22,15,7,36.71594,9,4.95447,-36.71594
dist_ema20_1h,<=,-0.02338,22,15,7,36.71594,9,4.95447,-36.71594
dist_ema20_1h,<,-0.02154,22,15,7,36.71594,9,4.95447,-36.71594
ret_4h_1,<=,-0.03087,22,15,7,36.71594,9,4.95447,-36.71594
ret_4h_1,<,-0.02387,22,15,7,36.71594,9,4.95447,-36.71594
ret_1h,<=,-0.01171,21,15,6,36.80843,10,4.86198,-36.80843
ret_1h,<,-0.01033,21,15,6,36.80843,10,4.86198,-36.80843
body_ratio_1h,>,0.7029,15,14,1,37.04018,16,4.63023,-37.04018
body_ratio_1h,>=,0.70813,15,14,1,37.04018,16,4.63023,-37.04018
hours_after_first_add,<=,0.83,25,18,7,37.22503,6,4.44538,-37.22503
hours_after_first_add,<,0.92,25,18,7,37.22503,6,4.44538,-37.22503
extra_drop_after_first_add,>,0.01078,20,13,7,37.35275,11,4.31766,-37.35275
extra_drop_after_first_add,>=,0.01147,20,13,7,37.35275,11,4.31766,-37.35275
close_position_1h,<=,0.24603,19,14,5,37.45314,12,4.21727,-37.45314
close_position_1h,<,0.26087,19,14,5,37.45314,12,4.21727,-37.45314
range_pct_1h,>,0.01211,27,19,8,37.75698,4,3.91343,-37.75698
range_pct_1h,>=,0.01342,27,19,8,37.75698,4,3.91343,-37.75698
upper_wick_ratio_1h,<=,0.03261,12,12,0,37.84499,19,3.82542,-37.84499
upper_wick_ratio_1h,<,0.03623,12,12,0,37.84499,19,3.82542,-37.84499
body_ratio_1h,>,0.44156,24,17,7,37.84575,7,3.82466,-37.84575
body_ratio_1h,>=,0.48837,24,17,7,37.84575,7,3.82466,-37.84575
body_ratio_1h,>,0.65686,18,15,3,37.97346,13,3.69695,-37.97346
body_ratio_1h,>=,0.66924,18,15,3,37.97346,13,3.69695,-37.97346
body_ratio_1h,>,0.75877,12,12,0,38.02949,19,3.64092,-38.02949
body_ratio_1h,>=,0.79091,12,12,0,38.02949,19,3.64092,-38.02949
ema50_slope_3_4h,>,-0.00548,11,10,1,38.05019,20,3.62022,-38.05019
ema50_slope_3_4h,>=,-0.0054,11,10,1,38.05019,20,3.62022,-38.05019
ret_1h,>,-0.02562,22,14,8,38.14881,9,3.5216,-38.14881
ret_1h,>=,-0.02259,22,14,8,38.14881,9,3.5216,-38.14881
hours_after_first_add,<=,1.17,28,20,8,38.26235,3,3.40806,-38.26235
hours_after_first_add,<,43.42,28,20,8,38.26235,3,3.40806,-38.26235
range_pct_1h,>,0.01053,28,20,8,38.26235,3,3.40806,-38.26235
range_pct_1h,>=,0.01211,28,20,8,38.26235,3,3.40806,-38.26235
upper_wick_ratio_1h,<=,0.22093,28,20,8,38.26235,3,3.40806,-38.26235
upper_wick_ratio_1h,<,0.22785,28,20,8,38.26235,3,3.40806,-38.26235
body_ratio_1h,>,0.72964,13,13,0,38.33927,18,3.33114,-38.33927
body_ratio_1h,>=,0.75877,13,13,0,38.33927,18,3.33114,-38.33927
body_ratio_1h,>,0.28046,25,18,7,38.35112,6,3.31929,-38.35112
body_ratio_1h,>=,0.44156,25,18,7,38.35112,6,3.31929,-38.35112
body_ratio_1h,>,0.27273,27,20,7,38.35484,4,3.31557,-38.35484
body_ratio_1h,>=,0.28046,27,20,7,38.35484,4,3.31557,-38.35484
body_ratio_1h,>,0.66924,16,15,1,38.36867,15,3.30174,-38.36867
body_ratio_1h,>=,0.7029,16,15,1,38.36867,15,3.30174,-38.36867
close_position_1h,<=,0.21329,17,14,3,38.42266,14,3.24775,-38.42266
close_position_1h,<,0.24603,17,14,3,38.42266,14,3.24775,-38.42266
lower_wick_ratio_1h,<=,0.21329,17,14,3,38.42266,14,3.24775,-38.42266
lower_wick_ratio_1h,<,0.23529,17,14,3,38.42266,14,3.24775,-38.42266
ret_1h,>,-0.02259,20,14,6,38.54402,11,3.12639,-38.54402
ret_1h,>=,-0.02168,20,14,6,38.54402,11,3.12639,-38.54402
range_pct_1h,<=,0.03272,19,14,5,38.63651,12,3.0339,-38.63651
range_pct_1h,<,0.03422,19,14,5,38.63651,12,3.0339,-38.63651
profit_at_second_add,<=,0.01978,24,16,8,38.66327,7,3.00714,-38.66327
profit_at_second_add,<,0.02017,24,16,8,38.66327,7,3.00714,-38.66327
profit_at_second_add,<=,0.02017,26,18,8,38.66699,5,3.00342,-38.66699
profit_at_second_add,<,0.02018,26,18,8,38.66699,5,3.00342,-38.66699
extra_drop_after_first_add,>,0.01036,21,14,7,38.68124,10,2.98917,-38.68124
extra_drop_after_first_add,>=,0.01078,21,14,7,38.68124,10,2.98917,-38.68124
close_position_1h,<=,0.26087,20,15,5,38.78163,11,2.88878,-38.78163
close_position_1h,<,0.2907,20,15,5,38.78163,11,2.88878,-38.78163
close_position_1h,<=,0.2,15,14,1,38.81787,16,2.85254,-38.81787
close_position_1h,<,0.21329,15,14,1,38.81787,16,2.85254,-38.81787
lower_wick_ratio_1h,<=,0.2,15,14,1,38.81787,16,2.85254,-38.81787
lower_wick_ratio_1h,<,0.21329,15,14,1,38.81787,16,2.85254,-38.81787
ret_12h,<=,-0.02585,23,16,7,38.93048,8,2.73993,-38.93048
ret_12h,<,-0.02508,23,16,7,38.93048,8,2.73993,-38.93048
dist_ema20_1h,<=,-0.02154,23,16,7,38.93048,8,2.73993,-38.93048
dist_ema20_1h,<,-0.0203,23,16,7,38.93048,8,2.73993,-38.93048
ret_4h_1,<=,-0.02387,23,16,7,38.93048,8,2.73993,-38.93048
ret_4h_1,<,-0.01462,23,16,7,38.93048,8,2.73993,-38.93048
ret_4h_3,<=,-0.03055,23,16,7,38.93048,8,2.73993,-38.93048
ret_4h_3,<,-0.02674,23,16,7,38.93048,8,2.73993,-38.93048
ret_12h,<=,-0.02508,25,18,7,38.9342,6,2.73621,-38.9342
ret_12h,<,-0.02366,25,18,7,38.9342,6,2.73621,-38.9342
ret_4h_1,<=,-0.01462,25,18,7,38.9342,6,2.73621,-38.9342
ret_4h_1,<,-0.01189,25,18,7,38.9342,6,2.73621,-38.9342
hours_after_first_add,<=,0.75,24,18,6,38.96097,7,2.70944,-38.96097
hours_after_first_add,<,0.83,24,18,6,38.96097,7,2.70944,-38.96097
ret_6h,<=,-0.02673,22,16,6,39.02297,9,2.64744,-39.02297
ret_6h,<,-0.02396,22,16,6,39.02297,9,2.64744,-39.02297
ret_3h,>,-0.04342,24,16,8,39.07711,7,2.5933,-39.07711
ret_3h,>=,-0.04299,24,16,8,39.07711,7,2.5933,-39.07711
upper_wick_ratio_1h,<=,0.09326,17,15,2,39.08762,14,2.58279,-39.08762
upper_wick_ratio_1h,<,0.09649,17,15,2,39.08762,14,2.58279,-39.08762
ret_3h,>,-0.04278,20,14,6,39.11833,11,2.55208,-39.11833
ret_3h,>=,-0.03779,20,14,6,39.11833,11,2.55208,-39.11833
dist_ema50_1h,<=,-0.024,24,18,6,39.12971,7,2.5407,-39.12971
dist_ema50_1h,<,-0.02315,24,18,6,39.12971,7,2.5407,-39.12971
dist_ema20_4h,<=,-0.02914,24,18,6,39.12971,7,2.5407,-39.12971
dist_ema20_4h,<,-0.02387,24,18,6,39.12971,7,2.5407,-39.12971
ema20_slope_3_1h,<=,-0.00352,28,20,8,39.1484,3,2.52201,-39.1484
ema20_slope_3_1h,<,-0.00302,28,20,8,39.1484,3,2.52201,-39.1484
range_pct_1h,<=,0.03462,23,16,7,39.1696,8,2.50081,-39.1696
range_pct_1h,<,0.0382,23,16,7,39.1696,8,2.50081,-39.1696
upper_wick_ratio_1h,<=,0.03623,13,13,0,39.17348,18,2.49693,-39.17348
upper_wick_ratio_1h,<,0.04899,13,13,0,39.17348,18,2.49693,-39.17348
upper_wick_ratio_1h,<=,0.08348,16,15,1,39.28313,15,2.38728,-39.28313
upper_wick_ratio_1h,<,0.09326,16,15,1,39.28313,15,2.38728,-39.28313
ema50_slope_3_1h,<=,-0.00117,27,20,7,39.34391,4,2.3265,-39.34391
ema50_slope_3_1h,<,-0.00105,27,20,7,39.34391,4,2.3265,-39.34391
ema20_slope_3_4h,<=,-0.00359,27,20,7,39.34391,4,2.3265,-39.34391
ema20_slope_3_4h,<,-0.00338,27,20,7,39.34391,4,2.3265,-39.34391
upper_wick_ratio_1h,<=,0.04899,15,15,0,39.37562,16,2.29479,-39.37562
upper_wick_ratio_1h,<,0.08348,15,15,0,39.37562,16,2.29479,-39.37562
upper_wick_ratio_1h,<=,0.09649,18,16,2,39.3974,13,2.27301,-39.3974
upper_wick_ratio_1h,<,0.10784,18,16,2,39.3974,13,2.27301,-39.3974
ret_6h,<=,-0.02149,24,17,7,39.43585,7,2.23456,-39.43585
ret_6h,<,-0.01946,24,17,7,39.43585,7,2.23456,-39.43585
dist_ema20_1h,<=,-0.0203,24,17,7,39.43585,7,2.23456,-39.43585
dist_ema20_1h,<,-0.0175,24,17,7,39.43585,7,2.23456,-39.43585
ret_4h_3,<=,-0.02674,24,17,7,39.43585,7,2.23456,-39.43585
ret_4h_3,<,-0.02579,24,17,7,39.43585,7,2.23456,-39.43585
ret_12h,<=,-0.02366,26,19,7,39.43957,5,2.23084,-39.43957
ret_12h,<,-0.02043,26,19,7,39.43957,5,2.23084,-39.43957
upper_wick_ratio_1h,<=,0.22785,30,22,8,39.45587,1,2.21454,-39.45587
ret_1h,>,-0.02754,23,15,8,39.4773,8,2.19311,-39.4773
ret_1h,>=,-0.02562,23,15,8,39.4773,8,2.19311,-39.4773
dist_ema20_1h,>,-0.04337,23,15,8,39.4773,8,2.19311,-39.4773
dist_ema20_1h,>=,-0.03966,23,15,8,39.4773,8,2.19311,-39.4773
dist_ema50_1h,>,-0.05458,23,15,8,39.4773,8,2.19311,-39.4773
dist_ema50_1h,>=,-0.05193,23,15,8,39.4773,8,2.19311,-39.4773
ret_6h,>,-0.04291,18,14,4,39.51354,13,2.15687,-39.51354
ret_6h,>=,-0.03777,18,14,4,39.51354,13,2.15687,-39.51354
ret_6h,<=,-0.02396,23,17,6,39.52834,8,2.14207,-39.52834
ret_6h,<,-0.02149,23,17,6,39.52834,8,2.14207,-39.52834
range_pct_1h,<=,0.03422,21,16,5,39.56481,10,2.1056,-39.56481
range_pct_1h,<,0.03462,21,16,5,39.56481,10,2.1056,-39.56481
atr_pct_1h,<=,0.01306,21,16,5,39.56481,10,2.1056,-39.56481
atr_pct_1h,<,0.01387,21,16,5,39.56481,10,2.1056,-39.56481
atr_pct_1h,<=,0.0112,15,12,3,39.60231,16,2.0681,-39.60231
atr_pct_1h,<,0.01135,15,12,3,39.60231,16,2.0681,-39.60231
range_pct_1h,<=,0.03133,17,14,3,39.60603,14,2.06438,-39.60603
range_pct_1h,<,0.03272,17,14,3,39.60603,14,2.06438,-39.60603
dist_ema20_4h,<=,-0.02387,25,19,6,39.63508,6,2.03533,-39.63508
dist_ema20_4h,<,-0.02214,25,19,6,39.63508,6,2.03533,-39.63508
extra_drop_after_first_add,>,0.01005,24,16,8,39.71856,7,1.95185,-39.71856
extra_drop_after_first_add,>=,0.01006,24,16,8,39.71856,7,1.95185,-39.71856
ema20_slope_3_1h,>,-0.0074,25,17,8,39.79334,6,1.87707,-39.79334
ema20_slope_3_1h,>=,-0.00685,25,17,8,39.79334,6,1.87707,-39.79334
range_pct_1h,<=,0.02554,14,12,2,39.79782,17,1.87259,-39.79782
range_pct_1h,<,0.02781,14,12,2,39.79782,17,1.87259,-39.79782
atr_pct_1h,<=,0.01034,14,12,2,39.79782,17,1.87259,-39.79782
atr_pct_1h,<,0.0112,14,12,2,39.79782,17,1.87259,-39.79782
range_pct_1h,<=,0.02781,16,14,2,39.80154,15,1.86887,-39.80154
range_pct_1h,<,0.03133,16,14,2,39.80154,15,1.86887,-39.80154
hours_after_first_add,>,0.17,26,19,7,39.80859,5,1.86182,-39.80859
hours_after_first_add,>=,0.33,26,19,7,39.80859,5,1.86182,-39.80859
lower_wick_ratio_1h,<=,0.2907,23,17,6,39.81895,8,1.85146,-39.81895
lower_wick_ratio_1h,<,0.29187,23,17,6,39.81895,8,1.85146,-39.81895
ret_6h,>,-0.0479,21,15,6,39.87251,10,1.7979,-39.87251
ret_6h,>=,-0.0456,21,15,6,39.87251,10,1.7979,-39.87251
dist_ema20_1h,>,-0.03966,21,15,6,39.87251,10,1.7979,-39.87251
dist_ema20_1h,>=,-0.03619,21,15,6,39.87251,10,1.7979,-39.87251
dist_ema50_1h,>,-0.05193,21,15,6,39.87251,10,1.7979,-39.87251
dist_ema50_1h,>=,-0.0463,21,15,6,39.87251,10,1.7979,-39.87251
atr_pct_1h,<=,0.01387,23,18,5,39.88085,8,1.78956,-39.88085
atr_pct_1h,<,0.01401,23,18,5,39.88085,8,1.78956,-39.88085
ret_12h,>,-0.05423,24,16,8,39.91415,7,1.75626,-39.91415
ret_12h,>=,-0.04776,24,16,8,39.91415,7,1.75626,-39.91415
dist_ema50_1h,>,-0.05479,24,16,8,39.91415,7,1.75626,-39.91415
dist_ema50_1h,>=,-0.05458,24,16,8,39.91415,7,1.75626,-39.91415
extra_drop_after_first_add,>,0.00968,26,18,8,39.9207,5,1.74971,-39.9207
extra_drop_after_first_add,>=,0.01005,26,18,8,39.9207,5,1.74971,-39.9207
dist_ema50_1h,>,-0.0463,20,15,5,39.965,11,1.70541,-39.965
dist_ema50_1h,>=,-0.04626,20,15,5,39.965,11,1.70541,-39.965
atr_pct_1h,>,0.00652,28,20,8,39.97152,3,1.69889,-39.97152
atr_pct_1h,>=,0.00742,28,20,8,39.97152,3,1.69889,-39.97152
dist_ema50_4h,<=,-0.03496,28,20,8,39.97152,3,1.69889,-39.97152
dist_ema50_4h,<,-0.02975,28,20,8,39.97152,3,1.69889,-39.97152
ema50_slope_3_4h,<=,-0.00239,28,20,8,39.97152,3,1.69889,-39.97152
ema50_slope_3_4h,<,-0.00237,28,20,8,39.97152,3,1.69889,-39.97152
atr_pct_4h,>,0.01357,28,20,8,39.97152,3,1.69889,-39.97152
atr_pct_4h,>=,0.01539,28,20,8,39.97152,3,1.69889,-39.97152
profit_at_second_add,<=,0.02018,27,19,8,39.99548,4,1.67493,-39.99548
profit_at_second_add,<,0.02023,27,19,8,39.99548,4,1.67493,-39.99548
ret_24h,>,-0.05381,27,19,8,39.99548,4,1.67493,-39.99548
ret_24h,>=,-0.04788,27,19,8,39.99548,4,1.67493,-39.99548
ema20_slope_3_1h,>,-0.00741,27,19,8,39.99548,4,1.67493,-39.99548
ema20_slope_3_1h,>=,-0.0074,27,19,8,39.99548,4,1.67493,-39.99548
ret_3h,>,-0.04299,22,16,6,40.04663,9,1.62378,-40.04663
ret_3h,>=,-0.04278,22,16,6,40.04663,9,1.62378,-40.04663
lower_wick_ratio_1h,<=,0.31088,25,18,7,40.06029,6,1.61012,-40.06029
lower_wick_ratio_1h,<,0.55844,25,18,7,40.06029,6,1.61012,-40.06029
ema50_slope_3_1h,>,-0.00407,24,17,7,40.08425,7,1.58616,-40.08425
ema50_slope_3_1h,>=,-0.00382,24,17,7,40.08425,7,1.58616,-40.08425
dist_ema50_1h,>,-0.05763,26,18,8,40.11629,5,1.55412,-40.11629
dist_ema50_1h,>=,-0.05479,26,18,8,40.11629,5,1.55412,-40.11629
ret_4h_1,<=,-0.01189,27,20,7,40.12772,4,1.54269,-40.12772
ret_4h_1,<,-0.00876,27,20,7,40.12772,4,1.54269,-40.12772
ema50_slope_3_4h,<=,-0.00271,27,20,7,40.16703,4,1.50338,-40.16703
ema50_slope_3_4h,<,-0.00239,27,20,7,40.16703,4,1.50338,-40.16703
lower_wick_ratio_1h,<=,0.29187,24,18,6,40.2558,7,1.41461,-40.2558
lower_wick_ratio_1h,<,0.31088,24,18,6,40.2558,7,1.41461,-40.2558
ema50_slope_3_1h,>,-0.0038,20,15,5,40.27732,11,1.39309,-40.27732
ema50_slope_3_1h,>=,-0.00367,20,15,5,40.27732,11,1.39309,-40.27732
ema20_slope_3_1h,>,-0.00802,28,20,8,40.30526,3,1.36515,-40.30526
ema20_slope_3_1h,>=,-0.00741,28,20,8,40.30526,3,1.36515,-40.30526
ret_6h,>,-0.04843,22,16,6,40.30936,9,1.36105,-40.30936
ret_6h,>=,-0.0479,22,16,6,40.30936,9,1.36105,-40.30936
atr_pct_1h,<=,0.01401,24,19,5,40.3177,7,1.35271,-40.3177
atr_pct_1h,<,0.01425,24,19,5,40.3177,7,1.35271,-40.3177
ema50_slope_3_1h,<=,-0.00069,30,22,8,40.34192,1,1.32849,-40.34192
ret_24h,>,-0.04788,25,19,6,40.39069,6,1.27972,-40.39069
ret_24h,>=,-0.04174,25,19,6,40.39069,6,1.27972,-40.39069
ret_1h,>,-0.02871,25,17,8,40.4056,6,1.26481,-40.4056
ret_1h,>=,-0.02754,25,17,8,40.4056,6,1.26481,-40.4056
ret_3h,>,-0.04541,25,17,8,40.4056,6,1.26481,-40.4056
ret_3h,>=,-0.04342,25,17,8,40.4056,6,1.26481,-40.4056
dist_ema20_1h,>,-0.0455,25,17,8,40.4056,6,1.26481,-40.4056
dist_ema20_1h,>=,-0.04337,25,17,8,40.4056,6,1.26481,-40.4056
ret_24h,>,-0.07747,28,20,8,40.43233,3,1.23808,-40.43233
ret_24h,>=,-0.05381,28,20,8,40.43233,3,1.23808,-40.43233
dist_ema50_1h,>,-0.0658,28,20,8,40.43233,3,1.23808,-40.43233
dist_ema50_1h,>=,-0.05763,28,20,8,40.43233,3,1.23808,-40.43233
ema50_slope_3_1h,>,-0.0054,28,20,8,40.43233,3,1.23808,-40.43233
ema50_slope_3_1h,>=,-0.00446,28,20,8,40.43233,3,1.23808,-40.43233
ema20_slope_3_4h,>,-0.01666,28,20,8,40.43233,3,1.23808,-40.43233
ema20_slope_3_4h,>=,-0.01466,28,20,8,40.43233,3,1.23808,-40.43233
ret_6h,<=,-0.01599,27,19,8,40.47317,4,1.19724,-40.47317
ret_6h,<,-0.01165,27,19,8,40.47317,4,1.19724,-40.47317
hours_after_first_add,<=,43.42,29,21,8,40.47689,2,1.19352,-40.47689
body_ratio_1h,>=,0.17229,29,21,8,40.47689,2,1.19352,-40.47689
range_pct_1h,>=,0.01053,29,21,8,40.47689,2,1.19352,-40.47689
ret_6h,<=,-0.01165,29,21,8,40.47689,2,1.19352,-40.47689
ret_12h,<=,-0.01898,29,21,8,40.47689,2,1.19352,-40.47689
dist_ema20_1h,<=,-0.01142,29,21,8,40.47689,2,1.19352,-40.47689
dist_ema50_1h,<=,-0.01247,29,21,8,40.47689,2,1.19352,-40.47689
ema20_slope_3_1h,<=,-0.00302,29,21,8,40.47689,2,1.19352,-40.47689
atr_pct_1h,>=,0.00652,29,21,8,40.47689,2,1.19352,-40.47689
ret_4h_3,<=,-0.01863,29,21,8,40.47689,2,1.19352,-40.47689
dist_ema50_4h,<=,-0.02975,29,21,8,40.47689,2,1.19352,-40.47689
ema50_slope_3_4h,<=,-0.00237,29,21,8,40.47689,2,1.19352,-40.47689
atr_pct_4h,>=,0.01357,29,21,8,40.47689,2,1.19352,-40.47689
ema50_slope_3_1h,>,-0.00382,22,17,5,40.47946,9,1.19095,-40.47946
ema50_slope_3_1h,>=,-0.0038,22,17,5,40.47946,9,1.19095,-40.47946
range_pct_1h,<=,0.0382,24,17,7,40.49809,7,1.17232,-40.49809
range_pct_1h,<,0.03988,24,17,7,40.49809,7,1.17232,-40.49809
atr_pct_1h,<=,0.01425,26,21,5,40.51984,5,1.15057,-40.51984
atr_pct_1h,<,0.01441,26,21,5,40.51984,5,1.15057,-40.51984
ema50_slope_3_1h,>,-0.00429,25,18,7,40.5211,6,1.14931,-40.5211
ema50_slope_3_1h,>=,-0.00407,25,18,7,40.5211,6,1.14931,-40.5211
ema50_slope_3_1h,>,-0.00446,27,20,7,40.52482,4,1.14559,-40.52482
ema50_slope_3_1h,>=,-0.00429,27,20,7,40.52482,4,1.14559,-40.52482
atr_pct_1h,<=,0.01135,17,14,3,40.53061,14,1.1398,-40.53061
atr_pct_1h,<,0.01205,17,14,3,40.53061,14,1.1398,-40.53061
atr_pct_1h,<=,0.01205,19,16,3,40.53433,12,1.13608,-40.53433
atr_pct_1h,<,0.01306,19,16,3,40.53433,12,1.13608,-40.53433
ema50_slope_3_1h,<=,-0.00105,29,22,7,40.53743,2,1.13298,-40.53743
ema50_slope_3_1h,<,-0.00069,29,22,7,40.53743,2,1.13298,-40.53743
lower_wick_ratio_1h,<=,0.55844,26,19,7,40.56566,5,1.10475,-40.56566
lower_wick_ratio_1h,<,0.67089,26,19,7,40.56566,5,1.10475,-40.56566
body_ratio_1h,>,0.17229,28,21,7,40.56938,3,1.10103,-40.56938
body_ratio_1h,>=,0.27273,28,21,7,40.56938,3,1.10103,-40.56938
dist_ema20_1h,>,-0.04599,27,19,8,40.60774,4,1.06267,-40.60774
dist_ema20_1h,>=,-0.0455,27,19,8,40.60774,4,1.06267,-40.60774
ret_4h_1,<=,-0.00876,28,21,7,40.63309,3,1.03732,-40.63309
ret_4h_1,<,-0.00604,28,21,7,40.63309,3,1.03732,-40.63309
ret_4h_3,<=,-0.03467,22,16,6,40.66642,9,1.00399,-40.66642
ret_4h_3,<,-0.03055,22,16,6,40.66642,9,1.00399,-40.66642
ema20_slope_3_4h,<=,-0.00338,28,21,7,40.6724,3,0.99801,-40.6724
ema20_slope_3_4h,<,-0.00243,28,21,7,40.6724,3,0.99801,-40.6724
range_pct_1h,<=,0.03988,26,19,7,40.70023,5,0.97018,-40.70023
range_pct_1h,<,0.04167,26,19,7,40.70023,5,0.97018,-40.70023
atr_pct_4h,<=,0.03167,21,16,5,40.71417,10,0.95624,-40.71417
atr_pct_4h,<,0.03223,21,16,5,40.71417,10,0.95624,-40.71417
upper_wick_ratio_1h,>=,0.00499,29,21,8,40.72819,2,0.94222,-40.72819
close_position_1h,>=,0.09387,29,21,8,40.74211,2,0.9283,-40.74211
ret_24h,>=,-0.07747,29,21,8,40.74211,2,0.9283,-40.74211
ema50_slope_3_1h,>=,-0.0054,29,21,8,40.74211,2,0.9283,-40.74211
lower_wick_ratio_1h,>=,0.09387,29,21,8,40.74211,2,0.9283,-40.74211
hours_after_first_add,>,0.33,21,17,4,40.77148,10,0.89893,-40.77148
hours_after_first_add,>=,0.42,21,17,4,40.77148,10,0.89893,-40.77148
ema50_slope_3_4h,>,-0.01175,26,20,6,40.82754,5,0.84287,-40.82754
ema50_slope_3_4h,>=,-0.01056,26,20,6,40.82754,5,0.84287,-40.82754
vol_ratio_24_1h,<=,4.49746,28,21,7,40.8346,3,0.83581,-40.8346
vol_ratio_24_1h,<,4.72489,28,21,7,40.8346,3,0.83581,-40.8346
ret_6h,>,-0.0456,19,15,4,40.84203,12,0.82838,-40.84203
ret_6h,>=,-0.04291,19,15,4,40.84203,12,0.82838,-40.84203
dist_ema20_1h,>,-0.03619,19,15,4,40.84203,12,0.82838,-40.84203
dist_ema20_1h,>=,-0.03451,19,15,4,40.84203,12,0.82838,-40.84203
ret_1h,>,-0.03159,26,18,8,40.84245,5,0.82796,-40.84245
ret_1h,>=,-0.02871,26,18,8,40.84245,5,0.82796,-40.84245
ret_3h,>,-0.04582,26,18,8,40.84245,5,0.82796,-40.84245
ret_3h,>=,-0.04541,26,18,8,40.84245,5,0.82796,-40.84245
ret_12h,>,-0.05993,26,18,8,40.84245,5,0.82796,-40.84245
ret_12h,>=,-0.05423,26,18,8,40.84245,5,0.82796,-40.84245
extra_drop_after_first_add,>,0.00967,28,20,8,40.849,3,0.82141,-40.849
extra_drop_after_first_add,>=,0.00968,28,20,8,40.849,3,0.82141,-40.849
ret_4h_3,<=,-0.0373,21,16,5,40.86193,10,0.80848,-40.86193
ret_4h_3,<,-0.03467,21,16,5,40.86193,10,0.80848,-40.86193
dist_ema50_1h,<=,-0.02569,23,18,5,40.86565,8,0.80476,-40.86565
dist_ema50_1h,<,-0.024,23,18,5,40.86565,8,0.80476,-40.86565
dist_ema20_4h,<=,-0.03258,23,18,5,40.86565,8,0.80476,-40.86565
dist_ema20_4h,<,-0.02914,23,18,5,40.86565,8,0.80476,-40.86565
ema20_slope_3_1h,<=,-0.00368,27,20,7,40.88434,4,0.78607,-40.88434
ema20_slope_3_1h,<,-0.00352,27,20,7,40.88434,4,0.78607,-40.88434
atr_pct_4h,<=,0.03223,23,18,5,40.91631,8,0.7541,-40.91631
atr_pct_4h,<,0.03294,23,18,5,40.91631,8,0.7541,-40.91631
ema50_slope_3_4h,>,-0.01056,25,20,5,40.92003,6,0.75038,-40.92003
ema50_slope_3_4h,>=,-0.01008,25,20,5,40.92003,6,0.75038,-40.92003
profit_at_second_add,<=,0.02023,29,21,8,40.92378,2,0.74663,-40.92378
profit_at_second_add,<,0.02102,29,21,8,40.92378,2,0.74663,-40.92378
dist_ema50_1h,>,-0.04626,18,15,3,40.93452,13,0.73589,-40.93452
dist_ema50_1h,>=,-0.04552,18,15,3,40.93452,13,0.73589,-40.93452
ret_1h,>,-0.03296,28,20,8,41.04459,3,0.62582,-41.04459
ret_1h,>=,-0.03159,28,20,8,41.04459,3,0.62582,-41.04459
ret_3h,>,-0.04637,28,20,8,41.04459,3,0.62582,-41.04459
ret_3h,>=,-0.04582,28,20,8,41.04459,3,0.62582,-41.04459
dist_ema20_1h,>,-0.0471,28,20,8,41.04459,3,0.62582,-41.04459
dist_ema20_1h,>=,-0.04599,28,20,8,41.04459,3,0.62582,-41.04459
ema50_slope_3_1h,<=,-0.00168,26,20,6,41.07985,5,0.59056,-41.07985
ema50_slope_3_1h,<,-0.00117,26,20,6,41.07985,5,0.59056,-41.07985
ema20_slope_3_4h,<=,-0.00401,26,20,6,41.07985,5,0.59056,-41.07985
ema20_slope_3_4h,<,-0.00359,26,20,6,41.07985,5,0.59056,-41.07985
hours_after_first_add,>=,0.17,27,20,7,41.13708,4,0.53333,-41.13708
range_pct_1h,<=,0.04167,27,20,7,41.13708,4,0.53333,-41.13708
range_pct_1h,<,0.04366,27,20,7,41.13708,4,0.53333,-41.13708
ret_12h,>,-0.0628,27,19,8,41.15223,4,0.51818,-41.15223
ret_12h,>=,-0.05993,27,19,8,41.15223,4,0.51818,-41.15223
extra_drop_after_first_add,>=,0.00967,30,22,8,41.16504,1,0.50537,-41.16504
extra_drop_after_first_add,<=,0.0168,28,20,8,41.22984,3,0.44057,-41.22984
extra_drop_after_first_add,<,0.01715,28,20,8,41.22984,3,0.44057,-41.22984
profit_at_second_add,<=,0.02102,30,22,8,41.23356,1,0.43685,-41.23356
extra_drop_after_first_add,<=,0.01715,30,22,8,41.23356,1,0.43685,-41.23356
ema20_slope_3_1h,>=,-0.00802,30,22,8,41.23356,1,0.43685,-41.23356
ret_6h,>,-0.05072,24,18,6,41.23766,7,0.43275,-41.23766
ret_6h,>=,-0.04843,24,18,6,41.23766,7,0.43275,-41.23766
extra_drop_after_first_add,<=,0.01602,25,19,6,41.31527,6,0.35514,-41.31527
extra_drop_after_first_add,<,0.01645,25,19,6,41.31527,6,0.35514,-41.31527
profit_at_second_add,>,0.01849,17,14,3,41.31699,14,0.35342,-41.31699
profit_at_second_add,>=,0.01891,17,14,3,41.31699,14,0.35342,-41.31699
ret_1h,>=,-0.03296,29,21,8,41.35437,2,0.31604,-41.35437
ret_3h,>=,-0.04637,29,21,8,41.35437,2,0.31604,-41.35437
ret_12h,>=,-0.0628,29,21,8,41.35437,2,0.31604,-41.35437
profit_at_second_add,>,0.01735,29,22,7,41.36055,2,0.30986,-41.36055
profit_at_second_add,>=,0.01748,29,22,7,41.36055,2,0.30986,-41.36055
dist_ema20_1h,>=,-0.0471,30,22,8,41.36063,1,0.30978,-41.36063
dist_ema50_1h,>=,-0.0658,30,22,8,41.36063,1,0.30978,-41.36063
dist_ema20_4h,>=,-0.08015,30,22,8,41.36063,1,0.30978,-41.36063
ema20_slope_3_4h,>=,-0.01666,30,22,8,41.36063,1,0.30978,-41.36063
ema50_slope_3_4h,>=,-0.0125,30,22,8,41.36063,1,0.30978,-41.36063
atr_pct_4h,<=,0.04141,30,22,8,41.36063,1,0.30978,-41.36063
ret_24h,<=,-0.02858,21,15,6,41.37657,10,0.29384,-41.37657
ret_24h,<,-0.02683,21,15,6,41.37657,10,0.29384,-41.37657
ret_6h,>,-0.05273,26,20,6,41.4398,5,0.23061,-41.4398
ret_6h,>=,-0.05072,26,20,6,41.4398,5,0.23061,-41.4398
range_pct_1h,<=,0.04366,29,22,7,41.45312,2,0.21729,-41.45312
range_pct_1h,<,0.04479,29,22,7,41.45312,2,0.21729,-41.45312
range_pct_1h,<=,0.02537,13,12,1,41.53376,18,0.13665,-41.53376
range_pct_1h,<,0.02554,13,12,1,41.53376,18,0.13665,-41.53376
profit_at_second_add,>,0.01826,21,16,5,41.54099,10,0.12942,-41.54099
profit_at_second_add,>=,0.01849,21,16,5,41.54099,10,0.12942,-41.54099
extra_drop_after_first_add,<=,0.01645,26,20,6,41.62505,5,0.04536,-41.62505
extra_drop_after_first_add,<,0.0168,26,20,6,41.62505,5,0.04536,-41.62505
close_position_1h,<=,0.89216,29,21,8,41.66669,2,0.00372,-41.66669
ret_24h,<=,-0.00346,29,21,8,41.66669,2,0.00372,-41.66669
atr_pct_4h,<=,0.02781,17,13,4,41.69722,14,-0.02681,-41.69722
atr_pct_4h,<,0.02785,17,13,4,41.69722,14,-0.02681,-41.69722
ret_6h,>,-0.05504,28,22,6,41.75584,3,-0.08543,-41.75584
ret_6h,>=,-0.05273,28,22,6,41.75584,3,-0.08543,-41.75584
atr_pct_1h,<=,0.01469,28,22,6,41.75584,3,-0.08543,-41.75584
atr_pct_1h,<,0.01659,28,22,6,41.75584,3,-0.08543,-41.75584
dist_ema50_4h,>,-0.12663,28,22,6,41.75584,3,-0.08543,-41.75584
dist_ema50_4h,>=,-0.1172,28,22,6,41.75584,3,-0.08543,-41.75584
ema50_slope_3_4h,>,-0.0125,28,22,6,41.75584,3,-0.08543,-41.75584
ema50_slope_3_4h,>=,-0.01175,28,22,6,41.75584,3,-0.08543,-41.75584
atr_pct_4h,<=,0.03595,28,22,6,41.75584,3,-0.08543,-41.75584
atr_pct_4h,<,0.04141,28,22,6,41.75584,3,-0.08543,-41.75584
lower_wick_ratio_1h,<=,0.67089,28,21,7,41.75918,3,-0.08877,-41.75918
lower_wick_ratio_1h,<,0.70078,28,21,7,41.75918,3,-0.08877,-41.75918
range_pct_1h,<=,0.04479,30,23,7,41.7629,1,-0.09249,-41.7629
vol_ratio_24_1h,<=,4.72489,30,23,7,41.7629,1,-0.09249,-41.7629
lower_wick_ratio_1h,<=,0.70078,30,23,7,41.7629,1,-0.09249,-41.7629
atr_pct_4h,<=,0.03294,25,20,5,41.84461,6,-0.1742,-41.84461
atr_pct_4h,<,0.03578,25,20,5,41.84461,6,-0.1742,-41.84461
atr_pct_1h,<=,0.01441,27,22,5,41.84833,4,-0.17792,-41.84833
atr_pct_1h,<,0.01469,27,22,5,41.84833,4,-0.17792,-41.84833
atr_pct_4h,<=,0.03578,27,22,5,41.84833,4,-0.17792,-41.84833
atr_pct_4h,<,0.03595,27,22,5,41.84833,4,-0.17792,-41.84833
profit_at_second_add,>,0.01811,23,18,5,41.85703,8,-0.18662,-41.85703
profit_at_second_add,>=,0.01826,23,18,5,41.85703,8,-0.18662,-41.85703
profit_at_second_add,>=,0.01735,30,23,7,41.86592,1,-0.19551,-41.86592
ema20_slope_3_4h,<=,-0.00243,30,23,7,41.86592,1,-0.19551,-41.86592
profit_at_second_add,>,0.01807,24,19,5,41.9647,7,-0.29429,-41.9647
profit_at_second_add,>=,0.01811,24,19,5,41.9647,7,-0.29429,-41.9647
profit_at_second_add,>,0.01795,25,20,5,42.05917,6,-0.38876,-42.05917
profit_at_second_add,>=,0.01807,25,20,5,42.05917,6,-0.38876,-42.05917
ret_6h,>=,-0.05504,29,23,6,42.06562,2,-0.39521,-42.06562
atr_pct_1h,<=,0.01659,29,23,6,42.06562,2,-0.39521,-42.06562
dist_ema50_4h,>=,-0.12663,29,23,6,42.06562,2,-0.39521,-42.06562
ret_24h,>,-0.04174,24,19,5,42.12663,7,-0.45622,-42.12663
ret_24h,>=,-0.04138,24,19,5,42.12663,7,-0.45622,-42.12663
atr_pct_4h,<=,0.02785,18,14,4,42.13407,13,-0.46366,-42.13407
atr_pct_4h,<,0.02898,18,14,4,42.13407,13,-0.46366,-42.13407
atr_pct_4h,<=,0.02898,20,16,4,42.45011,11,-0.7797,-42.45011
atr_pct_4h,<,0.03167,20,16,4,42.45011,11,-0.7797,-42.45011
profit_at_second_add,>,0.01748,28,22,6,43.09649,3,-1.42608,-43.09649
profit_at_second_add,>=,0.01793,28,22,6,43.09649,3,-1.42608,-43.09649
ret_24h,<=,-0.01895,24,17,7,47.707,7,-6.03659,-47.707
ret_24h,<,-0.01522,24,17,7,47.707,7,-6.03659,-47.707
ret_24h,<=,-0.02683,23,17,6,47.90251,8,-6.2321,-47.90251
ret_24h,<,-0.01895,23,17,6,47.90251,8,-6.2321,-47.90251
ret_1h,<=,-0.00788,24,17,7,48.53012,7,-6.85971,-48.53012
ret_1h,<,-0.00532,24,17,7,48.53012,7,-6.85971,-48.53012
ret_3h,<=,-0.02132,24,17,7,48.53012,7,-6.85971,-48.53012
ret_3h,<,-0.01974,24,17,7,48.53012,7,-6.85971,-48.53012
ret_1h,<=,-0.00532,25,18,7,49.03549,6,-7.36508,-49.03549
ret_1h,<,-0.00286,25,18,7,49.03549,6,-7.36508,-49.03549
ret_3h,<=,-0.01974,25,18,7,49.03549,6,-7.36508,-49.03549
ret_3h,<,-0.01853,25,18,7,49.03549,6,-7.36508,-49.03549
hours_after_first_add,<=,0.92,27,20,7,49.03921,4,-7.3688,-49.03921
hours_after_first_add,<,1.17,27,20,7,49.03921,4,-7.3688,-49.03921
ret_24h,<=,-0.01522,25,18,7,49.92154,6,-8.25113,-49.92154
ret_24h,<,-0.01402,25,18,7,49.92154,6,-8.25113,-49.92154
vol_ratio_24_1h,>,1.76309,29,22,7,50.23273,2,-8.56232,-50.23273
vol_ratio_24_1h,>=,2.20609,29,22,7,50.23273,2,-8.56232,-50.23273
extra_drop_after_first_add,>,0.01006,23,16,7,50.49542,8,-8.82501,-50.49542
extra_drop_after_first_add,>=,0.01036,23,16,7,50.49542,8,-8.82501,-50.49542
close_position_1h,<=,0.2907,22,17,5,50.59581,9,-8.9254,-50.59581
close_position_1h,<,0.29187,22,17,5,50.59581,9,-8.9254,-50.59581
close_position_1h,<=,0.31088,24,18,6,50.83715,7,-9.16674,-50.83715
close_position_1h,<,0.55844,24,18,6,50.83715,7,-9.16674,-50.83715
dist_ema50_1h,<=,-0.02315,26,20,6,50.94389,5,-9.27348,-50.94389
dist_ema50_1h,<,-0.0226,26,20,6,50.94389,5,-9.27348,-50.94389
close_position_1h,<=,0.29187,23,18,5,51.03266,8,-9.36225,-51.03266
close_position_1h,<,0.31088,23,18,5,51.03266,8,-9.36225,-51.03266
ret_24h,<=,-0.01402,27,20,7,51.11506,4,-9.44465,-51.11506
ret_24h,<,-0.00987,27,20,7,51.11506,4,-9.44465,-51.11506
close_position_1h,<=,0.74423,26,19,7,51.25003,5,-9.57962,-51.25003
close_position_1h,<,0.77215,26,19,7,51.25003,5,-9.57962,-51.25003
ret_1h,<=,-0.00286,26,19,7,51.25003,5,-9.57962,-51.25003
ret_1h,<,0.00062,26,19,7,51.25003,5,-9.57962,-51.25003
ret_3h,<=,-0.01853,26,19,7,51.25003,5,-9.57962,-51.25003
ret_3h,<,-0.01176,26,19,7,51.25003,5,-9.57962,-51.25003
dist_ema20_1h,<=,-0.0175,26,19,7,51.25003,5,-9.57962,-51.25003
dist_ema20_1h,<,-0.01276,26,19,7,51.25003,5,-9.57962,-51.25003
ret_3h,<=,-0.01176,28,21,7,51.25375,3,-9.58334,-51.25375
ret_3h,<,-0.00907,28,21,7,51.25375,3,-9.58334,-51.25375
ret_12h,<=,-0.02043,28,21,7,51.25375,3,-9.58334,-51.25375
ret_12h,<,-0.01898,28,21,7,51.25375,3,-9.58334,-51.25375
dist_ema20_1h,<=,-0.01276,28,21,7,51.25375,3,-9.58334,-51.25375
dist_ema20_1h,<,-0.01142,28,21,7,51.25375,3,-9.58334,-51.25375
dist_ema50_1h,<=,-0.01971,28,21,7,51.25375,3,-9.58334,-51.25375
dist_ema50_1h,<,-0.01247,28,21,7,51.25375,3,-9.58334,-51.25375
dist_ema20_4h,<=,-0.02142,28,21,7,51.25375,3,-9.58334,-51.25375
dist_ema20_4h,<,-0.0149,28,21,7,51.25375,3,-9.58334,-51.25375
close_position_1h,<=,0.55844,25,19,6,51.34252,6,-9.67211,-51.34252
close_position_1h,<,0.74423,25,19,6,51.34252,6,-9.67211,-51.34252
dist_ema50_1h,<=,-0.0226,27,21,6,51.44926,4,-9.77885,-51.44926
dist_ema50_1h,<,-0.01971,27,21,6,51.44926,4,-9.77885,-51.44926
dist_ema20_4h,<=,-0.02214,27,21,6,51.44926,4,-9.77885,-51.44926
dist_ema20_4h,<,-0.02142,27,21,6,51.44926,4,-9.77885,-51.44926
ema20_slope_3_4h,<=,-0.00404,25,20,5,51.85671,6,-10.1863,-51.85671
ema20_slope_3_4h,<,-0.00401,25,20,5,51.85671,6,-10.1863,-51.85671
close_position_1h,<=,0.77215,28,21,7,52.44355,3,-10.77314,-52.44355
close_position_1h,<,0.89216,28,21,7,52.44355,3,-10.77314,-52.44355
ret_1h,<=,0.00062,28,21,7,52.44355,3,-10.77314,-52.44355
ret_1h,<,0.00786,28,21,7,52.44355,3,-10.77314,-52.44355
ret_24h,<=,-0.00987,28,21,7,52.44355,3,-10.77314,-52.44355
ret_24h,<,-0.00346,28,21,7,52.44355,3,-10.77314,-52.44355
ret_1h,<=,0.00786,30,23,7,52.44727,1,-10.77686,-52.44727
ret_3h,<=,-0.00907,30,23,7,52.44727,1,-10.77686,-52.44727
vol_ratio_24_1h,>=,1.76309,30,23,7,52.44727,1,-10.77686,-52.44727
ret_4h_1,<=,-0.00604,30,23,7,52.44727,1,-10.77686,-52.44727
dist_ema20_4h,<=,-0.0149,30,23,7,52.44727,1,-10.77686,-52.44727
profit_at_second_add,>,0.01793,27,22,5,53.87335,4,-12.20294,-53.87335
profit_at_second_add,>=,0.01795,27,22,5,53.87335,4,-12.20294,-53.87335
