symbol,pair,date,entry_tag,side,close,initial_stop,risk_pct,trend_up_4h,trend_down_4h,compression_width_pct,volume_ratio,body_pct_of_range,close_position,forward_ret_6h,forward_ret_24h,forward_ret_72h,mfe_24h,mae_24h
SUI,SUI/USDT:USDT,2025-01-02 07:00:00+00:00,long_pullback_restart,long,4.3736,4.216277890871818,0.0359708499012671,True,False,0.02679714651545647,1.5610036628202248,0.6470588235294139,0.7205882352941149,0.0017148344613133748,-0.017056886775196456,0.18195536857508698,0.020806658130601896,-0.02236144137552576
SUI,SUI/USDT:USDT,2025-01-02 09:00:00+00:00,long_pullback_restart,long,4.4134,4.243288793659884,0.03854425303396837,True,False,0.031744233470793366,1.3291811514386267,0.6446837146702592,0.7819650067294813,-0.006344315040558435,-0.020301808129786547,0.16737662573072898,0.011601033217020884,-0.031177776770743626
BTC,BTC/USDT:USDT,2025-01-04 20:00:00+00:00,long_pullback_restart,long,98577.4,97362.53519724785,0.012323968807780904,True,False,0.009093362170233835,1.6451041137909583,0.8436403913605361,0.8438249953848878,-0.003874113133436219,-0.0033729840713997428,-0.0210251031169415,0.001861481434892731,-0.013698880270731406
BNB,BNB/USDT:USDT,2025-01-06 01:00:00+00:00,long_pullback_restart,long,712.63,701.9288824915452,0.015016372463206413,True,False,0.011226021918807796,1.627713069818628,0.6730486008836521,0.9675994108983763,0.0026802127331153613,0.020768140549794367,-0.018691326494815086,0.046826543928827125,-0.0025258549317317414
LINK,LINK/USDT:USDT,2025-01-08 16:00:00+00:00,short_pullback_restart,short,20.3,21.298181041120138,0.04917147985813484,False,True,0.03733990147783264,1.3763938764699688,0.8537735849056575,0.023584905660381073,-0.01480223246784762,0.008144616607071997,0.014442056868722242,0.05197699124216193,-0.020033791938208978
ETH,ETH/USDT:USDT,2025-01-09 13:00:00+00:00,short_pullback_restart,short,3219.7,3363.0150302316533,0.04451192043720021,False,True,0.028288349846258946,2.453512495157049,0.8569800569800601,0.11042735042734586,0.008156811172169709,-0.007230624547122533,-0.014179380957192511,0.02018377693282636,-0.0353363454416894
TRX,TRX/USDT:USDT,2025-01-11 17:00:00+00:00,short_pullback_restart,short,0.24087,0.24349566093121194,0.01090073870225409,False,True,0.00855233113297632,1.7013788055480046,0.9428571428571383,0.047619047619042586,0.00029069767441858296,0.015300961052099105,0.08076457127473402,0.021891307114674907,-0.010191082802547768
BTC,BTC/USDT:USDT,2025-01-12 09:00:00+00:00,short_pullback_restart,short,93859.1,95055.48594031941,0.01274661636771935,False,True,0.00978914138320102,2.649352448370657,0.5301362194439155,0.36947191640231786,-0.012379571444805948,0.011383289494810045,-0.03015176110877471,0.01364535679881107,-0.02163351036384198
XRP,XRP/USDT:USDT,2025-01-14 16:00:00+00:00,long_pullback_restart,long,2.6153,2.5038170748229125,0.04262720344782146,True,False,0.034986426031430394,2.269932943567595,0.5747303543913714,0.9892141756548514,0.01984475968340149,0.10851527549420714,0.23951363132336634,0.16086108668221621,-0.006920812143922261
NEAR,NEAR/USDT:USDT,2025-01-15 09:00:00+00:00,short_pullback_restart,short,4.896,5.100567011146649,0.0417824777668809,False,True,0.029820261437908478,1.2722204235294878,0.8620689655172371,0.06896551724138142,-0.06636155606407323,-0.04802644370989695,-0.09433962264150941,0.007822149032523651,-0.08280254777070062
TAO,TAO/USDT:USDT,2025-01-15 09:00:00+00:00,short_pullback_restart,short,404.1,423.84487574081777,0.04886136040786376,False,True,0.02887899034892357,2.329481925164237,0.8128205128205128,0.11538461538461744,-0.08173699638693832,-0.09615513654968788,-0.09750759335358217,0.0040749391243850575,-0.1418013464438167
BNB,BNB/USDT:USDT,2025-01-17 08:00:00+00:00,long_pullback_restart,long,720.55,706.0790249985569,0.020083235030800214,True,False,0.01676497120255366,1.2352676985780977,0.9001584786053719,0.9112519809825588,0.0026229963222539343,-0.026077302060925622,-0.027576157102213616,0.013961557143848502,-0.035625563805426363
ZEC,ZEC/USDT:USDT,2025-01-23 00:00:00+00:00,short_pullback_restart,short,47.92,50.22095891487247,0.04801667184625349,False,True,0.040692821368948154,1.700390639909913,0.75,0.09722222222222276,0.006722689075630228,-0.0004171881518564291,0.018274543136421517,0.02371288186284981,-0.03133212047705669
BTC,BTC/USDT:USDT,2025-01-24 17:00:00+00:00,long_pullback_restart,long,106414.2,104304.17001822166,0.019828462571520888,True,False,0.01698645481524088,1.309086088226663,0.7442692096093827,0.7792041078305505,-0.015092910532616854,-0.014698226364526445,-0.06854536330677674,0.006223793441100911,-0.022305293842363016
SOL,SOL/USDT:USDT,2025-01-25 16:00:00+00:00,long_pullback_restart,long,255.72,245.4339894397489,0.04022372344850266,True,False,0.03277021742530892,1.4453016185021157,0.6256983240223517,0.7960893854748623,0.012435476302205428,-0.001955263569529131,-0.0840372282183639,0.019709056780853995,-0.011927107774127976
SUI,SUI/USDT:USDT,2025-01-26 20:00:00+00:00,short_pullback_restart,short,4.0779,4.185866236032728,0.026475940075217322,False,True,0.02172686922190333,1.4569527840994194,0.6601769911504471,0.1876106194690145,0.09506162893740422,0.031152805522542737,0.06358728254349133,0.17053217750731942,-0.0008085857100853522
NEAR,NEAR/USDT:USDT,2025-01-26 21:00:00+00:00,short_pullback_restart,short,4.899,5.063197569888993,0.033516548252498994,False,True,0.01979995917534181,1.8757228920482274,0.9411764705882292,0.014705882352945978,0.05377500537750057,0.06038961038961044,0.0872170439414115,0.12594805791772012,-0.004065867046147531
SUI,SUI/USDT:USDT,2025-01-26 21:00:00+00:00,short_pullback_restart,short,3.9895,4.184118647744676,0.048782716567157866,False,True,0.02727158791828539,5.220633516689931,0.8735177865612611,0.09387351778656193,0.051113160321433204,0.012846226103734537,0.04557605619037641,0.14515758654342958,-0.014816644030127168
ZEC,ZEC/USDT:USDT,2025-01-26 21:00:00+00:00,short_pullback_restart,short,45.91,47.15901230308953,0.02720566985601255,False,True,0.023959921585711207,1.5562770506394006,0.8809523809523881,0.0,0.039628623188405765,0.07517564402810284,0.05540229885057468,0.12939729397293975,-0.004121475054229995
ETH,ETH/USDT:USDT,2025-01-28 16:00:00+00:00,short_pullback_restart,short,3149.41,3228.4823746806696,0.025107043757614852,False,True,0.021496089743793224,1.6769820184656596,0.600039039625224,0.3675580714425126,0.021540707103470558,0.020911536840740208,-0.0742937595710973,0.03667215273206059,-0.010120662180468476
NEAR,NEAR/USDT:USDT,2025-01-28 16:00:00+00:00,short_pullback_restart,short,4.483,4.692703064874478,0.04677739568915424,False,True,0.04238233325897845,1.6763237784116898,0.6521739130434799,0.3152173913043451,0.04158921933085491,0.029155188246097197,-0.07010993569798796,0.05507178159566961,-0.01623875356594262
BNB,BNB/USDT:USDT,2025-01-28 21:00:00+00:00,short_pullback_restart,short,661.01,678.1620871602995,0.025948302083628864,False,True,0.01999969743271664,1.3845274977297084,0.5134751773049602,0.014184397163123655,-0.020058113677469014,-0.015196436286706194,-0.024065789667951143,0.0028522446254912737,-0.026996393611540492
BTC,BTC/USDT:USDT,2025-01-31 15:00:00+00:00,long_pullback_restart,long,105407.0,103763.5359732621,0.015591602329426888,True,False,0.010526815107156126,4.678222874773186,0.6274263458760013,0.6274891638922029,-0.03137457664102006,-0.032023489901050195,-0.06265523162598308,0.0012333146754959223,-0.03854582712723065
NEAR,NEAR/USDT:USDT,2025-02-01 08:00:00+00:00,short_pullback_restart,short,4.549,4.6965390015072375,0.03243328237134251,False,True,0.025939766981754105,1.2575695072568083,0.506666666666657,0.29333333333333583,0.0254733994589722,0.0859393650035809,0.36894372554920274,0.10924164837844441,-0.00021978021978008577
DOGE,DOGE/USDT:USDT,2025-02-01 19:00:00+00:00,short_compression_breakdown,short,0.315,0.328950009801247,0.04428574540078412,False,True,0.031142857142857097,2.7635127504961865,0.6777777777777801,0.2984126984126986,0.006454086523100644,0.14783369165178728,0.18733509234828505,0.19940600845295675,-0.0019327651215107489
DOGE,DOGE/USDT:USDT,2025-02-01 19:00:00+00:00,short_pullback_restart,short,0.315,0.328950009801247,0.04428574540078412,False,True,0.031142857142857097,2.7635127504961865,0.6777777777777801,0.2984126984126986,0.006454086523100644,0.14783369165178728,0.18733509234828505,0.19940600845295675,-0.0019327651215107489
ETH,ETH/USDT:USDT,2025-02-01 19:00:00+00:00,short_compression_breakdown,short,3195.18,3305.888474411443,0.03464858768878221,False,True,0.024252154808179896,3.5305340423090765,0.6874623267028417,0.272905364677513,0.013872935084056293,0.08027020447906508,0.15397367137981477,0.10561009283833389,-0.0002753390111575049
ETH,ETH/USDT:USDT,2025-02-02 11:00:00+00:00,short_compression_breakdown,short,3063.49,3168.465745826062,0.034266717314586435,False,True,0.03102017633483387,1.9239636293787457,0.6441668018822035,0.21888690572772607,0.030735429690391447,0.18766161516303992,0.0946587197793165,0.4726972055437242,-0.011892167361209793
ETH,ETH/USDT:USDT,2025-02-02 11:00:00+00:00,short_pullback_restart,short,3063.49,3168.465745826062,0.034266717314586435,False,True,0.03102017633483387,1.9239636293787457,0.6441668018822035,0.21888690572772607,0.030735429690391447,0.18766161516303992,0.0946587197793165,0.4726972055437242,-0.011892167361209793
ETH,ETH/USDT:USDT,2025-02-02 16:00:00+00:00,short_compression_breakdown,short,3014.7,3144.8443749386342,0.04316992567706055,False,True,0.02958503333665028,2.566716455568467,0.826486348558307,0.16203113039040318,0.04878829414916175,0.11480902142199434,0.08815864513474292,0.4492426172609232,-0.007015810276679857
ETH,ETH/USDT:USDT,2025-02-02 16:00:00+00:00,short_pullback_restart,short,3014.7,3144.8443749386342,0.04316992567706055,False,True,0.02958503333665028,2.566716455568467,0.826486348558307,0.16203113039040318,0.04878829414916175,0.11480902142199434,0.08815864513474292,0.4492426172609232,-0.007015810276679857
SOL,SOL/USDT:USDT,2025-02-05 15:00:00+00:00,short_compression_breakdown,short,201.64,209.59395348186558,0.03944630768630032,False,True,0.03025193414005155,1.8233828735104847,0.48416289592760653,0.08371040723981384,0.014540880503144615,0.05493355655540433,0.04303745085867994,0.058588828223435474,-0.010889826351417775
SOL,SOL/USDT:USDT,2025-02-05 15:00:00+00:00,short_pullback_restart,short,201.64,209.59395348186558,0.03944630768630032,False,True,0.03025193414005155,1.8233828735104847,0.48416289592760653,0.08371040723981384,0.014540880503144615,0.05493355655540433,0.04303745085867994,0.058588828223435474,-0.010889826351417775
LINK,LINK/USDT:USDT,2025-02-06 14:00:00+00:00,short_pullback_restart,short,19.123,19.992981060004098,0.04549396329049296,False,True,0.0348271714689118,1.745142017997915,0.8104347826086924,0.09217391304347981,0.01008873864356663,-0.027314343845371236,0.040594221037166145,0.039632488855061654,-0.03555577970546697
SOL,SOL/USDT:USDT,2025-02-06 14:00:00+00:00,short_pullback_restart,short,195.18,204.41165872226264,0.047298179743122434,False,True,0.032021723537247665,2.289501829754567,0.8981818181818177,0.021818181818182646,0.01108578532946547,-0.039373954129343414,-0.020868867261964463,0.04285103654627065,-0.03998819536668141
BTC,BTC/USDT:USDT,2025-02-09 13:00:00+00:00,short_pullback_restart,short,95835.5,97377.74292726553,0.01609260584298645,False,True,0.010352113778297095,2.7352489549625827,0.8861492859067632,0.0926973861492902,-0.0018320741078663438,-0.023832878534621238,0.00966623822667989,0.012524022689886172,-0.025348832479049732
DOGE,DOGE/USDT:USDT,2025-02-09 13:00:00+00:00,short_pullback_restart,short,0.24924,0.26045800440063704,0.0450088444897972,False,True,0.029128550794414978,2.653721001498261,0.8243478260869548,0.1234782608695631,-0.0010420841683367321,-0.01916492857423957,-0.011971775152620268,0.0406680584551149,-0.02385148631183176
ETH,ETH/USDT:USDT,2025-02-09 21:00:00+00:00,short_pullback_restart,short,2550.75,2673.23084753961,0.04801758209922958,False,True,0.022906988140742855,5.257526992493835,0.6988021004266491,0.2677223498523144,-0.028182053704776,-0.04201500777429745,-0.0486677805791349,0.010198019801980207,-0.05281861425404466
SOL,SOL/USDT:USDT,2025-02-09 21:00:00+00:00,short_pullback_restart,short,195.01,203.470976707823,0.04338739914785407,False,True,0.0343572124506435,2.2745428702784984,0.6549079754601232,0.27453987730061186,-0.033886549417884604,-0.025047495250475005,-0.0035258048032702494,0.005465326114978186,-0.06649114408808054
SOL,SOL/USDT:USDT,2025-02-11 13:00:00+00:00,short_pullback_restart,short,198.18,206.55544025820367,0.042261783521059984,False,True,0.029316782722777282,1.9477376362369567,0.8234086242299768,0.11498973305954861,0.013604746317512184,0.03277919641461269,0.0026307801274916276,0.046964974377938784,-0.013440860215053752
BTC,BTC/USDT:USDT,2025-02-13 06:00:00+00:00,short_pullback_restart,short,96010.0,98229.51040316076,0.023117491960845355,False,True,0.0186563899593792,1.2622518434763141,0.6127339340528829,0.3002277453213178,0.0024526207751283113,-0.008023838010633777,-0.01470502212064706,0.008931264258864813,-0.012364728634325028
SOL,SOL/USDT:USDT,2025-02-16 13:00:00+00:00,short_pullback_restart,short,190.56,196.48048188738852,0.031068859610561075,False,True,0.021620486985726304,3.6486766839355447,0.7122302158273341,0.23021582733813473,0.007720782654680125,0.03077838481094819,0.11113702623906696,0.05573407202216063,-0.003138731952291196
SUI,SUI/USDT:USDT,2025-02-16 13:00:00+00:00,short_compression_breakdown,short,3.3266,3.4244515903672488,0.029414895198475552,False,True,0.022725906330788092,1.567142377177433,0.9363449691991722,0.06160164271047438,0.012786945137916339,0.008030059695160796,0.041841528343250944,0.04282131661442001,-0.007843955978406703
SUI,SUI/USDT:USDT,2025-02-16 13:00:00+00:00,short_pullback_restart,short,3.3266,3.4244515903672488,0.029414895198475552,False,True,0.022725906330788092,1.567142377177433,0.9363449691991722,0.06160164271047438,0.012786945137916339,0.008030059695160796,0.041841528343250944,0.04282131661442001,-0.007843955978406703
BTC,BTC/USDT:USDT,2025-02-16 23:00:00+00:00,short_pullback_restart,short,96067.0,97362.96531148042,0.013490223609360386,False,True,0.0080881051765955,3.9801495630443178,0.9026737967914508,0.07724301841948901,-0.0013669651813698058,0.0033819634188119174,-0.005497008219631838,0.009631048043837742,-0.009618556701030956
SUI,SUI/USDT:USDT,2025-02-17 04:00:00+00:00,short_compression_breakdown,short,3.2372,3.35162105618091,0.03534568645153522,False,True,0.028481403682194508,1.497793744172314,0.9561243144424099,0.009140767824500315,-0.013920618964939568,0.026086405274335256,-0.027926250675635034,0.030331964734714667,-0.035025486630697156
SUI,SUI/USDT:USDT,2025-02-17 04:00:00+00:00,short_pullback_restart,short,3.2372,3.35162105618091,0.03534568645153522,False,True,0.028481403682194508,1.497793744172314,0.9561243144424099,0.009140767824500315,-0.013920618964939568,0.026086405274335256,-0.027926250675635034,0.030331964734714667,-0.035025486630697156
DOGE,DOGE/USDT:USDT,2025-02-18 05:00:00+00:00,short_compression_breakdown,short,0.25232,0.26191972116906354,0.03804581947155813,False,True,0.030477171845275743,1.2115766770113903,0.801339285714297,0.15624999999999575,0.005299015897047621,0.005018720624551776,-0.005086550214896901,0.04273080419869402,-0.013565815708198259
DOGE,DOGE/USDT:USDT,2025-02-18 05:00:00+00:00,short_pullback_restart,short,0.25232,0.26191972116906354,0.03804581947155813,False,True,0.030477171845275743,1.2115766770113903,0.801339285714297,0.15624999999999575,0.005299015897047621,0.005018720624551776,-0.005086550214896901,0.04273080419869402,-0.013565815708198259
DOGE,DOGE/USDT:USDT,2025-02-23 15:00:00+00:00,short_pullback_restart,short,0.24062,0.24778912426331268,0.02979438227625582,False,True,0.01895104313855876,2.416642399634714,0.7245989304812821,0.08556149732619987,-0.006031064111037598,0.0676665039712474,0.1467378353905544,0.08270338372930164,-0.013164909978263473
DOGE,DOGE/USDT:USDT,2025-02-24 01:00:00+00:00,short_pullback_restart,short,0.23926,0.24576818434490658,0.027201305462286114,False,True,0.02169188330686283,2.0457960190519713,0.6766055045871574,0.25688073394495625,0.02629434221249949,0.1426524666889537,0.17203879690408552,0.1758981668059172,-0.0007934850699519158
SOL,SOL/USDT:USDT,2025-02-24 01:00:00+00:00,short_compression_breakdown,short,163.53,170.14150763241744,0.0404299372128505,False,True,0.021525102427689173,3.9575782562014648,0.8305555555555594,0.11944444444444653,0.016345556246115667,0.16740434037692742,0.19452154857560267,0.19225721784776906,-0.008187772925764114
SOL,SOL/USDT:USDT,2025-02-24 01:00:00+00:00,short_pullback_restart,short,163.53,170.14150763241744,0.0404299372128505,False,True,0.021525102427689173,3.9575782562014648,0.8305555555555594,0.11944444444444653,0.016345556246115667,0.16740434037692742,0.19452154857560267,0.19225721784776906,-0.008187772925764114
LINK,LINK/USDT:USDT,2025-02-24 02:00:00+00:00,short_pullback_restart,short,17.26,17.792094770468573,0.03082820222877007,False,True,0.02358053302433372,1.2649156478876318,0.683486238532098,0.01376146788990878,0.04164152082076056,0.12494297073584049,0.1347797501643655,0.16362165441920062,-5.7934071027054834e-05
ETH,ETH/USDT:USDT,2025-02-26 12:00:00+00:00,short_pullback_restart,short,2431.95,2513.312967876517,0.03345585553836113,False,True,0.020473282756635607,1.9004859164725418,0.7266071837108257,0.22260352322123106,0.061226894276587895,0.036632409921526055,0.1154557088013648,0.0795328438640257,-0.011844297265450443
BTC,BTC/USDT:USDT,2025-02-26 13:00:00+00:00,short_pullback_restart,short,87150.0,89539.72384709388,0.02742081293280408,False,True,0.020756167527251963,1.5079550108409123,0.7171128107074626,0.14340344168260039,0.03957915831663317,0.012444411399787247,0.031545282056320234,0.059935297122424736,-0.015254237288135575
ETH,ETH/USDT:USDT,2025-02-26 13:00:00+00:00,short_pullback_restart,short,2415.74,2513.447184456766,0.04044606806062172,False,True,0.03486716285692998,1.5252928643310435,0.5311475409836155,0.2373770491803207,0.052399083408118496,0.03432123926390873,0.12269662085856492,0.07233728992622424,-0.018430782983218985
TRX,TRX/USDT:USDT,2025-02-26 17:00:00+00:00,short_pullback_restart,short,0.22558,0.23183010454908384,0.027706820414415464,False,True,0.02154446316162782,1.357949250091764,0.6794871794871804,0.2115384615384588,-0.006430584918956983,-0.011481156879929788,-0.021599583622484264,0.014207355453646153,-0.027169225461445623
TRX,TRX/USDT:USDT,2025-02-26 18:00:00+00:00,short_pullback_restart,short,0.22282,0.2318195256527207,0.040389218439640606,False,True,0.027466116147562995,2.7512147101377784,0.6934673366834231,0.10050251256281038,-0.015334305537142656,-0.02413173914947675,-0.034282494690764054,0.0012582007728947353,-0.03907193375884088
BNB,BNB/USDT:USDT,2025-02-27 14:00:00+00:00,short_pullback_restart,short,602.84,620.6548137523664,0.02955147925215045,False,True,0.018562139207750072,1.4397796692829525,0.7480748074807404,0.020902090209026832,0.006192312186003024,0.03502506695968677,-0.0005139683329187239,0.07734648652512699,-0.010618568544747187
DOGE,DOGE/USDT:USDT,2025-02-27 20:00:00+00:00,short_pullback_restart,short,0.20276,0.21216325937262195,0.04637630386970783,False,True,0.03624975340303805,2.139363912926221,0.5607235142118859,0.38759689922480534,0.05149613649328422,0.010163411717815762,-0.12926221764150136,0.11775082690187433,-0.023314065510597337
TRX,TRX/USDT:USDT,2025-02-27 20:00:00+00:00,short_pullback_restart,short,0.22622,0.23000771292083,0.016743492709884157,False,True,0.012377331800901763,1.4724931662481247,0.5973154362416043,0.3624161073825542,0.025197135865131948,-0.020946940188695473,-0.07597418511559517,0.04397987908994416,-0.023018786439213956
BNB,BNB/USDT:USDT,2025-02-28 01:00:00+00:00,short_pullback_restart,short,587.46,613.6419957780539,0.04456813362280644,False,True,0.029210499438259763,4.2720129830047355,0.7919042189281651,0.09977194982896258,0.0364319613274291,-0.010377008860887438,-0.04479601957691737,0.04986060476088361,-0.012672268907563011
TRX,TRX/USDT:USDT,2025-02-28 01:00:00+00:00,short_pullback_restart,short,0.22141,0.229904132975683,0.038363818145896726,False,True,0.019511313852129616,5.846552180070282,0.9211746522411152,0.0015455950540930886,0.0085637498291804,-0.06010952158594052,-0.08790937178166836,0.021782269601735127,-0.060189311940235135
LINK,LINK/USDT:USDT,2025-03-02 13:00:00+00:00,short_pullback_restart,short,14.604,14.954739487270954,0.024016672642492132,False,True,0.018214187893727748,1.3534801618397576,0.6262626262626334,0.3686868686868643,-0.13835624520620704,-0.12650278126682224,-0.07475924987328952,0.014025829745868634,-0.16700889801505825
BNB,BNB/USDT:USDT,2025-03-02 14:00:00+00:00,short_pullback_restart,short,603.15,612.2155100388271,0.015030274457145224,False,True,0.01142336068971232,1.7579558283533585,0.55240174672488,0.3799126637554571,-0.02420281179725292,0.02606195668815814,0.021336042672085442,0.029266211604095593,-0.04940898345153666
BTC,BTC/USDT:USDT,2025-03-02 14:00:00+00:00,short_pullback_restart,short,85076.3,86618.09756440739,0.01812252724210372,False,True,0.012654523057537831,2.890160476308339,0.7018096906012741,0.0715703444249888,-0.09752519359287148,-0.04664237224698731,-0.038439238087057404,0.0005433370065424104,-0.10418654115466819
LINK,LINK/USDT:USDT,2025-03-02 14:00:00+00:00,short_pullback_restart,short,14.472,14.955158095323029,0.03338571692392406,False,True,0.02694859038142612,1.7115524193518405,0.6186046511627902,0.32558139534883607,-0.1522961574507966,-0.10240029771134418,-0.07851002865329515,0.0027716186252770836,-0.17453798767967144
DOGE,DOGE/USDT:USDT,2025-03-09 02:00:00+00:00,short_compression_breakdown,short,0.18988,0.19710351206969542,0.03804251142666648,False,True,0.029281651569412166,1.497884955222069,0.5967078189300402,0.17283950617283994,0.0004742083355286919,0.10171163330432265,0.16241199877563517,0.15463666768014583,-0.010887117778819677
DOGE,DOGE/USDT:USDT,2025-03-09 02:00:00+00:00,short_pullback_restart,short,0.18988,0.19710351206969542,0.03804251142666648,False,True,0.029281651569412166,1.497884955222069,0.5967078189300402,0.17283950617283994,0.0004742083355286919,0.10171163330432265,0.16241199877563517,0.15463666768014583,-0.010887117778819677
ZEC,ZEC/USDT:USDT,2025-03-09 02:00:00+00:00,short_pullback_restart,short,31.97,33.11179363055115,0.035714533329720015,False,True,0.027838598686268395,1.5728352007963198,0.6451612903225925,0.19354838709677086,0.01782871696911803,0.02764384442301515,0.06851604278074852,0.0967409948542024,-0.002807236431690674
BTC,BTC/USDT:USDT,2025-03-09 09:00:00+00:00,short_pullback_restart,short,85533.0,86564.59540828729,0.012060788330671111,False,True,0.008710088503852314,1.837139439466601,0.42397379071112445,0.38523800346886955,0.030139527041267877,0.037243911726399404,0.035200170409297016,0.07005331938839099,-0.0006496192249902943
DOGE,DOGE/USDT:USDT,2025-03-09 09:00:00+00:00,short_pullback_restart,short,0.18796,0.19568582797510448,0.04110357509632096,False,True,0.03522025962970838,1.642533387301548,0.7634854771784281,0.13692946058091185,0.06036330813494284,0.0784943768648152,0.12564378967541012,0.14296138643964706,-0.0021235931195583424
XRP,XRP/USDT:USDT,2025-03-09 09:00:00+00:00,short_pullback_restart,short,2.2972,2.368124445440142,0.030874301514949444,False,True,0.02550931568866455,1.465748938827735,0.685245901639335,0.16721311475410194,0.05183150183150187,0.05327831270059602,0.04318604967985107,0.10368021523974269,-0.0012608147471848685
BTC,BTC/USDT:USDT,2025-03-09 10:00:00+00:00,short_pullback_restart,short,84816.7,86565.29430769534,0.020616155871371333,False,True,0.013411273959019863,4.315750820017811,0.7762844136136924,0.16334272707565156,0.02868595477341218,0.031337739164270184,0.028578670168966536,0.06109210918089314,-0.00298926778808295
ETH,ETH/USDT:USDT,2025-03-09 10:00:00+00:00,short_pullback_restart,short,2132.84,2220.969447671335,0.04132023390002751,False,True,0.02681401324056169,2.6590183469350697,0.7549575070821511,0.1373937677053859,0.04142578125000007,0.01616069216549465,0.12288423369115997,0.07350513388363211,-0.009359077376113967
XRP,XRP/USDT:USDT,2025-03-09 10:00:00+00:00,short_pullback_restart,short,2.2488,2.358022699337275,0.04856932556798056,False,True,0.02659196015652796,4.369451032466328,0.8080133555926565,0.14357262103505783,0.05364756594668041,0.03231729709878817,0.03255429542219557,0.08042663591813204,-0.006230942595784161
TRX,TRX/USDT:USDT,2025-03-11 14:00:00+00:00,short_compression_breakdown,short,0.22284,0.23264204798332536,0.04398693225329988,False,True,0.028495781726799473,2.744888833380403,0.8100686498855784,0.11899313501144598,-0.008939292861907866,0.009284840798949423,0.006913379422529564,0.014615489687201277,-0.021687593291772722
TRX,TRX/USDT:USDT,2025-03-11 14:00:00+00:00,short_pullback_restart,short,0.22284,0.23264204798332536,0.04398693225329988,False,True,0.028495781726799473,2.744888833380403,0.8100686498855784,0.11899313501144598,-0.008939292861907866,0.009284840798949423,0.006913379422529564,0.014615489687201277,-0.021687593291772722
BTC,BTC/USDT:USDT,2025-03-13 13:00:00+00:00,short_pullback_restart,short,81730.6,84464.42238667223,0.033449190225842286,False,True,0.025634217783792185,3.0923127211580175,0.4741368245411306,0.1120523681170621,0.01936568555674323,-0.021874521292892024,-0.010059216749776834,0.022867612642265778,-0.025345830948292236
DOGE,DOGE/USDT:USDT,2025-03-16 09:00:00+00:00,short_pullback_restart,short,0.17211,0.17766317169816212,0.03226524721493293,False,True,0.02597176224507583,2.4096176281782014,0.7710144927536262,0.18550724637681312,0.024159476346325537,-0.009153713298790889,0.0251355053904343,0.03943713008817484,-0.015614275909402786
SUI,SUI/USDT:USDT,2025-03-16 10:00:00+00:00,short_pullback_restart,short,2.2898,2.3772886711390124,0.0382079968289861,False,True,0.031094418726526206,1.3070809125215745,0.6245733788395876,0.1467576791808934,0.01300654751371444,0.003593969144459974,-0.01822235561462937,0.03935363805546732,-0.012889597792818064
BTC,BTC/USDT:USDT,2025-03-16 11:00:00+00:00,short_pullback_restart,short,82367.9,84447.80542142695,0.025251407665206428,False,True,0.009496417900662723,8.462194480070696,0.9525575060532712,0.026104721549636688,-0.01790634758440779,-0.013262653489068632,-0.01765686643990827,0.005398800863222197,-0.03251386017665858
ADA,ADA/USDT:USDT,2025-03-18 13:00:00+00:00,short_compression_breakdown,short,0.6853,0.7164929518024408,0.04551722136646833,False,True,0.024514811031664856,5.460150451991868,0.6387665198237852,0.19823788546255722,-0.014524014955421327,-0.06787268770402599,-0.033563672260611965,0.006018790369935356,-0.07516869095816459
ADA,ADA/USDT:USDT,2025-03-18 13:00:00+00:00,short_pullback_restart,short,0.6853,0.7164929518024408,0.04551722136646833,False,True,0.024514811031664856,5.460150451991868,0.6387665198237852,0.19823788546255722,-0.014524014955421327,-0.06787268770402599,-0.033563672260611965,0.006018790369935356,-0.07516869095816459
ETH,ETH/USDT:USDT,2025-03-18 13:00:00+00:00,short_pullback_restart,short,1878.79,1926.9290352348523,0.025622360793304398,False,True,0.021173201901223647,2.9493976701744766,0.5198728139904684,0.24324324324324031,-0.012996905748793086,-0.06795880502832652,-0.037233851751261926,0.003439527866050618,-0.0757306676243279
SOL,SOL/USDT:USDT,2025-03-18 13:00:00+00:00,short_compression_breakdown,short,122.28,127.12700483211394,0.03963857402775547,False,True,0.033284265619888724,1.7978213277078179,0.5939086294416256,0.3147208121827436,-0.014903729960525247,-0.06306030189257517,-0.038149925273342156,0.003940886699507429,-0.06777464359228469
SOL,SOL/USDT:USDT,2025-03-18 13:00:00+00:00,short_pullback_restart,short,122.28,127.12700483211394,0.03963857402775547,False,True,0.033284265619888724,1.7978213277078179,0.5939086294416256,0.3147208121827436,-0.014903729960525247,-0.06306030189257517,-0.038149925273342156,0.003940886699507429,-0.06777464359228469
NEAR,NEAR/USDT:USDT,2025-03-18 17:00:00+00:00,short_pullback_restart,short,2.506,2.6029827675288866,0.038700226468031444,False,True,0.031923383878691175,1.4814144409438326,0.7916666666666713,0.08333333333333333,-0.030185758513932015,-0.0949801372336585,-0.08640174990885896,0.0023999999999999577,-0.103719599427754
BTC,BTC/USDT:USDT,2025-03-21 12:00:00+00:00,short_pullback_restart,short,83428.6,84916.31728312376,0.017832221601749937,False,True,0.013943659608335785,2.0321605493094252,0.5718672610202955,0.0928182268449843,-0.007632897705848518,-0.0090956168106191,-0.04419703413131926,0.0036885541733837623,-0.013263157894736755
ADA,ADA/USDT:USDT,2025-03-23 18:00:00+00:00,short_pullback_restart,short,0.6938,0.7168416878816837,0.03321085021862742,False,True,0.02089939463822421,2.2501181879446754,0.9705882352941209,0.02941176470587915,-0.02569863783176518,-0.058488261636585714,-0.04303448275862065,0.004052098408104277,-0.06470746832030205
ETH,ETH/USDT:USDT,2025-03-28 04:00:00+00:00,short_pullback_restart,short,1936.31,2023.9309812348465,0.04525152544522652,False,True,0.01555019599134431,6.0020690796696865,0.5850905019593208,0.3695652173913032,0.014417510569523007,0.022473927392739235,0.07333662230253712,0.0442832488404703,0.0
SOL,SOL/USDT:USDT,2025-03-28 04:00:00+00:00,short_compression_breakdown,short,134.2,140.19331259452713,0.044659557336267815,False,True,0.02906110283159447,3.295441562851755,0.6331658291457283,0.23618090452261142,0.026072329688814122,0.04403298584098336,0.07428754402817783,0.061792863359442896,-0.0022304832713755385
XRP,XRP/USDT:USDT,2025-03-28 04:00:00+00:00,short_compression_breakdown,short,2.2739,2.3637153279616943,0.03949836314776131,False,True,0.02621047539469638,2.4885511352726506,0.616724738675961,0.3205574912891948,0.030546113754815085,0.050057723389517195,0.08929341317365269,0.06891364640624253,-0.0011421041071821847
XRP,XRP/USDT:USDT,2025-03-28 04:00:00+00:00,short_pullback_restart,short,2.2739,2.3637153279616943,0.03949836314776131,False,True,0.02621047539469638,2.4885511352726506,0.616724738675961,0.3205574912891948,0.030546113754815085,0.050057723389517195,0.08929341317365269,0.06891364640624253,-0.0011421041071821847
DOGE,DOGE/USDT:USDT,2025-03-30 13:00:00+00:00,short_pullback_restart,short,0.16827,0.1726876171297242,0.026253147499400893,False,True,0.020205621917157034,1.5538602011415525,0.586319218241043,0.15309446254071654,-0.005907721391859133,0.03417122487861857,-0.020547147846332936,0.051687499999999886,-0.016769895991585737
SOL,SOL/USDT:USDT,2025-03-30 13:00:00+00:00,short_pullback_restart,short,123.37,126.72798976767966,0.027218851971140916,False,True,0.016049282645699842,1.831877898238259,0.7871287128712834,0.18316831683168577,-0.019082452095094182,-0.016345080529421074,-0.02203725723345229,0.0064447707619514905,-0.033074692374010506
DOGE,DOGE/USDT:USDT,2025-03-30 16:00:00+00:00,short_pullback_restart,short,0.16669,0.17249028601822303,0.03479684455110098,False,True,0.027776111344411752,1.4767143065780437,0.5960912052117279,0.22475570032573242,-0.0034078679899556263,0.00011999760004788307,-0.04035693724812894,0.04181250000000003,-0.026002103540960553
LINK,LINK/USDT:USDT,2025-03-30 16:00:00+00:00,short_pullback_restart,short,13.42,13.887241806798874,0.034816826140005544,False,True,0.029880774962742163,1.6257536666793242,0.5912162162162199,0.1722972972972982,-0.0022304832713754275,-0.010251493472969941,-0.0424545130217624,0.03637346513244277,-0.02136658645081302
BTC,BTC/USDT:USDT,2025-04-03 12:00:00+00:00,short_pullback_restart,short,81912.3,84029.52331450437,0.025847440671356706,False,True,0.021387508347342148,1.8485927833478741,0.8936817472698885,0.06419656786271678,-0.001971389268965562,-0.011229729631856089,-0.009081451193399648,0.009117653580905882,-0.03275504155340536
BTC,BTC/USDT:USDT,2025-04-03 14:00:00+00:00,short_compression_breakdown,short,81494.9,83997.08489873081,0.030703576527252856,False,True,0.025644549536228578,1.7769890541151814,0.7471765228990767,0.21778568252556174,-0.01007238463584792,-0.012598337426561246,-0.013737141474040926,0.003975499000889338,-0.03768382570005502
BTC,BTC/USDT:USDT,2025-04-03 14:00:00+00:00,short_pullback_restart,short,81494.9,83997.08489873081,0.030703576527252856,False,True,0.025644549536228578,1.7769890541151814,0.7471765228990767,0.21778568252556174,-0.01007238463584792,-0.012598337426561246,-0.013737141474040926,0.003975499000889338,-0.03768382570005502
ETH,ETH/USDT:USDT,2025-04-05 12:00:00+00:00,short_pullback_restart,short,1797.03,1829.4715919403998,0.01805289390850448,False,True,0.013127215461066396,1.550055188502327,0.6030245746691872,0.3333333333333333,0.0026390671204596927,0.011163690995335207,0.1440877055599059,0.02035567062991861,-0.010653057179665137
BTC,BTC/USDT:USDT,2025-04-05 13:00:00+00:00,short_pullback_restart,short,82714.1,84349.66565685358,0.019773722459091952,False,True,0.013939582247766704,2.5248907517600787,0.6383928571428443,0.29307432432433383,-0.0012629997814501692,0.0055667536307295595,0.0357906732117812,0.006800526806515661,-0.012846325060716812
ETH,ETH/USDT:USDT,2025-04-05 13:00:00+00:00,short_pullback_restart,short,1786.13,1829.4953353732283,0.024278935672783147,False,True,0.0195338525191336,1.7664223801999948,0.6931385006353143,0.2509529860228744,0.0026946158207632465,0.02206492443793384,0.1393678435875354,0.02946380712503105,-0.016654004118081045
SOL,SOL/USDT:USDT,2025-04-05 13:00:00+00:00,short_pullback_restart,short,117.8,123.07238569736626,0.04475709420514653,False,True,0.03387096774193544,1.7498570379382068,0.7303370786516833,0.18539325842696522,-0.006494054145230632,0.02756454989532453,0.06993642143505907,0.031523642732048884,-0.027089527585067774
ADA,ADA/USDT:USDT,2025-04-06 07:00:00+00:00,short_compression_breakdown,short,0.6379,0.657109166196381,0.030113130892586645,False,True,0.024925536918012265,1.7639061822890638,0.6486486486486502,0.27027027027027595,0.029701372074253385,0.22673076923076918,0.1091984002782127,0.24882537196554422,-0.005611847233047418
ADA,ADA/USDT:USDT,2025-04-06 07:00:00+00:00,short_pullback_restart,short,0.6379,0.657109166196381,0.030113130892586645,False,True,0.024925536918012265,1.7639061822890638,0.6486486486486502,0.27027027027027595,0.029701372074253385,0.22673076923076918,0.1091984002782127,0.24882537196554422,-0.005611847233047418
ETH,ETH/USDT:USDT,2025-04-06 12:00:00+00:00,short_pullback_restart,short,1777.19,1818.6728774396593,0.0233418359543207,False,True,0.01933951912851193,1.3958296271404194,0.7382864792503414,0.0689424364123149,0.09865850642927798,0.16919625528779414,0.2164535647793231,0.26041843971631207,-0.0016459564523738646
SOL,SOL/USDT:USDT,2025-04-06 12:00:00+00:00,short_pullback_restart,short,116.39,121.29675635559744,0.0421578860348607,False,True,0.02560357419022256,3.0987505738837484,0.7912087912087888,0.11721611721611976,0.08108861229797504,0.13120808630576342,0.1147399674360694,0.22271246979724757,-8.59106529209619e-05
BTC,BTC/USDT:USDT,2025-04-08 14:00:00+00:00,short_pullback_restart,short,78440.5,81017.41020095168,0.032851781936011105,False,True,0.026059242355670933,2.6237390741225837,0.780620967297198,0.009595764628023102,0.017299427026998826,0.02080641110230519,-0.041733908159014454,0.05178436144465226,-0.004751633572289582
BTC,BTC/USDT:USDT,2025-04-08 16:00:00+00:00,short_pullback_restart,short,77393.5,80576.9367549022,0.04113312816841465,False,True,0.029038614353918534,2.2312339787215016,0.9091219096334137,0.056692242114237,0.00910355654127426,-0.0106662712408232,-0.06471642454805937,0.03774546283446312,-0.011979793672820316
TRX,TRX/USDT:USDT,2025-04-16 08:00:00+00:00,long_pullback_restart,long,0.25388,0.24940479461767934,0.01762724666110232,True,False,0.013352765085867356,1.6802399174950682,0.774891774891788,0.9567099567099611,0.004057034819599847,-0.03816763825429337,-0.04632109658106187,0.005238695446667663,-0.04053095950842911
ZEC,ZEC/USDT:USDT,2025-04-18 06:00:00+00:00,short_pullback_restart,short,30.15,31.25333503651879,0.03659486024937953,False,True,0.030514096185738034,3.7567797329682513,0.6269841269841301,0.34920634920634797,-0.011475409836065653,-0.03550863723608455,-0.053672316384180796,0.010050251256281229,-0.05129011957205798
SOL,SOL/USDT:USDT,2025-04-21 00:00:00+00:00,long_pullback_restart,long,141.16,135.25659264103328,0.04182068120548822,True,False,0.021110796259563545,4.468149329832382,0.5957820738137061,0.6326889279437602,-0.003046188722017562,-0.028690847265514186,0.06340323037687745,0.0071550014168320075,-0.05249362425616322
BTC,BTC/USDT:USDT,2025-04-24 23:00:00+00:00,long_pullback_restart,long,93931.6,92128.35024051259,0.01919747730782202,True,False,0.014496718889063925,1.65394188620631,0.8283059110298665,0.9253503960999401,-0.008214487989132602,0.007028518624190294,-0.0024964974513369542,0.019567429917088708,-0.012174816568652158
BNB,BNB/USDT:USDT,2025-04-25 06:00:00+00:00,long_pullback_restart,long,608.45,595.196752901717,0.02178198224715762,True,False,0.015991453693812174,2.006419231790481,0.728735632183921,0.9126436781609211,-0.0076752403648616685,-0.008118990878461796,-0.003566439313008596,0.0023995398142819813,-0.016796778699975423
SOL,SOL/USDT:USDT,2025-04-25 07:00:00+00:00,long_compression_breakout,long,154.8,149.4967843042156,0.03425849932677271,True,False,0.030038759689922517,1.438119196863151,0.6523605150214601,0.9141630901287607,-0.009043927648578864,-0.02273901808785539,-0.024354005167958714,0.015762273901808843,-0.032622739018087876
SOL,SOL/USDT:USDT,2025-04-25 07:00:00+00:00,long_pullback_restart,long,154.8,149.4967843042156,0.03425849932677271,True,False,0.030038759689922517,1.438119196863151,0.6523605150214601,0.9141630901287607,-0.009043927648578864,-0.02273901808785539,-0.024354005167958714,0.015762273901808843,-0.032622739018087876
BNB,BNB/USDT:USDT,2025-04-26 15:00:00+00:00,long_pullback_restart,long,608.22,598.9351678277093,0.015265581816268371,True,False,0.010752688172042951,2.1212694118822095,0.7338129496402891,0.7338129496402891,-6.576567689331458e-05,-0.014912367235539903,-0.01157475913320849,0.0022031501759229855,-0.020321594160007894
BTC,BTC/USDT:USDT,2025-04-26 22:00:00+00:00,long_pullback_restart,long,94733.7,93761.6804020879,0.010260547174997818,True,False,0.005562962282693487,1.7850342304655598,0.9562655789712151,0.9562655789712151,-0.008084768144810073,-0.008899684061743462,-0.006624886392065266,0.005771969214756867,-0.012523526474739088
TAO,TAO/USDT:USDT,2025-04-27 21:00:00+00:00,long_pullback_restart,long,361.75,344.4946283403344,0.04769971433217865,True,False,0.032259847961299284,1.251824975872892,0.8290488431876621,0.8521850899742954,-0.019018659295093276,0.030850034554250172,-0.024906703524533502,0.07527297857636484,-0.04727021423635114
BNB,BNB/USDT:USDT,2025-04-29 06:00:00+00:00,long_pullback_restart,long,609.6,599.9814644511275,0.015778437580171424,True,False,0.012057086614173266,1.4997864268852241,0.82745098039214,0.8509803921568685,-0.013845144356955497,-0.010531496062992196,-0.020784120734908207,0.0019685039370078705,-0.01979986876640427
ETH,ETH/USDT:USDT,2025-05-01 10:00:00+00:00,long_pullback_restart,long,1847.0,1785.301313196945,0.03340481147972653,True,False,0.019426096372496,3.5669466712145383,0.8878177037686265,0.8878177037686265,0.006329182458040039,-0.01001624255549538,-0.011174878180833847,0.013919870059555972,-0.018949648077964287
ADA,ADA/USDT:USDT,2025-05-02 02:00:00+00:00,long_compression_breakout,long,0.7193,0.6928001267681211,0.03684119731944803,True,False,0.02780481023217019,1.315901268109096,0.8652482269503616,0.9787234042553214,-0.021270679827610328,-0.030029195050743862,-0.060197414152648454,0.008480467120811852,-0.04351452801334643
ADA,ADA/USDT:USDT,2025-05-02 02:00:00+00:00,long_pullback_restart,long,0.7193,0.6928001267681211,0.03684119731944803,True,False,0.02780481023217019,1.315901268109096,0.8652482269503616,0.9787234042553214,-0.021270679827610328,-0.030029195050743862,-0.060197414152648454,0.008480467120811852,-0.04351452801334643
BTC,BTC/USDT:USDT,2025-05-02 14:00:00+00:00,long_pullback_restart,long,97690.1,96191.97707417166,0.015335463120913398,True,False,0.010020462667148402,4.943231706902355,0.7930114049988012,0.8582059370702985,-0.0074449713942355,-0.014079215805900547,-0.03941341036604529,0.0016265721910408981,-0.019298782578787477
SOL,SOL/USDT:USDT,2025-05-02 14:00:00+00:00,long_pullback_restart,long,151.46,148.0603261219174,0.02244601794587752,True,False,0.01769444077644267,2.21353049804841,0.7101449275362328,0.7101449275362328,-0.021787930806813738,-0.02026937805361162,-0.0465469430872838,0.0015185527532020071,-0.03208767991548933
ADA,ADA/USDT:USDT,2025-05-03 13:00:00+00:00,long_pullback_restart,long,0.7105,0.6898784596298455,0.02902398363146307,True,False,0.017733990147783173,1.6848950796517663,0.9418604651162729,0.9883720930232571,0.00337790288529205,-0.03645320197044344,-0.0913441238564392,0.026600985221674867,-0.0405348346235046
ZEC,ZEC/USDT:USDT,2025-05-05 16:00:00+00:00,long_pullback_restart,long,36.96,35.43712572993249,0.04120330817282227,True,False,0.03517316017316029,1.6477829789338632,0.5714285714285682,0.6666666666666666,-0.008387445887445999,-0.04139610389610393,0.1158008658008658,0.008928571428571397,-0.06439393939393945
NEAR,NEAR/USDT:USDT,2025-05-06 10:00:00+00:00,short_compression_breakdown,short,2.276,2.3526540379197023,0.03367927852359512,False,True,0.029876977152899855,2.239408344052416,0.6486486486486506,0.35135135135134943,0.007525453740593102,-0.021496130696474713,-0.22214627477785387,0.02108568864961846,-0.04490138480906425
NEAR,NEAR/USDT:USDT,2025-05-06 10:00:00+00:00,short_pullback_restart,short,2.276,2.3526540379197023,0.03367927852359512,False,True,0.029876977152899855,2.239408344052416,0.6486486486486506,0.35135135135134943,0.007525453740593102,-0.021496130696474713,-0.22214627477785387,0.02108568864961846,-0.04490138480906425
BNB,BNB/USDT:USDT,2025-05-07 12:00:00+00:00,long_compression_breakout,long,608.13,601.0044170355502,0.011717203499991434,True,False,0.009405883610412292,1.955018215753157,0.5878378378378563,0.6081081081081087,-0.012086231562330463,0.009077006561097,0.07284626642329761,0.01701938730205721,-0.018302007794386066
BNB,BNB/USDT:USDT,2025-05-07 12:00:00+00:00,long_pullback_restart,long,608.13,601.0044170355502,0.011717203499991434,True,False,0.009405883610412292,1.955018215753157,0.5878378378378563,0.6081081081081087,-0.012086231562330463,0.009077006561097,0.07284626642329761,0.01701938730205721,-0.018302007794386066
BTC,BTC/USDT:USDT,2025-05-08 15:00:00+00:00,long_compression_breakout,long,100730.8,98379.41097118692,0.02334329747021843,True,False,0.013712786952947885,5.466346864548046,0.6325779672425386,0.657886470720218,0.020540887196368818,0.021067042056649887,0.03327879854026761,0.036157759096522524,-0.0017948829950720224
BTC,BTC/USDT:USDT,2025-05-08 15:00:00+00:00,long_pullback_restart,long,100730.8,98379.41097118692,0.02334329747021843,True,False,0.013712786952947885,5.466346864548046,0.6325779672425386,0.657886470720218,0.020540887196368818,0.021067042056649887,0.03327879854026761,0.036157759096522524,-0.0017948829950720224
BTC,BTC/USDT:USDT,2025-05-10 06:00:00+00:00,long_pullback_restart,long,103908.0,102600.50517778572,0.012583196887768842,True,False,0.006409516110405359,1.5422993977808226,0.9801666666666764,0.9801666666666764,-0.0025147245640374516,-0.0009518035184971074,-0.01349366747507419,0.01051025907533587,-0.009315933325634185
ADA,ADA/USDT:USDT,2025-05-10 07:00:00+00:00,long_pullback_restart,long,0.8003,0.7676333813228329,0.04081796660898055,True,False,0.03148819192802699,2.093582507392056,0.46551724137930917,0.8706896551724178,0.011620642259152714,-0.011245782831438178,-0.011495689116581276,0.05797825815319246,-0.02124203423716109
ETH,ETH/USDT:USDT,2025-05-10 07:00:00+00:00,long_pullback_restart,long,2399.17,2300.1690202918503,0.041264678913186546,True,False,0.030293809942605082,1.3460894619212866,0.5209599999999991,0.7227200000000011,0.015767953083774877,0.030610586161047282,0.025312920718415066,0.0870426022332722,-0.016326479574186092
LINK,LINK/USDT:USDT,2025-05-10 07:00:00+00:00,long_pullback_restart,long,16.349,15.806183768232945,0.03320180021818188,True,False,0.026851795216832945,1.261914071164477,0.3551401869158925,0.7149532710280359,0.004342773258303456,0.005933084592329996,0.003486451770750465,0.06826105572206242,-0.020001223316410854
BNB,BNB/USDT:USDT,2025-05-10 23:00:00+00:00,long_pullback_restart,long,664.1,647.5830901424347,0.02487111859293079,True,False,0.01520855292877582,1.6041425876725555,0.9518987341772156,0.977215189873424,0.0008131305526275501,-0.01918385785273302,0.0007830146062339782,0.006926667670531517,-0.023912061436530685
XRP,XRP/USDT:USDT,2025-05-12 00:00:00+00:00,long_pullback_restart,long,2.3949,2.322489734994254,0.030235193538663777,True,False,0.025345525909223666,1.2851026181620868,0.8940809968847323,1.0,0.0010021295252411466,0.04112906593177179,0.0714852394672012,0.10860578729800818,-0.018622907010731105
ETH,ETH/USDT:USDT,2025-05-13 11:00:00+00:00,long_pullback_restart,long,2512.26,2407.789276025698,0.041584359888826,True,False,0.03382611672358753,1.483314632221159,0.6578891931746398,0.7322519485991229,0.03874598966667442,0.044541568149793154,0.042885688583187864,0.09010213910980536,-0.008808801636773333
BTC,BTC/USDT:USDT,2025-05-13 19:00:00+00:00,long_compression_breakout,long,104744.7,102372.68576224848,0.02264567312476445,True,False,0.01796749620744534,1.9853696614062393,0.5004713646005202,0.7590148479849138,-0.01016471477793146,-0.013995934877850669,-0.007355026077691673,0.0013795447406885764,-0.02108650843431692
BTC,BTC/USDT:USDT,2025-05-13 19:00:00+00:00,long_pullback_restart,long,104744.7,102372.68576224848,0.02264567312476445,True,False,0.01796749620744534,1.9853696614062393,0.5004713646005202,0.7590148479849138,-0.01016471477793146,-0.013995934877850669,-0.007355026077691673,0.0013795447406885764,-0.02108650843431692
BNB,BNB/USDT:USDT,2025-05-15 16:00:00+00:00,long_pullback_restart,long,660.31,641.2516247035607,0.02886276945137783,True,False,0.021656494676742848,1.7738402577249586,0.7441471571906217,0.9849498327759144,-0.013009041207917349,-0.011827777861913247,-0.009934727627932238,0.001908194635853011,-0.022110826732898103
ETH,ETH/USDT:USDT,2025-05-18 05:00:00+00:00,long_pullback_restart,long,2511.34,2446.8354101188665,0.025685327307785322,True,False,0.017628039214124723,1.7683031339943207,0.8751245433410911,0.8860843573563659,-0.004320402653563593,-0.053226564304315604,0.03231342629831069,0.030334403147323608,-0.07912907053604856
ETH,ETH/USDT:USDT,2025-05-18 13:00:00+00:00,long_pullback_restart,long,2541.19,2462.5558251869643,0.03094383923005984,True,False,0.02404778863445871,2.0321244678612356,0.8284600389863556,0.9286062378167681,-0.052892542470259984,-0.04520716672110314,0.0016606393067812864,0.018231615896489473,-0.08994604889835078
BNB,BNB/USDT:USDT,2025-05-18 14:00:00+00:00,long_pullback_restart,long,651.08,640.1360119780625,0.016808975889195752,True,False,0.012840203968790338,2.6086630039912473,0.5055187637969296,0.7417218543046432,-0.01727898261350369,-0.01133501259445846,0.012364072003440363,0.005974688210358181,-0.027523499416354458
ZEC,ZEC/USDT:USDT,2025-05-21 16:00:00+00:00,long_compression_breakout,long,41.84,40.63784293201992,0.028732243498567917,True,False,0.025334608030592787,2.1324899916481828,0.4634146341463571,0.6097560975609807,0.005258126195028634,0.15368068833652004,0.1448374760994262,0.16108986615678766,-0.026290630975143392
ZEC,ZEC/USDT:USDT,2025-05-21 16:00:00+00:00,long_pullback_restart,long,41.84,40.63784293201992,0.028732243498567917,True,False,0.025334608030592787,2.1324899916481828,0.4634146341463571,0.6097560975609807,0.005258126195028634,0.15368068833652004,0.1448374760994262,0.16108986615678766,-0.026290630975143392
XRP,XRP/USDT:USDT,2025-05-22 08:00:00+00:00,long_compression_breakout,long,2.4341,2.365381917193716,0.028231413173774336,True,False,0.02169179573559014,1.5769571746883657,0.7656250000000012,0.8151041666666685,-0.0038617969680785347,0.001643317858756932,-0.0600632677375621,0.018774906536296765,-0.012365966887145197
XRP,XRP/USDT:USDT,2025-05-22 08:00:00+00:00,long_pullback_restart,long,2.4341,2.365381917193716,0.028231413173774336,True,False,0.02169179573559014,1.5769571746883657,0.7656250000000012,0.8151041666666685,-0.0038617969680785347,0.001643317858756932,-0.0600632677375621,0.018774906536296765,-0.012365966887145197
LINK,LINK/USDT:USDT,2025-05-22 14:00:00+00:00,long_pullback_restart,long,16.841,16.034872210129727,0.04786697879403088,True,False,0.039427587435425536,1.9550050011927378,0.9527777777777698,0.9666666666666657,-0.010866338103438067,-0.026542366842824183,-0.10284424915385082,0.018585594679650708,-0.06359479840864568
SOL,SOL/USDT:USDT,2025-05-23 01:00:00+00:00,long_compression_breakout,long,183.07,176.50991278783812,0.03583376420037076,True,False,0.02676571803135416,1.356677880229438,0.7286585365853614,0.8536585365853604,-0.0032228109466324595,-0.051073359916971595,-0.03610640738515314,0.025127000600863036,-0.05762822963893588
SOL,SOL/USDT:USDT,2025-05-23 01:00:00+00:00,long_pullback_restart,long,183.07,176.50991278783812,0.03583376420037076,True,False,0.02676571803135416,1.356677880229438,0.7286585365853614,0.8536585365853604,-0.0032228109466324595,-0.051073359916971595,-0.03610640738515314,0.025127000600863036,-0.05762822963893588
BTC,BTC/USDT:USDT,2025-05-24 10:00:00+00:00,long_pullback_restart,long,109043.5,106583.77748014407,0.022557259441011446,True,False,0.01661171917629211,1.6621891390842582,0.8322493224932276,0.8387533875338753,-0.0007685006442383902,-0.019626112514730454,0.0055427421166780455,0.003637997679825089,-0.02192244379536612
BNB,BNB/USDT:USDT,2025-05-25 22:00:00+00:00,long_pullback_restart,long,670.61,659.0819931788218,0.017190329433170132,True,False,0.01370394118787364,1.491469064398495,0.7872340425532031,0.8351063829787319,0.0038323317576534066,0.0035042722297609075,0.024574640998493935,0.010274227941724723,-0.003921802537987795
BTC,BTC/USDT:USDT,2025-05-25 22:00:00+00:00,long_pullback_restart,long,109122.6,106390.69784321578,0.02503516372212748,True,False,0.012747130291983511,4.286372338554721,0.9142644002770851,0.9752757499866818,0.003431003293543178,0.0001942768958951291,-0.016263358827594,0.011706099378130608,-0.0057128404198580895
TRX,TRX/USDT:USDT,2025-05-26 11:00:00+00:00,long_pullback_restart,long,0.27379,0.269861578443499,0.014348301824394507,True,False,0.011249497790277117,1.8799580799118405,0.695652173913015,0.745341614906819,-0.008546696373132545,0.010117243142554466,0.013039190620548702,0.018663939515687122,-0.009350231929580843
BNB,BNB/USDT:USDT,2025-05-29 00:00:00+00:00,long_pullback_restart,long,690.91,680.1933662561034,0.015510896851828057,True,False,0.011839458105976105,1.2584610822554185,0.8207171314741075,0.9402390438246874,-0.010913143535337455,-0.03418679712263539,-0.04976046084149888,0.00023157864265987982,-0.03750126644570195
TRX,TRX/USDT:USDT,2025-05-29 08:00:00+00:00,long_pullback_restart,long,0.27771,0.271963505865886,0.020692427835202146,True,False,0.015447769255698447,2.1345395028043153,0.6394849785407691,0.7939914163090211,-0.005617370638435815,-0.025530229375967717,-0.03590075978538776,0.0015843865903280019,-0.03543264556551806
XRP,XRP/USDT:USDT,2025-05-30 16:00:00+00:00,short_pullback_restart,short,2.1525,2.2289009150538246,0.035494037191091635,False,True,0.029175377468060485,2.0604246074788133,0.5265017667844573,0.3374558303886908,0.006499579163939062,-0.016943734015345324,-0.004532211071544334,0.035951487149870065,-0.023632404971423493
LINK,LINK/USDT:USDT,2025-06-01 09:00:00+00:00,short_pullback_restart,short,13.661,14.209960450097377,0.040184499677723244,False,True,0.03242807993558302,1.9335056238498076,0.4785992217898882,0.35019455252918275,-0.019451622164800564,-0.0026283127692194874,-0.05085805599944426,0.002200865673831709,-0.032164364151611835
NEAR,NEAR/USDT:USDT,2025-06-01 09:00:00+00:00,short_pullback_restart,short,2.363,2.4551789494896927,0.03900928882339938,False,True,0.02920016927634361,1.457155477161665,0.589285714285717,0.24999999999999803,-0.027171675586661115,-0.0071428571428571175,-0.06895193065405825,0.0016956337431115465,-0.046408393866021025
ADA,ADA/USDT:USDT,2025-06-02 08:00:00+00:00,short_pullback_restart,short,0.6715,0.6909322262510571,0.028938534997851255,False,True,0.023380491437081232,1.4529970323228556,0.6893203883495083,0.1747572815533989,-0.0007440476190476719,-0.028922631959508394,-0.01060851628112569,0.012515078407720148,-0.05007780449851462
LINK,LINK/USDT:USDT,2025-06-02 09:00:00+00:00,short_pullback_restart,short,13.697,14.140866707439983,0.0324061259721095,False,True,0.02613711031612766,1.6111311590925412,0.6621621621621686,0.31756756756756027,-0.00029194949273780857,-0.027201704545454564,-0.003854545454545555,0.00861561119293075,-0.05125718639606569
NEAR,NEAR/USDT:USDT,2025-06-02 09:00:00+00:00,short_pullback_restart,short,2.38,2.4839574501901067,0.04367960092021295,False,True,0.03445378151260517,1.4009587833287216,0.8181818181818243,0.1818181818181757,-0.017341040462427904,-0.048760991207034365,-0.03721682847896446,0.003372681281618828,-0.07644547923942568
SUI,SUI/USDT:USDT,2025-06-04 10:00:00+00:00,short_pullback_restart,short,3.2198,3.2969757841504967,0.023969123594787416,False,True,0.020342878439654672,1.258759156004586,0.7722513089005183,0.07329842931937569,-0.006663787252421782,0.02505491706726959,-0.016975025951028733,0.03099583733589495,-0.00810203012846189
SUI,SUI/USDT:USDT,2025-06-04 11:00:00+00:00,short_compression_breakdown,short,3.1929,3.2970589424254615,0.032622049680685786,False,True,0.023019825237245176,1.4414407622007366,0.7613636363636382,0.04261363636363783,-0.00967711919605474,0.010155656795747925,-0.02154327040941406,0.022382324687800104,-0.01638889744616623
SUI,SUI/USDT:USDT,2025-06-04 11:00:00+00:00,short_pullback_restart,short,3.1929,3.2970589424254615,0.032622049680685786,False,True,0.023019825237245176,1.4414407622007366,0.7613636363636382,0.04261363636363783,-0.00967711919605474,0.010155656795747925,-0.02154327040941406,0.022382324687800104,-0.01638889744616623
DOGE,DOGE/USDT:USDT,2025-06-04 13:00:00+00:00,short_pullback_restart,short,0.19176,0.19738762769628412,0.029347244974364358,False,True,0.02482269503546092,1.5290081617606404,0.4360465116278914,0.12209302325582315,0.013584227496167944,0.014710551381098558,0.02282910177085551,0.026607420097435552,-0.008941030544214024
XRP,XRP/USDT:USDT,2025-06-05 06:00:00+00:00,short_pullback_restart,short,2.1869,2.2398233408191417,0.02420016499114803,False,True,0.0197082628378069,1.6199074805623166,0.6761363636363414,0.15909090909091425,-0.015353444394416882,0.029807873422490028,-0.0076685724657410415,0.06284020217729402,-0.017344416984947042
SOL,SOL/USDT:USDT,2025-06-05 13:00:00+00:00,short_pullback_restart,short,150.26,154.87076350765662,0.030685235642597022,False,True,0.022827099693864015,3.9512285651153354,0.7443298969072202,0.15670103092783336,0.028262505987818987,-0.0029197080291970545,0.004478909017982424,0.062433712790779694,-0.015076035658101783
TRX,TRX/USDT:USDT,2025-06-07 15:00:00+00:00,long_pullback_restart,long,0.28071,0.27677442010138653,0.014020091548621294,True,False,0.011827152577393002,1.5658961508447633,0.7188940092165909,0.9032258064516187,0.01225464001994947,0.015353923978483008,0.03989882797192834,0.024580527946991504,-0.0028499162837092307
TRX,TRX/USDT:USDT,2025-06-07 16:00:00+00:00,long_pullback_restart,long,0.28147,0.2767616758084303,0.016727623517851602,True,False,0.01382030056489148,2.934211652216712,0.4634146341463225,0.9512195121951079,0.0176217714143605,0.008775357942232054,0.04057270757096676,0.02181404767826045,-0.003552776494830767
TRX,TRX/USDT:USDT,2025-06-09 18:00:00+00:00,long_pullback_restart,long,0.28588,0.28035898740534837,0.0193123429223858,True,False,0.016230586259969332,1.8166783133708027,0.45614035087719756,0.7134502923976647,0.003917727717923425,0.023716244578144474,-0.04288512662655675,0.030327410102140684,-0.0033580523296488085
SUI,SUI/USDT:USDT,2025-06-12 10:00:00+00:00,short_compression_breakdown,short,3.2926,3.4060168618167177,0.03444598852478816,False,True,0.029429630079572302,1.3828917061960444,0.5594202898550692,0.35652173913044083,-0.010607289882508475,0.09044543798642168,0.10319640822890852,0.12891723239388342,-0.022880375107576234
DOGE,DOGE/USDT:USDT,2025-06-12 15:00:00+00:00,short_compression_breakdown,short,0.1858,0.1924769587836682,0.03593626901866629,False,True,0.030947255113024638,2.1094610119597936,0.7722095671981826,0.09111617312072569,0.0295339945697346,0.045170726219271984,0.05646215954966727,0.0954542774600553,-0.022259643214229352
DOGE,DOGE/USDT:USDT,2025-06-12 15:00:00+00:00,short_pullback_restart,short,0.1858,0.1924769587836682,0.03593626901866629,False,True,0.030947255113024638,2.1094610119597936,0.7722095671981826,0.09111617312072569,0.0295339945697346,0.045170726219271984,0.05646215954966727,0.0954542774600553,-0.022259643214229352
ADA,ADA/USDT:USDT,2025-06-12 19:00:00+00:00,short_compression_breakdown,short,0.6681,0.6945770834612477,0.039630419789324446,False,True,0.02679239634785199,1.7234885226948577,0.6903225806451538,0.14838709677419804,0.06793478260869557,0.05778974034198847,0.061824539097266484,0.08317120622568086,-0.004025044722719029
ADA,ADA/USDT:USDT,2025-06-12 19:00:00+00:00,short_pullback_restart,short,0.6681,0.6945770834612477,0.039630419789324446,False,True,0.02679239634785199,1.7234885226948577,0.6903225806451538,0.14838709677419804,0.06793478260869557,0.05778974034198847,0.061824539097266484,0.08317120622568086,-0.004025044722719029
DOGE,DOGE/USDT:USDT,2025-06-12 19:00:00+00:00,short_compression_breakdown,short,0.18465,0.1916967005888262,0.03816247272583915,False,True,0.0314107771459518,1.2804120637165737,0.6252983293556047,0.243436754176616,0.07286037998954153,0.046472088410314694,0.06389721133901838,0.08867401686221332,-0.0050649280672450114
DOGE,DOGE/USDT:USDT,2025-06-12 19:00:00+00:00,short_pullback_restart,short,0.18465,0.1916967005888262,0.03816247272583915,False,True,0.0314107771459518,1.2804120637165737,0.6252983293556047,0.243436754176616,0.07286037998954153,0.046472088410314694,0.06389721133901838,0.08867401686221332,-0.0050649280672450114
ADA,ADA/USDT:USDT,2025-06-14 15:00:00+00:00,short_pullback_restart,short,0.628,0.639713098134134,0.018651430149894926,False,True,0.012898089171974516,2.2579195410626003,0.4477611940298559,0.34328358208955123,0.004960793726996204,-0.003490955252300809,0.027150801439319583,0.024971437897829185,-0.01195720578980497
LINK,LINK/USDT:USDT,2025-06-14 15:00:00+00:00,short_pullback_restart,short,12.989,13.357145427964142,0.028342861495430034,False,True,0.021402725383016297,1.995521228183635,0.5517241379310366,0.2931034482758638,-0.012543712939029894,-0.013518645097592374,-0.004216498006746394,0.01294548857521649,-0.02470340892025824
SUI,SUI/USDT:USDT,2025-06-14 15:00:00+00:00,short_pullback_restart,short,2.9232,3.062714310759532,0.0477265704568733,False,True,0.027709359605911317,6.364526426500389,0.6813842482100249,0.24343675417661037,0.002056766762649209,-0.02767429483767969,0.0224911679317219,0.0427338232146679,-0.03629710216595794
TAO,TAO/USDT:USDT,2025-06-14 15:00:00+00:00,short_pullback_restart,short,364.77,379.0995011513853,0.03928366135204466,False,True,0.02938838171998786,1.6487975166111744,0.6661417322834651,0.2755905511811014,0.0017851257827088407,-0.017295724561545378,0.061272584446190104,0.03205636034404713,-0.026760939167556064
ADA,ADA/USDT:USDT,2025-06-14 16:00:00+00:00,short_pullback_restart,short,0.6178,0.6397293054102673,0.03549580027560258,False,True,0.020880543865328442,4.881430878731886,0.6518987341772121,0.2405063291139251,-0.00627312208460673,-0.019520710998254254,0.027098919368246044,0.008323812632609728,-0.02800503461296422
LINK,LINK/USDT:USDT,2025-06-14 16:00:00+00:00,short_compression_breakdown,short,12.864,13.35376361168099,0.03807242006226589,False,True,0.030239427860696465,2.845249617530023,0.6146341463414605,0.20000000000000173,-0.021674652064795685,-0.027149663465174334,0.0035104142288790996,0.001791137761856687,-0.034089202582970324
LINK,LINK/USDT:USDT,2025-06-14 16:00:00+00:00,short_pullback_restart,short,12.864,13.35376361168099,0.03807242006226589,False,True,0.030239427860696465,2.845249617530023,0.6146341463414605,0.20000000000000173,-0.021674652064795685,-0.027149663465174334,0.0035104142288790996,0.001791137761856687,-0.034089202582970324
SOL,SOL/USDT:USDT,2025-06-14 16:00:00+00:00,short_pullback_restart,short,143.32,147.3255196025243,0.027948085420906477,False,True,0.023444041306167913,2.2785883352036937,0.5588235294117742,0.2352941176470547,-0.00624046595479133,-0.05629814973332459,-0.018221674201945426,0.010220624515401289,-0.06277792309704422
DOGE,DOGE/USDT:USDT,2025-06-15 08:00:00+00:00,short_pullback_restart,short,0.1749,0.17891882302060358,0.02297783316525774,False,True,0.020182961692395685,1.5645570958751998,0.5084745762711832,0.3898305084745707,-0.010970368694865451,-0.01570150261691705,0.026167566298990863,0.02125423332944054,-0.021757368980368064
DOGE,DOGE/USDT:USDT,2025-06-15 09:00:00+00:00,short_pullback_restart,short,0.17363,0.17891433566198905,0.030434462143575695,False,True,0.024074180729136606,1.6376440296123744,0.9071428571428444,0.08571428571429138,-0.012736680502643982,-0.019371964305884948,0.02346006483937524,0.01383860796449854,-0.028860674534369912
SOL,SOL/USDT:USDT,2025-06-19 14:00:00+00:00,short_pullback_restart,short,143.09,147.37923781163389,0.029975804120720397,False,True,0.02362149695995524,1.7780557375854091,0.44571428571428634,0.14285714285714285,-0.015074339207048482,-0.005698005698005604,0.10230336645867033,0.0018203458657144456,-0.038050420168067256
NEAR,NEAR/USDT:USDT,2025-06-21 13:00:00+00:00,short_pullback_restart,short,2.036,2.108399262497921,0.03555955918365474,False,True,0.020628683693516826,2.249124918890368,0.6511627906976795,0.11627906976744018,0.028282828282828243,0.1005405405405404,-0.061318579990779165,0.11622807017543857,-0.008763388510223846
SOL,SOL/USDT:USDT,2025-06-21 17:00:00+00:00,short_pullback_restart,short,138.58,142.79018423614164,0.030380893607603033,False,True,0.02496752778178675,1.7709666237944486,0.5522388059701441,0.1529850746268746,0.02409104345255697,0.0625670909369731,-0.04255907143844129,0.09627402895340564,-0.007164350193437419
BNB,BNB/USDT:USDT,2025-06-22 13:00:00+00:00,short_pullback_restart,short,616.15,636.1053795074598,0.032387210107051596,False,True,0.014395845167572838,5.418856239560755,0.8069828722002601,0.16534914361001188,0.018160486482913685,-0.016677306096393285,-0.04776991314561241,0.025361535005242075,-0.018197173223704288
ETH,ETH/USDT:USDT,2025-06-22 13:00:00+00:00,short_pullback_restart,short,2198.9,2306.19426019406,0.04879451552779113,False,True,0.030337896220837705,4.477001172271152,0.639762991432462,0.31723917047001304,0.007302011947081022,-0.04146432899451613,-0.0964823253386804,0.0416390336333492,-0.04395652173913045
ADA,ADA/USDT:USDT,2025-06-25 09:00:00+00:00,short_pullback_restart,short,0.5761,0.5915826549823412,0.026874943555530724,False,True,0.023086269744836123,1.5004269625143387,0.4625000000000042,0.2624999999999986,0.016049382716049276,0.02199751640943748,0.026733202637675868,0.023631840796019876,-0.01555023923444998
ADA,ADA/USDT:USDT,2025-06-25 15:00:00+00:00,short_pullback_restart,short,0.567,0.5893258493740728,0.03937539572146895,False,True,0.030511463844797148,2.6518344350992993,0.8411214953271002,0.13084112149532254,-0.0017605633802817433,0.023096355106459576,0.005319148936170137,0.031847133757961776,-0.024767801857585314
LINK,LINK/USDT:USDT,2025-07-01 18:00:00+00:00,short_compression_breakdown,short,12.848,13.278976276841819,0.03354423076290614,False,True,0.025918430884184322,1.3012703769807408,0.7924528301886723,0.1949685534591223,0.0035148012184644806,-0.06519208381839336,-0.015026065624041629,0.010380622837370401,-0.06810763762965111
LINK,LINK/USDT:USDT,2025-07-01 18:00:00+00:00,short_pullback_restart,short,12.848,13.278976276841819,0.03354423076290614,False,True,0.025918430884184322,1.3012703769807408,0.7924528301886723,0.1949685534591223,0.0035148012184644806,-0.06519208381839336,-0.015026065624041629,0.010380622837370401,-0.06810763762965111
BTC,BTC/USDT:USDT,2025-07-03 09:00:00+00:00,long_pullback_restart,long,109894.7,108392.32447900916,0.013671046201416823,True,False,0.009550961056356597,2.1898162239307997,0.6059574468085014,0.6059574468085014,-0.007324284064654574,-0.008626439673614872,-0.01913286082040344,0.00536240601230098,-0.01308798331493699
ETH,ETH/USDT:USDT,2025-07-03 13:00:00+00:00,long_compression_breakout,long,2623.76,2550.4013741690787,0.027959350638366878,True,False,0.02315379455437997,2.874728149939003,0.7210843373494011,0.7742971887550253,-0.014913711619965242,-0.03779309083147864,-0.02529575875842316,0.002873738451687702,-0.03916516754581223
ETH,ETH/USDT:USDT,2025-07-03 13:00:00+00:00,long_pullback_restart,long,2623.76,2550.4013741690787,0.027959350638366878,True,False,0.02315379455437997,2.874728149939003,0.7210843373494011,0.7742971887550253,-0.014913711619965242,-0.03779309083147864,-0.02529575875842316,0.002873738451687702,-0.03916516754581223
XRP,XRP/USDT:USDT,2025-07-06 06:00:00+00:00,long_pullback_restart,long,2.2314,2.1982605962739123,0.014851395413680865,True,False,0.011427803172895976,1.7041776448461736,0.6546762589927805,0.776978417266164,0.018687819306265174,0.011920767231334617,0.04226046428251329,0.02612709509724831,-0.0031818589226494387
XRP,XRP/USDT:USDT,2025-07-08 17:00:00+00:00,long_pullback_restart,long,2.3089,2.2520224044707358,0.024634066234684997,True,False,0.0211789163671011,1.8598740414007264,0.9033816425120866,0.942028985507252,0.0003031746719217576,0.030707263198925805,0.21352159036770746,0.04170817272294158,-0.005803629433929536
XRP,XRP/USDT:USDT,2025-07-09 10:00:00+00:00,long_compression_breakout,long,2.3562,2.29374280942467,0.026507592978240367,True,False,0.018079959256429738,2.7351367802157327,0.7896825396825354,0.8492063492063475,0.011883541295306,0.0359052711993888,0.20393005687123344,0.0429505135387489,-0.0022918258212375475
XRP,XRP/USDT:USDT,2025-07-09 10:00:00+00:00,long_pullback_restart,long,2.3562,2.29374280942467,0.026507592978240367,True,False,0.018079959256429738,2.7351367802157327,0.7896825396825354,0.8492063492063475,0.011883541295306,0.0359052711993888,0.20393005687123344,0.0429505135387489,-0.0022918258212375475
BTC,BTC/USDT:USDT,2025-07-09 12:00:00+00:00,long_pullback_restart,long,109286.7,108212.80769905845,0.009826376868745646,True,False,0.007630388693226113,3.43268953271057,0.5128016209246586,0.6586848406704644,0.0018199835844618928,0.013929416845782638,0.07509788473803303,0.025164086755296022,-0.00784816450675152
TRX,TRX/USDT:USDT,2025-07-09 17:00:00+00:00,long_pullback_restart,long,0.28896,0.28615756826424954,0.009698337955947033,True,False,0.005883167220376451,3.3815292631232476,0.7352941176470499,0.7731092436974847,0.0021110188261350693,0.007924972314507173,0.03917497231450717,0.009966777408637828,-0.0015919158361019647
SOL,SOL/USDT:USDT,2025-07-09 19:00:00+00:00,long_pullback_restart,long,157.22,151.9638281665451,0.03343195416266942,True,False,0.020671670270957895,3.085793881821367,0.7957317073170684,0.8231707317073134,0.002035364457448008,0.012975448416231883,0.021943773056863014,0.025314845439511346,-0.01163974049103178
XRP,XRP/USDT:USDT,2025-07-10 16:00:00+00:00,long_compression_breakout,long,2.4732,2.405119532611924,0.027527279390294333,True,False,0.021025392204431524,2.15341030148478,0.6097560975609773,0.8353658536585273,0.029233381853469353,0.1271227559437167,0.14159792980753694,0.20398673782953258,-0.0007278020378456151
XRP,XRP/USDT:USDT,2025-07-10 16:00:00+00:00,long_pullback_restart,long,2.4732,2.405119532611924,0.027527279390294333,True,False,0.021025392204431524,2.15341030148478,0.6097560975609773,0.8353658536585273,0.029233381853469353,0.1271227559437167,0.14159792980753694,0.20398673782953258,-0.0007278020378456151
LINK,LINK/USDT:USDT,2025-07-11 13:00:00+00:00,long_compression_breakout,long,15.7,15.07240435247805,0.039974245065092257,True,False,0.03197452229299356,1.6997744611651133,0.48046874999999695,0.7890624999999991,0.006942675159235634,-0.041847133757961785,0.041464968152866266,0.011337579617834548,-0.05318471337579611
LINK,LINK/USDT:USDT,2025-07-11 13:00:00+00:00,long_pullback_restart,long,15.7,15.07240435247805,0.039974245065092257,True,False,0.03197452229299356,1.6997744611651133,0.48046874999999695,0.7890624999999991,0.006942675159235634,-0.041847133757961785,0.041464968152866266,0.011337579617834548,-0.05318471337579611
ETH,ETH/USDT:USDT,2025-07-13 12:00:00+00:00,long_pullback_restart,long,2985.01,2931.284357030766,0.017998480061786823,True,False,0.011058589418460829,3.0344053758205822,0.619537275064265,0.7752070836903787,0.0025963062100293754,0.021966425573113568,0.05990264689230518,0.032827360712359255,-0.018428748982415533
LINK,LINK/USDT:USDT,2025-07-13 12:00:00+00:00,long_pullback_restart,long,15.471,15.010183808266506,0.029785805166666297,True,False,0.02423889858444832,1.8337390530589552,0.39869281045751476,0.7124183006535925,0.025143817464934326,0.05623424471592009,0.06437851464029465,0.05901363842027019,-0.005752698597375816
NEAR,NEAR/USDT:USDT,2025-07-13 12:00:00+00:00,long_pullback_restart,long,2.551,2.461220876368374,0.035193698013181625,True,False,0.02665621324970602,1.8283669891475418,0.5555555555555588,0.8222222222222235,0.008232065856526916,0.041160329282634356,0.04351234809878468,0.05684045472363786,-0.019208153665229433
XRP,XRP/USDT:USDT,2025-07-13 12:00:00+00:00,long_pullback_restart,long,2.8209,2.716301486713369,0.037079837387582394,True,False,0.03346449714630092,1.7514011024122997,0.6931330472102992,0.8240343347639478,0.01400262327625934,0.05005494700272961,0.051153887057322045,0.07341628558261548,-0.02148250558332443
ETH,ETH/USDT:USDT,2025-07-15 13:00:00+00:00,long_pullback_restart,long,3050.52,2925.424203587415,0.041008023685333996,True,False,0.027264204135688367,3.624992717892516,0.7539823008849572,0.7628318584070798,-0.0031633950932955512,0.047162450991961924,0.19335064185778172,0.04819833995515532,-0.027778870487654483
ETH,ETH/USDT:USDT,2025-07-15 17:00:00+00:00,long_pullback_restart,long,3096.41,2950.3402843778676,0.04717389351608224,True,False,0.03507287471620357,1.5161366291420457,0.7790790951387775,0.9744906144713598,0.013308961022603594,0.07096282469052873,0.1626076650056032,0.0735173959520865,-0.021650879566982417
SOL,SOL/USDT:USDT,2025-07-16 09:00:00+00:00,long_compression_breakout,long,167.27,160.14411686211022,0.0426010829072146,True,False,0.030728761881987122,2.85527731043453,0.8388625592417056,0.8483412322274924,0.0068751120942187605,0.05912596401028258,0.05619656842231113,0.06516410593650979,-0.011538231601602278
SOL,SOL/USDT:USDT,2025-07-16 09:00:00+00:00,long_pullback_restart,long,167.27,160.14411686211022,0.0426010829072146,True,False,0.030728761881987122,2.85527731043453,0.8388625592417056,0.8483412322274924,0.0068751120942187605,0.05912596401028258,0.05619656842231113,0.06516410593650979,-0.011538231601602278
ETH,ETH/USDT:USDT,2025-07-16 13:00:00+00:00,long_compression_breakout,long,3194.39,3093.4452074756796,0.03160064754908458,True,False,0.025169124621602278,1.9386896496840578,0.7696374622356373,0.9204431017119766,0.05889387332166707,0.06472910320906333,0.1137713303635437,0.0902300595731893,-0.005168435914212011
ETH,ETH/USDT:USDT,2025-07-16 13:00:00+00:00,long_pullback_restart,long,3194.39,3093.4452074756796,0.03160064754908458,True,False,0.025169124621602278,1.9386896496840578,0.7696374622356373,0.9204431017119766,0.05889387332166707,0.06472910320906333,0.1137713303635437,0.0902300595731893,-0.005168435914212011
ADA,ADA/USDT:USDT,2025-07-16 14:00:00+00:00,long_pullback_restart,long,0.7572,0.7306385564273635,0.03507850445408935,True,False,0.029582673005810852,2.0040939990627398,0.4437499999999993,0.8249999999999986,0.023375594294770208,0.06035393555203372,0.07223983095615427,0.09046487057580554,-0.022583201267828867
BNB,BNB/USDT:USDT,2025-07-16 14:00:00+00:00,long_pullback_restart,long,703.84,684.7008226772408,0.02719251154063313,True,False,0.015315980904751203,3.450977791121761,0.8782679738562085,0.9509803921568609,0.012985905887701765,0.03013468970220501,0.036016708342805126,0.03489429415776302,-0.009718117754035083
DOGE,DOGE/USDT:USDT,2025-07-16 14:00:00+00:00,long_pullback_restart,long,0.20365,0.19498171068007314,0.04256464188522886,True,False,0.03722072182666341,2.0535098635318834,0.5128712871287148,0.8613861386138602,0.03908666830346186,0.050773385710778385,0.17638104591210424,0.08436042229315,-0.01694082985514367
NEAR,NEAR/USDT:USDT,2025-07-16 14:00:00+00:00,long_pullback_restart,long,2.715,2.6012158819300337,0.041909435753210364,True,False,0.03462246777163899,2.5623470182874084,0.6027397260273982,0.8630136986301338,0.021362799263351828,0.04125230202578267,0.023572744014733082,0.05230202578268894,-0.021362799263351717
ADA,ADA/USDT:USDT,2025-07-20 03:00:00+00:00,long_pullback_restart,long,0.8403,0.8086403399314142,0.03767661557608698,True,False,0.03367844817327144,1.2562070453247827,0.5874125874125934,0.636363636363637,0.012138521956444048,0.03082232535999041,0.04891110317743652,0.04581697012971553,-0.011424491253123947
SUI,SUI/USDT:USDT,2025-07-20 05:00:00+00:00,long_pullback_restart,long,3.9041,3.751739105415191,0.03902586885192725,True,False,0.033656924771394224,1.3153111551634653,0.7254575707154778,0.7886855241264601,0.015598985681719135,0.02333444327757994,0.02443584949155997,0.033528854281396514,-0.024999359647549957
TAO,TAO/USDT:USDT,2025-07-20 07:00:00+00:00,long_compression_breakout,long,422.23,408.68663682673787,0.032075795593070486,True,False,0.024157449731189135,1.5844229743678109,0.7733918128654965,0.8245614035087744,0.023304833858323493,0.015276034388840287,0.04923856665798243,0.030623120100419232,-0.03590460175733612
TAO,TAO/USDT:USDT,2025-07-20 07:00:00+00:00,long_pullback_restart,long,422.23,408.68663682673787,0.032075795593070486,True,False,0.024157449731189135,1.5844229743678109,0.7733918128654965,0.8245614035087744,0.023304833858323493,0.015276034388840287,0.04923856665798243,0.030623120100419232,-0.03590460175733612
ADA,ADA/USDT:USDT,2025-07-20 08:00:00+00:00,long_pullback_restart,long,0.8563,0.8137566852244499,0.0496827219146912,True,False,0.03888824010276772,1.5025884771323208,0.9199999999999915,0.983999999999993,0.009576083148429504,0.04437697068784319,0.019852855307719297,0.05687259138152534,-0.02230526684573153
NEAR,NEAR/USDT:USDT,2025-07-20 08:00:00+00:00,long_pullback_restart,long,2.977,2.8692762550623483,0.03618533588768948,True,False,0.02788041652670465,1.6005213149476627,0.8333333333333334,0.8333333333333334,0.010077258985556004,0.022169969768223163,0.004366812227074357,0.031239502855223478,-0.022841787033926808
XRP,XRP/USDT:USDT,2025-07-20 08:00:00+00:00,long_pullback_restart,long,3.4999,3.3726085829953933,0.036370015430328424,True,False,0.022657790222577894,1.669085380276928,0.9644670050761422,0.9644670050761422,0.011286036743907157,0.017343352667219092,-0.007257350210005953,0.023943541244035638,-0.028543672676362153
BNB,BNB/USDT:USDT,2025-07-20 16:00:00+00:00,long_compression_breakout,long,755.48,738.7351120390497,0.02216456816983949,True,False,0.016598718695398904,2.3609520853921393,0.6981132075471871,0.7564322469982887,0.0007015407423094366,0.011740879970350004,0.014282310583999536,0.03610949330227142,-0.013541059988351756
BNB,BNB/USDT:USDT,2025-07-20 16:00:00+00:00,long_pullback_restart,long,755.48,738.7351120390497,0.02216456816983949,True,False,0.016598718695398904,2.3609520853921393,0.6981132075471871,0.7564322469982887,0.0007015407423094366,0.011740879970350004,0.014282310583999536,0.03610949330227142,-0.013541059988351756
BNB,BNB/USDT:USDT,2025-07-20 21:00:00+00:00,long_compression_breakout,long,759.72,743.9167646336252,0.020801394416857254,True,False,0.016914126257042097,1.356953449627694,0.4940805051302298,0.919494869771114,0.00525193492339282,0.0033301742747327,0.012267677565418689,0.030326962565155435,-0.019046490812404615
BNB,BNB/USDT:USDT,2025-07-20 21:00:00+00:00,long_pullback_restart,long,759.72,743.9167646336252,0.020801394416857254,True,False,0.016914126257042097,1.356953449627694,0.4940805051302298,0.919494869771114,0.00525193492339282,0.0033301742747327,0.012267677565418689,0.030326962565155435,-0.019046490812404615
TRX,TRX/USDT:USDT,2025-07-21 14:00:00+00:00,long_pullback_restart,long,0.31828,0.31120443061581693,0.022230644037272457,True,False,0.015992208118637625,2.9365605311922724,0.7371937639198183,0.7884187082405328,-0.012913158225461907,-0.015489506095262007,-0.014107075530979007,-3.141887646096464e-05,-0.03911650119391741
XRP,XRP/USDT:USDT,2025-07-22 17:00:00+00:00,long_pullback_restart,long,3.5578,3.4126992311109765,0.04078384644696817,True,False,0.0327730620046096,1.4695063179142938,0.4228395061728343,0.7361111111111092,-0.0012648265782224666,-0.08907189836415763,-0.14028332115352182,0.006998707066164567,-0.11181066951486862
TRX,TRX/USDT:USDT,2025-07-22 23:00:00+00:00,long_pullback_restart,long,0.31603,0.3098602914844645,0.019522540630748663,True,False,0.013827801158117855,1.534769022647271,0.815498154981549,0.8302583025830194,0.002784545770971203,-0.02082080815112486,0.003100971426763355,0.009429484542606836,-0.035597886276619306
SUI,SUI/USDT:USDT,2025-07-26 14:00:00+00:00,long_pullback_restart,long,4.1311,3.9302674358668384,0.048614791250069386,True,False,0.03585001573430803,2.1258796026430047,0.5908683974932846,0.6168307967770836,0.01662995328120842,0.029096366585170896,-0.07734017574011764,0.07315242913509712,-0.0021301832441722457
NEAR,NEAR/USDT:USDT,2025-07-26 19:00:00+00:00,long_compression_breakout,long,2.928,2.823623859930671,0.035647588821492084,True,False,0.03107923497267766,1.294780923513334,0.458333333333338,0.7083333333333287,-0.011953551912568305,-0.007513661202185773,-0.08435792349726767,0.0064890710382514705,-0.01741803278688525
NEAR,NEAR/USDT:USDT,2025-07-26 19:00:00+00:00,long_pullback_restart,long,2.928,2.823623859930671,0.035647588821492084,True,False,0.03107923497267766,1.294780923513334,0.458333333333338,0.7083333333333287,-0.011953551912568305,-0.007513661202185773,-0.08435792349726767,0.0064890710382514705,-0.01741803278688525
LINK,LINK/USDT:USDT,2025-07-27 02:00:00+00:00,long_pullback_restart,long,18.741,18.174532700267118,0.030226097846053117,True,False,0.02566565284669984,1.4534424676436346,0.6815068493150664,0.9041095890410997,-0.002401152553225483,0.02374473080411943,-0.04642228269569404,0.036444159863401104,-0.010458353342937876
SUI,SUI/USDT:USDT,2025-07-27 11:00:00+00:00,long_pullback_restart,long,4.2879,4.112061921007006,0.041007971033138184,True,False,0.031833764779962186,1.7599231100960544,0.7600459242250257,0.7818599311136598,0.008442361062524828,-0.012127148487604544,-0.13594067025816825,0.03729098159938449,-0.018960330231581835
LINK,LINK/USDT:USDT,2025-07-27 22:00:00+00:00,long_compression_breakout,long,19.208,18.52984244927246,0.03530599493583596,True,False,0.030247813411078694,1.3554508854064349,0.6035242290748754,0.6519823788546233,0.007965431070387385,-0.058204914618908754,-0.08788004997917531,0.018065389421074718,-0.06497292794668874
LINK,LINK/USDT:USDT,2025-07-27 22:00:00+00:00,long_pullback_restart,long,19.208,18.52984244927246,0.03530599493583596,True,False,0.030247813411078694,1.3554508854064349,0.6035242290748754,0.6519823788546233,0.007965431070387385,-0.058204914618908754,-0.08788004997917531,0.018065389421074718,-0.06497292794668874
NEAR,NEAR/USDT:USDT,2025-07-27 22:00:00+00:00,long_pullback_restart,long,2.96,2.8714933744439453,0.029900887012180646,True,False,0.023310810810810795,1.8231611027868326,0.5961538461538483,0.6538461538461495,0.008445945945945832,-0.07533783783783776,-0.11587837837837833,0.019256756756756754,-0.08209459459459456
XRP,XRP/USDT:USDT,2025-07-28 00:00:00+00:00,long_compression_breakout,long,3.2609,3.1548630886757745,0.03251768264105782,True,False,0.027446410500168706,2.1301034784676545,0.36477987421384017,0.60377358490566,0.00831058910116833,-0.041982274832101485,-0.04139961360360633,0.021067803367168736,-0.05664080468582289
ADA,ADA/USDT:USDT,2025-07-28 05:00:00+00:00,long_pullback_restart,long,0.8524,0.8172331571398841,0.04125626801984509,True,False,0.030150164242139774,1.5853207622180845,0.6339869281045787,0.764705882352945,-0.02674800563115909,-0.06628343500703893,-0.0834115438761146,0.002346316283434957,-0.08599249178789303
ETH,ETH/USDT:USDT,2025-07-28 05:00:00+00:00,long_compression_breakout,long,3929.11,3801.1547311861927,0.032565967563597704,True,False,0.025463781874266737,2.1880472947297545,0.6714010592200373,0.7183437650457432,-0.012857873666046515,-0.03136842694656039,-0.01811351680151485,0.0011503877468435064,-0.05138568276276312
ETH,ETH/USDT:USDT,2025-07-28 05:00:00+00:00,long_pullback_restart,long,3929.11,3801.1547311861927,0.032565967563597704,True,False,0.025463781874266737,2.1880472947297545,0.6714010592200373,0.7183437650457432,-0.012857873666046515,-0.03136842694656039,-0.01811351680151485,0.0011503877468435064,-0.05138568276276312
LINK,LINK/USDT:USDT,2025-07-28 05:00:00+00:00,long_compression_breakout,long,19.486,18.80322594073616,0.03503921067760659,True,False,0.029457046084368166,1.4462144248869793,0.5122950819672136,0.717213114754102,-0.020784152725033422,-0.062147182592630745,-0.07615724109617172,0.002360669198398835,-0.08252078415272501
LINK,LINK/USDT:USDT,2025-07-28 05:00:00+00:00,long_pullback_restart,long,19.486,18.80322594073616,0.03503921067760659,True,False,0.029457046084368166,1.4462144248869793,0.5122950819672136,0.717213114754102,-0.020784152725033422,-0.062147182592630745,-0.07615724109617172,0.002360669198398835,-0.08252078415272501
NEAR,NEAR/USDT:USDT,2025-07-28 05:00:00+00:00,long_compression_breakout,long,3.003,2.884394541261841,0.03949565725546423,True,False,0.034299034299034366,1.3230430167878784,0.5000000000000123,0.69444444444445,-0.014652014652014711,-0.07758907758907763,-0.09990009990009996,0.004662004662004504,-0.1092241092241093
NEAR,NEAR/USDT:USDT,2025-07-28 05:00:00+00:00,long_pullback_restart,long,3.003,2.884394541261841,0.03949565725546423,True,False,0.034299034299034366,1.3230430167878784,0.5000000000000123,0.69444444444445,-0.014652014652014711,-0.07758907758907763,-0.09990009990009996,0.004662004662004504,-0.1092241092241093
ZEC,ZEC/USDT:USDT,2025-07-30 18:00:00+00:00,short_pullback_restart,short,37.92,39.740251069938076,0.04800240163338802,False,True,0.036128691983122484,1.7254350237670903,0.7767857142857089,0.08035714285714557,-0.015576323987538943,0.003971405877680745,0.08902929350947741,0.024864864864864833,-0.04097116843702575
LINK,LINK/USDT:USDT,2025-08-07 10:00:00+00:00,long_compression_breakout,long,17.295,16.54840573469801,0.04316821424122521,True,False,0.018791558253830543,4.6841204180799485,0.8877118644067782,0.9088983050847476,0.03740965596993351,0.11991905174906026,0.2542931483087598,0.12639491182422669,-0.0002891008962129238
BNB,BNB/USDT:USDT,2025-08-08 13:00:00+00:00,long_pullback_restart,long,793.67,780.2346999674512,0.016928068381756593,True,False,0.013935262766640978,1.6991391680063481,0.8928164196123083,0.8928164196123083,0.0027971323093980427,0.01785376793881599,0.007408620711378822,0.032998601433845476,-0.014703844166971125
DOGE,DOGE/USDT:USDT,2025-08-08 13:00:00+00:00,long_compression_breakout,long,0.22769,0.21893214115428,0.03846395909227459,True,False,0.03219289384689711,1.476770214552113,0.9617224880382791,0.9633173843700147,0.0059730335104748455,0.043040976766656414,0.006983178883569696,0.07374061223593475,-0.03596995915499146
DOGE,DOGE/USDT:USDT,2025-08-08 13:00:00+00:00,long_pullback_restart,long,0.22769,0.21893214115428,0.03846395909227459,True,False,0.03219289384689711,1.476770214552113,0.9617224880382791,0.9633173843700147,0.0059730335104748455,0.043040976766656414,0.006983178883569696,0.07374061223593475,-0.03596995915499146
SOL,SOL/USDT:USDT,2025-08-08 13:00:00+00:00,long_compression_breakout,long,178.54,173.02878745800854,0.030868223042407612,True,False,0.02548448526940732,2.0676516404480236,0.6526946107784359,0.9461077844311357,-0.0006721182928195457,0.006609163212725422,0.005488966058026401,0.026436652850901687,-0.024756357118852823
SOL,SOL/USDT:USDT,2025-08-08 13:00:00+00:00,long_pullback_restart,long,178.54,173.02878745800854,0.030868223042407612,True,False,0.02548448526940732,2.0676516404480236,0.6526946107784359,0.9461077844311357,-0.0006721182928195457,0.006609163212725422,0.005488966058026401,0.026436652850901687,-0.024756357118852823
SOL,SOL/USDT:USDT,2025-08-08 17:00:00+00:00,long_compression_breakout,long,179.29,173.38067874292432,0.03295956973102613,True,False,0.029449495231189702,1.4718917860546645,0.9086161879895505,0.9973890339425537,-0.01444586981984497,0.012493725249595578,-0.006637291538847623,0.02214289698254235,-0.015505605443694614
SOL,SOL/USDT:USDT,2025-08-08 17:00:00+00:00,long_pullback_restart,long,179.29,173.38067874292432,0.03295956973102613,True,False,0.029449495231189702,1.4718917860546645,0.9086161879895505,0.9973890339425537,-0.01444586981984497,0.012493725249595578,-0.006637291538847623,0.02214289698254235,-0.015505605443694614
LINK,LINK/USDT:USDT,2025-08-09 22:00:00+00:00,long_compression_breakout,long,21.603,20.74363923162742,0.03977969580023988,True,False,0.03180113873073189,1.2906236032445428,0.5164113785557993,0.6630196936542677,0.023654122112669596,0.02064528074804417,0.08054436883766125,0.05073369439429709,-0.020737860482340387
LINK,LINK/USDT:USDT,2025-08-09 22:00:00+00:00,long_pullback_restart,long,21.603,20.74363923162742,0.03977969580023988,True,False,0.03180113873073189,1.2906236032445428,0.5164113785557993,0.6630196936542677,0.023654122112669596,0.02064528074804417,0.08054436883766125,0.05073369439429709,-0.020737860482340387
SOL,SOL/USDT:USDT,2025-08-10 01:00:00+00:00,long_compression_breakout,long,184.42,178.40792229298194,0.0325999224976578,True,False,0.025485305281422933,1.8036936003600461,0.6765676567656707,0.9438943894389387,-0.030148573907385123,-0.004283700249430589,0.053356468929617096,0.009272313198134707,-0.03795683765318292
SOL,SOL/USDT:USDT,2025-08-10 01:00:00+00:00,long_pullback_restart,long,184.42,178.40792229298194,0.0325999224976578,True,False,0.025485305281422933,1.8036936003600461,0.6765676567656707,0.9438943894389387,-0.030148573907385123,-0.004283700249430589,0.053356468929617096,0.009272313198134707,-0.03795683765318292
DOGE,DOGE/USDT:USDT,2025-08-11 01:00:00+00:00,long_pullback_restart,long,0.23603,0.22889987624249278,0.030208548733242437,True,False,0.025462864890056416,1.2734631606878053,0.7682619647355154,0.8589420654911827,-0.011439223827479528,-0.046350040249120816,0.04567216031860366,0.023937635046392458,-0.06321230352073881
SOL,SOL/USDT:USDT,2025-08-11 02:00:00+00:00,long_pullback_restart,long,185.18,178.05750896569808,0.03846252853602943,True,False,0.02926881952694684,1.9289052376430935,0.6919642857142968,0.7544642857142912,-0.005292148180149114,-0.04908737444648448,0.11950534614969222,0.008532238902689171,-0.06393779025812729
SUI,SUI/USDT:USDT,2025-08-11 02:00:00+00:00,long_pullback_restart,long,3.956,3.7830912507102052,0.04370797504797642,True,False,0.03311425682507578,1.8705494056339924,0.6253869969040248,0.6609907120743029,-0.022396359959555134,-0.06744186046511624,0.043174924165824136,0.003968655207279959,-0.08508594539939329
TRX,TRX/USDT:USDT,2025-08-11 14:00:00+00:00,long_pullback_restart,long,0.34288,0.33854400556589104,0.012645807378992593,True,False,0.010061829211385933,2.7570540608618286,0.7741935483871017,0.7788018433179819,0.006037097526831348,0.01633224451703219,0.062062529164722324,0.018811245916938724,-0.0008749416705553514
ETH,ETH/USDT:USDT,2025-08-12 12:00:00+00:00,long_pullback_restart,long,4404.92,4208.153822975133,0.044669636911650365,True,False,0.026363702405492066,5.16899582790131,0.7588810821459041,0.8458861382887894,0.01906958582675733,0.06355393514524654,0.05032554507232834,0.07209665555787614,-0.0123520972004032
SUI,SUI/USDT:USDT,2025-08-13 09:00:00+00:00,long_pullback_restart,long,3.9934,3.8049944107006906,0.047179243075902565,True,False,0.03848850603495761,1.3625583329542286,0.7432432432432419,0.8725868725868696,-0.011143386587869952,-0.0024790904993239327,-0.07552461561576596,0.0474532979416038,-0.022086442630340097
ADA,ADA/USDT:USDT,2025-08-13 22:00:00+00:00,long_compression_breakout,long,0.9027,0.859154839886845,0.048238794852281934,True,False,0.03090727816550341,1.4428908923024197,0.8232558139534869,0.9069767441860462,0.0900631439016284,0.017613825191093335,0.01916472803810798,0.12983272405007207,-0.03378752630995896
ADA,ADA/USDT:USDT,2025-08-13 22:00:00+00:00,long_pullback_restart,long,0.9027,0.859154839886845,0.048238794852281934,True,False,0.03090727816550341,1.4428908923024197,0.8232558139534869,0.9069767441860462,0.0900631439016284,0.017613825191093335,0.01916472803810798,0.12983272405007207,-0.03378752630995896
SOL,SOL/USDT:USDT,2025-08-17 02:00:00+00:00,long_pullback_restart,long,191.45,186.48354693203112,0.025941253946037458,True,False,0.01661008096108648,2.027456131865615,0.8614130434782625,0.9755434782608685,0.009767563332462759,-0.039644815878819406,-0.05609819796291449,0.02246017236876474,-0.04256986158265852
ETH,ETH/USDT:USDT,2025-08-17 03:00:00+00:00,long_pullback_restart,long,4450.43,4377.719396934631,0.016337882646254288,True,False,0.012394307965747097,1.2105726920397906,0.5968790637191305,0.7955136540962315,0.02032837276398003,-0.029660055320497092,-0.06997750779138201,0.0279793188523354,-0.03896926813813506
ETH,ETH/USDT:USDT,2025-08-17 04:00:00+00:00,long_pullback_restart,long,4481.14,4380.948582867872,0.02235846617872431,True,False,0.015335383406900977,1.6604984151273139,0.8204168893639944,0.8433992517370481,0.018997397983548936,-0.03261223706467553,-0.06985499225643488,0.02093440508442046,-0.04555537207049998
SOL,SOL/USDT:USDT,2025-08-17 04:00:00+00:00,long_compression_breakout,long,193.3,186.63693587506765,0.03447006789928795,True,False,0.02534919813760996,1.5395714333851436,0.8719211822660144,0.9310344827586274,-0.0015002586652872463,-0.054319710294878476,-0.06606311433005696,0.01267459906880486,-0.06114847387480615
SOL,SOL/USDT:USDT,2025-08-17 04:00:00+00:00,long_pullback_restart,long,193.3,186.63693587506765,0.03447006789928795,True,False,0.02534919813760996,1.5395714333851436,0.8719211822660144,0.9310344827586274,-0.0015002586652872463,-0.054319710294878476,-0.06606311433005696,0.01267459906880486,-0.06114847387480615
ETH,ETH/USDT:USDT,2025-08-17 08:00:00+00:00,long_pullback_restart,long,4533.15,4385.691741235143,0.03252887258635971,True,False,0.021258947972160616,2.765438427478324,0.8549924736577977,0.9598595082789674,0.004010456305218346,-0.06083187187717132,-0.06534087775608566,0.009220961141810813,-0.06731522230678444
NEAR,NEAR/USDT:USDT,2025-08-17 11:00:00+00:00,long_compression_breakout,long,2.797,2.695355287023099,0.036340619584162084,True,False,0.028244547729710308,2.121835644516843,0.5952380952381063,0.9523809523809574,-0.011798355380765235,-0.08115838398283881,-0.12012870933142661,0.016088666428315967,-0.09152663568108699
SOL,SOL/USDT:USDT,2025-08-17 15:00:00+00:00,long_compression_breakout,long,195.38,189.8669113109989,0.02821726220186871,True,False,0.02129184153956391,1.4564444239380117,0.8860103626943145,0.9792746113989677,-0.02165011771931613,-0.06346606612754635,-0.06361961306172592,0.0018937455215477517,-0.07953731190500557
SOL,SOL/USDT:USDT,2025-08-17 15:00:00+00:00,long_pullback_restart,long,195.38,189.8669113109989,0.02821726220186871,True,False,0.02129184153956391,1.4564444239380117,0.8860103626943145,0.9792746113989677,-0.02165011771931613,-0.06346606612754635,-0.06361961306172592,0.0018937455215477517,-0.07953731190500557
NEAR,NEAR/USDT:USDT,2025-08-21 11:00:00+00:00,short_pullback_restart,short,2.48,2.5747724451899745,0.038214695641118755,False,True,0.0330645161290322,1.259612003982519,0.49999999999999145,0.30769230769230504,0.009771986970684043,0.029900332225913706,-0.04173106646058733,0.030328209389281158,-0.01195219123505964
BTC,BTC/USDT:USDT,2025-08-21 16:00:00+00:00,short_pullback_restart,short,112350.8,114116.0185734901,0.015711668928838064,False,True,0.012921136298094998,1.5333696166714859,0.5944734876773712,0.11904406273337878,-0.0009141548158529966,-0.032341192257406615,-0.01665676182607323,0.006494012590268161,-0.04192231567475557
XRP,XRP/USDT:USDT,2025-08-22 03:00:00+00:00,short_compression_breakdown,short,2.8314,2.924182593725901,0.0327691579168966,False,True,0.02881966518330151,1.4751537129992045,0.6450777202072544,0.28238341968911546,-0.009341870473391412,-0.053992649515536284,-0.06285373845695563,0.018049762692363025,-0.08840952994204765
XRP,XRP/USDT:USDT,2025-08-22 03:00:00+00:00,short_pullback_restart,short,2.8314,2.924182593725901,0.0327691579168966,False,True,0.02881966518330151,1.4751537129992045,0.6450777202072544,0.28238341968911546,-0.009341870473391412,-0.053992649515536284,-0.06285373845695563,0.018049762692363025,-0.08840952994204765
NEAR,NEAR/USDT:USDT,2025-08-22 11:00:00+00:00,short_compression_breakdown,short,2.408,2.4909028431564124,0.03442809101179921,False,True,0.02533222591362124,1.8691105386579485,0.8333333333333334,0.04166666666666204,-0.09745127436281864,-0.09947643979057597,-0.04140127388535031,0.017321504013519284,-0.11503123851525177
NEAR,NEAR/USDT:USDT,2025-08-22 11:00:00+00:00,short_pullback_restart,short,2.408,2.4909028431564124,0.03442809101179921,False,True,0.02533222591362124,1.8691105386579485,0.8333333333333334,0.04166666666666204,-0.09745127436281864,-0.09947643979057597,-0.04140127388535031,0.017321504013519284,-0.11503123851525177
TAO,TAO/USDT:USDT,2025-08-28 16:00:00+00:00,short_pullback_restart,short,328.15,339.2732315546392,0.0338967897444438,False,True,0.018680481487124777,1.3096711945005632,0.741605839416062,0.013138686131383167,-0.02298508351445505,0.031042825274138375,0.016070101560564876,0.04167989334010547,-0.029142011834319637
TAO,TAO/USDT:USDT,2025-08-28 19:00:00+00:00,short_pullback_restart,short,325.18,339.2861325530402,0.04337945923193369,False,True,0.032689587305492325,1.2396087612742506,0.806956521739128,0.020869565217392094,-0.01770178830352831,0.02489914271306115,0.008560263010979341,0.03517651927545917,-0.03792899408284023
BTC,BTC/USDT:USDT,2025-08-29 01:00:00+00:00,short_pullback_restart,short,111425.0,113536.04014246655,0.018945839286215363,False,True,0.014355844738613469,1.888853141656145,0.8386912904696757,0.0853853169174583,0.013240094935845548,0.03742939102405951,0.030663213393765654,0.0386275295718721,-0.0033292425928377334
XRP,XRP/USDT:USDT,2025-08-29 04:00:00+00:00,short_pullback_restart,short,2.9164,3.0017090924861494,0.029251506132954838,False,True,0.021053353449458204,1.3324317068187284,0.7718631178707306,0.11026615969581383,0.014364717748947653,0.03753246291223444,0.07303432797380327,0.05681982896071891,-0.001164463319405451
NEAR,NEAR/USDT:USDT,2025-08-29 07:00:00+00:00,short_pullback_restart,short,2.437,2.557720015934111,0.04953632167998002,False,True,0.03200656544932288,3.231550866074659,0.841269841269845,0.15873015873015492,-0.0032719836400818547,-0.006522625356706113,0.010783907092492662,0.02051926298157447,-0.02908366533864537
SUI,SUI/USDT:USDT,2025-08-29 07:00:00+00:00,short_compression_breakdown,short,3.355,3.506586549601905,0.04518228006018029,False,True,0.029448584202682496,2.8394627573351374,0.8695652173913039,0.1291172595520399,0.011761158021712959,0.0041603064858879435,0.020811781172031862,0.04533416420003111,-0.013409398341469148
SUI,SUI/USDT:USDT,2025-08-29 07:00:00+00:00,short_pullback_restart,short,3.355,3.506586549601905,0.04518228006018029,False,True,0.029448584202682496,2.8394627573351374,0.8695652173913039,0.1291172595520399,0.011761158021712959,0.0041603064858879435,0.020811781172031862,0.04533416420003111,-0.013409398341469148
NEAR,NEAR/USDT:USDT,2025-08-31 22:00:00+00:00,short_pullback_restart,short,2.406,2.4504898954948775,0.01849122838523581,False,True,0.014962593516209488,1.9392233700743744,0.6799999999999986,0.2800000000000057,0.03306139974237876,0.04472427268779855,-0.029055690072639195,0.0571177504393674,-0.019160211985324027
DOGE,DOGE/USDT:USDT,2025-08-31 23:00:00+00:00,short_pullback_restart,short,0.21359,0.21892683549720268,0.024986354685156982,False,True,0.015590617538274261,2.3385044745004313,0.8432055749128905,0.15679442508710947,0.016272541276109775,0.014053078858662138,-0.030106257378984647,0.04399041986411856,-0.028341370211991568
NEAR,NEAR/USDT:USDT,2025-08-31 23:00:00+00:00,short_pullback_restart,short,2.365,2.450597760102386,0.036193556068662085,False,True,0.020295983086680777,5.059640372359405,0.909090909090899,0.0681818181818207,0.010683760683760868,0.010683760683760868,-0.04134576408593427,0.039103690685413195,-0.03587443946188329
SUI,SUI/USDT:USDT,2025-08-31 23:00:00+00:00,short_pullback_restart,short,3.2476,3.321263804492727,0.02268253617832472,False,True,0.012717083384653181,2.239439545762435,0.8034557235421239,0.08639308855291583,0.020776363350620608,0.014082747853239486,-0.0408741878322505,0.045589182227945946,-0.027111230939756203
XRP,XRP/USDT:USDT,2025-08-31 23:00:00+00:00,short_pullback_restart,short,2.7745,2.8294113033702297,0.019791423092531818,False,True,0.011857992431068555,2.19358429414011,0.8078175895765464,0.1921824104234536,0.015593542955452344,0.006128517551494017,-0.024094266619767768,0.02930810610276402,-0.022409358373559618
TAO,TAO/USDT:USDT,2025-09-04 15:00:00+00:00,short_compression_breakdown,short,313.26,323.5217244310577,0.0327578510855446,False,True,0.026782864074570603,2.4540396482276705,0.7196261682242999,0.21028037383177173,-0.006312450436161798,-0.015184381778741818,-0.041314726404700686,0.008466664520490497,-0.04234049708049292
TAO,TAO/USDT:USDT,2025-09-04 15:00:00+00:00,short_pullback_restart,short,313.26,323.5217244310577,0.0327578510855446,False,True,0.026782864074570603,2.4540396482276705,0.7196261682242999,0.21028037383177173,-0.006312450436161798,-0.015184381778741818,-0.041314726404700686,0.008466664520490497,-0.04234049708049292
XRP,XRP/USDT:USDT,2025-09-04 19:00:00+00:00,short_pullback_restart,short,2.7831,2.858745955318907,0.027180466141679002,False,True,0.021414968919550175,1.2798354939456453,0.6297872340425444,0.03404255319148582,-0.007276618512573552,-0.028179342132830465,-0.02729623934013703,0.002377093462992974,-0.03508650279097181
ZEC,ZEC/USDT:USDT,2025-09-06 07:00:00+00:00,long_pullback_restart,long,42.08,40.72614114566156,0.03217345186165496,True,False,0.021863117870722475,2.3494862390495626,0.7777777777777821,0.8148148148148119,0.01615969581749055,0.1204847908745248,0.19296577946768068,0.13830798479087458,-0.0066539923954372915
BTC,BTC/USDT:USDT,2025-09-06 15:00:00+00:00,short_pullback_restart,short,110324.1,111327.45790728205,0.009094639405914418,False,True,0.005757581525704693,2.3104014529435566,0.8593073593073585,0.07654466745377599,0.001506925046819152,-0.008556187217032885,-0.004565546724220271,0.004315885298133981,-0.009403670960408061
DOGE,DOGE/USDT:USDT,2025-09-06 19:00:00+00:00,short_pullback_restart,short,0.21272,0.21627224207177684,0.016699144752617738,False,True,0.013021812711545669,1.4852575953561271,0.6731707317073281,0.287804878048771,-0.018638125115335025,-0.0427073489041897,-0.11763729882196783,0.0005173792389820964,-0.05482982315826901
SOL,SOL/USDT:USDT,2025-09-07 15:00:00+00:00,long_pullback_restart,long,205.09,201.93462720957916,0.015385307866891811,True,False,0.008825393729582146,2.7419785842863833,0.7272727272727408,0.8277511961722538,-0.002486713150324227,0.04817397240235999,0.08757131015651676,0.056267979911258426,-0.018187137354332195
LINK,LINK/USDT:USDT,2025-09-09 06:00:00+00:00,long_compression_breakout,long,23.616,22.790769099335204,0.03494372038722881,True,False,0.020028794037940337,2.682435091981591,0.6584867075664594,0.6973415132924347,0.0016090785907858507,-0.0032181571815718124,0.043064024390243816,0.008722899728997202,-0.033621273712737154
LINK,LINK/USDT:USDT,2025-09-09 06:00:00+00:00,long_pullback_restart,long,23.616,22.790769099335204,0.03494372038722881,True,False,0.020028794037940337,2.682435091981591,0.6584867075664594,0.6973415132924347,0.0016090785907858507,-0.0032181571815718124,0.043064024390243816,0.008722899728997202,-0.033621273712737154
BNB,BNB/USDT:USDT,2025-09-10 06:00:00+00:00,long_pullback_restart,long,885.22,873.3858271906602,0.013368623403605727,True,False,0.011206253812611507,1.6570883073214686,0.6547842401500905,0.7823639774859363,0.004891439416190302,0.013431689297575655,0.04541243984546206,0.025846682180700853,-0.0038747430017397333
SOL,SOL/USDT:USDT,2025-09-10 07:00:00+00:00,long_pullback_restart,long,222.15,214.48718722695233,0.03449386798580993,True,False,0.021156875984695102,2.5847762541392574,0.7864583333333353,0.8125000000000004,0.008642808912896704,0.004186360567184355,0.09088453747467917,0.017105559306774598,-0.01544001800585193
BNB,BNB/USDT:USDT,2025-09-10 12:00:00+00:00,long_pullback_restart,long,889.55,876.8579121659453,0.014267986997981713,True,False,0.00997133382047103,3.839620708456547,0.841603053435107,0.9141221374045716,0.006655050306334731,0.01342251700297914,0.05646675285256597,0.020853240402450846,-0.0011016806250350175
DOGE,DOGE/USDT:USDT,2025-09-10 16:00:00+00:00,long_compression_breakout,long,0.24789,0.23773190678713918,0.04097822910509024,True,False,0.029851950461898383,2.3734052812401094,0.6908212560386462,0.9017713365539453,-0.013675420549437267,0.006696518617128611,0.18338779297268948,0.027552543466860202,-0.03860583323248212
DOGE,DOGE/USDT:USDT,2025-09-10 16:00:00+00:00,long_pullback_restart,long,0.24789,0.23773190678713918,0.04097822910509024,True,False,0.029851950461898383,2.3734052812401094,0.6908212560386462,0.9017713365539453,-0.013675420549437267,0.006696518617128611,0.18338779297268948,0.027552543466860202,-0.03860583323248212
BNB,BNB/USDT:USDT,2025-09-12 17:00:00+00:00,long_pullback_restart,long,917.98,902.0776265861656,0.017323224268322213,True,False,0.0087038933310094,3.464499563931232,0.7542213883677207,0.8621013133208241,0.008191899605655806,0.012647334364583207,0.0024292468245494803,0.028889518290158733,-0.0020044009673413354
LINK,LINK/USDT:USDT,2025-09-13 08:00:00+00:00,long_compression_breakout,long,25.425,24.86520203019602,0.02201761926466001,True,False,0.016519174041298,1.5923433327586365,0.7951070336391443,0.8042813455657501,-0.018053097345132718,-0.03311701081612595,-0.06934119960668639,0.008377581120943889,-0.03901671583087518
LINK,LINK/USDT:USDT,2025-09-13 08:00:00+00:00,long_pullback_restart,long,25.425,24.86520203019602,0.02201761926466001,True,False,0.016519174041298,1.5923433327586365,0.7951070336391443,0.8042813455657501,-0.018053097345132718,-0.03311701081612595,-0.06934119960668639,0.008377581120943889,-0.03901671583087518
XRP,XRP/USDT:USDT,2025-09-13 08:00:00+00:00,long_pullback_restart,long,3.1429,3.0767104419271756,0.02106002675007937,True,False,0.01788157434216807,1.2173475382428183,0.7535014005602253,0.9411764705882353,0.001081803429953343,-0.018963377772121315,-0.03493588723790131,0.013554360622355155,-0.022049699322282068
BNB,BNB/USDT:USDT,2025-09-13 09:00:00+00:00,long_compression_breakout,long,939.25,921.8904771709666,0.01848232401281169,True,False,0.008464200159701939,4.066761783457067,0.7888965044551101,0.8423577793008933,-0.0022145328719723745,0.0025765238221984177,-0.010763907372903891,0.007165291455949019,-0.017886611658237905
BNB,BNB/USDT:USDT,2025-09-13 09:00:00+00:00,long_pullback_restart,long,939.25,921.8904771709666,0.01848232401281169,True,False,0.008464200159701939,4.066761783457067,0.7888965044551101,0.8423577793008933,-0.0022145328719723745,0.0025765238221984177,-0.010763907372903891,0.007165291455949019,-0.017886611658237905
NEAR,NEAR/USDT:USDT,2025-09-13 09:00:00+00:00,long_compression_breakout,long,2.856,2.7627402748154144,0.03265396540076523,True,False,0.026610644257703105,1.874584628257974,0.5384615384615253,0.653846153846144,-0.012955182072829086,-0.03501400560224088,-0.06162464985994387,0.011204481792717047,-0.04341736694677856
NEAR,NEAR/USDT:USDT,2025-09-13 09:00:00+00:00,long_pullback_restart,long,2.856,2.7627402748154144,0.03265396540076523,True,False,0.026610644257703105,1.874584628257974,0.5384615384615253,0.653846153846144,-0.012955182072829086,-0.03501400560224088,-0.06162464985994387,0.011204481792717047,-0.04341736694677856
XRP,XRP/USDT:USDT,2025-09-13 09:00:00+00:00,long_compression_breakout,long,3.1791,3.079506838932377,0.03132747037451569,True,False,0.01918782045232926,2.812658770588275,0.7886710239651409,0.8845315904139417,-0.014500959391022583,-0.02843572080148482,-0.04756063036708513,0.0020131483753265123,-0.03318549274952032
XRP,XRP/USDT:USDT,2025-09-13 09:00:00+00:00,long_pullback_restart,long,3.1791,3.079506838932377,0.03132747037451569,True,False,0.01918782045232926,2.812658770588275,0.7886710239651409,0.8845315904139417,-0.014500959391022583,-0.02843572080148482,-0.04756063036708513,0.0020131483753265123,-0.03318549274952032
BNB,BNB/USDT:USDT,2025-09-16 04:00:00+00:00,long_pullback_restart,long,924.37,912.2781671405983,0.013081161071217947,True,False,0.011002087908521559,1.398810827357929,0.3551020408163273,0.9727891156462524,0.0016984540822397864,0.030334173545225385,0.0737799798781873,0.0425478974869371,-0.0023691811720415457
BNB,BNB/USDT:USDT,2025-09-16 05:00:00+00:00,long_pullback_restart,long,930.09,915.3068694876985,0.015894301102368124,True,False,0.008956122525777118,1.5459299116781478,0.8522388059701489,0.9611940298507479,-0.0024406240256319434,0.023922416110268907,0.06936963089593484,0.03613628788611867,-0.00850455332279676
TAO,TAO/USDT:USDT,2025-09-18 10:00:00+00:00,long_compression_breakout,long,365.82,352.4601030783868,0.0365204114635974,True,False,0.030780165108523293,3.504519898832897,0.48259493670886305,0.762658227848101,0.010742988354928595,-0.03717675359466399,-0.0667541413810071,0.01927177300311622,-0.041167787436444114
TAO,TAO/USDT:USDT,2025-09-18 10:00:00+00:00,long_pullback_restart,long,365.82,352.4601030783868,0.0365204114635974,True,False,0.030780165108523293,3.504519898832897,0.48259493670886305,0.762658227848101,0.010742988354928595,-0.03717675359466399,-0.0667541413810071,0.01927177300311622,-0.041167787436444114
ADA,ADA/USDT:USDT,2025-09-18 15:00:00+00:00,long_compression_breakout,long,0.9267,0.8973959006870421,0.03162199127329001,True,False,0.02805654472860691,2.2403766881023492,0.35454545454545555,0.8727272727272667,0.0017265565986834819,-0.03237293622531556,-0.04478256177835327,0.012625445127873114,-0.03873961368296097
ADA,ADA/USDT:USDT,2025-09-18 15:00:00+00:00,long_pullback_restart,long,0.9267,0.8973959006870421,0.03162199127329001,True,False,0.02805654472860691,2.2403766881023492,0.35454545454545555,0.8727272727272667,0.0017265565986834819,-0.03237293622531556,-0.04478256177835327,0.012625445127873114,-0.03873961368296097
SOL,SOL/USDT:USDT,2025-09-18 16:00:00+00:00,long_compression_breakout,long,249.77,242.01942388805512,0.031030852832385374,True,False,0.025823757857228718,1.5387316091359502,0.6058394160583909,0.8357664233576689,-0.011170276654522193,-0.04516154862473476,-0.051567442046683065,0.014893702206029591,-0.05641189894703125
SOL,SOL/USDT:USDT,2025-09-18 16:00:00+00:00,long_pullback_restart,long,249.77,242.01942388805512,0.031030852832385374,True,False,0.025823757857228718,1.5387316091359502,0.6058394160583909,0.8357664233576689,-0.011170276654522193,-0.04516154862473476,-0.051567442046683065,0.014893702206029591,-0.05641189894703125
LINK,LINK/USDT:USDT,2025-09-18 22:00:00+00:00,long_compression_breakout,long,24.677,24.004706576503615,0.027243725878201744,True,False,0.02435466223609025,1.3075029505694802,0.38022813688211876,0.7414448669201484,-0.0006889005956963734,-0.0458321513960368,-0.06463508530210316,0.008590995663978696,-0.05778660290959181
LINK,LINK/USDT:USDT,2025-09-18 22:00:00+00:00,long_pullback_restart,long,24.677,24.004706576503615,0.027243725878201744,True,False,0.02435466223609025,1.3075029505694802,0.38022813688211876,0.7414448669201484,-0.0006889005956963734,-0.0458321513960368,-0.06463508530210316,0.008590995663978696,-0.05778660290959181
BNB,BNB/USDT:USDT,2025-09-19 08:00:00+00:00,long_pullback_restart,long,1000.96,978.7789948966825,0.022159731760827094,True,False,0.017972746163682874,2.2980747149268033,0.643333333333342,0.6622222222222263,-0.016943734015345324,-0.0038363171355498826,0.027893222506393922,0.005224984015345324,-0.02656449808184147
ZEC,ZEC/USDT:USDT,2025-09-21 01:00:00+00:00,long_compression_breakout,long,51.12,49.48715455950344,0.03194142097997965,True,False,0.024061032863849707,1.2728790472881402,0.5571428571428614,0.9571428571428553,0.001956181533646406,-0.017996870109546093,0.07218309859154948,0.022691705790297334,-0.020735524256650928
ZEC,ZEC/USDT:USDT,2025-09-21 01:00:00+00:00,long_pullback_restart,long,51.12,49.48715455950344,0.03194142097997965,True,False,0.024061032863849707,1.2728790472881402,0.5571428571428614,0.9571428571428553,0.001956181533646406,-0.017996870109546093,0.07218309859154948,0.022691705790297334,-0.020735524256650928
TAO,TAO/USDT:USDT,2025-09-23 17:00:00+00:00,short_pullback_restart,short,308.92,320.75773522875426,0.03831974371602434,False,True,0.030817040010358607,2.009756225078314,0.9048913043478201,0.048913043478262634,0.0017510863220702166,-0.016961018297533714,0.018731038121619914,0.015382592689981545,-0.024381000505305672
LINK,LINK/USDT:USDT,2025-09-24 03:00:00+00:00,short_pullback_restart,short,21.277,22.067012096107153,0.037129863049638175,False,True,0.02871645438736667,1.8298957682809462,0.5251641137855537,0.3588621444201339,-0.020531234175758306,-0.0005167230364524489,0.009489016463443578,0.015996561932957842,-0.03083720506513621
SUI,SUI/USDT:USDT,2025-09-24 03:00:00+00:00,short_pullback_restart,short,3.2751,3.4257224345570654,0.0459901787905912,False,True,0.03392262831669261,2.43881127373779,0.8689458689458649,0.04415954415954862,-0.03335202620937994,-0.010394319383592587,0.023149015932521166,0.012927968329570438,-0.04757611888213564
LINK,LINK/USDT:USDT,2025-09-25 00:00:00+00:00,short_pullback_restart,short,21.409,21.99346812414494,0.027300113230180802,False,True,0.01933766173104776,1.2912236527318466,0.6690647482014418,0.14028776978416585,0.02200687416459801,0.048432908912830364,0.029031482816630483,0.08017154389505543,-0.007602095211607152
SUI,SUI/USDT:USDT,2025-09-25 00:00:00+00:00,short_pullback_restart,short,3.3407,3.445559902088505,0.031388601816536965,False,True,0.027868410812105168,1.6646037037276542,0.5329949238578643,0.28934010152284384,0.03088934147997291,0.056748805871002395,0.05338336381408837,0.08902725257530308,-0.007398383646303852
ETH,ETH/USDT:USDT,2025-09-25 01:00:00+00:00,short_pullback_restart,short,4099.74,4210.905421548256,0.02711523695362531,False,True,0.020730582915014072,4.000011584282565,0.4777836785271709,0.38484687555319286,0.023159817716262188,0.038645115524929,0.02621520346632411,0.07266875981161691,-0.009006526468455456
LINK,LINK/USDT:USDT,2025-09-25 01:00:00+00:00,short_pullback_restart,short,21.299,21.994620400991728,0.032659768110790584,False,True,0.027419127658575505,1.5428477812950325,0.4522821576763565,0.2987551867219887,0.016367627409811014,0.040447462263690115,0.030330882352941124,0.07462159434914217,-0.012701061512075285
TRX,TRX/USDT:USDT,2025-09-25 03:00:00+00:00,short_pullback_restart,short,0.33565,0.33959178611324503,0.011743739351243936,False,True,0.008431401757783404,1.8747369122097555,0.6780185758513932,0.25077399380804605,0.007897423578163476,0.005692883895131118,-0.00222948870392381,0.018108468818248014,-0.0011308514120762503
BTC,BTC/USDT:USDT,2025-09-25 17:00:00+00:00,short_compression_breakdown,short,108793.9,112339.21400368768,0.03258743370435003,False,True,0.01530692437719397,4.292675194037859,0.8989284803129531,0.09171698273662592,-0.0012906838513051522,-0.009589675850021018,-0.01234277621682478,0.0020991839065636064,-0.010663247443539636
BTC,BTC/USDT:USDT,2025-09-25 17:00:00+00:00,short_pullback_restart,short,108793.9,112339.21400368768,0.03258743370435003,False,True,0.01530692437719397,4.292675194037859,0.8989284803129531,0.09171698273662592,-0.0012906838513051522,-0.009589675850021018,-0.01234277621682478,0.0020991839065636064,-0.010663247443539636
XRP,XRP/USDT:USDT,2025-09-25 17:00:00+00:00,short_compression_breakdown,short,2.7359,2.8711990291190155,0.04945320703206092,False,True,0.029496692130560408,3.1358229917172062,0.7771428571428558,0.18571428571428472,-0.0022246535375638476,-0.020128218903334383,-0.03061332955390983,0.014536285089183032,-0.02727014150607987
XRP,XRP/USDT:USDT,2025-09-25 17:00:00+00:00,short_pullback_restart,short,2.7359,2.8711990291190155,0.04945320703206092,False,True,0.029496692130560408,3.1358229917172062,0.7771428571428558,0.18571428571428472,-0.0022246535375638476,-0.020128218903334383,-0.03061332955390983,0.014536285089183032,-0.02727014150607987
XRP,XRP/USDT:USDT,2025-09-26 10:00:00+00:00,short_compression_breakdown,short,2.7088,2.783689933480685,0.02764690397249149,False,True,0.01760927347903125,1.3080153255175797,0.9848101265822691,0.007594936708865485,-0.019261404779145508,-0.0280239692848685,-0.0528008951674942,0.004486965550487776,-0.03539633929207309
XRP,XRP/USDT:USDT,2025-09-26 10:00:00+00:00,short_pullback_restart,short,2.7088,2.783689933480685,0.02764690397249149,False,True,0.01760927347903125,1.3080153255175797,0.9848101265822691,0.007594936708865485,-0.019261404779145508,-0.0280239692848685,-0.0528008951674942,0.004486965550487776,-0.03539633929207309
SUI,SUI/USDT:USDT,2025-09-28 01:00:00+00:00,short_pullback_restart,short,3.1399,3.2254804282244396,0.0272557814657918,False,True,0.0227077295455269,1.6361414425422227,0.8381962864721489,0.09814323607426546,0.001052094624752975,-0.03822709590467732,-0.04125190839694659,0.015196094280448769,-0.04498448810754907
TRX,TRX/USDT:USDT,2025-09-28 01:00:00+00:00,short_pullback_restart,short,0.3356,0.3385914770563487,0.008913817212004375,False,True,0.007330154946364772,1.7740293693061895,0.7444444444444389,0.24444444444443897,-0.0026745913818722045,0.0019106759016003227,0.0074447646493756015,0.005392450569203122,-0.004774472880400893
SOL,SOL/USDT:USDT,2025-09-28 11:00:00+00:00,short_pullback_restart,short,199.75,204.4884328970799,0.023721816756344875,False,True,0.020525657071339146,1.5869204089494657,0.5903614457831275,0.373493975903618,-0.025229357798165042,-0.034930911199149595,-0.08219996324205103,0.009603234773818636,-0.05277883156297414
TRX,TRX/USDT:USDT,2025-09-30 12:00:00+00:00,short_pullback_restart,short,0.33512,0.337910136935872,0.00832578460214862,False,True,0.005729291000238653,1.3503458009457885,0.6914893617021427,0.1436170212765923,0.005852867905273396,-0.008374019825417967,-0.021376007475762293,0.012110778895231045,-0.012843171909980078
LINK,LINK/USDT:USDT,2025-09-30 15:00:00+00:00,short_pullback_restart,short,21.091,21.728187613768334,0.030211351465949124,False,True,0.02546109715044327,1.8048979884592977,0.5956284153005469,0.3852459016393495,-0.01701155853840408,-0.05805904157920583,-0.07129018053720826,0.0050033355570380245,-0.061788256227757965
SUI,SUI/USDT:USDT,2025-09-30 15:00:00+00:00,short_compression_breakdown,short,3.1632,3.2828704228706482,0.03783207602132285,False,True,0.0260495700556398,2.328664935529848,0.8806907378335948,0.09890109890109798,-0.03165370721851468,-0.09311926605504595,-0.13010477683359456,0.003871786734370053,-0.09335320588150997
SUI,SUI/USDT:USDT,2025-09-30 15:00:00+00:00,short_pullback_restart,short,3.1632,3.2828704228706482,0.03783207602132285,False,True,0.0260495700556398,2.328664935529848,0.8806907378335948,0.09890109890109798,-0.03165370721851468,-0.09311926605504595,-0.13010477683359456,0.003871786734370053,-0.09335320588150997
BNB,BNB/USDT:USDT,2025-10-01 08:00:00+00:00,long_pullback_restart,long,1027.8,1000.2040449558652,0.026849537890771272,True,False,0.014312122981124657,3.1816969348082753,0.7768448961555426,0.8007070260715867,-0.005458260361937972,0.006713368359603233,0.1254037750535124,0.01373808133878196,-0.01119867678536679
BNB,BNB/USDT:USDT,2025-10-02 01:00:00+00:00,long_pullback_restart,long,1035.71,1014.9846580556318,0.020010757783904962,True,False,0.015844203493255913,1.5085046386313574,0.7120490129339685,0.8311776718856358,0.0006951752903805453,0.05153952361182168,0.11063907850653165,0.062401637524017284,-0.007897963715711942
BTC,BTC/USDT:USDT,2025-10-02 15:00:00+00:00,long_pullback_restart,long,119875.1,118112.3973483351,0.014704493691057656,True,False,0.012686537904869342,2.558324172676591,0.7738012022927412,0.9902837970082524,0.001919497877373999,0.01971552057099424,0.024007487793545,0.021061921950429996,-0.005631694989201352
NEAR,NEAR/USDT:USDT,2025-10-03 15:00:00+00:00,long_compression_breakout,long,3.016,2.8792725845710767,0.045334023683330005,True,False,0.028846153846153907,2.347481047745699,0.7215189873417698,0.9620253164556949,0.011273209549071517,-0.04177718832891242,0.014257294429708356,0.02155172413793105,-0.04442970822281167
NEAR,NEAR/USDT:USDT,2025-10-03 15:00:00+00:00,long_pullback_restart,long,3.016,2.8792725845710767,0.045334023683330005,True,False,0.028846153846153907,2.347481047745699,0.7215189873417698,0.9620253164556949,0.011273209549071517,-0.04177718832891242,0.014257294429708356,0.02155172413793105,-0.04442970822281167
BNB,BNB/USDT:USDT,2025-10-05 02:00:00+00:00,long_pullback_restart,long,1163.68,1135.8618671838683,0.023905311439684246,True,False,0.018450089371648586,2.1359631388625275,0.7788125727590256,0.8550640279394645,0.00963323250378112,0.014522892891516426,0.1083889041660937,0.02253196755121678,-0.013182318163069029
BTC,BTC/USDT:USDT,2025-10-05 02:00:00+00:00,long_pullback_restart,long,124012.2,121356.55913089801,0.021414351725894627,True,False,0.00789841644612385,9.347502809233264,0.8089272858171318,0.826349892008638,0.004585839135181846,0.00044108563512290644,-0.016266141557040315,0.0150396493248246,-0.014935627301184806
DOGE,DOGE/USDT:USDT,2025-10-05 02:00:00+00:00,long_pullback_restart,long,0.25657,0.2462097573996443,0.040379789532508585,True,False,0.02311260084967062,2.8588810088892402,0.8558875219683768,0.9472759226713588,0.02790661417936624,-0.009938808122539666,-0.03055696301204358,0.033480141871613966,-0.024048018084733225
ETH,ETH/USDT:USDT,2025-10-05 02:00:00+00:00,long_pullback_restart,long,4547.51,4433.194541592352,0.02513803343096514,True,False,0.01580865132786961,5.282609671217177,0.8503730312240962,0.9643547941420293,0.008628898012318809,-0.0023551350079493716,-0.015063188426193697,0.015597546789341665,-0.016881766065385273
BNB,BNB/USDT:USDT,2025-10-05 04:00:00+00:00,long_pullback_restart,long,1182.4,1135.8149365003762,0.03939873435353844,True,False,0.027021312584573784,2.178306012924863,0.8097497842968046,0.8149266609145837,-0.01632273342354551,0.0020043978349120195,0.08701792963464139,0.0063430311231393866,-0.028805818673883765
ETH,ETH/USDT:USDT,2025-10-06 06:00:00+00:00,long_pullback_restart,long,4558.41,4464.586706321086,0.020582460480499477,True,False,0.017769353787833918,1.7819366154927916,0.6378592666006028,0.6533201189296364,0.004519119605301158,0.02392720268690174,-0.028869715536776974,0.038737191257477877,-0.007009022882978888
SOL,SOL/USDT:USDT,2025-10-06 06:00:00+00:00,long_pullback_restart,long,233.82,226.1175108583395,0.03294196023291632,True,False,0.02831237704216921,1.5198231711754862,0.6303501945525256,0.6303501945525256,0.0006842870584209404,-0.015139851167564777,-0.03151997262851769,0.016765032931314705,-0.020058164399965772
SUI,SUI/USDT:USDT,2025-10-06 06:00:00+00:00,long_pullback_restart,long,3.6413,3.5127769467825876,0.035295925416036204,True,False,0.019690769780023706,1.835260843605624,0.9489528795811546,0.9607329842931981,-0.006838217120259338,-0.013017328975915232,-0.05077856809381276,0.02218987724164445,-0.013209568011424588
NEAR,NEAR/USDT:USDT,2025-10-06 12:00:00+00:00,long_pullback_restart,long,3.004,2.9229406389987407,0.026983808588967817,True,False,0.02263648468708391,1.6667154050878645,0.6842105263157796,0.8157894736842087,0.024300932090545846,0.017643142476697626,-0.027629826897470067,0.027629826897470178,-0.01464713715046606
BTC,BTC/USDT:USDT,2025-10-06 13:00:00+00:00,long_pullback_restart,long,124967.8,123022.12921957108,0.015569376914924628,True,False,0.012061507044214612,2.7949783582543466,0.6361556064073355,0.8719881545295571,0.003116802888424086,-0.009141554864533163,-0.020891781722971903,0.009928157493370282,-0.013653117042950247
NEAR,NEAR/USDT:USDT,2025-10-06 13:00:00+00:00,long_pullback_restart,long,3.022,2.922902021927402,0.03279218334632628,True,False,0.026803441429516864,1.9385638039355981,0.42857142857142555,0.8571428571428511,0.01687624090006623,-0.0016545334215750662,-0.054930509596293864,0.021508934480476638,-0.020516214427531376
XRP,XRP/USDT:USDT,2025-10-06 15:00:00+00:00,long_pullback_restart,long,3.0299,2.9565233062348684,0.02421752987396669,True,False,0.019736624971121185,2.8806589554277386,0.8285714285714227,0.8400000000000013,-0.00785504472094789,-0.0483184263507046,-0.0755140433677679,0.006633882306346761,-0.053566124294531225
BTC,BTC/USDT:USDT,2025-10-08 17:00:00+00:00,long_pullback_restart,long,123985.5,120862.44149882959,0.025188901130942003,True,False,0.01849329155425428,2.4212181848750043,0.7780233659614806,0.8538838017050794,-0.00603296353202587,-0.024760153405035235,-0.09711619503893598,0.0014816248674240917,-0.035590452109319215
ETH,ETH/USDT:USDT,2025-10-08 17:00:00+00:00,long_pullback_restart,long,4536.99,4409.979410661002,0.027994460939741596,True,False,0.022794848567001487,2.6554034768580803,0.6149500217296824,0.7137476459510316,-0.0029358671718473506,-0.045038671013160725,-0.15732897802287416,0.0012805847048373842,-0.06048944344157681
XRP,XRP/USDT:USDT,2025-10-09 16:00:00+00:00,short_compression_breakdown,short,2.7768,2.8517411255409253,0.026988305078120545,False,True,0.022651973494670106,2.045005703264508,0.6328124999999978,0.17708333333333803,-0.01300917039880567,0.01792587704827886,0.10352501688987803,0.024233705875843725,-0.020805416460963344
XRP,XRP/USDT:USDT,2025-10-09 16:00:00+00:00,short_pullback_restart,short,2.7768,2.8517411255409253,0.026988305078120545,False,True,0.022651973494670106,2.045005703264508,0.6328124999999978,0.17708333333333803,-0.01300917039880567,0.01792587704827886,0.10352501688987803,0.024233705875843725,-0.020805416460963344
XRP,XRP/USDT:USDT,2025-10-15 15:00:00+00:00,short_pullback_restart,short,2.4326,2.5535873425025204,0.04973581456158864,False,True,0.03934062320151293,2.9714816127612393,0.606589147286827,0.18410852713178386,0.015105992321815975,0.03338997451146963,0.03629547584561643,0.04430325405683866,-0.01334414925978511
SOL,SOL/USDT:USDT,2025-10-19 08:00:00+00:00,short_pullback_restart,short,184.08,188.1160370071533,0.021925450929776633,False,True,0.01624293785310724,3.299084161049944,0.42130750605326167,0.15980629539952088,-0.03844546594233167,-0.04572317262830483,-0.002708852530068251,0.005571943625040987,-0.05328121785640805
XRP,XRP/USDT:USDT,2025-10-19 08:00:00+00:00,short_pullback_restart,short,2.3313,2.3773839264668735,0.01976748014707387,False,True,0.01694333633594984,3.0842871693491127,0.3530751708428189,0.12300683371298998,-0.03313702720637024,-0.056535815459328176,-0.027368684550878153,0.0064323950958384835,-0.058973116977476314
SOL,SOL/USDT:USDT,2025-10-20 16:00:00+00:00,short_pullback_restart,short,187.44,194.8338801169148,0.03944665021828212,False,True,0.022033717456252645,2.9125870203698194,0.7728459530026163,0.21671018276762077,-0.016837136113296625,-0.026639663498987387,-0.02308854953875028,0.026225020531070342,-0.05184885426678132
SUI,SUI/USDT:USDT,2025-10-20 16:00:00+00:00,short_pullback_restart,short,2.5636,2.685103904456574,0.047395812317277956,False,True,0.0324153534092682,2.603378005644904,0.6931106471816286,0.30271398747390416,-0.00870035961486404,-0.02208659164600424,0.03216974674880224,0.03877790834312567,-0.04492958795916846
DOGE,DOGE/USDT:USDT,2025-10-21 04:00:00+00:00,short_pullback_restart,short,0.19314,0.2010993706769651,0.04121036904300035,False,True,0.025680853267060124,2.6152044603100713,0.8749999999999982,0.11197916666666995,-0.005970149253731294,-0.008216082982438033,-0.02232346241457861,0.00598989530704741,-0.06042031523642721
ETH,ETH/USDT:USDT,2025-10-21 04:00:00+00:00,short_compression_breakdown,short,3849.22,4009.3779323661,0.041607892603202815,False,True,0.022012251832838867,3.011805331121425,0.903403403403406,0.096596596596594,-0.008515614535788307,-0.0071448469403547765,-0.03111871830046442,0.008872009791973001,-0.06308766651819075
ETH,ETH/USDT:USDT,2025-10-21 04:00:00+00:00,short_pullback_restart,short,3849.22,4009.3779323661,0.041607892603202815,False,True,0.022012251832838867,3.011805331121425,0.903403403403406,0.096596596596594,-0.008515614535788307,-0.0071448469403547765,-0.03111871830046442,0.008872009791973001,-0.06308766651819075
SOL,SOL/USDT:USDT,2025-10-21 04:00:00+00:00,short_compression_breakdown,short,183.66,191.4756715536495,0.042555110277956595,False,True,0.03223347489927032,2.1677267960707,0.7171314741035928,0.24302788844621012,-0.01157095958236909,-0.011358131022231821,-0.05060739209097953,0.005529701615110794,-0.07096970003540903
SOL,SOL/USDT:USDT,2025-10-21 04:00:00+00:00,short_pullback_restart,short,183.66,191.4756715536495,0.042555110277956595,False,True,0.03223347489927032,2.1677267960707,0.7171314741035928,0.24302788844621012,-0.01157095958236909,-0.011358131022231821,-0.05060739209097953,0.005529701615110794,-0.07096970003540903
DOGE,DOGE/USDT:USDT,2025-10-26 01:00:00+00:00,short_pullback_restart,short,0.19533,0.1984377849152026,0.015910433191023306,False,True,0.013310807351661246,1.3045777938310554,0.5329341317365266,0.353293413173656,-0.006459816887080305,-0.0652277947932619,0.008519206939281432,0.004318988122782752,-0.06621091882589158
TRX,TRX/USDT:USDT,2025-10-26 04:00:00+00:00,short_pullback_restart,short,0.29448,0.29902621357639747,0.015438106412650946,False,True,0.010493072534637264,2.166923778603091,0.6325757575757519,0.24621212121213323,-0.007448852337456624,-0.020163705330405124,-0.0055382952856949386,0.002007553846677501,-0.02444841979725698
TRX,TRX/USDT:USDT,2025-10-28 05:00:00+00:00,short_pullback_restart,short,0.29628,0.30071308937577806,0.014962499580727949,False,True,0.010800594032671732,1.3427140784034228,0.7863777089783215,0.08359133126934724,-0.0026257321753181406,-0.0023570610815544235,0.004815844807705361,0.012300123001230068,-0.011279450043382488
ETH,ETH/USDT:USDT,2025-10-29 15:00:00+00:00,short_compression_breakdown,short,3950.23,4041.3994602211533,0.023079532133863916,False,True,0.016353478151905056,1.7475548421133302,0.6793116210214667,0.20521835677276376,-0.0010570477011740964,0.047359085377332244,0.014698138458416388,0.05176513188899334,-0.016648784822919982
ETH,ETH/USDT:USDT,2025-10-29 15:00:00+00:00,short_pullback_restart,short,3950.23,4041.3994602211533,0.023079532133863916,False,True,0.016353478151905056,1.7475548421133302,0.6793116210214667,0.20521835677276376,-0.0010570477011740964,0.047359085377332244,0.014698138458416388,0.05176513188899334,-0.016648784822919982
ETH,ETH/USDT:USDT,2025-10-30 12:00:00+00:00,short_compression_breakdown,short,3815.66,3955.2364333743076,0.03657989269859152,False,True,0.028875738404365126,2.250915373537683,0.7075116330600485,0.2518280522933743,0.025715053763440743,-0.004988539137736336,-0.01554473659089095,0.03751257579465439,-0.018358536874006348
ETH,ETH/USDT:USDT,2025-10-30 12:00:00+00:00,short_pullback_restart,short,3815.66,3955.2364333743076,0.03657989269859152,False,True,0.028875738404365126,2.250915373537683,0.7075116330600485,0.2518280522933743,0.025715053763440743,-0.004988539137736336,-0.01554473659089095,0.03751257579465439,-0.018358536874006348
ADA,ADA/USDT:USDT,2025-11-02 14:00:00+00:00,short_pullback_restart,short,0.5997,0.6196146135155333,0.033207626339058285,False,True,0.023678505919626464,3.774219969086989,0.6052631578947402,0.2894736842105245,0.0005005005005005447,0.037902388369678075,0.10768378278537138,0.059540636042402895,-0.020098039215686203
NEAR,NEAR/USDT:USDT,2025-11-02 14:00:00+00:00,short_pullback_restart,short,2.121,2.202626004227947,0.03848467903250677,False,True,0.026402640264026427,3.0879884475645545,0.5769230769230727,0.3076923076923077,-0.0028208744710859213,0.05156172533465542,0.12400635930047699,0.07555780933062883,-0.0367847411444141
BTC,BTC/USDT:USDT,2025-11-04 05:00:00+00:00,short_pullback_restart,short,104164.3,107975.57921362155,0.03658911175538589,False,True,0.01965260650721976,2.7938061338446243,0.9873201089070378,0.012640995721509141,-0.003505190341210662,0.023544682916667448,0.01722949218750003,0.05334780076206802,-0.009750926894191436
DOGE,DOGE/USDT:USDT,2025-11-06 05:00:00+00:00,short_pullback_restart,short,0.16374,0.16923198629807645,0.03354089592082849,False,True,0.027543666788811618,1.2181007894785623,0.832861189801698,0.1359773371104837,0.0048481129180728555,-0.014445648248465282,-0.0580994017487344,0.043528137148683976,-0.016222062004325966
TRX,TRX/USDT:USDT,2025-11-06 05:00:00+00:00,short_pullback_restart,short,0.28677,0.29056113242148285,0.013220115149711695,False,True,0.009624437702688705,1.818380671250055,0.9209302325581136,0.07441860465118416,3.4872367136395965e-05,-0.00020918313983875336,-0.009772099447513782,0.01796173369777443,-0.002643202448440074
BTC,BTC/USDT:USDT,2025-11-06 12:00:00+00:00,short_pullback_restart,short,102507.1,104355.57685135884,0.018032671408700813,False,True,0.015595992862933368,1.8559859230566431,0.7045999791384188,0.18577240012517612,0.008233500540965943,0.02909579364896131,0.004594353296752285,0.03333770161290328,-0.010405946806970046
DOGE,DOGE/USDT:USDT,2025-11-06 12:00:00+00:00,short_pullback_restart,short,0.1612,0.16813591236320743,0.0430267516328004,False,True,0.035049627791563204,1.4675260807921842,0.7733333333333289,0.1333333333333432,0.001553277415346388,0.0003723470274294982,-0.08074817518248167,0.027340513670256916,-0.03634624581539936
ETH,ETH/USDT:USDT,2025-11-06 12:00:00+00:00,short_pullback_restart,short,3347.88,3462.9392035839974,0.034367780082917326,False,True,0.028991481176147277,1.5236983673663556,0.7878883456868025,0.1159123166692939,0.006182171183328311,0.03917856012117982,-0.026960100446428492,0.047659579794591345,-0.015916967222511236
SOL,SOL/USDT:USDT,2025-11-06 12:00:00+00:00,short_pullback_restart,short,157.42,163.26323806165917,0.0371187781835801,False,True,0.03354084614407319,1.2796553202376357,0.5836909871244662,0.1673819742489203,0.0001270648030493593,0.03859602823777797,-0.010123875998239384,0.04341486047590637,-0.02514243249938075
ADA,ADA/USDT:USDT,2025-11-06 14:00:00+00:00,short_pullback_restart,short,0.5268,0.5469261935877419,0.03820461956670807,False,True,0.03208048595292336,1.7879731525017095,0.7919999999999885,0.0880000000000076,0.0032374785755096003,-0.01771396606377018,-0.0765994741454864,0.020139426800929616,-0.04148471615720517
BNB,BNB/USDT:USDT,2025-11-06 14:00:00+00:00,short_pullback_restart,short,936.89,966.986600795206,0.03212394282701915,False,True,0.02429314006980541,2.3471336414811854,0.6829618979151705,0.13587347232206978,-0.012167476777411035,-0.007794545935927988,-0.05044290839802967,0.012536610143846882,-0.0410542476970317
BTC,BTC/USDT:USDT,2025-11-06 14:00:00+00:00,short_pullback_restart,short,102083.1,104363.66646877369,0.022340294022944896,False,True,0.018428123754078755,2.776761953814166,0.7661717236926975,0.05300193673338013,0.011988246700332494,0.01319555827285579,-0.00884805387477361,0.029063508064516297,-0.008010113947101827
ETH,ETH/USDT:USDT,2025-11-06 14:00:00+00:00,short_pullback_restart,short,3327.99,3463.4602622739567,0.04070633093066894,False,True,0.03439613700762316,2.737085989812433,0.753543499511241,0.132086999022482,0.006773354307841206,0.012565833711119634,-0.05050484877361272,0.04230297032183694,-0.012465875370919921
LINK,LINK/USDT:USDT,2025-11-06 14:00:00+00:00,short_pullback_restart,short,14.641,15.2738681717669,0.043225747678908515,False,True,0.03374086469503448,2.3759384746704924,0.768924302788842,0.10756972111553824,0.003426769926667239,-0.011344452697683804,-0.06715514495062125,0.02859350850077269,-0.03557077926355312
SOL,SOL/USDT:USDT,2025-11-06 15:00:00+00:00,short_pullback_restart,short,155.83,163.32433455592755,0.04809301518274746,False,True,0.03747673747032024,3.154153241515294,0.5234159779614269,0.14325068870523716,-0.0035807916107166715,0.003348142424827838,-0.04075100030778689,0.04101810408176898,-0.01734140496910075
ADA,ADA/USDT:USDT,2025-11-11 19:00:00+00:00,short_compression_breakdown,short,0.562,0.5855916723531639,0.04197806468534491,False,True,0.03167259786476855,1.6677629320185476,0.8205128205128125,0.1794871794871875,0.005007153075822668,0.03422892896577112,0.08978088035679654,0.04286509556503981,-0.031869078380706184
XRP,XRP/USDT:USDT,2025-11-12 07:00:00+00:00,short_compression_breakdown,short,2.3722,2.4356928909780464,0.026765403835278038,False,True,0.022342129668661975,1.504317836299763,0.5473684210526385,0.31929824561402614,-0.029695680628272214,-0.045891485339661364,0.038525523159092856,0.02488550937527001,-0.05823970780896426
BNB,BNB/USDT:USDT,2025-11-13 16:00:00+00:00,short_pullback_restart,short,946.07,972.5446287552759,0.027983794809343737,False,True,0.019691988964875742,2.5320561740966863,0.7838776928422442,0.07088255733148634,0.024994582881906924,0.015303549006771888,0.03457816173656303,0.06531016699134073,-0.0006654695257208854
SOL,SOL/USDT:USDT,2025-11-13 16:00:00+00:00,short_pullback_restart,short,151.03,157.61959232711158,0.043631015871757765,False,True,0.03316559623915769,2.050897456884534,0.7565543071161123,0.1423220973782761,0.04533499446290157,0.05335472171851019,0.11346210557357717,0.1132158915014374,-0.0013224889241552074
BNB,BNB/USDT:USDT,2025-11-13 17:00:00+00:00,short_pullback_restart,short,931.04,972.631298129899,0.04467187030621572,False,True,0.02774316892936935,2.963914020162072,0.9060240963855456,0.05662650602409275,0.004715810374782858,0.008186425260969354,0.016585685428836427,0.04838582544168801,-0.0031584920609428746
TRX,TRX/USDT:USDT,2025-11-18 06:00:00+00:00,short_pullback_restart,short,0.28732,0.2945298555281135,0.02509346905232314,False,True,0.01945565919532223,1.528179170251964,0.7515337423312941,0.0950920245398877,-0.009685313480163993,0.00366786600062885,0.022381952104757463,0.007362737535937303,-0.019318724827633305
DOGE,DOGE/USDT:USDT,2025-11-19 05:00:00+00:00,short_pullback_restart,short,0.1564,0.1633007214278465,0.04412225976883938,False,True,0.02819693094629154,2.0794609657801604,0.6177285318559503,0.29362880886426723,-0.010815255202074492,-0.008620689655172376,0.14185588084982115,0.06358381502890187,-0.020663744520976857
SUI,SUI/USDT:USDT,2025-11-19 05:00:00+00:00,short_pullback_restart,short,1.6227,1.7035666611041729,0.04983463431575327,False,True,0.03432550687126386,2.087409390791609,0.5714285714285714,0.327868852459017,-0.013196302602773047,-0.008735491753207092,0.19553525381271641,0.07577565632458239,-0.025112646440372477
TRX,TRX/USDT:USDT,2025-11-20 13:00:00+00:00,short_pullback_restart,short,0.28455,0.28835333695107696,0.01336614637524839,False,True,0.010332103321033202,1.8853408268489589,0.6116504854368399,0.1941747572815801,0.0235611510791367,0.027590191759055527,0.03363725525809169,0.04483366380259968,-3.5141973573127316e-05
ETH,ETH/USDT:USDT,2025-11-20 15:00:00+00:00,short_pullback_restart,short,2954.53,3070.978704022645,0.03941361367887446,False,True,0.03403248570838684,1.7632280750300635,0.8575248281130544,0.08651642475172248,0.026605651225173332,0.09277286681214636,0.04215858145121176,0.12768320610687023,-0.0018850650820408932
XRP,XRP/USDT:USDT,2025-11-20 15:00:00+00:00,short_pullback_restart,short,2.0848,2.153939348674149,0.03316354023126868,False,True,0.027004988488104488,1.557568004836022,0.8886255924170681,0.07345971563980795,0.03243698311296006,0.09140404146162706,0.011351508683419054,0.14543156969397275,-0.001149865848984355
BNB,BNB/USDT:USDT,2025-11-20 16:00:00+00:00,short_pullback_restart,short,880.65,917.1559310392739,0.04145339356074939,False,True,0.029818883779026844,3.5614427509753925,0.7110481586402319,0.2443342776203917,-0.0006241488878802048,0.062470592493394594,0.041277461158275575,0.11345015930814761,-0.004093772264127438
NEAR,NEAR/USDT:USDT,2025-11-23 17:00:00+00:00,short_pullback_restart,short,1.817,1.896730478820537,0.043880285536894374,False,True,0.03522289488167312,1.4747982656749308,0.750000000000004,0.14285714285714285,-0.0021965952773201902,-0.07766497461928934,-0.06146694214876036,0.011692650334075738,-0.07953394123606894
BNB,BNB/USDT:USDT,2025-11-25 14:00:00+00:00,short_pullback_restart,short,842.27,866.8145561730947,0.029140959755297884,False,True,0.023009248815700423,2.1398890308143756,0.4422341239479687,0.3649579188982375,-0.01882506436168352,-0.020684603399762747,-0.06303049180692599,0.005647491463094401,-0.03225176367856242
NEAR,NEAR/USDT:USDT,2025-11-28 01:00:00+00:00,short_pullback_restart,short,1.878,1.9538271703196561,0.0403765550157914,False,True,0.02822151224707132,1.6651697171611854,0.8571428571428599,0.08571428571428281,-0.003713527851458953,0.002134471718249653,0.1079646017699114,0.01733477789815807,-0.039386189258312165
NEAR,NEAR/USDT:USDT,2025-11-29 14:00:00+00:00,short_compression_breakdown,short,1.861,1.907851770151219,0.025175588474593766,False,True,0.020956475013433597,1.3275907770490112,0.8823529411764698,0.11764705882353017,0.005945945945945885,0.009766684753119925,0.06160867084997146,0.020285087719298156,-0.011158342189160453
NEAR,NEAR/USDT:USDT,2025-11-29 14:00:00+00:00,short_pullback_restart,short,1.861,1.907851770151219,0.025175588474593766,False,True,0.020956475013433597,1.3275907770490112,0.8823529411764698,0.11764705882353017,0.005945945945945885,0.009766684753119925,0.06160867084997146,0.020285087719298156,-0.011158342189160453
BNB,BNB/USDT:USDT,2025-11-29 17:00:00+00:00,short_pullback_restart,short,873.33,885.79258605422,0.014270191169683817,False,True,0.010992408367970895,1.9179021377243652,0.9466515323495993,0.014755959137343502,8.015940269801014e-05,-0.027277182508743447,-0.004332311059934035,0.005503425248978289,-0.030010551452212986
DOGE,DOGE/USDT:USDT,2025-11-29 17:00:00+00:00,short_pullback_restart,short,0.14769,0.1507801868084187,0.020923466777836793,False,True,0.015573159997291601,1.9923237796050786,0.6647727272727254,0.24431818181817222,-0.004046125834513581,-0.01520304060812161,0.010191518467852267,0.003669724770642091,-0.018931845356715993
NEAR,NEAR/USDT:USDT,2025-11-29 17:00:00+00:00,short_pullback_restart,short,1.846,1.9078147736961473,0.03348579290148818,False,True,0.024377031419284902,1.8809230871140006,0.7096774193548413,0.19354838709677488,-0.0016224986479177472,-0.009125067096081518,0.01206140350877205,0.01206140350877205,-0.01124799143010169
TAO,TAO/USDT:USDT,2025-11-29 17:00:00+00:00,short_compression_breakdown,short,293.63,301.33755681987566,0.02624921438502763,False,True,0.02285188843101856,1.8433345242022783,0.7541899441340784,0.08938547486033369,-0.00860962927949227,-0.003123408589373655,0.03143880848672187,0.012517241379310429,-0.01214506795855208
TAO,TAO/USDT:USDT,2025-11-29 17:00:00+00:00,short_pullback_restart,short,293.63,301.33755681987566,0.02624921438502763,False,True,0.02285188843101856,1.8433345242022783,0.7541899441340784,0.08938547486033369,-0.00860962927949227,-0.003123408589373655,0.03143880848672187,0.012517241379310429,-0.01214506795855208
DOGE,DOGE/USDT:USDT,2025-11-30 23:00:00+00:00,short_pullback_restart,short,0.1459,0.15074492477068388,0.033207160868292514,False,True,0.015352981494174228,4.639370418787998,0.9504132231404997,0.03581267217630618,0.0646526561587859,0.07786643026004714,-0.03753545748400289,0.10824154956323606,-0.002665937521361683
LINK,LINK/USDT:USDT,2025-12-01 16:00:00+00:00,short_pullback_restart,short,11.769,12.306391088653882,0.04566157606031795,False,True,0.03917070269351674,1.530940715467815,0.8669201520912542,0.1140684410646364,-0.024452917771883298,-0.11063250963500337,-0.18157162726008347,0.0006802142674944278,-0.12328665077473178
DOGE,DOGE/USDT:USDT,2025-12-05 09:00:00+00:00,short_compression_breakdown,short,0.14426,0.14874933731585976,0.031119765117563876,False,True,0.01767641757937056,1.9292741125155293,0.8909090909090831,0.10454545454545781,0.01270621270621275,0.03687199022496945,0.003198887343532686,0.05207117852975496,-0.006747452492426365
DOGE,DOGE/USDT:USDT,2025-12-05 09:00:00+00:00,short_pullback_restart,short,0.14426,0.14874933731585976,0.031119765117563876,False,True,0.01767641757937056,1.9292741125155293,0.8909090909090831,0.10454545454545781,0.01270621270621275,0.03687199022496945,0.003198887343532686,0.05207117852975496,-0.006747452492426365
XRP,XRP/USDT:USDT,2025-12-05 09:00:00+00:00,short_compression_breakdown,short,2.0567,2.1153237281522212,0.028503781860369063,False,True,0.01837895658093075,1.340426828354772,0.8502024291498034,0.14574898785425458,-0.008723732407942886,0.015804810589223006,-0.02075893919916183,0.022725012431626057,-0.02005908137983614
XRP,XRP/USDT:USDT,2025-12-05 09:00:00+00:00,short_pullback_restart,short,2.0567,2.1153237281522212,0.028503781860369063,False,True,0.01837895658093075,1.340426828354772,0.8502024291498034,0.14574898785425458,-0.008723732407942886,0.015804810589223006,-0.02075893919916183,0.022725012431626057,-0.02005908137983614
DOGE,DOGE/USDT:USDT,2025-12-07 13:00:00+00:00,short_pullback_restart,short,0.1382,0.1410134868813395,0.020358081630531877,False,True,0.018089725036179467,2.7299538319438774,0.7566137566137743,0.22222222222221244,-0.026760563380281654,-0.038006404009466976,-0.05277587388622351,0.025374684671316095,-0.04551419296912784
ADA,ADA/USDT:USDT,2025-12-07 14:00:00+00:00,short_pullback_restart,short,0.4073,0.42134425899928496,0.03448136263021106,False,True,0.017677387674932443,5.996437975871642,0.7699115044247791,0.18584070796460134,-0.055207608443516576,-0.06346286502644294,-0.12011233527759768,0.0019680196801967753,-0.07431818181818184
ETH,ETH/USDT:USDT,2025-12-07 14:00:00+00:00,short_pullback_restart,short,2941.32,3060.1475075094095,0.040399381063403274,False,True,0.011399643697387635,15.417749585194985,0.6790189486552554,0.2870568459657712,-0.06326791890394201,-0.059325448858584706,-0.11351286185747211,0.0009596733027055215,-0.075053695137406
SOL,SOL/USDT:USDT,2025-12-07 14:00:00+00:00,short_pullback_restart,short,128.07,133.7035579345297,0.04398811536292422,False,True,0.016553447333489534,10.962375217526136,0.8479809976247027,0.12351543942992797,-0.059138995004408,-0.06593246298592381,-0.06593246298592381,0.0010161012974831962,-0.08061737257717172
SUI,SUI/USDT:USDT,2025-12-11 14:00:00+00:00,short_compression_breakdown,short,1.5259,1.5685469582818323,0.027948724216418044,False,True,0.023461563667343897,1.3729126182060907,0.6516853932584176,0.265917602996257,-0.03759066540523481,-0.07302108012878916,-0.04470043197896445,0.0022331691297208245,-0.08304789375638477
SUI,SUI/USDT:USDT,2025-12-11 14:00:00+00:00,short_pullback_restart,short,1.5259,1.5685469582818323,0.027948724216418044,False,True,0.023461563667343897,1.3729126182060907,0.6516853932584176,0.265917602996257,-0.03759066540523481,-0.07302108012878916,-0.04470043197896445,0.0022331691297208245,-0.08304789375638477
TRX,TRX/USDT:USDT,2025-12-12 07:00:00+00:00,short_pullback_restart,short,0.27861,0.28135878726455904,0.009866075390542392,False,True,0.007896342557697066,1.8431262061452467,0.5416666666666698,0.17361111111113092,0.005304178393591874,0.020287838283224335,-0.009069568928723792,0.02062422155469279,-0.0005380972879895918
BTC,BTC/USDT:USDT,2025-12-14 10:00:00+00:00,short_pullback_restart,short,89819.0,90487.31766685234,0.007440715960457559,False,True,0.005575657711620068,2.3319939273009425,0.47756232686978994,0.2188365650969529,0.011703086280693942,8.350823669567298e-05,0.03732542145423512,0.026452414338495434,-0.0017049673010833821
XRP,XRP/USDT:USDT,2025-12-14 10:00:00+00:00,short_pullback_restart,short,2.0053,2.0311075649763017,0.012869677841869872,False,True,0.0101730414401835,2.1393715192930345,0.5714285714285533,0.3428571428571489,0.004810342235807008,0.006020167561330503,0.05209863588667374,0.030472764645426587,-0.003973575721452294
NEAR,NEAR/USDT:USDT,2025-12-14 17:00:00+00:00,short_compression_breakdown,short,1.593,1.647063477482848,0.03393815284547905,False,True,0.026993094789704915,2.219845234915136,0.6,0.2999999999999963,0.0018867924528300772,0.059175531914893664,0.06841046277665996,0.06270847231487653,-0.032199270959902715
NEAR,NEAR/USDT:USDT,2025-12-14 17:00:00+00:00,short_pullback_restart,short,1.593,1.647063477482848,0.03393815284547905,False,True,0.026993094789704915,2.219845234915136,0.6,0.2999999999999963,0.0018867924528300772,0.059175531914893664,0.06841046277665996,0.06270847231487653,-0.032199270959902715
XRP,XRP/USDT:USDT,2025-12-15 13:00:00+00:00,short_pullback_restart,short,1.9629,2.015736806846012,0.026917727263748588,False,True,0.01834021091242551,4.120857192878899,0.6554054054053992,0.3006756756756794,0.03610451306413309,0.028935367196100126,0.02629927846909963,0.06068302172268458,-0.008285757591067533
ADA,ADA/USDT:USDT,2025-12-15 14:00:00+00:00,short_pullback_restart,short,0.3922,0.40824004748683224,0.040897622352963396,False,True,0.01963284038755733,4.338626878083996,0.5185185185185199,0.19753086419752977,0.03020751247701603,0.014747736093143615,0.058855291576673796,0.04031830238726797,-0.006082108464267599
NEAR,NEAR/USDT:USDT,2025-12-15 14:00:00+00:00,short_pullback_restart,short,1.582,1.6492341932445396,0.04249949004079614,False,True,0.026548672566371563,3.8727736362359884,0.4035087719298218,0.26315789473684353,0.03805774278215224,0.0312907431551499,0.036018336607727575,0.06388702084734366,0.0
TAO,TAO/USDT:USDT,2025-12-17 05:00:00+00:00,short_pullback_restart,short,252.93,264.8866581122354,0.04727259760501088,False,True,0.03277586684062781,2.293763461510919,0.5982905982905988,0.3982905982906008,0.018810924031257725,0.10846699973704976,0.11046230846906968,0.11085247485616412,-0.010446009389671329
BNB,BNB/USDT:USDT,2025-12-17 15:00:00+00:00,short_pullback_restart,short,854.17,872.7566972385765,0.02175995087462281,False,True,0.019141388716531864,6.3358718144401855,0.6529928840519059,0.046044370029297184,0.018323795898903095,0.006943462064412653,-0.0002691947565542918,0.029120481927710884,-0.004835026563519529
TRX,TRX/USDT:USDT,2025-12-18 04:00:00+00:00,short_pullback_restart,short,0.27724,0.2804493121274877,0.011575934668473911,False,True,0.00876496897994513,1.7453749818641358,0.7697368421052553,0.026315789473673638,-0.0005047227629967344,-0.007375581811672083,-0.0216324946183436,0.0018067500180674045,-0.0168794326241134
ADA,ADA/USDT:USDT,2025-12-21 01:00:00+00:00,short_pullback_restart,short,0.3695,0.3798707354448023,0.028066943017056364,False,True,0.021380243572395177,1.3312562023197174,0.9687500000000032,0.031249999999996746,0.005989654233596431,0.006811989100817373,0.02156483273431009,0.034144976210467304,-0.015191897654584174
LINK,LINK/USDT:USDT,2025-12-21 01:00:00+00:00,short_pullback_restart,short,12.458,12.69188099086623,0.018773558425608378,False,True,0.012200995344357122,1.5641885869531535,0.86363636363636,0.13636363636364005,-0.0039974416373520505,-0.0026419021695620604,0.007765733700048516,0.01997707548714578,-0.02013528393896491
SOL,SOL/USDT:USDT,2025-12-21 01:00:00+00:00,short_pullback_restart,short,125.06,126.79409674395656,0.013866118214909292,False,True,0.010315048776587288,1.7866512109373682,0.9473684210526198,0.042105263157901196,-0.0015169660678642227,-0.007223942208462342,0.01616965954334937,0.014274128142741427,-0.026846159831919625
SUI,SUI/USDT:USDT,2025-12-21 01:00:00+00:00,short_pullback_restart,short,1.4416,1.4718367036111768,0.020974405945599895,False,True,0.013041065482796842,1.5462020677188564,0.9756097560975636,0.02439024390243638,-0.00048533592179156315,-0.005998758877473587,0.008958566629339249,0.020312831764456085,-0.027719700546300574
LINK,LINK/USDT:USDT,2025-12-21 02:00:00+00:00,short_pullback_restart,short,12.412,12.692246634375785,0.022578684690282298,False,True,0.018691588785046814,2.2602647143672296,0.37704918032786405,0.2950819672131262,-0.014764248293379856,-0.005289309184164037,0.016210905518257768,0.016210905518257768,-0.023753342771747676
SUI,SUI/USDT:USDT,2025-12-21 02:00:00+00:00,short_pullback_restart,short,1.4369,1.4681055104960927,0.02171724580422622,False,True,0.017050595030969423,1.4340669369921082,0.4086956521739043,0.21739130434783951,-0.010467598650230614,-0.006224496853170947,0.026210541351235683,0.01698634015146161,-0.030889593309502805
TAO,TAO/USDT:USDT,2025-12-21 02:00:00+00:00,short_pullback_restart,short,223.16,232.06324707169594,0.039896249649112495,False,True,0.030874708729162873,1.7829145790443475,0.5573333333333342,0.2693333333333309,-0.004993757802746579,0.003236827908649431,0.06851807517356967,0.03224015911929312,-0.0160493827160495
TAO,TAO/USDT:USDT,2025-12-21 12:00:00+00:00,short_compression_breakdown,short,220.42,227.69645953511133,0.033011793553721726,False,True,0.02758370383812727,1.8547298182905523,0.39130434782609486,0.26956521739129896,0.0025470754116254657,-0.038055337348345986,0.043408284023668475,0.019566122392340013,-0.045139490556229456
TAO,TAO/USDT:USDT,2025-12-21 12:00:00+00:00,short_pullback_restart,short,220.42,227.69645953511133,0.033011793553721726,False,True,0.02758370383812727,1.8547298182905523,0.39130434782609486,0.26956521739129896,0.0025470754116254657,-0.038055337348345986,0.043408284023668475,0.019566122392340013,-0.045139490556229456
ADA,ADA/USDT:USDT,2025-12-23 13:00:00+00:00,short_compression_breakdown,short,0.3612,0.3732430873347237,0.0333418807716603,False,True,0.02906976744186049,1.5058897582180937,0.6530612244897899,0.16326530612245313,0.0,0.012615643397813292,0.011764705882353121,0.02149321266968318,-0.01338432122370925
ADA,ADA/USDT:USDT,2025-12-23 13:00:00+00:00,short_pullback_restart,short,0.3612,0.3732430873347237,0.0333418807716603,False,True,0.02906976744186049,1.5058897582180937,0.6530612244897899,0.16326530612245313,0.0,0.012615643397813292,0.011764705882353121,0.02149321266968318,-0.01338432122370925
ADA,ADA/USDT:USDT,2025-12-24 05:00:00+00:00,short_compression_breakdown,short,0.355,0.36691827115589803,0.03357259480534663,False,True,0.027042253521126755,2.6476125634169807,0.8181818181818228,0.0,-0.009762900976290068,-0.012242626599888728,0.0039592760180995334,0.008809320829781253,-0.017165005537098654
ADA,ADA/USDT:USDT,2025-12-24 05:00:00+00:00,short_pullback_restart,short,0.355,0.36691827115589803,0.03357259480534663,False,True,0.027042253521126755,2.6476125634169807,0.8181818181818228,0.0,-0.009762900976290068,-0.012242626599888728,0.0039592760180995334,0.008809320829781253,-0.017165005537098654
BNB,BNB/USDT:USDT,2025-12-25 08:00:00+00:00,short_pullback_restart,short,841.18,850.9683030650257,0.011636395379140886,False,True,0.00952233766851327,1.7591830052885182,0.4246823956442896,0.34301270417422675,0.003734860688503039,-0.0011280918623015612,-0.005697399527186842,0.017687766163375862,-0.007457227138643163
LINK,LINK/USDT:USDT,2025-12-25 10:00:00+00:00,short_pullback_restart,short,12.141,12.389249551342463,0.020447207918825695,False,True,0.013507948274441949,1.67629248784108,0.6140350877192966,0.3245614035087768,-0.014129110840438441,-0.024662596401028303,-0.028020174525658414,0.013777555110220385,-0.031740968179280626
SUI,SUI/USDT:USDT,2025-12-25 10:00:00+00:00,short_pullback_restart,short,1.3944,1.4305122986919814,0.02589809143142663,False,True,0.01929145152036713,1.7111965348453737,0.7415730337078568,0.24719101123596474,-0.008602915037326686,-0.011344299489506549,-0.037481880306481696,0.031208401124094065,-0.022091310751104487
TAO,TAO/USDT:USDT,2025-12-28 18:00:00+00:00,short_pullback_restart,short,221.78,227.70234810199696,0.02670370683558914,False,True,0.022364505365677606,2.2419907583378844,0.895061728395058,0.057613168724279906,-0.016583894998226323,0.009054097092679347,0.015336721146362642,0.012370475190578434,-0.04705022988011853
XRP,XRP/USDT:USDT,2025-12-28 18:00:00+00:00,short_pullback_restart,short,1.8559,1.8803255063898285,0.01316100349686321,False,True,0.009267740718788784,3.45497048085226,0.7142857142857044,0.2608695652174039,-0.008971004432103302,0.00107880683963546,0.012437946647755327,0.0016731433506045335,-0.03187271778821066
TAO,TAO/USDT:USDT,2025-12-28 19:00:00+00:00,short_pullback_restart,short,220.85,227.7423232375686,0.031208164987858746,False,True,0.0262168892913742,1.2184230998455463,0.4366197183098633,0.06103286384976325,-0.022225173772524087,0.0018144704014515511,0.007022023619533968,0.00817127727563216,-0.05104627680144369
TAO,TAO/USDT:USDT,2025-12-28 20:00:00+00:00,short_pullback_restart,short,220.24,227.7404430063137,0.03405577100578325,False,True,0.029831093352706107,1.3599628420786423,0.4137931034482671,0.02758620689656551,-0.03589563999299594,0.005983647741287124,-0.0014508523757706948,0.008886852954649527,-0.05366733983586125
NEAR,NEAR/USDT:USDT,2025-12-31 10:00:00+00:00,short_compression_breakdown,short,1.5,1.533606596148813,0.022404397432542005,False,True,0.019333333333333275,1.298257588640609,0.6428571428571349,0.2857142857142857,0.011463250168577188,-0.013806706114398382,-0.0996398559423769,0.02249488752556239,-0.019607843137254943
NEAR,NEAR/USDT:USDT,2025-12-31 10:00:00+00:00,short_pullback_restart,short,1.5,1.533606596148813,0.022404397432542005,False,True,0.019333333333333275,1.298257588640609,0.6428571428571349,0.2857142857142857,0.011463250168577188,-0.013806706114398382,-0.0996398559423769,0.02249488752556239,-0.019607843137254943
ADA,ADA/USDT:USDT,2025-12-31 15:00:00+00:00,short_pullback_restart,short,0.3421,0.3539546711136725,0.0346526486807147,False,True,0.023677287342882186,5.686874346517896,0.7283950617283905,0.25925925925925825,0.025172310458495772,-0.013552479815455487,-0.11396011396011396,0.044261294261294326,-0.020332187857961093
ETH,ETH/USDT:USDT,2026-01-05 00:00:00+00:00,long_pullback_restart,long,3167.26,3112.0183250656323,0.01744147147198774,True,False,0.012629212631738473,3.8595311453725607,0.6864601262191682,0.7389558232931762,-0.0034856626863599693,0.014981403484399802,0.0007072359073772017,0.0311752113814463,-0.011299988002248185
XRP,XRP/USDT:USDT,2026-01-05 16:00:00+00:00,long_compression_breakout,long,2.193,2.103906078852675,0.04062650303115603,True,False,0.027542179662562703,2.4369379867765786,0.9000000000000097,0.9250000000000073,0.06456908344733248,0.04017327861377096,-0.02229822161422712,0.10237118103055165,-0.012038303693570507
XRP,XRP/USDT:USDT,2026-01-05 16:00:00+00:00,long_pullback_restart,long,2.193,2.103906078852675,0.04062650303115603,True,False,0.027542179662562703,2.4369379867765786,0.9000000000000097,0.9250000000000073,0.06456908344733248,0.04017327861377096,-0.02229822161422712,0.10237118103055165,-0.012038303693570507
ETH,ETH/USDT:USDT,2026-01-05 17:00:00+00:00,long_pullback_restart,long,3212.21,3126.5279560249633,0.02667386129021352,True,False,0.02289078235856317,1.9578230075296637,0.4027081922816557,0.7474610697359497,0.003580089720161439,-0.005519564412040268,-0.024556302358812232,0.029820590808197434,-0.008884848748992091
BNB,BNB/USDT:USDT,2026-01-06 14:00:00+00:00,long_pullback_restart,long,921.18,902.4058696211927,0.02038052321892278,True,False,0.01339586182939277,5.183836895130204,0.7116430903155522,0.7116430903155522,-0.016587420482424675,-0.01854143598428093,-0.036268698842788605,0.003973164853774636,-0.031644195488395255
LINK,LINK/USDT:USDT,2026-01-06 14:00:00+00:00,long_compression_breakout,long,14.089,13.644026229626343,0.03158306269952852,True,False,0.0216480942579317,3.109502219668722,0.6441102756892236,0.6441102756892236,-0.02328057349705448,-0.03641138476825889,-0.07040953935694516,0.007523599971609007,-0.04883242245723618
LINK,LINK/USDT:USDT,2026-01-06 14:00:00+00:00,long_pullback_restart,long,14.089,13.644026229626343,0.03158306269952852,True,False,0.0216480942579317,3.109502219668722,0.6441102756892236,0.6441102756892236,-0.02328057349705448,-0.03641138476825889,-0.07040953935694516,0.007523599971609007,-0.04883242245723618
SOL,SOL/USDT:USDT,2026-01-06 14:00:00+00:00,long_compression_breakout,long,141.96,136.99544212799563,0.03497152628912635,True,False,0.02007607776838542,5.34893731479532,0.661363636363639,0.661363636363639,-0.02162581008734865,-0.028106508875739733,-0.036348267117497834,0.008453085376162184,-0.04113834883065659
SOL,SOL/USDT:USDT,2026-01-06 14:00:00+00:00,long_pullback_restart,long,141.96,136.99544212799563,0.03497152628912635,True,False,0.02007607776838542,5.34893731479532,0.661363636363639,0.661363636363639,-0.02162581008734865,-0.028106508875739733,-0.036348267117497834,0.008453085376162184,-0.04113834883065659
TRX,TRX/USDT:USDT,2026-01-07 13:00:00+00:00,long_pullback_restart,long,0.29679,0.29360568740241316,0.010729177524804866,True,False,0.008423464402439443,2.1223073556580334,0.6433566433566328,0.9510489510489405,0.0019542437413659908,-0.0013814481620001429,0.0034704673338050718,0.00630075137302466,-0.006368139088244185
TRX,TRX/USDT:USDT,2026-01-07 16:00:00+00:00,long_pullback_restart,long,0.29775,0.29405855583932283,0.012397797349041752,True,False,0.008765743073047862,4.208664516381722,0.6715686274510034,0.6862745098039322,0.0008060453400502432,-0.009874055415617145,0.004567590260285304,0.003056255247690931,-0.010915197313182357
BNB,BNB/USDT:USDT,2026-01-10 18:00:00+00:00,long_pullback_restart,long,912.93,898.4900124939921,0.01581719026213161,True,False,0.013243074496401606,1.2039927457776112,0.7692307692307516,0.7692307692307516,-0.006758459027526698,-0.006769412769872751,0.030144698936391823,0.005553547369458789,-0.011139955965955739
ADA,ADA/USDT:USDT,2026-01-10 22:00:00+00:00,short_pullback_restart,short,0.3856,0.392848804234466,0.018798766168220953,False,True,0.010632780082987533,1.791730227793168,0.8611111111111107,0.11111111111111453,-0.013306038894575156,-0.00515995872033026,-0.08733727810650882,0.0010384215991692258,-0.029204431017119892
SOL,SOL/USDT:USDT,2026-01-11 08:00:00+00:00,long_pullback_restart,long,136.7,135.18418362548334,0.011088634780663104,True,False,0.008266276517922425,1.930536784132874,0.6951219512194856,0.8048780487804624,0.017995610826627706,0.023994147768836793,0.059546452084857426,0.05632772494513549,-0.003657644476956823
TAO,TAO/USDT:USDT,2026-01-11 08:00:00+00:00,long_pullback_restart,long,282.97,276.29248699174127,0.023597953875883506,True,False,0.020178817542495595,1.3290796299298122,0.4924012158054694,0.6930091185410381,0.020143478107219837,0.0010248436229987057,0.06191469060324417,0.04113510266105935,-0.01049581227691987
SOL,SOL/USDT:USDT,2026-01-11 12:00:00+00:00,long_pullback_restart,long,137.01,135.5682150283067,0.010523209778069448,True,False,0.008612510035763863,1.5535800678944132,0.6375000000000022,0.7249999999999955,0.021677249835778456,0.019487628640245447,0.054594555141960655,0.05393766878330064,-0.0010948105977663936
SUI,SUI/USDT:USDT,2026-01-11 12:00:00+00:00,long_pullback_restart,long,1.8236,1.786482528573666,0.0203539545000735,True,False,0.017438034656722994,1.9306093394226969,0.6729559748427854,0.7547169811320855,-0.0037837245009870735,-0.023086203114718207,0.0018644439570081328,0.015518754112743949,-0.03372450098705859
TAO,TAO/USDT:USDT,2026-01-11 12:00:00+00:00,long_pullback_restart,long,285.55,277.4763881968743,0.028273898802751482,True,False,0.02356855191735254,1.7075648364073208,0.5861111111111112,0.708333333333332,0.012116967256172284,-0.008614953598319208,0.018490632113465244,0.031728243740150486,-0.028401330765190025
SOL,SOL/USDT:USDT,2026-01-11 14:00:00+00:00,long_pullback_restart,long,139.16,135.67700173359097,0.02502873143438507,True,False,0.010707099741305038,5.418714712734149,0.8799999999999955,0.8888888888888888,-0.004814601897096815,0.008766887036504745,0.0533199195171028,0.03765449841908608,-0.012144294337453232
SOL,SOL/USDT:USDT,2026-01-13 22:00:00+00:00,long_compression_breakout,long,146.92,140.81797177151068,0.04153299910488227,True,False,0.02355023141845908,2.97878882756245,0.6563071297988987,0.6563071297988987,-0.013953171794173547,-0.0055812687176693965,-0.014021236046828034,0.010073509392866997,-0.02463925946093093
SOL,SOL/USDT:USDT,2026-01-13 22:00:00+00:00,long_pullback_restart,long,146.92,140.81797177151068,0.04153299910488227,True,False,0.02355023141845908,2.97878882756245,0.6563071297988987,0.6563071297988987,-0.013953171794173547,-0.0055812687176693965,-0.014021236046828034,0.010073509392866997,-0.02463925946093093
ADA,ADA/USDT:USDT,2026-01-17 14:00:00+00:00,long_pullback_restart,long,0.4008,0.39271750564874325,0.02016590407000185,True,False,0.011976047904191683,2.1958479354107387,0.5892857142857095,0.8571428571428529,-0.004740518962075835,-0.026696606786427157,-0.10054890219560875,0.008483033932135786,-0.026946107784431073
ETH,ETH/USDT:USDT,2026-01-17 14:00:00+00:00,long_pullback_restart,long,3308.85,3279.941159778668,0.008736824038965791,True,False,0.0068331897789262516,1.8528126628899513,0.6258246936851831,0.8341187558906505,0.0021306496214696935,0.0044305423334392025,-0.07938709823654744,0.011439019598954214,-0.004330809797966073
LINK,LINK/USDT:USDT,2026-01-17 14:00:00+00:00,long_pullback_restart,long,13.827,13.609066191551657,0.015761467306598925,True,False,0.011788529688291043,2.249454155709005,0.4742268041236985,0.8144329896907171,-0.004339336081579548,-0.007738482678816716,-0.09676719461922323,0.0045563028856585586,-0.01533232082158098
ADA,ADA/USDT:USDT,2026-01-17 15:00:00+00:00,long_compression_breakout,long,0.4023,0.3928791123881188,0.023417568013624664,True,False,0.020134228187919455,1.5732266316644818,0.5172413793103527,0.9655172413793136,-0.00919711657966682,-0.025354213273676374,-0.10713397961720106,0.004722843649018094,-0.03281133482475762
ADA,ADA/USDT:USDT,2026-01-17 15:00:00+00:00,long_pullback_restart,long,0.4023,0.3928791123881188,0.023417568013624664,True,False,0.020134228187919455,1.5732266316644818,0.5172413793103527,0.9655172413793136,-0.00919711657966682,-0.025354213273676374,-0.10713397961720106,0.004722843649018094,-0.03281133482475762
BNB,BNB/USDT:USDT,2026-01-17 15:00:00+00:00,long_pullback_restart,long,956.03,935.2086409720182,0.021778980814390524,True,False,0.009685888518142727,7.873636224189109,0.6864988558352395,0.7442791762013717,-0.003880631360940523,-0.005815717080007943,-0.05249835256215807,0.0007949541332383792,-0.013106283275629349
LINK,LINK/USDT:USDT,2026-01-17 15:00:00+00:00,long_pullback_restart,long,13.88,13.608818606440824,0.019537564377462298,True,False,0.015850144092219066,1.6411813585935968,0.5200000000000157,0.9500000000000097,-0.01030259365994246,-0.007925072046109594,-0.10439481268011541,0.0007204610951008217,-0.019092219020172996
NEAR,NEAR/USDT:USDT,2026-01-20 06:00:00+00:00,short_pullback_restart,short,1.561,1.624265665821552,0.04052893390233954,False,True,0.03459320948110189,1.3358152469134423,0.8,0.2,0.009702457956015431,0.02026143790849666,0.02968337730870707,0.049764626765299136,-0.0044642857142858094
ADA,ADA/USDT:USDT,2026-01-20 08:00:00+00:00,short_pullback_restart,short,0.3606,0.37303670130366007,0.03448891099184718,False,True,0.024681087077093787,4.476543410617201,0.5652173913043528,0.3586956521739103,0.0002773925104022634,0.0064192017862125805,0.004456824512534707,0.04129367600346523,-0.009340659340659418
XRP,XRP/USDT:USDT,2026-01-22 13:00:00+00:00,short_pullback_restart,short,1.9291,1.9710859837393724,0.021764544989566297,False,True,0.014151676947799544,1.7364027545028766,0.5345622119815681,0.18894009216589783,-0.0011908460184322234,0.013076357525469984,0.014835078120890133,0.015262354612915141,-0.002997570933898408
ADA,ADA/USDT:USDT,2026-01-22 14:00:00+00:00,short_pullback_restart,short,0.3579,0.3690661597784506,0.031199105276475524,False,True,0.02067616652696289,2.1718956399556015,0.645161290322583,0.1935483870967713,-0.0052807115063924215,0.009021708486044444,0.015319148936170368,0.016183986371379744,-0.01918333790079474
DOGE,DOGE/USDT:USDT,2026-01-22 14:00:00+00:00,short_pullback_restart,short,0.12422,0.12810239504798301,0.03125418650767201,False,True,0.023426179359201386,2.061276775473711,0.6589595375722573,0.19653179190751097,0.0020166169234492326,0.010247234873129507,0.017696214976241187,0.018697720190257394,-0.013657297125615364
LINK,LINK/USDT:USDT,2026-01-22 14:00:00+00:00,short_pullback_restart,short,12.239,12.598614481629625,0.029382668651819904,False,True,0.020835035542119372,1.8202046140286994,0.6708860759493686,0.08227848101265788,0.0006540757092634575,0.010568904301874404,0.021278371161548737,0.017035067309290275,-0.01314304144492806
ZEC,ZEC/USDT:USDT,2026-01-23 07:00:00+00:00,short_pullback_restart,short,358.23,372.98921464364753,0.041200387024111634,False,True,0.03210228065767803,1.3391675599760529,0.5827338129496477,0.2422062350119906,-0.013765382815296046,-0.03982953174837156,0.018045924747073006,0.009582053377673816,-0.07548776711056049
ADA,ADA/USDT:USDT,2026-01-23 14:00:00+00:00,short_pullback_restart,short,0.3547,0.36550850691353637,0.030472249544788138,False,True,0.02114462926416692,4.735843197525473,0.5797101449275399,0.3623188405797125,-0.011702424073558038,-0.012252854358117404,0.002260525572195693,0.004815864022662986,-0.0434196332254585
DOGE,DOGE/USDT:USDT,2026-01-23 14:00:00+00:00,short_pullback_restart,short,0.12296,0.12611353778714027,0.025646859036599443,False,True,0.014882888744307078,6.335349111941374,0.58139534883721,0.3953488372092998,-0.006223227996443925,-0.008626945093928917,0.002037323771493682,0.004411043947067483,-0.038097473206602506
LINK,LINK/USDT:USDT,2026-01-23 14:00:00+00:00,short_pullback_restart,short,12.111,12.41933484200487,0.025459073735023506,False,True,0.019816695566014238,4.80427473042583,0.5825688073394445,0.35321100917431175,-0.003373930217248078,-0.005501724421087206,0.00958652884294775,0.0045620437956206406,-0.030732292917166726
ETH,ETH/USDT:USDT,2026-01-25 03:00:00+00:00,short_pullback_restart,short,2941.54,2969.606717148935,0.009541504500681586,False,True,0.0069011470182286086,2.940284846171656,0.6011428571428561,0.3451428571428551,0.00238196657068368,0.032231576066168666,-0.020723818908778613,0.05653071853168834,-0.002242084018791446
TAO,TAO/USDT:USDT,2026-01-25 04:00:00+00:00,short_pullback_restart,short,235.56,240.11391874196653,0.01933230914402499,False,True,0.016471387332314465,1.273423461700027,0.677966101694921,0.04237288135594159,-0.00241392453309619,0.012464540531247348,-0.0005515719801434393,0.06883252416171337,-0.009294696555494864
TAO,TAO/USDT:USDT,2026-01-25 07:00:00+00:00,short_pullback_restart,short,234.69,240.10732779741272,0.023082908506594762,False,True,0.019344667433635828,2.1937140988736603,0.6884272997032611,0.31157270029673884,-0.0001278118609406853,0.0025202904741563614,-0.009621471072287613,0.06488497663233361,-0.012496844231254745
ETH,ETH/USDT:USDT,2026-01-25 08:00:00+00:00,short_pullback_restart,short,2927.89,2965.2558359730683,0.012762035449784126,False,True,0.010236040288398744,3.0877893969808237,0.4150275373721613,0.3674272226593167,-0.0011633063828336843,0.005719212431815945,-0.020582587926755047,0.051627965447264,-0.006484560570071296
NEAR,NEAR/USDT:USDT,2026-01-25 08:00:00+00:00,short_pullback_restart,short,1.486,1.5182530870613073,0.021704634630758654,False,True,0.016150740242261118,2.149609860284756,0.6666666666666666,0.16666666666666666,0.0006734006734006037,0.014334470989761039,0.012951601908657073,0.05539772727272729,-0.016545334215751106
DOGE,DOGE/USDT:USDT,2026-01-25 14:00:00+00:00,short_pullback_restart,short,0.12206,0.12402707763127971,0.016115661406518978,False,True,0.01335408815336725,4.037212803064667,0.6511627906976724,0.31395348837209247,0.031609195402299006,-0.005297041805883751,-0.02507987220447283,0.03845499404458064,-0.01021732079143689
LINK,LINK/USDT:USDT,2026-01-25 14:00:00+00:00,short_pullback_restart,short,11.984,12.188394082553385,0.01705558098743201,False,True,0.014686248331108157,3.7755756391395274,0.6562500000000021,0.3187500000000007,0.04663755458515295,-0.0010003334444815826,0.01387478849407775,0.0553940995156319,-0.0035752889332334448
TAO,TAO/USDT:USDT,2026-01-25 14:00:00+00:00,short_pullback_restart,short,233.12,239.1268543190683,0.025767219968549596,False,True,0.022906657515442706,1.7118523313886682,0.5517241379310315,0.38620689655172497,0.04806006384030925,-0.0071127390434004845,-0.02280348759221995,0.05776124143563699,-0.01061030472795177
BNB,BNB/USDT:USDT,2026-01-25 16:00:00+00:00,short_pullback_restart,short,871.11,884.6543635285319,0.015548396331728373,False,True,0.008104602174237535,7.788609368007217,0.6946946946946881,0.29929929929929994,0.010017739747469445,-0.0027703685048022786,-0.03254073144456404,0.017616205039542976,-0.008840797378481646
NEAR,NEAR/USDT:USDT,2026-01-25 16:00:00+00:00,short_pullback_restart,short,1.462,1.5156349562121945,0.03668601656100855,False,True,0.026675786593707198,8.708700441858365,0.6341463414634163,0.36585365853658364,0.02812939521800284,0.00274348422496562,-0.004087193460490468,0.03835227272727271,-0.01681237390719581
SOL,SOL/USDT:USDT,2026-01-27 13:00:00+00:00,short_pullback_restart,short,123.13,125.29851959618873,0.017611626705016894,False,True,0.013156826118736217,1.2013786946512381,0.8765432098765505,0.08641975308641109,-0.02114635503617146,-0.03245324532453253,0.0638500086400553,8.12215724494969e-05,-0.04029618082618869
TAO,TAO/USDT:USDT,2026-01-29 01:00:00+00:00,short_pullback_restart,short,233.86,242.55756195930311,0.03719131941889635,False,True,0.028179252544257138,1.2374200163394606,0.8273542600896842,0.0739910313901372,0.02086607298760268,0.07304762778746454,0.17564850191031578,0.11691661094660444,-0.0031967946805336878
ADA,ADA/USDT:USDT,2026-01-29 02:00:00+00:00,short_pullback_restart,short,0.3505,0.3624090949495694,0.03397744636111108,False,True,0.027389443651925815,2.442378651108687,0.562500000000006,0.20312499999999445,0.0025743707093819346,0.07979051139864435,0.18452179790469758,0.10463283958398972,-0.007082152974504208
XRP,XRP/USDT:USDT,2026-01-29 02:00:00+00:00,short_pullback_restart,short,1.8734,1.935612456721164,0.033208314679814326,False,True,0.023219814241486118,1.9883450550747814,0.6591760299625504,0.17228464419475456,-0.002661839863713822,0.07253678364916705,0.12219959266802438,0.09921962095875148,-0.008205834083328978
ZEC,ZEC/USDT:USDT,2026-01-29 11:00:00+00:00,short_compression_breakdown,short,361.62,374.2974930463762,0.035057499713445565,False,True,0.03122061832863232,1.3654844081742603,0.9623733719247399,0.017366136034732867,0.008759205534478953,0.0668830210945568,0.2061236742045227,0.11435703059998148,-0.011237798375851038
ZEC,ZEC/USDT:USDT,2026-01-29 11:00:00+00:00,short_pullback_restart,short,361.62,374.2974930463762,0.035057499713445565,False,True,0.03122061832863232,1.3654844081742603,0.9623733719247399,0.017366136034732867,0.008759205534478953,0.0668830210945568,0.2061236742045227,0.11435703059998148,-0.011237798375851038
BTC,BTC/USDT:USDT,2026-01-29 14:00:00+00:00,short_compression_breakdown,short,86978.7,88812.22183136856,0.021080124574965615,False,True,0.0123225571318034,2.7606828255350906,0.9455663668074273,0.0299247292087309,0.03316929239080468,0.047161497398310104,0.11255266732668723,0.07381111111111105,-0.00040223551004037184
BTC,BTC/USDT:USDT,2026-01-29 14:00:00+00:00,short_pullback_restart,short,86978.7,88812.22183136856,0.021080124574965615,False,True,0.0123225571318034,2.7606828255350906,0.9455663668074273,0.0299247292087309,0.03316929239080468,0.047161497398310104,0.11255266732668723,0.07381111111111105,-0.00040223551004037184
SOL,SOL/USDT:USDT,2026-01-29 14:00:00+00:00,short_compression_breakdown,short,120.3,124.8881370201626,0.0381391273496476,False,True,0.01961762261014131,3.897148118969335,0.9205776173285202,0.018050541516244488,0.02943693308232076,0.03457172342621262,0.16943715368912216,0.07651006711409392,-0.0006645622196378431
SOL,SOL/USDT:USDT,2026-01-29 14:00:00+00:00,short_pullback_restart,short,120.3,124.8881370201626,0.0381391273496476,False,True,0.01961762261014131,3.897148118969335,0.9205776173285202,0.018050541516244488,0.02943693308232076,0.03457172342621262,0.16943715368912216,0.07651006711409392,-0.0006645622196378431
XRP,XRP/USDT:USDT,2026-01-29 14:00:00+00:00,short_compression_breakdown,short,1.8255,1.8978970137926734,0.039658731192918927,False,True,0.017200766913174403,5.387357108261199,0.9230769230769272,0.033771106941834994,0.013434741575528708,0.036803544044982095,0.12978091347939102,0.07111424045062487,-0.008688569101276133
XRP,XRP/USDT:USDT,2026-01-29 14:00:00+00:00,short_pullback_restart,short,1.8255,1.8978970137926734,0.039658731192918927,False,True,0.017200766913174403,5.387357108261199,0.9230769230769272,0.033771106941834994,0.013434741575528708,0.036803544044982095,0.12978091347939102,0.07111424045062487,-0.008688569101276133
BNB,BNB/USDT:USDT,2026-01-31 08:00:00+00:00,short_pullback_restart,short,836.32,863.8905675643376,0.032966529037136,False,True,0.01982494738855945,1.831315206118447,0.7671052631578903,0.23157894736842663,0.02974783293932237,0.0733886079523578,0.07252138451081747,0.11626913682412132,-0.006120241957526695
LINK,LINK/USDT:USDT,2026-01-31 08:00:00+00:00,short_pullback_restart,short,10.461,10.925181524789698,0.044372576693403866,False,True,0.033935570213172776,2.499411256225935,0.5608856088560842,0.37638376383763844,0.037797619047619024,0.05072318200080361,0.08235902741852064,0.16791336384950317,-0.010499432463110026
TRX,TRX/USDT:USDT,2026-02-01 16:00:00+00:00,short_pullback_restart,short,0.28343,0.28772844716932394,0.015165815789873784,False,True,0.012172317679850433,1.8094726400971568,0.4779411764705666,0.30882352941178154,-0.005229538115962384,-0.0020421816133233683,0.0011303027091944529,0.009402044232344586,-0.011612498256381665
ETH,ETH/USDT:USDT,2026-02-03 14:00:00+00:00,short_pullback_restart,short,2255.66,2361.4050854930197,0.0468798868149543,False,True,0.04195224457586698,2.2846406669423334,0.8937096774193598,0.02677419354838475,-0.018821799706820075,0.039182533942071496,0.1402588211505409,0.07238756299324889,-0.041763488914472124
SOL,SOL/USDT:USDT,2026-02-03 14:00:00+00:00,short_pullback_restart,short,100.79,105.32242795136627,0.044969024222306364,False,True,0.029566425240599305,2.7248888822283432,0.8854166666666671,0.031250000000001235,-0.0028690146418677287,0.08353042356482487,0.19845422116527955,0.0859821139963366,-0.01888445439501607
TAO,TAO/USDT:USDT,2026-02-03 14:00:00+00:00,short_pullback_restart,short,191.96,200.14432539160137,0.04263557715983206,False,True,0.031204417586997338,1.6431947264515545,0.8749999999999974,0.02403846153846019,-0.044737496889773465,0.02559170807287514,0.12152372049544291,0.041393153583247466,-0.05994123408423102
BTC,BTC/USDT:USDT,2026-02-03 16:00:00+00:00,short_pullback_restart,short,76458.2,79200.62059686295,0.03586823384362899,False,True,0.026792417294678662,3.6150484533484297,0.9894163894768673,0.006168732990624185,0.010382899996696171,0.038705812188981836,0.09388520086986385,0.04896473002859136,-0.006423443033039877
BNB,BNB/USDT:USDT,2026-02-03 17:00:00+00:00,short_pullback_restart,short,751.3,785.5427968360556,0.04557806047658142,False,True,0.027379209370424516,2.3145448512780553,0.9012082444918279,0.017768301350390838,-0.005111499549764309,0.049272366693667635,0.13527154039106648,0.0506075988309489,-0.03179246620359044
XRP,XRP/USDT:USDT,2026-02-03 17:00:00+00:00,short_compression_breakdown,short,1.5577,1.6291646786321785,0.045878332562225344,False,True,0.02991590164986838,2.2153994443316036,0.8656249999999941,0.02187500000000451,-0.01298948168799896,0.024196199618647052,0.04270700850123843,0.03556707884589816,-0.046928536465981385
XRP,XRP/USDT:USDT,2026-02-03 17:00:00+00:00,short_pullback_restart,short,1.5577,1.6291646786321785,0.045878332562225344,False,True,0.02991590164986838,2.2153994443316036,0.8656249999999941,0.02187500000000451,-0.01298948168799896,0.024196199618647052,0.04270700850123843,0.03556707884589816,-0.046928536465981385
NEAR,NEAR/USDT:USDT,2026-02-04 13:00:00+00:00,short_pullback_restart,short,1.16,1.20868722041999,0.041971741741370854,False,True,0.02844827586206909,1.5925737030733724,0.7916666666666713,0.12499999999999538,-0.016949152542372947,0.0507246376811592,0.0881801125703563,0.06813996316758741,-0.022746419545071728
TRX,TRX/USDT:USDT,2026-02-05 02:00:00+00:00,short_pullback_restart,short,0.28135,0.28517931846815886,0.013610515259139403,False,True,0.011267105029322929,1.518739414409238,0.49152542372882874,0.3644067796610006,0.0037459864430966494,0.041844102943899175,0.013764277735740293,0.05592043535372482,-0.003047376067467633
DOGE,DOGE/USDT:USDT,2026-02-09 06:00:00+00:00,short_pullback_restart,short,0.09539,0.09923552390754758,0.040313700676670325,False,True,0.0364818115106405,1.241370944965569,0.6274509803921571,0.372549019607843,0.013816558614093033,0.02262006861063459,0.030018356548968894,0.03247104665007039,-0.016192244224422447
BNB,BNB/USDT:USDT,2026-02-09 07:00:00+00:00,short_pullback_restart,short,631.85,654.5019544679997,0.03585020885969715,False,True,0.03100419403339405,1.29353399726267,0.6068642745709837,0.15600624024961077,0.010491132114698765,0.0003324678614400334,0.026914138048725,0.025780476321898727,-0.019064474562588307
SOL,SOL/USDT:USDT,2026-02-09 07:00:00+00:00,short_pullback_restart,short,85.43,89.3527467604685,0.04591767248587731,False,True,0.04014983027039689,1.2140699054076292,0.6762589928057535,0.2230215827338145,0.020303356025319408,0.009930251802813705,0.05834985133795856,0.03151412702245859,-0.03643131062485894
LINK,LINK/USDT:USDT,2026-02-09 08:00:00+00:00,short_pullback_restart,short,8.657,9.043518499597551,0.04464808820579317,False,True,0.035462631396557746,1.6035689888757232,0.45454545454545664,0.3636363636363584,0.003361149745016112,0.01085941148995806,0.02863593155893529,0.023528020808701866,-0.03960505879742615
ADA,ADA/USDT:USDT,2026-02-10 06:00:00+00:00,short_pullback_restart,short,0.262,0.27386061978083803,0.045269541148236725,False,True,0.03435114503816797,1.3592327961424695,0.7142857142857126,0.14285714285714934,-0.0007627765064834868,0.025841816758026548,0.003062787136294043,0.02946954813359537,-0.015407741450582435
DOGE,DOGE/USDT:USDT,2026-02-10 06:00:00+00:00,short_pullback_restart,short,0.09328,0.09719178055488738,0.04193589788687152,False,True,0.029695540308747947,1.8149327155645842,0.7512690355329926,0.20304568527918665,0.00322650032265015,0.032200951643244435,0.008977825851811838,0.03483470157532742,-0.009345794392523255
SOL,SOL/USDT:USDT,2026-02-10 18:00:00+00:00,short_compression_breakdown,short,82.89,86.20502969405362,0.03999311972558355,False,True,0.03426227530462062,1.6514927870978304,0.8722466960352401,0.101321585903085,-0.006353392471829311,0.039242728184553544,-0.02882249560632677,0.06378336755646807,-0.017192316812900232
SOL,SOL/USDT:USDT,2026-02-10 18:00:00+00:00,short_pullback_restart,short,82.89,86.20502969405362,0.03999311972558355,False,True,0.03426227530462062,1.6514927870978304,0.8722466960352401,0.101321585903085,-0.006353392471829311,0.039242728184553544,-0.02882249560632677,0.06378336755646807,-0.017192316812900232
SUI,SUI/USDT:USDT,2026-02-10 18:00:00+00:00,short_compression_breakdown,short,0.9186,0.9546427729925319,0.03923663508875669,False,True,0.033093838449814915,1.9330706116070484,0.7707509881422957,0.18577075098813947,-0.01596143545795392,0.031092154001571393,-0.058907898780862666,0.050909506921404946,-0.01984635083226638
SUI,SUI/USDT:USDT,2026-02-10 18:00:00+00:00,short_pullback_restart,short,0.9186,0.9546427729925319,0.03923663508875669,False,True,0.033093838449814915,1.9330706116070484,0.7707509881422957,0.18577075098813947,-0.01596143545795392,0.031092154001571393,-0.058907898780862666,0.050909506921404946,-0.01984635083226638
TAO,TAO/USDT:USDT,2026-02-10 18:00:00+00:00,short_compression_breakdown,short,153.63,159.74691914102743,0.03981591577834692,False,True,0.03098353186226661,2.179098827424846,0.7377450980392112,0.19852941176470584,0.0024141980947409714,0.03993772422662967,-0.06317458381608643,0.06873043478260876,-0.008774759661913767
TAO,TAO/USDT:USDT,2026-02-10 18:00:00+00:00,short_pullback_restart,short,153.63,159.74691914102743,0.03981591577834692,False,True,0.03098353186226661,2.179098827424846,0.7377450980392112,0.19852941176470584,0.0024141980947409714,0.03993772422662967,-0.06317458381608643,0.06873043478260876,-0.008774759661913767
BTC,BTC/USDT:USDT,2026-02-11 04:00:00+00:00,short_pullback_restart,short,67548.8,70092.43698299429,0.03765628675852547,False,True,0.029698529063432528,1.7613057786818407,0.6144628099173584,0.23636363636363936,0.01567978828977834,0.00834304872824121,-0.017666323461831612,0.027850605232925263,-0.018487062833927426
DOGE,DOGE/USDT:USDT,2026-02-11 04:00:00+00:00,short_pullback_restart,short,0.09185,0.09431035145409164,0.026786624432135423,False,True,0.022754491017964014,1.6824923763450512,0.6547619047619067,0.20833333333333506,0.024768492692178956,0.0004356823875395488,-0.0497620525553486,0.045770237959694704,-0.007456235141560352
LINK,LINK/USDT:USDT,2026-02-11 04:00:00+00:00,short_pullback_restart,short,8.404,8.672856037074983,0.031991437062706164,False,True,0.024036173250832932,1.9547082069154464,0.7344632768361643,0.19774011299435154,0.023255813953488413,-0.0002379252914586072,-0.049428797647324885,0.03472051218911609,-0.018453632328895075
DOGE,DOGE/USDT:USDT,2026-02-11 06:00:00+00:00,short_compression_breakdown,short,0.09037,0.0942485581415382,0.04291864713442722,False,True,0.028881265906827498,2.36502487572454,0.8231292517006732,0.15646258503401914,0.0041111111111111764,-0.024187452758881234,-0.06362035022277479,0.02891950358647377,-0.027756858526089334
DOGE,DOGE/USDT:USDT,2026-02-11 06:00:00+00:00,short_pullback_restart,short,0.09037,0.0942485581415382,0.04291864713442722,False,True,0.028881265906827498,2.36502487572454,0.8231292517006732,0.15646258503401914,0.0041111111111111764,-0.024187452758881234,-0.06362035022277479,0.02891950358647377,-0.027756858526089334
LINK,LINK/USDT:USDT,2026-02-11 06:00:00+00:00,short_compression_breakdown,short,8.302,8.655706480947305,0.04260497240993807,False,True,0.0336063599132739,2.5576396437321742,0.5803571428571538,0.2678571428571369,0.003990809045833821,-0.019950419076850467,-0.05840988998525587,0.02216202905688247,-0.030366736743751455
LINK,LINK/USDT:USDT,2026-02-11 06:00:00+00:00,short_pullback_restart,short,8.302,8.655706480947305,0.04260497240993807,False,True,0.0336063599132739,2.5576396437321742,0.5803571428571538,0.2678571428571369,0.003990809045833821,-0.019950419076850467,-0.05840988998525587,0.02216202905688247,-0.030366736743751455
TRX,TRX/USDT:USDT,2026-02-12 15:00:00+00:00,short_pullback_restart,short,0.27724,0.27981826926301023,0.009299773708737004,False,True,0.006997547251478854,1.4132887246042265,0.7640449438202387,0.04494382022470158,-0.0060588678162980525,-0.0039877851625651495,-0.01179825343076113,0.004565548228132377,-0.011516383213891035
ETH,ETH/USDT:USDT,2026-02-17 14:00:00+00:00,short_pullback_restart,short,1947.55,2012.5732144874542,0.03338718620187117,False,True,0.024877410079330465,5.664365703474134,0.6893442622950812,0.0839344262295064,-0.023128316764142398,-0.013219229444072944,0.002527488366346642,0.0038865779042376314,-0.04450833304714297
TRX,TRX/USDT:USDT,2026-02-18 12:00:00+00:00,short_pullback_restart,short,0.27942,0.2822704858473278,0.010201438148048733,False,True,0.007801875313148521,1.3952653834069535,0.639534883720904,0.3488372093023406,0.0,-0.0016078893772109026,-0.02321191358456265,0.005433413695081102,-0.005693544943420337
BNB,BNB/USDT:USDT,2026-02-19 13:00:00+00:00,short_pullback_restart,short,598.02,615.4861188700992,0.02920657983027189,False,True,0.020333768101401237,2.777795993182508,0.6694677871148504,0.25770308123249125,-0.010490436163875905,-0.010130102294170218,-0.03501581359323569,0.003742929555715868,-0.028162834159421557
LINK,LINK/USDT:USDT,2026-02-19 13:00:00+00:00,short_compression_breakdown,short,8.395,8.763122553367287,0.043850214814447605,False,True,0.0237045860631328,3.9695400754120915,0.7878787878787963,0.1868686868686833,-0.013397579033964102,-0.011887947269303312,-0.03704978206010556,0.006836171743823449,-0.037822349570200586
LINK,LINK/USDT:USDT,2026-02-19 13:00:00+00:00,short_pullback_restart,short,8.395,8.763122553367287,0.043850214814447605,False,True,0.0237045860631328,3.9695400754120915,0.7878787878787963,0.1868686868686833,-0.013397579033964102,-0.011887947269303312,-0.03704978206010556,0.006836171743823449,-0.037822349570200586
ADA,ADA/USDT:USDT,2026-02-22 12:00:00+00:00,short_compression_breakdown,short,0.273,0.280380623250711,0.02703525000260433,False,True,0.01941391941391951,1.4419651313317017,0.7878787878787925,0.1212121212121258,0.01223581757508363,-0.002192982456140302,-0.013015184381778733,0.06267029972752036,-0.008354522339266146
ADA,ADA/USDT:USDT,2026-02-22 12:00:00+00:00,short_pullback_restart,short,0.273,0.280380623250711,0.02703525000260433,False,True,0.01941391941391951,1.4419651313317017,0.7878787878787925,0.1212121212121258,0.01223581757508363,-0.002192982456140302,-0.013015184381778733,0.06267029972752036,-0.008354522339266146
SUI,SUI/USDT:USDT,2026-02-22 12:00:00+00:00,short_compression_breakdown,short,0.926,0.950178174617617,0.026110339759845523,False,True,0.021058315334773176,2.064391507923742,0.7983193277310945,0.17647058823529466,0.0056472632493485,0.016577011746624182,0.021511307225593024,0.0761185357350378,-0.002799913848804625
SUI,SUI/USDT:USDT,2026-02-22 12:00:00+00:00,short_pullback_restart,short,0.926,0.950178174617617,0.026110339759845523,False,True,0.021058315334773176,2.064391507923742,0.7983193277310945,0.17647058823529466,0.0056472632493485,0.016577011746624182,0.021511307225593024,0.0761185357350378,-0.002799913848804625
TAO,TAO/USDT:USDT,2026-02-22 12:00:00+00:00,short_compression_breakdown,short,175.05,182.3628121415338,0.041775562076742545,False,True,0.028620394173093512,2.3495287383664865,0.8032786885245903,0.14207650273224337,0.008759292341381952,0.0072501294665976435,-0.01839286715639543,0.06084479728501324,-0.015743604160809554
TAO,TAO/USDT:USDT,2026-02-22 12:00:00+00:00,short_pullback_restart,short,175.05,182.3628121415338,0.041775562076742545,False,True,0.028620394173093512,2.3495287383664865,0.8032786885245903,0.14207650273224337,0.008759292341381952,0.0072501294665976435,-0.01839286715639543,0.06084479728501324,-0.015743604160809554
XRP,XRP/USDT:USDT,2026-02-22 12:00:00+00:00,short_pullback_restart,short,1.408,1.434576731490813,0.018875519524725277,False,True,0.012286931818181884,2.293964513490746,0.8622754491017995,0.11377245508982003,0.013460015835312644,-0.002974082991077709,0.006217394411491384,0.05944319036869827,-0.011721765985821642
LINK,LINK/USDT:USDT,2026-02-24 13:00:00+00:00,short_compression_breakdown,short,8.093,8.342414543102565,0.030818552218283134,False,True,0.027678240454713975,1.3942617685385748,0.5252525252525202,0.38383838383838564,-0.01616824702163877,-0.08913899831176142,-0.08377674629231291,0.0053416149068321594,-0.09847387768742344
LINK,LINK/USDT:USDT,2026-02-24 13:00:00+00:00,short_pullback_restart,short,8.093,8.342414543102565,0.030818552218283134,False,True,0.027678240454713975,1.3942617685385748,0.5252525252525202,0.38383838383838564,-0.01616824702163877,-0.08913899831176142,-0.08377674629231291,0.0053416149068321594,-0.09847387768742344
NEAR,NEAR/USDT:USDT,2026-02-24 13:00:00+00:00,short_compression_breakdown,short,0.964,0.9941838420498723,0.031311039470821936,False,True,0.028008298755186747,1.7040745507229147,0.5,0.14285714285714285,-0.012295081967213073,-0.099906629318394,-0.13309352517985618,0.013669821240799074,-0.11802378774016464
NEAR,NEAR/USDT:USDT,2026-02-24 13:00:00+00:00,short_pullback_restart,short,0.964,0.9941838420498723,0.031311039470821936,False,True,0.028008298755186747,1.7040745507229147,0.5,0.14285714285714285,-0.012295081967213073,-0.099906629318394,-0.13309352517985618,0.013669821240799074,-0.11802378774016464
XRP,XRP/USDT:USDT,2026-03-06 12:00:00+00:00,short_compression_breakdown,short,1.3882,1.416476414403299,0.02036912145461675,False,True,0.016784325025212415,1.8120967091750806,0.4833333333333167,0.3833333333333463,0.02269043760129663,0.018264505244627083,0.02525849335302799,0.03257958940791439,-0.00594343000358033
ZEC,ZEC/USDT:USDT,2026-03-06 12:00:00+00:00,short_compression_breakdown,short,221.24,230.2765513342673,0.04084501597481152,False,True,0.033357439884288534,1.792960531263067,0.6300940438871393,0.25705329153605483,0.051820861462394285,0.06069613577524202,0.06570327552986521,0.07832529122191367,-0.0025697669176322213
ZEC,ZEC/USDT:USDT,2026-03-06 12:00:00+00:00,short_pullback_restart,short,221.24,230.2765513342673,0.04084501597481152,False,True,0.033357439884288534,1.792960531263067,0.6300940438871393,0.25705329153605483,0.051820861462394285,0.06069613577524202,0.06570327552986521,0.07832529122191367,-0.0025697669176322213
XRP,XRP/USDT:USDT,2026-03-06 13:00:00+00:00,short_compression_breakdown,short,1.3715,1.416463813374492,0.03278440639773392,False,True,0.022092599343784176,3.2050250330999894,0.6498054474708219,0.027237354085600053,0.0067532848858546934,0.006975036710719307,0.0031451141018139506,0.020157691163344094,-0.0019647795080774966
LINK,LINK/USDT:USDT,2026-03-07 18:00:00+00:00,short_pullback_restart,short,8.708,8.83313240709355,0.014369821668988363,False,True,0.011139182361047259,2.1931183878185116,0.6704545454545299,0.31818181818182,0.00542662510102776,0.02003045566358197,-0.028233456087490283,0.024952919020715614,-0.0074090960902769565
BTC,BTC/USDT:USDT,2026-03-07 19:00:00+00:00,short_pullback_restart,short,67042.6,68290.61277292226,0.01861522036618894,False,True,0.012165399313272542,2.7081473128012172,0.7103157282118513,0.2800814782482224,-0.003325587998745272,-0.0038098634452219393,-0.04231971339271923,0.008038130751187866,-0.016561148630808153
ETH,ETH/USDT:USDT,2026-03-07 19:00:00+00:00,short_pullback_restart,short,1954.01,1996.605261399307,0.021798896320544416,False,True,0.015040864683394595,2.745601477885675,0.6951323654995697,0.3048676345004303,-0.007133965092350314,-0.0046811328443358,-0.0401947107827727,0.016199827340524164,-0.01264255721237173
LINK,LINK/USDT:USDT,2026-03-07 19:00:00+00:00,short_pullback_restart,short,8.655,8.833451520872584,0.020618315525428654,False,True,0.016175621028307403,2.3788099914000997,0.6883116883116994,0.25974025974025433,-0.004027617951668616,0.0018520662113670205,-0.03479424556707944,0.018714689265536544,-0.013450359056195182
SOL,SOL/USDT:USDT,2026-03-07 19:00:00+00:00,short_compression_breakdown,short,82.47,85.0049657974329,0.030738035618199388,False,True,0.024493755304959505,2.5834899507647804,0.7747747747747746,0.22522522522522534,-0.00554684673821304,0.0003639010189229186,-0.04071187623589623,0.016767352977438144,-0.019031759248245406
SOL,SOL/USDT:USDT,2026-03-07 19:00:00+00:00,short_pullback_restart,short,82.47,85.0049657974329,0.030738035618199388,False,True,0.024493755304959505,2.5834899507647804,0.7747747747747746,0.22522522522522534,-0.00554684673821304,0.0003639010189229186,-0.04071187623589623,0.016767352977438144,-0.019031759248245406
SUI,SUI/USDT:USDT,2026-03-07 19:00:00+00:00,short_pullback_restart,short,0.8905,0.9152602546331415,0.027804890098979875,False,True,0.022459292532285253,1.7863499502527083,0.7043478260869521,0.28695652173912617,-0.0003367759317468577,-0.0010096477451200236,-0.07316819317235645,0.01981218506642235,-0.021751071075469697
LINK,LINK/USDT:USDT,2026-03-08 02:00:00+00:00,short_pullback_restart,short,8.593,8.817472394181577,0.02612270384982855,False,True,0.019783544745723254,1.8705611986251194,0.8275862068965549,0.16379310344827744,-0.004518072289156572,-0.0013945380592679246,-0.041815343443354136,0.024683997138087443,-0.0205174968653824
SUI,SUI/USDT:USDT,2026-03-08 02:00:00+00:00,short_pullback_restart,short,0.8786,0.9077954980972078,0.033229567604379444,False,True,0.02287730480309584,3.282396130862997,0.7530864197530861,0.24074074074074175,-0.018214325622974648,-0.012254075323215208,-0.07574163686092994,0.016427579824155547,-0.03482368449961548
NEAR,NEAR/USDT:USDT,2026-03-15 01:00:00+00:00,long_pullback_restart,long,1.344,1.2958064466484098,0.03585829862469513,True,False,0.021577380952380886,2.215222667331268,0.7741935483870995,0.9032258064516161,-0.00520833333333337,0.015625,0.078125,0.024553571428571397,-0.014880952380952439
NEAR,NEAR/USDT:USDT,2026-03-16 01:00:00+00:00,long_pullback_restart,long,1.365,1.320845967691764,0.03234727641629003,True,False,0.027838827838827865,1.247723094859411,0.5789473684210502,0.7894736842105251,0.02051282051282044,0.07912087912087928,0.00879120879120876,0.10549450549450534,-0.00805860805860803
TRX,TRX/USDT:USDT,2026-03-17 07:00:00+00:00,long_pullback_restart,long,0.2987,0.29473799130832556,0.013264173725056767,True,False,0.007800468697689985,2.2880461636269516,0.9069767441860502,0.9127906976744282,0.012387010378305918,0.009943086709072624,0.01811181787746885,0.03548711081352529,0.0
ADA,ADA/USDT:USDT,2026-03-20 13:00:00+00:00,short_pullback_restart,short,0.2658,0.2733992661893149,0.028590166250244343,False,True,0.0237020316027087,1.888333650320144,0.38709677419356053,0.12903225806450228,0.007199696854869098,0.006056018168054456,0.009878419452887588,0.01644359464627132,-0.0067264573991032695
ADA,ADA/USDT:USDT,2026-03-21 14:00:00+00:00,short_pullback_restart,short,0.2631,0.267430586196289,0.016459848712615015,False,True,0.013302926643861662,2.541986870866932,0.4,0.07999999999999112,-0.010530274539300555,0.030148786217697676,0.0076599004212944966,0.04404761904761911,-0.011645379413974477
ZEC,ZEC/USDT:USDT,2026-03-21 22:00:00+00:00,short_pullback_restart,short,228.36,235.7501175522068,0.03236169886235238,False,True,0.020187423366614176,2.0337301462632738,0.6649874055415584,0.33501259445844156,0.034051802209744686,0.0457480423135046,-0.046234807668211975,0.06980230488147665,-4.378858869369395e-05
BNB,BNB/USDT:USDT,2026-03-21 23:00:00+00:00,short_pullback_restart,short,630.29,646.7412352361108,0.02610105703106641,False,True,0.009233844738136493,9.79026523408751,0.7998652291105168,0.20013477088948314,-0.004894298931148344,0.006724380270891839,-0.01256442794253576,0.014045305360705251,-0.01132531254411695
LINK,LINK/USDT:USDT,2026-03-21 23:00:00+00:00,short_pullback_restart,short,8.819,9.149108753526344,0.03743154025698409,False,True,0.011565937181086325,8.220561475570433,0.8057324840764277,0.19426751592357233,-0.007986501687289094,0.015428900402993717,-0.046182132814189925,0.02917493289765427,-0.016614629794825975
SUI,SUI/USDT:USDT,2026-03-21 23:00:00+00:00,short_pullback_restart,short,0.9323,0.9690559038101973,0.039424974589936,False,True,0.01147699238442554,8.852157863615878,0.7746478873239433,0.22253521126760628,-0.005016008537886862,0.030393457117595002,-0.02089897080445291,0.04412588195766598,-0.014690340308602834
XRP,XRP/USDT:USDT,2026-03-21 23:00:00+00:00,short_pullback_restart,short,1.4081,1.447442905969009,0.027940420402676754,False,True,0.00923229884241169,7.910666208894783,0.7587939698492453,0.22613065326632875,-0.002055279943302679,0.017339787587601796,-0.004946646880079175,0.027285328664186093,-0.01234481307427937
LINK,LINK/USDT:USDT,2026-03-22 19:00:00+00:00,short_compression_breakdown,short,8.703,8.911512567949885,0.023958700212557183,False,True,0.021486843617143446,1.3347910343815828,0.7160493827160516,0.2592592592592487,0.0021879318286504024,-0.04593290944968209,-0.06879948641129907,0.015637764033142654,-0.06278268360973516
LINK,LINK/USDT:USDT,2026-03-22 19:00:00+00:00,short_pullback_restart,short,8.703,8.911512567949885,0.023958700212557183,False,True,0.021486843617143446,1.3347910343815828,0.7160493827160516,0.2592592592592487,0.0021879318286504024,-0.04593290944968209,-0.06879948641129907,0.015637764033142654,-0.06278268360973516
XRP,XRP/USDT:USDT,2026-03-24 16:00:00+00:00,short_compression_breakdown,short,1.39,1.4353150551743703,0.03260075911825209,False,True,0.02748201438848922,1.563647866176043,0.6688741721854253,0.12582781456953632,-0.0144639818491209,-0.017528979361040586,0.04542719614921786,0.00535223491971637,-0.032841636515446804
XRP,XRP/USDT:USDT,2026-03-24 16:00:00+00:00,short_pullback_restart,short,1.39,1.4353150551743703,0.03260075911825209,False,True,0.02748201438848922,1.563647866176043,0.6688741721854253,0.12582781456953632,-0.0144639818491209,-0.017528979361040586,0.04542719614921786,0.00535223491971637,-0.032841636515446804
XRP,XRP/USDT:USDT,2026-03-26 05:00:00+00:00,short_pullback_restart,short,1.388,1.4236563297869942,0.025688998405615483,False,True,0.01902017291066281,1.2230332474677608,0.8888888888888873,0.06535947712417542,0.012769062385990404,0.019538710151314698,0.041494709987243805,0.0397782605438608,-0.0030168079298952266
ADA,ADA/USDT:USDT,2026-03-27 08:00:00+00:00,short_compression_breakdown,short,0.2521,0.2578055176443101,0.022631962095637045,False,True,0.019833399444664834,2.085459270682622,0.49019607843137364,0.39215686274509887,0.018585858585858483,0.01694231544977809,0.006789137380191601,0.03362033620336202,0.0
ADA,ADA/USDT:USDT,2026-03-27 08:00:00+00:00,short_pullback_restart,short,0.2521,0.2578055176443101,0.022631962095637045,False,True,0.019833399444664834,2.085459270682622,0.49019607843137364,0.39215686274509887,0.018585858585858483,0.01694231544977809,0.006789137380191601,0.03362033620336202,0.0
BTC,BTC/USDT:USDT,2026-03-27 08:00:00+00:00,short_compression_breakdown,short,67876.6,69558.41066052092,0.024777473540526743,False,True,0.017817627871755636,2.4195587160704792,0.5898669685819422,0.2987074252288023,0.025904323735276957,0.022624516195128175,0.003586953307508134,0.03626814857788441,-0.0005227345347883494
BTC,BTC/USDT:USDT,2026-03-27 08:00:00+00:00,short_pullback_restart,short,67876.6,69558.41066052092,0.024777473540526743,False,True,0.017817627871755636,2.4195587160704792,0.5898669685819422,0.2987074252288023,0.025904323735276957,0.022624516195128175,0.003586953307508134,0.03626814857788441,-0.0005227345347883494
ADA,ADA/USDT:USDT,2026-03-27 10:00:00+00:00,short_compression_breakdown,short,0.2459,0.25645159429534903,0.04291010286843847,False,True,0.025620170801138674,4.103457365615613,0.7777777777777802,0.12698412698412623,-0.004453441295546479,-0.009266720386784888,-0.012053033346725583,0.00820008200082012,-0.015612489991993495
ADA,ADA/USDT:USDT,2026-03-27 10:00:00+00:00,short_pullback_restart,short,0.2459,0.25645159429534903,0.04291010286843847,False,True,0.025620170801138674,4.103457365615613,0.7777777777777802,0.12698412698412623,-0.004453441295546479,-0.009266720386784888,-0.012053033346725583,0.00820008200082012,-0.015612489991993495
DOGE,DOGE/USDT:USDT,2026-03-27 10:00:00+00:00,short_pullback_restart,short,0.08955,0.09281446697611724,0.03645412591979046,False,True,0.019542155220547197,3.912004090846272,0.7741935483870949,0.17204301075268857,-0.005331556147950667,-0.016906356350861795,-0.0341889559965487,0.004148912312177622,-0.02789839339991307
ETH,ETH/USDT:USDT,2026-03-27 10:00:00+00:00,short_pullback_restart,short,1989.7,2080.0241827963537,0.04539588018110952,False,True,0.022279740664421736,4.02566398872407,0.8048741382074708,0.13387846721180247,0.0019185352663038113,-0.0029964723803415083,-0.032764571484128036,0.011951988607466157,-0.009833487603634783
ZEC,ZEC/USDT:USDT,2026-03-28 01:00:00+00:00,short_pullback_restart,short,210.83,220.12365087708343,0.04408125445659262,False,True,0.030213916425556157,2.2960726340394952,0.6373429084380587,0.36086175942549764,-0.04549981890619337,-0.014997196785647482,-0.08014834205933674,0.0008544979824354204,-0.05749027672224949
NEAR,NEAR/USDT:USDT,2026-03-29 10:00:00+00:00,short_pullback_restart,short,1.158,1.1827216778550056,0.021348599183942725,False,True,0.01813471502590685,1.5241511923311966,0.4,0.4,0.006081668114682692,-0.03338898163606008,-0.038205980066445266,0.025686448184233823,-0.05392156862745101
BNB,BNB/USDT:USDT,2026-03-29 13:00:00+00:00,short_pullback_restart,short,610.06,615.5325066247362,0.008970439997272888,False,True,0.006917352391568088,1.7683735612633973,0.8537414965986923,0.11224489795916118,0.001707661488949297,-0.011360137423631178,-0.002110084239797305,0.023573429976007088,-0.018801769199839224
ETH,ETH/USDT:USDT,2026-03-29 13:00:00+00:00,short_pullback_restart,short,1986.12,2021.2079599068888,0.017666586060705775,False,True,0.014399935552735943,3.0184675625714985,0.7690677966101854,0.20709745762711224,-0.004471088298981463,-0.03584535622050922,-0.06252301069584343,0.02560236297726859,-0.04833276632854011
LINK,LINK/USDT:USDT,2026-03-29 13:00:00+00:00,short_pullback_restart,short,8.427,8.604850372658037,0.021104826469447866,False,True,0.017206597840275256,1.6731652337538285,0.7159090909090899,0.2613636363636299,0.0015450439743285305,-0.04704285875834002,-0.05833053972510893,0.029692082111437035,-0.056009857734961366
XRP,XRP/USDT:USDT,2026-03-29 13:00:00+00:00,short_pullback_restart,short,1.3259,1.3438030344918805,0.013502552599653416,False,True,0.011388490836413087,1.8707058297247243,0.7884615384615397,0.19230769230769312,0.0066813453800016465,-0.0144205753363561,-0.015152640570452292,0.024889850815490444,-0.029568908731610888
BNB,BNB/USDT:USDT,2026-04-01 13:00:00+00:00,short_pullback_restart,short,611.35,623.408193123265,0.019723878503745854,False,True,0.014754232436411191,1.5912285286221675,0.5524372230428388,0.1683899556868522,-0.00468879735603922,0.06579383204616374,0.03558966019581944,0.07120954600410023,-0.013919803864640756
BNB,BNB/USDT:USDT,2026-04-02 01:00:00+00:00,short_pullback_restart,short,604.52,620.7266242559339,0.0268090787003472,False,True,0.017137563686892104,3.249005018575152,0.8440860215053767,0.15591397849462332,0.021045164341451983,0.03389772532922852,0.020769308702846878,0.05924199681098963,-4.962368703986808e-05
NEAR,NEAR/USDT:USDT,2026-04-02 01:00:00+00:00,short_pullback_restart,short,1.17,1.2205192661788455,0.04317885998191933,False,True,0.029914529914529846,3.0958419089547307,0.8,0.2,0.005154639175257714,0.0068846815834768815,-0.07069102462271637,0.02811950790861162,-0.000853970964987294
XRP,XRP/USDT:USDT,2026-04-02 01:00:00+00:00,short_pullback_restart,short,1.3275,1.3698643243577049,0.03191286203970244,False,True,0.019962335216572483,4.033592526440587,0.8200000000000015,0.17714285714285594,0.008202323991797655,0.011043412033511002,0.011736910296471281,0.03783910562113979,-0.0013540961408260443
XRP,XRP/USDT:USDT,2026-04-05 05:00:00+00:00,short_pullback_restart,short,1.2998,1.3230229994361415,0.017866594426943744,False,True,0.010540083089706142,2.7946607544876723,0.8174603174603048,0.07142857142858024,0.0014639032282919295,-0.029710361301880983,-0.06097384770986858,0.017854346123727716,-0.03618567403232975
ZEC,ZEC/USDT:USDT,2026-04-06 00:00:00+00:00,long_pullback_restart,long,247.82,235.98027505146177,0.04777550217310233,True,False,0.03482366233556612,2.087914023428967,0.6659038901601859,0.6773455377574361,0.018198692599467492,0.02029698975062555,0.29739326930836896,0.0528205955935761,-0.004519409248648243
TAO,TAO/USDT:USDT,2026-04-09 14:00:00+00:00,long_pullback_restart,long,332.78,316.99768574112494,0.047425669387808865,True,False,0.03434701604663744,2.737461700518444,0.6440129449838169,0.7411003236245913,0.014303744215397707,-0.18871326401827015,-0.22396177654907135,0.024550754252058438,-0.25271951439389373
BTC,BTC/USDT:USDT,2026-04-10 14:00:00+00:00,long_compression_breakout,long,72870.6,71289.9149722731,0.021691670272056374,True,False,0.014892151292839596,3.87912814205891,0.6418334974291842,0.7228968384203142,0.00603672811806133,-0.0028777037653047177,-0.007182594901098738,0.007951080408285183,-0.007699950322901272
BTC,BTC/USDT:USDT,2026-04-10 14:00:00+00:00,long_pullback_restart,long,72870.6,71289.9149722731,0.021691670272056374,True,False,0.014892151292839596,3.87912814205891,0.6418334974291842,0.7228968384203142,0.00603672811806133,-0.0028777037653047177,-0.007182594901098738,0.007951080408285183,-0.007699950322901272
ETH,ETH/USDT:USDT,2026-04-10 14:00:00+00:00,long_compression_breakout,long,2241.17,2171.599649567104,0.03104197826710881,True,False,0.023469884033785884,3.5096968765229795,0.5693877551020512,0.6553935860058366,0.005742536264540243,-0.00014278256446420556,-0.0036944988555085434,0.007308682518506027,-0.009847534992883267
ETH,ETH/USDT:USDT,2026-04-10 14:00:00+00:00,long_pullback_restart,long,2241.17,2171.599649567104,0.03104197826710881,True,False,0.023469884033785884,3.5096968765229795,0.5693877551020512,0.6553935860058366,0.005742536264540243,-0.00014278256446420556,-0.0036944988555085434,0.007308682518506027,-0.009847534992883267
NEAR,NEAR/USDT:USDT,2026-04-11 15:00:00+00:00,long_pullback_restart,long,1.366,1.3264648558227605,0.028942272457715648,True,False,0.023426061493411438,1.3533520223274247,0.8421052631578997,0.8421052631578997,0.029282576866764165,-0.02342606149341142,0.012445095168374776,0.042459736456808006,-0.031478770131771694
ADA,ADA/USDT:USDT,2026-04-12 23:00:00+00:00,short_compression_breakdown,short,0.2359,0.24130028208308754,0.022892251306009085,False,True,0.01949978804578208,1.3393586070165195,0.6538461538461587,0.3076923076923069,-0.008406893652795344,-0.051086082059533355,-0.041056910569105654,0.0008485362749257597,-0.052610441767068306
ADA,ADA/USDT:USDT,2026-04-12 23:00:00+00:00,short_pullback_restart,short,0.2359,0.24130028208308754,0.022892251306009085,False,True,0.01949978804578208,1.3393586070165195,0.6538461538461587,0.3076923076923069,-0.008406893652795344,-0.051086082059533355,-0.041056910569105654,0.0008485362749257597,-0.052610441767068306
NEAR,NEAR/USDT:USDT,2026-04-13 01:00:00+00:00,long_pullback_restart,long,1.384,1.326950812297726,0.04122051134557359,True,False,0.03106936416184966,1.6025215203874301,0.879999999999995,0.879999999999995,0.0007225433526012459,0.020231213872832443,0.01734104046242768,0.027456647398844014,-0.026011560693641522
NEAR,NEAR/USDT:USDT,2026-04-13 13:00:00+00:00,long_compression_breakout,long,1.398,1.3442942193385459,0.03841615211835053,True,False,0.033619456366237435,2.076703718171199,0.513513513513512,0.7027027027026989,0.006437768240343367,-0.0021459227467810482,-0.012875536480686733,0.028612303290414864,-0.022174535050071498
NEAR,NEAR/USDT:USDT,2026-04-13 13:00:00+00:00,long_pullback_restart,long,1.398,1.3442942193385459,0.03841615211835053,True,False,0.033619456366237435,2.076703718171199,0.513513513513512,0.7027027027026989,0.006437768240343367,-0.0021459227467810482,-0.012875536480686733,0.028612303290414864,-0.022174535050071498
NEAR,NEAR/USDT:USDT,2026-04-13 23:00:00+00:00,long_pullback_restart,long,1.417,1.3580637583781505,0.04159226649389521,True,False,0.03740296400846855,1.3991116642580261,0.458333333333338,0.8750000000000047,-0.007762879322512406,-0.040931545518701484,0.009880028228652193,0.014820042342978068,-0.047282992237120625
BTC,BTC/USDT:USDT,2026-04-14 13:00:00+00:00,long_compression_breakout,long,75471.2,73863.5849995797,0.02130103934242855,True,False,0.012628658349145182,2.6321286812750784,0.9432021466905188,0.9885509838998185,-0.017156213231007356,-0.01928417727556997,0.024156234431147228,0.0071258970309204805,-0.026794326842557115
BTC,BTC/USDT:USDT,2026-04-14 13:00:00+00:00,long_pullback_restart,long,75471.2,73863.5849995797,0.02130103934242855,True,False,0.012628658349145182,2.6321286812750784,0.9432021466905188,0.9885509838998185,-0.017156213231007356,-0.01928417727556997,0.024156234431147228,0.0071258970309204805,-0.026794326842557115
LINK,LINK/USDT:USDT,2026-04-15 14:00:00+00:00,long_pullback_restart,long,9.203,8.973248370527612,0.024964862487491836,True,False,0.02086276214277955,1.4717146358403739,0.7380952380952185,0.9523809523809372,0.008149516462023332,0.002933825926328515,0.021732043898728737,0.024883190264044508,-0.0088014777789851
BTC,BTC/USDT:USDT,2026-04-15 19:00:00+00:00,long_pullback_restart,long,74957.8,73352.98459601922,0.02140958517967156,True,False,0.01366769035377239,2.3837242129636285,0.6558560499946055,0.6959379377222332,-0.004602589723817885,0.004690639266360375,0.00862351883326351,0.006240844848701466,-0.02269276846438928
ETH,ETH/USDT:USDT,2026-04-15 19:00:00+00:00,long_pullback_restart,long,2373.7,2302.947680831824,0.02980676545821955,True,False,0.021923579222311147,2.389092331515773,0.5783048482734525,0.6173700732472889,-0.009622108943842855,-0.006449846231621481,-0.011231410877532877,0.002611956018031103,-0.038336773813034464
SUI,SUI/USDT:USDT,2026-04-17 12:00:00+00:00,long_pullback_restart,long,1.0098,0.9710736086644624,0.038350555887836875,True,False,0.03129332541097254,1.876605836991711,0.6346153846153835,0.9038461538461505,0.0033670033670034627,-0.04129530600118847,-0.06456724103782929,0.03267973856209139,-0.05248564072093487
LINK,LINK/USDT:USDT,2026-04-17 13:00:00+00:00,long_pullback_restart,long,9.785,9.312754319126284,0.04826220550574509,True,False,0.031170158405723018,3.1228210169590342,0.8018433179723525,0.9216589861751172,-0.012263668880940326,-0.04241185487991839,-0.05559529892692905,0.00817577925396007,-0.048952478283086465
XRP,XRP/USDT:USDT,2026-04-17 13:00:00+00:00,long_compression_breakout,long,1.4864,1.418989730490367,0.045351365385921036,True,False,0.026103336921420847,4.129094937525931,0.7883008356545999,0.8830083565459609,6.727664155015134e-05,-0.03377287405812701,-0.041980624327233595,0.015339074273412301,-0.04224973089343376
XRP,XRP/USDT:USDT,2026-04-17 13:00:00+00:00,long_pullback_restart,long,1.4864,1.418989730490367,0.045351365385921036,True,False,0.026103336921420847,4.129094937525931,0.7883008356545999,0.8830083565459609,6.727664155015134e-05,-0.03377287405812701,-0.041980624327233595,0.015339074273412301,-0.04224973089343376
LINK,LINK/USDT:USDT,2026-04-22 02:00:00+00:00,long_pullback_restart,long,9.508,9.216322028323884,0.030677111030302434,True,False,0.025452250736222037,1.9363662825917378,0.7793103448275853,0.8827586206896463,-0.0005258729490953407,-0.03302482120319716,-0.010307109802271675,0.005048380311316825,-0.03649558266722752
NEAR,NEAR/USDT:USDT,2026-04-24 11:00:00+00:00,long_compression_breakout,long,1.42,1.3927630884915343,0.019180923597511012,True,False,0.014788732394366132,1.2524352478744265,0.545454545454551,0.6363636363636327,-0.004929577464788615,-0.011971830985915477,-0.03028169014084503,0.008450704225352101,-0.015492957746478853
NEAR,NEAR/USDT:USDT,2026-04-24 11:00:00+00:00,long_pullback_restart,long,1.42,1.3927630884915343,0.019180923597511012,True,False,0.014788732394366132,1.2524352478744265,0.545454545454551,0.6363636363636327,-0.004929577464788615,-0.011971830985915477,-0.03028169014084503,0.008450704225352101,-0.015492957746478853
NEAR,NEAR/USDT:USDT,2026-04-24 15:00:00+00:00,long_pullback_restart,long,1.426,1.3927622076844728,0.023308409758434186,True,False,0.020336605890603026,1.2332868211419243,0.6363636363636364,0.9545454545454495,-0.012622720897615736,-0.018232819074333828,-0.05610098176718081,0.004207573632538653,-0.01963534361851338
BTC,BTC/USDT:USDT,2026-04-26 04:00:00+00:00,long_pullback_restart,long,77727.0,77058.3864096608,0.008602076374222584,True,False,0.006634760121965302,1.8699292991455723,0.8611491108070954,0.8860009119927056,0.0030156830959640057,0.014867420587440838,-0.006468794627349617,0.02223165695318219,-0.0007217569184454486
DOGE,DOGE/USDT:USDT,2026-04-26 11:00:00+00:00,long_pullback_restart,long,0.09898,0.0973139024957503,0.01683266825873614,True,False,0.013032935946655885,1.7479521344352742,0.5901639344262287,0.7049180327868856,-0.0018185492018589766,-0.005455647605576819,0.10779955546575071,0.01879167508587587,-0.014649424126086052
SOL,SOL/USDT:USDT,2026-04-27 01:00:00+00:00,long_pullback_restart,long,87.79,85.81671721588431,0.022477307029453195,True,False,0.017086228499829135,2.641202646033665,0.7619047619047565,0.9206349206349264,-0.029388313019706236,-0.03907050916960941,-0.04647454151953534,0.0033033375099669193,-0.048183164369518194
DOGE,DOGE/USDT:USDT,2026-04-29 03:00:00+00:00,long_pullback_restart,long,0.10132,0.09853517741163673,0.02748541836126399,True,False,0.016087643110935575,3.0579995849843224,0.9032258064516062,0.9290322580645083,0.07994472956968024,0.05359257797078576,0.06691669956573243,0.10540860639557836,-0.004145282273983364
DOGE,DOGE/USDT:USDT,2026-05-01 01:00:00+00:00,long_pullback_restart,long,0.10897,0.1050865628007622,0.035637672746974366,True,False,0.023309167660824085,2.0185101560339156,0.7923497267759532,0.8251366120218573,-0.00724970175277595,-0.0034871983114618255,0.032302468569331166,0.014040561622465031,-0.016243002661282868
ZEC,ZEC/USDT:USDT,2026-05-01 15:00:00+00:00,long_pullback_restart,long,359.77,343.28629606014357,0.0458173386882075,True,False,0.025849848514328633,2.79990506319322,0.9530271398747345,0.9780793319415412,0.07048947938961003,0.041637712983294994,0.1577396670094784,0.09292047697139849,-0.0037246018289461835
ZEC,ZEC/USDT:USDT,2026-05-02 20:00:00+00:00,long_pullback_restart,long,388.87,369.9949433638036,0.04853821749221181,True,False,0.0358731709825907,1.715340068998665,0.7140845070422502,0.8183098591549273,-0.01805230539769065,0.043330676061408724,0.2561010106205157,0.04965669761102687,-0.0260498367063543
XRP,XRP/USDT:USDT,2026-05-05 12:00:00+00:00,long_pullback_restart,long,1.4121,1.388070589018472,0.017016791290650805,True,False,0.01416330288223215,1.22849615500077,0.6315789473684057,0.8289473684210434,-0.0019120458891013214,0.02301536718362729,,0.03165498194178906,-0.005877770696126272
DOGE,DOGE/USDT:USDT,2026-05-05 17:00:00+00:00,long_pullback_restart,long,0.11364,0.11050290666722205,0.027605537951231534,True,False,0.019447377683914146,3.8214539053371768,0.5588235294117657,0.6029411764705925,0.010031678986272441,-0.0050158394931362205,,0.03159098908834923,-0.021647307286166928
BTC,BTC/USDT:USDT,2026-05-06 08:00:00+00:00,long_pullback_restart,long,81903.6,80566.97215555719,0.01631952495913265,True,False,0.01335960812467336,1.7800955525950874,0.8574436090225739,0.9377443609022644,-0.005274493428860216,,,0.011294985812589253,-0.011940867068114258
LINK,LINK/USDT:USDT,2026-05-06 08:00:00+00:00,long_compression_breakout,long,10.083,9.704964618044093,0.03749235167667435,True,False,0.019637012793811227,2.793530794721029,0.9466666666666724,0.9866666666666661,-0.011504512545869261,,,0.016265000495884196,-0.020727957949023046
LINK,LINK/USDT:USDT,2026-05-06 08:00:00+00:00,long_pullback_restart,long,10.083,9.704964618044093,0.03749235167667435,True,False,0.019637012793811227,2.793530794721029,0.9466666666666724,0.9866666666666661,-0.011504512545869261,,,0.016265000495884196,-0.020727957949023046
ETH,ETH/USDT:USDT,2026-05-06 09:00:00+00:00,long_pullback_restart,long,2411.55,2349.23981780623,0.02583822943491542,True,False,0.018067218179179244,4.539967252530719,0.5202195262853921,0.816580011554017,-0.022321743277145534,,,0.004548941552113606,-0.03495677054176782
TRX,TRX/USDT:USDT,2026-05-06 16:00:00+00:00,long_pullback_restart,long,0.34649,0.34144964135342254,0.014546909424738031,True,False,0.010274466795578537,1.7820588785923206,0.7429718875502105,0.8393574297188927,-0.0016162082599786576,,,0.0025974775606798506,-0.003318999105313414
